Date,FilingDate,FilingID,Company,Shares,Value,Form,Source,ParserMethod,DateQuality
1999-09-30,2000-06-30,2000-06-30_0000912057-00-030669_a485bpos.txt,Microsoft Corporation,3347177,303128717,485BPOS,SEC,repeated-schedule-pages,reported-as-of
1999-09-30,2000-06-30,2000-06-30_0000912057-00-030669_a485bpos.txt,Intel Corporation,2231651,165839565,485BPOS,SEC,repeated-schedule-pages,reported-as-of
1999-09-30,2000-06-30,2000-06-30_0000912057-00-030669_a485bpos.txt,"Cisco Systems, Inc",2228508,152792080,485BPOS,SEC,repeated-schedule-pages,reported-as-of
1999-09-30,2000-06-30,2000-06-30_0000912057-00-030669_a485bpos.txt,"MCI WorldCom, Inc",1283954,92284194,485BPOS,SEC,repeated-schedule-pages,reported-as-of
1999-09-30,2000-06-30,2000-06-30_0000912057-00-030669_a485bpos.txt,Dell Computer Corporation,1781207,74476718,485BPOS,SEC,repeated-schedule-pages,reported-as-of
1999-09-30,2000-06-30,2000-06-30_0000912057-00-030669_a485bpos.txt,QUALCOMM Incorporated,368970,69804512,485BPOS,SEC,repeated-schedule-pages,reported-as-of
1999-09-30,2000-06-30,2000-06-30_0000912057-00-030669_a485bpos.txt,"Sun Microsystems, Inc",641303,59641179,485BPOS,SEC,repeated-schedule-pages,reported-as-of
1999-09-30,2000-06-30,2000-06-30_0000912057-00-030669_a485bpos.txt,"Nextel Communications, Inc",770019,52216913,485BPOS,SEC,repeated-schedule-pages,reported-as-of
1999-09-30,2000-06-30,2000-06-30_0000912057-00-030669_a485bpos.txt,Oracle Corporation,1126276,51245558,485BPOS,SEC,repeated-schedule-pages,reported-as-of
1999-09-30,2000-06-30,2000-06-30_0000912057-00-030669_a485bpos.txt,Yahoo! Inc,237245,42585477,485BPOS,SEC,repeated-schedule-pages,reported-as-of
1999-09-30,2000-06-30,2000-06-30_0000912057-00-030669_a485bpos.txt,Amgen Inc,452923,36913225,485BPOS,SEC,repeated-schedule-pages,reported-as-of
1999-09-30,2000-06-30,2000-06-30_0000912057-00-030669_a485bpos.txt,"Amazon.com, Inc",427567,34178637,485BPOS,SEC,repeated-schedule-pages,reported-as-of
1999-09-30,2000-06-30,2000-06-30_0000912057-00-030669_a485bpos.txt,"Applied Materials, Inc",369979,28742744,485BPOS,SEC,repeated-schedule-pages,reported-as-of
1999-09-30,2000-06-30,2000-06-30_0000912057-00-030669_a485bpos.txt,JDS Uniphase Corporation,248181,28246100,485BPOS,SEC,repeated-schedule-pages,reported-as-of
1999-09-30,2000-06-30,2000-06-30_0000912057-00-030669_a485bpos.txt,"Biogen, Inc",351942,27737429,485BPOS,SEC,repeated-schedule-pages,reported-as-of
1999-09-30,2000-06-30,2000-06-30_0000912057-00-030669_a485bpos.txt,"Apple Computer, Inc",427589,27071729,485BPOS,SEC,repeated-schedule-pages,reported-as-of
1999-09-30,2000-06-30,2000-06-30_0000912057-00-030669_a485bpos.txt,Comcast Corporation,662348,26411126,485BPOS,SEC,repeated-schedule-pages,reported-as-of
1999-09-30,2000-06-30,2000-06-30_0000912057-00-030669_a485bpos.txt,"Xilinx, Inc",399557,26183470,485BPOS,SEC,repeated-schedule-pages,reported-as-of
1999-09-30,2000-06-30,2000-06-30_0000912057-00-030669_a485bpos.txt,VERITAS Software Corporation,330190,25073803,485BPOS,SEC,repeated-schedule-pages,reported-as-of
1999-09-30,2000-06-30,2000-06-30_0000912057-00-030669_a485bpos.txt,"BMC Software, Inc",347143,24842421,485BPOS,SEC,repeated-schedule-pages,reported-as-of
1999-09-30,2000-06-30,2000-06-30_0000912057-00-030669_a485bpos.txt,"CMGI, Inc",237829,24377472,485BPOS,SEC,repeated-schedule-pages,reported-as-of
1999-09-30,2000-06-30,2000-06-30_0000912057-00-030669_a485bpos.txt,"Tellabs, Inc",426037,24257482,485BPOS,SEC,repeated-schedule-pages,reported-as-of
1999-09-30,2000-06-30,2000-06-30_0000912057-00-030669_a485bpos.txt,"Level 3 Communications, Inc",449863,23491284,485BPOS,SEC,repeated-schedule-pages,reported-as-of
1999-09-30,2000-06-30,2000-06-30_0000912057-00-030669_a485bpos.txt,Altera Corporation,533008,23119222,485BPOS,SEC,repeated-schedule-pages,reported-as-of
1999-09-30,2000-06-30,2000-06-30_0000912057-00-030669_a485bpos.txt,Linear Technology Corporation,389788,22912226,485BPOS,SEC,repeated-schedule-pages,reported-as-of
1999-09-30,2000-06-30,2000-06-30_0000912057-00-030669_a485bpos.txt,"Maxim Integrated Products, Inc",360199,22726306,485BPOS,SEC,repeated-schedule-pages,reported-as-of
1999-09-30,2000-06-30,2000-06-30_0000912057-00-030669_a485bpos.txt,Global Crossings Ltd,851311,22559741,485BPOS,SEC,repeated-schedule-pages,reported-as-of
1999-09-30,2000-06-30,2000-06-30_0000912057-00-030669_a485bpos.txt,Qwest Communications International Inc,744339,22004522,485BPOS,SEC,repeated-schedule-pages,reported-as-of
1999-09-30,2000-06-30,2000-06-30_0000912057-00-030669_a485bpos.txt,At Home Corporation,500909,20756417,485BPOS,SEC,repeated-schedule-pages,reported-as-of
1999-09-30,2000-06-30,2000-06-30_0000912057-00-030669_a485bpos.txt,Immunex Corporation,427714,18552095,485BPOS,SEC,repeated-schedule-pages,reported-as-of
1999-09-30,2000-06-30,2000-06-30_0000912057-00-030669_a485bpos.txt,"Costco Companies, Inc",221631,15957432,485BPOS,SEC,repeated-schedule-pages,reported-as-of
1999-09-30,2000-06-30,2000-06-30_0000912057-00-030669_a485bpos.txt,"Novell, Inc",765332,15832806,485BPOS,SEC,repeated-schedule-pages,reported-as-of
1999-09-30,2000-06-30,2000-06-30_0000912057-00-030669_a485bpos.txt,NTL Incorporated,161104,15481087,485BPOS,SEC,repeated-schedule-pages,reported-as-of
1999-09-30,2000-06-30,2000-06-30_0000912057-00-030669_a485bpos.txt,"Paychex, Inc",445734,15210673,485BPOS,SEC,repeated-schedule-pages,reported-as-of
1999-09-30,2000-06-30,2000-06-30_0000912057-00-030669_a485bpos.txt,"Conexant Systems, Inc",205069,14899545,485BPOS,SEC,repeated-schedule-pages,reported-as-of
1999-09-30,2000-06-30,2000-06-30_0000912057-00-030669_a485bpos.txt,LM Ericsson Telephone Company,471237,14726156,485BPOS,SEC,repeated-schedule-pages,reported-as-of
1999-09-30,2000-06-30,2000-06-30_0000912057-00-030669_a485bpos.txt,Cintas Corporation,253898,14678478,485BPOS,SEC,repeated-schedule-pages,reported-as-of
1999-09-30,2000-06-30,2000-06-30_0000912057-00-030669_a485bpos.txt,PanAmSat Corporation,383329,13847760,485BPOS,SEC,repeated-schedule-pages,reported-as-of
1999-09-30,2000-06-30,2000-06-30_0000912057-00-030669_a485bpos.txt,"Siebel Systems, Inc",206710,13772054,485BPOS,SEC,repeated-schedule-pages,reported-as-of
1999-09-30,2000-06-30,2000-06-30_0000912057-00-030669_a485bpos.txt,Vitesse Semiconductor Corporation,158635,13543463,485BPOS,SEC,repeated-schedule-pages,reported-as-of
1999-09-30,2000-06-30,2000-06-30_0000912057-00-030669_a485bpos.txt,"ADC Telecommunications, Inc",322331,13517756,485BPOS,SEC,repeated-schedule-pages,reported-as-of
1999-09-30,2000-06-30,2000-06-30_0000912057-00-030669_a485bpos.txt,Chiron Corporation,482314,13354069,485BPOS,SEC,repeated-schedule-pages,reported-as-of
1999-09-30,2000-06-30,2000-06-30_0000912057-00-030669_a485bpos.txt,KLA-Tencor Corporation,204785,13311025,485BPOS,SEC,repeated-schedule-pages,reported-as-of
1999-09-30,2000-06-30,2000-06-30_0000912057-00-030669_a485bpos.txt,Intuit Inc,150606,13201557,485BPOS,SEC,repeated-schedule-pages,reported-as-of
1999-09-30,2000-06-30,2000-06-30_0000912057-00-030669_a485bpos.txt,"Comverse Technology, Inc",139917,13195922,485BPOS,SEC,repeated-schedule-pages,reported-as-of
1999-09-30,2000-06-30,2000-06-30_0000912057-00-030669_a485bpos.txt,Adobe Systems Incorporated,115505,13109818,485BPOS,SEC,repeated-schedule-pages,reported-as-of
1999-09-30,2000-06-30,2000-06-30_0000912057-00-030669_a485bpos.txt,"Staples, Inc",594957,12977500,485BPOS,SEC,repeated-schedule-pages,reported-as-of
1999-09-30,2000-06-30,2000-06-30_0000912057-00-030669_a485bpos.txt,Bed Bath & Beyond Inc,357933,12505284,485BPOS,SEC,repeated-schedule-pages,reported-as-of
1999-09-30,2000-06-30,2000-06-30_0000912057-00-030669_a485bpos.txt,"Citrix Systems, Inc",198841,12315714,485BPOS,SEC,repeated-schedule-pages,reported-as-of
1999-09-30,2000-06-30,2000-06-30_0000912057-00-030669_a485bpos.txt,Starbucks Corporation,482698,11961860,485BPOS,SEC,repeated-schedule-pages,reported-as-of
1999-09-30,2000-06-30,2000-06-30_0000912057-00-030669_a485bpos.txt,"USA Networks, Inc",296529,11490499,485BPOS,SEC,repeated-schedule-pages,reported-as-of
1999-09-30,2000-06-30,2000-06-30_0000912057-00-030669_a485bpos.txt,CIENA Corporation,310753,11342484,485BPOS,SEC,repeated-schedule-pages,reported-as-of
1999-09-30,2000-06-30,2000-06-30_0000912057-00-030669_a485bpos.txt,"Lycos, Inc",221644,11109905,485BPOS,SEC,repeated-schedule-pages,reported-as-of
1999-09-30,2000-06-30,2000-06-30_0000912057-00-030669_a485bpos.txt,"PeopleSoft, Inc",654929,11092860,485BPOS,SEC,repeated-schedule-pages,reported-as-of
1999-09-30,2000-06-30,2000-06-30_0000912057-00-030669_a485bpos.txt,"VISX, Incorporated",139323,11019579,485BPOS,SEC,repeated-schedule-pages,reported-as-of
1999-09-30,2000-06-30,2000-06-30_0000912057-00-030669_a485bpos.txt,Compuware Corporation,419727,10939135,485BPOS,SEC,repeated-schedule-pages,reported-as-of
1999-09-30,2000-06-30,2000-06-30_0000912057-00-030669_a485bpos.txt,McLeodUSA Incorporated,231847,9867988,485BPOS,SEC,repeated-schedule-pages,reported-as-of
1999-09-30,2000-06-30,2000-06-30_0000912057-00-030669_a485bpos.txt,"Fiserv, Inc",294504,9571380,485BPOS,SEC,repeated-schedule-pages,reported-as-of
1999-09-30,2000-06-30,2000-06-30_0000912057-00-030669_a485bpos.txt,Parametric Technology Corporation,697033,9409945,485BPOS,SEC,repeated-schedule-pages,reported-as-of
1999-09-30,2000-06-30,2000-06-30_0000912057-00-030669_a485bpos.txt,Sanmina Corporation,118656,9181008,485BPOS,SEC,repeated-schedule-pages,reported-as-of
1999-09-30,2000-06-30,2000-06-30_0000912057-00-030669_a485bpos.txt,American Power Conversion Corporation,481394,9146486,485BPOS,SEC,repeated-schedule-pages,reported-as-of
1999-09-30,2000-06-30,2000-06-30_0000912057-00-030669_a485bpos.txt,"Concord EFS, Inc",439585,9066441,485BPOS,SEC,repeated-schedule-pages,reported-as-of
1999-09-30,2000-06-30,2000-06-30_0000912057-00-030669_a485bpos.txt,Genzyme General,199145,8973972,485BPOS,SEC,repeated-schedule-pages,reported-as-of
1999-09-30,2000-06-30,2000-06-30_0000912057-00-030669_a485bpos.txt,"CNET, Inc",157682,8830192,485BPOS,SEC,repeated-schedule-pages,reported-as-of
1999-09-30,2000-06-30,2000-06-30_0000912057-00-030669_a485bpos.txt,"Synopsys, Inc",156438,8784971,485BPOS,SEC,repeated-schedule-pages,reported-as-of
1999-09-30,2000-06-30,2000-06-30_0000912057-00-030669_a485bpos.txt,Smurfit-Stone Container Corporation,405539,8769781,485BPOS,SEC,repeated-schedule-pages,reported-as-of
1999-09-30,2000-06-30,2000-06-30_0000912057-00-030669_a485bpos.txt,Electronic Arts Inc,119711,8664084,485BPOS,SEC,repeated-schedule-pages,reported-as-of
1999-09-30,2000-06-30,2000-06-30_0000912057-00-030669_a485bpos.txt,PACCAR Inc,167235,8508081,485BPOS,SEC,repeated-schedule-pages,reported-as-of
1999-09-30,2000-06-30,2000-06-30_0000912057-00-030669_a485bpos.txt,"Centocor, Inc",131599,7706766,485BPOS,SEC,repeated-schedule-pages,reported-as-of
1999-09-30,2000-06-30,2000-06-30_0000912057-00-030669_a485bpos.txt,"Biomet, Inc",289283,7611759,485BPOS,SEC,repeated-schedule-pages,reported-as-of
1999-09-30,2000-06-30,2000-06-30_0000912057-00-030669_a485bpos.txt,"Adaptec, Inc",162161,6435765,485BPOS,SEC,repeated-schedule-pages,reported-as-of
1999-09-30,2000-06-30,2000-06-30_0000912057-00-030669_a485bpos.txt,Sigma-Aldrich Corporation,202187,6419437,485BPOS,SEC,repeated-schedule-pages,reported-as-of
1999-09-30,2000-06-30,2000-06-30_0000912057-00-030669_a485bpos.txt,Quintiles Transnational Corp,306694,5836770,485BPOS,SEC,repeated-schedule-pages,reported-as-of
1999-09-30,2000-06-30,2000-06-30_0000912057-00-030669_a485bpos.txt,"Network Associates, Inc",274895,5257367,485BPOS,SEC,repeated-schedule-pages,reported-as-of
1999-09-30,2000-06-30,2000-06-30_0000912057-00-030669_a485bpos.txt,Molex Incorporated,142521,5184201,485BPOS,SEC,repeated-schedule-pages,reported-as-of
1999-09-30,2000-06-30,2000-06-30_0000912057-00-030669_a485bpos.txt,Atmel Corporation,143226,4842829,485BPOS,SEC,repeated-schedule-pages,reported-as-of
1999-09-30,2000-06-30,2000-06-30_0000912057-00-030669_a485bpos.txt,"Dollar Tree Stores, Inc",107631,4298513,485BPOS,SEC,repeated-schedule-pages,reported-as-of
1999-09-30,2000-06-30,2000-06-30_0000912057-00-030669_a485bpos.txt,"Electronics for Imaging, Inc",82215,4226365,485BPOS,SEC,repeated-schedule-pages,reported-as-of
1999-09-30,2000-06-30,2000-06-30_0000912057-00-030669_a485bpos.txt,Microchip Technology Incorporated,80554,4138462,485BPOS,SEC,repeated-schedule-pages,reported-as-of
1999-09-30,2000-06-30,2000-06-30_0000912057-00-030669_a485bpos.txt,"PacifiCare Health Systems, Inc",80042,3461816,485BPOS,SEC,repeated-schedule-pages,reported-as-of
1999-09-30,2000-06-30,2000-06-30_0000912057-00-030669_a485bpos.txt,Northwest Airlines Corporation,132487,3378418,485BPOS,SEC,repeated-schedule-pages,reported-as-of
1999-09-30,2000-06-30,2000-06-30_0000912057-00-030669_a485bpos.txt,Reuters Group PLC,43983,3029329,485BPOS,SEC,repeated-schedule-pages,reported-as-of
1999-09-30,2000-06-30,2000-06-30_0000912057-00-030669_a485bpos.txt,"Miller Herman, Inc",121597,2906928,485BPOS,SEC,repeated-schedule-pages,reported-as-of
1999-09-30,2000-06-30,2000-06-30_0000912057-00-030669_a485bpos.txt,"Apollo Group, Inc",137594,2906673,485BPOS,SEC,repeated-schedule-pages,reported-as-of
1999-09-30,2000-06-30,2000-06-30_0000912057-00-030669_a485bpos.txt,"Ross Stores, Inc",134373,2704257,485BPOS,SEC,repeated-schedule-pages,reported-as-of
1999-09-30,2000-06-30,2000-06-30_0000912057-00-030669_a485bpos.txt,Fastenal Company,53886,2539378,485BPOS,SEC,repeated-schedule-pages,reported-as-of
1999-09-30,2000-06-30,2000-06-30_0000912057-00-030669_a485bpos.txt,"Comair Holdings, Inc",150012,2503325,485BPOS,SEC,repeated-schedule-pages,reported-as-of
1999-09-30,2000-06-30,2000-06-30_0000912057-00-030669_a485bpos.txt,Lincare Holdings Inc,92960,2477965,485BPOS,SEC,repeated-schedule-pages,reported-as-of
1999-09-30,2000-06-30,2000-06-30_0000912057-00-030669_a485bpos.txt,"Autodesk, Inc",94368,2064300,485BPOS,SEC,repeated-schedule-pages,reported-as-of
1999-09-30,2000-06-30,2000-06-30_0000912057-00-030669_a485bpos.txt,Andrew Corporation,118476,2058521,485BPOS,SEC,repeated-schedule-pages,reported-as-of
1999-09-30,2000-06-30,2000-06-30_0000912057-00-030669_a485bpos.txt,"Worthington Industries, Inc",117977,2005609,485BPOS,SEC,repeated-schedule-pages,reported-as-of
1999-09-30,2000-06-30,2000-06-30_0000912057-00-030669_a485bpos.txt,Tech Data Corporation,84480,1966800,485BPOS,SEC,repeated-schedule-pages,reported-as-of
1999-09-30,2000-06-30,2000-06-30_0000912057-00-030669_a485bpos.txt,"Micron Electronics, Inc",150015,1575157,485BPOS,SEC,repeated-schedule-pages,reported-as-of
1999-09-30,2000-06-30,2000-06-30_0000912057-00-030669_a485bpos.txt,First Health Group Corp,63353,1421483,485BPOS,SEC,repeated-schedule-pages,reported-as-of
1999-09-30,2000-06-30,2000-06-30_0000912057-00-030669_a485bpos.txt,"CBRL Group, Inc",81665,1265807,485BPOS,SEC,repeated-schedule-pages,reported-as-of
1999-09-30,2000-06-30,2000-06-30_0000912057-00-030669_a485bpos.txt,"Cambridge Technology Partners, Inc",83258,1207241,485BPOS,SEC,repeated-schedule-pages,reported-as-of
1999-09-30,2000-06-30,2000-06-30_0000912057-00-030669_a485bpos.txt,"Corporate Express, Inc",122755,1154664,485BPOS,SEC,repeated-schedule-pages,reported-as-of
1999-09-30,2000-06-30,2000-06-30_0000912057-00-030669_a485bpos.txt,"Stewart Enterprises, Inc",176094,1067570,485BPOS,SEC,repeated-schedule-pages,reported-as-of
1999-09-30,2000-06-30,2000-06-30_0000912057-00-030669_a485bpos.txt,"Rexall Sundown, Inc",80592,992289,485BPOS,SEC,repeated-schedule-pages,reported-as-of
2000-09-30,2001-01-30,2001-01-30_0000912057-01-003392_a2036273z485bpos.txt,"Cisco Systems, Inc",14998245,828653036,485BPOS,SEC,repeated-schedule-pages,reported-as-of
2000-09-30,2001-01-30,2001-01-30_0000912057-01-003392_a2036273z485bpos.txt,Microsoft Corporation,10710692,645988611,485BPOS,SEC,repeated-schedule-pages,reported-as-of
2000-09-30,2001-01-30,2001-01-30_0000912057-01-003392_a2036273z485bpos.txt,Intel Corporation,13903713,577873072,485BPOS,SEC,repeated-schedule-pages,reported-as-of
2000-09-30,2001-01-30,2001-01-30_0000912057-01-003392_a2036273z485bpos.txt,Oracle Corporation,6941203,546619736,485BPOS,SEC,repeated-schedule-pages,reported-as-of
2000-09-30,2001-01-30,2001-01-30_0000912057-01-003392_a2036273z485bpos.txt,JDS Uniphase Corporation,5249334,497046313,485BPOS,SEC,repeated-schedule-pages,reported-as-of
2000-09-30,2001-01-30,2001-01-30_0000912057-01-003392_a2036273z485bpos.txt,"Sun Microsystems, Inc",4086857,477140555,485BPOS,SEC,repeated-schedule-pages,reported-as-of
2000-09-30,2001-01-30,2001-01-30_0000912057-01-003392_a2036273z485bpos.txt,"Qualcomm, Inc",5314161,378633971,485BPOS,SEC,repeated-schedule-pages,reported-as-of
2000-09-30,2001-01-30,2001-01-30_0000912057-01-003392_a2036273z485bpos.txt,Veritas Software Corporation,2429919,345048498,485BPOS,SEC,repeated-schedule-pages,reported-as-of
2000-09-30,2001-01-30,2001-01-30_0000912057-01-003392_a2036273z485bpos.txt,"Siebel Systems, Inc",2885981,321245760,485BPOS,SEC,repeated-schedule-pages,reported-as-of
2000-09-30,2001-01-30,2001-01-30_0000912057-01-003392_a2036273z485bpos.txt,"Juniper Networks, Inc",1225664,268343812,485BPOS,SEC,repeated-schedule-pages,reported-as-of
2000-09-30,2001-01-30,2001-01-30_0000912057-01-003392_a2036273z485bpos.txt,Nextel Communications Corporation,5527135,258393561,485BPOS,SEC,repeated-schedule-pages,reported-as-of
2000-09-30,2001-01-30,2001-01-30_0000912057-01-003392_a2036273z485bpos.txt,"Network Appliance, Inc",1955410,249070349,485BPOS,SEC,repeated-schedule-pages,reported-as-of
2000-09-30,2001-01-30,2001-01-30_0000912057-01-003392_a2036273z485bpos.txt,Ciena Corporation,1994251,244918951,485BPOS,SEC,repeated-schedule-pages,reported-as-of
2000-09-30,2001-01-30,2001-01-30_0000912057-01-003392_a2036273z485bpos.txt,"I2 Technologies, Inc",1260512,235794526,485BPOS,SEC,repeated-schedule-pages,reported-as-of
2000-09-30,2001-01-30,2001-01-30_0000912057-01-003392_a2036273z485bpos.txt,"PMC-Sierra, Inc",1030028,221713527,485BPOS,SEC,repeated-schedule-pages,reported-as-of
2000-09-30,2001-01-30,2001-01-30_0000912057-01-003392_a2036273z485bpos.txt,"Gemstar-TV Guide International, Inc",2536013,221108633,485BPOS,SEC,repeated-schedule-pages,reported-as-of
2000-09-30,2001-01-30,2001-01-30_0000912057-01-003392_a2036273z485bpos.txt,"Xilinx, Inc",2577967,220738424,485BPOS,SEC,repeated-schedule-pages,reported-as-of
2000-09-30,2001-01-30,2001-01-30_0000912057-01-003392_a2036273z485bpos.txt,"Verisign, Inc",1084273,219633050,485BPOS,SEC,repeated-schedule-pages,reported-as-of
2000-09-30,2001-01-30,2001-01-30_0000912057-01-003392_a2036273z485bpos.txt,"Amgen, Inc",2834331,197916033,485BPOS,SEC,repeated-schedule-pages,reported-as-of
2000-09-30,2001-01-30,2001-01-30_0000912057-01-003392_a2036273z485bpos.txt,"Maxim Integrated Products, Inc",2342256,188405217,485BPOS,SEC,repeated-schedule-pages,reported-as-of
2000-09-30,2001-01-30,2001-01-30_0000912057-01-003392_a2036273z485bpos.txt,"WorldCom, Inc",6111675,185642128,485BPOS,SEC,repeated-schedule-pages,reported-as-of
2000-09-30,2001-01-30,2001-01-30_0000912057-01-003392_a2036273z485bpos.txt,Applied Micro Circuits Corporation,860853,178250374,485BPOS,SEC,repeated-schedule-pages,reported-as-of
2000-09-30,2001-01-30,2001-01-30_0000912057-01-003392_a2036273z485bpos.txt,Immunex Corporation,4079886,177475041,485BPOS,SEC,repeated-schedule-pages,reported-as-of
2000-09-30,2001-01-30,2001-01-30_0000912057-01-003392_a2036273z485bpos.txt,Global Crossing Ltd,5636547,174732957,485BPOS,SEC,repeated-schedule-pages,reported-as-of
2000-09-30,2001-01-30,2001-01-30_0000912057-01-003392_a2036273z485bpos.txt,Dell Computer Corporation,5628555,173429851,485BPOS,SEC,repeated-schedule-pages,reported-as-of
2000-09-30,2001-01-30,2001-01-30_0000912057-01-003392_a2036273z485bpos.txt,SDL Incorporated,530220,164003674,485BPOS,SEC,repeated-schedule-pages,reported-as-of
2000-09-30,2001-01-30,2001-01-30_0000912057-01-003392_a2036273z485bpos.txt,Linear Technology Corporation,2474715,160237796,485BPOS,SEC,repeated-schedule-pages,reported-as-of
2000-09-30,2001-01-30,2001-01-30_0000912057-01-003392_a2036273z485bpos.txt,Altera Corporation,3318469,158456895,485BPOS,SEC,repeated-schedule-pages,reported-as-of
2000-09-30,2001-01-30,2001-01-30_0000912057-01-003392_a2036273z485bpos.txt,VoiceStream Wireless Corporation,1359515,157788710,485BPOS,SEC,repeated-schedule-pages,reported-as-of
2000-09-30,2001-01-30,2001-01-30_0000912057-01-003392_a2036273z485bpos.txt,"Applied Materials, Inc",2480734,147138535,485BPOS,SEC,repeated-schedule-pages,reported-as-of
2000-09-30,2001-01-30,2001-01-30_0000912057-01-003392_a2036273z485bpos.txt,Yahoo Inc,1570865,142948715,485BPOS,SEC,repeated-schedule-pages,reported-as-of
2000-09-30,2001-01-30,2001-01-30_0000912057-01-003392_a2036273z485bpos.txt,"ADC Telecommunications, Inc",5211732,140146757,485BPOS,SEC,repeated-schedule-pages,reported-as-of
2000-09-30,2001-01-30,2001-01-30_0000912057-01-003392_a2036273z485bpos.txt,"Level 3 Communications, Inc",1505864,116139761,485BPOS,SEC,repeated-schedule-pages,reported-as-of
2000-09-30,2001-01-30,2001-01-30_0000912057-01-003392_a2036273z485bpos.txt,"Paychex, Inc",2088235,109632337,485BPOS,SEC,repeated-schedule-pages,reported-as-of
2000-09-30,2001-01-30,2001-01-30_0000912057-01-003392_a2036273z485bpos.txt,"Comverse Technology, Inc",1007252,108783216,485BPOS,SEC,repeated-schedule-pages,reported-as-of
2000-09-30,2001-01-30,2001-01-30_0000912057-01-003392_a2036273z485bpos.txt,"Adobe Systems, Inc",696541,108137990,485BPOS,SEC,repeated-schedule-pages,reported-as-of
2000-09-30,2001-01-30,2001-01-30_0000912057-01-003392_a2036273z485bpos.txt,Comcast Corporation,2531932,103650966,485BPOS,SEC,repeated-schedule-pages,reported-as-of
2000-09-30,2001-01-30,2001-01-30_0000912057-01-003392_a2036273z485bpos.txt,LM Ericsson Telephone Company,6959820,103092334,485BPOS,SEC,repeated-schedule-pages,reported-as-of
2000-09-30,2001-01-30,2001-01-30_0000912057-01-003392_a2036273z485bpos.txt,"Medimmune, Inc",1327836,102575331,485BPOS,SEC,repeated-schedule-pages,reported-as-of
2000-09-30,2001-01-30,2001-01-30_0000912057-01-003392_a2036273z485bpos.txt,Vitesse Semiconductor Corporation,1150637,102334778,485BPOS,SEC,repeated-schedule-pages,reported-as-of
2000-09-30,2001-01-30,2001-01-30_0000912057-01-003392_a2036273z485bpos.txt,Sanmina Corporation,956361,89539299,485BPOS,SEC,repeated-schedule-pages,reported-as-of
2000-09-30,2001-01-30,2001-01-30_0000912057-01-003392_a2036273z485bpos.txt,"Intuit, Inc",1515589,86388573,485BPOS,SEC,repeated-schedule-pages,reported-as-of
2000-09-30,2001-01-30,2001-01-30_0000912057-01-003392_a2036273z485bpos.txt,"eBay, Inc",1183857,81316178,485BPOS,SEC,repeated-schedule-pages,reported-as-of
2000-09-30,2001-01-30,2001-01-30_0000912057-01-003392_a2036273z485bpos.txt,"NTL, Inc",1663532,77042326,485BPOS,SEC,repeated-schedule-pages,reported-as-of
2000-09-30,2001-01-30,2001-01-30_0000912057-01-003392_a2036273z485bpos.txt,"Metromedia Fiber Network, Inc",3115067,75735066,485BPOS,SEC,repeated-schedule-pages,reported-as-of
2000-09-30,2001-01-30,2001-01-30_0000912057-01-003392_a2036273z485bpos.txt,Echostar Communication Corporation,1430678,75468265,485BPOS,SEC,repeated-schedule-pages,reported-as-of
2000-09-30,2001-01-30,2001-01-30_0000912057-01-003392_a2036273z485bpos.txt,"Apple Computer, Inc",2680508,69023081,485BPOS,SEC,repeated-schedule-pages,reported-as-of
2000-09-30,2001-01-30,2001-01-30_0000912057-01-003392_a2036273z485bpos.txt,Chiron Corporation,1511601,68022045,485BPOS,SEC,repeated-schedule-pages,reported-as-of
2000-09-30,2001-01-30,2001-01-30_0000912057-01-003392_a2036273z485bpos.txt,"Tellabs, Inc",1382354,66007404,485BPOS,SEC,repeated-schedule-pages,reported-as-of
2000-09-30,2001-01-30,2001-01-30_0000912057-01-003392_a2036273z485bpos.txt,"Biogen, Inc",1075253,65590433,485BPOS,SEC,repeated-schedule-pages,reported-as-of
2000-09-30,2001-01-30,2001-01-30_0000912057-01-003392_a2036273z485bpos.txt,"PeopleSoft, Inc",2336899,65287116,485BPOS,SEC,repeated-schedule-pages,reported-as-of
2000-09-30,2001-01-30,2001-01-30_0000912057-01-003392_a2036273z485bpos.txt,"Conexant Systems, Inc",1487656,62295595,485BPOS,SEC,repeated-schedule-pages,reported-as-of
2000-09-30,2001-01-30,2001-01-30_0000912057-01-003392_a2036273z485bpos.txt,Starbucks Corporation,1538254,61626301,485BPOS,SEC,repeated-schedule-pages,reported-as-of
2000-09-30,2001-01-30,2001-01-30_0000912057-01-003392_a2036273z485bpos.txt,"Nextlink Communications, Inc",1721271,60567223,485BPOS,SEC,repeated-schedule-pages,reported-as-of
2000-09-30,2001-01-30,2001-01-30_0000912057-01-003392_a2036273z485bpos.txt,"Lycos, Inc",809631,55674786,485BPOS,SEC,repeated-schedule-pages,reported-as-of
2000-09-30,2001-01-30,2001-01-30_0000912057-01-003392_a2036273z485bpos.txt,KLA-Tencor Corporation,1332837,54896224,485BPOS,SEC,repeated-schedule-pages,reported-as-of
2000-09-30,2001-01-30,2001-01-30_0000912057-01-003392_a2036273z485bpos.txt,"Bed Bath & Beyond, Inc",2249192,54859210,485BPOS,SEC,repeated-schedule-pages,reported-as-of
2000-09-30,2001-01-30,2001-01-30_0000912057-01-003392_a2036273z485bpos.txt,"Fiserv, Inc",911541,54578517,485BPOS,SEC,repeated-schedule-pages,reported-as-of
2000-09-30,2001-01-30,2001-01-30_0000912057-01-003392_a2036273z485bpos.txt,"Amazon.com, Inc",1397328,53709795,485BPOS,SEC,repeated-schedule-pages,reported-as-of
2000-09-30,2001-01-30,2001-01-30_0000912057-01-003392_a2036273z485bpos.txt,"CMGI, Inc",1915761,53521573,485BPOS,SEC,repeated-schedule-pages,reported-as-of
2000-09-30,2001-01-30,2001-01-30_0000912057-01-003392_a2036273z485bpos.txt,Cintas Corporation,1195632,52084719,485BPOS,SEC,repeated-schedule-pages,reported-as-of
2000-09-30,2001-01-30,2001-01-30_0000912057-01-003392_a2036273z485bpos.txt,"Concord EFS, Inc",1435483,50982083,485BPOS,SEC,repeated-schedule-pages,reported-as-of
2000-09-30,2001-01-30,2001-01-30_0000912057-01-003392_a2036273z485bpos.txt,"Biomet, Inc",1418686,49654010,485BPOS,SEC,repeated-schedule-pages,reported-as-of
2000-09-30,2001-01-30,2001-01-30_0000912057-01-003392_a2036273z485bpos.txt,Costco Wholesale Corporation,1392305,48643656,485BPOS,SEC,repeated-schedule-pages,reported-as-of
2000-09-30,2001-01-30,2001-01-30_0000912057-01-003392_a2036273z485bpos.txt,Q Logic Corporation,544002,47872176,485BPOS,SEC,repeated-schedule-pages,reported-as-of
2000-09-30,2001-01-30,2001-01-30_0000912057-01-003392_a2036273z485bpos.txt,"USA Networks, Inc",2059563,45181663,485BPOS,SEC,repeated-schedule-pages,reported-as-of
2000-09-30,2001-01-30,2001-01-30_0000912057-01-003392_a2036273z485bpos.txt,"Broadvision, Inc",1714691,44046125,485BPOS,SEC,repeated-schedule-pages,reported-as-of
2000-09-30,2001-01-30,2001-01-30_0000912057-01-003392_a2036273z485bpos.txt,Genzyme General,640010,43640682,485BPOS,SEC,repeated-schedule-pages,reported-as-of
2000-09-30,2001-01-30,2001-01-30_0000912057-01-003392_a2036273z485bpos.txt,"McLeodUSA, Inc",2784133,39847904,485BPOS,SEC,repeated-schedule-pages,reported-as-of
2000-09-30,2001-01-30,2001-01-30_0000912057-01-003392_a2036273z485bpos.txt,"Electronic Arts, Inc",776619,38345563,485BPOS,SEC,repeated-schedule-pages,reported-as-of
2000-09-30,2001-01-30,2001-01-30_0000912057-01-003392_a2036273z485bpos.txt,Panamsat Corporation,1192491,38085181,485BPOS,SEC,repeated-schedule-pages,reported-as-of
2000-09-30,2001-01-30,2001-01-30_0000912057-01-003392_a2036273z485bpos.txt,"RF Micro Devises, Inc",1084276,34696832,485BPOS,SEC,repeated-schedule-pages,reported-as-of
2000-09-30,2001-01-30,2001-01-30_0000912057-01-003392_a2036273z485bpos.txt,"RealNetworks, Inc",870282,34593710,485BPOS,SEC,repeated-schedule-pages,reported-as-of
2000-09-30,2001-01-30,2001-01-30_0000912057-01-003392_a2036273z485bpos.txt,"Molex, Inc",571366,31103737,485BPOS,SEC,repeated-schedule-pages,reported-as-of
2000-09-30,2001-01-30,2001-01-30_0000912057-01-003392_a2036273z485bpos.txt,Atmel Corporation,2044374,31048930,485BPOS,SEC,repeated-schedule-pages,reported-as-of
2000-09-30,2001-01-30,2001-01-30_0000912057-01-003392_a2036273z485bpos.txt,American Power Corporation,1512396,29019098,485BPOS,SEC,repeated-schedule-pages,reported-as-of
2000-09-30,2001-01-30,2001-01-30_0000912057-01-003392_a2036273z485bpos.txt,"Citrix Systems, Inc",1304891,26179376,485BPOS,SEC,repeated-schedule-pages,reported-as-of
2000-09-30,2001-01-30,2001-01-30_0000912057-01-003392_a2036273z485bpos.txt,"Staples, Inc",1815466,25756924,485BPOS,SEC,repeated-schedule-pages,reported-as-of
2000-09-30,2001-01-30,2001-01-30_0000912057-01-003392_a2036273z485bpos.txt,At Home Corporation,1731645,24459486,485BPOS,SEC,repeated-schedule-pages,reported-as-of
2000-09-30,2001-01-30,2001-01-30_0000912057-01-003392_a2036273z485bpos.txt,Parametric Technology Corporation,2187533,23926142,485BPOS,SEC,repeated-schedule-pages,reported-as-of
2000-09-30,2001-01-30,2001-01-30_0000912057-01-003392_a2036273z485bpos.txt,"Dollar Tree Stores, Inc",579197,23493678,485BPOS,SEC,repeated-schedule-pages,reported-as-of
2000-09-30,2001-01-30,2001-01-30_0000912057-01-003392_a2036273z485bpos.txt,"Novell, Inc",2302784,22883916,485BPOS,SEC,repeated-schedule-pages,reported-as-of
2000-09-30,2001-01-30,2001-01-30_0000912057-01-003392_a2036273z485bpos.txt,Adelphia Communications Corporation,772991,21305564,485BPOS,SEC,repeated-schedule-pages,reported-as-of
2000-09-30,2001-01-30,2001-01-30_0000912057-01-003392_a2036273z485bpos.txt,"BMC Software, Inc",1111358,21254722,485BPOS,SEC,repeated-schedule-pages,reported-as-of
2000-09-30,2001-01-30,2001-01-30_0000912057-01-003392_a2036273z485bpos.txt,"Microchip Technology, Inc",596066,19707432,485BPOS,SEC,repeated-schedule-pages,reported-as-of
2000-09-30,2001-01-30,2001-01-30_0000912057-01-003392_a2036273z485bpos.txt,"Networks Associates, Inc",845652,19132877,485BPOS,SEC,repeated-schedule-pages,reported-as-of
2000-09-30,2001-01-30,2001-01-30_0000912057-01-003392_a2036273z485bpos.txt,"Paccar, Inc",507285,18801250,485BPOS,SEC,repeated-schedule-pages,reported-as-of
2000-09-30,2001-01-30,2001-01-30_0000912057-01-003392_a2036273z485bpos.txt,Smurfit-Stone Container Corporation,1412291,16947492,485BPOS,SEC,repeated-schedule-pages,reported-as-of
2000-09-30,2001-01-30,2001-01-30_0000912057-01-003392_a2036273z485bpos.txt,"Synopsys, Inc",444688,16842558,485BPOS,SEC,repeated-schedule-pages,reported-as-of
2000-09-30,2001-01-30,2001-01-30_0000912057-01-003392_a2036273z485bpos.txt,"Apollo Group, Inc",415572,16570934,485BPOS,SEC,repeated-schedule-pages,reported-as-of
2000-09-30,2001-01-30,2001-01-30_0000912057-01-003392_a2036273z485bpos.txt,Sigma-Aldrich Corporation,501421,16546893,485BPOS,SEC,repeated-schedule-pages,reported-as-of
2000-09-30,2001-01-30,2001-01-30_0000912057-01-003392_a2036273z485bpos.txt,Quintiles Transnational Corporation,958647,15278437,485BPOS,SEC,repeated-schedule-pages,reported-as-of
2000-09-30,2001-01-30,2001-01-30_0000912057-01-003392_a2036273z485bpos.txt,"CNET Networks, Inc",584738,14243855,485BPOS,SEC,repeated-schedule-pages,reported-as-of
2000-09-30,2001-01-30,2001-01-30_0000912057-01-003392_a2036273z485bpos.txt,"Miller Herman, Inc",360836,11569304,485BPOS,SEC,repeated-schedule-pages,reported-as-of
2000-09-30,2001-01-30,2001-01-30_0000912057-01-003392_a2036273z485bpos.txt,Compuware Corporation,1330960,11146790,485BPOS,SEC,repeated-schedule-pages,reported-as-of
2000-09-30,2001-01-30,2001-01-30_0000912057-01-003392_a2036273z485bpos.txt,Northwest Airlines Corporation,413472,10155906,485BPOS,SEC,repeated-schedule-pages,reported-as-of
2000-09-30,2001-01-30,2001-01-30_0000912057-01-003392_a2036273z485bpos.txt,"Adaptec, Inc",483150,9663000,485BPOS,SEC,repeated-schedule-pages,reported-as-of
2000-09-30,2001-01-30,2001-01-30_0000912057-01-003392_a2036273z485bpos.txt,"Legato Systems, Inc",560538,7532229,485BPOS,SEC,repeated-schedule-pages,reported-as-of
2000-09-30,2001-01-30,2001-01-30_0000912057-01-003392_a2036273z485bpos.txt,"Pacificare Health Systems, Inc",188862,6574758,485BPOS,SEC,repeated-schedule-pages,reported-as-of
2000-09-30,2001-10-01,2001-10-01_0000912057-01-534103_a2059883z485bpos.txt,"Cisco Systems, Inc",14998245,828653036,485BPOS,SEC,repeated-schedule-pages,reported-as-of
2000-09-30,2001-10-01,2001-10-01_0000912057-01-534103_a2059883z485bpos.txt,Microsoft Corporation,10710692,645988611,485BPOS,SEC,repeated-schedule-pages,reported-as-of
2000-09-30,2001-10-01,2001-10-01_0000912057-01-534103_a2059883z485bpos.txt,Intel Corporation,13903713,577873072,485BPOS,SEC,repeated-schedule-pages,reported-as-of
2000-09-30,2001-10-01,2001-10-01_0000912057-01-534103_a2059883z485bpos.txt,Oracle Corporation,6941203,546619736,485BPOS,SEC,repeated-schedule-pages,reported-as-of
2000-09-30,2001-10-01,2001-10-01_0000912057-01-534103_a2059883z485bpos.txt,JDS Uniphase Corporation,5249334,497046313,485BPOS,SEC,repeated-schedule-pages,reported-as-of
2000-09-30,2001-10-01,2001-10-01_0000912057-01-534103_a2059883z485bpos.txt,"Sun Microsystems, Inc",4086857,477140555,485BPOS,SEC,repeated-schedule-pages,reported-as-of
2000-09-30,2001-10-01,2001-10-01_0000912057-01-534103_a2059883z485bpos.txt,"Qualcomm, Inc",5314161,378633971,485BPOS,SEC,repeated-schedule-pages,reported-as-of
2000-09-30,2001-10-01,2001-10-01_0000912057-01-534103_a2059883z485bpos.txt,Veritas Software Corporation,2429919,345048498,485BPOS,SEC,repeated-schedule-pages,reported-as-of
2000-09-30,2001-10-01,2001-10-01_0000912057-01-534103_a2059883z485bpos.txt,"Siebel Systems, Inc",2885981,321245760,485BPOS,SEC,repeated-schedule-pages,reported-as-of
2000-09-30,2001-10-01,2001-10-01_0000912057-01-534103_a2059883z485bpos.txt,"Juniper Networks, Inc",1225664,268343812,485BPOS,SEC,repeated-schedule-pages,reported-as-of
2000-09-30,2001-10-01,2001-10-01_0000912057-01-534103_a2059883z485bpos.txt,Nextel Communications Corporation,5527135,258393561,485BPOS,SEC,repeated-schedule-pages,reported-as-of
2000-09-30,2001-10-01,2001-10-01_0000912057-01-534103_a2059883z485bpos.txt,"Network Appliance, Inc",1955410,249070349,485BPOS,SEC,repeated-schedule-pages,reported-as-of
2000-09-30,2001-10-01,2001-10-01_0000912057-01-534103_a2059883z485bpos.txt,Ciena Corporation,1994251,244918951,485BPOS,SEC,repeated-schedule-pages,reported-as-of
2000-09-30,2001-10-01,2001-10-01_0000912057-01-534103_a2059883z485bpos.txt,"I2 Technologies, Inc",1260512,235794526,485BPOS,SEC,repeated-schedule-pages,reported-as-of
2000-09-30,2001-10-01,2001-10-01_0000912057-01-534103_a2059883z485bpos.txt,"PMC-Sierra, Inc",1030028,221713527,485BPOS,SEC,repeated-schedule-pages,reported-as-of
2000-09-30,2001-10-01,2001-10-01_0000912057-01-534103_a2059883z485bpos.txt,"Xilinx, Inc",2577967,220738424,485BPOS,SEC,repeated-schedule-pages,reported-as-of
2000-09-30,2001-10-01,2001-10-01_0000912057-01-534103_a2059883z485bpos.txt,"Verisign, Inc",1084273,219633050,485BPOS,SEC,repeated-schedule-pages,reported-as-of
2000-09-30,2001-10-01,2001-10-01_0000912057-01-534103_a2059883z485bpos.txt,"Amgen, Inc",2834331,197916033,485BPOS,SEC,repeated-schedule-pages,reported-as-of
2000-09-30,2001-10-01,2001-10-01_0000912057-01-534103_a2059883z485bpos.txt,"Maxim Integrated Products, Inc",2342256,188405217,485BPOS,SEC,repeated-schedule-pages,reported-as-of
2000-09-30,2001-10-01,2001-10-01_0000912057-01-534103_a2059883z485bpos.txt,"WorldCom, Inc",6111675,185642128,485BPOS,SEC,repeated-schedule-pages,reported-as-of
2000-09-30,2001-10-01,2001-10-01_0000912057-01-534103_a2059883z485bpos.txt,Applied Micro Circuits Corporation,860853,178250374,485BPOS,SEC,repeated-schedule-pages,reported-as-of
2000-09-30,2001-10-01,2001-10-01_0000912057-01-534103_a2059883z485bpos.txt,Immunex Corporation,4079886,177475041,485BPOS,SEC,repeated-schedule-pages,reported-as-of
2000-09-30,2001-10-01,2001-10-01_0000912057-01-534103_a2059883z485bpos.txt,Global Crossing Ltd,5636547,174732957,485BPOS,SEC,repeated-schedule-pages,reported-as-of
2000-09-30,2001-10-01,2001-10-01_0000912057-01-534103_a2059883z485bpos.txt,Dell Computer Corporation,5628555,173429851,485BPOS,SEC,repeated-schedule-pages,reported-as-of
2000-09-30,2001-10-01,2001-10-01_0000912057-01-534103_a2059883z485bpos.txt,SDL Incorporated,530220,164003674,485BPOS,SEC,repeated-schedule-pages,reported-as-of
2000-09-30,2001-10-01,2001-10-01_0000912057-01-534103_a2059883z485bpos.txt,Linear Technology Corporation,2474715,160237796,485BPOS,SEC,repeated-schedule-pages,reported-as-of
2000-09-30,2001-10-01,2001-10-01_0000912057-01-534103_a2059883z485bpos.txt,Altera Corporation,3318469,158456895,485BPOS,SEC,repeated-schedule-pages,reported-as-of
2000-09-30,2001-10-01,2001-10-01_0000912057-01-534103_a2059883z485bpos.txt,VoiceStream Wireless Corporation,1359515,157788710,485BPOS,SEC,repeated-schedule-pages,reported-as-of
2000-09-30,2001-10-01,2001-10-01_0000912057-01-534103_a2059883z485bpos.txt,"Applied Materials, Inc",2480734,147138535,485BPOS,SEC,repeated-schedule-pages,reported-as-of
2000-09-30,2001-10-01,2001-10-01_0000912057-01-534103_a2059883z485bpos.txt,Yahoo Inc,1570865,142948715,485BPOS,SEC,repeated-schedule-pages,reported-as-of
2000-09-30,2001-10-01,2001-10-01_0000912057-01-534103_a2059883z485bpos.txt,"ADC Telecommunications, Inc",5211732,140146757,485BPOS,SEC,repeated-schedule-pages,reported-as-of
2000-09-30,2001-10-01,2001-10-01_0000912057-01-534103_a2059883z485bpos.txt,"Level 3 Communications, Inc",1505864,116139761,485BPOS,SEC,repeated-schedule-pages,reported-as-of
2000-09-30,2001-10-01,2001-10-01_0000912057-01-534103_a2059883z485bpos.txt,"Paychex, Inc",2088235,109632337,485BPOS,SEC,repeated-schedule-pages,reported-as-of
2000-09-30,2001-10-01,2001-10-01_0000912057-01-534103_a2059883z485bpos.txt,"Comverse Technology, Inc",1007252,108783216,485BPOS,SEC,repeated-schedule-pages,reported-as-of
2000-09-30,2001-10-01,2001-10-01_0000912057-01-534103_a2059883z485bpos.txt,"Adobe Systems, Inc",696541,108137990,485BPOS,SEC,repeated-schedule-pages,reported-as-of
2000-09-30,2001-10-01,2001-10-01_0000912057-01-534103_a2059883z485bpos.txt,Comcast Corporation,2531932,103650966,485BPOS,SEC,repeated-schedule-pages,reported-as-of
2000-09-30,2001-10-01,2001-10-01_0000912057-01-534103_a2059883z485bpos.txt,LM Ericsson Telephone Company,6959820,103092334,485BPOS,SEC,repeated-schedule-pages,reported-as-of
2000-09-30,2001-10-01,2001-10-01_0000912057-01-534103_a2059883z485bpos.txt,"Medimmune, Inc",1327836,102575331,485BPOS,SEC,repeated-schedule-pages,reported-as-of
2000-09-30,2001-10-01,2001-10-01_0000912057-01-534103_a2059883z485bpos.txt,Vitesse Semiconductor Corporation,1150637,102334778,485BPOS,SEC,repeated-schedule-pages,reported-as-of
2000-09-30,2001-10-01,2001-10-01_0000912057-01-534103_a2059883z485bpos.txt,Sanmina Corporation,956361,89539299,485BPOS,SEC,repeated-schedule-pages,reported-as-of
2000-09-30,2001-10-01,2001-10-01_0000912057-01-534103_a2059883z485bpos.txt,"Intuit, Inc",1515589,86388573,485BPOS,SEC,repeated-schedule-pages,reported-as-of
2000-09-30,2001-10-01,2001-10-01_0000912057-01-534103_a2059883z485bpos.txt,"eBay, Inc",1183857,81316178,485BPOS,SEC,repeated-schedule-pages,reported-as-of
2000-09-30,2001-10-01,2001-10-01_0000912057-01-534103_a2059883z485bpos.txt,"NTL, Inc",1663532,77042326,485BPOS,SEC,repeated-schedule-pages,reported-as-of
2000-09-30,2001-10-01,2001-10-01_0000912057-01-534103_a2059883z485bpos.txt,"Metromedia Fiber Network, Inc",3115067,75735066,485BPOS,SEC,repeated-schedule-pages,reported-as-of
2000-09-30,2001-10-01,2001-10-01_0000912057-01-534103_a2059883z485bpos.txt,Echostar Communication Corporation,1430678,75468265,485BPOS,SEC,repeated-schedule-pages,reported-as-of
2000-09-30,2001-10-01,2001-10-01_0000912057-01-534103_a2059883z485bpos.txt,"Apple Computer, Inc",2680508,69023081,485BPOS,SEC,repeated-schedule-pages,reported-as-of
2000-09-30,2001-10-01,2001-10-01_0000912057-01-534103_a2059883z485bpos.txt,Chiron Corporation,1511601,68022045,485BPOS,SEC,repeated-schedule-pages,reported-as-of
2000-09-30,2001-10-01,2001-10-01_0000912057-01-534103_a2059883z485bpos.txt,"Tellabs, Inc",1382354,66007404,485BPOS,SEC,repeated-schedule-pages,reported-as-of
2000-09-30,2001-10-01,2001-10-01_0000912057-01-534103_a2059883z485bpos.txt,"Biogen, Inc",1075253,65590433,485BPOS,SEC,repeated-schedule-pages,reported-as-of
2000-09-30,2001-10-01,2001-10-01_0000912057-01-534103_a2059883z485bpos.txt,"PeopleSoft, Inc",2336899,65287116,485BPOS,SEC,repeated-schedule-pages,reported-as-of
2000-09-30,2001-10-01,2001-10-01_0000912057-01-534103_a2059883z485bpos.txt,"Conexant Systems, Inc",1487656,62295595,485BPOS,SEC,repeated-schedule-pages,reported-as-of
2000-09-30,2001-10-01,2001-10-01_0000912057-01-534103_a2059883z485bpos.txt,Starbucks Corporation,1538254,61626301,485BPOS,SEC,repeated-schedule-pages,reported-as-of
2000-09-30,2001-10-01,2001-10-01_0000912057-01-534103_a2059883z485bpos.txt,"Nextlink Communications, Inc",1721271,60567223,485BPOS,SEC,repeated-schedule-pages,reported-as-of
2000-09-30,2001-10-01,2001-10-01_0000912057-01-534103_a2059883z485bpos.txt,"Lycos, Inc",809631,55674786,485BPOS,SEC,repeated-schedule-pages,reported-as-of
2000-09-30,2001-10-01,2001-10-01_0000912057-01-534103_a2059883z485bpos.txt,KLA-Tencor Corporation,1332837,54896224,485BPOS,SEC,repeated-schedule-pages,reported-as-of
2000-09-30,2001-10-01,2001-10-01_0000912057-01-534103_a2059883z485bpos.txt,"Bed Bath & Beyond, Inc",2249192,54859210,485BPOS,SEC,repeated-schedule-pages,reported-as-of
2000-09-30,2001-10-01,2001-10-01_0000912057-01-534103_a2059883z485bpos.txt,"Fiserv, Inc",911541,54578517,485BPOS,SEC,repeated-schedule-pages,reported-as-of
2000-09-30,2001-10-01,2001-10-01_0000912057-01-534103_a2059883z485bpos.txt,"Amazon.com, Inc",1397328,53709795,485BPOS,SEC,repeated-schedule-pages,reported-as-of
2000-09-30,2001-10-01,2001-10-01_0000912057-01-534103_a2059883z485bpos.txt,"CMGI, Inc",1915761,53521573,485BPOS,SEC,repeated-schedule-pages,reported-as-of
2000-09-30,2001-10-01,2001-10-01_0000912057-01-534103_a2059883z485bpos.txt,Cintas Corporation,1195632,52084719,485BPOS,SEC,repeated-schedule-pages,reported-as-of
2000-09-30,2001-10-01,2001-10-01_0000912057-01-534103_a2059883z485bpos.txt,"Concord EFS, Inc",1435483,50982083,485BPOS,SEC,repeated-schedule-pages,reported-as-of
2000-09-30,2001-10-01,2001-10-01_0000912057-01-534103_a2059883z485bpos.txt,"Biomet, Inc",1418686,49654010,485BPOS,SEC,repeated-schedule-pages,reported-as-of
2000-09-30,2001-10-01,2001-10-01_0000912057-01-534103_a2059883z485bpos.txt,Costco Wholesale Corporation,1392305,48643656,485BPOS,SEC,repeated-schedule-pages,reported-as-of
2000-09-30,2001-10-01,2001-10-01_0000912057-01-534103_a2059883z485bpos.txt,Q Logic Corporation,544002,47872176,485BPOS,SEC,repeated-schedule-pages,reported-as-of
2000-09-30,2001-10-01,2001-10-01_0000912057-01-534103_a2059883z485bpos.txt,"USA Networks, Inc",2059563,45181663,485BPOS,SEC,repeated-schedule-pages,reported-as-of
2000-09-30,2001-10-01,2001-10-01_0000912057-01-534103_a2059883z485bpos.txt,"Broadvision, Inc",1714691,44046125,485BPOS,SEC,repeated-schedule-pages,reported-as-of
2000-09-30,2001-10-01,2001-10-01_0000912057-01-534103_a2059883z485bpos.txt,Genzyme General,640010,43640682,485BPOS,SEC,repeated-schedule-pages,reported-as-of
2000-09-30,2001-10-01,2001-10-01_0000912057-01-534103_a2059883z485bpos.txt,"McLeodUSA, Inc",2784133,39847904,485BPOS,SEC,repeated-schedule-pages,reported-as-of
2000-09-30,2001-10-01,2001-10-01_0000912057-01-534103_a2059883z485bpos.txt,"Electronic Arts, Inc",776619,38345563,485BPOS,SEC,repeated-schedule-pages,reported-as-of
2000-09-30,2001-10-01,2001-10-01_0000912057-01-534103_a2059883z485bpos.txt,Panamsat Corporation,1192491,38085181,485BPOS,SEC,repeated-schedule-pages,reported-as-of
2000-09-30,2001-10-01,2001-10-01_0000912057-01-534103_a2059883z485bpos.txt,"RF Micro Devises, Inc",1084276,34696832,485BPOS,SEC,repeated-schedule-pages,reported-as-of
2000-09-30,2001-10-01,2001-10-01_0000912057-01-534103_a2059883z485bpos.txt,"RealNetworks, Inc",870282,34593710,485BPOS,SEC,repeated-schedule-pages,reported-as-of
2000-09-30,2001-10-01,2001-10-01_0000912057-01-534103_a2059883z485bpos.txt,"Molex, Inc",571366,31103737,485BPOS,SEC,repeated-schedule-pages,reported-as-of
2000-09-30,2001-10-01,2001-10-01_0000912057-01-534103_a2059883z485bpos.txt,Atmel Corporation,2044374,31048930,485BPOS,SEC,repeated-schedule-pages,reported-as-of
2000-09-30,2001-10-01,2001-10-01_0000912057-01-534103_a2059883z485bpos.txt,American Power Corporation,1512396,29019098,485BPOS,SEC,repeated-schedule-pages,reported-as-of
2000-09-30,2001-10-01,2001-10-01_0000912057-01-534103_a2059883z485bpos.txt,"Citrix Systems, Inc",1304891,26179376,485BPOS,SEC,repeated-schedule-pages,reported-as-of
2000-09-30,2001-10-01,2001-10-01_0000912057-01-534103_a2059883z485bpos.txt,"Staples, Inc",1815466,25756924,485BPOS,SEC,repeated-schedule-pages,reported-as-of
2000-09-30,2001-10-01,2001-10-01_0000912057-01-534103_a2059883z485bpos.txt,At Home Corporation,1731645,24459486,485BPOS,SEC,repeated-schedule-pages,reported-as-of
2000-09-30,2001-10-01,2001-10-01_0000912057-01-534103_a2059883z485bpos.txt,Parametric Technology Corporation,2187533,23926142,485BPOS,SEC,repeated-schedule-pages,reported-as-of
2000-09-30,2001-10-01,2001-10-01_0000912057-01-534103_a2059883z485bpos.txt,"Dollar Tree Stores, Inc",579197,23493678,485BPOS,SEC,repeated-schedule-pages,reported-as-of
2000-09-30,2001-10-01,2001-10-01_0000912057-01-534103_a2059883z485bpos.txt,"Novell, Inc",2302784,22883916,485BPOS,SEC,repeated-schedule-pages,reported-as-of
2000-09-30,2001-10-01,2001-10-01_0000912057-01-534103_a2059883z485bpos.txt,Corporation,772991,21305564,485BPOS,SEC,repeated-schedule-pages,reported-as-of
2000-09-30,2001-10-01,2001-10-01_0000912057-01-534103_a2059883z485bpos.txt,"BMC Software, Inc",1111358,21254722,485BPOS,SEC,repeated-schedule-pages,reported-as-of
2000-09-30,2001-10-01,2001-10-01_0000912057-01-534103_a2059883z485bpos.txt,"Microchip Technology, Inc",596066,19707432,485BPOS,SEC,repeated-schedule-pages,reported-as-of
2000-09-30,2001-10-01,2001-10-01_0000912057-01-534103_a2059883z485bpos.txt,"Networks Associates, Inc",845652,19132877,485BPOS,SEC,repeated-schedule-pages,reported-as-of
2000-09-30,2001-10-01,2001-10-01_0000912057-01-534103_a2059883z485bpos.txt,"Paccar, Inc",507285,18801250,485BPOS,SEC,repeated-schedule-pages,reported-as-of
2000-09-30,2001-10-01,2001-10-01_0000912057-01-534103_a2059883z485bpos.txt,Corporation,1412291,16947492,485BPOS,SEC,repeated-schedule-pages,reported-as-of
2000-09-30,2001-10-01,2001-10-01_0000912057-01-534103_a2059883z485bpos.txt,"Synopsys, Inc",444688,16842558,485BPOS,SEC,repeated-schedule-pages,reported-as-of
2000-09-30,2001-10-01,2001-10-01_0000912057-01-534103_a2059883z485bpos.txt,"Apollo Group, Inc",415572,16570934,485BPOS,SEC,repeated-schedule-pages,reported-as-of
2000-09-30,2001-10-01,2001-10-01_0000912057-01-534103_a2059883z485bpos.txt,Sigma-Aldrich Corporation,501421,16546893,485BPOS,SEC,repeated-schedule-pages,reported-as-of
2000-09-30,2001-10-01,2001-10-01_0000912057-01-534103_a2059883z485bpos.txt,Corporation,958647,15278437,485BPOS,SEC,repeated-schedule-pages,reported-as-of
2000-09-30,2001-10-01,2001-10-01_0000912057-01-534103_a2059883z485bpos.txt,"CNET Networks, Inc",584738,14243855,485BPOS,SEC,repeated-schedule-pages,reported-as-of
2000-09-30,2001-10-01,2001-10-01_0000912057-01-534103_a2059883z485bpos.txt,"Miller Herman, Inc",360836,11569304,485BPOS,SEC,repeated-schedule-pages,reported-as-of
2000-09-30,2001-10-01,2001-10-01_0000912057-01-534103_a2059883z485bpos.txt,Compuware Corporation,1330960,11146790,485BPOS,SEC,repeated-schedule-pages,reported-as-of
2000-09-30,2001-10-01,2001-10-01_0000912057-01-534103_a2059883z485bpos.txt,Northwest Airlines Corporation,413472,10155906,485BPOS,SEC,repeated-schedule-pages,reported-as-of
2000-09-30,2001-10-01,2001-10-01_0000912057-01-534103_a2059883z485bpos.txt,"Adaptec, Inc",483150,9663000,485BPOS,SEC,repeated-schedule-pages,reported-as-of
2000-09-30,2001-10-01,2001-10-01_0000912057-01-534103_a2059883z485bpos.txt,"Legato Systems, Inc",560538,7532229,485BPOS,SEC,repeated-schedule-pages,reported-as-of
2000-09-30,2001-10-01,2001-10-01_0000912057-01-534103_a2059883z485bpos.txt,"Pacificare Health Systems, Inc",188862,6574758,485BPOS,SEC,repeated-schedule-pages,reported-as-of
2001-09-30,2002-01-30,2002-01-30_0000912057-02-003384_a2068197z485bpos.txt,Microsoft Corporation,42364680,2167800676,485BPOS,SEC,repeated-schedule-pages,reported-as-of
2001-09-30,2002-01-30,2002-01-30_0000912057-02-003384_a2068197z485bpos.txt,Intel Corporation,53883383,1101376349,485BPOS,SEC,repeated-schedule-pages,reported-as-of
2001-09-30,2002-01-30,2002-01-30_0000912057-02-003384_a2068197z485bpos.txt,"Qualcomm, Incorporated",20975917,997195094,485BPOS,SEC,repeated-schedule-pages,reported-as-of
2001-09-30,2002-01-30,2002-01-30_0000912057-02-003384_a2068197z485bpos.txt,"Cisco Systems, Inc",59804190,728415034,485BPOS,SEC,repeated-schedule-pages,reported-as-of
2001-09-30,2002-01-30,2002-01-30_0000912057-02-003384_a2068197z485bpos.txt,Oracle Corporation,53188891,669116249,485BPOS,SEC,repeated-schedule-pages,reported-as-of
2001-09-30,2002-01-30,2002-01-30_0000912057-02-003384_a2068197z485bpos.txt,"Amgen, Inc",11162690,656031291,485BPOS,SEC,repeated-schedule-pages,reported-as-of
2001-09-30,2002-01-30,2002-01-30_0000912057-02-003384_a2068197z485bpos.txt,Dell Computer Corporation,21906693,405931021,485BPOS,SEC,repeated-schedule-pages,reported-as-of
2001-09-30,2002-01-30,2002-01-30_0000912057-02-003384_a2068197z485bpos.txt,Comcast Corporation,10258215,367962172,485BPOS,SEC,repeated-schedule-pages,reported-as-of
2001-09-30,2002-01-30,2002-01-30_0000912057-02-003384_a2068197z485bpos.txt,"Maxim Integrated Products, Inc",10521429,367618729,485BPOS,SEC,repeated-schedule-pages,reported-as-of
2001-09-30,2002-01-30,2002-01-30_0000912057-02-003384_a2068197z485bpos.txt,"WorldCom, Inc",24328484,365900399,485BPOS,SEC,repeated-schedule-pages,reported-as-of
2001-09-30,2002-01-30,2002-01-30_0000912057-02-003384_a2068197z485bpos.txt,Linear Technology Corporation,9716628,318705398,485BPOS,SEC,repeated-schedule-pages,reported-as-of
2001-09-30,2002-01-30,2002-01-30_0000912057-02-003384_a2068197z485bpos.txt,"Concord EFS, Inc",6489876,317679430,485BPOS,SEC,repeated-schedule-pages,reported-as-of
2001-09-30,2002-01-30,2002-01-30_0000912057-02-003384_a2068197z485bpos.txt,Immunex Corporation,16756970,313020200,485BPOS,SEC,repeated-schedule-pages,reported-as-of
2001-09-30,2002-01-30,2002-01-30_0000912057-02-003384_a2068197z485bpos.txt,"Applied Materials, Inc",9654791,274582256,485BPOS,SEC,repeated-schedule-pages,reported-as-of
2001-09-30,2002-01-30,2002-01-30_0000912057-02-003384_a2068197z485bpos.txt,Genzyme General,5953551,270410286,485BPOS,SEC,repeated-schedule-pages,reported-as-of
2001-09-30,2002-01-30,2002-01-30_0000912057-02-003384_a2068197z485bpos.txt,Chiron Corporation,6073711,269490557,485BPOS,SEC,repeated-schedule-pages,reported-as-of
2001-09-30,2002-01-30,2002-01-30_0000912057-02-003384_a2068197z485bpos.txt,"Sun Microsystems, Inc",32402373,267967625,485BPOS,SEC,repeated-schedule-pages,reported-as-of
2001-09-30,2002-01-30,2002-01-30_0000912057-02-003384_a2068197z485bpos.txt,"Paychex, Inc",8119606,255848785,485BPOS,SEC,repeated-schedule-pages,reported-as-of
2001-09-30,2002-01-30,2002-01-30_0000912057-02-003384_a2068197z485bpos.txt,"Biomet, Inc",8300263,242782693,485BPOS,SEC,repeated-schedule-pages,reported-as-of
2001-09-30,2002-01-30,2002-01-30_0000912057-02-003384_a2068197z485bpos.txt,"Xilinx, Inc",10120682,238139647,485BPOS,SEC,repeated-schedule-pages,reported-as-of
2001-09-30,2002-01-30,2002-01-30_0000912057-02-003384_a2068197z485bpos.txt,"Biogen, Inc",4174213,232002759,485BPOS,SEC,repeated-schedule-pages,reported-as-of
2001-09-30,2002-01-30,2002-01-30_0000912057-02-003384_a2068197z485bpos.txt,"Bed Bath & Beyond, Inc",8901056,226620886,485BPOS,SEC,repeated-schedule-pages,reported-as-of
2001-09-30,2002-01-30,2002-01-30_0000912057-02-003384_a2068197z485bpos.txt,"Intuit, Inc",6025706,215720275,485BPOS,SEC,repeated-schedule-pages,reported-as-of
2001-09-30,2002-01-30,2002-01-30_0000912057-02-003384_a2068197z485bpos.txt,eBay Inc,4661255,213252416,485BPOS,SEC,repeated-schedule-pages,reported-as-of
2001-09-30,2002-01-30,2002-01-30_0000912057-02-003384_a2068197z485bpos.txt,Altera Corporation,12415639,203368167,485BPOS,SEC,repeated-schedule-pages,reported-as-of
2001-09-30,2002-01-30,2002-01-30_0000912057-02-003384_a2068197z485bpos.txt,Flextronics International Ltd,11979762,198145263,485BPOS,SEC,repeated-schedule-pages,reported-as-of
2001-09-30,2002-01-30,2002-01-30_0000912057-02-003384_a2068197z485bpos.txt,JDS Uniphase Corporation,31026831,196089572,485BPOS,SEC,repeated-schedule-pages,reported-as-of
2001-09-30,2002-01-30,2002-01-30_0000912057-02-003384_a2068197z485bpos.txt,Costco Wholesale Corporation,5432081,193164800,485BPOS,SEC,repeated-schedule-pages,reported-as-of
2001-09-30,2002-01-30,2002-01-30_0000912057-02-003384_a2068197z485bpos.txt,Nextel Communications Corporation,21804511,188390975,485BPOS,SEC,repeated-schedule-pages,reported-as-of
2001-09-30,2002-01-30,2002-01-30_0000912057-02-003384_a2068197z485bpos.txt,Cintas Corporation,4656115,187641435,485BPOS,SEC,repeated-schedule-pages,reported-as-of
2001-09-30,2002-01-30,2002-01-30_0000912057-02-003384_a2068197z485bpos.txt,IDEC Pharmaceuticals Corporation,3776725,187212258,485BPOS,SEC,repeated-schedule-pages,reported-as-of
2001-09-30,2002-01-30,2002-01-30_0000912057-02-003384_a2068197z485bpos.txt,"MedImmune, Inc",5231063,186382775,485BPOS,SEC,repeated-schedule-pages,reported-as-of
2001-09-30,2002-01-30,2002-01-30_0000912057-02-003384_a2068197z485bpos.txt,"VeriSign, Inc",4374838,183305712,485BPOS,SEC,repeated-schedule-pages,reported-as-of
2001-09-30,2002-01-30,2002-01-30_0000912057-02-003384_a2068197z485bpos.txt,"Fiserv, Inc",5347716,182891887,485BPOS,SEC,repeated-schedule-pages,reported-as-of
2001-09-30,2002-01-30,2002-01-30_0000912057-02-003384_a2068197z485bpos.txt,Starbucks Corporation,12124648,181142241,485BPOS,SEC,repeated-schedule-pages,reported-as-of
2001-09-30,2002-01-30,2002-01-30_0000912057-02-003384_a2068197z485bpos.txt,"PeopleSoft, Inc",9776683,176371361,485BPOS,SEC,repeated-schedule-pages,reported-as-of
2001-09-30,2002-01-30,2002-01-30_0000912057-02-003384_a2068197z485bpos.txt,"Apple Computer, Inc",11190995,173572332,485BPOS,SEC,repeated-schedule-pages,reported-as-of
2001-09-30,2002-01-30,2002-01-30_0000912057-02-003384_a2068197z485bpos.txt,Veritas Software Corporation,9346647,172352171,485BPOS,SEC,repeated-schedule-pages,reported-as-of
2001-09-30,2002-01-30,2002-01-30_0000912057-02-003384_a2068197z485bpos.txt,KLA-Tencor Corporation,5138152,162262840,485BPOS,SEC,repeated-schedule-pages,reported-as-of
2001-09-30,2002-01-30,2002-01-30_0000912057-02-003384_a2068197z485bpos.txt,"Siebel Systems, Inc",12332922,160451315,485BPOS,SEC,repeated-schedule-pages,reported-as-of
2001-09-30,2002-01-30,2002-01-30_0000912057-02-003384_a2068197z485bpos.txt,"USA Networks, Inc",8162705,146765436,485BPOS,SEC,repeated-schedule-pages,reported-as-of
2001-09-30,2002-01-30,2002-01-30_0000912057-02-003384_a2068197z485bpos.txt,"Electronic Arts, Inc",3150122,143866072,485BPOS,SEC,repeated-schedule-pages,reported-as-of
2001-09-30,2002-01-30,2002-01-30_0000912057-02-003384_a2068197z485bpos.txt,EchoStar Communication Corporation,5678633,132141790,485BPOS,SEC,repeated-schedule-pages,reported-as-of
2001-09-30,2002-01-30,2002-01-30_0000912057-02-003384_a2068197z485bpos.txt,Adobe Systems Incorporated,5354135,128392157,485BPOS,SEC,repeated-schedule-pages,reported-as-of
2001-09-30,2002-01-30,2002-01-30_0000912057-02-003384_a2068197z485bpos.txt,PanAmSat Corporation,4618071,107693416,485BPOS,SEC,repeated-schedule-pages,reported-as-of
2001-09-30,2002-01-30,2002-01-30_0000912057-02-003384_a2068197z485bpos.txt,Sanmina Corporation,7827583,106298577,485BPOS,SEC,repeated-schedule-pages,reported-as-of
2001-09-30,2002-01-30,2002-01-30_0000912057-02-003384_a2068197z485bpos.txt,"Citrix Systems, Inc",5082708,100637618,485BPOS,SEC,repeated-schedule-pages,reported-as-of
2001-09-30,2002-01-30,2002-01-30_0000912057-02-003384_a2068197z485bpos.txt,"Millennium Pharmaceuticals, Inc",5509449,97847814,485BPOS,SEC,repeated-schedule-pages,reported-as-of
2001-09-30,2002-01-30,2002-01-30_0000912057-02-003384_a2068197z485bpos.txt,NVIDIA Corporation,3520005,96694537,485BPOS,SEC,repeated-schedule-pages,reported-as-of
2001-09-30,2002-01-30,2002-01-30_0000912057-02-003384_a2068197z485bpos.txt,"PACCAR, Inc",1966302,96486439,485BPOS,SEC,repeated-schedule-pages,reported-as-of
2001-09-30,2002-01-30,2002-01-30_0000912057-02-003384_a2068197z485bpos.txt,"Novellus Systems, Inc",3338451,95346161,485BPOS,SEC,repeated-schedule-pages,reported-as-of
2001-09-30,2002-01-30,2002-01-30_0000912057-02-003384_a2068197z485bpos.txt,"Staples, Inc",7034440,93909774,485BPOS,SEC,repeated-schedule-pages,reported-as-of
2001-09-30,2002-01-30,2002-01-30_0000912057-02-003384_a2068197z485bpos.txt,Ciena Corporation,8883928,91415619,485BPOS,SEC,repeated-schedule-pages,reported-as-of
2001-09-30,2002-01-30,2002-01-30_0000912057-02-003384_a2068197z485bpos.txt,"Human Genome Sciences, Inc",2902575,89718593,485BPOS,SEC,repeated-schedule-pages,reported-as-of
2001-09-30,2002-01-30,2002-01-30_0000912057-02-003384_a2068197z485bpos.txt,Corporation,3784817,84022937,485BPOS,SEC,repeated-schedule-pages,reported-as-of
2001-09-30,2002-01-30,2002-01-30_0000912057-02-003384_a2068197z485bpos.txt,"Comverse Technology, Inc",4069401,83341332,485BPOS,SEC,repeated-schedule-pages,reported-as-of
2001-09-30,2002-01-30,2002-01-30_0000912057-02-003384_a2068197z485bpos.txt,"BEA Systems, Inc",8358092,80154102,485BPOS,SEC,repeated-schedule-pages,reported-as-of
2001-09-30,2002-01-30,2002-01-30_0000912057-02-003384_a2068197z485bpos.txt,LM Ericsson Telephone Company,22622149,78951300,485BPOS,SEC,repeated-schedule-pages,reported-as-of
2001-09-30,2002-01-30,2002-01-30_0000912057-02-003384_a2068197z485bpos.txt,"ADC Telecommunications, Inc",22537378,78655449,485BPOS,SEC,repeated-schedule-pages,reported-as-of
2001-09-30,2002-01-30,2002-01-30_0000912057-02-003384_a2068197z485bpos.txt,Broadcom Corporation,3819689,77539687,485BPOS,SEC,repeated-schedule-pages,reported-as-of
2001-09-30,2002-01-30,2002-01-30_0000912057-02-003384_a2068197z485bpos.txt,"TMP Worldwide, Inc",2692198,76431501,485BPOS,SEC,repeated-schedule-pages,reported-as-of
2001-09-30,2002-01-30,2002-01-30_0000912057-02-003384_a2068197z485bpos.txt,Corporation,5463781,72285823,485BPOS,SEC,repeated-schedule-pages,reported-as-of
2001-09-30,2002-01-30,2002-01-30_0000912057-02-003384_a2068197z485bpos.txt,"RF Micro Devices, Inc",4290536,71222898,485BPOS,SEC,repeated-schedule-pages,reported-as-of
2001-09-30,2002-01-30,2002-01-30_0000912057-02-003384_a2068197z485bpos.txt,Microchip Technology Incorporated,2526457,67709048,485BPOS,SEC,repeated-schedule-pages,reported-as-of
2001-09-30,2002-01-30,2002-01-30_0000912057-02-003384_a2068197z485bpos.txt,Molex Incorporated,2224523,62531342,485BPOS,SEC,repeated-schedule-pages,reported-as-of
2001-09-30,2002-01-30,2002-01-30_0000912057-02-003384_a2068197z485bpos.txt,Applied Micro Circuits Corporation,7996386,55894738,485BPOS,SEC,repeated-schedule-pages,reported-as-of
2001-09-30,2002-01-30,2002-01-30_0000912057-02-003384_a2068197z485bpos.txt,Yahoo! Inc,6298215,55487274,485BPOS,SEC,repeated-schedule-pages,reported-as-of
2001-09-30,2002-01-30,2002-01-30_0000912057-02-003384_a2068197z485bpos.txt,"Network Appliance, Inc",7900844,53725739,485BPOS,SEC,repeated-schedule-pages,reported-as-of
2001-09-30,2002-01-30,2002-01-30_0000912057-02-003384_a2068197z485bpos.txt,Atmel Corporation,7965965,53212646,485BPOS,SEC,repeated-schedule-pages,reported-as-of
2001-09-30,2002-01-30,2002-01-30_0000912057-02-003384_a2068197z485bpos.txt,"Conexant Systems, Inc",6370837,52877947,485BPOS,SEC,repeated-schedule-pages,reported-as-of
2001-09-30,2002-01-30,2002-01-30_0000912057-02-003384_a2068197z485bpos.txt,"Tellabs, Inc",5341679,52775789,485BPOS,SEC,repeated-schedule-pages,reported-as-of
2001-09-30,2002-01-30,2002-01-30_0000912057-02-003384_a2068197z485bpos.txt,"Juniper Networks, Inc",4834890,46898433,485BPOS,SEC,repeated-schedule-pages,reported-as-of
2001-09-30,2002-01-30,2002-01-30_0000912057-02-003384_a2068197z485bpos.txt,Compuware Corporation,5236509,42620120,485BPOS,SEC,repeated-schedule-pages,reported-as-of
2001-09-30,2002-01-30,2002-01-30_0000912057-02-003384_a2068197z485bpos.txt,"PMC-Sierra, Inc",4148355,42603606,485BPOS,SEC,repeated-schedule-pages,reported-as-of
2001-09-30,2002-01-30,2002-01-30_0000912057-02-003384_a2068197z485bpos.txt,"Abgenix, Inc",1872322,42501709,485BPOS,SEC,repeated-schedule-pages,reported-as-of
2001-09-30,2002-01-30,2002-01-30_0000912057-02-003384_a2068197z485bpos.txt,Parametric Technology Corporation,8157528,42337570,485BPOS,SEC,repeated-schedule-pages,reported-as-of
2001-09-30,2002-01-30,2002-01-30_0000912057-02-003384_a2068197z485bpos.txt,Rational Software Corporation,4820995,41749817,485BPOS,SEC,repeated-schedule-pages,reported-as-of
2001-09-30,2002-01-30,2002-01-30_0000912057-02-003384_a2068197z485bpos.txt,QLogic Corporation,2157940,41000860,485BPOS,SEC,repeated-schedule-pages,reported-as-of
2001-09-30,2002-01-30,2002-01-30_0000912057-02-003384_a2068197z485bpos.txt,Mercury Interactive Corporation,2026591,38586293,485BPOS,SEC,repeated-schedule-pages,reported-as-of
2001-09-30,2002-01-30,2002-01-30_0000912057-02-003384_a2068197z485bpos.txt,Vitesse Semiconductor Corporation,4719650,36577288,485BPOS,SEC,repeated-schedule-pages,reported-as-of
2001-09-30,2002-01-30,2002-01-30_0000912057-02-003384_a2068197z485bpos.txt,"Novell, Inc",9916848,36295664,485BPOS,SEC,repeated-schedule-pages,reported-as-of
2001-09-30,2002-01-30,2002-01-30_0000912057-02-003384_a2068197z485bpos.txt,"i2 Technologies, Inc",10200362,35089245,485BPOS,SEC,repeated-schedule-pages,reported-as-of
2001-09-30,2002-01-30,2002-01-30_0000912057-02-003384_a2068197z485bpos.txt,"Amazon.com, Inc",5508514,32885829,485BPOS,SEC,repeated-schedule-pages,reported-as-of
2001-09-30,2002-01-30,2002-01-30_0000912057-02-003384_a2068197z485bpos.txt,"Level 3 Communications, Inc",5850424,22114603,485BPOS,SEC,repeated-schedule-pages,reported-as-of
2001-09-30,2002-01-30,2002-01-30_0000912057-02-003384_a2068197z485bpos.txt,"Palm, Inc",12274281,17920450,485BPOS,SEC,repeated-schedule-pages,reported-as-of
2001-09-30,2002-01-30,2002-01-30_0000912057-02-003384_a2068197z485bpos.txt,"RealNetworks, Inc",3476686,16896694,485BPOS,SEC,repeated-schedule-pages,reported-as-of
2001-09-30,2002-01-30,2002-01-30_0000912057-02-003384_a2068197z485bpos.txt,"CNET Networks, Inc",3574674,15371098,485BPOS,SEC,repeated-schedule-pages,reported-as-of
2001-09-30,2002-01-30,2002-01-30_0000912057-02-003384_a2068197z485bpos.txt,"Ariba, Inc",5525508,10277445,485BPOS,SEC,repeated-schedule-pages,reported-as-of
2001-09-30,2002-01-30,2002-01-30_0000912057-02-003384_a2068197z485bpos.txt,"McLeodUSA, Inc",11538142,8884369,485BPOS,SEC,repeated-schedule-pages,reported-as-of
2001-09-30,2002-01-30,2002-01-30_0000912057-02-003384_a2068197z485bpos.txt,"CMGI, Inc",8644360,8644360,485BPOS,SEC,repeated-schedule-pages,reported-as-of
2001-09-30,2002-01-30,2002-01-30_0000912057-02-003384_a2068197z485bpos.txt,Inktomi Corporation,2677652,7336766,485BPOS,SEC,repeated-schedule-pages,reported-as-of
2001-09-30,2002-01-30,2002-01-30_0000912057-02-003384_a2068197z485bpos.txt,"BroadVision, Inc",6915104,6292745,485BPOS,SEC,repeated-schedule-pages,reported-as-of
2001-09-30,2002-01-30,2002-01-30_0000912057-02-003384_a2068197z485bpos.txt,"Metromedia Fiber Network, Inc",13636224,4636316,485BPOS,SEC,repeated-schedule-pages,reported-as-of
2001-09-30,2002-01-30,2002-01-30_0000912057-02-003384_a2068197z485bpos.txt,"XO Communications, Inc",8395226,3442043,485BPOS,SEC,repeated-schedule-pages,reported-as-of
2001-09-30,2002-01-30,2002-01-30_0000912057-02-003384_a2068197z485bpos.txt,Exodus Communications,13646196,2319853,485BPOS,SEC,repeated-schedule-pages,reported-as-of
2001-09-30,2002-01-30,2002-01-30_0000912057-02-003384_a2068197z485bpos.txt,At Home Corporation,5842332,876350,485BPOS,SEC,repeated-schedule-pages,reported-as-of
2001-09-30,2002-02-01,2002-02-01_0000912057-02-003740_a2068197z485bpos.txt,Microsoft Corporation,42364680,2167800676,485BPOS,SEC,repeated-schedule-pages,reported-as-of
2001-09-30,2002-02-01,2002-02-01_0000912057-02-003740_a2068197z485bpos.txt,Intel Corporation,53883383,1101376349,485BPOS,SEC,repeated-schedule-pages,reported-as-of
2001-09-30,2002-02-01,2002-02-01_0000912057-02-003740_a2068197z485bpos.txt,"Qualcomm, Incorporated",20975917,997195094,485BPOS,SEC,repeated-schedule-pages,reported-as-of
2001-09-30,2002-02-01,2002-02-01_0000912057-02-003740_a2068197z485bpos.txt,"Cisco Systems, Inc",59804190,728415034,485BPOS,SEC,repeated-schedule-pages,reported-as-of
2001-09-30,2002-02-01,2002-02-01_0000912057-02-003740_a2068197z485bpos.txt,Oracle Corporation,53188891,669116249,485BPOS,SEC,repeated-schedule-pages,reported-as-of
2001-09-30,2002-02-01,2002-02-01_0000912057-02-003740_a2068197z485bpos.txt,"Amgen, Inc",11162690,656031291,485BPOS,SEC,repeated-schedule-pages,reported-as-of
2001-09-30,2002-02-01,2002-02-01_0000912057-02-003740_a2068197z485bpos.txt,Dell Computer Corporation,21906693,405931021,485BPOS,SEC,repeated-schedule-pages,reported-as-of
2001-09-30,2002-02-01,2002-02-01_0000912057-02-003740_a2068197z485bpos.txt,Comcast Corporation,10258215,367962172,485BPOS,SEC,repeated-schedule-pages,reported-as-of
2001-09-30,2002-02-01,2002-02-01_0000912057-02-003740_a2068197z485bpos.txt,"Maxim Integrated Products, Inc",10521429,367618729,485BPOS,SEC,repeated-schedule-pages,reported-as-of
2001-09-30,2002-02-01,2002-02-01_0000912057-02-003740_a2068197z485bpos.txt,"WorldCom, Inc",24328484,365900399,485BPOS,SEC,repeated-schedule-pages,reported-as-of
2001-09-30,2002-02-01,2002-02-01_0000912057-02-003740_a2068197z485bpos.txt,Linear Technology Corporation,9716628,318705398,485BPOS,SEC,repeated-schedule-pages,reported-as-of
2001-09-30,2002-02-01,2002-02-01_0000912057-02-003740_a2068197z485bpos.txt,"Concord EFS, Inc",6489876,317679430,485BPOS,SEC,repeated-schedule-pages,reported-as-of
2001-09-30,2002-02-01,2002-02-01_0000912057-02-003740_a2068197z485bpos.txt,Immunex Corporation,16756970,313020200,485BPOS,SEC,repeated-schedule-pages,reported-as-of
2001-09-30,2002-02-01,2002-02-01_0000912057-02-003740_a2068197z485bpos.txt,"Applied Materials, Inc",9654791,274582256,485BPOS,SEC,repeated-schedule-pages,reported-as-of
2001-09-30,2002-02-01,2002-02-01_0000912057-02-003740_a2068197z485bpos.txt,Genzyme General,5953551,270410286,485BPOS,SEC,repeated-schedule-pages,reported-as-of
2001-09-30,2002-02-01,2002-02-01_0000912057-02-003740_a2068197z485bpos.txt,Chiron Corporation,6073711,269490557,485BPOS,SEC,repeated-schedule-pages,reported-as-of
2001-09-30,2002-02-01,2002-02-01_0000912057-02-003740_a2068197z485bpos.txt,"Sun Microsystems, Inc",32402373,267967625,485BPOS,SEC,repeated-schedule-pages,reported-as-of
2001-09-30,2002-02-01,2002-02-01_0000912057-02-003740_a2068197z485bpos.txt,"Paychex, Inc",8119606,255848785,485BPOS,SEC,repeated-schedule-pages,reported-as-of
2001-09-30,2002-02-01,2002-02-01_0000912057-02-003740_a2068197z485bpos.txt,"Biomet, Inc",8300263,242782693,485BPOS,SEC,repeated-schedule-pages,reported-as-of
2001-09-30,2002-02-01,2002-02-01_0000912057-02-003740_a2068197z485bpos.txt,"Xilinx, Inc",10120682,238139647,485BPOS,SEC,repeated-schedule-pages,reported-as-of
2001-09-30,2002-02-01,2002-02-01_0000912057-02-003740_a2068197z485bpos.txt,"Biogen, Inc",4174213,232002759,485BPOS,SEC,repeated-schedule-pages,reported-as-of
2001-09-30,2002-02-01,2002-02-01_0000912057-02-003740_a2068197z485bpos.txt,"Bed Bath & Beyond, Inc",8901056,226620886,485BPOS,SEC,repeated-schedule-pages,reported-as-of
2001-09-30,2002-02-01,2002-02-01_0000912057-02-003740_a2068197z485bpos.txt,"Intuit, Inc",6025706,215720275,485BPOS,SEC,repeated-schedule-pages,reported-as-of
2001-09-30,2002-02-01,2002-02-01_0000912057-02-003740_a2068197z485bpos.txt,eBay Inc,4661255,213252416,485BPOS,SEC,repeated-schedule-pages,reported-as-of
2001-09-30,2002-02-01,2002-02-01_0000912057-02-003740_a2068197z485bpos.txt,Altera Corporation,12415639,203368167,485BPOS,SEC,repeated-schedule-pages,reported-as-of
2001-09-30,2002-02-01,2002-02-01_0000912057-02-003740_a2068197z485bpos.txt,Flextronics International Ltd,11979762,198145263,485BPOS,SEC,repeated-schedule-pages,reported-as-of
2001-09-30,2002-02-01,2002-02-01_0000912057-02-003740_a2068197z485bpos.txt,JDS Uniphase Corporation,31026831,196089572,485BPOS,SEC,repeated-schedule-pages,reported-as-of
2001-09-30,2002-02-01,2002-02-01_0000912057-02-003740_a2068197z485bpos.txt,Costco Wholesale Corporation,5432081,193164800,485BPOS,SEC,repeated-schedule-pages,reported-as-of
2001-09-30,2002-02-01,2002-02-01_0000912057-02-003740_a2068197z485bpos.txt,Nextel Communications Corporation,21804511,188390975,485BPOS,SEC,repeated-schedule-pages,reported-as-of
2001-09-30,2002-02-01,2002-02-01_0000912057-02-003740_a2068197z485bpos.txt,Cintas Corporation,4656115,187641435,485BPOS,SEC,repeated-schedule-pages,reported-as-of
2001-09-30,2002-02-01,2002-02-01_0000912057-02-003740_a2068197z485bpos.txt,IDEC Pharmaceuticals Corporation,3776725,187212258,485BPOS,SEC,repeated-schedule-pages,reported-as-of
2001-09-30,2002-02-01,2002-02-01_0000912057-02-003740_a2068197z485bpos.txt,"MedImmune, Inc",5231063,186382775,485BPOS,SEC,repeated-schedule-pages,reported-as-of
2001-09-30,2002-02-01,2002-02-01_0000912057-02-003740_a2068197z485bpos.txt,"VeriSign, Inc",4374838,183305712,485BPOS,SEC,repeated-schedule-pages,reported-as-of
2001-09-30,2002-02-01,2002-02-01_0000912057-02-003740_a2068197z485bpos.txt,"Fiserv, Inc",5347716,182891887,485BPOS,SEC,repeated-schedule-pages,reported-as-of
2001-09-30,2002-02-01,2002-02-01_0000912057-02-003740_a2068197z485bpos.txt,Starbucks Corporation,12124648,181142241,485BPOS,SEC,repeated-schedule-pages,reported-as-of
2001-09-30,2002-02-01,2002-02-01_0000912057-02-003740_a2068197z485bpos.txt,"PeopleSoft, Inc",9776683,176371361,485BPOS,SEC,repeated-schedule-pages,reported-as-of
2001-09-30,2002-02-01,2002-02-01_0000912057-02-003740_a2068197z485bpos.txt,"Apple Computer, Inc",11190995,173572332,485BPOS,SEC,repeated-schedule-pages,reported-as-of
2001-09-30,2002-02-01,2002-02-01_0000912057-02-003740_a2068197z485bpos.txt,Veritas Software Corporation,9346647,172352171,485BPOS,SEC,repeated-schedule-pages,reported-as-of
2001-09-30,2002-02-01,2002-02-01_0000912057-02-003740_a2068197z485bpos.txt,KLA-Tencor Corporation,5138152,162262840,485BPOS,SEC,repeated-schedule-pages,reported-as-of
2001-09-30,2002-02-01,2002-02-01_0000912057-02-003740_a2068197z485bpos.txt,"Siebel Systems, Inc",12332922,160451315,485BPOS,SEC,repeated-schedule-pages,reported-as-of
2001-09-30,2002-02-01,2002-02-01_0000912057-02-003740_a2068197z485bpos.txt,"USA Networks, Inc",8162705,146765436,485BPOS,SEC,repeated-schedule-pages,reported-as-of
2001-09-30,2002-02-01,2002-02-01_0000912057-02-003740_a2068197z485bpos.txt,"Electronic Arts, Inc",3150122,143866072,485BPOS,SEC,repeated-schedule-pages,reported-as-of
2001-09-30,2002-02-01,2002-02-01_0000912057-02-003740_a2068197z485bpos.txt,EchoStar Communication Corporation,5678633,132141790,485BPOS,SEC,repeated-schedule-pages,reported-as-of
2001-09-30,2002-02-01,2002-02-01_0000912057-02-003740_a2068197z485bpos.txt,Adobe Systems Incorporated,5354135,128392157,485BPOS,SEC,repeated-schedule-pages,reported-as-of
2001-09-30,2002-02-01,2002-02-01_0000912057-02-003740_a2068197z485bpos.txt,PanAmSat Corporation,4618071,107693416,485BPOS,SEC,repeated-schedule-pages,reported-as-of
2001-09-30,2002-02-01,2002-02-01_0000912057-02-003740_a2068197z485bpos.txt,Sanmina Corporation,7827583,106298577,485BPOS,SEC,repeated-schedule-pages,reported-as-of
2001-09-30,2002-02-01,2002-02-01_0000912057-02-003740_a2068197z485bpos.txt,"Citrix Systems, Inc",5082708,100637618,485BPOS,SEC,repeated-schedule-pages,reported-as-of
2001-09-30,2002-02-01,2002-02-01_0000912057-02-003740_a2068197z485bpos.txt,"Millennium Pharmaceuticals, Inc",5509449,97847814,485BPOS,SEC,repeated-schedule-pages,reported-as-of
2001-09-30,2002-02-01,2002-02-01_0000912057-02-003740_a2068197z485bpos.txt,NVIDIA Corporation,3520005,96694537,485BPOS,SEC,repeated-schedule-pages,reported-as-of
2001-09-30,2002-02-01,2002-02-01_0000912057-02-003740_a2068197z485bpos.txt,"PACCAR, Inc",1966302,96486439,485BPOS,SEC,repeated-schedule-pages,reported-as-of
2001-09-30,2002-02-01,2002-02-01_0000912057-02-003740_a2068197z485bpos.txt,"Novellus Systems, Inc",3338451,95346161,485BPOS,SEC,repeated-schedule-pages,reported-as-of
2001-09-30,2002-02-01,2002-02-01_0000912057-02-003740_a2068197z485bpos.txt,"Staples, Inc",7034440,93909774,485BPOS,SEC,repeated-schedule-pages,reported-as-of
2001-09-30,2002-02-01,2002-02-01_0000912057-02-003740_a2068197z485bpos.txt,Ciena Corporation,8883928,91415619,485BPOS,SEC,repeated-schedule-pages,reported-as-of
2001-09-30,2002-02-01,2002-02-01_0000912057-02-003740_a2068197z485bpos.txt,"Human Genome Sciences, Inc",2902575,89718593,485BPOS,SEC,repeated-schedule-pages,reported-as-of
2001-09-30,2002-02-01,2002-02-01_0000912057-02-003740_a2068197z485bpos.txt,Corporation,3784817,84022937,485BPOS,SEC,repeated-schedule-pages,reported-as-of
2001-09-30,2002-02-01,2002-02-01_0000912057-02-003740_a2068197z485bpos.txt,"Comverse Technology, Inc",4069401,83341332,485BPOS,SEC,repeated-schedule-pages,reported-as-of
2001-09-30,2002-02-01,2002-02-01_0000912057-02-003740_a2068197z485bpos.txt,"BEA Systems, Inc",8358092,80154102,485BPOS,SEC,repeated-schedule-pages,reported-as-of
2001-09-30,2002-02-01,2002-02-01_0000912057-02-003740_a2068197z485bpos.txt,LM Ericsson Telephone Company,22622149,78951300,485BPOS,SEC,repeated-schedule-pages,reported-as-of
2001-09-30,2002-02-01,2002-02-01_0000912057-02-003740_a2068197z485bpos.txt,"ADC Telecommunications, Inc",22537378,78655449,485BPOS,SEC,repeated-schedule-pages,reported-as-of
2001-09-30,2002-02-01,2002-02-01_0000912057-02-003740_a2068197z485bpos.txt,Broadcom Corporation,3819689,77539687,485BPOS,SEC,repeated-schedule-pages,reported-as-of
2001-09-30,2002-02-01,2002-02-01_0000912057-02-003740_a2068197z485bpos.txt,"TMP Worldwide, Inc",2692198,76431501,485BPOS,SEC,repeated-schedule-pages,reported-as-of
2001-09-30,2002-02-01,2002-02-01_0000912057-02-003740_a2068197z485bpos.txt,Corporation,5463781,72285823,485BPOS,SEC,repeated-schedule-pages,reported-as-of
2001-09-30,2002-02-01,2002-02-01_0000912057-02-003740_a2068197z485bpos.txt,"RF Micro Devices, Inc",4290536,71222898,485BPOS,SEC,repeated-schedule-pages,reported-as-of
2001-09-30,2002-02-01,2002-02-01_0000912057-02-003740_a2068197z485bpos.txt,Microchip Technology Incorporated,2526457,67709048,485BPOS,SEC,repeated-schedule-pages,reported-as-of
2001-09-30,2002-02-01,2002-02-01_0000912057-02-003740_a2068197z485bpos.txt,Molex Incorporated,2224523,62531342,485BPOS,SEC,repeated-schedule-pages,reported-as-of
2001-09-30,2002-02-01,2002-02-01_0000912057-02-003740_a2068197z485bpos.txt,Applied Micro Circuits Corporation,7996386,55894738,485BPOS,SEC,repeated-schedule-pages,reported-as-of
2001-09-30,2002-02-01,2002-02-01_0000912057-02-003740_a2068197z485bpos.txt,Yahoo! Inc,6298215,55487274,485BPOS,SEC,repeated-schedule-pages,reported-as-of
2001-09-30,2002-02-01,2002-02-01_0000912057-02-003740_a2068197z485bpos.txt,"Network Appliance, Inc",7900844,53725739,485BPOS,SEC,repeated-schedule-pages,reported-as-of
2001-09-30,2002-02-01,2002-02-01_0000912057-02-003740_a2068197z485bpos.txt,Atmel Corporation,7965965,53212646,485BPOS,SEC,repeated-schedule-pages,reported-as-of
2001-09-30,2002-02-01,2002-02-01_0000912057-02-003740_a2068197z485bpos.txt,"Conexant Systems, Inc",6370837,52877947,485BPOS,SEC,repeated-schedule-pages,reported-as-of
2001-09-30,2002-02-01,2002-02-01_0000912057-02-003740_a2068197z485bpos.txt,"Tellabs, Inc",5341679,52775789,485BPOS,SEC,repeated-schedule-pages,reported-as-of
2001-09-30,2002-02-01,2002-02-01_0000912057-02-003740_a2068197z485bpos.txt,"Juniper Networks, Inc",4834890,46898433,485BPOS,SEC,repeated-schedule-pages,reported-as-of
2001-09-30,2002-02-01,2002-02-01_0000912057-02-003740_a2068197z485bpos.txt,Compuware Corporation,5236509,42620120,485BPOS,SEC,repeated-schedule-pages,reported-as-of
2001-09-30,2002-02-01,2002-02-01_0000912057-02-003740_a2068197z485bpos.txt,"PMC-Sierra, Inc",4148355,42603606,485BPOS,SEC,repeated-schedule-pages,reported-as-of
2001-09-30,2002-02-01,2002-02-01_0000912057-02-003740_a2068197z485bpos.txt,"Abgenix, Inc",1872322,42501709,485BPOS,SEC,repeated-schedule-pages,reported-as-of
2001-09-30,2002-02-01,2002-02-01_0000912057-02-003740_a2068197z485bpos.txt,Parametric Technology Corporation,8157528,42337570,485BPOS,SEC,repeated-schedule-pages,reported-as-of
2001-09-30,2002-02-01,2002-02-01_0000912057-02-003740_a2068197z485bpos.txt,Rational Software Corporation,4820995,41749817,485BPOS,SEC,repeated-schedule-pages,reported-as-of
2001-09-30,2002-02-01,2002-02-01_0000912057-02-003740_a2068197z485bpos.txt,QLogic Corporation,2157940,41000860,485BPOS,SEC,repeated-schedule-pages,reported-as-of
2001-09-30,2002-02-01,2002-02-01_0000912057-02-003740_a2068197z485bpos.txt,Mercury Interactive Corporation,2026591,38586293,485BPOS,SEC,repeated-schedule-pages,reported-as-of
2001-09-30,2002-02-01,2002-02-01_0000912057-02-003740_a2068197z485bpos.txt,Vitesse Semiconductor Corporation,4719650,36577288,485BPOS,SEC,repeated-schedule-pages,reported-as-of
2001-09-30,2002-02-01,2002-02-01_0000912057-02-003740_a2068197z485bpos.txt,"Novell, Inc",9916848,36295664,485BPOS,SEC,repeated-schedule-pages,reported-as-of
2001-09-30,2002-02-01,2002-02-01_0000912057-02-003740_a2068197z485bpos.txt,"i2 Technologies, Inc",10200362,35089245,485BPOS,SEC,repeated-schedule-pages,reported-as-of
2001-09-30,2002-02-01,2002-02-01_0000912057-02-003740_a2068197z485bpos.txt,"Amazon.com, Inc",5508514,32885829,485BPOS,SEC,repeated-schedule-pages,reported-as-of
2001-09-30,2002-02-01,2002-02-01_0000912057-02-003740_a2068197z485bpos.txt,"Level 3 Communications, Inc",5850424,22114603,485BPOS,SEC,repeated-schedule-pages,reported-as-of
2001-09-30,2002-02-01,2002-02-01_0000912057-02-003740_a2068197z485bpos.txt,"Palm, Inc",12274281,17920450,485BPOS,SEC,repeated-schedule-pages,reported-as-of
2001-09-30,2002-02-01,2002-02-01_0000912057-02-003740_a2068197z485bpos.txt,"RealNetworks, Inc",3476686,16896694,485BPOS,SEC,repeated-schedule-pages,reported-as-of
2001-09-30,2002-02-01,2002-02-01_0000912057-02-003740_a2068197z485bpos.txt,"CNET Networks, Inc",3574674,15371098,485BPOS,SEC,repeated-schedule-pages,reported-as-of
2001-09-30,2002-02-01,2002-02-01_0000912057-02-003740_a2068197z485bpos.txt,"Ariba, Inc",5525508,10277445,485BPOS,SEC,repeated-schedule-pages,reported-as-of
2001-09-30,2002-02-01,2002-02-01_0000912057-02-003740_a2068197z485bpos.txt,"McLeodUSA, Inc",11538142,8884369,485BPOS,SEC,repeated-schedule-pages,reported-as-of
2001-09-30,2002-02-01,2002-02-01_0000912057-02-003740_a2068197z485bpos.txt,"CMGI, Inc",8644360,8644360,485BPOS,SEC,repeated-schedule-pages,reported-as-of
2001-09-30,2002-02-01,2002-02-01_0000912057-02-003740_a2068197z485bpos.txt,Inktomi Corporation,2677652,7336766,485BPOS,SEC,repeated-schedule-pages,reported-as-of
2001-09-30,2002-02-01,2002-02-01_0000912057-02-003740_a2068197z485bpos.txt,"BroadVision, Inc",6915104,6292745,485BPOS,SEC,repeated-schedule-pages,reported-as-of
2001-09-30,2002-02-01,2002-02-01_0000912057-02-003740_a2068197z485bpos.txt,"Metromedia Fiber Network, Inc",13636224,4636316,485BPOS,SEC,repeated-schedule-pages,reported-as-of
2001-09-30,2002-02-01,2002-02-01_0000912057-02-003740_a2068197z485bpos.txt,"XO Communications, Inc",8395226,3442043,485BPOS,SEC,repeated-schedule-pages,reported-as-of
2001-09-30,2002-02-01,2002-02-01_0000912057-02-003740_a2068197z485bpos.txt,Exodus Communications,13646196,2319853,485BPOS,SEC,repeated-schedule-pages,reported-as-of
2001-09-30,2002-02-01,2002-02-01_0000912057-02-003740_a2068197z485bpos.txt,At Home Corporation,5842332,876350,485BPOS,SEC,repeated-schedule-pages,reported-as-of
2002-09-30,2003-01-31,2003-01-31_0001206774-03-000033_d11781.txt,Microsoft Corporation,46080771,2015572924,485BPOS,SEC,text-schedule,reported-as-of
2002-09-30,2003-01-31,2003-01-31_0001206774-03-000033_d11781.txt,Intel Corporation,58097152,806969441,485BPOS,SEC,text-schedule,reported-as-of
2002-09-30,2003-01-31,2003-01-31_0001206774-03-000033_d11781.txt,"Cisco Systems, Inc.",65069139,681924577,485BPOS,SEC,text-schedule,reported-as-of
2002-09-30,2003-01-31,2003-01-31_0001206774-03-000033_d11781.txt,QUALCOMM Inc,23331959,644428708,485BPOS,SEC,text-schedule,reported-as-of
2002-09-30,2003-01-31,2003-01-31_0001206774-03-000033_d11781.txt,Amgen Inc.,14829910,618407247,485BPOS,SEC,text-schedule,reported-as-of
2002-09-30,2003-01-31,2003-01-31_0001206774-03-000033_d11781.txt,Dell Computer Corporation,23758718,558567460,485BPOS,SEC,text-schedule,reported-as-of
2002-09-30,2003-01-31,2003-01-31_0001206774-03-000033_d11781.txt,Oracle Corporation,55874409,439172855,485BPOS,SEC,text-schedule,reported-as-of
2002-09-30,2003-01-31,2003-01-31_0001206774-03-000033_d11781.txt,Bed Bath & Beyond Inc.,9777255,318445195,485BPOS,SEC,text-schedule,reported-as-of
2002-09-30,2003-01-31,2003-01-31_0001206774-03-000033_d11781.txt,Intuit Inc.,6635695,302123193,485BPOS,SEC,text-schedule,reported-as-of
2002-09-30,2003-01-31,2003-01-31_0001206774-03-000033_d11781.txt,"Maxim Integrated Products, Inc.",11263686,278888865,485BPOS,SEC,text-schedule,reported-as-of
2002-09-30,2003-01-31,2003-01-31_0001206774-03-000033_d11781.txt,Starbucks Corporation,13440810,277418318,485BPOS,SEC,text-schedule,reported-as-of
2002-09-30,2003-01-31,2003-01-31_0001206774-03-000033_d11781.txt,eBay Inc.,5232345,276320140,485BPOS,SEC,text-schedule,reported-as-of
2002-09-30,2003-01-31,2003-01-31_0001206774-03-000033_d11781.txt,"Applied Materials, Inc.",21215512,245039164,485BPOS,SEC,text-schedule,reported-as-of
2002-09-30,2003-01-31,2003-01-31_0001206774-03-000033_d11781.txt,"Biomet, Inc",8825002,235009803,485BPOS,SEC,text-schedule,reported-as-of
2002-09-30,2003-01-31,2003-01-31_0001206774-03-000033_d11781.txt,Comcast Corporation,11183113,233279737,485BPOS,SEC,text-schedule,reported-as-of
2002-09-30,2003-01-31,2003-01-31_0001206774-03-000033_d11781.txt,Electronic Arts Inc.,3494141,230473540,485BPOS,SEC,text-schedule,reported-as-of
2002-09-30,2003-01-31,2003-01-31_0001206774-03-000033_d11781.txt,Chiron Corporation,6579326,229881650,485BPOS,SEC,text-schedule,reported-as-of
2002-09-30,2003-01-31,2003-01-31_0001206774-03-000033_d11781.txt,"Concord EFS, Inc.",14406129,228769329,485BPOS,SEC,text-schedule,reported-as-of
2002-09-30,2003-01-31,2003-01-31_0001206774-03-000033_d11781.txt,Linear Technology Corporation,10560295,218809312,485BPOS,SEC,text-schedule,reported-as-of
2002-09-30,2003-01-31,2003-01-31_0001206774-03-000033_d11781.txt,"Paychex, Inc",8879370,215502310,485BPOS,SEC,text-schedule,reported-as-of
2002-09-30,2003-01-31,2003-01-31_0001206774-03-000033_d11781.txt,Cintas Corporation,5080860,212989651,485BPOS,SEC,text-schedule,reported-as-of
2002-09-30,2003-01-31,2003-01-31_0001206774-03-000033_d11781.txt,"Nextel Communications, Inc.",28052009,211792668,485BPOS,SEC,text-schedule,reported-as-of
2002-09-30,2003-01-31,2003-01-31_0001206774-03-000033_d11781.txt,USA Interactive,10902655,211293454,485BPOS,SEC,text-schedule,reported-as-of
2002-09-30,2003-01-31,2003-01-31_0001206774-03-000033_d11781.txt,Costco Wholesale Corporation,5962830,193016807,485BPOS,SEC,text-schedule,reported-as-of
2002-09-30,2003-01-31,2003-01-31_0001206774-03-000033_d11781.txt,"Apollo Group, Inc.",4367381,189675357,485BPOS,SEC,text-schedule,reported-as-of
2002-09-30,2003-01-31,2003-01-31_0001206774-03-000033_d11781.txt,"Apple Computer, Inc.",12460540,180677830,485BPOS,SEC,text-schedule,reported-as-of
2002-09-30,2003-01-31,2003-01-31_0001206774-03-000033_d11781.txt,"Xilinx, Inc.",11146426,176537095,485BPOS,SEC,text-schedule,reported-as-of
2002-09-30,2003-01-31,2003-01-31_0001206774-03-000033_d11781.txt,IDEC Pharmaceuticals Corporation,4131484,171539216,485BPOS,SEC,text-schedule,reported-as-of
2002-09-30,2003-01-31,2003-01-31_0001206774-03-000033_d11781.txt,"Fiserv, Inc.",5986505,168101060,485BPOS,SEC,text-schedule,reported-as-of
2002-09-30,2003-01-31,2003-01-31_0001206774-03-000033_d11781.txt,"Gilead Sciences, Inc.",4801017,160978100,485BPOS,SEC,text-schedule,reported-as-of
2002-09-30,2003-01-31,2003-01-31_0001206774-03-000033_d11781.txt,KLA-Tencor Corporation,5704843,159393313,485BPOS,SEC,text-schedule,reported-as-of
2002-09-30,2003-01-31,2003-01-31_0001206774-03-000033_d11781.txt,VERITAS Software Corporation,10444594,153222194,485BPOS,SEC,text-schedule,reported-as-of
2002-09-30,2003-01-31,2003-01-31_0001206774-03-000033_d11781.txt,"MedImmune, Inc.",6681367,139774198,485BPOS,SEC,text-schedule,reported-as-of
2002-09-30,2003-01-31,2003-01-31_0001206774-03-000033_d11781.txt,Genzyme Corporation,6687066,137820430,485BPOS,SEC,text-schedule,reported-as-of
2002-09-30,2003-01-31,2003-01-31_0001206774-03-000033_d11781.txt,"PeopleSoft, Inc.",10980411,135827684,485BPOS,SEC,text-schedule,reported-as-of
2002-09-30,2003-01-31,2003-01-31_0001206774-03-000033_d11781.txt,"Biogen, Inc.",4542949,132972117,485BPOS,SEC,text-schedule,reported-as-of
2002-09-30,2003-01-31,2003-01-31_0001206774-03-000033_d11781.txt,Symantec Corporation,3714284,124911371,485BPOS,SEC,text-schedule,reported-as-of
2002-09-30,2003-01-31,2003-01-31_0001206774-03-000033_d11781.txt,Altera Corporation,13372192,115936905,485BPOS,SEC,text-schedule,reported-as-of
2002-09-30,2003-01-31,2003-01-31_0001206774-03-000033_d11781.txt,Adobe Systems Incorporated,5855565,111841292,485BPOS,SEC,text-schedule,reported-as-of
2002-09-30,2003-01-31,2003-01-31_0001206774-03-000033_d11781.txt,PACCAR Inc,3233244,109251315,485BPOS,SEC,text-schedule,reported-as-of
2002-09-30,2003-01-31,2003-01-31_0001206774-03-000033_d11781.txt,EchoStar Communications Corporation,6225460,107700458,485BPOS,SEC,text-schedule,reported-as-of
2002-09-30,2003-01-31,2003-01-31_0001206774-03-000033_d11781.txt,"Staples, Inc.",7847688,100371930,485BPOS,SEC,text-schedule,reported-as-of
2002-09-30,2003-01-31,2003-01-31_0001206774-03-000033_d11781.txt,"Amazon.com, Inc.",6288385,100173973,485BPOS,SEC,text-schedule,reported-as-of
2002-09-30,2003-01-31,2003-01-31_0001206774-03-000033_d11781.txt,Flextronics International Ltd.,13954490,97290704,485BPOS,SEC,text-schedule,reported-as-of
2002-09-30,2003-01-31,2003-01-31_0001206774-03-000033_d11781.txt,"Express Scripts, Inc.",1749128,95362459,485BPOS,SEC,text-schedule,reported-as-of
2002-09-30,2003-01-31,2003-01-31_0001206774-03-000033_d11781.txt,"CDW Computer Centers, Inc.",2180442,92363523,485BPOS,SEC,text-schedule,reported-as-of
2002-09-30,2003-01-31,2003-01-31_0001206774-03-000033_d11781.txt,"Sun Microsystems, Inc.",35152548,91045099,485BPOS,SEC,text-schedule,reported-as-of
2002-09-30,2003-01-31,2003-01-31_0001206774-03-000033_d11781.txt,PanAmSat Corporation,5030252,87274872,485BPOS,SEC,text-schedule,reported-as-of
2002-09-30,2003-01-31,2003-01-31_0001206774-03-000033_d11781.txt,Sigma-Aldrich Corporation,1751336,86288325,485BPOS,SEC,text-schedule,reported-as-of
2002-09-30,2003-01-31,2003-01-31_0001206774-03-000033_d11781.txt,Microchip Technology Incorporated,4178399,85448260,485BPOS,SEC,text-schedule,reported-as-of
2002-09-30,2003-01-31,2003-01-31_0001206774-03-000033_d11781.txt,Check Point Software Technologies Ltd.,5971005,82041609,485BPOS,SEC,text-schedule,reported-as-of
2002-09-30,2003-01-31,2003-01-31_0001206774-03-000033_d11781.txt,"Siebel Systems, Inc.",13935150,80127113,485BPOS,SEC,text-schedule,reported-as-of
2002-09-30,2003-01-31,2003-01-31_0001206774-03-000033_d11781.txt,Lincare Holdings Inc.,2552224,79221033,485BPOS,SEC,text-schedule,reported-as-of
2002-09-30,2003-01-31,2003-01-31_0001206774-03-000033_d11781.txt,"Novellus Systems, Inc.",3640328,75755226,485BPOS,SEC,text-schedule,reported-as-of
2002-09-30,2003-01-31,2003-01-31_0001206774-03-000033_d11781.txt,Smurfit-Stone Container Corporation,5969279,75033837,485BPOS,SEC,text-schedule,reported-as-of
2002-09-30,2003-01-31,2003-01-31_0001206774-03-000033_d11781.txt,"Millennium Pharmaceuticals, Inc.",7763918,72359716,485BPOS,SEC,text-schedule,reported-as-of
2002-09-30,2003-01-31,2003-01-31_0001206774-03-000033_d11781.txt,JDS Uniphase Corporation,35685575,69515500,485BPOS,SEC,text-schedule,reported-as-of
2002-09-30,2003-01-31,2003-01-31_0001206774-03-000033_d11781.txt,Yahoo! Inc.,7186624,68775992,485BPOS,SEC,text-schedule,reported-as-of
2002-09-30,2003-01-31,2003-01-31_0001206774-03-000033_d11781.txt,"Synopsys, Inc.",1751108,66804770,485BPOS,SEC,text-schedule,reported-as-of
2002-09-30,2003-01-31,2003-01-31_0001206774-03-000033_d11781.txt,"Network Appliance, Inc.",8759073,64204005,485BPOS,SEC,text-schedule,reported-as-of
2002-09-30,2003-01-31,2003-01-31_0001206774-03-000033_d11781.txt,QLogic Corporation,2369866,61711311,485BPOS,SEC,text-schedule,reported-as-of
2002-09-30,2003-01-31,2003-01-31_0001206774-03-000033_d11781.txt,"Dollar Tree Stores, Inc.",2733519,60246759,485BPOS,SEC,text-schedule,reported-as-of
2002-09-30,2003-01-31,2003-01-31_0001206774-03-000033_d11781.txt,Molex Incorporated,2432369,57209319,485BPOS,SEC,text-schedule,reported-as-of
2002-09-30,2003-01-31,2003-01-31_0001206774-03-000033_d11781.txt,"Cephalon, Inc.",1255725,51258695,485BPOS,SEC,text-schedule,reported-as-of
2002-09-30,2003-01-31,2003-01-31_0001206774-03-000033_d11781.txt,Broadcom Corporation,4568612,48792776,485BPOS,SEC,text-schedule,reported-as-of
2002-09-30,2003-01-31,2003-01-31_0001206774-03-000033_d11781.txt,"BEA Systems, Inc.",9365200,48511736,485BPOS,SEC,text-schedule,reported-as-of
2002-09-30,2003-01-31,2003-01-31_0001206774-03-000033_d11781.txt,"Brocade Communications Systems, Inc.",5932438,44671258,485BPOS,SEC,text-schedule,reported-as-of
2002-09-30,2003-01-31,2003-01-31_0001206774-03-000033_d11781.txt,Invitrogen Corporation,1243141,42353814,485BPOS,SEC,text-schedule,reported-as-of
2002-09-30,2003-01-31,2003-01-31_0001206774-03-000033_d11781.txt,Sanmina-SCI Corporation,13940261,38614523,485BPOS,SEC,text-schedule,reported-as-of
2002-09-30,2003-01-31,2003-01-31_0001206774-03-000033_d11781.txt,"Human Genome Sciences, Inc.",3185867,38421556,485BPOS,SEC,text-schedule,reported-as-of
2002-09-30,2003-01-31,2003-01-31_0001206774-03-000033_d11781.txt,Andrx Corp,1734029,38408742,485BPOS,SEC,text-schedule,reported-as-of
2002-09-30,2003-01-31,2003-01-31_0001206774-03-000033_d11781.txt,Mercury Interactive Corporation,2227499,38223883,485BPOS,SEC,text-schedule,reported-as-of
2002-09-30,2003-01-31,2003-01-31_0001206774-03-000033_d11781.txt,CIENA Corporation,12756218,37885967,485BPOS,SEC,text-schedule,reported-as-of
2002-09-30,2003-01-31,2003-01-31_0001206774-03-000033_d11781.txt,NVIDIA Corporation,4099707,35093492,485BPOS,SEC,text-schedule,reported-as-of
2002-09-30,2003-01-31,2003-01-31_0001206774-03-000033_d11781.txt,Cytyc Corporation,3227377,34597481,485BPOS,SEC,text-schedule,reported-as-of
2002-09-30,2003-01-31,2003-01-31_0001206774-03-000033_d11781.txt,"Comverse Technology, Inc.",4833369,33785249,485BPOS,SEC,text-schedule,reported-as-of
2002-09-30,2003-01-31,2003-01-31_0001206774-03-000033_d11781.txt,ICOS Corporation,1496914,31390287,485BPOS,SEC,text-schedule,reported-as-of
2002-09-30,2003-01-31,2003-01-31_0001206774-03-000033_d11781.txt,"Citrix Systems, Inc.",5174223,31200565,485BPOS,SEC,text-schedule,reported-as-of
2002-09-30,2003-01-31,2003-01-31_0001206774-03-000033_d11781.txt,"Juniper Networks, Inc.",6057786,29077373,485BPOS,SEC,text-schedule,reported-as-of
2002-09-30,2003-01-31,2003-01-31_0001206774-03-000033_d11781.txt,"RF Micro Devices, Inc.",4775274,28651644,485BPOS,SEC,text-schedule,reported-as-of
2002-09-30,2003-01-31,2003-01-31_0001206774-03-000033_d11781.txt,"ADC Telecommunications, Inc.",24751291,28463985,485BPOS,SEC,text-schedule,reported-as-of
2002-09-30,2003-01-31,2003-01-31_0001206774-03-000033_d11781.txt,"VeriSign, Inc.",5554441,28049927,485BPOS,SEC,text-schedule,reported-as-of
2002-09-30,2003-01-31,2003-01-31_0001206774-03-000033_d11781.txt,Gemstar-TV Guide International Inc.,10823373,27274900,485BPOS,SEC,text-schedule,reported-as-of
2002-09-30,2003-01-31,2003-01-31_0001206774-03-000033_d11781.txt,TMP Worldwide Inc.,2982335,26841015,485BPOS,SEC,text-schedule,reported-as-of
2002-09-30,2003-01-31,2003-01-31_0001206774-03-000033_d11781.txt,"Integrated Device Technology, Inc.",2443969,25515036,485BPOS,SEC,text-schedule,reported-as-of
2002-09-30,2003-01-31,2003-01-31_0001206774-03-000033_d11781.txt,Applied Micro Circuits Corporation,8695707,24869722,485BPOS,SEC,text-schedule,reported-as-of
2002-09-30,2003-01-31,2003-01-31_0001206774-03-000033_d11781.txt,"Tellabs, Inc.",5836974,23756484,485BPOS,SEC,text-schedule,reported-as-of
2002-09-30,2003-01-31,2003-01-31_0001206774-03-000033_d11781.txt,Rational Software Corporation,5024291,21704937,485BPOS,SEC,text-schedule,reported-as-of
2002-09-30,2003-01-31,2003-01-31_0001206774-03-000033_d11781.txt,"PMC - Sierra, Inc.",4591545,17815195,485BPOS,SEC,text-schedule,reported-as-of
2002-09-30,2003-01-31,2003-01-31_0001206774-03-000033_d11781.txt,"Protein Design Labs, Inc.",2129647,17676070,485BPOS,SEC,text-schedule,reported-as-of
2002-09-30,2003-01-31,2003-01-31_0001206774-03-000033_d11781.txt,Compuware Corporation,5771794,17603972,485BPOS,SEC,text-schedule,reported-as-of
2002-09-30,2003-01-31,2003-01-31_0001206774-03-000033_d11781.txt,ImClone Systems Incorporated,1873519,14613448,485BPOS,SEC,text-schedule,reported-as-of
2002-09-30,2003-01-31,2003-01-31_0001206774-03-000033_d11781.txt,"Charter Communications, Inc.",7614052,14162136,485BPOS,SEC,text-schedule,reported-as-of
2002-09-30,2003-01-31,2003-01-31_0001206774-03-000033_d11781.txt,"Abgenix, Inc.",2066548,13411896,485BPOS,SEC,text-schedule,reported-as-of
2002-09-30,2003-01-31,2003-01-31_0001206774-03-000033_d11781.txt,Sepracor Inc.,2110240,11057658,485BPOS,SEC,text-schedule,reported-as-of
2002-09-30,2003-01-31,2003-01-31_0001206774-03-000033_d11781.txt,Atmel Corporation,8716733,9170002,485BPOS,SEC,text-schedule,reported-as-of
2002-09-30,2003-01-31,2003-01-31_0001206774-03-000033_d11781.txt,"Conexant Systems, Inc.",7261222,8059955,485BPOS,SEC,text-schedule,reported-as-of
2002-09-30,2003-01-31,2003-01-31_0001206774-03-000033_d11781.txt,LM Ericsson Telephone Company,22368153,8052535,485BPOS,SEC,text-schedule,reported-as-of
2002-09-30,2003-01-31,2003-01-31_0001206774-03-000033_d11781.txt,"i2 Technologies, Inc.",11543663,6002705,485BPOS,SEC,text-schedule,reported-as-of
2002-09-30,2003-01-31,2003-01-31_0001206774-03-000033_d11781.txt,Vitesse Semiconductor Corporation,5420203,3685738,485BPOS,SEC,text-schedule,reported-as-of
2003-09-30,2004-01-30,2004-01-30_0001206774-04-000023_d13831.txt,Intel Corporation,44582519,1226465098,485BPOS,SEC,text-schedule,reported-as-of
2003-09-30,2004-01-30,2004-01-30_0001206774-04-000023_d13831.txt,"Cisco Systems, Inc.",48587903,949407624,485BPOS,SEC,text-schedule,reported-as-of
2003-09-30,2004-01-30,2004-01-30_0001206774-04-000023_d13831.txt,QUALCOMM Inc.,18721464,779561761,485BPOS,SEC,text-schedule,reported-as-of
2003-09-30,2004-01-30,2004-01-30_0001206774-04-000023_d13831.txt,Amgen Inc.,11766296,759749733,485BPOS,SEC,text-schedule,reported-as-of
2003-09-30,2004-01-30,2004-01-30_0001206774-04-000023_d13831.txt,Dell Inc.,18480572,617066299,485BPOS,SEC,text-schedule,reported-as-of
2003-09-30,2004-01-30,2004-01-30_0001206774-04-000023_d13831.txt,Comcast Corporation,18574782,573589268,485BPOS,SEC,text-schedule,reported-as-of
2003-09-30,2004-01-30,2004-01-30_0001206774-04-000023_d13831.txt,eBay Inc.,9365697,501158446,485BPOS,SEC,text-schedule,reported-as-of
2003-09-30,2004-01-30,2004-01-30_0001206774-04-000023_d13831.txt,"Nextel Communications, Inc.",25184034,495873629,485BPOS,SEC,text-schedule,reported-as-of
2003-09-30,2004-01-30,2004-01-30_0001206774-04-000023_d13831.txt,InterActiveCorp,14764901,487979978,485BPOS,SEC,text-schedule,reported-as-of
2003-09-30,2004-01-30,2004-01-30_0001206774-04-000023_d13831.txt,Oracle Corporation,42590799,477868765,485BPOS,SEC,text-schedule,reported-as-of
2003-09-30,2004-01-30,2004-01-30_0001206774-04-000023_d13831.txt,"Maxim Integrated Products, Inc.",8897184,351438768,485BPOS,SEC,text-schedule,reported-as-of
2003-09-30,2004-01-30,2004-01-30_0001206774-04-000023_d13831.txt,Starbucks Corporation,10634405,306270864,485BPOS,SEC,text-schedule,reported-as-of
2003-09-30,2004-01-30,2004-01-30_0001206774-04-000023_d13831.txt,"Applied Materials, Inc.",16820827,305129802,485BPOS,SEC,text-schedule,reported-as-of
2003-09-30,2004-01-30,2004-01-30_0001206774-04-000023_d13831.txt,Bed Bath & Beyond Inc.,7775345,296862672,485BPOS,SEC,text-schedule,reported-as-of
2003-09-30,2004-01-30,2004-01-30_0001206774-04-000023_d13831.txt,Linear Technology Corporation,8181166,292967554,485BPOS,SEC,text-schedule,reported-as-of
2003-09-30,2004-01-30,2004-01-30_0001206774-04-000023_d13831.txt,Electronic Arts Inc.,2909974,268386902,485BPOS,SEC,text-schedule,reported-as-of
2003-09-30,2004-01-30,2004-01-30_0001206774-04-000023_d13831.txt,VERITAS Software Corporation,8510098,267217077,485BPOS,SEC,text-schedule,reported-as-of
2003-09-30,2004-01-30,2004-01-30_0001206774-04-000023_d13831.txt,Chiron Corporation,5101929,263718710,485BPOS,SEC,text-schedule,reported-as-of
2003-09-30,2004-01-30,2004-01-30_0001206774-04-000023_d13831.txt,"Xilinx, Inc.",8843491,252127928,485BPOS,SEC,text-schedule,reported-as-of
2003-09-30,2004-01-30,2004-01-30_0001206774-04-000023_d13831.txt,Genzyme Corporation,5444370,251802113,485BPOS,SEC,text-schedule,reported-as-of
2003-09-30,2004-01-30,2004-01-30_0001206774-04-000023_d13831.txt,"Amazon.com, Inc.",5179548,250482941,485BPOS,SEC,text-schedule,reported-as-of
2003-09-30,2004-01-30,2004-01-30_0001206774-04-000023_d13831.txt,Intuit Inc.,5056283,243915092,485BPOS,SEC,text-schedule,reported-as-of
2003-09-30,2004-01-30,2004-01-30_0001206774-04-000023_d13831.txt,"Paychex, Inc.",6992141,237243344,485BPOS,SEC,text-schedule,reported-as-of
2003-09-30,2004-01-30,2004-01-30_0001206774-04-000023_d13831.txt,KLA-Tencor Corporation,4510561,231842835,485BPOS,SEC,text-schedule,reported-as-of
2003-09-30,2004-01-30,2004-01-30_0001206774-04-000023_d13831.txt,"Apollo Group, Inc.",3475736,229502848,485BPOS,SEC,text-schedule,reported-as-of
2003-09-30,2004-01-30,2004-01-30_0001206774-04-000023_d13831.txt,"Biomet, Inc.",6752055,226936569,485BPOS,SEC,text-schedule,reported-as-of
2003-09-30,2004-01-30,2004-01-30_0001206774-04-000023_d13831.txt,"Gilead Sciences, Inc.",3878229,216909348,485BPOS,SEC,text-schedule,reported-as-of
2003-09-30,2004-01-30,2004-01-30_0001206774-04-000023_d13831.txt,Teva Pharmaceutical Industries Limited,3774477,215711360,485BPOS,SEC,text-schedule,reported-as-of
2003-09-30,2004-01-30,2004-01-30_0001206774-04-000023_d13831.txt,"Apple Computer, Inc.",9888064,203990760,485BPOS,SEC,text-schedule,reported-as-of
2003-09-30,2004-01-30,2004-01-30_0001206774-04-000023_d13831.txt,Yahoo! Inc.,5754808,203605107,485BPOS,SEC,text-schedule,reported-as-of
2003-09-30,2004-01-30,2004-01-30_0001206774-04-000023_d13831.txt,Altera Corporation,10518780,198804942,485BPOS,SEC,text-schedule,reported-as-of
2003-09-30,2004-01-30,2004-01-30_0001206774-04-000023_d13831.txt,Symantec Corporation,3103699,195595111,485BPOS,SEC,text-schedule,reported-as-of
2003-09-30,2004-01-30,2004-01-30_0001206774-04-000023_d13831.txt,PACCAR Inc.,2555616,190878959,485BPOS,SEC,text-schedule,reported-as-of
2003-09-30,2004-01-30,2004-01-30_0001206774-04-000023_d13831.txt,EchoStar Communications Corporation,4962491,189914531,485BPOS,SEC,text-schedule,reported-as-of
2003-09-30,2004-01-30,2004-01-30_0001206774-04-000023_d13831.txt,"PeopleSoft, Inc.",10059801,182987780,485BPOS,SEC,text-schedule,reported-as-of
2003-09-30,2004-01-30,2004-01-30_0001206774-04-000023_d13831.txt,Adobe Systems Incorporated,4470795,175523412,485BPOS,SEC,text-schedule,reported-as-of
2003-09-30,2004-01-30,2004-01-30_0001206774-04-000023_d13831.txt,"Fiserv, Inc.",4735566,171569556,485BPOS,SEC,text-schedule,reported-as-of
2003-09-30,2004-01-30,2004-01-30_0001206774-04-000023_d13831.txt,Flextronics International Ltd.,11090008,157256313,485BPOS,SEC,text-schedule,reported-as-of
2003-09-30,2004-01-30,2004-01-30_0001206774-04-000023_d13831.txt,"Staples, Inc.",6440121,152952874,485BPOS,SEC,text-schedule,reported-as-of
2003-09-30,2004-01-30,2004-01-30_0001206774-04-000023_d13831.txt,Cintas Corporation,4005428,147559968,485BPOS,SEC,text-schedule,reported-as-of
2003-09-30,2004-01-30,2004-01-30_0001206774-04-000023_d13831.txt,Costco Wholesale Corporation,4708773,146348665,485BPOS,SEC,text-schedule,reported-as-of
2003-09-30,2004-01-30,2004-01-30_0001206774-04-000023_d13831.txt,"Network Appliance, Inc.",6991338,143532169,485BPOS,SEC,text-schedule,reported-as-of
2003-09-30,2004-01-30,2004-01-30_0001206774-04-000023_d13831.txt,"Biogen, Inc.",3591824,137315432,485BPOS,SEC,text-schedule,reported-as-of
2003-09-30,2004-01-30,2004-01-30_0001206774-04-000023_d13831.txt,JDS Uniphase Corporation,31371336,112936810,485BPOS,SEC,text-schedule,reported-as-of
2003-09-30,2004-01-30,2004-01-30_0001206774-04-000023_d13831.txt,"Siebel Systems, Inc.",11318135,110012272,485BPOS,SEC,text-schedule,reported-as-of
2003-09-30,2004-01-30,2004-01-30_0001206774-04-000023_d13831.txt,IDEC Pharmaceuticals Corporation,3304747,109552363,485BPOS,SEC,text-schedule,reported-as-of
2003-09-30,2004-01-30,2004-01-30_0001206774-04-000023_d13831.txt,Broadcom Corporation,4049241,107790795,485BPOS,SEC,text-schedule,reported-as-of
2003-09-30,2004-01-30,2004-01-30_0001206774-04-000023_d13831.txt,Sanmina-SCI Corporation,10649885,103303885,485BPOS,SEC,text-schedule,reported-as-of
2003-09-30,2004-01-30,2004-01-30_0001206774-04-000023_d13831.txt,"Novellus Systems, Inc.",3017803,101850851,485BPOS,SEC,text-schedule,reported-as-of
2003-09-30,2004-01-30,2004-01-30_0001206774-04-000023_d13831.txt,"Millennium Pharmaceuticals, Inc.",6406052,98589140,485BPOS,SEC,text-schedule,reported-as-of
2003-09-30,2004-01-30,2004-01-30_0001206774-04-000023_d13831.txt,CDW Corporation,1682722,97160368,485BPOS,SEC,text-schedule,reported-as-of
2003-09-30,2004-01-30,2004-01-30_0001206774-04-000023_d13831.txt,"Sun Microsystems, Inc.",27476343,90946695,485BPOS,SEC,text-schedule,reported-as-of
2003-09-30,2004-01-30,2004-01-30_0001206774-04-000023_d13831.txt,QLogic Corporation,1878723,88318768,485BPOS,SEC,text-schedule,reported-as-of
2003-09-30,2004-01-30,2004-01-30_0001206774-04-000023_d13831.txt,"BEA Systems, Inc.",7278183,87702105,485BPOS,SEC,text-schedule,reported-as-of
2003-09-30,2004-01-30,2004-01-30_0001206774-04-000023_d13831.txt,"Synopsys, Inc.",2779026,85510630,485BPOS,SEC,text-schedule,reported-as-of
2003-09-30,2004-01-30,2004-01-30_0001206774-04-000023_d13831.txt,"Citrix Systems, Inc.",3823829,84430144,485BPOS,SEC,text-schedule,reported-as-of
2003-09-30,2004-01-30,2004-01-30_0001206774-04-000023_d13831.txt,"Express Scripts, Inc.",1371327,83856646,485BPOS,SEC,text-schedule,reported-as-of
2003-09-30,2004-01-30,2004-01-30_0001206774-04-000023_d13831.txt,Mercury Interactive Corporation,1845786,83817142,485BPOS,SEC,text-schedule,reported-as-of
2003-09-30,2004-01-30,2004-01-30_0001206774-04-000023_d13831.txt,Check Point Software Technologies Ltd.,4750515,79808652,485BPOS,SEC,text-schedule,reported-as-of
2003-09-30,2004-01-30,2004-01-30_0001206774-04-000023_d13831.txt,Microchip Technology Incorporated,3331309,79751537,485BPOS,SEC,text-schedule,reported-as-of
2003-09-30,2004-01-30,2004-01-30_0001206774-04-000023_d13831.txt,Patterson Dental Company,1279078,73649311,485BPOS,SEC,text-schedule,reported-as-of
2003-09-30,2004-01-30,2004-01-30_0001206774-04-000023_d13831.txt,"Juniper Networks, Inc.",4930214,73558792,485BPOS,SEC,text-schedule,reported-as-of
2003-09-30,2004-01-30,2004-01-30_0001206774-04-000023_d13831.txt,"Dollar Tree Stores, Inc.",2151045,72060008,485BPOS,SEC,text-schedule,reported-as-of
2003-09-30,2004-01-30,2004-01-30_0001206774-04-000023_d13831.txt,Pixar,1073213,71433057,485BPOS,SEC,text-schedule,reported-as-of
2003-09-30,2004-01-30,2004-01-30_0001206774-04-000023_d13831.txt,Smurfit-Stone Container Corporation,4709861,70553718,485BPOS,SEC,text-schedule,reported-as-of
2003-09-30,2004-01-30,2004-01-30_0001206774-04-000023_d13831.txt,"Expeditors International of Washington, Inc",2009928,69161622,485BPOS,SEC,text-schedule,reported-as-of
2003-09-30,2004-01-30,2004-01-30_0001206774-04-000023_d13831.txt,Sigma-Aldrich Corporation,1329739,69066644,485BPOS,SEC,text-schedule,reported-as-of
2003-09-30,2004-01-30,2004-01-30_0001206774-04-000023_d13831.txt,"Ross Stores, Inc.",1474694,68366814,485BPOS,SEC,text-schedule,reported-as-of
2003-09-30,2004-01-30,2004-01-30_0001206774-04-000023_d13831.txt,Lincare Holdings Inc.,1856846,68053406,485BPOS,SEC,text-schedule,reported-as-of
2003-09-30,2004-01-30,2004-01-30_0001206774-04-000023_d13831.txt,DENTSPLY International Inc.,1482807,66489066,485BPOS,SEC,text-schedule,reported-as-of
2003-09-30,2004-01-30,2004-01-30_0001206774-04-000023_d13831.txt,American Power Conversion Corporation,3877965,66468320,485BPOS,SEC,text-schedule,reported-as-of
2003-09-30,2004-01-30,2004-01-30_0001206774-04-000023_d13831.txt,CIENA Corporation,10883827,64323418,485BPOS,SEC,text-schedule,reported-as-of
2003-09-30,2004-01-30,2004-01-30_0001206774-04-000023_d13831.txt,"PETsMART, Inc.",2741635,62235115,485BPOS,SEC,text-schedule,reported-as-of
2003-09-30,2004-01-30,2004-01-30_0001206774-04-000023_d13831.txt,"C.H. Robinson Worldwide, Inc.",1635251,60847690,485BPOS,SEC,text-schedule,reported-as-of
2003-09-30,2004-01-30,2004-01-30_0001206774-04-000023_d13831.txt,"VeriSign, Inc.",4435626,59747882,485BPOS,SEC,text-schedule,reported-as-of
2003-09-30,2004-01-30,2004-01-30_0001206774-04-000023_d13831.txt,Monster Worldwide Inc.,2356800,59344224,485BPOS,SEC,text-schedule,reported-as-of
2003-09-30,2004-01-30,2004-01-30_0001206774-04-000023_d13831.txt,PanAmSat Corporation,3955328,57273149,485BPOS,SEC,text-schedule,reported-as-of
2003-09-30,2004-01-30,2004-01-30_0001206774-04-000023_d13831.txt,"Comverse Technology, Inc.",3822763,57188534,485BPOS,SEC,text-schedule,reported-as-of
2003-09-30,2004-01-30,2004-01-30_0001206774-04-000023_d13831.txt,Molex Incorporated,1923229,54985117,485BPOS,SEC,text-schedule,reported-as-of
2003-09-30,2004-01-30,2004-01-30_0001206774-04-000023_d13831.txt,Gentex Corporation,1555202,54183237,485BPOS,SEC,text-schedule,reported-as-of
2003-09-30,2004-01-30,2004-01-30_0001206774-04-000023_d13831.txt,NVIDIA Corporation,3394822,54015013,485BPOS,SEC,text-schedule,reported-as-of
2003-09-30,2004-01-30,2004-01-30_0001206774-04-000023_d13831.txt,Fastenal Company,1418337,53613139,485BPOS,SEC,text-schedule,reported-as-of
2003-09-30,2004-01-30,2004-01-30_0001206774-04-000023_d13831.txt,Invitrogen Corporation,922342,53486613,485BPOS,SEC,text-schedule,reported-as-of
2003-09-30,2004-01-30,2004-01-30_0001206774-04-000023_d13831.txt,First Health Group Corp.,1926822,50386395,485BPOS,SEC,text-schedule,reported-as-of
2003-09-30,2004-01-30,2004-01-30_0001206774-04-000023_d13831.txt,Ryanair Holdings plc,1188047,48115904,485BPOS,SEC,text-schedule,reported-as-of
2003-09-30,2004-01-30,2004-01-30_0001206774-04-000023_d13831.txt,Lamar Advertising Company,1628312,47774674,485BPOS,SEC,text-schedule,reported-as-of
2003-09-30,2004-01-30,2004-01-30_0001206774-04-000023_d13831.txt,"ADC Telecommunications, Inc.",19659022,45805521,485BPOS,SEC,text-schedule,reported-as-of
2003-09-30,2004-01-30,2004-01-30_0001206774-04-000023_d13831.txt,"Cephalon, Inc.",994586,45671389,485BPOS,SEC,text-schedule,reported-as-of
2003-09-30,2004-01-30,2004-01-30_0001206774-04-000023_d13831.txt,ICOS Corporation,1187145,45491396,485BPOS,SEC,text-schedule,reported-as-of
2003-09-30,2004-01-30,2004-01-30_0001206774-04-000023_d13831.txt,"Henry Schein, Inc.",790733,44834561,485BPOS,SEC,text-schedule,reported-as-of
2003-09-30,2004-01-30,2004-01-30_0001206774-04-000023_d13831.txt,"Patterson-UTI Energy, Inc.",1633447,44217410,485BPOS,SEC,text-schedule,reported-as-of
2003-09-30,2004-01-30,2004-01-30_0001206774-04-000023_d13831.txt,"RF Micro Devices, Inc.",4103453,38121079,485BPOS,SEC,text-schedule,reported-as-of
2003-09-30,2004-01-30,2004-01-30_0001206774-04-000023_d13831.txt,LM Ericsson Telephone Company,2383062,34983351,485BPOS,SEC,text-schedule,reported-as-of
2003-09-30,2004-01-30,2004-01-30_0001206774-04-000023_d13831.txt,"Human Genome Sciences, Inc.",2513299,34331665,485BPOS,SEC,text-schedule,reported-as-of
2003-09-30,2004-01-30,2004-01-30_0001206774-04-000023_d13831.txt,"Tellabs, Inc.",4602261,31249353,485BPOS,SEC,text-schedule,reported-as-of
2003-09-30,2004-01-30,2004-01-30_0001206774-04-000023_d13831.txt,"Brocade Communications Systems, Inc.",5126688,26761312,485BPOS,SEC,text-schedule,reported-as-of
2003-09-30,2004-01-30,2004-01-30_0001206774-04-000023_d13831.txt,Compuware Corporation,4616223,24742956,485BPOS,SEC,text-schedule,reported-as-of
2004-09-30,2005-01-31,2005-01-31_0001206774-05-000077_d16120_s-6.txt,QUALCOMM Inc.,34783441,1357945537,485BPOS,SEC,text-schedule,reported-as-of
2004-09-30,2005-01-31,2005-01-31_0001206774-05-000077_d16120_s-6.txt,eBay Inc.,8735006,803096452,485BPOS,SEC,text-schedule,reported-as-of
2004-09-30,2005-01-31,2005-01-31_0001206774-05-000077_d16120_s-6.txt,Intel Corporation,39785607,798099276,485BPOS,SEC,text-schedule,reported-as-of
2004-09-30,2005-01-31,2005-01-31_0001206774-05-000077_d16120_s-6.txt,"Cisco Systems, Inc.",42794203,774575074,485BPOS,SEC,text-schedule,reported-as-of
2004-09-30,2005-01-31,2005-01-31_0001206774-05-000077_d16120_s-6.txt,Amgen Inc.,10452430,592443732,485BPOS,SEC,text-schedule,reported-as-of
2004-09-30,2005-01-31,2005-01-31_0001206774-05-000077_d16120_s-6.txt,"Nextel Communications, Inc.",24594703,586337720,485BPOS,SEC,text-schedule,reported-as-of
2004-09-30,2005-01-31,2005-01-31_0001206774-05-000077_d16120_s-6.txt,Dell Inc.,16266090,579072804,485BPOS,SEC,text-schedule,reported-as-of
2004-09-30,2005-01-31,2005-01-31_0001206774-05-000077_d16120_s-6.txt,Comcast Corporation,16854182,475962100,485BPOS,SEC,text-schedule,reported-as-of
2004-09-30,2005-01-31,2005-01-31_0001206774-05-000077_d16120_s-6.txt,Starbucks Corporation,9790924,445095405,485BPOS,SEC,text-schedule,reported-as-of
2004-09-30,2005-01-31,2005-01-31_0001206774-05-000077_d16120_s-6.txt,Oracle Corporation,38189869,430781722,485BPOS,SEC,text-schedule,reported-as-of
2004-09-30,2005-01-31,2005-01-31_0001206774-05-000077_d16120_s-6.txt,"Biogen Idec, Inc.",6515895,398577297,485BPOS,SEC,text-schedule,reported-as-of
2004-09-30,2005-01-31,2005-01-31_0001206774-05-000077_d16120_s-6.txt,Yahoo! Inc.,11589723,393007507,485BPOS,SEC,text-schedule,reported-as-of
2004-09-30,2005-01-31,2005-01-31_0001206774-05-000077_d16120_s-6.txt,"Apple Computer, Inc.",9590778,371642648,485BPOS,SEC,text-schedule,reported-as-of
2004-09-30,2005-01-31,2005-01-31_0001206774-05-000077_d16120_s-6.txt,"Maxim Integrated Products, Inc.",8062954,340982325,485BPOS,SEC,text-schedule,reported-as-of
2004-09-30,2005-01-31,2005-01-31_0001206774-05-000077_d16120_s-6.txt,Symantec Corporation,5839904,320493932,485BPOS,SEC,text-schedule,reported-as-of
2004-09-30,2005-01-31,2005-01-31_0001206774-05-000077_d16120_s-6.txt,"Biomet, Inc.",6058975,284044748,485BPOS,SEC,text-schedule,reported-as-of
2004-09-30,2005-01-31,2005-01-31_0001206774-05-000077_d16120_s-6.txt,IAC/InterActiveCorp,12767264,281135153,485BPOS,SEC,text-schedule,reported-as-of
2004-09-30,2005-01-31,2005-01-31_0001206774-05-000077_d16120_s-6.txt,"Gilead Sciences, Inc.",7512535,280818558,485BPOS,SEC,text-schedule,reported-as-of
2004-09-30,2005-01-31,2005-01-31_0001206774-05-000077_d16120_s-6.txt,Genzyme Corporation,5064492,275559010,485BPOS,SEC,text-schedule,reported-as-of
2004-09-30,2005-01-31,2005-01-31_0001206774-05-000077_d16120_s-6.txt,Bed Bath & Beyond Inc.,7160848,265739069,485BPOS,SEC,text-schedule,reported-as-of
2004-09-30,2005-01-31,2005-01-31_0001206774-05-000077_d16120_s-6.txt,Linear Technology Corporation,7279903,263823685,485BPOS,SEC,text-schedule,reported-as-of
2004-09-30,2005-01-31,2005-01-31_0001206774-05-000077_d16120_s-6.txt,"Applied Materials, Inc.",15561913,256615945,485BPOS,SEC,text-schedule,reported-as-of
2004-09-30,2005-01-31,2005-01-31_0001206774-05-000077_d16120_s-6.txt,"Research In Motion, Ltd.",3313771,252973278,485BPOS,SEC,text-schedule,reported-as-of
2004-09-30,2005-01-31,2005-01-31_0001206774-05-000077_d16120_s-6.txt,Electronic Arts Inc.,5423746,249438079,485BPOS,SEC,text-schedule,reported-as-of
2004-09-30,2005-01-31,2005-01-31_0001206774-05-000077_d16120_s-6.txt,PACCAR Inc.,3445319,238140449,485BPOS,SEC,text-schedule,reported-as-of
2004-09-30,2005-01-31,2005-01-31_0001206774-05-000077_d16120_s-6.txt,"Apollo Group, Inc.",3141780,230512399,485BPOS,SEC,text-schedule,reported-as-of
2004-09-30,2005-01-31,2005-01-31_0001206774-05-000077_d16120_s-6.txt,"Xilinx, Inc.",8156940,220237380,485BPOS,SEC,text-schedule,reported-as-of
2004-09-30,2005-01-31,2005-01-31_0001206774-05-000077_d16120_s-6.txt,Teva Pharmaceutical Industries Limited,7945122,206175916,485BPOS,SEC,text-schedule,reported-as-of
2004-09-30,2005-01-31,2005-01-31_0001206774-05-000077_d16120_s-6.txt,Adobe Systems Incorporated,4163513,205968988,485BPOS,SEC,text-schedule,reported-as-of
2004-09-30,2005-01-31,2005-01-31_0001206774-05-000077_d16120_s-6.txt,Chiron Corporation,4650227,205540033,485BPOS,SEC,text-schedule,reported-as-of
2004-09-30,2005-01-31,2005-01-31_0001206774-05-000077_d16120_s-6.txt,"Amazon.com, Inc.",4786371,195571119,485BPOS,SEC,text-schedule,reported-as-of
2004-09-30,2005-01-31,2005-01-31_0001206774-05-000077_d16120_s-6.txt,Intuit Inc.,4271446,193923648,485BPOS,SEC,text-schedule,reported-as-of
2004-09-30,2005-01-31,2005-01-31_0001206774-05-000077_d16120_s-6.txt,"Paychex, Inc.",6356107,191636626,485BPOS,SEC,text-schedule,reported-as-of
2004-09-30,2005-01-31,2005-01-31_0001206774-05-000077_d16120_s-6.txt,"PeopleSoft, Inc.",9185129,182324811,485BPOS,SEC,text-schedule,reported-as-of
2004-09-30,2005-01-31,2005-01-31_0001206774-05-000077_d16120_s-6.txt,Altera Corporation,9260666,181231234,485BPOS,SEC,text-schedule,reported-as-of
2004-09-30,2005-01-31,2005-01-31_0001206774-05-000077_d16120_s-6.txt,Costco Wholesale Corporation,4303698,178861689,485BPOS,SEC,text-schedule,reported-as-of
2004-09-30,2005-01-31,2005-01-31_0001206774-05-000077_d16120_s-6.txt,KLA -Tencor Corporation,4215554,174861180,485BPOS,SEC,text-schedule,reported-as-of
2004-09-30,2005-01-31,2005-01-31_0001206774-05-000077_d16120_s-6.txt,Cintas Corporation,3645427,153253751,485BPOS,SEC,text-schedule,reported-as-of
2004-09-30,2005-01-31,2005-01-31_0001206774-05-000077_d16120_s-6.txt,"Network Appliance, Inc.",6630975,152512425,485BPOS,SEC,text-schedule,reported-as-of
2004-09-30,2005-01-31,2005-01-31_0001206774-05-000077_d16120_s-6.txt,"Fiserv, Inc.",4327593,150859892,485BPOS,SEC,text-schedule,reported-as-of
2004-09-30,2005-01-31,2005-01-31_0001206774-05-000077_d16120_s-6.txt,"Juniper Networks, Inc.",6218303,146751951,485BPOS,SEC,text-schedule,reported-as-of
2004-09-30,2005-01-31,2005-01-31_0001206774-05-000077_d16120_s-6.txt,Kmart Holding Corporation,1660998,145287495,485BPOS,SEC,text-schedule,reported-as-of
2004-09-30,2005-01-31,2005-01-31_0001206774-05-000077_d16120_s-6.txt,Flextronics International Ltd.,10687928,141615046,485BPOS,SEC,text-schedule,reported-as-of
2004-09-30,2005-01-31,2005-01-31_0001206774-05-000077_d16120_s-6.txt,VERITAS Software Corporation,7840274,139556877,485BPOS,SEC,text-schedule,reported-as-of
2004-09-30,2005-01-31,2005-01-31_0001206774-05-000077_d16120_s-6.txt,EchoStar Communications Corporation,3947364,122841968,485BPOS,SEC,text-schedule,reported-as-of
2004-09-30,2005-01-31,2005-01-31_0001206774-05-000077_d16120_s-6.txt,"Marvell Technology Group, Ltd.",4500880,117607994,485BPOS,SEC,text-schedule,reported-as-of
2004-09-30,2005-01-31,2005-01-31_0001206774-05-000077_d16120_s-6.txt,Broadcom Corporation,4238042,115656166,485BPOS,SEC,text-schedule,reported-as-of
2004-09-30,2005-01-31,2005-01-31_0001206774-05-000077_d16120_s-6.txt,"MedImmune, Inc.",4725391,111991767,485BPOS,SEC,text-schedule,reported-as-of
2004-09-30,2005-01-31,2005-01-31_0001206774-05-000077_d16120_s-6.txt,"Sun Microsystems, Inc.",25718431,103902461,485BPOS,SEC,text-schedule,reported-as-of
2004-09-30,2005-01-31,2005-01-31_0001206774-05-000077_d16120_s-6.txt,JDS Uniphase Corporation,28968058,97622355,485BPOS,SEC,text-schedule,reported-as-of
2004-09-30,2005-01-31,2005-01-31_0001206774-05-000077_d16120_s-6.txt,"Expeditors International of Washington, Inc",1842884,95277103,485BPOS,SEC,text-schedule,reported-as-of
2004-09-30,2005-01-31,2005-01-31_0001206774-05-000077_d16120_s-6.txt,"Whole Foods Market, Inc.",1081857,92812512,485BPOS,SEC,text-schedule,reported-as-of
2004-09-30,2005-01-31,2005-01-31_0001206774-05-000077_d16120_s-6.txt,"Patterson Companies, Inc.",1164840,89180150,485BPOS,SEC,text-schedule,reported-as-of
2004-09-30,2005-01-31,2005-01-31_0001206774-05-000077_d16120_s-6.txt,CDW Corporation,1531388,88866446,485BPOS,SEC,text-schedule,reported-as-of
2004-09-30,2005-01-31,2005-01-31_0001206774-05-000077_d16120_s-6.txt,Smurfit-Stone Container Corporation,4407071,85364965,485BPOS,SEC,text-schedule,reported-as-of
2004-09-30,2005-01-31,2005-01-31_0001206774-05-000077_d16120_s-6.txt,"VeriSign, Inc.",4270764,84902788,485BPOS,SEC,text-schedule,reported-as-of
2004-09-30,2005-01-31,2005-01-31_0001206774-05-000077_d16120_s-6.txt,Microchip Technology Incorporated,3031509,81365702,485BPOS,SEC,text-schedule,reported-as-of
2004-09-30,2005-01-31,2005-01-31_0001206774-05-000077_d16120_s-6.txt,"Millennium Pharmaceuticals, Inc.",5927062,81260020,485BPOS,SEC,text-schedule,reported-as-of
2004-09-30,2005-01-31,2005-01-31_0001206774-05-000077_d16120_s-6.txt,"Express Scripts, Inc.",1226495,80139183,485BPOS,SEC,text-schedule,reported-as-of
2004-09-30,2005-01-31,2005-01-31_0001206774-05-000077_d16120_s-6.txt,Pixar,1007645,79503191,485BPOS,SEC,text-schedule,reported-as-of
2004-09-30,2005-01-31,2005-01-31_0001206774-05-000077_d16120_s-6.txt,"Siebel System, Inc.",10491352,79104794,485BPOS,SEC,text-schedule,reported-as-of
2004-09-30,2005-01-31,2005-01-31_0001206774-05-000077_d16120_s-6.txt,"Garmin, Ltd.",1776697,76842145,485BPOS,SEC,text-schedule,reported-as-of
2004-09-30,2005-01-31,2005-01-31_0001206774-05-000077_d16120_s-6.txt,Sandisk Corporation,2632150,76648208,485BPOS,SEC,text-schedule,reported-as-of
2004-09-30,2005-01-31,2005-01-31_0001206774-05-000077_d16120_s-6.txt,Check Point Software Technologies Ltd.,4506046,76467601,485BPOS,SEC,text-schedule,reported-as-of
2004-09-30,2005-01-31,2005-01-31_0001206774-05-000077_d16120_s-6.txt,Fastenal Company,1285030,74017728,485BPOS,SEC,text-schedule,reported-as-of
2004-09-30,2005-01-31,2005-01-31_0001206774-05-000077_d16120_s-6.txt,"PETsMART, Inc.",2535432,71980914,485BPOS,SEC,text-schedule,reported-as-of
2004-09-30,2005-01-31,2005-01-31_0001206774-05-000077_d16120_s-6.txt,DENTSPLY International Inc.,1369230,71117806,485BPOS,SEC,text-schedule,reported-as-of
2004-09-30,2005-01-31,2005-01-31_0001206774-05-000077_d16120_s-6.txt,Sanmina-SCI Corporation,9855387,69480478,485BPOS,SEC,text-schedule,reported-as-of
2004-09-30,2005-01-31,2005-01-31_0001206774-05-000077_d16120_s-6.txt,"Robinson (C.H.) Worldwide, Inc.",1495313,69367570,485BPOS,SEC,text-schedule,reported-as-of
2004-09-30,2005-01-31,2005-01-31_0001206774-05-000077_d16120_s-6.txt,"Novellus System, Inc.",2575669,68487039,485BPOS,SEC,text-schedule,reported-as-of
2004-09-30,2005-01-31,2005-01-31_0001206774-05-000077_d16120_s-6.txt,Sigma-Aldrich Corporation,1175531,68180798,485BPOS,SEC,text-schedule,reported-as-of
2004-09-30,2005-01-31,2005-01-31_0001206774-05-000077_d16120_s-6.txt,"Comverse Technology, Inc.",3597834,67747214,485BPOS,SEC,text-schedule,reported-as-of
2004-09-30,2005-01-31,2005-01-31_0001206774-05-000077_d16120_s-6.txt,Lamar Advertising Company,1505543,62645644,485BPOS,SEC,text-schedule,reported-as-of
2004-09-30,2005-01-31,2005-01-31_0001206774-05-000077_d16120_s-6.txt,"Citrix Systems, Inc.",3559475,62362002,485BPOS,SEC,text-schedule,reported-as-of
2004-09-30,2005-01-31,2005-01-31_0001206774-05-000077_d16120_s-6.txt,American Power Conversion Corporation,3568355,62053693,485BPOS,SEC,text-schedule,reported-as-of
2004-09-30,2005-01-31,2005-01-31_0001206774-05-000077_d16120_s-6.txt,Mercury Interactive Corporation,1757312,61295043,485BPOS,SEC,text-schedule,reported-as-of
2004-09-30,2005-01-31,2005-01-31_0001206774-05-000077_d16120_s-6.txt,"Ross Stores, Inc.",2571831,60283719,485BPOS,SEC,text-schedule,reported-as-of
2004-09-30,2005-01-31,2005-01-31_0001206774-05-000077_d16120_s-6.txt,"Patterson-UTI Energy, Inc.",3052473,58210660,485BPOS,SEC,text-schedule,reported-as-of
2004-09-30,2005-01-31,2005-01-31_0001206774-05-000077_d16120_s-6.txt,Lam Research Corporation,2451453,53637792,485BPOS,SEC,text-schedule,reported-as-of
2004-09-30,2005-01-31,2005-01-31_0001206774-05-000077_d16120_s-6.txt,Career Education Corporation,1844989,52453037,485BPOS,SEC,text-schedule,reported-as-of
2004-09-30,2005-01-31,2005-01-31_0001206774-05-000077_d16120_s-6.txt,"Dollar Tree Stores, Inc.",1934655,52138952,485BPOS,SEC,text-schedule,reported-as-of
2004-09-30,2005-01-31,2005-01-31_0001206774-05-000077_d16120_s-6.txt,Molex Incorporated,1748347,52135708,485BPOS,SEC,text-schedule,reported-as-of
2004-09-30,2005-01-31,2005-01-31_0001206774-05-000077_d16120_s-6.txt,Lincare Holdings Inc.,1707440,50728042,485BPOS,SEC,text-schedule,reported-as-of
2004-09-30,2005-01-31,2005-01-31_0001206774-05-000077_d16120_s-6.txt,Gentex Corporation,1428557,50185207,485BPOS,SEC,text-schedule,reported-as-of
2004-09-30,2005-01-31,2005-01-31_0001206774-05-000077_d16120_s-6.txt,Qlogic Corporation,1667835,49384594,485BPOS,SEC,text-schedule,reported-as-of
2004-09-30,2005-01-31,2005-01-31_0001206774-05-000077_d16120_s-6.txt,Invitrogen Corporation,876223,48183503,485BPOS,SEC,text-schedule,reported-as-of
2004-09-30,2005-01-31,2005-01-31_0001206774-05-000077_d16120_s-6.txt,NVIDIA Corporation,3189308,46308752,485BPOS,SEC,text-schedule,reported-as-of
2004-09-30,2005-01-31,2005-01-31_0001206774-05-000077_d16120_s-6.txt,"BEA Systems, Inc.",6687669,46211793,485BPOS,SEC,text-schedule,reported-as-of
2004-09-30,2005-01-31,2005-01-31_0001206774-05-000077_d16120_s-6.txt,"Henry Schein, Inc.",717837,44728423,485BPOS,SEC,text-schedule,reported-as-of
2004-09-30,2005-01-31,2005-01-31_0001206774-05-000077_d16120_s-6.txt,"Cephalon, Inc.",919330,44035907,485BPOS,SEC,text-schedule,reported-as-of
2004-09-30,2005-01-31,2005-01-31_0001206774-05-000077_d16120_s-6.txt,Intersil Corporation,2691931,42882461,485BPOS,SEC,text-schedule,reported-as-of
2004-09-30,2005-01-31,2005-01-31_0001206774-05-000077_d16120_s-6.txt,"Synopsys, Inc.",2528002,40018272,485BPOS,SEC,text-schedule,reported-as-of
2004-09-30,2005-01-31,2005-01-31_0001206774-05-000077_d16120_s-6.txt,"Tellabs, Inc.",4202456,38620571,485BPOS,SEC,text-schedule,reported-as-of
2004-09-30,2005-01-31,2005-01-31_0001206774-05-000077_d16120_s-6.txt,Ryanair Holdings plc,1076158,31423814,485BPOS,SEC,text-schedule,reported-as-of
2004-09-30,2005-01-31,2005-01-31_0001206774-05-000077_d16120_s-6.txt,"Level 3 Communications, Inc.",11932907,30906229,485BPOS,SEC,text-schedule,reported-as-of
2004-09-30,2005-01-31,2005-01-31_0001206774-05-000077_d16120_s-6.txt,First Health Group Corp.,1686817,27140886,485BPOS,SEC,text-schedule,reported-as-of
2004-09-30,2005-01-31,2005-01-31_0001206774-05-000077_d16120_s-6.txt,Compuware Corporation,4220018,21733093,485BPOS,SEC,text-schedule,reported-as-of
2005-09-30,2006-01-31,2006-01-31_0001206774-06-000136_d18436-485bpos.txt,"QUALCOMM, Inc.",29791931,1333188912,485BPOS,SEC,text-schedule,reported-as-of
2005-09-30,2006-01-31,2006-01-31_0001206774-06-000136_d18436-485bpos.txt,"Apple Computer, Inc.",17482028,937211521,485BPOS,SEC,text-schedule,reported-as-of
2005-09-30,2006-01-31,2006-01-31_0001206774-06-000136_d18436-485bpos.txt,Intel Corporation,32226422,794381302,485BPOS,SEC,text-schedule,reported-as-of
2005-09-30,2006-01-31,2006-01-31_0001206774-06-000136_d18436-485bpos.txt,"Amgen, Inc.",8685917,692007007,485BPOS,SEC,text-schedule,reported-as-of
2005-09-30,2006-01-31,2006-01-31_0001206774-06-000136_d18436-485bpos.txt,"eBay, Inc.",15251480,628360976,485BPOS,SEC,text-schedule,reported-as-of
2005-09-30,2006-01-31,2006-01-31_0001206774-06-000136_d18436-485bpos.txt,"Cisco Systems, Inc.",34485638,618327489,485BPOS,SEC,text-schedule,reported-as-of
2005-09-30,2006-01-31,2006-01-31_0001206774-06-000136_d18436-485bpos.txt,"Dell, Inc.",13321580,455598036,485BPOS,SEC,text-schedule,reported-as-of
2005-09-30,2006-01-31,2006-01-31_0001206774-06-000136_d18436-485bpos.txt,Symantec Corporation,18918300,428688678,485BPOS,SEC,text-schedule,reported-as-of
2005-09-30,2006-01-31,2006-01-31_0001206774-06-000136_d18436-485bpos.txt,Comcast Corporation,14405107,423222044,485BPOS,SEC,text-schedule,reported-as-of
2005-09-30,2006-01-31,2006-01-31_0001206774-06-000136_d18436-485bpos.txt,Starbucks Corporation,8069148,404264315,485BPOS,SEC,text-schedule,reported-as-of
2005-09-30,2006-01-31,2006-01-31_0001206774-06-000136_d18436-485bpos.txt,Oracle Corporation,32536169,403123134,485BPOS,SEC,text-schedule,reported-as-of
2005-09-30,2006-01-31,2006-01-31_0001206774-06-000136_d18436-485bpos.txt,Genzyme Corporation,4860434,348201492,485BPOS,SEC,text-schedule,reported-as-of
2005-09-30,2006-01-31,2006-01-31_0001206774-06-000136_d18436-485bpos.txt,Yahoo! Inc.,10230144,346188073,485BPOS,SEC,text-schedule,reported-as-of
2005-09-30,2006-01-31,2006-01-31_0001206774-06-000136_d18436-485bpos.txt,"Gilead Sciences, Inc.",6781765,330678861,485BPOS,SEC,text-schedule,reported-as-of
2005-09-30,2006-01-31,2006-01-31_0001206774-06-000136_d18436-485bpos.txt,Sears Holdings Corp.,2605028,324117584,485BPOS,SEC,text-schedule,reported-as-of
2005-09-30,2006-01-31,2006-01-31_0001206774-06-000136_d18436-485bpos.txt,"Maxim Integrated Products, Inc.",6941414,296051307,485BPOS,SEC,text-schedule,reported-as-of
2005-09-30,2006-01-31,2006-01-31_0001206774-06-000136_d18436-485bpos.txt,"Electronic Arts, Inc.",4621756,262931699,485BPOS,SEC,text-schedule,reported-as-of
2005-09-30,2006-01-31,2006-01-31_0001206774-06-000136_d18436-485bpos.txt,Teva Pharmaceutical Industries Limited,7245301,242137959,485BPOS,SEC,text-schedule,reported-as-of
2005-09-30,2006-01-31,2006-01-31_0001206774-06-000136_d18436-485bpos.txt,"Bed Bath & Beyond, Inc.",6007089,241364836,485BPOS,SEC,text-schedule,reported-as-of
2005-09-30,2006-01-31,2006-01-31_0001206774-06-000136_d18436-485bpos.txt,Linear Technology Corporation,6193340,232807651,485BPOS,SEC,text-schedule,reported-as-of
2005-09-30,2006-01-31,2006-01-31_0001206774-06-000136_d18436-485bpos.txt,"Biogen Idec, Inc.",5555373,219326126,485BPOS,SEC,text-schedule,reported-as-of
2005-09-30,2006-01-31,2006-01-31_0001206774-06-000136_d18436-485bpos.txt,Adobe Systems Incorporated,7287031,217517875,485BPOS,SEC,text-schedule,reported-as-of
2005-09-30,2006-01-31,2006-01-31_0001206774-06-000136_d18436-485bpos.txt,"Applied Materials, Inc.",12673741,214946647,485BPOS,SEC,text-schedule,reported-as-of
2005-09-30,2006-01-31,2006-01-31_0001206774-06-000136_d18436-485bpos.txt,"Paychex, Inc.",5430268,201354337,485BPOS,SEC,text-schedule,reported-as-of
2005-09-30,2006-01-31,2006-01-31_0001206774-06-000136_d18436-485bpos.txt,"Research In Motion, Ltd.",2883245,197213958,485BPOS,SEC,text-schedule,reported-as-of
2005-09-30,2006-01-31,2006-01-31_0001206774-06-000136_d18436-485bpos.txt,"PACCAR, Inc.",2902507,197051200,485BPOS,SEC,text-schedule,reported-as-of
2005-09-30,2006-01-31,2006-01-31_0001206774-06-000136_d18436-485bpos.txt,"Xilinx, Inc.",7003021,195034135,485BPOS,SEC,text-schedule,reported-as-of
2005-09-30,2006-01-31,2006-01-31_0001206774-06-000136_d18436-485bpos.txt,"Amazon.com, Inc.",4130964,187132669,485BPOS,SEC,text-schedule,reported-as-of
2005-09-30,2006-01-31,2006-01-31_0001206774-06-000136_d18436-485bpos.txt,"Marvell Technology Group, Ltd.",4039889,186279282,485BPOS,SEC,text-schedule,reported-as-of
2005-09-30,2006-01-31,2006-01-31_0001206774-06-000136_d18436-485bpos.txt,"Apollo Group, Inc.",2757815,183091338,485BPOS,SEC,text-schedule,reported-as-of
2005-09-30,2006-01-31,2006-01-31_0001206774-06-000136_d18436-485bpos.txt,Broadcom Corporation,3889405,182451989,485BPOS,SEC,text-schedule,reported-as-of
2005-09-30,2006-01-31,2006-01-31_0001206774-06-000136_d18436-485bpos.txt,KLA -Tencor Corporation,3616634,176347074,485BPOS,SEC,text-schedule,reported-as-of
2005-09-30,2006-01-31,2006-01-31_0001206774-06-000136_d18436-485bpos.txt,"Biomet, Inc.",5075761,176179664,485BPOS,SEC,text-schedule,reported-as-of
2005-09-30,2006-01-31,2006-01-31_0001206774-06-000136_d18436-485bpos.txt,Chiron Corporation,3968776,173118009,485BPOS,SEC,text-schedule,reported-as-of
2005-09-30,2006-01-31,2006-01-31_0001206774-06-000136_d18436-485bpos.txt,"Autodesk, Inc.",3594557,166931227,485BPOS,SEC,text-schedule,reported-as-of
2005-09-30,2006-01-31,2006-01-31_0001206774-06-000136_d18436-485bpos.txt,Costco Wholesale Corporation,3812308,164272352,485BPOS,SEC,text-schedule,reported-as-of
2005-09-30,2006-01-31,2006-01-31_0001206774-06-000136_d18436-485bpos.txt,"Staples, Inc.",7455761,158956825,485BPOS,SEC,text-schedule,reported-as-of
2005-09-30,2006-01-31,2006-01-31_0001206774-06-000136_d18436-485bpos.txt,"Intuit, Inc.",3448586,154531139,485BPOS,SEC,text-schedule,reported-as-of
2005-09-30,2006-01-31,2006-01-31_0001206774-06-000136_d18436-485bpos.txt,Altera Corporation,7914571,151247452,485BPOS,SEC,text-schedule,reported-as-of
2005-09-30,2006-01-31,2006-01-31_0001206774-06-000136_d18436-485bpos.txt,"Sirius Satellite Radio, Inc.",21719186,142260668,485BPOS,SEC,text-schedule,reported-as-of
2005-09-30,2006-01-31,2006-01-31_0001206774-06-000136_d18436-485bpos.txt,"Network Appliance, Inc.",5811131,137956250,485BPOS,SEC,text-schedule,reported-as-of
2005-09-30,2006-01-31,2006-01-31_0001206774-06-000136_d18436-485bpos.txt,Celgene Corp.,2514453,136585087,485BPOS,SEC,text-schedule,reported-as-of
2005-09-30,2006-01-31,2006-01-31_0001206774-06-000136_d18436-485bpos.txt,"MCI, Inc.",5368719,136204401,485BPOS,SEC,text-schedule,reported-as-of
2005-09-30,2006-01-31,2006-01-31_0001206774-06-000136_d18436-485bpos.txt,IAC / InterActiveCorp,5318541,134825002,485BPOS,SEC,text-schedule,reported-as-of
2005-09-30,2006-01-31,2006-01-31_0001206774-06-000136_d18436-485bpos.txt,"Whole Foods Market, Inc.",996699,134006181,485BPOS,SEC,text-schedule,reported-as-of
2005-09-30,2006-01-31,2006-01-31_0001206774-06-000136_d18436-485bpos.txt,"MedImmune, Inc.",3981463,133976230,485BPOS,SEC,text-schedule,reported-as-of
2005-09-30,2006-01-31,2006-01-31_0001206774-06-000136_d18436-485bpos.txt,"Juniper Networks, Inc.",5566425,132425251,485BPOS,SEC,text-schedule,reported-as-of
2005-09-30,2006-01-31,2006-01-31_0001206774-06-000136_d18436-485bpos.txt,Cintas Corporation,3051126,125248722,485BPOS,SEC,text-schedule,reported-as-of
2005-09-30,2006-01-31,2006-01-31_0001206774-06-000136_d18436-485bpos.txt,"Express Scripts, Inc.",2003150,124595930,485BPOS,SEC,text-schedule,reported-as-of
2005-09-30,2006-01-31,2006-01-31_0001206774-06-000136_d18436-485bpos.txt,"XM Satellite Radio Holdings, Inc.",3456152,124110418,485BPOS,SEC,text-schedule,reported-as-of
2005-09-30,2006-01-31,2006-01-31_0001206774-06-000136_d18436-485bpos.txt,Sandisk Corporation,2518446,121515020,485BPOS,SEC,text-schedule,reported-as-of
2005-09-30,2006-01-31,2006-01-31_0001206774-06-000136_d18436-485bpos.txt,Flextronics International Ltd.,9378078,120508302,485BPOS,SEC,text-schedule,reported-as-of
2005-09-30,2006-01-31,2006-01-31_0001206774-06-000136_d18436-485bpos.txt,"Garmin, Ltd.",1510613,102464880,485BPOS,SEC,text-schedule,reported-as-of
2005-09-30,2006-01-31,2006-01-31_0001206774-06-000136_d18436-485bpos.txt,"Liberty Global, Inc.",3646692,98752419,485BPOS,SEC,text-schedule,reported-as-of
2005-09-30,2006-01-31,2006-01-31_0001206774-06-000136_d18436-485bpos.txt,EchoStar Communications Corporation,3322432,98244314,485BPOS,SEC,text-schedule,reported-as-of
2005-09-30,2006-01-31,2006-01-31_0001206774-06-000136_d18436-485bpos.txt,"Siebel System, Inc.",9241219,95461792,485BPOS,SEC,text-schedule,reported-as-of
2005-09-30,2006-01-31,2006-01-31_0001206774-06-000136_d18436-485bpos.txt,Cognizant Technology Solutions Corp.,2010799,93683125,485BPOS,SEC,text-schedule,reported-as-of
2005-09-30,2006-01-31,2006-01-31_0001206774-06-000136_d18436-485bpos.txt,NTL Incorporated,1402416,93681389,485BPOS,SEC,text-schedule,reported-as-of
2005-09-30,2006-01-31,2006-01-31_0001206774-06-000136_d18436-485bpos.txt,"Sepracor, Inc.",1545398,91163028,485BPOS,SEC,text-schedule,reported-as-of
2005-09-30,2006-01-31,2006-01-31_0001206774-06-000136_d18436-485bpos.txt,"Expeditors International of Washington, Inc",1581102,89774972,485BPOS,SEC,text-schedule,reported-as-of
2005-09-30,2006-01-31,2006-01-31_0001206774-06-000136_d18436-485bpos.txt,Check Point Software Technologies Ltd.,3641138,88552476,485BPOS,SEC,text-schedule,reported-as-of
2005-09-30,2006-01-31,2006-01-31_0001206774-06-000136_d18436-485bpos.txt,"Sun Microsystems, Inc.",22405419,87829242,485BPOS,SEC,text-schedule,reported-as-of
2005-09-30,2006-01-31,2006-01-31_0001206774-06-000136_d18436-485bpos.txt,"Comverse Technology, Inc.",3140535,82501854,485BPOS,SEC,text-schedule,reported-as-of
2005-09-30,2006-01-31,2006-01-31_0001206774-06-000136_d18436-485bpos.txt,NVIDIA Corporation,1277661,81923623,485BPOS,SEC,text-schedule,reported-as-of
2005-09-30,2006-01-31,2006-01-31_0001206774-06-000136_d18436-485bpos.txt,"VeriSign, Inc.",3775100,80673887,485BPOS,SEC,text-schedule,reported-as-of
2005-09-30,2006-01-31,2006-01-31_0001206774-06-000136_d18436-485bpos.txt,Pixar,1802050,80209246,485BPOS,SEC,text-schedule,reported-as-of
2005-09-30,2006-01-31,2006-01-31_0001206774-06-000136_d18436-485bpos.txt,"Patterson Companies, Inc.",1996875,79934906,485BPOS,SEC,text-schedule,reported-as-of
2005-09-30,2006-01-31,2006-01-31_0001206774-06-000136_d18436-485bpos.txt,Microchip Technology Incorporated,2626660,79114999,485BPOS,SEC,text-schedule,reported-as-of
2005-09-30,2006-01-31,2006-01-31_0001206774-06-000136_d18436-485bpos.txt,"Citrix Systems, Inc.",3057501,76865575,485BPOS,SEC,text-schedule,reported-as-of
2005-09-30,2006-01-31,2006-01-31_0001206774-06-000136_d18436-485bpos.txt,American Power Conversion Corporation,2950479,76417406,485BPOS,SEC,text-schedule,reported-as-of
2005-09-30,2006-01-31,2006-01-31_0001206774-06-000136_d18436-485bpos.txt,CDW Corporation,1265452,74560432,485BPOS,SEC,text-schedule,reported-as-of
2005-09-30,2006-01-31,2006-01-31_0001206774-06-000136_d18436-485bpos.txt,"Wynn Resorts, Limited",1638413,73974347,485BPOS,SEC,text-schedule,reported-as-of
2005-09-30,2006-01-31,2006-01-31_0001206774-06-000136_d18436-485bpos.txt,Lam Research Corporation,2128430,64853262,485BPOS,SEC,text-schedule,reported-as-of
2005-09-30,2006-01-31,2006-01-31_0001206774-06-000136_d18436-485bpos.txt,JDS Uniphase Corporation,28506593,63284636,485BPOS,SEC,text-schedule,reported-as-of
2005-09-30,2006-01-31,2006-01-31_0001206774-06-000136_d18436-485bpos.txt,Sigma-Aldrich Corporation,978999,62714676,485BPOS,SEC,text-schedule,reported-as-of
2005-09-30,2006-01-31,2006-01-31_0001206774-06-000136_d18436-485bpos.txt,"DENTSPLY International, Inc.",1149636,62103337,485BPOS,SEC,text-schedule,reported-as-of
2005-09-30,2006-01-31,2006-01-31_0001206774-06-000136_d18436-485bpos.txt,Ericsson Telephone Co.,1670561,61543467,485BPOS,SEC,text-schedule,reported-as-of
2005-09-30,2006-01-31,2006-01-31_0001206774-06-000136_d18436-485bpos.txt,Lamar Advertising Company,1304766,59184186,485BPOS,SEC,text-schedule,reported-as-of
2005-09-30,2006-01-31,2006-01-31_0001206774-06-000136_d18436-485bpos.txt,"Lincare Holdings, Inc.",1430526,58723092,485BPOS,SEC,text-schedule,reported-as-of
2005-09-30,2006-01-31,2006-01-31_0001206774-06-000136_d18436-485bpos.txt,Invitrogen Corporation,752342,56598689,485BPOS,SEC,text-schedule,reported-as-of
2005-09-30,2006-01-31,2006-01-31_0001206774-06-000136_d18436-485bpos.txt,Career Education Corporation,1581527,56239100,485BPOS,SEC,text-schedule,reported-as-of
2005-09-30,2006-01-31,2006-01-31_0001206774-06-000136_d18436-485bpos.txt,Mercury Interactive Corporation,1392710,55151316,485BPOS,SEC,text-schedule,reported-as-of
2005-09-30,2006-01-31,2006-01-31_0001206774-06-000136_d18436-485bpos.txt,"Novellus System, Inc.",2133831,53516481,485BPOS,SEC,text-schedule,reported-as-of
2005-09-30,2006-01-31,2006-01-31_0001206774-06-000136_d18436-485bpos.txt,"ATI Technologies, Inc.",3754889,52343153,485BPOS,SEC,text-schedule,reported-as-of
2005-09-30,2006-01-31,2006-01-31_0001206774-06-000136_d18436-485bpos.txt,"Ross Stores, Inc.",2174486,51535318,485BPOS,SEC,text-schedule,reported-as-of
2005-09-30,2006-01-31,2006-01-31_0001206774-06-000136_d18436-485bpos.txt,Intersil Corporation,2338512,50932791,485BPOS,SEC,text-schedule,reported-as-of
2005-09-30,2006-01-31,2006-01-31_0001206774-06-000136_d18436-485bpos.txt,"BEA Systems, Inc.",5503230,49419005,485BPOS,SEC,text-schedule,reported-as-of
2005-09-30,2006-01-31,2006-01-31_0001206774-06-000136_d18436-485bpos.txt,Qlogic Corporation,1396454,47758727,485BPOS,SEC,text-schedule,reported-as-of
2005-09-30,2006-01-31,2006-01-31_0001206774-06-000136_d18436-485bpos.txt,"Millennium Pharmaceuticals, Inc.",5111204,47687533,485BPOS,SEC,text-schedule,reported-as-of
2005-09-30,2006-01-31,2006-01-31_0001206774-06-000136_d18436-485bpos.txt,"PETsMART, Inc.",2147850,46780173,485BPOS,SEC,text-schedule,reported-as-of
2005-09-30,2006-01-31,2006-01-31_0001206774-06-000136_d18436-485bpos.txt,"Tellabs, Inc.",3852081,40523892,485BPOS,SEC,text-schedule,reported-as-of
2005-09-30,2006-01-31,2006-01-31_0001206774-06-000136_d18436-485bpos.txt,Molex Incorporated,1494515,39873660,485BPOS,SEC,text-schedule,reported-as-of
2005-09-30,2006-01-31,2006-01-31_0001206774-06-000136_d18436-485bpos.txt,Smurfit-Stone Container Corporation,3759832,38951860,485BPOS,SEC,text-schedule,reported-as-of
2005-09-30,2006-01-31,2006-01-31_0001206774-06-000136_d18436-485bpos.txt,"Synopsys, Inc.",2010028,37989529,485BPOS,SEC,text-schedule,reported-as-of
2005-09-30,2006-01-31,2006-01-31_0001206774-06-000136_d18436-485bpos.txt,Sanmina-SCI Corporation,8474803,36356905,485BPOS,SEC,text-schedule,reported-as-of
2005-09-30,2006-01-31,2006-01-31_0001206774-06-000136_d18436-485bpos.txt,"Dollar Tree Stores, Inc.",1575639,34112588,485BPOS,SEC,text-schedule,reported-as-of
2005-09-30,2006-01-31,2006-01-31_0001206774-06-000136_d18436-485bpos.txt,"Level 3 Communications, Inc.",10419051,24172198,485BPOS,SEC,text-schedule,reported-as-of
2006-09-30,2007-01-31,2007-01-31_0001206774-07-000279_nasdaq_485bpos.htm,Microsoft Corporation,44045922,1203775048,485BPOS,SEC,html-table,reported-as-of
2006-09-30,2007-01-31,2007-01-31_0001206774-07-000279_nasdaq_485bpos.htm,"Apple Computer, Inc.",15272136,1176412636,485BPOS,SEC,html-table,reported-as-of
2006-09-30,2007-01-31,2007-01-31_0001206774-07-000279_nasdaq_485bpos.htm,"QUALCOMM, Inc",25574229,929623224,485BPOS,SEC,html-table,reported-as-of
2006-09-30,2007-01-31,2007-01-31_0001206774-07-000279_nasdaq_485bpos.htm,Google Inc.,1711845,687990506,485BPOS,SEC,html-table,reported-as-of
2006-09-30,2007-01-31,2007-01-31_0001206774-07-000279_nasdaq_485bpos.htm,"Cisco Systems, Inc.",27996083,643909909,485BPOS,SEC,html-table,reported-as-of
2006-09-30,2007-01-31,2007-01-31_0001206774-07-000279_nasdaq_485bpos.htm,Intel Corporation,25927011,533318616,485BPOS,SEC,html-table,reported-as-of
2006-09-30,2007-01-31,2007-01-31_0001206774-07-000279_nasdaq_485bpos.htm,"Amgen, Inc.",7003647,500970870,485BPOS,SEC,html-table,reported-as-of
2006-09-30,2007-01-31,2007-01-31_0001206774-07-000279_nasdaq_485bpos.htm,Oracle Corporation,28067354,497914860,485BPOS,SEC,html-table,reported-as-of
2006-09-30,2007-01-31,2007-01-31_0001206774-07-000279_nasdaq_485bpos.htm,Starbucks Corporation,13494344,459482413,485BPOS,SEC,html-table,reported-as-of
2006-09-30,2007-01-31,2007-01-31_0001206774-07-000279_nasdaq_485bpos.htm,Comcast Corporation,12278764,452472453,485BPOS,SEC,html-table,reported-as-of
2006-09-30,2007-01-31,2007-01-31_0001206774-07-000279_nasdaq_485bpos.htm,"Gilead Sciences, Inc.",5775227,396758095,485BPOS,SEC,html-table,reported-as-of
2006-09-30,2007-01-31,2007-01-31_0001206774-07-000279_nasdaq_485bpos.htm,"eBay, Inc.",13550481,384291641,485BPOS,SEC,html-table,reported-as-of
2006-09-30,2007-01-31,2007-01-31_0001206774-07-000279_nasdaq_485bpos.htm,Sears Holdings Corp.,2067846,326905774,485BPOS,SEC,html-table,reported-as-of
2006-09-30,2007-01-31,2007-01-31_0001206774-07-000279_nasdaq_485bpos.htm,Genzyme Corporation,4206165,283789953,485BPOS,SEC,html-table,reported-as-of
2006-09-30,2007-01-31,2007-01-31_0001206774-07-000279_nasdaq_485bpos.htm,Symantec Corporation,13277489,282544966,485BPOS,SEC,html-table,reported-as-of
2006-09-30,2007-01-31,2007-01-31_0001206774-07-000279_nasdaq_485bpos.htm,Adobe Systems Incorporated,7286351,272873845,485BPOS,SEC,html-table,reported-as-of
2006-09-30,2007-01-31,2007-01-31_0001206774-07-000279_nasdaq_485bpos.htm,Teva Pharmaceutical Industries Limited,7906378,269528426,485BPOS,SEC,html-table,reported-as-of
2006-09-30,2007-01-31,2007-01-31_0001206774-07-000279_nasdaq_485bpos.htm,"Research In Motion, Ltd.",2395151,245886202,485BPOS,SEC,html-table,reported-as-of
2006-09-30,2007-01-31,2007-01-31_0001206774-07-000279_nasdaq_485bpos.htm,"Dell, Inc.",10727282,245011121,485BPOS,SEC,html-table,reported-as-of
2006-09-30,2007-01-31,2007-01-31_0001206774-07-000279_nasdaq_485bpos.htm,"Electronic Arts, Inc.",3968328,220956503,485BPOS,SEC,html-table,reported-as-of
2006-09-30,2007-01-31,2007-01-31_0001206774-07-000279_nasdaq_485bpos.htm,Yahoo! Inc.,8522822,215456940,485BPOS,SEC,html-table,reported-as-of
2006-09-30,2007-01-31,2007-01-31_0001206774-07-000279_nasdaq_485bpos.htm,"Biogen Idec, Inc.",4794628,214223979,485BPOS,SEC,html-table,reported-as-of
2006-09-30,2007-01-31,2007-01-31_0001206774-07-000279_nasdaq_485bpos.htm,"PACCAR, Inc.",3587183,204541175,485BPOS,SEC,html-table,reported-as-of
2006-09-30,2007-01-31,2007-01-31_0001206774-07-000279_nasdaq_485bpos.htm,Celgene Corp.,4464029,193292456,485BPOS,SEC,html-table,reported-as-of
2006-09-30,2007-01-31,2007-01-31_0001206774-07-000279_nasdaq_485bpos.htm,"Bed Bath & Beyond, Inc.",4871727,186392275,485BPOS,SEC,html-table,reported-as-of
2006-09-30,2007-01-31,2007-01-31_0001206774-07-000279_nasdaq_485bpos.htm,"Network Appliance, Inc.",4987902,184602253,485BPOS,SEC,html-table,reported-as-of
2006-09-30,2007-01-31,2007-01-31_0001206774-07-000279_nasdaq_485bpos.htm,"Applied Materials, Inc.",10182957,180543828,485BPOS,SEC,html-table,reported-as-of
2006-09-30,2007-01-31,2007-01-31_0001206774-07-000279_nasdaq_485bpos.htm,Intuit Inc.,5558041,178357536,485BPOS,SEC,html-table,reported-as-of
2006-09-30,2007-01-31,2007-01-31_0001206774-07-000279_nasdaq_485bpos.htm,"Paychex, Inc.",4633719,170752545,485BPOS,SEC,html-table,reported-as-of
2006-09-30,2007-01-31,2007-01-31_0001206774-07-000279_nasdaq_485bpos.htm,Broadcom Corporation,5490086,166569209,485BPOS,SEC,html-table,reported-as-of
2006-09-30,2007-01-31,2007-01-31_0001206774-07-000279_nasdaq_485bpos.htm,Linear Technology Corporation,5209469,162118675,485BPOS,SEC,html-table,reported-as-of
2006-09-30,2007-01-31,2007-01-31_0001206774-07-000279_nasdaq_485bpos.htm,"Maxim Integrated Products, Inc.",5768338,161917248,485BPOS,SEC,html-table,reported-as-of
2006-09-30,2007-01-31,2007-01-31_0001206774-07-000279_nasdaq_485bpos.htm,Costco Wholesale Corporation,3163974,157186228,485BPOS,SEC,html-table,reported-as-of
2006-09-30,2007-01-31,2007-01-31_0001206774-07-000279_nasdaq_485bpos.htm,"Staples, Inc.",6264201,152408010,485BPOS,SEC,html-table,reported-as-of
2006-09-30,2007-01-31,2007-01-31_0001206774-07-000279_nasdaq_485bpos.htm,"Marvell Technology Group, Ltd.",7168139,138846852,485BPOS,SEC,html-table,reported-as-of
2006-09-30,2007-01-31,2007-01-31_0001206774-07-000279_nasdaq_485bpos.htm,KLA -Tencor Corporation,3092787,137536238,485BPOS,SEC,html-table,reported-as-of
2006-09-30,2007-01-31,2007-01-31_0001206774-07-000279_nasdaq_485bpos.htm,"Biomet, Inc.",4231803,136221739,485BPOS,SEC,html-table,reported-as-of
2006-09-30,2007-01-31,2007-01-31_0001206774-07-000279_nasdaq_485bpos.htm,"Fiserv, Inc.",2797762,131746613,485BPOS,SEC,html-table,reported-as-of
2006-09-30,2007-01-31,2007-01-31_0001206774-07-000279_nasdaq_485bpos.htm,"Novellus System, Inc.",4443463,131482070,485BPOS,SEC,html-table,reported-as-of
2006-09-30,2007-01-31,2007-01-31_0001206774-07-000279_nasdaq_485bpos.htm,Cognizant Technology Solutions Corp.,1762895,130560004,485BPOS,SEC,html-table,reported-as-of
2006-09-30,2007-01-31,2007-01-31_0001206774-07-000279_nasdaq_485bpos.htm,"Xilinx, Inc.",5787639,127038676,485BPOS,SEC,html-table,reported-as-of
2006-09-30,2007-01-31,2007-01-31_0001206774-07-000279_nasdaq_485bpos.htm,"Garmin, Ltd",2582542,125976399,485BPOS,SEC,html-table,reported-as-of
2006-09-30,2007-01-31,2007-01-31_0001206774-07-000279_nasdaq_485bpos.htm,Sandisk Corporation,2314473,123916884,485BPOS,SEC,html-table,reported-as-of
2006-09-30,2007-01-31,2007-01-31_0001206774-07-000279_nasdaq_485bpos.htm,"Expeditors International of Washington, Inc.",2687833,119823595,485BPOS,SEC,html-table,reported-as-of
2006-09-30,2007-01-31,2007-01-31_0001206774-07-000279_nasdaq_485bpos.htm,"NII Holdings, Inc.",1926945,119778901,485BPOS,SEC,html-table,reported-as-of
2006-09-30,2007-01-31,2007-01-31_0001206774-07-000279_nasdaq_485bpos.htm,Altera Corporation,6482905,119155794,485BPOS,SEC,html-table,reported-as-of
2006-09-30,2007-01-31,2007-01-31_0001206774-07-000279_nasdaq_485bpos.htm,"Express Scripts, Inc.",1578009,119123899,485BPOS,SEC,html-table,reported-as-of
2006-09-30,2007-01-31,2007-01-31_0001206774-07-000279_nasdaq_485bpos.htm,NTL Incorporated,4550597,115721682,485BPOS,SEC,html-table,reported-as-of
2006-09-30,2007-01-31,2007-01-31_0001206774-07-000279_nasdaq_485bpos.htm,IAC / InterActiveCorp,3996069,114926944,485BPOS,SEC,html-table,reported-as-of
2006-09-30,2007-01-31,2007-01-31_0001206774-07-000279_nasdaq_485bpos.htm,"Amazon.com, Inc.",3570562,114686451,485BPOS,SEC,html-table,reported-as-of
2006-09-30,2007-01-31,2007-01-31_0001206774-07-000279_nasdaq_485bpos.htm,"Apollo Group, Inc.",2244623,110525237,485BPOS,SEC,html-table,reported-as-of
2006-09-30,2007-01-31,2007-01-31_0001206774-07-000279_nasdaq_485bpos.htm,"Autodesk, Inc.",3076173,106989297,485BPOS,SEC,html-table,reported-as-of
2006-09-30,2007-01-31,2007-01-31_0001206774-07-000279_nasdaq_485bpos.htm,"Whole Foods Market, Inc.",1777240,105621373,485BPOS,SEC,html-table,reported-as-of
2006-09-30,2007-01-31,2007-01-31_0001206774-07-000279_nasdaq_485bpos.htm,Flextronics International Ltd.,8060106,101879740,485BPOS,SEC,html-table,reported-as-of
2006-09-30,2007-01-31,2007-01-31_0001206774-07-000279_nasdaq_485bpos.htm,"Citrix Systems, Inc.",2803038,101498006,485BPOS,SEC,html-table,reported-as-of
2006-09-30,2007-01-31,2007-01-31_0001206774-07-000279_nasdaq_485bpos.htm,Cintas Corporation,2474733,101043348,485BPOS,SEC,html-table,reported-as-of
2006-09-30,2007-01-31,2007-01-31_0001206774-07-000279_nasdaq_485bpos.htm,"Sun Microsystems, Inc.",19572062,97273148,485BPOS,SEC,html-table,reported-as-of
2006-09-30,2007-01-31,2007-01-31_0001206774-07-000279_nasdaq_485bpos.htm,"MedImmune, Inc.",3288773,96065059,485BPOS,SEC,html-table,reported-as-of
2006-09-30,2007-01-31,2007-01-31_0001206774-07-000279_nasdaq_485bpos.htm,"Wynn Resorts, Ltd.",1411794,96016110,485BPOS,SEC,html-table,reported-as-of
2006-09-30,2007-01-31,2007-01-31_0001206774-07-000279_nasdaq_485bpos.htm,"C. H. Robinson Worldwide, Inc.",2150043,95848917,485BPOS,SEC,html-table,reported-as-of
2006-09-30,2007-01-31,2007-01-31_0001206774-07-000279_nasdaq_485bpos.htm,"Akamai Technologies, Inc.",1914455,95703605,485BPOS,SEC,html-table,reported-as-of
2006-09-30,2007-01-31,2007-01-31_0001206774-07-000279_nasdaq_485bpos.htm,EchoStar Communications Corporation,2734846,89538858,485BPOS,SEC,html-table,reported-as-of
2006-09-30,2007-01-31,2007-01-31_0001206774-07-000279_nasdaq_485bpos.htm,Lam Research Corporation,1880507,85243382,485BPOS,SEC,html-table,reported-as-of
2006-09-30,2007-01-31,2007-01-31_0001206774-07-000279_nasdaq_485bpos.htm,"Juniper Networks, Inc.",4772695,82472170,485BPOS,SEC,html-table,reported-as-of
2006-09-30,2007-01-31,2007-01-31_0001206774-07-000279_nasdaq_485bpos.htm,Sirius Satellite Radio Inc.,19530836,76365569,485BPOS,SEC,html-table,reported-as-of
2006-09-30,2007-01-31,2007-01-31_0001206774-07-000279_nasdaq_485bpos.htm,"Liberty Global, Inc.",2917898,75106695,485BPOS,SEC,html-table,reported-as-of
2006-09-30,2007-01-31,2007-01-31_0001206774-07-000279_nasdaq_485bpos.htm,Microchip Technology Incorporated,2293829,74365936,485BPOS,SEC,html-table,reported-as-of
2006-09-30,2007-01-31,2007-01-31_0001206774-07-000279_nasdaq_485bpos.htm,Fastenal Company,1852156,71437657,485BPOS,SEC,html-table,reported-as-of
2006-09-30,2007-01-31,2007-01-31_0001206774-07-000279_nasdaq_485bpos.htm,"BEA Systems, Inc.",4665003,70908046,485BPOS,SEC,html-table,reported-as-of
2006-09-30,2007-01-31,2007-01-31_0001206774-07-000279_nasdaq_485bpos.htm,"ATI Technologies, Inc.",3202929,68702827,485BPOS,SEC,html-table,reported-as-of
2006-09-30,2007-01-31,2007-01-31_0001206774-07-000279_nasdaq_485bpos.htm,"Amylin Pharmaceuticals, Inc.",1534232,67613604,485BPOS,SEC,html-table,reported-as-of
2006-09-30,2007-01-31,2007-01-31_0001206774-07-000279_nasdaq_485bpos.htm,"Expedia, Inc.",4222019,66201258,485BPOS,SEC,html-table,reported-as-of
2006-09-30,2007-01-31,2007-01-31_0001206774-07-000279_nasdaq_485bpos.htm,"Sepracor, Inc.",1361893,65970097,485BPOS,SEC,html-table,reported-as-of
2006-09-30,2007-01-31,2007-01-31_0001206774-07-000279_nasdaq_485bpos.htm,CDW Corporation,1040419,64173044,485BPOS,SEC,html-table,reported-as-of
2006-09-30,2007-01-31,2007-01-31_0001206774-07-000279_nasdaq_485bpos.htm,"Cadence Design Systems, Inc.",3773380,63996525,485BPOS,SEC,html-table,reported-as-of
2006-09-30,2007-01-31,2007-01-31_0001206774-07-000279_nasdaq_485bpos.htm,Sigma-Aldrich Corporation,818438,61931203,485BPOS,SEC,html-table,reported-as-of
2006-09-30,2007-01-31,2007-01-31_0001206774-07-000279_nasdaq_485bpos.htm,"Monster Worldwide, Inc.",1684222,60951994,485BPOS,SEC,html-table,reported-as-of
2006-09-30,2007-01-31,2007-01-31_0001206774-07-000279_nasdaq_485bpos.htm,"VeriSign, Inc.",2939863,59385233,485BPOS,SEC,html-table,reported-as-of
2006-09-30,2007-01-31,2007-01-31_0001206774-07-000279_nasdaq_485bpos.htm,"Comverse Technology, Inc.",2692081,57718217,485BPOS,SEC,html-table,reported-as-of
2006-09-30,2007-01-31,2007-01-31_0001206774-07-000279_nasdaq_485bpos.htm,Check Point Software Technologies Ltd.,3024066,57608457,485BPOS,SEC,html-table,reported-as-of
2006-09-30,2007-01-31,2007-01-31_0001206774-07-000279_nasdaq_485bpos.htm,"Patterson Companies, Inc.",1710385,57486040,485BPOS,SEC,html-table,reported-as-of
2006-09-30,2007-01-31,2007-01-31_0001206774-07-000279_nasdaq_485bpos.htm,DENTSPLY International Inc.,1895751,57081063,485BPOS,SEC,html-table,reported-as-of
2006-09-30,2007-01-31,2007-01-31_0001206774-07-000279_nasdaq_485bpos.htm,Joy Global Inc.,1495912,56261250,485BPOS,SEC,html-table,reported-as-of
2006-09-30,2007-01-31,2007-01-31_0001206774-07-000279_nasdaq_485bpos.htm,JDS Uniphase Corporation,24864675,54453638,485BPOS,SEC,html-table,reported-as-of
2006-09-30,2007-01-31,2007-01-31_0001206774-07-000279_nasdaq_485bpos.htm,American Power Conversion Corporation,2457645,53969884,485BPOS,SEC,html-table,reported-as-of
2006-09-30,2007-01-31,2007-01-31_0001206774-07-000279_nasdaq_485bpos.htm,"Patterson UTI Energy, Inc.",2153057,51156634,485BPOS,SEC,html-table,reported-as-of
2006-09-30,2007-01-31,2007-01-31_0001206774-07-000279_nasdaq_485bpos.htm,Millicom Int’l Cellular S. A.,1247338,51041071,485BPOS,SEC,html-table,reported-as-of
2006-09-30,2007-01-31,2007-01-31_0001206774-07-000279_nasdaq_485bpos.htm,"Red Hat, Inc.",2406453,50728029,485BPOS,SEC,html-table,reported-as-of
2006-09-30,2007-01-31,2007-01-31_0001206774-07-000279_nasdaq_485bpos.htm,"Intuitive Surgical, Inc.",471633,49733700,485BPOS,SEC,html-table,reported-as-of
2006-09-30,2007-01-31,2007-01-31_0001206774-07-000279_nasdaq_485bpos.htm,"PETsMART, Inc.",1781533,49437541,485BPOS,SEC,html-table,reported-as-of
2006-09-30,2007-01-31,2007-01-31_0001206774-07-000279_nasdaq_485bpos.htm,Activision Inc.,3213764,48527836,485BPOS,SEC,html-table,reported-as-of
2006-09-30,2007-01-31,2007-01-31_0001206774-07-000279_nasdaq_485bpos.htm,CheckFree Corp.,1118547,46218362,485BPOS,SEC,html-table,reported-as-of
2006-09-30,2007-01-31,2007-01-31_0001206774-07-000279_nasdaq_485bpos.htm,LM Ericsson Telephone Company,1339848,46157764,485BPOS,SEC,html-table,reported-as-of
2006-09-30,2007-01-31,2007-01-31_0001206774-07-000279_nasdaq_485bpos.htm,"Ross Stores, Inc.",1805760,45884362,485BPOS,SEC,html-table,reported-as-of
2006-09-30,2007-01-31,2007-01-31_0001206774-07-000279_nasdaq_485bpos.htm,XM Satellite Radio Holdings Inc.,3550055,45760209,485BPOS,SEC,html-table,reported-as-of
2006-09-30,2007-01-31,2007-01-31_0001206774-07-000279_nasdaq_485bpos.htm,Discovery Holding Co.,3055730,44185856,485BPOS,SEC,html-table,reported-as-of
2006-09-30,2007-01-31,2007-01-31_0001206774-07-000279_nasdaq_485bpos.htm,Lincare Holdings Inc.,1159388,40161200,485BPOS,SEC,html-table,reported-as-of
2006-09-30,2007-01-31,2007-01-31_0001206774-07-000279_nasdaq_485bpos.htm,Urban Outfitters Inc.,2223991,39342401,485BPOS,SEC,html-table,reported-as-of
2006-09-30,2007-01-31,2007-01-31_0001206774-07-000279_nasdaq_485bpos.htm,"Tellabs, Inc.",3275505,35899535,485BPOS,SEC,html-table,reported-as-of
2007-09-30,2008-02-01,2008-02-01_0001206774-08-000229_powershares_485bpos.htm,Apple Inc.,14205876,2181170201,485BPOS,SEC,html-table,reported-as-of
2007-09-30,2008-02-01,2008-02-01_0001206774-08-000229_powershares_485bpos.htm,Microsoft Corporation,37771076,1112735899,485BPOS,SEC,html-table,reported-as-of
2007-09-30,2008-02-01,2008-02-01_0001206774-08-000229_powershares_485bpos.htm,QUALCOMM Inc.,23648454,999383666,485BPOS,SEC,html-table,reported-as-of
2007-09-30,2008-02-01,2008-02-01_0001206774-08-000229_powershares_485bpos.htm,"Google, Inc.",1659410,941333511,485BPOS,SEC,html-table,reported-as-of
2007-09-30,2008-02-01,2008-02-01_0001206774-08-000229_powershares_485bpos.htm,"Cisco Systems, Inc.",25400884,841023269,485BPOS,SEC,html-table,reported-as-of
2007-09-30,2008-02-01,2008-02-01_0001206774-08-000229_powershares_485bpos.htm,"Research In Motion, Ltd.",6559083,646397630,485BPOS,SEC,html-table,reported-as-of
2007-09-30,2008-02-01,2008-02-01_0001206774-08-000229_powershares_485bpos.htm,Intel Corporation,23950450,619358637,485BPOS,SEC,html-table,reported-as-of
2007-09-30,2008-02-01,2008-02-01_0001206774-08-000229_powershares_485bpos.htm,Oracle Corporation,24963693,540463953,485BPOS,SEC,html-table,reported-as-of
2007-09-30,2008-02-01,2008-02-01_0001206774-08-000229_powershares_485bpos.htm,eBay Inc.,11863495,462913575,485BPOS,SEC,html-table,reported-as-of
2007-09-30,2008-02-01,2008-02-01_0001206774-08-000229_powershares_485bpos.htm,"Gilead Sciences, Inc.",10681584,436556338,485BPOS,SEC,html-table,reported-as-of
2007-09-30,2008-02-01,2008-02-01_0001206774-08-000229_powershares_485bpos.htm,Comcast Corporation,17004820,411176548,485BPOS,SEC,html-table,reported-as-of
2007-09-30,2008-02-01,2008-02-01_0001206774-08-000229_powershares_485bpos.htm,Amgen Inc.,5931441,335541617,485BPOS,SEC,html-table,reported-as-of
2007-09-30,2008-02-01,2008-02-01_0001206774-08-000229_powershares_485bpos.htm,Teva Pharmaceutical Industries Limited,7162561,318519088,485BPOS,SEC,html-table,reported-as-of
2007-09-30,2008-02-01,2008-02-01_0001206774-08-000229_powershares_485bpos.htm,Starbucks Corporation,12153128,318411954,485BPOS,SEC,html-table,reported-as-of
2007-09-30,2008-02-01,2008-02-01_0001206774-08-000229_powershares_485bpos.htm,Celgene Corp.,4444748,316954980,485BPOS,SEC,html-table,reported-as-of
2007-09-30,2008-02-01,2008-02-01_0001206774-08-000229_powershares_485bpos.htm,"Amazon.com, Inc.",3214934,299471102,485BPOS,SEC,html-table,reported-as-of
2007-09-30,2008-02-01,2008-02-01_0001206774-08-000229_powershares_485bpos.htm,Adobe Systems Incorporated,6753505,294858028,485BPOS,SEC,html-table,reported-as-of
2007-09-30,2008-02-01,2008-02-01_0001206774-08-000229_powershares_485bpos.htm,"Garmin, Ltd.",2353114,280961812,485BPOS,SEC,html-table,reported-as-of
2007-09-30,2008-02-01,2008-02-01_0001206774-08-000229_powershares_485bpos.htm,PACCAR Inc.,3263131,278181918,485BPOS,SEC,html-table,reported-as-of
2007-09-30,2008-02-01,2008-02-01_0001206774-08-000229_powershares_485bpos.htm,Dell Inc.,9786509,270107648,485BPOS,SEC,html-table,reported-as-of
2007-09-30,2008-02-01,2008-02-01_0001206774-08-000229_powershares_485bpos.htm,"Biogen Idec, Inc.",3665591,243138651,485BPOS,SEC,html-table,reported-as-of
2007-09-30,2008-02-01,2008-02-01_0001206774-08-000229_powershares_485bpos.htm,Genzyme Corporation,3862726,239334503,485BPOS,SEC,html-table,reported-as-of
2007-09-30,2008-02-01,2008-02-01_0001206774-08-000229_powershares_485bpos.htm,"Novellus System, Inc.",6312070,228749417,485BPOS,SEC,html-table,reported-as-of
2007-09-30,2008-02-01,2008-02-01_0001206774-08-000229_powershares_485bpos.htm,Sears Holdings Corp.,1749331,222514903,485BPOS,SEC,html-table,reported-as-of
2007-09-30,2008-02-01,2008-02-01_0001206774-08-000229_powershares_485bpos.htm,"Wynn Resorts, Ltd.",1403168,221083150,485BPOS,SEC,html-table,reported-as-of
2007-09-30,2008-02-01,2008-02-01_0001206774-08-000229_powershares_485bpos.htm,Symantec Corporation,10802177,209346190,485BPOS,SEC,html-table,reported-as-of
2007-09-30,2008-02-01,2008-02-01_0001206774-08-000229_powershares_485bpos.htm,Electronic Arts Inc.,3682565,206186814,485BPOS,SEC,html-table,reported-as-of
2007-09-30,2008-02-01,2008-02-01_0001206774-08-000229_powershares_485bpos.htm,Yahoo! Inc.,7540427,202385061,485BPOS,SEC,html-table,reported-as-of
2007-09-30,2008-02-01,2008-02-01_0001206774-08-000229_powershares_485bpos.htm,Broadcom Corporation,5001209,182244056,485BPOS,SEC,html-table,reported-as-of
2007-09-30,2008-02-01,2008-02-01_0001206774-08-000229_powershares_485bpos.htm,"Paychex, Inc.",4254725,174443725,485BPOS,SEC,html-table,reported-as-of
2007-09-30,2008-02-01,2008-02-01_0001206774-08-000229_powershares_485bpos.htm,"Applied Materials, Inc.",8345484,172751519,485BPOS,SEC,html-table,reported-as-of
2007-09-30,2008-02-01,2008-02-01_0001206774-08-000229_powershares_485bpos.htm,Costco Wholesale Corporation,2700291,165716859,485BPOS,SEC,html-table,reported-as-of
2007-09-30,2008-02-01,2008-02-01_0001206774-08-000229_powershares_485bpos.htm,"NII Holdings, Inc.",1967523,161632014,485BPOS,SEC,html-table,reported-as-of
2007-09-30,2008-02-01,2008-02-01_0001206774-08-000229_powershares_485bpos.htm,"Maxim Integrated Products, Inc.",5262297,154448417,485BPOS,SEC,html-table,reported-as-of
2007-09-30,2008-02-01,2008-02-01_0001206774-08-000229_powershares_485bpos.htm,KLA -Tencor Corporation,2741502,152920982,485BPOS,SEC,html-table,reported-as-of
2007-09-30,2008-02-01,2008-02-01_0001206774-08-000229_powershares_485bpos.htm,Intuit Inc.,4967573,150517462,485BPOS,SEC,html-table,reported-as-of
2007-09-30,2008-02-01,2008-02-01_0001206774-08-000229_powershares_485bpos.htm,"Express Scripts, Inc.",2694450,150404199,485BPOS,SEC,html-table,reported-as-of
2007-09-30,2008-02-01,2008-02-01_0001206774-08-000229_powershares_485bpos.htm,Bed Bath & Beyond Inc.,4271514,145744058,485BPOS,SEC,html-table,reported-as-of
2007-09-30,2008-02-01,2008-02-01_0001206774-08-000229_powershares_485bpos.htm,"Juniper Networks, Inc.",3956760,144856984,485BPOS,SEC,html-table,reported-as-of
2007-09-30,2008-02-01,2008-02-01_0001206774-08-000229_powershares_485bpos.htm,"Autodesk, Inc.",2806091,140220367,485BPOS,SEC,html-table,reported-as-of
2007-09-30,2008-02-01,2008-02-01_0001206774-08-000229_powershares_485bpos.htm,Altera Corporation,5667846,136481732,485BPOS,SEC,html-table,reported-as-of
2007-09-30,2008-02-01,2008-02-01_0001206774-08-000229_powershares_485bpos.htm,Sandisk Corporation,2447874,134877857,485BPOS,SEC,html-table,reported-as-of
2007-09-30,2008-02-01,2008-02-01_0001206774-08-000229_powershares_485bpos.htm,Cognizant Technology Solutions Corp.,1651148,131712076,485BPOS,SEC,html-table,reported-as-of
2007-09-30,2008-02-01,2008-02-01_0001206774-08-000229_powershares_485bpos.htm,Liberty Media Corp.,6794869,130529433,485BPOS,SEC,html-table,reported-as-of
2007-09-30,2008-02-01,2008-02-01_0001206774-08-000229_powershares_485bpos.htm,"Apollo Group, Inc.",2052179,123438567,485BPOS,SEC,html-table,reported-as-of
2007-09-30,2008-02-01,2008-02-01_0001206774-08-000229_powershares_485bpos.htm,"Fiserv, Inc.",2415878,122871555,485BPOS,SEC,html-table,reported-as-of
2007-09-30,2008-02-01,2008-02-01_0001206774-08-000229_powershares_485bpos.htm,Linear Technology Corporation,3474653,121578108,485BPOS,SEC,html-table,reported-as-of
2007-09-30,2008-02-01,2008-02-01_0001206774-08-000229_powershares_485bpos.htm,"Xilinx, Inc.",4636411,121195784,485BPOS,SEC,html-table,reported-as-of
2007-09-30,2008-02-01,2008-02-01_0001206774-08-000229_powershares_485bpos.htm,"Staples, Inc.",5615737,120682188,485BPOS,SEC,html-table,reported-as-of
2007-09-30,2008-02-01,2008-02-01_0001206774-08-000229_powershares_485bpos.htm,EchoStar Communications Corporation,2527121,118294534,485BPOS,SEC,html-table,reported-as-of
2007-09-30,2008-02-01,2008-02-01_0001206774-08-000229_powershares_485bpos.htm,"Network Appliance, Inc.",4353408,117150209,485BPOS,SEC,html-table,reported-as-of
2007-09-30,2008-02-01,2008-02-01_0001206774-08-000229_powershares_485bpos.htm,"Expeditors International of Washington, Inc.",2450287,115898575,485BPOS,SEC,html-table,reported-as-of
2007-09-30,2008-02-01,2008-02-01_0001206774-08-000229_powershares_485bpos.htm,"Foster Wheeler, Ltd.",872537,114546657,485BPOS,SEC,html-table,reported-as-of
2007-09-30,2008-02-01,2008-02-01_0001206774-08-000229_powershares_485bpos.htm,"C.H. Robinson Worldwide, Inc.",1998184,108481409,485BPOS,SEC,html-table,reported-as-of
2007-09-30,2008-02-01,2008-02-01_0001206774-08-000229_powershares_485bpos.htm,"Marvell Technology Group, Ltd.",6599673,108036647,485BPOS,SEC,html-table,reported-as-of
2007-09-30,2008-02-01,2008-02-01_0001206774-08-000229_powershares_485bpos.htm,IAC / InterActiveCorp,3511186,104176889,485BPOS,SEC,html-table,reported-as-of
2007-09-30,2008-02-01,2008-02-01_0001206774-08-000229_powershares_485bpos.htm,"Expedia, Inc.",3216280,102535006,485BPOS,SEC,html-table,reported-as-of
2007-09-30,2008-02-01,2008-02-01_0001206774-08-000229_powershares_485bpos.htm,"Intuitive Surgical, Inc.",441744,101601120,485BPOS,SEC,html-table,reported-as-of
2007-09-30,2008-02-01,2008-02-01_0001206774-08-000229_powershares_485bpos.htm,"Virgin Media, Inc.",4172883,101275870,485BPOS,SEC,html-table,reported-as-of
2007-09-30,2008-02-01,2008-02-01_0001206774-08-000229_powershares_485bpos.htm,"Sun Microsystems, Inc.",18017419,101077721,485BPOS,SEC,html-table,reported-as-of
2007-09-30,2008-02-01,2008-02-01_0001206774-08-000229_powershares_485bpos.htm,"Citrix Systems, Inc.",2500736,100829676,485BPOS,SEC,html-table,reported-as-of
2007-09-30,2008-02-01,2008-02-01_0001206774-08-000229_powershares_485bpos.htm,Millicom Intl Cellular S.A.,1143090,95905251,485BPOS,SEC,html-table,reported-as-of
2007-09-30,2008-02-01,2008-02-01_0001206774-08-000229_powershares_485bpos.htm,"Liberty Global, Inc.",2280770,93557185,485BPOS,SEC,html-table,reported-as-of
2007-09-30,2008-02-01,2008-02-01_0001206774-08-000229_powershares_485bpos.htm,"VeriSign, Inc.",2752837,92880720,485BPOS,SEC,html-table,reported-as-of
2007-09-30,2008-02-01,2008-02-01_0001206774-08-000229_powershares_485bpos.htm,Flextronics International Ltd.,7741119,86545710,485BPOS,SEC,html-table,reported-as-of
2007-09-30,2008-02-01,2008-02-01_0001206774-08-000229_powershares_485bpos.htm,CDW Corporation,969034,84499765,485BPOS,SEC,html-table,reported-as-of
2007-09-30,2008-02-01,2008-02-01_0001206774-08-000229_powershares_485bpos.htm,Cintas Corporation,2231920,82804232,485BPOS,SEC,html-table,reported-as-of
2007-09-30,2008-02-01,2008-02-01_0001206774-08-000229_powershares_485bpos.htm,"Level 3 Communications, Inc.",17515261,81445964,485BPOS,SEC,html-table,reported-as-of
2007-09-30,2008-02-01,2008-02-01_0001206774-08-000229_powershares_485bpos.htm,Discovery Holding Co.,2792432,80561663,485BPOS,SEC,html-table,reported-as-of
2007-09-30,2008-02-01,2008-02-01_0001206774-08-000229_powershares_485bpos.htm,Lam Research Corporation,1493866,79563303,485BPOS,SEC,html-table,reported-as-of
2007-09-30,2008-02-01,2008-02-01_0001206774-08-000229_powershares_485bpos.htm,"Whole Foods Market, Inc.",1595715,78126206,485BPOS,SEC,html-table,reported-as-of
2007-09-30,2008-02-01,2008-02-01_0001206774-08-000229_powershares_485bpos.htm,Microchip Technology Incorporated,2129775,77353428,485BPOS,SEC,html-table,reported-as-of
2007-09-30,2008-02-01,2008-02-01_0001206774-08-000229_powershares_485bpos.htm,Fastenal Company,1685650,76545366,485BPOS,SEC,html-table,reported-as-of
2007-09-30,2008-02-01,2008-02-01_0001206774-08-000229_powershares_485bpos.htm,"Cadence Design Systems, Inc.",3404992,75556772,485BPOS,SEC,html-table,reported-as-of
2007-09-30,2008-02-01,2008-02-01_0001206774-08-000229_powershares_485bpos.htm,"Amylin Pharmaceuticals, Inc.",1491848,74592400,485BPOS,SEC,html-table,reported-as-of
2007-09-30,2008-02-01,2008-02-01_0001206774-08-000229_powershares_485bpos.htm,Sigma-Aldrich Corporation,1468303,71565088,485BPOS,SEC,html-table,reported-as-of
2007-09-30,2008-02-01,2008-02-01_0001206774-08-000229_powershares_485bpos.htm,DENTSPLY International Inc.,1709288,71174752,485BPOS,SEC,html-table,reported-as-of
2007-09-30,2008-02-01,2008-02-01_0001206774-08-000229_powershares_485bpos.htm,LM Ericsson Telephone Company,1660871,66102666,485BPOS,SEC,html-table,reported-as-of
2007-09-30,2008-02-01,2008-02-01_0001206774-08-000229_powershares_485bpos.htm,Check Point Software Technologies Ltd.,2575023,64839079,485BPOS,SEC,html-table,reported-as-of
2007-09-30,2008-02-01,2008-02-01_0001206774-08-000229_powershares_485bpos.htm,Sirius Satellite Radio Inc.,18537343,64695327,485BPOS,SEC,html-table,reported-as-of
2007-09-30,2008-02-01,2008-02-01_0001206774-08-000229_powershares_485bpos.htm,Activision Inc.,2985639,64459946,485BPOS,SEC,html-table,reported-as-of
2007-09-30,2008-02-01,2008-02-01_0001206774-08-000229_powershares_485bpos.htm,Infosys Technologies Ltd.,1310138,63397578,485BPOS,SEC,html-table,reported-as-of
2007-09-30,2008-02-01,2008-02-01_0001206774-08-000229_powershares_485bpos.htm,Joy Global Inc.,1242469,63191973,485BPOS,SEC,html-table,reported-as-of
2007-09-30,2008-02-01,2008-02-01_0001206774-08-000229_powershares_485bpos.htm,"Vertex Pharmaceuticals, Inc.",1614065,61996237,485BPOS,SEC,html-table,reported-as-of
2007-09-30,2008-02-01,2008-02-01_0001206774-08-000229_powershares_485bpos.htm,Logitech International S.A.,2076613,61363914,485BPOS,SEC,html-table,reported-as-of
2007-09-30,2008-02-01,2008-02-01_0001206774-08-000229_powershares_485bpos.htm,"Patterson Companies, Inc.",1571985,60694341,485BPOS,SEC,html-table,reported-as-of
2007-09-30,2008-02-01,2008-02-01_0001206774-08-000229_powershares_485bpos.htm,UAL Corp.,1270828,59131627,485BPOS,SEC,html-table,reported-as-of
2007-09-30,2008-02-01,2008-02-01_0001206774-08-000229_powershares_485bpos.htm,"BEA Systems, Inc.",4255802,59027974,485BPOS,SEC,html-table,reported-as-of
2007-09-30,2008-02-01,2008-02-01_0001206774-08-000229_powershares_485bpos.htm,Ryanair Holdings Plc,1361539,56517484,485BPOS,SEC,html-table,reported-as-of
2007-09-30,2008-02-01,2008-02-01_0001206774-08-000229_powershares_485bpos.htm,"Cephalon, Inc.",762802,55730314,485BPOS,SEC,html-table,reported-as-of
2007-09-30,2008-02-01,2008-02-01_0001206774-08-000229_powershares_485bpos.htm,"Akamai Technologies, Inc.",1858364,53390798,485BPOS,SEC,html-table,reported-as-of
2007-09-30,2008-02-01,2008-02-01_0001206774-08-000229_powershares_485bpos.htm,"Monster Worldwide, Inc.",1567477,53388267,485BPOS,SEC,html-table,reported-as-of
2007-09-30,2008-02-01,2008-02-01_0001206774-08-000229_powershares_485bpos.htm,XM Satellite Radio Holdings Inc.,3705056,52500644,485BPOS,SEC,html-table,reported-as-of
2007-09-30,2008-02-01,2008-02-01_0001206774-08-000229_powershares_485bpos.htm,"PETsMART, Inc.",1560656,49784926,485BPOS,SEC,html-table,reported-as-of
2007-09-30,2008-02-01,2008-02-01_0001206774-08-000229_powershares_485bpos.htm,CheckFree Corp.,985476,45864053,485BPOS,SEC,html-table,reported-as-of
2007-09-30,2008-02-01,2008-02-01_0001206774-08-000229_powershares_485bpos.htm,Lamar Advertising Company,919343,45020227,485BPOS,SEC,html-table,reported-as-of
2007-09-30,2008-02-01,2008-02-01_0001206774-08-000229_powershares_485bpos.htm,"Patterson UTI Energy, Inc.",1859222,41962641,485BPOS,SEC,html-table,reported-as-of
2007-09-30,2008-02-01,2008-02-01_0001206774-08-000229_powershares_485bpos.htm,"Ross Stores, Inc.",1598675,40990027,485BPOS,SEC,html-table,reported-as-of
2007-09-30,2008-02-01,2008-02-01_0001206774-08-000229_powershares_485bpos.htm,"Sepracor, Inc.",1220632,33567380,485BPOS,SEC,html-table,reported-as-of
2007-09-30,2008-02-01,2008-02-01_0001206774-08-000229_powershares_485bpos.htm,"Tellabs, Inc.",2932659,27918914,485BPOS,SEC,html-table,reported-as-of
2008-09-30,2009-01-30,2009-01-30_0001206774-09-000129_powershares_485bpos.htm,"Apple, Inc.",16343713,1857626420,485BPOS,SEC,html-table,reported-as-of
2008-09-30,2009-01-30,2009-01-30_0001206774-09-000129_powershares_485bpos.htm,"QUALCOMM, Inc.",26178355,1124883914,485BPOS,SEC,html-table,reported-as-of
2008-09-30,2009-01-30,2009-01-30_0001206774-09-000129_powershares_485bpos.htm,Microsoft Corp.,41564113,1109346176,485BPOS,SEC,html-table,reported-as-of
2008-09-30,2009-01-30,2009-01-30_0001206774-09-000129_powershares_485bpos.htm,"Google, Inc.",1924085,770634525,485BPOS,SEC,html-table,reported-as-of
2008-09-30,2009-01-30,2009-01-30_0001206774-09-000129_powershares_485bpos.htm,"Cisco Systems, Inc.",27915144,629765649,485BPOS,SEC,html-table,reported-as-of
2008-09-30,2009-01-30,2009-01-30_0001206774-09-000129_powershares_485bpos.htm,Oracle Corp.,28469982,578225334,485BPOS,SEC,html-table,reported-as-of
2008-09-30,2009-01-30,2009-01-30_0001206774-09-000129_powershares_485bpos.htm,"Gilead Sciences, Inc.",11982991,546184730,485BPOS,SEC,html-table,reported-as-of
2008-09-30,2009-01-30,2009-01-30_0001206774-09-000129_powershares_485bpos.htm,Research In Motion Ltd.,7470532,510237336,485BPOS,SEC,html-table,reported-as-of
2008-09-30,2009-01-30,2009-01-30_0001206774-09-000129_powershares_485bpos.htm,Intel Corp.,26039992,487729050,485BPOS,SEC,html-table,reported-as-of
2008-09-30,2009-01-30,2009-01-30_0001206774-09-000129_powershares_485bpos.htm,"Amgen, Inc.",6522954,386615484,485BPOS,SEC,html-table,reported-as-of
2008-09-30,2009-01-30,2009-01-30_0001206774-09-000129_powershares_485bpos.htm,Teva Pharmaceutical Industries Ltd,8326782,381283348,485BPOS,SEC,html-table,reported-as-of
2008-09-30,2009-01-30,2009-01-30_0001206774-09-000129_powershares_485bpos.htm,Celgene Corp.,5965900,377522152,485BPOS,SEC,html-table,reported-as-of
2008-09-30,2009-01-30,2009-01-30_0001206774-09-000129_powershares_485bpos.htm,Comcast Corp.,19070290,374349793,485BPOS,SEC,html-table,reported-as-of
2008-09-30,2009-01-30,2009-01-30_0001206774-09-000129_powershares_485bpos.htm,Genzyme Corp.,4454942,360360258,485BPOS,SEC,html-table,reported-as-of
2008-09-30,2009-01-30,2009-01-30_0001206774-09-000129_powershares_485bpos.htm,"eBay, Inc.",12830097,287137571,485BPOS,SEC,html-table,reported-as-of
2008-09-30,2009-01-30,2009-01-30_0001206774-09-000129_powershares_485bpos.htm,"DIRECTV Group, Inc./The",10691753,279803176,485BPOS,SEC,html-table,reported-as-of
2008-09-30,2009-01-30,2009-01-30_0001206774-09-000129_powershares_485bpos.htm,"Amazon.com, Inc.",3740653,272169912,485BPOS,SEC,html-table,reported-as-of
2008-09-30,2009-01-30,2009-01-30_0001206774-09-000129_powershares_485bpos.htm,"Adobe Systems, Inc.",6876449,271413442,485BPOS,SEC,html-table,reported-as-of
2008-09-30,2009-01-30,2009-01-30_0001206774-09-000129_powershares_485bpos.htm,"Activision Blizzard, Inc.",15572215,240279277,485BPOS,SEC,html-table,reported-as-of
2008-09-30,2009-01-30,2009-01-30_0001206774-09-000129_powershares_485bpos.htm,Symantec Corp.,11605743,227240448,485BPOS,SEC,html-table,reported-as-of
2008-09-30,2009-01-30,2009-01-30_0001206774-09-000129_powershares_485bpos.htm,"Express Scripts, Inc.",2911033,214892456,485BPOS,SEC,html-table,reported-as-of
2008-09-30,2009-01-30,2009-01-30_0001206774-09-000129_powershares_485bpos.htm,"Biogen Idec, Inc.",4173527,209886673,485BPOS,SEC,html-table,reported-as-of
2008-09-30,2009-01-30,2009-01-30_0001206774-09-000129_powershares_485bpos.htm,"PACCAR, Inc.",5387097,205733234,485BPOS,SEC,html-table,reported-as-of
2008-09-30,2009-01-30,2009-01-30_0001206774-09-000129_powershares_485bpos.htm,Starbucks Corp.,13436564,199801707,485BPOS,SEC,html-table,reported-as-of
2008-09-30,2009-01-30,2009-01-30_0001206774-09-000129_powershares_485bpos.htm,Costco Wholesale Corp,3029111,196680177,485BPOS,SEC,html-table,reported-as-of
2008-09-30,2009-01-30,2009-01-30_0001206774-09-000129_powershares_485bpos.htm,"Intuit, Inc.",5348795,169075410,485BPOS,SEC,html-table,reported-as-of
2008-09-30,2009-01-30,2009-01-30_0001206774-09-000129_powershares_485bpos.htm,Sears Holdings Corp.,1748688,163502328,485BPOS,SEC,html-table,reported-as-of
2008-09-30,2009-01-30,2009-01-30_0001206774-09-000129_powershares_485bpos.htm,"Electronic Arts, Inc.",4251318,157256253,485BPOS,SEC,html-table,reported-as-of
2008-09-30,2009-01-30,2009-01-30_0001206774-09-000129_powershares_485bpos.htm,"Dell, Inc.",9529618,157048105,485BPOS,SEC,html-table,reported-as-of
2008-09-30,2009-01-30,2009-01-30_0001206774-09-000129_powershares_485bpos.htm,"Yahoo!, Inc.",8811495,152438863,485BPOS,SEC,html-table,reported-as-of
2008-09-30,2009-01-30,2009-01-30_0001206774-09-000129_powershares_485bpos.htm,"Paychex, Inc.",4529966,149624777,485BPOS,SEC,html-table,reported-as-of
2008-09-30,2009-01-30,2009-01-30_0001206774-09-000129_powershares_485bpos.htm,"Bed Bath & Beyond, Inc.",4632238,145498596,485BPOS,SEC,html-table,reported-as-of
2008-09-30,2009-01-30,2009-01-30_0001206774-09-000129_powershares_485bpos.htm,"Staples, Inc.",6317594,142145865,485BPOS,SEC,html-table,reported-as-of
2008-09-30,2009-01-30,2009-01-30_0001206774-09-000129_powershares_485bpos.htm,"Applied Materials, Inc.",9177648,138857814,485BPOS,SEC,html-table,reported-as-of
2008-09-30,2009-01-30,2009-01-30_0001206774-09-000129_powershares_485bpos.htm,"CA, Inc.",6584082,131418277,485BPOS,SEC,html-table,reported-as-of
2008-09-30,2009-01-30,2009-01-30_0001206774-09-000129_powershares_485bpos.htm,"Fiserv, Inc.",2714132,128432726,485BPOS,SEC,html-table,reported-as-of
2008-09-30,2009-01-30,2009-01-30_0001206774-09-000129_powershares_485bpos.htm,"Apollo Group, Inc.",2119675,125696727,485BPOS,SEC,html-table,reported-as-of
2008-09-30,2009-01-30,2009-01-30_0001206774-09-000129_powershares_485bpos.htm,"Intuitive Surgical, Inc.",513160,123661297,485BPOS,SEC,html-table,reported-as-of
2008-09-30,2009-01-30,2009-01-30_0001206774-09-000129_powershares_485bpos.htm,Wynn Resorts Ltd.,1495989,122132542,485BPOS,SEC,html-table,reported-as-of
2008-09-30,2009-01-30,2009-01-30_0001206774-09-000129_powershares_485bpos.htm,Linear Technology Corp.,3916376,120076088,485BPOS,SEC,html-table,reported-as-of
2008-09-30,2009-01-30,2009-01-30_0001206774-09-000129_powershares_485bpos.htm,Altera Corp.,5596246,115730367,485BPOS,SEC,html-table,reported-as-of
2008-09-30,2009-01-30,2009-01-30_0001206774-09-000129_powershares_485bpos.htm,"Xilinx, Inc.",4850923,113754144,485BPOS,SEC,html-table,reported-as-of
2008-09-30,2009-01-30,2009-01-30_0001206774-09-000129_powershares_485bpos.htm,"CH Robinson Worldwide, Inc.",2221154,113190008,485BPOS,SEC,html-table,reported-as-of
2008-09-30,2009-01-30,2009-01-30_0001206774-09-000129_powershares_485bpos.htm,"Autodesk, Inc.",3100364,104017212,485BPOS,SEC,html-table,reported-as-of
2008-09-30,2009-01-30,2009-01-30_0001206774-09-000129_powershares_485bpos.htm,"Juniper Networks, Inc.",4725045,99556698,485BPOS,SEC,html-table,reported-as-of
2008-09-30,2009-01-30,2009-01-30_0001206774-09-000129_powershares_485bpos.htm,Broadcom Corp.,5314717,99013178,485BPOS,SEC,html-table,reported-as-of
2008-09-30,2009-01-30,2009-01-30_0001206774-09-000129_powershares_485bpos.htm,"Washington, Inc.",2766772,96394336,485BPOS,SEC,html-table,reported-as-of
2008-09-30,2009-01-30,2009-01-30_0001206774-09-000129_powershares_485bpos.htm,Millicom International Cellular SA,1384712,95088173,485BPOS,SEC,html-table,reported-as-of
2008-09-30,2009-01-30,2009-01-30_0001206774-09-000129_powershares_485bpos.htm,Liberty Media Corp. - Interactive,7197307,92917233,485BPOS,SEC,html-table,reported-as-of
2008-09-30,2009-01-30,2009-01-30_0001206774-09-000129_powershares_485bpos.htm,Fastenal Co.,1878160,92762322,485BPOS,SEC,html-table,reported-as-of
2008-09-30,2009-01-30,2009-01-30_0001206774-09-000129_powershares_485bpos.htm,Kla-Tencor Corp.,2776606,87879580,485BPOS,SEC,html-table,reported-as-of
2008-09-30,2009-01-30,2009-01-30_0001206774-09-000129_powershares_485bpos.htm,Baidu.com,349093,86655355,485BPOS,SEC,html-table,reported-as-of
2008-09-30,2009-01-30,2009-01-30_0001206774-09-000129_powershares_485bpos.htm,Garmin Ltd.,2542898,86305958,485BPOS,SEC,html-table,reported-as-of
2008-09-30,2009-01-30,2009-01-30_0001206774-09-000129_powershares_485bpos.htm,Cognizant Technology Solutions Corp.,3759351,85825983,485BPOS,SEC,html-table,reported-as-of
2008-09-30,2009-01-30,2009-01-30_0001206774-09-000129_powershares_485bpos.htm,Flextronics International Ltd.,12025944,85143683,485BPOS,SEC,html-table,reported-as-of
2008-09-30,2009-01-30,2009-01-30_0001206774-09-000129_powershares_485bpos.htm,Sigma-Aldrich Corp.,1600261,83885682,485BPOS,SEC,html-table,reported-as-of
2008-09-30,2009-01-30,2009-01-30_0001206774-09-000129_powershares_485bpos.htm,"NetApp, Inc.",4528208,82549232,485BPOS,SEC,html-table,reported-as-of
2008-09-30,2009-01-30,2009-01-30_0001206774-09-000129_powershares_485bpos.htm,"NII Holdings, Inc.",2129786,80761485,485BPOS,SEC,html-table,reported-as-of
2008-09-30,2009-01-30,2009-01-30_0001206774-09-000129_powershares_485bpos.htm,Nvidia Corp.,7229315,77425964,485BPOS,SEC,html-table,reported-as-of
2008-09-30,2009-01-30,2009-01-30_0001206774-09-000129_powershares_485bpos.htm,"Flir Systems, Inc.",1926991,74034994,485BPOS,SEC,html-table,reported-as-of
2008-09-30,2009-01-30,2009-01-30_0001206774-09-000129_powershares_485bpos.htm,"Citrix Systems, Inc.",2866068,72396878,485BPOS,SEC,html-table,reported-as-of
2008-09-30,2009-01-30,2009-01-30_0001206774-09-000129_powershares_485bpos.htm,Foster Wheeler Ltd.,1993024,71968097,485BPOS,SEC,html-table,reported-as-of
2008-09-30,2009-01-30,2009-01-30_0001206774-09-000129_powershares_485bpos.htm,Marvell Technology Group Ltd.,7625407,70916285,485BPOS,SEC,html-table,reported-as-of
2008-09-30,2009-01-30,2009-01-30_0001206774-09-000129_powershares_485bpos.htm,"Dentsply International, Inc.",1887633,70861743,485BPOS,SEC,html-table,reported-as-of
2008-09-30,2009-01-30,2009-01-30_0001206774-09-000129_powershares_485bpos.htm,Cintas Corp.,2441037,70082172,485BPOS,SEC,html-table,reported-as-of
2008-09-30,2009-01-30,2009-01-30_0001206774-09-000129_powershares_485bpos.htm,"Stericycle, Inc.",1186797,69914211,485BPOS,SEC,html-table,reported-as-of
2008-09-30,2009-01-30,2009-01-30_0001206774-09-000129_powershares_485bpos.htm,"Vertex Pharmaceuticals, Inc.",2080299,69149139,485BPOS,SEC,html-table,reported-as-of
2008-09-30,2009-01-30,2009-01-30_0001206774-09-000129_powershares_485bpos.htm,"Hologic, Inc.",3564030,68892700,485BPOS,SEC,html-table,reported-as-of
2008-09-30,2009-01-30,2009-01-30_0001206774-09-000129_powershares_485bpos.htm,"Cephalon, Inc.",875822,67867447,485BPOS,SEC,html-table,reported-as-of
2008-09-30,2009-01-30,2009-01-30_0001206774-09-000129_powershares_485bpos.htm,Check Point Software Technologies,2799968,63671272,485BPOS,SEC,html-table,reported-as-of
2008-09-30,2009-01-30,2009-01-30_0001206774-09-000129_powershares_485bpos.htm,"Henry Schein, Inc.",1178564,63453886,485BPOS,SEC,html-table,reported-as-of
2008-09-30,2009-01-30,2009-01-30_0001206774-09-000129_powershares_485bpos.htm,"Joy Global, Inc.",1400113,63201101,485BPOS,SEC,html-table,reported-as-of
2008-09-30,2009-01-30,2009-01-30_0001206774-09-000129_powershares_485bpos.htm,"Liberty Global, Inc.",2076755,62925676,485BPOS,SEC,html-table,reported-as-of
2008-09-30,2009-01-30,2009-01-30_0001206774-09-000129_powershares_485bpos.htm,"VeriSign, Inc.",2409674,62844298,485BPOS,SEC,html-table,reported-as-of
2008-09-30,2009-01-30,2009-01-30_0001206774-09-000129_powershares_485bpos.htm,DISH Network Corp.,2888883,60666543,485BPOS,SEC,html-table,reported-as-of
2008-09-30,2009-01-30,2009-01-30_0001206774-09-000129_powershares_485bpos.htm,"Microchip Technology, Inc.",2024774,59589099,485BPOS,SEC,html-table,reported-as-of
2008-09-30,2009-01-30,2009-01-30_0001206774-09-000129_powershares_485bpos.htm,"Expedia, Inc.",3728359,56335504,485BPOS,SEC,html-table,reported-as-of
2008-09-30,2009-01-30,2009-01-30_0001206774-09-000129_powershares_485bpos.htm,"Level 3 Communications, Inc.",20097577,54263458,485BPOS,SEC,html-table,reported-as-of
2008-09-30,2009-01-30,2009-01-30_0001206774-09-000129_powershares_485bpos.htm,Lam Research Corp.,1713228,53949550,485BPOS,SEC,html-table,reported-as-of
2008-09-30,2009-01-30,2009-01-30_0001206774-09-000129_powershares_485bpos.htm,Logitech International SA,2308174,53826618,485BPOS,SEC,html-table,reported-as-of
2008-09-30,2009-01-30,2009-01-30_0001206774-09-000129_powershares_485bpos.htm,SanDisk Corp.,2730554,53382331,485BPOS,SEC,html-table,reported-as-of
2008-09-30,2009-01-30,2009-01-30_0001206774-09-000129_powershares_485bpos.htm,Infosys Technologies Ltd.,1484447,49446930,485BPOS,SEC,html-table,reported-as-of
2008-09-30,2009-01-30,2009-01-30_0001206774-09-000129_powershares_485bpos.htm,"Patterson Cos, Inc.",1540504,46846727,485BPOS,SEC,html-table,reported-as-of
2008-09-30,2009-01-30,2009-01-30_0001206774-09-000129_powershares_485bpos.htm,"Steel Dynamics, Inc.",2734722,46736399,485BPOS,SEC,html-table,reported-as-of
2008-09-30,2009-01-30,2009-01-30_0001206774-09-000129_powershares_485bpos.htm,Focus Media Holding Ltd.,1478589,42154572,485BPOS,SEC,html-table,reported-as-of
2008-09-30,2009-01-30,2009-01-30_0001206774-09-000129_powershares_485bpos.htm,"PetSmart, Inc.",1659128,40997053,485BPOS,SEC,html-table,reported-as-of
2008-09-30,2009-01-30,2009-01-30_0001206774-09-000129_powershares_485bpos.htm,"Virgin Media, Inc.",4733639,37395748,485BPOS,SEC,html-table,reported-as-of
2008-09-30,2009-01-30,2009-01-30_0001206774-09-000129_powershares_485bpos.htm,"Akamai Technologies, Inc.",2143462,37381977,485BPOS,SEC,html-table,reported-as-of
2008-09-30,2009-01-30,2009-01-30_0001206774-09-000129_powershares_485bpos.htm,"Hansen Natural, Corp.",1208400,36554100,485BPOS,SEC,html-table,reported-as-of
2008-09-30,2009-01-30,2009-01-30_0001206774-09-000129_powershares_485bpos.htm,"Whole Foods Market, Inc.",1819818,36450954,485BPOS,SEC,html-table,reported-as-of
2008-09-30,2009-01-30,2009-01-30_0001206774-09-000129_powershares_485bpos.htm,"Amylin Pharmaceuticals, Inc.",1749461,35374101,485BPOS,SEC,html-table,reported-as-of
2008-09-30,2009-01-30,2009-01-30_0001206774-09-000129_powershares_485bpos.htm,"Leap Wireless International, Inc.",909290,34643949,485BPOS,SEC,html-table,reported-as-of
2008-09-30,2009-01-30,2009-01-30_0001206774-09-000129_powershares_485bpos.htm,Ryanair Holdings PLC,1537867,34494357,485BPOS,SEC,html-table,reported-as-of
2008-09-30,2009-01-30,2009-01-30_0001206774-09-000129_powershares_485bpos.htm,IAC/InterActive Corp.,1919461,33206675,485BPOS,SEC,html-table,reported-as-of
2008-09-30,2009-01-30,2009-01-30_0001206774-09-000129_powershares_485bpos.htm,"Sun Microsystems, Inc.",4332440,32926544,485BPOS,SEC,html-table,reported-as-of
2008-09-30,2009-01-30,2009-01-30_0001206774-09-000129_powershares_485bpos.htm,Lamar Advertising Co.,963856,29773512,485BPOS,SEC,html-table,reported-as-of
2008-09-30,2009-01-30,2009-01-30_0001206774-09-000129_powershares_485bpos.htm,"Sirius XM Radio, Inc.",45499052,25934460,485BPOS,SEC,html-table,reported-as-of
2008-09-30,2009-01-30,2009-01-30_0001206774-09-000129_powershares_485bpos.htm,"Monster Worldwide, Inc.",1673704,24954927,485BPOS,SEC,html-table,reported-as-of
2008-09-30,2009-01-30,2009-01-30_0001206774-09-000129_powershares_485bpos.htm,"Cadence Design Systems, Inc.",3606851,24382313,485BPOS,SEC,html-table,reported-as-of
2008-09-30,2009-01-30,2009-01-30_0001206774-09-000129_powershares_485bpos.htm,"Discovery Communications, Inc.",1573943,22428688,485BPOS,SEC,html-table,reported-as-of
2009-09-30,2010-01-26,2010-01-26_0001104659-10-002985_a09-28465_1485bpos.htm,"Apple, Inc.",13763774,2551390786,485BPOS,SEC,html-table,reported-as-of
2009-09-30,2010-01-26,2010-01-26_0001104659-10-002985_a09-28465_1485bpos.htm,"QUALCOMM, Inc.",22085008,993383660,485BPOS,SEC,html-table,reported-as-of
2009-09-30,2010-01-26,2010-01-26_0001104659-10-002985_a09-28465_1485bpos.htm,Microsoft Corp.,33779524,874551876,485BPOS,SEC,html-table,reported-as-of
2009-09-30,2010-01-26,2010-01-26_0001104659-10-002985_a09-28465_1485bpos.htm,"Google, Inc., Class A",1621600,804070360,485BPOS,SEC,html-table,reported-as-of
2009-09-30,2010-01-26,2010-01-26_0001104659-10-002985_a09-28465_1485bpos.htm,"Cisco Systems, Inc.",22697382,534296372,485BPOS,SEC,html-table,reported-as-of
2009-09-30,2010-01-26,2010-01-26_0001104659-10-002985_a09-28465_1485bpos.htm,Oracle Corp.,23036153,480073429,485BPOS,SEC,html-table,reported-as-of
2009-09-30,2010-01-26,2010-01-26_0001104659-10-002985_a09-28465_1485bpos.htm,"Gilead Sciences, Inc.",9808101,456861345,485BPOS,SEC,html-table,reported-as-of
2009-09-30,2010-01-26,2010-01-26_0001104659-10-002985_a09-28465_1485bpos.htm,Intel Corp.,21592489,422565010,485BPOS,SEC,html-table,reported-as-of
2009-09-30,2010-01-26,2010-01-26_0001104659-10-002985_a09-28465_1485bpos.htm,Research In Motion Ltd.,6254160,422468508,485BPOS,SEC,html-table,reported-as-of
2009-09-30,2010-01-26,2010-01-26_0001104659-10-002985_a09-28465_1485bpos.htm,Teva Pharmaceutical Industries Ltd. - ADR,8128564,410980196,485BPOS,SEC,html-table,reported-as-of
2009-09-30,2010-01-26,2010-01-26_0001104659-10-002985_a09-28465_1485bpos.htm,"Amgen, Inc.",5213733,314023139,485BPOS,SEC,html-table,reported-as-of
2009-09-30,2010-01-26,2010-01-26_0001104659-10-002985_a09-28465_1485bpos.htm,"Amazon.com, Inc.",3158213,294850766,485BPOS,SEC,html-table,reported-as-of
2009-09-30,2010-01-26,2010-01-26_0001104659-10-002985_a09-28465_1485bpos.htm,Celgene Corp.,5008338,279966094,485BPOS,SEC,html-table,reported-as-of
2009-09-30,2010-01-26,2010-01-26_0001104659-10-002985_a09-28465_1485bpos.htm,"Comcast Corp., Class A",15896571,268493084,485BPOS,SEC,html-table,reported-as-of
2009-09-30,2010-01-26,2010-01-26_0001104659-10-002985_a09-28465_1485bpos.htm,"eBay, Inc.",10605572,250397555,485BPOS,SEC,html-table,reported-as-of
2009-09-30,2010-01-26,2010-01-26_0001104659-10-002985_a09-28465_1485bpos.htm,Starbucks Corp.,11288777,233113245,485BPOS,SEC,html-table,reported-as-of
2009-09-30,2010-01-26,2010-01-26_0001104659-10-002985_a09-28465_1485bpos.htm,"DIRECTV Group, Inc./The",7832276,216014172,485BPOS,SEC,html-table,reported-as-of
2009-09-30,2010-01-26,2010-01-26_0001104659-10-002985_a09-28465_1485bpos.htm,Genzyme Corp.,3732699,211756014,485BPOS,SEC,html-table,reported-as-of
2009-09-30,2010-01-26,2010-01-26_0001104659-10-002985_a09-28465_1485bpos.htm,"Express Scripts, Inc.",2697982,209309444,485BPOS,SEC,html-table,reported-as-of
2009-09-30,2010-01-26,2010-01-26_0001104659-10-002985_a09-28465_1485bpos.htm,"News Corp., Class A",15669859,187881609,485BPOS,SEC,html-table,reported-as-of
2009-09-30,2010-01-26,2010-01-26_0001104659-10-002985_a09-28465_1485bpos.htm,"Adobe Systems, Inc.",5667540,187255522,485BPOS,SEC,html-table,reported-as-of
2009-09-30,2010-01-26,2010-01-26_0001104659-10-002985_a09-28465_1485bpos.htm,"Biogen Idec, Inc.",3458748,174735949,485BPOS,SEC,html-table,reported-as-of
2009-09-30,2010-01-26,2010-01-26_0001104659-10-002985_a09-28465_1485bpos.htm,"PACCAR, Inc.",4485611,169152391,485BPOS,SEC,html-table,reported-as-of
2009-09-30,2010-01-26,2010-01-26_0001104659-10-002985_a09-28465_1485bpos.htm,"Activision Blizzard, Inc.",12502378,154904463,485BPOS,SEC,html-table,reported-as-of
2009-09-30,2010-01-26,2010-01-26_0001104659-10-002985_a09-28465_1485bpos.htm,Symantec Corp.,9379275,154476659,485BPOS,SEC,html-table,reported-as-of
2009-09-30,2010-01-26,2010-01-26_0001104659-10-002985_a09-28465_1485bpos.htm,"Automatic Data Processing, Inc.",3908812,153616312,485BPOS,SEC,html-table,reported-as-of
2009-09-30,2010-01-26,2010-01-26_0001104659-10-002985_a09-28465_1485bpos.htm,"Bed Bath & Beyond, Inc.",3879643,145641798,485BPOS,SEC,html-table,reported-as-of
2009-09-30,2010-01-26,2010-01-26_0001104659-10-002985_a09-28465_1485bpos.htm,Costco Wholesale Corp.,2523146,142456823,485BPOS,SEC,html-table,reported-as-of
2009-09-30,2010-01-26,2010-01-26_0001104659-10-002985_a09-28465_1485bpos.htm,"Broadcom Corp., Class A",4381799,134477411,485BPOS,SEC,html-table,reported-as-of
2009-09-30,2010-01-26,2010-01-26_0001104659-10-002985_a09-28465_1485bpos.htm,"Yahoo!, Inc.",7431700,132358577,485BPOS,SEC,html-table,reported-as-of
2009-09-30,2010-01-26,2010-01-26_0001104659-10-002985_a09-28465_1485bpos.htm,"Intuit, Inc.",4482513,127751621,485BPOS,SEC,html-table,reported-as-of
2009-09-30,2010-01-26,2010-01-26_0001104659-10-002985_a09-28465_1485bpos.htm,"Apollo Group, Inc., Class A",1709331,125926415,485BPOS,SEC,html-table,reported-as-of
2009-09-30,2010-01-26,2010-01-26_0001104659-10-002985_a09-28465_1485bpos.htm,"First Solar, Inc.",816525,124814011,485BPOS,SEC,html-table,reported-as-of
2009-09-30,2010-01-26,2010-01-26_0001104659-10-002985_a09-28465_1485bpos.htm,"Staples, Inc.",5345689,124126899,485BPOS,SEC,html-table,reported-as-of
2009-09-30,2010-01-26,2010-01-26_0001104659-10-002985_a09-28465_1485bpos.htm,"CA, Inc.",5542512,121879839,485BPOS,SEC,html-table,reported-as-of
2009-09-30,2010-01-26,2010-01-26_0001104659-10-002985_a09-28465_1485bpos.htm,"Cognizant Technology Solutions Corp., Class A",3147716,121690701,485BPOS,SEC,html-table,reported-as-of
2009-09-30,2010-01-26,2010-01-26_0001104659-10-002985_a09-28465_1485bpos.htm,"Dell, Inc.",7918064,120829657,485BPOS,SEC,html-table,reported-as-of
2009-09-30,2010-01-26,2010-01-26_0001104659-10-002985_a09-28465_1485bpos.htm,"Baidu, Inc.",291108,113837783,485BPOS,SEC,html-table,reported-as-of
2009-09-30,2010-01-26,2010-01-26_0001104659-10-002985_a09-28465_1485bpos.htm,"Paychex, Inc.",3773362,109616166,485BPOS,SEC,html-table,reported-as-of
2009-09-30,2010-01-26,2010-01-26_0001104659-10-002985_a09-28465_1485bpos.htm,"Intuitive Surgical, Inc.",417349,109449775,485BPOS,SEC,html-table,reported-as-of
2009-09-30,2010-01-26,2010-01-26_0001104659-10-002985_a09-28465_1485bpos.htm,"CH Robinson Worldwide, Inc.",1831332,105759423,485BPOS,SEC,html-table,reported-as-of
2009-09-30,2010-01-26,2010-01-26_0001104659-10-002985_a09-28465_1485bpos.htm,Marvell Technology Group Ltd.,6507617,105358319,485BPOS,SEC,html-table,reported-as-of
2009-09-30,2010-01-26,2010-01-26_0001104659-10-002985_a09-28465_1485bpos.htm,Wynn Resorts Ltd.,1478340,104799523,485BPOS,SEC,html-table,reported-as-of
2009-09-30,2010-01-26,2010-01-26_0001104659-10-002985_a09-28465_1485bpos.htm,"NetApp, Inc.",3874000,103358320,485BPOS,SEC,html-table,reported-as-of
2009-09-30,2010-01-26,2010-01-26_0001104659-10-002985_a09-28465_1485bpos.htm,"Juniper Networks, Inc.",3794837,102536496,485BPOS,SEC,html-table,reported-as-of
2009-09-30,2010-01-26,2010-01-26_0001104659-10-002985_a09-28465_1485bpos.htm,"Fiserv, Inc.",2126576,102500963,485BPOS,SEC,html-table,reported-as-of
2009-09-30,2010-01-26,2010-01-26_0001104659-10-002985_a09-28465_1485bpos.htm,"Applied Materials, Inc.",7593745,101756183,485BPOS,SEC,html-table,reported-as-of
2009-09-30,2010-01-26,2010-01-26_0001104659-10-002985_a09-28465_1485bpos.htm,"Xilinx, Inc.",4033707,94469418,485BPOS,SEC,html-table,reported-as-of
2009-09-30,2010-01-26,2010-01-26_0001104659-10-002985_a09-28465_1485bpos.htm,"Citrix Systems, Inc.",2395928,93992255,485BPOS,SEC,html-table,reported-as-of
2009-09-30,2010-01-26,2010-01-26_0001104659-10-002985_a09-28465_1485bpos.htm,Altera Corp.,4557606,93476499,485BPOS,SEC,html-table,reported-as-of
2009-09-30,2010-01-26,2010-01-26_0001104659-10-002985_a09-28465_1485bpos.htm,Life Technologies Corp.,1966241,91528519,485BPOS,SEC,html-table,reported-as-of
2009-09-30,2010-01-26,2010-01-26_0001104659-10-002985_a09-28465_1485bpos.htm,Linear Technology Corp.,3272428,90417186,485BPOS,SEC,html-table,reported-as-of
2009-09-30,2010-01-26,2010-01-26_0001104659-10-002985_a09-28465_1485bpos.htm,Sears Holdings Corp.,1368338,89366155,485BPOS,SEC,html-table,reported-as-of
2009-09-30,2010-01-26,2010-01-26_0001104659-10-002985_a09-28465_1485bpos.htm,Nvidia Corp.,5925311,89057424,485BPOS,SEC,html-table,reported-as-of
2009-09-30,2010-01-26,2010-01-26_0001104659-10-002985_a09-28465_1485bpos.htm,Millicom International Cellular SA,1156407,84117045,485BPOS,SEC,html-table,reported-as-of
2009-09-30,2010-01-26,2010-01-26_0001104659-10-002985_a09-28465_1485bpos.htm,Seagate Technology,5442306,82777474,485BPOS,SEC,html-table,reported-as-of
2009-09-30,2010-01-26,2010-01-26_0001104659-10-002985_a09-28465_1485bpos.htm,Kla-Tencor Corp.,2278300,81699838,485BPOS,SEC,html-table,reported-as-of
2009-09-30,2010-01-26,2010-01-26_0001104659-10-002985_a09-28465_1485bpos.htm,"Expeditors International of Washington, Inc.",2293831,80628160,485BPOS,SEC,html-table,reported-as-of
2009-09-30,2010-01-26,2010-01-26_0001104659-10-002985_a09-28465_1485bpos.htm,"Vertex Pharmaceuticals, Inc.",2083278,78956236,485BPOS,SEC,html-table,reported-as-of
2009-09-30,2010-01-26,2010-01-26_0001104659-10-002985_a09-28465_1485bpos.htm,Garmin Ltd.,2048519,77311107,485BPOS,SEC,html-table,reported-as-of
2009-09-30,2010-01-26,2010-01-26_0001104659-10-002985_a09-28465_1485bpos.htm,"Expedia, Inc.",3126325,74875484,485BPOS,SEC,html-table,reported-as-of
2009-09-30,2010-01-26,2010-01-26_0001104659-10-002985_a09-28465_1485bpos.htm,Flextronics International Ltd.,9691781,72300686,485BPOS,SEC,html-table,reported-as-of
2009-09-30,2010-01-26,2010-01-26_0001104659-10-002985_a09-28465_1485bpos.htm,Sigma-Aldrich Corp.,1288571,69557063,485BPOS,SEC,html-table,reported-as-of
2009-09-30,2010-01-26,2010-01-26_0001104659-10-002985_a09-28465_1485bpos.htm,"Electronic Arts, Inc.",3592440,68435982,485BPOS,SEC,html-table,reported-as-of
2009-09-30,2010-01-26,2010-01-26_0001104659-10-002985_a09-28465_1485bpos.htm,"Ross Stores, Inc.",1410857,67396639,485BPOS,SEC,html-table,reported-as-of
2009-09-30,2010-01-26,2010-01-26_0001104659-10-002985_a09-28465_1485bpos.htm,Cerner Corp.,889232,66514554,485BPOS,SEC,html-table,reported-as-of
2009-09-30,2010-01-26,2010-01-26_0001104659-10-002985_a09-28465_1485bpos.htm,Liberty Media Corp. - Interactive,6018510,66023055,485BPOS,SEC,html-table,reported-as-of
2009-09-30,2010-01-26,2010-01-26_0001104659-10-002985_a09-28465_1485bpos.htm,Check Point Software Technologies,2270790,64376897,485BPOS,SEC,html-table,reported-as-of
2009-09-30,2010-01-26,2010-01-26_0001104659-10-002985_a09-28465_1485bpos.htm,"Autodesk, Inc.",2636946,62759315,485BPOS,SEC,html-table,reported-as-of
2009-09-30,2010-01-26,2010-01-26_0001104659-10-002985_a09-28465_1485bpos.htm,Cintas Corp.,2019151,61200467,485BPOS,SEC,html-table,reported-as-of
2009-09-30,2010-01-26,2010-01-26_0001104659-10-002985_a09-28465_1485bpos.htm,Fastenal Co,1564001,60526839,485BPOS,SEC,html-table,reported-as-of
2009-09-30,2010-01-26,2010-01-26_0001104659-10-002985_a09-28465_1485bpos.htm,"Maxim Integrated Products, Inc.",3318043,60189300,485BPOS,SEC,html-table,reported-as-of
2009-09-30,2010-01-26,2010-01-26_0001104659-10-002985_a09-28465_1485bpos.htm,"Warner Chilcott PLC, Class A",2757442,59615896,485BPOS,SEC,html-table,reported-as-of
2009-09-30,2010-01-26,2010-01-26_0001104659-10-002985_a09-28465_1485bpos.htm,Infosys Technologies Ltd.,1184479,57435387,485BPOS,SEC,html-table,reported-as-of
2009-09-30,2010-01-26,2010-01-26_0001104659-10-002985_a09-28465_1485bpos.htm,"Illumina, Inc.",1342449,57054083,485BPOS,SEC,html-table,reported-as-of
2009-09-30,2010-01-26,2010-01-26_0001104659-10-002985_a09-28465_1485bpos.htm,"Urban Outfitters, Inc.",1833049,55303088,485BPOS,SEC,html-table,reported-as-of
2009-09-30,2010-01-26,2010-01-26_0001104659-10-002985_a09-28465_1485bpos.htm,"Henry Schein, Inc.",990313,54378087,485BPOS,SEC,html-table,reported-as-of
2009-09-30,2010-01-26,2010-01-26_0001104659-10-002985_a09-28465_1485bpos.htm,"O'Reilly Automotive, Inc.",1501737,54272775,485BPOS,SEC,html-table,reported-as-of
2009-09-30,2010-01-26,2010-01-26_0001104659-10-002985_a09-28465_1485bpos.htm,"DENTSPLY International, Inc.",1571145,54267348,485BPOS,SEC,html-table,reported-as-of
2009-09-30,2010-01-26,2010-01-26_0001104659-10-002985_a09-28465_1485bpos.htm,"Joy Global, Inc.",1105912,54123333,485BPOS,SEC,html-table,reported-as-of
2009-09-30,2010-01-26,2010-01-26_0001104659-10-002985_a09-28465_1485bpos.htm,"NII Holdings, Inc.",1777632,53293407,485BPOS,SEC,html-table,reported-as-of
2009-09-30,2010-01-26,2010-01-26_0001104659-10-002985_a09-28465_1485bpos.htm,Lam Research Corp.,1440503,49207582,485BPOS,SEC,html-table,reported-as-of
2009-09-30,2010-01-26,2010-01-26_0001104659-10-002985_a09-28465_1485bpos.htm,"FLIR Systems, Inc.",1746451,48848234,485BPOS,SEC,html-table,reported-as-of
2009-09-30,2010-01-26,2010-01-26_0001104659-10-002985_a09-28465_1485bpos.htm,"Hologic, Inc.",2972207,48565862,485BPOS,SEC,html-table,reported-as-of
2009-09-30,2010-01-26,2010-01-26_0001104659-10-002985_a09-28465_1485bpos.htm,"Stericycle, Inc.",984171,47683085,485BPOS,SEC,html-table,reported-as-of
2009-09-30,2010-01-26,2010-01-26_0001104659-10-002985_a09-28465_1485bpos.htm,"VeriSign, Inc.",2003074,47452823,485BPOS,SEC,html-table,reported-as-of
2009-09-30,2010-01-26,2010-01-26_0001104659-10-002985_a09-28465_1485bpos.htm,"Cephalon, Inc.",801077,46654724,485BPOS,SEC,html-table,reported-as-of
2009-09-30,2010-01-26,2010-01-26_0001104659-10-002985_a09-28465_1485bpos.htm,Foster Wheeler AG,1454877,46425125,485BPOS,SEC,html-table,reported-as-of
2009-09-30,2010-01-26,2010-01-26_0001104659-10-002985_a09-28465_1485bpos.htm,"DISH Network Corp., Class A",2369130,45629444,485BPOS,SEC,html-table,reported-as-of
2009-09-30,2010-01-26,2010-01-26_0001104659-10-002985_a09-28465_1485bpos.htm,"JB Hunt Transport Services, Inc.",1396484,44869031,485BPOS,SEC,html-table,reported-as-of
2009-09-30,2010-01-26,2010-01-26_0001104659-10-002985_a09-28465_1485bpos.htm,"Microchip Technology, Inc.",1675228,44393542,485BPOS,SEC,html-table,reported-as-of
2009-09-30,2010-01-26,2010-01-26_0001104659-10-002985_a09-28465_1485bpos.htm,"Steel Dynamics, Inc.",2444072,37492064,485BPOS,SEC,html-table,reported-as-of
2009-09-30,2010-01-26,2010-01-26_0001104659-10-002985_a09-28465_1485bpos.htm,Ryanair Holdings PLC,1280599,37188595,485BPOS,SEC,html-table,reported-as-of
2009-09-30,2010-01-26,2010-01-26_0001104659-10-002985_a09-28465_1485bpos.htm,Hansen Natural Corp.,987722,36288906,485BPOS,SEC,html-table,reported-as-of
2009-09-30,2010-01-26,2010-01-26_0001104659-10-002985_a09-28465_1485bpos.htm,"Akamai Technologies, Inc.",1819453,35806835,485BPOS,SEC,html-table,reported-as-of
2009-09-30,2010-01-26,2010-01-26_0001104659-10-002985_a09-28465_1485bpos.htm,Logitech International SA,1939530,35648561,485BPOS,SEC,html-table,reported-as-of
2009-09-30,2010-01-26,2010-01-26_0001104659-10-002985_a09-28465_1485bpos.htm,"Patterson Cos, Inc.",1292081,35209207,485BPOS,SEC,html-table,reported-as-of
2009-09-30,2010-01-26,2010-01-26_0001104659-10-002985_a09-28465_1485bpos.htm,"Liberty Global, Inc., Class A",1520138,34309515,485BPOS,SEC,html-table,reported-as-of
2009-09-30,2010-01-26,2010-01-26_0001104659-10-002985_a09-28465_1485bpos.htm,IAC/InterActiveCorp,1504080,30367375,485BPOS,SEC,html-table,reported-as-of
2009-09-30,2010-01-26,2010-01-26_0001104659-10-002985_a09-28465_1485bpos.htm,"Pharmaceutical Product Development, Inc.",1265677,27768953,485BPOS,SEC,html-table,reported-as-of
2010-09-30,2011-01-28,2011-01-28_0001104659-11-003685_a10-18718_1485bpos.htm,"Apple, Inc.",14811955,4202892231,485BPOS,SEC,html-table,reported-as-of
2010-09-30,2011-01-28,2011-01-28_0001104659-11-003685_a10-18718_1485bpos.htm,"QUALCOMM, Inc.",22504425,1015399656,485BPOS,SEC,html-table,reported-as-of
2010-09-30,2011-01-28,2011-01-28_0001104659-11-003685_a10-18718_1485bpos.htm,"Google, Inc., Class A",1742953,916427258,485BPOS,SEC,html-table,reported-as-of
2010-09-30,2011-01-28,2011-01-28_0001104659-11-003685_a10-18718_1485bpos.htm,Microsoft Corp.,34619884,847840959,485BPOS,SEC,html-table,reported-as-of
2010-09-30,2011-01-28,2011-01-28_0001104659-11-003685_a10-18718_1485bpos.htm,Oracle Corp.,24361785,654113927,485BPOS,SEC,html-table,reported-as-of
2010-09-30,2011-01-28,2011-01-28_0001104659-11-003685_a10-18718_1485bpos.htm,"Amazon.Com, Inc.",3456381,542859200,485BPOS,SEC,html-table,reported-as-of
2010-09-30,2011-01-28,2011-01-28_0001104659-11-003685_a10-18718_1485bpos.htm,"Cisco Systems, Inc.",23718244,519429544,485BPOS,SEC,html-table,reported-as-of
2010-09-30,2011-01-28,2011-01-28_0001104659-11-003685_a10-18718_1485bpos.htm,Teva Pharmaceutical Industries Ltd. ADR,8514145,449121149,485BPOS,SEC,html-table,reported-as-of
2010-09-30,2011-01-28,2011-01-28_0001104659-11-003685_a10-18718_1485bpos.htm,Intel Corp.,22664461,435837585,485BPOS,SEC,html-table,reported-as-of
2010-09-30,2011-01-28,2011-01-28_0001104659-11-003685_a10-18718_1485bpos.htm,"Gilead Sciences, Inc.",9600329,341867716,485BPOS,SEC,html-table,reported-as-of
2010-09-30,2011-01-28,2011-01-28_0001104659-11-003685_a10-18718_1485bpos.htm,"Baidu, Inc. ADR",3187108,327061023,485BPOS,SEC,html-table,reported-as-of
2010-09-30,2011-01-28,2011-01-28_0001104659-11-003685_a10-18718_1485bpos.htm,Starbucks Corp.,11961752,305981616,485BPOS,SEC,html-table,reported-as-of
2010-09-30,2011-01-28,2011-01-28_0001104659-11-003685_a10-18718_1485bpos.htm,"DIRECTV, Class A",7336790,305430568,485BPOS,SEC,html-table,reported-as-of
2010-09-30,2011-01-28,2011-01-28_0001104659-11-003685_a10-18718_1485bpos.htm,Celgene Corp.,5295593,305079113,485BPOS,SEC,html-table,reported-as-of
2010-09-30,2011-01-28,2011-01-28_0001104659-11-003685_a10-18718_1485bpos.htm,"Comcast Corp., Class A",16837670,304425074,485BPOS,SEC,html-table,reported-as-of
2010-09-30,2011-01-28,2011-01-28_0001104659-11-003685_a10-18718_1485bpos.htm,Research In Motion Ltd.,6139643,298939218,485BPOS,SEC,html-table,reported-as-of
2010-09-30,2011-01-28,2011-01-28_0001104659-11-003685_a10-18718_1485bpos.htm,"Amgen, Inc.",5193025,286187608,485BPOS,SEC,html-table,reported-as-of
2010-09-30,2011-01-28,2011-01-28_0001104659-11-003685_a10-18718_1485bpos.htm,"eBay, Inc.",11375764,277568642,485BPOS,SEC,html-table,reported-as-of
2010-09-30,2011-01-28,2011-01-28_0001104659-11-003685_a10-18718_1485bpos.htm,"Express Scripts, Inc., Class A",5626332,274002368,485BPOS,SEC,html-table,reported-as-of
2010-09-30,2011-01-28,2011-01-28_0001104659-11-003685_a10-18718_1485bpos.htm,Genzyme Corp.,3713761,262897141,485BPOS,SEC,html-table,reported-as-of
2010-09-30,2011-01-28,2011-01-28_0001104659-11-003685_a10-18718_1485bpos.htm,"PACCAR, Inc.",4749701,228698103,485BPOS,SEC,html-table,reported-as-of
2010-09-30,2011-01-28,2011-01-28_0001104659-11-003685_a10-18718_1485bpos.htm,"Cognizant Technology Solutions Corp., Class A",3408703,219759082,485BPOS,SEC,html-table,reported-as-of
2010-09-30,2011-01-28,2011-01-28_0001104659-11-003685_a10-18718_1485bpos.htm,"News Corp., Class A",16563242,216315941,485BPOS,SEC,html-table,reported-as-of
2010-09-30,2011-01-28,2011-01-28_0001104659-11-003685_a10-18718_1485bpos.htm,"NetApp, Inc.",4340328,216104931,485BPOS,SEC,html-table,reported-as-of
2010-09-30,2011-01-28,2011-01-28_0001104659-11-003685_a10-18718_1485bpos.htm,"priceline.com, Inc.",595013,207266828,485BPOS,SEC,html-table,reported-as-of
2010-09-30,2011-01-28,2011-01-28_0001104659-11-003685_a10-18718_1485bpos.htm,Vodafone Group PLC ADR,8223292,204019875,485BPOS,SEC,html-table,reported-as-of
2010-09-30,2011-01-28,2011-01-28_0001104659-11-003685_a10-18718_1485bpos.htm,"Intuit, Inc.",4599714,201513470,485BPOS,SEC,html-table,reported-as-of
2010-09-30,2011-01-28,2011-01-28_0001104659-11-003685_a10-18718_1485bpos.htm,"Bed Bath & Beyond, Inc.",4125187,179074368,485BPOS,SEC,html-table,reported-as-of
2010-09-30,2011-01-28,2011-01-28_0001104659-11-003685_a10-18718_1485bpos.htm,"Citrix Systems, Inc.",2581737,176177733,485BPOS,SEC,html-table,reported-as-of
2010-09-30,2011-01-28,2011-01-28_0001104659-11-003685_a10-18718_1485bpos.htm,Costco Wholesale Corp.,2688672,173392457,485BPOS,SEC,html-table,reported-as-of
2010-09-30,2011-01-28,2011-01-28_0001104659-11-003685_a10-18718_1485bpos.htm,"Biogen IDEC, Inc.",3056910,171553789,485BPOS,SEC,html-table,reported-as-of
2010-09-30,2011-01-28,2011-01-28_0001104659-11-003685_a10-18718_1485bpos.htm,"Automatic Data Processing, Inc.",4041873,169879922,485BPOS,SEC,html-table,reported-as-of
2010-09-30,2011-01-28,2011-01-28_0001104659-11-003685_a10-18718_1485bpos.htm,"Broadcom Corp., Class A",4754426,168259136,485BPOS,SEC,html-table,reported-as-of
2010-09-30,2011-01-28,2011-01-28_0001104659-11-003685_a10-18718_1485bpos.htm,"Adobe Systems, Inc.",5983521,156469074,485BPOS,SEC,html-table,reported-as-of
2010-09-30,2011-01-28,2011-01-28_0001104659-11-003685_a10-18718_1485bpos.htm,Altera Corp.,5022885,151490212,485BPOS,SEC,html-table,reported-as-of
2010-09-30,2011-01-28,2011-01-28_0001104659-11-003685_a10-18718_1485bpos.htm,Symantec Corp.,9594484,145548322,485BPOS,SEC,html-table,reported-as-of
2010-09-30,2011-01-28,2011-01-28_0001104659-11-003685_a10-18718_1485bpos.htm,"Activision Blizzard, Inc.",12708954,137510882,485BPOS,SEC,html-table,reported-as-of
2010-09-30,2011-01-28,2011-01-28_0001104659-11-003685_a10-18718_1485bpos.htm,Wynn Resorts Ltd.,1565120,135805462,485BPOS,SEC,html-table,reported-as-of
2010-09-30,2011-01-28,2011-01-28_0001104659-11-003685_a10-18718_1485bpos.htm,"CH Robinson Worldwide, Inc.",1905683,133245355,485BPOS,SEC,html-table,reported-as-of
2010-09-30,2011-01-28,2011-01-28_0001104659-11-003685_a10-18718_1485bpos.htm,"Intuitive Surgical, Inc.",456982,129664073,485BPOS,SEC,html-table,reported-as-of
2010-09-30,2011-01-28,2011-01-28_0001104659-11-003685_a10-18718_1485bpos.htm,"First Solar, Inc.",870906,128327999,485BPOS,SEC,html-table,reported-as-of
2010-09-30,2011-01-28,2011-01-28_0001104659-11-003685_a10-18718_1485bpos.htm,Marvell Technology Group Ltd.,7210189,126250409,485BPOS,SEC,html-table,reported-as-of
2010-09-30,2011-01-28,2011-01-28_0001104659-11-003685_a10-18718_1485bpos.htm,"CA, Inc.",5760914,121670504,485BPOS,SEC,html-table,reported-as-of
2010-09-30,2011-01-28,2011-01-28_0001104659-11-003685_a10-18718_1485bpos.htm,"Staples, Inc.",5700939,119263644,485BPOS,SEC,html-table,reported-as-of
2010-09-30,2011-01-28,2011-01-28_0001104659-11-003685_a10-18718_1485bpos.htm,Millicom International Cellular SA,1224430,117484059,485BPOS,SEC,html-table,reported-as-of
2010-09-30,2011-01-28,2011-01-28_0001104659-11-003685_a10-18718_1485bpos.htm,"Fiserv, Inc.",2182601,117467586,485BPOS,SEC,html-table,reported-as-of
2010-09-30,2011-01-28,2011-01-28_0001104659-11-003685_a10-18718_1485bpos.htm,"Mattel, Inc.",4782019,112186166,485BPOS,SEC,html-table,reported-as-of
2010-09-30,2011-01-28,2011-01-28_0001104659-11-003685_a10-18718_1485bpos.htm,"Expeditors International of Washington, Inc.",2421443,111943310,485BPOS,SEC,html-table,reported-as-of
2010-09-30,2011-01-28,2011-01-28_0001104659-11-003685_a10-18718_1485bpos.htm,"Paychex, Inc.",3986163,109579621,485BPOS,SEC,html-table,reported-as-of
2010-09-30,2011-01-28,2011-01-28_0001104659-11-003685_a10-18718_1485bpos.htm,"Dell, Inc.",8316389,107780401,485BPOS,SEC,html-table,reported-as-of
2010-09-30,2011-01-28,2011-01-28_0001104659-11-003685_a10-18718_1485bpos.htm,Linear Technology Corp.,3487162,107160488,485BPOS,SEC,html-table,reported-as-of
2010-09-30,2011-01-28,2011-01-28_0001104659-11-003685_a10-18718_1485bpos.htm,"Yahoo!, Inc.",7534058,106757602,485BPOS,SEC,html-table,reported-as-of
2010-09-30,2011-01-28,2011-01-28_0001104659-11-003685_a10-18718_1485bpos.htm,"Xilinx, Inc.",3991412,106211473,485BPOS,SEC,html-table,reported-as-of
2010-09-30,2011-01-28,2011-01-28_0001104659-11-003685_a10-18718_1485bpos.htm,SanDisk Corp.,2753696,100922958,485BPOS,SEC,html-table,reported-as-of
2010-09-30,2011-01-28,2011-01-28_0001104659-11-003685_a10-18718_1485bpos.htm,Life Technologies Corp.,2156678,100695296,485BPOS,SEC,html-table,reported-as-of
2010-09-30,2011-01-28,2011-01-28_0001104659-11-003685_a10-18718_1485bpos.htm,"BMC Software, Inc.",2414114,97723335,485BPOS,SEC,html-table,reported-as-of
2010-09-30,2011-01-28,2011-01-28_0001104659-11-003685_a10-18718_1485bpos.htm,Sears Holdings Corp.,1345121,97037029,485BPOS,SEC,html-table,reported-as-of
2010-09-30,2011-01-28,2011-01-28_0001104659-11-003685_a10-18718_1485bpos.htm,"Applied Materials, Inc.",8073369,94296950,485BPOS,SEC,html-table,reported-as-of
2010-09-30,2011-01-28,2011-01-28_0001104659-11-003685_a10-18718_1485bpos.htm,"Expedia, Inc.",3249475,91667690,485BPOS,SEC,html-table,reported-as-of
2010-09-30,2011-01-28,2011-01-28_0001104659-11-003685_a10-18718_1485bpos.htm,"Virgin Media, Inc.",3946596,90850640,485BPOS,SEC,html-table,reported-as-of
2010-09-30,2011-01-28,2011-01-28_0001104659-11-003685_a10-18718_1485bpos.htm,"Apollo Group, Inc., Class A",1733370,89008550,485BPOS,SEC,html-table,reported-as-of
2010-09-30,2011-01-28,2011-01-28_0001104659-11-003685_a10-18718_1485bpos.htm,Check Point Software Technologies Ltd.,2384078,88044001,485BPOS,SEC,html-table,reported-as-of
2010-09-30,2011-01-28,2011-01-28_0001104659-11-003685_a10-18718_1485bpos.htm,"Autodesk, Inc.",2751846,87976517,485BPOS,SEC,html-table,reported-as-of
2010-09-30,2011-01-28,2011-01-28_0001104659-11-003685_a10-18718_1485bpos.htm,Liberty Media Corp. - Interactive,6375471,87407707,485BPOS,SEC,html-table,reported-as-of
2010-09-30,2011-01-28,2011-01-28_0001104659-11-003685_a10-18718_1485bpos.htm,Fastenal Co.,1638354,87144049,485BPOS,SEC,html-table,reported-as-of
2010-09-30,2011-01-28,2011-01-28_0001104659-11-003685_a10-18718_1485bpos.htm,Infosys Technologies Ltd. ADR,1272582,85657494,485BPOS,SEC,html-table,reported-as-of
2010-09-30,2011-01-28,2011-01-28_0001104659-11-003685_a10-18718_1485bpos.htm,"O'Reilly Automotive, Inc.",1608047,85548100,485BPOS,SEC,html-table,reported-as-of
2010-09-30,2011-01-28,2011-01-28_0001104659-11-003685_a10-18718_1485bpos.htm,"Vertex Pharmaceuticals, Inc.",2465879,85245437,485BPOS,SEC,html-table,reported-as-of
2010-09-30,2011-01-28,2011-01-28_0001104659-11-003685_a10-18718_1485bpos.htm,KLA-Tencor Corp.,2364180,83290061,485BPOS,SEC,html-table,reported-as-of
2010-09-30,2011-01-28,2011-01-28_0001104659-11-003685_a10-18718_1485bpos.htm,"Joy Global, Inc.",1177864,82827396,485BPOS,SEC,html-table,reported-as-of
2010-09-30,2011-01-28,2011-01-28_0001104659-11-003685_a10-18718_1485bpos.htm,Sigma-Aldrich Corp.,1354480,81783502,485BPOS,SEC,html-table,reported-as-of
2010-09-30,2011-01-28,2011-01-28_0001104659-11-003685_a10-18718_1485bpos.htm,Cerner Corp.,955114,80220025,485BPOS,SEC,html-table,reported-as-of
2010-09-30,2011-01-28,2011-01-28_0001104659-11-003685_a10-18718_1485bpos.htm,"Ross Stores, Inc.",1435449,78404224,485BPOS,SEC,html-table,reported-as-of
2010-09-30,2011-01-28,2011-01-28_0001104659-11-003685_a10-18718_1485bpos.htm,"NII Holdings, Inc.",1902535,78194189,485BPOS,SEC,html-table,reported-as-of
2010-09-30,2011-01-28,2011-01-28_0001104659-11-003685_a10-18718_1485bpos.htm,NVIDIA Corp.,6552058,76528037,485BPOS,SEC,html-table,reported-as-of
2010-09-30,2011-01-28,2011-01-28_0001104659-11-003685_a10-18718_1485bpos.htm,"Stericycle, Inc.",1041708,72377872,485BPOS,SEC,html-table,reported-as-of
2010-09-30,2011-01-28,2011-01-28_0001104659-11-003685_a10-18718_1485bpos.htm,"Illumina, Inc.",1418152,69773078,485BPOS,SEC,html-table,reported-as-of
2010-09-30,2011-01-28,2011-01-28_0001104659-11-003685_a10-18718_1485bpos.htm,"Mylan, Inc.",3653549,68723257,485BPOS,SEC,html-table,reported-as-of
2010-09-30,2011-01-28,2011-01-28_0001104659-11-003685_a10-18718_1485bpos.htm,"Warner Chilcott PLC, Class A",2921456,65557473,485BPOS,SEC,html-table,reported-as-of
2010-09-30,2011-01-28,2011-01-28_0001104659-11-003685_a10-18718_1485bpos.htm,Seagate Technology PLC,5468751,64421887,485BPOS,SEC,html-table,reported-as-of
2010-09-30,2011-01-28,2011-01-28_0001104659-11-003685_a10-18718_1485bpos.htm,Garmin Ltd.,2098124,63678063,485BPOS,SEC,html-table,reported-as-of
2010-09-30,2011-01-28,2011-01-28_0001104659-11-003685_a10-18718_1485bpos.htm,"Electronic Arts, Inc.",3870584,63593695,485BPOS,SEC,html-table,reported-as-of
2010-09-30,2011-01-28,2011-01-28_0001104659-11-003685_a10-18718_1485bpos.htm,"Maxim Integrated Products, Inc.",3412789,63170724,485BPOS,SEC,html-table,reported-as-of
2010-09-30,2011-01-28,2011-01-28_0001104659-11-003685_a10-18718_1485bpos.htm,Lam Research Corp.,1490536,62378932,485BPOS,SEC,html-table,reported-as-of
2010-09-30,2011-01-28,2011-01-28_0001104659-11-003685_a10-18718_1485bpos.htm,"Henry Schein, Inc.",1060572,62128308,485BPOS,SEC,html-table,reported-as-of
2010-09-30,2011-01-28,2011-01-28_0001104659-11-003685_a10-18718_1485bpos.htm,"Urban Outfitters, Inc.",1933345,60784367,485BPOS,SEC,html-table,reported-as-of
2010-09-30,2011-01-28,2011-01-28_0001104659-11-003685_a10-18718_1485bpos.htm,"VeriSign, Inc.",1908552,60577440,485BPOS,SEC,html-table,reported-as-of
2010-09-30,2011-01-28,2011-01-28_0001104659-11-003685_a10-18718_1485bpos.htm,Flextronics International Ltd.,9905436,59828833,485BPOS,SEC,html-table,reported-as-of
2010-09-30,2011-01-28,2011-01-28_0001104659-11-003685_a10-18718_1485bpos.htm,Cintas Corp.,2131991,58736352,485BPOS,SEC,html-table,reported-as-of
2010-09-30,2011-01-28,2011-01-28_0001104659-11-003685_a10-18718_1485bpos.htm,"Microchip Technology, Inc.",1796819,56509958,485BPOS,SEC,html-table,reported-as-of
2010-09-30,2011-01-28,2011-01-28_0001104659-11-003685_a10-18718_1485bpos.htm,"Cephalon, Inc.",851403,53161603,485BPOS,SEC,html-table,reported-as-of
2010-09-30,2011-01-28,2011-01-28_0001104659-11-003685_a10-18718_1485bpos.htm,"DENTSPLY International, Inc.",1593756,50952379,485BPOS,SEC,html-table,reported-as-of
2010-09-30,2011-01-28,2011-01-28_0001104659-11-003685_a10-18718_1485bpos.htm,"Hologic, Inc.",3167434,50710618,485BPOS,SEC,html-table,reported-as-of
2010-09-30,2011-01-28,2011-01-28_0001104659-11-003685_a10-18718_1485bpos.htm,"JB Hunt Transport Services, Inc.",1432491,49707438,485BPOS,SEC,html-table,reported-as-of
2010-09-30,2011-01-28,2011-01-28_0001104659-11-003685_a10-18718_1485bpos.htm,"FLIR Systems, Inc.",1923514,49434310,485BPOS,SEC,html-table,reported-as-of
2010-09-30,2011-01-28,2011-01-28_0001104659-11-003685_a10-18718_1485bpos.htm,QIAGEN NV,2737530,48563782,485BPOS,SEC,html-table,reported-as-of
2010-09-30,2011-01-28,2011-01-28_0001104659-11-003685_a10-18718_1485bpos.htm,"DISH Network Corp., Class A",2512036,48130610,485BPOS,SEC,html-table,reported-as-of
2010-09-30,2011-01-28,2011-01-28_0001104659-11-003685_a10-18718_1485bpos.htm,"Patterson Cos., Inc.",1382206,39600202,485BPOS,SEC,html-table,reported-as-of
2010-09-30,2011-01-28,2011-01-28_0001104659-11-003685_a10-18718_1485bpos.htm,Foster Wheeler AG,1548506,37876457,485BPOS,SEC,html-table,reported-as-of
2010-09-30,2011-01-28,2011-01-28_0001104659-11-003685_a10-18718_1485bpos.htm,Logitech International SA,1996564,34740214,485BPOS,SEC,html-table,reported-as-of
2011-09-30,2012-01-30,2012-01-30_0001104659-12-005092_a11-30095_1485bpos.htm,"Apple, Inc.",8460298,3224896392,485BPOS,SEC,html-table,reported-as-of
2011-09-30,2012-01-30,2012-01-30_0001104659-12-005092_a11-30095_1485bpos.htm,Microsoft Corp.,76466678,1903255615,485BPOS,SEC,html-table,reported-as-of
2011-09-30,2012-01-30,2012-01-30_0001104659-12-005092_a11-30095_1485bpos.htm,Oracle Corp.,46166300,1326819462,485BPOS,SEC,html-table,reported-as-of
2011-09-30,2012-01-30,2012-01-30_0001104659-12-005092_a11-30095_1485bpos.htm,"Google, Inc., Class A",2319869,1193294216,485BPOS,SEC,html-table,reported-as-of
2011-09-30,2012-01-30,2012-01-30_0001104659-12-005092_a11-30095_1485bpos.htm,Intel Corp.,47926885,1022280457,485BPOS,SEC,html-table,reported-as-of
2011-09-30,2012-01-30,2012-01-30_0001104659-12-005092_a11-30095_1485bpos.htm,"Amazon.Com, Inc.",4142339,895697962,485BPOS,SEC,html-table,reported-as-of
2011-09-30,2012-01-30,2012-01-30_0001104659-12-005092_a11-30095_1485bpos.htm,"Cisco Systems, Inc.",50194819,777517746,485BPOS,SEC,html-table,reported-as-of
2011-09-30,2012-01-30,2012-01-30_0001104659-12-005092_a11-30095_1485bpos.htm,"QUALCOMM, Inc.",15328029,745402050,485BPOS,SEC,html-table,reported-as-of
2011-09-30,2012-01-30,2012-01-30_0001104659-12-005092_a11-30095_1485bpos.htm,"Amgen, Inc.",8433934,463444673,485BPOS,SEC,html-table,reported-as-of
2011-09-30,2012-01-30,2012-01-30_0001104659-12-005092_a11-30095_1485bpos.htm,"Comcast Corp., Class A",19069243,398547179,485BPOS,SEC,html-table,reported-as-of
2011-09-30,2012-01-30,2012-01-30_0001104659-12-005092_a11-30095_1485bpos.htm,"eBay, Inc.",11762342,346871466,485BPOS,SEC,html-table,reported-as-of
2011-09-30,2012-01-30,2012-01-30_0001104659-12-005092_a11-30095_1485bpos.htm,Costco Wholesale Corp.,3995313,328095104,485BPOS,SEC,html-table,reported-as-of
2011-09-30,2012-01-30,2012-01-30_0001104659-12-005092_a11-30095_1485bpos.htm,"DIRECTV, Class A",6741218,284816460,485BPOS,SEC,html-table,reported-as-of
2011-09-30,2012-01-30,2012-01-30_0001104659-12-005092_a11-30095_1485bpos.htm,"Gilead Sciences, Inc.",7042147,273235304,485BPOS,SEC,html-table,reported-as-of
2011-09-30,2012-01-30,2012-01-30_0001104659-12-005092_a11-30095_1485bpos.htm,"Baidu, Inc. ADR",2474804,264581296,485BPOS,SEC,html-table,reported-as-of
2011-09-30,2012-01-30,2012-01-30_0001104659-12-005092_a11-30095_1485bpos.htm,Celgene Corp.,4187551,259293158,485BPOS,SEC,html-table,reported-as-of
2011-09-30,2012-01-30,2012-01-30_0001104659-12-005092_a11-30095_1485bpos.htm,"News Corp., Class A",16685658,258127129,485BPOS,SEC,html-table,reported-as-of
2011-09-30,2012-01-30,2012-01-30_0001104659-12-005092_a11-30095_1485bpos.htm,Starbucks Corp.,6809383,253921892,485BPOS,SEC,html-table,reported-as-of
2011-09-30,2012-01-30,2012-01-30_0001104659-12-005092_a11-30095_1485bpos.htm,Teva Pharmaceutical Industries Ltd. ADR,6384324,237624539,485BPOS,SEC,html-table,reported-as-of
2011-09-30,2012-01-30,2012-01-30_0001104659-12-005092_a11-30095_1485bpos.htm,"Dell, Inc.",16657348,235701474,485BPOS,SEC,html-table,reported-as-of
2011-09-30,2012-01-30,2012-01-30_0001104659-12-005092_a11-30095_1485bpos.htm,"Automatic Data Processing, Inc.",4469993,210760170,485BPOS,SEC,html-table,reported-as-of
2011-09-30,2012-01-30,2012-01-30_0001104659-12-005092_a11-30095_1485bpos.htm,Vodafone Group PLC ADR,8197728,210271723,485BPOS,SEC,html-table,reported-as-of
2011-09-30,2012-01-30,2012-01-30_0001104659-12-005092_a11-30095_1485bpos.htm,"Biogen IDEC, Inc.",2213328,206171503,485BPOS,SEC,html-table,reported-as-of
2011-09-30,2012-01-30,2012-01-30_0001104659-12-005092_a11-30095_1485bpos.htm,"priceline.com, Inc.",454198,204143833,485BPOS,SEC,html-table,reported-as-of
2011-09-30,2012-01-30,2012-01-30_0001104659-12-005092_a11-30095_1485bpos.htm,"Cognizant Technology Solutions Corp., Class A",2771249,173757312,485BPOS,SEC,html-table,reported-as-of
2011-09-30,2012-01-30,2012-01-30_0001104659-12-005092_a11-30095_1485bpos.htm,"Express Scripts, Inc., Class A",4460419,165347732,485BPOS,SEC,html-table,reported-as-of
2011-09-30,2012-01-30,2012-01-30_0001104659-12-005092_a11-30095_1485bpos.htm,"Yahoo!, Inc.",11527607,151703308,485BPOS,SEC,html-table,reported-as-of
2011-09-30,2012-01-30,2012-01-30_0001104659-12-005092_a11-30095_1485bpos.htm,"Broadcom Corp., Class A",4389780,146135776,485BPOS,SEC,html-table,reported-as-of
2011-09-30,2012-01-30,2012-01-30_0001104659-12-005092_a11-30095_1485bpos.htm,"Intuit, Inc.",2774092,131602924,485BPOS,SEC,html-table,reported-as-of
2011-09-30,2012-01-30,2012-01-30_0001104659-12-005092_a11-30095_1485bpos.htm,Wynn Resorts Ltd.,1140319,131227911,485BPOS,SEC,html-table,reported-as-of
2011-09-30,2012-01-30,2012-01-30_0001104659-12-005092_a11-30095_1485bpos.htm,"Bed Bath & Beyond, Inc.",2274764,130366725,485BPOS,SEC,html-table,reported-as-of
2011-09-30,2012-01-30,2012-01-30_0001104659-12-005092_a11-30095_1485bpos.htm,"Intuitive Surgical, Inc.",356706,129940862,485BPOS,SEC,html-table,reported-as-of
2011-09-30,2012-01-30,2012-01-30_0001104659-12-005092_a11-30095_1485bpos.htm,"Green Mountain Coffee Roasters, Inc.",1397080,129844615,485BPOS,SEC,html-table,reported-as-of
2011-09-30,2012-01-30,2012-01-30_0001104659-12-005092_a11-30095_1485bpos.htm,"Applied Materials, Inc.",12023924,124447613,485BPOS,SEC,html-table,reported-as-of
2011-09-30,2012-01-30,2012-01-30_0001104659-12-005092_a11-30095_1485bpos.htm,"Activision Blizzard, Inc.",10429434,124110265,485BPOS,SEC,html-table,reported-as-of
2011-09-30,2012-01-30,2012-01-30_0001104659-12-005092_a11-30095_1485bpos.htm,"NetApp, Inc.",3397902,115324794,485BPOS,SEC,html-table,reported-as-of
2011-09-30,2012-01-30,2012-01-30_0001104659-12-005092_a11-30095_1485bpos.htm,"PACCAR, Inc.",3335707,112813611,485BPOS,SEC,html-table,reported-as-of
2011-09-30,2012-01-30,2012-01-30_0001104659-12-005092_a11-30095_1485bpos.htm,Symantec Corp.,6842834,111538194,485BPOS,SEC,html-table,reported-as-of
2011-09-30,2012-01-30,2012-01-30_0001104659-12-005092_a11-30095_1485bpos.htm,"Adobe Systems, Inc.",4508304,108965708,485BPOS,SEC,html-table,reported-as-of
2011-09-30,2012-01-30,2012-01-30_0001104659-12-005092_a11-30095_1485bpos.htm,"Alexion Pharmaceuticals, Inc.",1683882,107869481,485BPOS,SEC,html-table,reported-as-of
2011-09-30,2012-01-30,2012-01-30_0001104659-12-005092_a11-30095_1485bpos.htm,Cerner Corp.,1542711,105706558,485BPOS,SEC,html-table,reported-as-of
2011-09-30,2012-01-30,2012-01-30_0001104659-12-005092_a11-30095_1485bpos.htm,"Whole Foods Market, Inc.",1616822,105594645,485BPOS,SEC,html-table,reported-as-of
2011-09-30,2012-01-30,2012-01-30_0001104659-12-005092_a11-30095_1485bpos.htm,"CH Robinson Worldwide, Inc.",1505030,103049404,485BPOS,SEC,html-table,reported-as-of
2011-09-30,2012-01-30,2012-01-30_0001104659-12-005092_a11-30095_1485bpos.htm,Check Point Software Technologies Ltd.,1894518,99954770,485BPOS,SEC,html-table,reported-as-of
2011-09-30,2012-01-30,2012-01-30_0001104659-12-005092_a11-30095_1485bpos.htm,Research In Motion Ltd.,4754947,96525424,485BPOS,SEC,html-table,reported-as-of
2011-09-30,2012-01-30,2012-01-30_0001104659-12-005092_a11-30095_1485bpos.htm,"Citrix Systems, Inc.",1718273,93697427,485BPOS,SEC,html-table,reported-as-of
2011-09-30,2012-01-30,2012-01-30_0001104659-12-005092_a11-30095_1485bpos.htm,Altera Corp.,2956615,93222071,485BPOS,SEC,html-table,reported-as-of
2011-09-30,2012-01-30,2012-01-30_0001104659-12-005092_a11-30095_1485bpos.htm,Fastenal Co.,2693276,89632225,485BPOS,SEC,html-table,reported-as-of
2011-09-30,2012-01-30,2012-01-30_0001104659-12-005092_a11-30095_1485bpos.htm,"CA, Inc.",4606020,89402848,485BPOS,SEC,html-table,reported-as-of
2011-09-30,2012-01-30,2012-01-30_0001104659-12-005092_a11-30095_1485bpos.htm,SanDisk Corp.,2183060,88086471,485BPOS,SEC,html-table,reported-as-of
2011-09-30,2012-01-30,2012-01-30_0001104659-12-005092_a11-30095_1485bpos.htm,"Paychex, Inc.",3309775,87278767,485BPOS,SEC,html-table,reported-as-of
2011-09-30,2012-01-30,2012-01-30_0001104659-12-005092_a11-30095_1485bpos.htm,"Staples, Inc.",6472525,86084582,485BPOS,SEC,html-table,reported-as-of
2011-09-30,2012-01-30,2012-01-30_0001104659-12-005092_a11-30095_1485bpos.htm,"Vertex Pharmaceuticals, Inc.",1898759,84570726,485BPOS,SEC,html-table,reported-as-of
2011-09-30,2012-01-30,2012-01-30_0001104659-12-005092_a11-30095_1485bpos.htm,"Ross Stores, Inc.",1067479,83999922,485BPOS,SEC,html-table,reported-as-of
2011-09-30,2012-01-30,2012-01-30_0001104659-12-005092_a11-30095_1485bpos.htm,"Dollar Tree, Inc.",1113518,83636337,485BPOS,SEC,html-table,reported-as-of
2011-09-30,2012-01-30,2012-01-30_0001104659-12-005092_a11-30095_1485bpos.htm,"O'reilly Automotive, Inc.",1240874,82679435,485BPOS,SEC,html-table,reported-as-of
2011-09-30,2012-01-30,2012-01-30_0001104659-12-005092_a11-30095_1485bpos.htm,Marvell Technology Group Ltd.,5579622,81071908,485BPOS,SEC,html-table,reported-as-of
2011-09-30,2012-01-30,2012-01-30_0001104659-12-005092_a11-30095_1485bpos.htm,"Mattel, Inc.",3129778,81029952,485BPOS,SEC,html-table,reported-as-of
2011-09-30,2012-01-30,2012-01-30_0001104659-12-005092_a11-30095_1485bpos.htm,"Expeditors International of Washington, Inc.",1935559,78486917,485BPOS,SEC,html-table,reported-as-of
2011-09-30,2012-01-30,2012-01-30_0001104659-12-005092_a11-30095_1485bpos.htm,"Liberty Interactive Corp., Class A",5226274,77192067,485BPOS,SEC,html-table,reported-as-of
2011-09-30,2012-01-30,2012-01-30_0001104659-12-005092_a11-30095_1485bpos.htm,"Virgin Media, Inc.",2868573,69849753,485BPOS,SEC,html-table,reported-as-of
2011-09-30,2012-01-30,2012-01-30_0001104659-12-005092_a11-30095_1485bpos.htm,NVIDIA Corp.,5509176,68864700,485BPOS,SEC,html-table,reported-as-of
2011-09-30,2012-01-30,2012-01-30_0001104659-12-005092_a11-30095_1485bpos.htm,Sigma-Aldrich Corp.,1114052,68837273,485BPOS,SEC,html-table,reported-as-of
2011-09-30,2012-01-30,2012-01-30_0001104659-12-005092_a11-30095_1485bpos.htm,"Xilinx, Inc.",2419916,66402495,485BPOS,SEC,html-table,reported-as-of
2011-09-30,2012-01-30,2012-01-30_0001104659-12-005092_a11-30095_1485bpos.htm,"Mylan, Inc.",3891673,66158441,485BPOS,SEC,html-table,reported-as-of
2011-09-30,2012-01-30,2012-01-30_0001104659-12-005092_a11-30095_1485bpos.htm,"Fiserv, Inc.",1292089,65599359,485BPOS,SEC,html-table,reported-as-of
2011-09-30,2012-01-30,2012-01-30_0001104659-12-005092_a11-30095_1485bpos.htm,"Stericycle, Inc.",785798,63429615,485BPOS,SEC,html-table,reported-as-of
2011-09-30,2012-01-30,2012-01-30_0001104659-12-005092_a11-30095_1485bpos.htm,Life Technologies Corp.,1646726,63283680,485BPOS,SEC,html-table,reported-as-of
2011-09-30,2012-01-30,2012-01-30_0001104659-12-005092_a11-30095_1485bpos.htm,"Maxim Integrated Products, Inc.",2690490,62769132,485BPOS,SEC,html-table,reported-as-of
2011-09-30,2012-01-30,2012-01-30_0001104659-12-005092_a11-30095_1485bpos.htm,"BMC Software, Inc.",1601887,61768763,485BPOS,SEC,html-table,reported-as-of
2011-09-30,2012-01-30,2012-01-30_0001104659-12-005092_a11-30095_1485bpos.htm,"Electronic Arts, Inc.",3011260,61580267,485BPOS,SEC,html-table,reported-as-of
2011-09-30,2012-01-30,2012-01-30_0001104659-12-005092_a11-30095_1485bpos.htm,"Joy Global, Inc.",958520,59792478,485BPOS,SEC,html-table,reported-as-of
2011-09-30,2012-01-30,2012-01-30_0001104659-12-005092_a11-30095_1485bpos.htm,"Expedia, Inc.",2269099,58429299,485BPOS,SEC,html-table,reported-as-of
2011-09-30,2012-01-30,2012-01-30_0001104659-12-005092_a11-30095_1485bpos.htm,KLA-Tencor Corp.,1524209,58346720,485BPOS,SEC,html-table,reported-as-of
2011-09-30,2012-01-30,2012-01-30_0001104659-12-005092_a11-30095_1485bpos.htm,"Autodesk, Inc.",2088113,58007779,485BPOS,SEC,html-table,reported-as-of
2011-09-30,2012-01-30,2012-01-30_0001104659-12-005092_a11-30095_1485bpos.htm,Linear Technology Corp.,2079871,57508433,485BPOS,SEC,html-table,reported-as-of
2011-09-30,2012-01-30,2012-01-30_0001104659-12-005092_a11-30095_1485bpos.htm,Garmin Ltd.,1772961,56326971,485BPOS,SEC,html-table,reported-as-of
2011-09-30,2012-01-30,2012-01-30_0001104659-12-005092_a11-30095_1485bpos.htm,Sears Holdings Corp.,973452,55992959,485BPOS,SEC,html-table,reported-as-of
2011-09-30,2012-01-30,2012-01-30_0001104659-12-005092_a11-30095_1485bpos.htm,"Sirius XM Radio, Inc.",36039938,54420306,485BPOS,SEC,html-table,reported-as-of
2011-09-30,2012-01-30,2012-01-30_0001104659-12-005092_a11-30095_1485bpos.htm,"NetFlix, Inc.",479372,54245735,485BPOS,SEC,html-table,reported-as-of
2011-09-30,2012-01-30,2012-01-30_0001104659-12-005092_a11-30095_1485bpos.htm,"Microchip Technology, Inc.",1739458,54114538,485BPOS,SEC,html-table,reported-as-of
2011-09-30,2012-01-30,2012-01-30_0001104659-12-005092_a11-30095_1485bpos.htm,"F5 Networks, Inc.",736746,52345803,485BPOS,SEC,html-table,reported-as-of
2011-09-30,2012-01-30,2012-01-30_0001104659-12-005092_a11-30095_1485bpos.htm,"Henry Schein, Inc.",843303,52293219,485BPOS,SEC,html-table,reported-as-of
2011-09-30,2012-01-30,2012-01-30_0001104659-12-005092_a11-30095_1485bpos.htm,"First Solar, Inc.",787643,49786914,485BPOS,SEC,html-table,reported-as-of
2011-09-30,2012-01-30,2012-01-30_0001104659-12-005092_a11-30095_1485bpos.htm,"Apollo Group, Inc., Class A",1253321,49644045,485BPOS,SEC,html-table,reported-as-of
2011-09-30,2012-01-30,2012-01-30_0001104659-12-005092_a11-30095_1485bpos.htm,"Illumina, Inc.",1134570,46426604,485BPOS,SEC,html-table,reported-as-of
2011-09-30,2012-01-30,2012-01-30_0001104659-12-005092_a11-30095_1485bpos.htm,"Micron Technology, Inc.",9162039,46176677,485BPOS,SEC,html-table,reported-as-of
2011-09-30,2012-01-30,2012-01-30_0001104659-12-005092_a11-30095_1485bpos.htm,"VeriSign, Inc.",1518820,43453440,485BPOS,SEC,html-table,reported-as-of
2011-09-30,2012-01-30,2012-01-30_0001104659-12-005092_a11-30095_1485bpos.htm,Ctrip.Com International Ltd. ADR,1339857,43089801,485BPOS,SEC,html-table,reported-as-of
2011-09-30,2012-01-30,2012-01-30_0001104659-12-005092_a11-30095_1485bpos.htm,Lam Research Corp.,1129710,42906386,485BPOS,SEC,html-table,reported-as-of
2011-09-30,2012-01-30,2012-01-30_0001104659-12-005092_a11-30095_1485bpos.htm,"NII Holdings, Inc.",1561395,42079595,485BPOS,SEC,html-table,reported-as-of
2011-09-30,2012-01-30,2012-01-30_0001104659-12-005092_a11-30095_1485bpos.htm,"DENTSPLY International, Inc.",1289982,39589548,485BPOS,SEC,html-table,reported-as-of
2011-09-30,2012-01-30,2012-01-30_0001104659-12-005092_a11-30095_1485bpos.htm,Seagate Technology PLC,3830070,39373120,485BPOS,SEC,html-table,reported-as-of
2011-09-30,2012-01-30,2012-01-30_0001104659-12-005092_a11-30095_1485bpos.htm,Infosys Technologies Ltd. ADR,768348,39239532,485BPOS,SEC,html-table,reported-as-of
2011-09-30,2012-01-30,2012-01-30_0001104659-12-005092_a11-30095_1485bpos.htm,Flextronics International Ltd.,6678852,37601937,485BPOS,SEC,html-table,reported-as-of
2011-09-30,2012-01-30,2012-01-30_0001104659-12-005092_a11-30095_1485bpos.htm,"FLIR Systems, Inc.",1457652,36514183,485BPOS,SEC,html-table,reported-as-of
2011-09-30,2012-01-30,2012-01-30_0001104659-12-005092_a11-30095_1485bpos.htm,"Akamai Technologies, Inc.",1682893,33455913,485BPOS,SEC,html-table,reported-as-of
2011-09-30,2012-01-30,2012-01-30_0001104659-12-005092_a11-30095_1485bpos.htm,"Warner Chilcott PLC, Class A",2317824,33144883,485BPOS,SEC,html-table,reported-as-of
2011-09-30,2012-01-30,2012-01-30_0001104659-12-005092_a11-30095_1485bpos.htm,"Urban Outfitters, Inc.",1438086,32098080,485BPOS,SEC,html-table,reported-as-of
2011-09-30,2012-01-30,2012-01-30_0001104659-12-005092_a11-30095_1485bpos.htm,QIAGEN NV,2134595,29521449,485BPOS,SEC,html-table,reported-as-of
2012-09-30,2013-01-31,2013-01-31_0001104659-13-006545_a12-28280_1485bpos.htm,"Apple, Inc.",10230261,6826243955,485BPOS,SEC,html-table,reported-as-of
2012-09-30,2013-01-31,2013-01-31_0001104659-13-006545_a12-28280_1485bpos.htm,Microsoft Corp.,91491541,2724618091,485BPOS,SEC,html-table,reported-as-of
2012-09-30,2013-01-31,2013-01-31_0001104659-13-006545_a12-28280_1485bpos.htm,"Google, Inc., Class A",2859023,2157132854,485BPOS,SEC,html-table,reported-as-of
2012-09-30,2013-01-31,2013-01-31_0001104659-13-006545_a12-28280_1485bpos.htm,Oracle Corp.,53285532,1677961403,485BPOS,SEC,html-table,reported-as-of
2012-09-30,2013-01-31,2013-01-31_0001104659-13-006545_a12-28280_1485bpos.htm,"Amazon.Com, Inc.",4933550,1254700436,485BPOS,SEC,html-table,reported-as-of
2012-09-30,2013-01-31,2013-01-31_0001104659-13-006545_a12-28280_1485bpos.htm,Intel Corp.,54599978,1238327501,485BPOS,SEC,html-table,reported-as-of
2012-09-30,2013-01-31,2013-01-31_0001104659-13-006545_a12-28280_1485bpos.htm,"QUALCOMM, Inc.",18589446,1161654481,485BPOS,SEC,html-table,reported-as-of
2012-09-30,2013-01-31,2013-01-31_0001104659-13-006545_a12-28280_1485bpos.htm,"Cisco Systems, Inc.",58461865,1116037003,485BPOS,SEC,html-table,reported-as-of
2012-09-30,2013-01-31,2013-01-31_0001104659-13-006545_a12-28280_1485bpos.htm,"Comcast Corp., Class A",23080310,825582689,485BPOS,SEC,html-table,reported-as-of
2012-09-30,2013-01-31,2013-01-31_0001104659-13-006545_a12-28280_1485bpos.htm,"Kraft Foods, Inc., Class A",19367486,800845546,485BPOS,SEC,html-table,reported-as-of
2012-09-30,2013-01-31,2013-01-31_0001104659-13-006545_a12-28280_1485bpos.htm,"Amgen, Inc.",8411729,709276989,485BPOS,SEC,html-table,reported-as-of
2012-09-30,2013-01-31,2013-01-31_0001104659-13-006545_a12-28280_1485bpos.htm,"eBay, Inc.",14063774,680827299,485BPOS,SEC,html-table,reported-as-of
2012-09-30,2013-01-31,2013-01-31_0001104659-13-006545_a12-28280_1485bpos.htm,Express Scripts Holding Co.,8847991,554503596,485BPOS,SEC,html-table,reported-as-of
2012-09-30,2013-01-31,2013-01-31_0001104659-13-006545_a12-28280_1485bpos.htm,"Gilead Sciences, Inc.",8256778,547672085,485BPOS,SEC,html-table,reported-as-of
2012-09-30,2013-01-31,2013-01-31_0001104659-13-006545_a12-28280_1485bpos.htm,Costco Wholesale Corp.,4718319,472421690,485BPOS,SEC,html-table,reported-as-of
2012-09-30,2013-01-31,2013-01-31_0001104659-13-006545_a12-28280_1485bpos.htm,Starbucks Corp.,8294173,420929280,485BPOS,SEC,html-table,reported-as-of
2012-09-30,2013-01-31,2013-01-31_0001104659-13-006545_a12-28280_1485bpos.htm,"News Corp., Class A",17121510,419990640,485BPOS,SEC,html-table,reported-as-of
2012-09-30,2013-01-31,2013-01-31_0001104659-13-006545_a12-28280_1485bpos.htm,"Biogen IDEC, Inc.",2579333,384913864,485BPOS,SEC,html-table,reported-as-of
2012-09-30,2013-01-31,2013-01-31_0001104659-13-006545_a12-28280_1485bpos.htm,Celgene Corp.,4708331,359716488,485BPOS,SEC,html-table,reported-as-of
2012-09-30,2013-01-31,2013-01-31_0001104659-13-006545_a12-28280_1485bpos.htm,DIRECTV,6852228,359467881,485BPOS,SEC,html-table,reported-as-of
2012-09-30,2013-01-31,2013-01-31_0001104659-13-006545_a12-28280_1485bpos.htm,"Baidu, Inc. ADR",2992390,349571000,485BPOS,SEC,html-table,reported-as-of
2012-09-30,2013-01-31,2013-01-31_0001104659-13-006545_a12-28280_1485bpos.htm,"Texas Instruments, Inc.",12416918,342086091,485BPOS,SEC,html-table,reported-as-of
2012-09-30,2013-01-31,2013-01-31_0001104659-13-006545_a12-28280_1485bpos.htm,"priceline.com, Inc.",543751,336435056,485BPOS,SEC,html-table,reported-as-of
2012-09-30,2013-01-31,2013-01-31_0001104659-13-006545_a12-28280_1485bpos.htm,"Automatic Data Processing, Inc.",5287639,310172904,485BPOS,SEC,html-table,reported-as-of
2012-09-30,2013-01-31,2013-01-31_0001104659-13-006545_a12-28280_1485bpos.htm,Vodafone Group PLC ADR,10369325,295473916,485BPOS,SEC,html-table,reported-as-of
2012-09-30,2013-01-31,2013-01-31_0001104659-13-006545_a12-28280_1485bpos.htm,"Viacom, Inc., Class B",5057776,271046216,485BPOS,SEC,html-table,reported-as-of
2012-09-30,2013-01-31,2013-01-31_0001104659-13-006545_a12-28280_1485bpos.htm,"Alexion Pharmaceuticals, Inc.",2106902,241029589,485BPOS,SEC,html-table,reported-as-of
2012-09-30,2013-01-31,2013-01-31_0001104659-13-006545_a12-28280_1485bpos.htm,"Cognizant Technology Solutions Corp., Class A",3258393,227826839,485BPOS,SEC,html-table,reported-as-of
2012-09-30,2013-01-31,2013-01-31_0001104659-13-006545_a12-28280_1485bpos.htm,"Intuitive Surgical, Inc.",435835,216012901,485BPOS,SEC,html-table,reported-as-of
2012-09-30,2013-01-31,2013-01-31_0001104659-13-006545_a12-28280_1485bpos.htm,"Yahoo!, Inc.",12928500,206532787,485BPOS,SEC,html-table,reported-as-of
2012-09-30,2013-01-31,2013-01-31_0001104659-13-006545_a12-28280_1485bpos.htm,"Whole Foods Market, Inc.",2015309,196291097,485BPOS,SEC,html-table,reported-as-of
2012-09-30,2013-01-31,2013-01-31_0001104659-13-006545_a12-28280_1485bpos.htm,"Broadcom Corp., Class A",5533063,191333319,485BPOS,SEC,html-table,reported-as-of
2012-09-30,2013-01-31,2013-01-31_0001104659-13-006545_a12-28280_1485bpos.htm,"Intuit, Inc.",3204891,188703982,485BPOS,SEC,html-table,reported-as-of
2012-09-30,2013-01-31,2013-01-31_0001104659-13-006545_a12-28280_1485bpos.htm,"Dell, Inc.",18930543,186655154,485BPOS,SEC,html-table,reported-as-of
2012-09-30,2013-01-31,2013-01-31_0001104659-13-006545_a12-28280_1485bpos.htm,"Adobe Systems, Inc.",5366827,174207204,485BPOS,SEC,html-table,reported-as-of
2012-09-30,2013-01-31,2013-01-31_0001104659-13-006545_a12-28280_1485bpos.htm,"Bed Bath & Beyond, Inc.",2533593,159616359,485BPOS,SEC,html-table,reported-as-of
2012-09-30,2013-01-31,2013-01-31_0001104659-13-006545_a12-28280_1485bpos.htm,"Ross Stores, Inc.",2461826,159033960,485BPOS,SEC,html-table,reported-as-of
2012-09-30,2013-01-31,2013-01-31_0001104659-13-006545_a12-28280_1485bpos.htm,"Citrix Systems, Inc.",2040442,156236644,485BPOS,SEC,html-table,reported-as-of
2012-09-30,2013-01-31,2013-01-31_0001104659-13-006545_a12-28280_1485bpos.htm,"PACCAR, Inc.",3858004,154416610,485BPOS,SEC,html-table,reported-as-of
2012-09-30,2013-01-31,2013-01-31_0001104659-13-006545_a12-28280_1485bpos.htm,"Applied Materials, Inc.",13505657,150790660,485BPOS,SEC,html-table,reported-as-of
2012-09-30,2013-01-31,2013-01-31_0001104659-13-006545_a12-28280_1485bpos.htm,Cerner Corp.,1868145,144613104,485BPOS,SEC,html-table,reported-as-of
2012-09-30,2013-01-31,2013-01-31_0001104659-13-006545_a12-28280_1485bpos.htm,Fastenal Co.,3232077,138946990,485BPOS,SEC,html-table,reported-as-of
2012-09-30,2013-01-31,2013-01-31_0001104659-13-006545_a12-28280_1485bpos.htm,Symantec Corp.,7660758,137893644,485BPOS,SEC,html-table,reported-as-of
2012-09-30,2013-01-31,2013-01-31_0001104659-13-006545_a12-28280_1485bpos.htm,"Activision Blizzard, Inc.",12125704,136777941,485BPOS,SEC,html-table,reported-as-of
2012-09-30,2013-01-31,2013-01-31_0001104659-13-006545_a12-28280_1485bpos.htm,Seagate Technology PLC,4384374,135915594,485BPOS,SEC,html-table,reported-as-of
2012-09-30,2013-01-31,2013-01-31_0001104659-13-006545_a12-28280_1485bpos.htm,"Mattel, Inc.",3720663,132009123,485BPOS,SEC,html-table,reported-as-of
2012-09-30,2013-01-31,2013-01-31_0001104659-13-006545_a12-28280_1485bpos.htm,"CA, Inc.",5118886,131888098,485BPOS,SEC,html-table,reported-as-of
2012-09-30,2013-01-31,2013-01-31_0001104659-13-006545_a12-28280_1485bpos.htm,"Paychex, Inc.",3958969,131794078,485BPOS,SEC,html-table,reported-as-of
2012-09-30,2013-01-31,2013-01-31_0001104659-13-006545_a12-28280_1485bpos.htm,"Vertex Pharmaceuticals, Inc.",2355198,131773328,485BPOS,SEC,html-table,reported-as-of
2012-09-30,2013-01-31,2013-01-31_0001104659-13-006545_a12-28280_1485bpos.htm,"NetApp, Inc.",3964999,130369167,485BPOS,SEC,html-table,reported-as-of
2012-09-30,2013-01-31,2013-01-31_0001104659-13-006545_a12-28280_1485bpos.htm,Wynn Resorts Ltd.,1097005,126638257,485BPOS,SEC,html-table,reported-as-of
2012-09-30,2013-01-31,2013-01-31_0001104659-13-006545_a12-28280_1485bpos.htm,"Dollar Tree, Inc.",2513652,121346550,485BPOS,SEC,html-table,reported-as-of
2012-09-30,2013-01-31,2013-01-31_0001104659-13-006545_a12-28280_1485bpos.htm,Altera Corp.,3491438,118656520,485BPOS,SEC,html-table,reported-as-of
2012-09-30,2013-01-31,2013-01-31_0001104659-13-006545_a12-28280_1485bpos.htm,Perrigo Co.,1020472,118548232,485BPOS,SEC,html-table,reported-as-of
2012-09-30,2013-01-31,2013-01-31_0001104659-13-006545_a12-28280_1485bpos.htm,SanDisk Corp.,2620381,113803147,485BPOS,SEC,html-table,reported-as-of
2012-09-30,2013-01-31,2013-01-31_0001104659-13-006545_a12-28280_1485bpos.htm,"Fiserv, Inc.",1480599,109608744,485BPOS,SEC,html-table,reported-as-of
2012-09-30,2013-01-31,2013-01-31_0001104659-13-006545_a12-28280_1485bpos.htm,"Sirius XM Radio, Inc.",41833595,108767347,485BPOS,SEC,html-table,reported-as-of
2012-09-30,2013-01-31,2013-01-31_0001104659-13-006545_a12-28280_1485bpos.htm,"O'reilly Automotive, Inc.",1297495,108496532,485BPOS,SEC,html-table,reported-as-of
2012-09-30,2013-01-31,2013-01-31_0001104659-13-006545_a12-28280_1485bpos.htm,"Mylan, Inc.",4429788,108086827,485BPOS,SEC,html-table,reported-as-of
2012-09-30,2013-01-31,2013-01-31_0001104659-13-006545_a12-28280_1485bpos.htm,Check Point Software Technologies Ltd.,2235139,107644294,485BPOS,SEC,html-table,reported-as-of
2012-09-30,2013-01-31,2013-01-31_0001104659-13-006545_a12-28280_1485bpos.htm,Monster Beverage Corp.,1925420,104280747,485BPOS,SEC,html-table,reported-as-of
2012-09-30,2013-01-31,2013-01-31_0001104659-13-006545_a12-28280_1485bpos.htm,"Liberty Interactive Corp., Class A",5622638,104018803,485BPOS,SEC,html-table,reported-as-of
2012-09-30,2013-01-31,2013-01-31_0001104659-13-006545_a12-28280_1485bpos.htm,"CH Robinson Worldwide, Inc.",1760640,103085472,485BPOS,SEC,html-table,reported-as-of
2012-09-30,2013-01-31,2013-01-31_0001104659-13-006545_a12-28280_1485bpos.htm,"Xilinx, Inc.",2861136,95590554,485BPOS,SEC,html-table,reported-as-of
2012-09-30,2013-01-31,2013-01-31_0001104659-13-006545_a12-28280_1485bpos.htm,Sigma-Aldrich Corp.,1317871,94847176,485BPOS,SEC,html-table,reported-as-of
2012-09-30,2013-01-31,2013-01-31_0001104659-13-006545_a12-28280_1485bpos.htm,Life Technologies Corp.,1913050,93509884,485BPOS,SEC,html-table,reported-as-of
2012-09-30,2013-01-31,2013-01-31_0001104659-13-006545_a12-28280_1485bpos.htm,Avago Technologies Ltd.,2672286,93169251,485BPOS,SEC,html-table,reported-as-of
2012-09-30,2013-01-31,2013-01-31_0001104659-13-006545_a12-28280_1485bpos.htm,"F5 Networks, Inc.",862519,90305739,485BPOS,SEC,html-table,reported-as-of
2012-09-30,2013-01-31,2013-01-31_0001104659-13-006545_a12-28280_1485bpos.htm,NVIDIA Corp.,6760583,90186177,485BPOS,SEC,html-table,reported-as-of
2012-09-30,2013-01-31,2013-01-31_0001104659-13-006545_a12-28280_1485bpos.htm,Garmin Ltd.,2126822,88773550,485BPOS,SEC,html-table,reported-as-of
2012-09-30,2013-01-31,2013-01-31_0001104659-13-006545_a12-28280_1485bpos.htm,KLA-Tencor Corp.,1817269,86692818,485BPOS,SEC,html-table,reported-as-of
2012-09-30,2013-01-31,2013-01-31_0001104659-13-006545_a12-28280_1485bpos.htm,"Virgin Media, Inc.",2914973,85816805,485BPOS,SEC,html-table,reported-as-of
2012-09-30,2013-01-31,2013-01-31_0001104659-13-006545_a12-28280_1485bpos.htm,"Staples, Inc.",7447086,85790431,485BPOS,SEC,html-table,reported-as-of
2012-09-30,2013-01-31,2013-01-31_0001104659-13-006545_a12-28280_1485bpos.htm,"Maxim Integrated Products, Inc.",3184778,84778790,485BPOS,SEC,html-table,reported-as-of
2012-09-30,2013-01-31,2013-01-31_0001104659-13-006545_a12-28280_1485bpos.htm,"Stericycle, Inc.",934714,84610311,485BPOS,SEC,html-table,reported-as-of
2012-09-30,2013-01-31,2013-01-31_0001104659-13-006545_a12-28280_1485bpos.htm,"Autodesk, Inc.",2507854,83687088,485BPOS,SEC,html-table,reported-as-of
2012-09-30,2013-01-31,2013-01-31_0001104659-13-006545_a12-28280_1485bpos.htm,"Nuance Communications, Inc.",3359812,83625721,485BPOS,SEC,html-table,reported-as-of
2012-09-30,2013-01-31,2013-01-31_0001104659-13-006545_a12-28280_1485bpos.htm,"Expeditors International of Washington, Inc.",2297724,83545245,485BPOS,SEC,html-table,reported-as-of
2012-09-30,2013-01-31,2013-01-31_0001104659-13-006545_a12-28280_1485bpos.htm,"VeriSign, Inc.",1706816,83104871,485BPOS,SEC,html-table,reported-as-of
2012-09-30,2013-01-31,2013-01-31_0001104659-13-006545_a12-28280_1485bpos.htm,Linear Technology Corp.,2513032,80040069,485BPOS,SEC,html-table,reported-as-of
2012-09-30,2013-01-31,2013-01-31_0001104659-13-006545_a12-28280_1485bpos.htm,"Expedia, Inc.",1341634,77600111,485BPOS,SEC,html-table,reported-as-of
2012-09-30,2013-01-31,2013-01-31_0001104659-13-006545_a12-28280_1485bpos.htm,"Henry Schein, Inc.",966137,76585680,485BPOS,SEC,html-table,reported-as-of
2012-09-30,2013-01-31,2013-01-31_0001104659-13-006545_a12-28280_1485bpos.htm,"Akamai Technologies, Inc.",1935000,74033100,485BPOS,SEC,html-table,reported-as-of
2012-09-30,2013-01-31,2013-01-31_0001104659-13-006545_a12-28280_1485bpos.htm,Randgold Resources Ltd. ADR,587451,72256473,485BPOS,SEC,html-table,reported-as-of
2012-09-30,2013-01-31,2013-01-31_0001104659-13-006545_a12-28280_1485bpos.htm,"BMC Software, Inc.",1740358,72207453,485BPOS,SEC,html-table,reported-as-of
2012-09-30,2013-01-31,2013-01-31_0001104659-13-006545_a12-28280_1485bpos.htm,"Microchip Technology, Inc.",2113891,69208791,485BPOS,SEC,html-table,reported-as-of
2012-09-30,2013-01-31,2013-01-31_0001104659-13-006545_a12-28280_1485bpos.htm,"Micron Technology, Inc.",11104589,66460965,485BPOS,SEC,html-table,reported-as-of
2012-09-30,2013-01-31,2013-01-31_0001104659-13-006545_a12-28280_1485bpos.htm,Sears Holdings Corp.,1154902,64085512,485BPOS,SEC,html-table,reported-as-of
2012-09-30,2013-01-31,2013-01-31_0001104659-13-006545_a12-28280_1485bpos.htm,Lam Research Corp.,1989131,63224529,485BPOS,SEC,html-table,reported-as-of
2012-09-30,2013-01-31,2013-01-31_0001104659-13-006545_a12-28280_1485bpos.htm,"DENTSPLY International, Inc.",1547394,59017607,485BPOS,SEC,html-table,reported-as-of
2012-09-30,2013-01-31,2013-01-31_0001104659-13-006545_a12-28280_1485bpos.htm,Marvell Technology Group Ltd.,6148720,56260788,485BPOS,SEC,html-table,reported-as-of
2012-09-30,2013-01-31,2013-01-31_0001104659-13-006545_a12-28280_1485bpos.htm,"Fossil, Inc.",663983,56239360,485BPOS,SEC,html-table,reported-as-of
2012-09-30,2013-01-31,2013-01-31_0001104659-13-006545_a12-28280_1485bpos.htm,"Electronic Arts, Inc.",3474797,44095174,485BPOS,SEC,html-table,reported-as-of
2012-09-30,2013-01-31,2013-01-31_0001104659-13-006545_a12-28280_1485bpos.htm,Flextronics International Ltd.,7262896,43577376,485BPOS,SEC,html-table,reported-as-of
2012-09-30,2013-01-31,2013-01-31_0001104659-13-006545_a12-28280_1485bpos.htm,Research In Motion Ltd.,5633536,42251520,485BPOS,SEC,html-table,reported-as-of
2012-09-30,2013-01-31,2013-01-31_0001104659-13-006545_a12-28280_1485bpos.htm,"Green Mountain Coffee Roasters, Inc.",1697353,40312134,485BPOS,SEC,html-table,reported-as-of
2012-09-30,2013-01-31,2013-01-31_0001104659-13-006545_a12-28280_1485bpos.htm,Infosys Technologies Ltd. ADR,812036,39416227,485BPOS,SEC,html-table,reported-as-of
2012-09-30,2013-01-31,2013-01-31_0001104659-13-006545_a12-28280_1485bpos.htm,"Warner Chilcott PLC, Class A",2749861,37123124,485BPOS,SEC,html-table,reported-as-of
2012-09-30,2013-01-31,2013-01-31_0001104659-13-006545_a12-28280_1485bpos.htm,"Apollo Group, Inc., Class A",1232192,35795178,485BPOS,SEC,html-table,reported-as-of
2012-09-30,2013-01-31,2013-01-31_0001104659-13-006545_a12-28280_1485bpos.htm,"NetFlix, Inc.",606072,32994560,485BPOS,SEC,html-table,reported-as-of
2013-09-30,2014-01-30,2014-01-30_0001104659-14-005312_a14-1316_1485bpos.htm,"Apple, Inc.",9625722,4589062963,485BPOS,SEC,html-table,reported-as-of
2013-09-30,2014-01-30,2014-01-30_0001104659-14-005312_a14-1316_1485bpos.htm,Microsoft Corp.,88257667,2939862888,485BPOS,SEC,html-table,reported-as-of
2013-09-30,2014-01-30,2014-01-30_0001104659-14-005312_a14-1316_1485bpos.htm,"Google, Inc., Class A",2902388,2542230673,485BPOS,SEC,html-table,reported-as-of
2013-09-30,2014-01-30,2014-01-30_0001104659-14-005312_a14-1316_1485bpos.htm,"Amazon.com, Inc.",4840746,1513410829,485BPOS,SEC,html-table,reported-as-of
2013-09-30,2014-01-30,2014-01-30_0001104659-14-005312_a14-1316_1485bpos.htm,"Cisco Systems, Inc.",56624370,1326142745,485BPOS,SEC,html-table,reported-as-of
2013-09-30,2014-01-30,2014-01-30_0001104659-14-005312_a14-1316_1485bpos.htm,"QUALCOMM, Inc.",18175324,1224289825,485BPOS,SEC,html-table,reported-as-of
2013-09-30,2014-01-30,2014-01-30_0001104659-14-005312_a14-1316_1485bpos.htm,Intel Corp.,52785330,1209839764,485BPOS,SEC,html-table,reported-as-of
2013-09-30,2014-01-30,2014-01-30_0001104659-14-005312_a14-1316_1485bpos.htm,"Comcast Corp., Class A",22605960,1020659094,485BPOS,SEC,html-table,reported-as-of
2013-09-30,2014-01-30,2014-01-30_0001104659-14-005312_a14-1316_1485bpos.htm,"Gilead Sciences, Inc.",16217319,1019096326,485BPOS,SEC,html-table,reported-as-of
2013-09-30,2014-01-30,2014-01-30_0001104659-14-005312_a14-1316_1485bpos.htm,"Facebook, Inc., Class A",19256960,967469670,485BPOS,SEC,html-table,reported-as-of
2013-09-30,2014-01-30,2014-01-30_0001104659-14-005312_a14-1316_1485bpos.htm,"Amgen, Inc.",7981932,893497468,485BPOS,SEC,html-table,reported-as-of
2013-09-30,2014-01-30,2014-01-30_0001104659-14-005312_a14-1316_1485bpos.htm,"eBay, Inc.",13715836,765206490,485BPOS,SEC,html-table,reported-as-of
2013-09-30,2014-01-30,2014-01-30_0001104659-14-005312_a14-1316_1485bpos.htm,Celgene Corp.,4357543,670756594,485BPOS,SEC,html-table,reported-as-of
2013-09-30,2014-01-30,2014-01-30_0001104659-14-005312_a14-1316_1485bpos.htm,Starbucks Corp.,7961218,612774949,485BPOS,SEC,html-table,reported-as-of
2013-09-30,2014-01-30,2014-01-30_0001104659-14-005312_a14-1316_1485bpos.htm,"Biogen IDEC, Inc.",2518138,606266905,485BPOS,SEC,html-table,reported-as-of
2013-09-30,2014-01-30,2014-01-30_0001104659-14-005312_a14-1316_1485bpos.htm,"Mondelez International, Inc., Class A",18866545,592786844,485BPOS,SEC,html-table,reported-as-of
2013-09-30,2014-01-30,2014-01-30_0001104659-14-005312_a14-1316_1485bpos.htm,"priceline.com, Inc.",545648,551622846,485BPOS,SEC,html-table,reported-as-of
2013-09-30,2014-01-30,2014-01-30_0001104659-14-005312_a14-1316_1485bpos.htm,"Twenty-First Century Fox, Inc.",16082002,538747067,485BPOS,SEC,html-table,reported-as-of
2013-09-30,2014-01-30,2014-01-30_0001104659-14-005312_a14-1316_1485bpos.htm,Express Scripts Holding Co.,8626582,532950236,485BPOS,SEC,html-table,reported-as-of
2013-09-30,2014-01-30,2014-01-30_0001104659-14-005312_a14-1316_1485bpos.htm,Costco Wholesale Corp.,4626777,532634568,485BPOS,SEC,html-table,reported-as-of
2013-09-30,2014-01-30,2014-01-30_0001104659-14-005312_a14-1316_1485bpos.htm,"Texas Instruments, Inc.",11667123,469835043,485BPOS,SEC,html-table,reported-as-of
2013-09-30,2014-01-30,2014-01-30_0001104659-14-005312_a14-1316_1485bpos.htm,"Baidu, Inc. ADR",2910599,451666753,485BPOS,SEC,html-table,reported-as-of
2013-09-30,2014-01-30,2014-01-30_0001104659-14-005312_a14-1316_1485bpos.htm,"Viacom, Inc., Class B",4511212,377047099,485BPOS,SEC,html-table,reported-as-of
2013-09-30,2014-01-30,2014-01-30_0001104659-14-005312_a14-1316_1485bpos.htm,Vodafone Group PLC ADR,10672316,375452077,485BPOS,SEC,html-table,reported-as-of
2013-09-30,2014-01-30,2014-01-30_0001104659-14-005312_a14-1316_1485bpos.htm,"Automatic Data Processing, Inc.",5115603,370267345,485BPOS,SEC,html-table,reported-as-of
2013-09-30,2014-01-30,2014-01-30_0001104659-14-005312_a14-1316_1485bpos.htm,"Yahoo!, Inc.",10810492,358475915,485BPOS,SEC,html-table,reported-as-of
2013-09-30,2014-01-30,2014-01-30_0001104659-14-005312_a14-1316_1485bpos.htm,DIRECTV,5816698,347547705,485BPOS,SEC,html-table,reported-as-of
2013-09-30,2014-01-30,2014-01-30_0001104659-14-005312_a14-1316_1485bpos.htm,"Kraft Foods Group, Inc.",6310060,330899546,485BPOS,SEC,html-table,reported-as-of
2013-09-30,2014-01-30,2014-01-30_0001104659-14-005312_a14-1316_1485bpos.htm,"Regeneron Pharmaceuticals, Inc.",1024675,320590067,485BPOS,SEC,html-table,reported-as-of
2013-09-30,2014-01-30,2014-01-30_0001104659-14-005312_a14-1316_1485bpos.htm,"Adobe Systems, Inc.",5321539,276400736,485BPOS,SEC,html-table,reported-as-of
2013-09-30,2014-01-30,2014-01-30_0001104659-14-005312_a14-1316_1485bpos.htm,"Cognizant Technology Solutions Corp., Class A",3193030,262211624,485BPOS,SEC,html-table,reported-as-of
2013-09-30,2014-01-30,2014-01-30_0001104659-14-005312_a14-1316_1485bpos.htm,"Dell, Inc.",18630247,256538501,485BPOS,SEC,html-table,reported-as-of
2013-09-30,2014-01-30,2014-01-30_0001104659-14-005312_a14-1316_1485bpos.htm,"Sirius XM Radio, Inc.",65788469,254601375,485BPOS,SEC,html-table,reported-as-of
2013-09-30,2014-01-30,2014-01-30_0001104659-14-005312_a14-1316_1485bpos.htm,"Tesla Motors, Inc.",1286799,248892663,485BPOS,SEC,html-table,reported-as-of
2013-09-30,2014-01-30,2014-01-30_0001104659-14-005312_a14-1316_1485bpos.htm,"Alexion Pharmaceuticals, Inc.",2071925,240674808,485BPOS,SEC,html-table,reported-as-of
2013-09-30,2014-01-30,2014-01-30_0001104659-14-005312_a14-1316_1485bpos.htm,"Whole Foods Market, Inc.",3946861,230891369,485BPOS,SEC,html-table,reported-as-of
2013-09-30,2014-01-30,2014-01-30_0001104659-14-005312_a14-1316_1485bpos.htm,"Applied Materials, Inc.",12744186,223533022,485BPOS,SEC,html-table,reported-as-of
2013-09-30,2014-01-30,2014-01-30_0001104659-14-005312_a14-1316_1485bpos.htm,"PACCAR, Inc.",3750401,208747320,485BPOS,SEC,html-table,reported-as-of
2013-09-30,2014-01-30,2014-01-30_0001104659-14-005312_a14-1316_1485bpos.htm,"Intuit, Inc.",3145937,208607082,485BPOS,SEC,html-table,reported-as-of
2013-09-30,2014-01-30,2014-01-30_0001104659-14-005312_a14-1316_1485bpos.htm,"Activision Blizzard, Inc.",11860864,197720603,485BPOS,SEC,html-table,reported-as-of
2013-09-30,2014-01-30,2014-01-30_0001104659-14-005312_a14-1316_1485bpos.htm,"Netflix, Inc.",624278,193033000,485BPOS,SEC,html-table,reported-as-of
2013-09-30,2014-01-30,2014-01-30_0001104659-14-005312_a14-1316_1485bpos.htm,"Micron Technology, Inc.",11002856,192219894,485BPOS,SEC,html-table,reported-as-of
2013-09-30,2014-01-30,2014-01-30_0001104659-14-005312_a14-1316_1485bpos.htm,Cerner Corp.,3635315,191035803,485BPOS,SEC,html-table,reported-as-of
2013-09-30,2014-01-30,2014-01-30_0001104659-14-005312_a14-1316_1485bpos.htm,"Liberty Global PLC, Class A",2365755,187722659,485BPOS,SEC,html-table,reported-as-of
2013-09-30,2014-01-30,2014-01-30_0001104659-14-005312_a14-1316_1485bpos.htm,"Vertex Pharmaceuticals, Inc.",2466679,187023602,485BPOS,SEC,html-table,reported-as-of
2013-09-30,2014-01-30,2014-01-30_0001104659-14-005312_a14-1316_1485bpos.htm,Symantec Corp.,7410224,183403044,485BPOS,SEC,html-table,reported-as-of
2013-09-30,2014-01-30,2014-01-30_0001104659-14-005312_a14-1316_1485bpos.htm,"Bed Bath & Beyond, Inc.",2307246,178488551,485BPOS,SEC,html-table,reported-as-of
2013-09-30,2014-01-30,2014-01-30_0001104659-14-005312_a14-1316_1485bpos.htm,"Liberty Media Corp., Class A",1172243,172495557,485BPOS,SEC,html-table,reported-as-of
2013-09-30,2014-01-30,2014-01-30_0001104659-14-005312_a14-1316_1485bpos.htm,Wynn Resorts Ltd.,1071141,169250989,485BPOS,SEC,html-table,reported-as-of
2013-09-30,2014-01-30,2014-01-30_0001104659-14-005312_a14-1316_1485bpos.htm,"Ross Stores, Inc.",2316910,168671048,485BPOS,SEC,html-table,reported-as-of
2013-09-30,2014-01-30,2014-01-30_0001104659-14-005312_a14-1316_1485bpos.htm,Seagate Technology PLC,3780568,165362044,485BPOS,SEC,html-table,reported-as-of
2013-09-30,2014-01-30,2014-01-30_0001104659-14-005312_a14-1316_1485bpos.htm,Western Digital Corp.,2511001,159197463,485BPOS,SEC,html-table,reported-as-of
2013-09-30,2014-01-30,2014-01-30_0001104659-14-005312_a14-1316_1485bpos.htm,"Intuitive Surgical, Inc.",420711,158300928,485BPOS,SEC,html-table,reported-as-of
2013-09-30,2014-01-30,2014-01-30_0001104659-14-005312_a14-1316_1485bpos.htm,Fastenal Co.,3145339,158053285,485BPOS,SEC,html-table,reported-as-of
2013-09-30,2014-01-30,2014-01-30_0001104659-14-005312_a14-1316_1485bpos.htm,"Paychex, Inc.",3872860,157393030,485BPOS,SEC,html-table,reported-as-of
2013-09-30,2014-01-30,2014-01-30_0001104659-14-005312_a14-1316_1485bpos.htm,"Analog Devices, Inc.",3291806,154879472,485BPOS,SEC,html-table,reported-as-of
2013-09-30,2014-01-30,2014-01-30_0001104659-14-005312_a14-1316_1485bpos.htm,"Mylan, Inc.",4045375,154411964,485BPOS,SEC,html-table,reported-as-of
2013-09-30,2014-01-30,2014-01-30_0001104659-14-005312_a14-1316_1485bpos.htm,"NetApp, Inc.",3603317,153573371,485BPOS,SEC,html-table,reported-as-of
2013-09-30,2014-01-30,2014-01-30_0001104659-14-005312_a14-1316_1485bpos.htm,"Mattel, Inc.",3650606,152814367,485BPOS,SEC,html-table,reported-as-of
2013-09-30,2014-01-30,2014-01-30_0001104659-14-005312_a14-1316_1485bpos.htm,SanDisk Corp.,2546939,151568340,485BPOS,SEC,html-table,reported-as-of
2013-09-30,2014-01-30,2014-01-30_0001104659-14-005312_a14-1316_1485bpos.htm,"O'Reilly Automotive, Inc.",1150179,146751339,485BPOS,SEC,html-table,reported-as-of
2013-09-30,2014-01-30,2014-01-30_0001104659-14-005312_a14-1316_1485bpos.htm,"Broadcom Corp., Class A",5604828,145781576,485BPOS,SEC,html-table,reported-as-of
2013-09-30,2014-01-30,2014-01-30_0001104659-14-005312_a14-1316_1485bpos.htm,"Charter Communications, Inc., Class A",1074816,144842204,485BPOS,SEC,html-table,reported-as-of
2013-09-30,2014-01-30,2014-01-30_0001104659-14-005312_a14-1316_1485bpos.htm,"CA, Inc.",4827445,143230293,485BPOS,SEC,html-table,reported-as-of
2013-09-30,2014-01-30,2014-01-30_0001104659-14-005312_a14-1316_1485bpos.htm,"Citrix Systems, Inc.",1985337,140184646,485BPOS,SEC,html-table,reported-as-of
2013-09-30,2014-01-30,2014-01-30_0001104659-14-005312_a14-1316_1485bpos.htm,"Fiserv, Inc.",1378312,139278428,485BPOS,SEC,html-table,reported-as-of
2013-09-30,2014-01-30,2014-01-30_0001104659-14-005312_a14-1316_1485bpos.htm,"Dollar Tree, Inc.",2362766,135055705,485BPOS,SEC,html-table,reported-as-of
2013-09-30,2014-01-30,2014-01-30_0001104659-14-005312_a14-1316_1485bpos.htm,"Xilinx, Inc.",2821464,132213803,485BPOS,SEC,html-table,reported-as-of
2013-09-30,2014-01-30,2014-01-30_0001104659-14-005312_a14-1316_1485bpos.htm,"Discovery Communications, Inc., Class A",1559838,131681524,485BPOS,SEC,html-table,reported-as-of
2013-09-30,2014-01-30,2014-01-30_0001104659-14-005312_a14-1316_1485bpos.htm,Altera Corp.,3384865,125781583,485BPOS,SEC,html-table,reported-as-of
2013-09-30,2014-01-30,2014-01-30_0001104659-14-005312_a14-1316_1485bpos.htm,"Liberty Interactive Corp., Class A",5207689,122224461,485BPOS,SEC,html-table,reported-as-of
2013-09-30,2014-01-30,2014-01-30_0001104659-14-005312_a14-1316_1485bpos.htm,"Green Mountain Coffee Roasters, Inc.",1597090,120308790,485BPOS,SEC,html-table,reported-as-of
2013-09-30,2014-01-30,2014-01-30_0001104659-14-005312_a14-1316_1485bpos.htm,Check Point Software Technologies Ltd.,2081235,117714652,485BPOS,SEC,html-table,reported-as-of
2013-09-30,2014-01-30,2014-01-30_0001104659-14-005312_a14-1316_1485bpos.htm,"Verisk Analytics, Inc., Class A",1779057,115567543,485BPOS,SEC,html-table,reported-as-of
2013-09-30,2014-01-30,2014-01-30_0001104659-14-005312_a14-1316_1485bpos.htm,"Avago Technologies Ltd., Class A",2616077,112805240,485BPOS,SEC,html-table,reported-as-of
2013-09-30,2014-01-30,2014-01-30_0001104659-14-005312_a14-1316_1485bpos.htm,"SBA Communications Corp., Class A",1353907,108935357,485BPOS,SEC,html-table,reported-as-of
2013-09-30,2014-01-30,2014-01-30_0001104659-14-005312_a14-1316_1485bpos.htm,Sigma-Aldrich Corp.,1273914,108664864,485BPOS,SEC,html-table,reported-as-of
2013-09-30,2014-01-30,2014-01-30_0001104659-14-005312_a14-1316_1485bpos.htm,KLA-Tencor Corp.,1755956,106849923,485BPOS,SEC,html-table,reported-as-of
2013-09-30,2014-01-30,2014-01-30_0001104659-14-005312_a14-1316_1485bpos.htm,"Stericycle, Inc.",910025,105016885,485BPOS,SEC,html-table,reported-as-of
2013-09-30,2014-01-30,2014-01-30_0001104659-14-005312_a14-1316_1485bpos.htm,"Staples, Inc.",6998053,102521476,485BPOS,SEC,html-table,reported-as-of
2013-09-30,2014-01-30,2014-01-30_0001104659-14-005312_a14-1316_1485bpos.htm,"CH Robinson Worldwide, Inc.",1688270,100553361,485BPOS,SEC,html-table,reported-as-of
2013-09-30,2014-01-30,2014-01-30_0001104659-14-005312_a14-1316_1485bpos.htm,Catamaran Corp.,2184075,100358246,485BPOS,SEC,html-table,reported-as-of
2013-09-30,2014-01-30,2014-01-30_0001104659-14-005312_a14-1316_1485bpos.htm,Linear Technology Corp.,2470753,97990064,485BPOS,SEC,html-table,reported-as-of
2013-09-30,2014-01-30,2014-01-30_0001104659-14-005312_a14-1316_1485bpos.htm,"Akamai Technologies, Inc.",1887574,97587576,485BPOS,SEC,html-table,reported-as-of
2013-09-30,2014-01-30,2014-01-30_0001104659-14-005312_a14-1316_1485bpos.htm,"Autodesk, Inc.",2357439,97055764,485BPOS,SEC,html-table,reported-as-of
2013-09-30,2014-01-30,2014-01-30_0001104659-14-005312_a14-1316_1485bpos.htm,"Expeditors International of Washington, Inc.",2186836,96351994,485BPOS,SEC,html-table,reported-as-of
2013-09-30,2014-01-30,2014-01-30_0001104659-14-005312_a14-1316_1485bpos.htm,"Equinix, Inc.",523564,96152529,485BPOS,SEC,html-table,reported-as-of
2013-09-30,2014-01-30,2014-01-30_0001104659-14-005312_a14-1316_1485bpos.htm,NVIDIA Corp.,6130371,95388573,485BPOS,SEC,html-table,reported-as-of
2013-09-30,2014-01-30,2014-01-30_0001104659-14-005312_a14-1316_1485bpos.htm,"Henry Schein, Inc.",916370,95027569,485BPOS,SEC,html-table,reported-as-of
2013-09-30,2014-01-30,2014-01-30_0001104659-14-005312_a14-1316_1485bpos.htm,Garmin Ltd.,2069399,93516141,485BPOS,SEC,html-table,reported-as-of
2013-09-30,2014-01-30,2014-01-30_0001104659-14-005312_a14-1316_1485bpos.htm,Monster Beverage Corp.,1773685,92675041,485BPOS,SEC,html-table,reported-as-of
2013-09-30,2014-01-30,2014-01-30_0001104659-14-005312_a14-1316_1485bpos.htm,"Maxim Integrated Products, Inc.",3018406,89948499,485BPOS,SEC,html-table,reported-as-of
2013-09-30,2014-01-30,2014-01-30_0001104659-14-005312_a14-1316_1485bpos.htm,"Microchip Technology, Inc.",2090441,84223868,485BPOS,SEC,html-table,reported-as-of
2013-09-30,2014-01-30,2014-01-30_0001104659-14-005312_a14-1316_1485bpos.htm,"F5 Networks, Inc.",829614,71147697,485BPOS,SEC,html-table,reported-as-of
2013-09-30,2014-01-30,2014-01-30_0001104659-14-005312_a14-1316_1485bpos.htm,"Fossil Group, Inc.",598294,69545695,485BPOS,SEC,html-table,reported-as-of
2013-09-30,2014-01-30,2014-01-30_0001104659-14-005312_a14-1316_1485bpos.htm,"Expedia, Inc.",1305238,67598276,485BPOS,SEC,html-table,reported-as-of
2013-09-30,2014-01-30,2014-01-30_0001104659-14-005312_a14-1316_1485bpos.htm,Sears Holdings Corp.,1128024,67275351,485BPOS,SEC,html-table,reported-as-of
2013-09-30,2014-01-30,2014-01-30_0001104659-14-005312_a14-1316_1485bpos.htm,"DENTSPLY International, Inc.",1507525,65441660,485BPOS,SEC,html-table,reported-as-of
2013-09-30,2014-01-30,2014-01-30_0001104659-14-005312_a14-1316_1485bpos.htm,"Nuance Communications, Inc.",3287995,61469067,485BPOS,SEC,html-table,reported-as-of
2013-09-30,2014-01-30,2014-01-30_0001104659-14-005312_a14-1316_1485bpos.htm,Randgold Resources Ltd. ADR,525149,37563909,485BPOS,SEC,html-table,reported-as-of
2014-09-30,2015-01-28,2015-01-28_0001104659-15-004817_a15-1379_1485bpos.htm,"Apple, Inc.",55860972,5627992929,485BPOS,SEC,html-table,reported-as-of
2014-09-30,2015-01-28,2015-01-28_0001104659-15-004817_a15-1379_1485bpos.htm,Microsoft Corp.,76869678,3563678272,485BPOS,SEC,html-table,reported-as-of
2014-09-30,2015-01-28,2015-01-28_0001104659-15-004817_a15-1379_1485bpos.htm,"Google, Inc., Class C",3155178,1821673570,485BPOS,SEC,html-table,reported-as-of
2014-09-30,2015-01-28,2015-01-28_0001104659-15-004817_a15-1379_1485bpos.htm,Intel Corp.,46187952,1608264489,485BPOS,SEC,html-table,reported-as-of
2014-09-30,2015-01-28,2015-01-28_0001104659-15-004817_a15-1379_1485bpos.htm,"Google, Inc., Class A",2643444,1555428884,485BPOS,SEC,html-table,reported-as-of
2014-09-30,2015-01-28,2015-01-28_0001104659-15-004817_a15-1379_1485bpos.htm,"Gilead Sciences, Inc.",14102424,1501203035,485BPOS,SEC,html-table,reported-as-of
2014-09-30,2015-01-28,2015-01-28_0001104659-15-004817_a15-1379_1485bpos.htm,"Facebook, Inc., Class A",18798426,1485827591,485BPOS,SEC,html-table,reported-as-of
2014-09-30,2015-01-28,2015-01-28_0001104659-15-004817_a15-1379_1485bpos.htm,"Amazon.Com, Inc.",4310300,1389813132,485BPOS,SEC,html-table,reported-as-of
2014-09-30,2015-01-28,2015-01-28_0001104659-15-004817_a15-1379_1485bpos.htm,"Cisco Systems, Inc.",47789634,1202865088,485BPOS,SEC,html-table,reported-as-of
2014-09-30,2015-01-28,2015-01-28_0001104659-15-004817_a15-1379_1485bpos.htm,"QUALCOMM, Inc.",15635661,1169078373,485BPOS,SEC,html-table,reported-as-of
2014-09-30,2015-01-28,2015-01-28_0001104659-15-004817_a15-1379_1485bpos.htm,"Comcast Corp., Class A",20053467,1078475455,485BPOS,SEC,html-table,reported-as-of
2014-09-30,2015-01-28,2015-01-28_0001104659-15-004817_a15-1379_1485bpos.htm,"Amgen, Inc.",7086415,995357851,485BPOS,SEC,html-table,reported-as-of
2014-09-30,2015-01-28,2015-01-28_0001104659-15-004817_a15-1379_1485bpos.htm,"Biogen IDEC, Inc.",2203043,728788655,485BPOS,SEC,html-table,reported-as-of
2014-09-30,2015-01-28,2015-01-28_0001104659-15-004817_a15-1379_1485bpos.htm,Celgene Corp.,7458633,706929236,485BPOS,SEC,html-table,reported-as-of
2014-09-30,2015-01-28,2015-01-28_0001104659-15-004817_a15-1379_1485bpos.htm,"eBay, Inc.",11579323,655737061,485BPOS,SEC,html-table,reported-as-of
2014-09-30,2015-01-28,2015-01-28_0001104659-15-004817_a15-1379_1485bpos.htm,"Priceline Group, Inc.",489328,566925634,485BPOS,SEC,html-table,reported-as-of
2014-09-30,2015-01-28,2015-01-28_0001104659-15-004817_a15-1379_1485bpos.htm,"Baidu, Inc. ADR",2582380,563552787,485BPOS,SEC,html-table,reported-as-of
2014-09-30,2015-01-28,2015-01-28_0001104659-15-004817_a15-1379_1485bpos.htm,"Mondelez International, Inc., Class A",15727667,538908510,485BPOS,SEC,html-table,reported-as-of
2014-09-30,2015-01-28,2015-01-28_0001104659-15-004817_a15-1379_1485bpos.htm,Starbucks Corp.,7007962,528820813,485BPOS,SEC,html-table,reported-as-of
2014-09-30,2015-01-28,2015-01-28_0001104659-15-004817_a15-1379_1485bpos.htm,Costco Wholesale Corp.,4088827,512411800,485BPOS,SEC,html-table,reported-as-of
2014-09-30,2015-01-28,2015-01-28_0001104659-15-004817_a15-1379_1485bpos.htm,Express Scripts Holding Co.,6954288,491181361,485BPOS,SEC,html-table,reported-as-of
2014-09-30,2015-01-28,2015-01-28_0001104659-15-004817_a15-1379_1485bpos.htm,"Texas Instruments, Inc.",9959269,474957539,485BPOS,SEC,html-table,reported-as-of
2014-09-30,2015-01-28,2015-01-28_0001104659-15-004817_a15-1379_1485bpos.htm,"Twenty-First Century Fox, Inc., Class A",12981631,445140127,485BPOS,SEC,html-table,reported-as-of
2014-09-30,2015-01-28,2015-01-28_0001104659-15-004817_a15-1379_1485bpos.htm,DIRECTV,4685257,405368436,485BPOS,SEC,html-table,reported-as-of
2014-09-30,2015-01-28,2015-01-28_0001104659-15-004817_a15-1379_1485bpos.htm,"Yahoo!, Inc.",9278719,378107799,485BPOS,SEC,html-table,reported-as-of
2014-09-30,2015-01-28,2015-01-28_0001104659-15-004817_a15-1379_1485bpos.htm,"Micron Technology, Inc.",9989707,342247362,485BPOS,SEC,html-table,reported-as-of
2014-09-30,2015-01-28,2015-01-28_0001104659-15-004817_a15-1379_1485bpos.htm,"Regeneron Pharmaceuticals, Inc.",924427,333274422,485BPOS,SEC,html-table,reported-as-of
2014-09-30,2015-01-28,2015-01-28_0001104659-15-004817_a15-1379_1485bpos.htm,"Automatic Data Processing, Inc. when-issued",4481812,326655190,485BPOS,SEC,html-table,reported-as-of
2014-09-30,2015-01-28,2015-01-28_0001104659-15-004817_a15-1379_1485bpos.htm,"Adobe Systems, Inc.",4640052,321045198,485BPOS,SEC,html-table,reported-as-of
2014-09-30,2015-01-28,2015-01-28_0001104659-15-004817_a15-1379_1485bpos.htm,"Kraft Foods Group, Inc.",5541164,312521650,485BPOS,SEC,html-table,reported-as-of
2014-09-30,2015-01-28,2015-01-28_0001104659-15-004817_a15-1379_1485bpos.htm,"Alexion Pharmaceuticals, Inc.",1845471,306016001,485BPOS,SEC,html-table,reported-as-of
2014-09-30,2015-01-28,2015-01-28_0001104659-15-004817_a15-1379_1485bpos.htm,"Tesla Motors, Inc.",1162715,282167676,485BPOS,SEC,html-table,reported-as-of
2014-09-30,2015-01-28,2015-01-28_0001104659-15-004817_a15-1379_1485bpos.htm,"Viacom, Inc., Class B",3471070,267064126,485BPOS,SEC,html-table,reported-as-of
2014-09-30,2015-01-28,2015-01-28_0001104659-15-004817_a15-1379_1485bpos.htm,"Cognizant Technology Solutions Corp., Class A",5671364,253906966,485BPOS,SEC,html-table,reported-as-of
2014-09-30,2015-01-28,2015-01-28_0001104659-15-004817_a15-1379_1485bpos.htm,"NetFlix, Inc.",560564,252915265,485BPOS,SEC,html-table,reported-as-of
2014-09-30,2015-01-28,2015-01-28_0001104659-15-004817_a15-1379_1485bpos.htm,"Vertex Pharmaceuticals, Inc.",2221016,249442307,485BPOS,SEC,html-table,reported-as-of
2014-09-30,2015-01-28,2015-01-28_0001104659-15-004817_a15-1379_1485bpos.htm,"Applied Materials, Inc.",11366453,245629049,485BPOS,SEC,html-table,reported-as-of
2014-09-30,2015-01-28,2015-01-28_0001104659-15-004817_a15-1379_1485bpos.htm,"Intuit, Inc.",2648349,232127790,485BPOS,SEC,html-table,reported-as-of
2014-09-30,2015-01-28,2015-01-28_0001104659-15-004817_a15-1379_1485bpos.htm,"Illumina, Inc.",1300415,213164027,485BPOS,SEC,html-table,reported-as-of
2014-09-30,2015-01-28,2015-01-28_0001104659-15-004817_a15-1379_1485bpos.htm,Western Digital Corp.,2183103,212459584,485BPOS,SEC,html-table,reported-as-of
2014-09-30,2015-01-28,2015-01-28_0001104659-15-004817_a15-1379_1485bpos.htm,SanDisk Corp.,2091877,204899352,485BPOS,SEC,html-table,reported-as-of
2014-09-30,2015-01-28,2015-01-28_0001104659-15-004817_a15-1379_1485bpos.htm,"Avago Technologies Ltd., Class A",2348323,204304101,485BPOS,SEC,html-table,reported-as-of
2014-09-30,2015-01-28,2015-01-28_0001104659-15-004817_a15-1379_1485bpos.htm,"Broadcom Corp., Class A",5047299,204011826,485BPOS,SEC,html-table,reported-as-of
2014-09-30,2015-01-28,2015-01-28_0001104659-15-004817_a15-1379_1485bpos.htm,"Keurig Green Mountain, Inc.",1515214,197174798,485BPOS,SEC,html-table,reported-as-of
2014-09-30,2015-01-28,2015-01-28_0001104659-15-004817_a15-1379_1485bpos.htm,Cerner Corp.,3181720,189535060,485BPOS,SEC,html-table,reported-as-of
2014-09-30,2015-01-28,2015-01-28_0001104659-15-004817_a15-1379_1485bpos.htm,"Marriott International, Inc., Class A",2710728,189479887,485BPOS,SEC,html-table,reported-as-of
2014-09-30,2015-01-28,2015-01-28_0001104659-15-004817_a15-1379_1485bpos.htm,"PACCAR, Inc.",3309668,188237367,485BPOS,SEC,html-table,reported-as-of
2014-09-30,2015-01-28,2015-01-28_0001104659-15-004817_a15-1379_1485bpos.htm,"Sirius XM Holdings, Inc.",52913007,184666394,485BPOS,SEC,html-table,reported-as-of
2014-09-30,2015-01-28,2015-01-28_0001104659-15-004817_a15-1379_1485bpos.htm,Wynn Resorts Ltd.,945470,176878528,485BPOS,SEC,html-table,reported-as-of
2014-09-30,2015-01-28,2015-01-28_0001104659-15-004817_a15-1379_1485bpos.htm,Seagate Technology PLC,3048797,174604604,485BPOS,SEC,html-table,reported-as-of
2014-09-30,2015-01-28,2015-01-28_0001104659-15-004817_a15-1379_1485bpos.htm,"Mylan, Inc.",3489529,158738674,485BPOS,SEC,html-table,reported-as-of
2014-09-30,2015-01-28,2015-01-28_0001104659-15-004817_a15-1379_1485bpos.htm,"Intuitive Surgical, Inc.",335430,154908283,485BPOS,SEC,html-table,reported-as-of
2014-09-30,2015-01-28,2015-01-28_0001104659-15-004817_a15-1379_1485bpos.htm,Vodafone Group PLC ADR,4675712,153784168,485BPOS,SEC,html-table,reported-as-of
2014-09-30,2015-01-28,2015-01-28_0001104659-15-004817_a15-1379_1485bpos.htm,"Charter Communications, Inc., Class A",1013538,153419247,485BPOS,SEC,html-table,reported-as-of
2014-09-30,2015-01-28,2015-01-28_0001104659-15-004817_a15-1379_1485bpos.htm,NXP Semiconductor NV,2226553,152363022,485BPOS,SEC,html-table,reported-as-of
2014-09-30,2015-01-28,2015-01-28_0001104659-15-004817_a15-1379_1485bpos.htm,Symantec Corp.,6441349,151436115,485BPOS,SEC,html-table,reported-as-of
2014-09-30,2015-01-28,2015-01-28_0001104659-15-004817_a15-1379_1485bpos.htm,Sigma-Aldrich Corp.,1109939,150962803,485BPOS,SEC,html-table,reported-as-of
2014-09-30,2015-01-28,2015-01-28_0001104659-15-004817_a15-1379_1485bpos.htm,"Fiserv, Inc.",2324940,150272497,485BPOS,SEC,html-table,reported-as-of
2014-09-30,2015-01-28,2015-01-28_0001104659-15-004817_a15-1379_1485bpos.htm,"Paychex, Inc.",3387397,149722947,485BPOS,SEC,html-table,reported-as-of
2014-09-30,2015-01-28,2015-01-28_0001104659-15-004817_a15-1379_1485bpos.htm,"Ross Stores, Inc.",1973912,149188269,485BPOS,SEC,html-table,reported-as-of
2014-09-30,2015-01-28,2015-01-28_0001104659-15-004817_a15-1379_1485bpos.htm,"O'reilly Automotive, Inc.",967997,145548029,485BPOS,SEC,html-table,reported-as-of
2014-09-30,2015-01-28,2015-01-28_0001104659-15-004817_a15-1379_1485bpos.htm,"Analog Devices, Inc.",2931279,145068998,485BPOS,SEC,html-table,reported-as-of
2014-09-30,2015-01-28,2015-01-28_0001104659-15-004817_a15-1379_1485bpos.htm,Monster Beverage Corp.,1559585,142967157,485BPOS,SEC,html-table,reported-as-of
2014-09-30,2015-01-28,2015-01-28_0001104659-15-004817_a15-1379_1485bpos.htm,"Activision Blizzard, Inc.",6693418,139156160,485BPOS,SEC,html-table,reported-as-of
2014-09-30,2015-01-28,2015-01-28_0001104659-15-004817_a15-1379_1485bpos.htm,"DISH Network Corp., Class A",2073112,133881573,485BPOS,SEC,html-table,reported-as-of
2014-09-30,2015-01-28,2015-01-28_0001104659-15-004817_a15-1379_1485bpos.htm,"SBA Communications Corp., Class A",1203523,133470701,485BPOS,SEC,html-table,reported-as-of
2014-09-30,2015-01-28,2015-01-28_0001104659-15-004817_a15-1379_1485bpos.htm,"Whole Foods Market, Inc.",3370097,128434397,485BPOS,SEC,html-table,reported-as-of
2014-09-30,2015-01-28,2015-01-28_0001104659-15-004817_a15-1379_1485bpos.htm,"NetApp, Inc.",2978384,127951377,485BPOS,SEC,html-table,reported-as-of
2014-09-30,2015-01-28,2015-01-28_0001104659-15-004817_a15-1379_1485bpos.htm,Fastenal Co.,2768546,124307715,485BPOS,SEC,html-table,reported-as-of
2014-09-30,2015-01-28,2015-01-28_0001104659-15-004817_a15-1379_1485bpos.htm,"Bed Bath & Beyond, Inc.",1884031,124025761,485BPOS,SEC,html-table,reported-as-of
2014-09-30,2015-01-28,2015-01-28_0001104659-15-004817_a15-1379_1485bpos.htm,Check Point Software Technologies Ltd.,1779857,123237299,485BPOS,SEC,html-table,reported-as-of
2014-09-30,2015-01-28,2015-01-28_0001104659-15-004817_a15-1379_1485bpos.htm,KLA-Tencor Corp.,1542718,121535324,485BPOS,SEC,html-table,reported-as-of
2014-09-30,2015-01-28,2015-01-28_0001104659-15-004817_a15-1379_1485bpos.htm,"Liberty Interactive Corp., Class A",4222957,120438734,485BPOS,SEC,html-table,reported-as-of
2014-09-30,2015-01-28,2015-01-28_0001104659-15-004817_a15-1379_1485bpos.htm,"Autodesk, Inc.",2125813,117132296,485BPOS,SEC,html-table,reported-as-of
2014-09-30,2015-01-28,2015-01-28_0001104659-15-004817_a15-1379_1485bpos.htm,"CA, Inc.",4151983,116006405,485BPOS,SEC,html-table,reported-as-of
2014-09-30,2015-01-28,2015-01-28_0001104659-15-004817_a15-1379_1485bpos.htm,VimpelCom Ltd. ADR,15412400,111277528,485BPOS,SEC,html-table,reported-as-of
2014-09-30,2015-01-28,2015-01-28_0001104659-15-004817_a15-1379_1485bpos.htm,"Tripadvisor, Inc.",1212662,110861560,485BPOS,SEC,html-table,reported-as-of
2014-09-30,2015-01-28,2015-01-28_0001104659-15-004817_a15-1379_1485bpos.htm,"Citrix Systems, Inc.",1534344,109460101,485BPOS,SEC,html-table,reported-as-of
2014-09-30,2015-01-28,2015-01-28_0001104659-15-004817_a15-1379_1485bpos.htm,"Dollar Tree, Inc.",1918287,107558352,485BPOS,SEC,html-table,reported-as-of
2014-09-30,2015-01-28,2015-01-28_0001104659-15-004817_a15-1379_1485bpos.htm,"Xilinx, Inc.",2504650,106071927,485BPOS,SEC,html-table,reported-as-of
2014-09-30,2015-01-28,2015-01-28_0001104659-15-004817_a15-1379_1485bpos.htm,"Equinix, Inc.",496272,105447875,485BPOS,SEC,html-table,reported-as-of
2014-09-30,2015-01-28,2015-01-28_0001104659-15-004817_a15-1379_1485bpos.htm,Altera Corp.,2882486,103135349,485BPOS,SEC,html-table,reported-as-of
2014-09-30,2015-01-28,2015-01-28_0001104659-15-004817_a15-1379_1485bpos.htm,"Liberty Media Corp., Class C",2133256,100241699,485BPOS,SEC,html-table,reported-as-of
2014-09-30,2015-01-28,2015-01-28_0001104659-15-004817_a15-1379_1485bpos.htm,"Akamai Technologies, Inc.",1662083,99392563,485BPOS,SEC,html-table,reported-as-of
2014-09-30,2015-01-28,2015-01-28_0001104659-15-004817_a15-1379_1485bpos.htm,Linear Technology Corp.,2225077,98771168,485BPOS,SEC,html-table,reported-as-of
2014-09-30,2015-01-28,2015-01-28_0001104659-15-004817_a15-1379_1485bpos.htm,"Mattel, Inc.",3151757,96601352,485BPOS,SEC,html-table,reported-as-of
2014-09-30,2015-01-28,2015-01-28_0001104659-15-004817_a15-1379_1485bpos.htm,"Verisk Analytics, Inc., Class A",1553068,94566311,485BPOS,SEC,html-table,reported-as-of
2014-09-30,2015-01-28,2015-01-28_0001104659-15-004817_a15-1379_1485bpos.htm,"Expedia, Inc.",1067148,93503508,485BPOS,SEC,html-table,reported-as-of
2014-09-30,2015-01-28,2015-01-28_0001104659-15-004817_a15-1379_1485bpos.htm,Garmin Ltd.,1796897,93420675,485BPOS,SEC,html-table,reported-as-of
2014-09-30,2015-01-28,2015-01-28_0001104659-15-004817_a15-1379_1485bpos.htm,NVIDIA Corp.,5055537,93274658,485BPOS,SEC,html-table,reported-as-of
2014-09-30,2015-01-28,2015-01-28_0001104659-15-004817_a15-1379_1485bpos.htm,"Stericycle, Inc.",791176,92219475,485BPOS,SEC,html-table,reported-as-of
2014-09-30,2015-01-28,2015-01-28_0001104659-15-004817_a15-1379_1485bpos.htm,"Henry Schein, Inc.",791387,92172844,485BPOS,SEC,html-table,reported-as-of
2014-09-30,2015-01-28,2015-01-28_0001104659-15-004817_a15-1379_1485bpos.htm,"CH Robinson Worldwide, Inc.",1372839,91046682,485BPOS,SEC,html-table,reported-as-of
2014-09-30,2015-01-28,2015-01-28_0001104659-15-004817_a15-1379_1485bpos.htm,"Liberty Global PLC, Class A",2004912,85288956,485BPOS,SEC,html-table,reported-as-of
2014-09-30,2015-01-28,2015-01-28_0001104659-15-004817_a15-1379_1485bpos.htm,"F5 Networks, Inc.",691140,82065964,485BPOS,SEC,html-table,reported-as-of
2014-09-30,2015-01-28,2015-01-28_0001104659-15-004817_a15-1379_1485bpos.htm,Catamaran Corp.,1934984,81559576,485BPOS,SEC,html-table,reported-as-of
2014-09-30,2015-01-28,2015-01-28_0001104659-15-004817_a15-1379_1485bpos.htm,"Maxim Integrated Products, Inc.",2648822,80100377,485BPOS,SEC,html-table,reported-as-of
2014-09-30,2015-01-28,2015-01-28_0001104659-15-004817_a15-1379_1485bpos.htm,Tractor Supply Co.,1284350,79000368,485BPOS,SEC,html-table,reported-as-of
2014-09-30,2015-01-28,2015-01-28_0001104659-15-004817_a15-1379_1485bpos.htm,"Expeditors International of Washington, Inc.",1820112,73860145,485BPOS,SEC,html-table,reported-as-of
2014-09-30,2015-01-28,2015-01-28_0001104659-15-004817_a15-1379_1485bpos.htm,"Staples, Inc.",6009758,72718072,485BPOS,SEC,html-table,reported-as-of
2014-09-30,2015-01-28,2015-01-28_0001104659-15-004817_a15-1379_1485bpos.htm,"Discovery Communications, Inc., Class C",1406247,52424888,485BPOS,SEC,html-table,reported-as-of
2014-09-30,2015-01-28,2015-01-28_0001104659-15-004817_a15-1379_1485bpos.htm,"Discovery Communications, Inc., Class A",1384060,52317468,485BPOS,SEC,html-table,reported-as-of
2014-09-30,2015-01-28,2015-01-28_0001104659-15-004817_a15-1379_1485bpos.htm,"Liberty Media Corp., Class A",974535,45978561,485BPOS,SEC,html-table,reported-as-of
2015-09-30,2016-01-28,2016-01-28_0001193125-16-441831_d106822d485bpos.htm,"Apple, Inc.",43964856,4849323617,485BPOS,SEC,html-table,reported-as-of
2015-09-30,2016-01-28,2016-01-28_0001193125-16-441831_d106822d485bpos.htm,Microsoft Corp.,61660008,2729071954,485BPOS,SEC,html-table,reported-as-of
2015-09-30,2016-01-28,2016-01-28_0001193125-16-441831_d106822d485bpos.htm,"Amazon.com, Inc.",3605814,1845780128,485BPOS,SEC,html-table,reported-as-of
2015-09-30,2016-01-28,2016-01-28_0001193125-16-441831_d106822d485bpos.htm,"Google, Inc., Class C",2651611,1613293165,485BPOS,SEC,html-table,reported-as-of
2015-09-30,2016-01-28,2016-01-28_0001193125-16-441831_d106822d485bpos.htm,"Facebook, Inc., Class A",17421431,1566186647,485BPOS,SEC,html-table,reported-as-of
2015-09-30,2016-01-28,2016-01-28_0001193125-16-441831_d106822d485bpos.htm,"Google, Inc., Class A",2234871,1426674600,485BPOS,SEC,html-table,reported-as-of
2015-09-30,2016-01-28,2016-01-28_0001193125-16-441831_d106822d485bpos.htm,"Gilead Sciences, Inc.",11314515,1110972228,485BPOS,SEC,html-table,reported-as-of
2015-09-30,2016-01-28,2016-01-28_0001193125-16-441831_d106822d485bpos.htm,Intel Corp.,36650780,1104654509,485BPOS,SEC,html-table,reported-as-of
2015-09-30,2016-01-28,2016-01-28_0001193125-16-441831_d106822d485bpos.htm,"Cisco Systems, Inc.",39209453,1029248141,485BPOS,SEC,html-table,reported-as-of
2015-09-30,2016-01-28,2016-01-28_0001193125-16-441831_d106822d485bpos.htm,"Comcast Corp., Class A",16303941,927368164,485BPOS,SEC,html-table,reported-as-of
2015-09-30,2016-01-28,2016-01-28_0001193125-16-441831_d106822d485bpos.htm,"Amgen, Inc.",5845815,808593131,485BPOS,SEC,html-table,reported-as-of
2015-09-30,2016-01-28,2016-01-28_0001193125-16-441831_d106822d485bpos.htm,"Walgreens Boots Alliance, Inc.",8420924,699778784,485BPOS,SEC,html-table,reported-as-of
2015-09-30,2016-01-28,2016-01-28_0001193125-16-441831_d106822d485bpos.htm,Kraft Heinz Co. (The),9350286,659943186,485BPOS,SEC,html-table,reported-as-of
2015-09-30,2016-01-28,2016-01-28_0001193125-16-441831_d106822d485bpos.htm,Celgene Corp.,6094696,659263266,485BPOS,SEC,html-table,reported-as-of
2015-09-30,2016-01-28,2016-01-28_0001193125-16-441831_d106822d485bpos.htm,"QUALCOMM, Inc.",12113153,650839711,485BPOS,SEC,html-table,reported-as-of
2015-09-30,2016-01-28,2016-01-28_0001193125-16-441831_d106822d485bpos.htm,Starbucks Corp.,11442411,650386641,485BPOS,SEC,html-table,reported-as-of
2015-09-30,2016-01-28,2016-01-28_0001193125-16-441831_d106822d485bpos.htm,"Biogen, Inc.",1813091,529078085,485BPOS,SEC,html-table,reported-as-of
2015-09-30,2016-01-28,2016-01-28_0001193125-16-441831_d106822d485bpos.htm,"Mondelez International, Inc., Class A",12422359,520124171,485BPOS,SEC,html-table,reported-as-of
2015-09-30,2016-01-28,2016-01-28_0001193125-16-441831_d106822d485bpos.htm,Costco Wholesale Corp.,3388208,489833231,485BPOS,SEC,html-table,reported-as-of
2015-09-30,2016-01-28,2016-01-28_0001193125-16-441831_d106822d485bpos.htm,"Priceline Group, Inc. (The)",390913,483504653,485BPOS,SEC,html-table,reported-as-of
2015-09-30,2016-01-28,2016-01-28_0001193125-16-441831_d106822d485bpos.htm,Express Scripts Holding Co.,5209602,421769378,485BPOS,SEC,html-table,reported-as-of
2015-09-30,2016-01-28,2016-01-28_0001193125-16-441831_d106822d485bpos.htm,"Texas Instruments, Inc.",7912960,391849779,485BPOS,SEC,html-table,reported-as-of
2015-09-30,2016-01-28,2016-01-28_0001193125-16-441831_d106822d485bpos.htm,"Regeneron Pharmaceuticals, Inc.",784433,364871166,485BPOS,SEC,html-table,reported-as-of
2015-09-30,2016-01-28,2016-01-28_0001193125-16-441831_d106822d485bpos.htm,"Netflix, Inc.",3284350,339141981,485BPOS,SEC,html-table,reported-as-of
2015-09-30,2016-01-28,2016-01-28_0001193125-16-441831_d106822d485bpos.htm,"Adobe Systems, Inc.",3836599,315445170,485BPOS,SEC,html-table,reported-as-of
2015-09-30,2016-01-28,2016-01-28_0001193125-16-441831_d106822d485bpos.htm,"Cognizant Technology Solutions Corp., Class A",4699256,294220418,485BPOS,SEC,html-table,reported-as-of
2015-09-30,2016-01-28,2016-01-28_0001193125-16-441831_d106822d485bpos.htm,"Baidu, Inc. ADR",2136051,293514768,485BPOS,SEC,html-table,reported-as-of
2015-09-30,2016-01-28,2016-01-28_0001193125-16-441831_d106822d485bpos.htm,"Automatic Data Processing, Inc.",3591161,288585698,485BPOS,SEC,html-table,reported-as-of
2015-09-30,2016-01-28,2016-01-28_0001193125-16-441831_d106822d485bpos.htm,"Alexion Pharmaceuticals, Inc.",1743648,272689111,485BPOS,SEC,html-table,reported-as-of
2015-09-30,2016-01-28,2016-01-28_0001193125-16-441831_d106822d485bpos.htm,"Twenty-First Century Fox, Inc., Class A",9412884,253959610,485BPOS,SEC,html-table,reported-as-of
2015-09-30,2016-01-28,2016-01-28_0001193125-16-441831_d106822d485bpos.htm,Avago Technologies Ltd.,2002478,250329775,485BPOS,SEC,html-table,reported-as-of
2015-09-30,2016-01-28,2016-01-28_0001193125-16-441831_d106822d485bpos.htm,"Tesla Motors, Inc.",1001095,248671998,485BPOS,SEC,html-table,reported-as-of
2015-09-30,2016-01-28,2016-01-28_0001193125-16-441831_d106822d485bpos.htm,"eBay, Inc.",9391992,229540284,485BPOS,SEC,html-table,reported-as-of
2015-09-30,2016-01-28,2016-01-28_0001193125-16-441831_d106822d485bpos.htm,"Broadcom Corp., Class A",4309699,221647820,485BPOS,SEC,html-table,reported-as-of
2015-09-30,2016-01-28,2016-01-28_0001193125-16-441831_d106822d485bpos.htm,Monster Beverage Corp.,1584387,214114059,485BPOS,SEC,html-table,reported-as-of
2015-09-30,2016-01-28,2016-01-28_0001193125-16-441831_d106822d485bpos.htm,"Yahoo!, Inc.",7257715,209820541,485BPOS,SEC,html-table,reported-as-of
2015-09-30,2016-01-28,2016-01-28_0001193125-16-441831_d106822d485bpos.htm,"American Airlines Group, Inc.",5179428,201117189,485BPOS,SEC,html-table,reported-as-of
2015-09-30,2016-01-28,2016-01-28_0001193125-16-441831_d106822d485bpos.htm,"Vertex Pharmaceuticals, Inc.",1886247,196433763,485BPOS,SEC,html-table,reported-as-of
2015-09-30,2016-01-28,2016-01-28_0001193125-16-441831_d106822d485bpos.htm,"Illumina, Inc.",1115664,196156044,485BPOS,SEC,html-table,reported-as-of
2015-09-30,2016-01-28,2016-01-28_0001193125-16-441831_d106822d485bpos.htm,"Liberty Global PLC, Series C",4715558,193432189,485BPOS,SEC,html-table,reported-as-of
2015-09-30,2016-01-28,2016-01-28_0001193125-16-441831_d106822d485bpos.htm,"O’Reilly Automotive, Inc.",766386,191596500,485BPOS,SEC,html-table,reported-as-of
2015-09-30,2016-01-28,2016-01-28_0001193125-16-441831_d106822d485bpos.htm,"Intuit, Inc.",2125366,188626232,485BPOS,SEC,html-table,reported-as-of
2015-09-30,2016-01-28,2016-01-28_0001193125-16-441831_d106822d485bpos.htm,"Activision Blizzard, Inc.",5620430,173615083,485BPOS,SEC,html-table,reported-as-of
2015-09-30,2016-01-28,2016-01-28_0001193125-16-441831_d106822d485bpos.htm,NXP Semiconductors NV,1940928,168996601,485BPOS,SEC,html-table,reported-as-of
2015-09-30,2016-01-28,2016-01-28_0001193125-16-441831_d106822d485bpos.htm,"Twenty-First Century Fox, Inc., Class B",6156154,166647089,485BPOS,SEC,html-table,reported-as-of
2015-09-30,2016-01-28,2016-01-28_0001193125-16-441831_d106822d485bpos.htm,"JD.com, Inc. ADR",6249280,162856237,485BPOS,SEC,html-table,reported-as-of
2015-09-30,2016-01-28,2016-01-28_0001193125-16-441831_d106822d485bpos.htm,"Electronic Arts, Inc.",2403452,162833873,485BPOS,SEC,html-table,reported-as-of
2015-09-30,2016-01-28,2016-01-28_0001193125-16-441831_d106822d485bpos.htm,"Comcast Corp., Class A",2838708,162487646,485BPOS,SEC,html-table,reported-as-of
2015-09-30,2016-01-28,2016-01-28_0001193125-16-441831_d106822d485bpos.htm,Cerner Corp.,2660340,159513986,485BPOS,SEC,html-table,reported-as-of
2015-09-30,2016-01-28,2016-01-28_0001193125-16-441831_d106822d485bpos.htm,"Fiserv, Inc.",1808586,156641633,485BPOS,SEC,html-table,reported-as-of
2015-09-30,2016-01-28,2016-01-28_0001193125-16-441831_d106822d485bpos.htm,"Ross Stores, Inc.",3171460,153720666,485BPOS,SEC,html-table,reported-as-of
2015-09-30,2016-01-28,2016-01-28_0001193125-16-441831_d106822d485bpos.htm,"Sirius XM Holdings, Inc.",41039322,153487064,485BPOS,SEC,html-table,reported-as-of
2015-09-30,2016-01-28,2016-01-28_0001193125-16-441831_d106822d485bpos.htm,Mylan NV,3789714,152573886,485BPOS,SEC,html-table,reported-as-of
2015-09-30,2016-01-28,2016-01-28_0001193125-16-441831_d106822d485bpos.htm,"Charter Communications, Inc., Class A",863790,151897471,485BPOS,SEC,html-table,reported-as-of
2015-09-30,2016-01-28,2016-01-28_0001193125-16-441831_d106822d485bpos.htm,"PACCAR, Inc.",2736690,142773117,485BPOS,SEC,html-table,reported-as-of
2015-09-30,2016-01-28,2016-01-28_0001193125-16-441831_d106822d485bpos.htm,Western Digital Corp.,1776331,141111735,485BPOS,SEC,html-table,reported-as-of
2015-09-30,2016-01-28,2016-01-28_0001193125-16-441831_d106822d485bpos.htm,"Marriott International, Inc., Class A",2049889,139802430,485BPOS,SEC,html-table,reported-as-of
2015-09-30,2016-01-28,2016-01-28_0001193125-16-441831_d106822d485bpos.htm,"Analog Devices, Inc.",2418316,136417206,485BPOS,SEC,html-table,reported-as-of
2015-09-30,2016-01-28,2016-01-28_0001193125-16-441831_d106822d485bpos.htm,"Applied Materials, Inc.",9256131,135972564,485BPOS,SEC,html-table,reported-as-of
2015-09-30,2016-01-28,2016-01-28_0001193125-16-441831_d106822d485bpos.htm,"Paychex, Inc.",2784747,132637500,485BPOS,SEC,html-table,reported-as-of
2015-09-30,2016-01-28,2016-01-28_0001193125-16-441831_d106822d485bpos.htm,"Intuitive Surgical, Inc.",285484,131202737,485BPOS,SEC,html-table,reported-as-of
2015-09-30,2016-01-28,2016-01-28_0001193125-16-441831_d106822d485bpos.htm,"BioMarin Pharmaceutical, Inc.",1241983,130805650,485BPOS,SEC,html-table,reported-as-of
2015-09-30,2016-01-28,2016-01-28_0001193125-16-441831_d106822d485bpos.htm,"Micron Technology, Inc.",8352783,125124689,485BPOS,SEC,html-table,reported-as-of
2015-09-30,2016-01-28,2016-01-28_0001193125-16-441831_d106822d485bpos.htm,"Skyworks Solutions, Inc.",1470491,123830047,485BPOS,SEC,html-table,reported-as-of
2015-09-30,2016-01-28,2016-01-28_0001193125-16-441831_d106822d485bpos.htm,"Dollar Tree, Inc.",1809351,120611338,485BPOS,SEC,html-table,reported-as-of
2015-09-30,2016-01-28,2016-01-28_0001193125-16-441831_d106822d485bpos.htm,Altera Corp.,2331952,116784156,485BPOS,SEC,html-table,reported-as-of
2015-09-30,2016-01-28,2016-01-28_0001193125-16-441831_d106822d485bpos.htm,"Viacom, Inc., Class B",2678801,115590263,485BPOS,SEC,html-table,reported-as-of
2015-09-30,2016-01-28,2016-01-28_0001193125-16-441831_d106822d485bpos.htm,Check Point Software Technologies Ltd.,1394344,110613309,485BPOS,SEC,html-table,reported-as-of
2015-09-30,2016-01-28,2016-01-28_0001193125-16-441831_d106822d485bpos.htm,Seagate Technology PLC,2328521,104317741,485BPOS,SEC,html-table,reported-as-of
2015-09-30,2016-01-28,2016-01-28_0001193125-16-441831_d106822d485bpos.htm,"SBA Communications Corp., Class A",984633,103130460,485BPOS,SEC,html-table,reported-as-of
2015-09-30,2016-01-28,2016-01-28_0001193125-16-441831_d106822d485bpos.htm,Symantec Corp.,5274689,102698195,485BPOS,SEC,html-table,reported-as-of
2015-09-30,2016-01-28,2016-01-28_0001193125-16-441831_d106822d485bpos.htm,NVIDIA Corp.,4155453,102431916,485BPOS,SEC,html-table,reported-as-of
2015-09-30,2016-01-28,2016-01-28_0001193125-16-441831_d106822d485bpos.htm,"DISH Network Corp., Class A",1732496,101073817,485BPOS,SEC,html-table,reported-as-of
2015-09-30,2016-01-28,2016-01-28_0001193125-16-441831_d106822d485bpos.htm,Vodafone Group PLC ADR,3073459,97551589,485BPOS,SEC,html-table,reported-as-of
2015-09-30,2016-01-28,2016-01-28_0001193125-16-441831_d106822d485bpos.htm,"Verisk Analytics, Inc.",1298961,96006207,485BPOS,SEC,html-table,reported-as-of
2015-09-30,2016-01-28,2016-01-28_0001193125-16-441831_d106822d485bpos.htm,"Akamai Technologies, Inc.",1376879,95087264,485BPOS,SEC,html-table,reported-as-of
2015-09-30,2016-01-28,2016-01-28_0001193125-16-441831_d106822d485bpos.htm,"CA, Inc.",3402343,92883964,485BPOS,SEC,html-table,reported-as-of
2015-09-30,2016-01-28,2016-01-28_0001193125-16-441831_d106822d485bpos.htm,"Stericycle, Inc.",654120,91125457,485BPOS,SEC,html-table,reported-as-of
2015-09-30,2016-01-28,2016-01-28_0001193125-16-441831_d106822d485bpos.htm,Tractor Supply Co.,1047122,88293327,485BPOS,SEC,html-table,reported-as-of
2015-09-30,2016-01-28,2016-01-28_0001193125-16-441831_d106822d485bpos.htm,"Whole Foods Market, Inc.",2758981,87321749,485BPOS,SEC,html-table,reported-as-of
2015-09-30,2016-01-28,2016-01-28_0001193125-16-441831_d106822d485bpos.htm,"Liberty Interactive Corp. QVC Group, Class A",3328427,87304640,485BPOS,SEC,html-table,reported-as-of
2015-09-30,2016-01-28,2016-01-28_0001193125-16-441831_d106822d485bpos.htm,"Citrix Systems, Inc.",1239042,85840830,485BPOS,SEC,html-table,reported-as-of
2015-09-30,2016-01-28,2016-01-28_0001193125-16-441831_d106822d485bpos.htm,SanDisk Corp.,1576199,85634892,485BPOS,SEC,html-table,reported-as-of
2015-09-30,2016-01-28,2016-01-28_0001193125-16-441831_d106822d485bpos.htm,"Henry Schein, Inc.",642970,85334978,485BPOS,SEC,html-table,reported-as-of
2015-09-30,2016-01-28,2016-01-28_0001193125-16-441831_d106822d485bpos.htm,"Xilinx, Inc.",1994193,84553783,485BPOS,SEC,html-table,reported-as-of
2015-09-30,2016-01-28,2016-01-28_0001193125-16-441831_d106822d485bpos.htm,"Liberty Global PLC, Class A",1946710,83591727,485BPOS,SEC,html-table,reported-as-of
2015-09-30,2016-01-28,2016-01-28_0001193125-16-441831_d106822d485bpos.htm,Fastenal Co.,2237065,81898950,485BPOS,SEC,html-table,reported-as-of
2015-09-30,2016-01-28,2016-01-28_0001193125-16-441831_d106822d485bpos.htm,Lam Research Corp.,1219554,79673463,485BPOS,SEC,html-table,reported-as-of
2015-09-30,2016-01-28,2016-01-28_0001193125-16-441831_d106822d485bpos.htm,"Autodesk, Inc.",1743997,76980028,485BPOS,SEC,html-table,reported-as-of
2015-09-30,2016-01-28,2016-01-28_0001193125-16-441831_d106822d485bpos.htm,Linear Technology Corp.,1848452,74585038,485BPOS,SEC,html-table,reported-as-of
2015-09-30,2016-01-28,2016-01-28_0001193125-16-441831_d106822d485bpos.htm,"Bed Bath & Beyond, Inc.",1307544,74556159,485BPOS,SEC,html-table,reported-as-of
2015-09-30,2016-01-28,2016-01-28_0001193125-16-441831_d106822d485bpos.htm,"CH Robinson Worldwide, Inc.",1093300,74103874,485BPOS,SEC,html-table,reported-as-of
2015-09-30,2016-01-28,2016-01-28_0001193125-16-441831_d106822d485bpos.htm,"Expeditors International of Washington, Inc.",1458356,68615650,485BPOS,SEC,html-table,reported-as-of
2015-09-30,2016-01-28,2016-01-28_0001193125-16-441831_d106822d485bpos.htm,"NetApp, Inc.",2313598,68482501,485BPOS,SEC,html-table,reported-as-of
2015-09-30,2016-01-28,2016-01-28_0001193125-16-441831_d106822d485bpos.htm,"TripAdvisor, Inc.",1012280,63793886,485BPOS,SEC,html-table,reported-as-of
2015-09-30,2016-01-28,2016-01-28_0001193125-16-441831_d106822d485bpos.htm,"Keurig Green Mountain, Inc.",1187811,61932466,485BPOS,SEC,html-table,reported-as-of
2015-09-30,2016-01-28,2016-01-28_0001193125-16-441831_d106822d485bpos.htm,KLA-Tencor Corp.,1214541,60727050,485BPOS,SEC,html-table,reported-as-of
2015-09-30,2016-01-28,2016-01-28_0001193125-16-441831_d106822d485bpos.htm,"Liberty Media Corp., Class C",1723638,59396565,485BPOS,SEC,html-table,reported-as-of
2015-09-30,2016-01-28,2016-01-28_0001193125-16-441831_d106822d485bpos.htm,"Staples, Inc.",4961583,58199369,485BPOS,SEC,html-table,reported-as-of
2015-09-30,2016-01-28,2016-01-28_0001193125-16-441831_d106822d485bpos.htm,VimpelCom Ltd. ADR,13543534,55731642,485BPOS,SEC,html-table,reported-as-of
2015-09-30,2016-01-28,2016-01-28_0001193125-16-441831_d106822d485bpos.htm,"Mattel, Inc.",2610545,54978078,485BPOS,SEC,html-table,reported-as-of
2015-09-30,2016-01-28,2016-01-28_0001193125-16-441831_d106822d485bpos.htm,Garmin Ltd.,1472033,52816544,485BPOS,SEC,html-table,reported-as-of
2015-09-30,2016-01-28,2016-01-28_0001193125-16-441831_d106822d485bpos.htm,"Discovery Communications, Inc., Class C",2114615,51363998,485BPOS,SEC,html-table,reported-as-of
2015-09-30,2016-01-28,2016-01-28_0001193125-16-441831_d106822d485bpos.htm,"Liberty Ventures, Series A",1038474,41902426,485BPOS,SEC,html-table,reported-as-of
2015-09-30,2016-01-28,2016-01-28_0001193125-16-441831_d106822d485bpos.htm,Wynn Resorts Ltd.,782877,41586426,485BPOS,SEC,html-table,reported-as-of
2015-09-30,2016-01-28,2016-01-28_0001193125-16-441831_d106822d485bpos.htm,"Discovery Communications, Inc., Class A",1151134,29964018,485BPOS,SEC,html-table,reported-as-of
2015-09-30,2016-01-28,2016-01-28_0001193125-16-441831_d106822d485bpos.htm,"Liberty Media Corp., Class A",786912,28108497,485BPOS,SEC,html-table,reported-as-of
2015-09-30,2016-01-28,2016-01-28_0001193125-16-441831_d106822d485bpos.htm,"Liberty Global PLC LiLAC, Class C",237393,8128336,485BPOS,SEC,html-table,reported-as-of
2015-09-30,2016-01-28,2016-01-28_0001193125-16-441831_d106822d485bpos.htm,"Liberty Global PLC LiLAC, Class A",97409,3281709,485BPOS,SEC,html-table,reported-as-of
2016-09-30,2017-01-27,2017-01-27_0001193125-17-021968_d284522d485bpos.htm,"American Airlines Group, Inc.","3,713,874",135964927,485BPOS,SEC,html-text-fallback,reported-as-of
2016-09-30,2017-01-27,2017-01-27_0001193125-17-021968_d284522d485bpos.htm,"PACCAR, Inc.","2,456,587",144398184,485BPOS,SEC,html-text-fallback,reported-as-of
2016-09-30,2017-01-27,2017-01-27_0001193125-17-021968_d284522d485bpos.htm,"Tesla Motors, Inc.","1,045,899",213394773,485BPOS,SEC,html-text-fallback,reported-as-of
2016-09-30,2017-01-27,2017-01-27_0001193125-17-021968_d284522d485bpos.htm,Monster Beverage Corp.,"1,334,054",195852468,485BPOS,SEC,html-text-fallback,reported-as-of
2016-09-30,2017-01-27,2017-01-27_0001193125-17-021968_d284522d485bpos.htm,"Alexion Pharmaceuticals, Inc.","1,571,582",192581658,485BPOS,SEC,html-text-fallback,reported-as-of
2016-09-30,2017-01-27,2017-01-27_0001193125-17-021968_d284522d485bpos.htm,"Amgen, Inc.","5,244,886",874899434,485BPOS,SEC,html-text-fallback,reported-as-of
2016-09-30,2017-01-27,2017-01-27_0001193125-17-021968_d284522d485bpos.htm,"Biogen, Inc.","1,535,662",480708276,485BPOS,SEC,html-text-fallback,reported-as-of
2016-09-30,2017-01-27,2017-01-27_0001193125-17-021968_d284522d485bpos.htm,"BioMarin Pharmaceutical, Inc.","1,198,931",110925096,485BPOS,SEC,html-text-fallback,reported-as-of
2016-09-30,2017-01-27,2017-01-27_0001193125-17-021968_d284522d485bpos.htm,Celgene Corp.,"5,432,409",567849713,485BPOS,SEC,html-text-fallback,reported-as-of
2016-09-30,2017-01-27,2017-01-27_0001193125-17-021968_d284522d485bpos.htm,"Gilead Sciences, Inc.","9,248,804",731765372,485BPOS,SEC,html-text-fallback,reported-as-of
2016-09-30,2017-01-27,2017-01-27_0001193125-17-021968_d284522d485bpos.htm,"Illumina, Inc.","1,027,398",186637121,485BPOS,SEC,html-text-fallback,reported-as-of
2016-09-30,2017-01-27,2017-01-27_0001193125-17-021968_d284522d485bpos.htm,Incyte Corp.,"1,317,573",124233958,485BPOS,SEC,html-text-fallback,reported-as-of
2016-09-30,2017-01-27,2017-01-27_0001193125-17-021968_d284522d485bpos.htm,"Regeneron Pharmaceuticals, Inc.","724,539",291279169,485BPOS,SEC,html-text-fallback,reported-as-of
2016-09-30,2017-01-27,2017-01-27_0001193125-17-021968_d284522d485bpos.htm,"Vertex Pharmaceuticals, Inc.","1,736,498",151439990,485BPOS,SEC,html-text-fallback,reported-as-of
2016-09-30,2017-01-27,2017-01-27_0001193125-17-021968_d284522d485bpos.htm,"Automatic Data Processing, Inc.","3,197,100",281984220,485BPOS,SEC,html-text-fallback,reported-as-of
2016-09-30,2017-01-27,2017-01-27_0001193125-17-021968_d284522d485bpos.htm,"PayPal Holdings, Inc.","8,458,682",346552201,485BPOS,SEC,html-text-fallback,reported-as-of
2016-09-30,2017-01-27,2017-01-27_0001193125-17-021968_d284522d485bpos.htm,"Verisk Analytics, Inc.","1,184,188",96250801,485BPOS,SEC,html-text-fallback,reported-as-of
2016-09-30,2017-01-27,2017-01-27_0001193125-17-021968_d284522d485bpos.htm,"Apple, Inc.","37,765,277",4269364565,485BPOS,SEC,html-text-fallback,reported-as-of
2016-09-30,2017-01-27,2017-01-27_0001193125-17-021968_d284522d485bpos.htm,"Cognizant Technology Solutions Corp., Class A","4,253,713",202944647,485BPOS,SEC,html-text-fallback,reported-as-of
2016-09-30,2017-01-27,2017-01-27_0001193125-17-021968_d284522d485bpos.htm,"NetApp, Inc.","1,950,061",69851185,485BPOS,SEC,html-text-fallback,reported-as-of
2016-09-30,2017-01-27,2017-01-27_0001193125-17-021968_d284522d485bpos.htm,Seagate Technology PLC,"2,100,942",80991314,485BPOS,SEC,html-text-fallback,reported-as-of
2016-09-30,2017-01-27,2017-01-27_0001193125-17-021968_d284522d485bpos.htm,Western Digital Corp.,"1,992,296",116489547,485BPOS,SEC,html-text-fallback,reported-as-of
2016-09-30,2017-01-27,2017-01-27_0001193125-17-021968_d284522d485bpos.htm,Fastenal Co.,"2,025,137",84610224,485BPOS,SEC,html-text-fallback,reported-as-of
2016-09-30,2017-01-27,2017-01-27_0001193125-17-021968_d284522d485bpos.htm,"SBA Communications Corp.,   Class A","873,329",97952580,485BPOS,SEC,html-text-fallback,reported-as-of
2016-09-30,2017-01-27,2017-01-27_0001193125-17-021968_d284522d485bpos.htm,"Stericycle, Inc.","595,978",47761677,485BPOS,SEC,html-text-fallback,reported-as-of
2016-09-30,2017-01-27,2017-01-27_0001193125-17-021968_d284522d485bpos.htm,Kraft Heinz Co. (The),"8,533,999",763878250,485BPOS,SEC,html-text-fallback,reported-as-of
2016-09-30,2017-01-27,2017-01-27_0001193125-17-021968_d284522d485bpos.htm,"Mondelez International, Inc., Class A","10,901,983",478597054,485BPOS,SEC,html-text-fallback,reported-as-of
2016-09-30,2017-01-27,2017-01-27_0001193125-17-021968_d284522d485bpos.htm,"Whole Foods Market, Inc.","2,234,348",63343766,485BPOS,SEC,html-text-fallback,reported-as-of
2016-09-30,2017-01-27,2017-01-27_0001193125-17-021968_d284522d485bpos.htm,"DENTSPLY Sirona, Inc.","1,632,998",97049071,485BPOS,SEC,html-text-fallback,reported-as-of
2016-09-30,2017-01-27,2017-01-27_0001193125-17-021968_d284522d485bpos.htm,"Henry Schein, Inc.","573,244",93427307,485BPOS,SEC,html-text-fallback,reported-as-of
2016-09-30,2017-01-27,2017-01-27_0001193125-17-021968_d284522d485bpos.htm,"Intuitive Surgical, Inc.","269,678",195470705,485BPOS,SEC,html-text-fallback,reported-as-of
2016-09-30,2017-01-27,2017-01-27_0001193125-17-021968_d284522d485bpos.htm,"Alphabet, Inc., Class A","2,066,436",1661538530,485BPOS,SEC,html-text-fallback,reported-as-of
2016-09-30,2017-01-27,2017-01-27_0001193125-17-021968_d284522d485bpos.htm,"Alphabet, Inc., Class C","2,408,070",1871768730,485BPOS,SEC,html-text-fallback,reported-as-of
2016-09-30,2017-01-27,2017-01-27_0001193125-17-021968_d284522d485bpos.htm,"Amazon.com, Inc.","3,322,529",2781986757,485BPOS,SEC,html-text-fallback,reported-as-of
2016-09-30,2017-01-27,2017-01-27_0001193125-17-021968_d284522d485bpos.htm,"Baidu, Inc. ADR","1,920,530",349670897,485BPOS,SEC,html-text-fallback,reported-as-of
2016-09-30,2017-01-27,2017-01-27_0001193125-17-021968_d284522d485bpos.htm,Ctrip.com International Ltd. ADR,"2,621,894",122101604,485BPOS,SEC,html-text-fallback,reported-as-of
2016-09-30,2017-01-27,2017-01-27_0001193125-17-021968_d284522d485bpos.htm,"eBay, Inc.","7,912,746",260329343,485BPOS,SEC,html-text-fallback,reported-as-of
2016-09-30,2017-01-27,2017-01-27_0001193125-17-021968_d284522d485bpos.htm,"Expedia, Inc.","960,716",112134772,485BPOS,SEC,html-text-fallback,reported-as-of
2016-09-30,2017-01-27,2017-01-27_0001193125-17-021968_d284522d485bpos.htm,"Facebook, Inc., Class A","16,280,571",2088308842,485BPOS,SEC,html-text-fallback,reported-as-of
2016-09-30,2017-01-27,2017-01-27_0001193125-17-021968_d284522d485bpos.htm,"JD.com, Inc. ADR","6,418,656",167462735,485BPOS,SEC,html-text-fallback,reported-as-of
2016-09-30,2017-01-27,2017-01-27_0001193125-17-021968_d284522d485bpos.htm,"Liberty Ventures, Series A","947,664",37783364,485BPOS,SEC,html-text-fallback,reported-as-of
2016-09-30,2017-01-27,2017-01-27_0001193125-17-021968_d284522d485bpos.htm,"Netflix, Inc.","3,004,710",296114170,485BPOS,SEC,html-text-fallback,reported-as-of
2016-09-30,2017-01-27,2017-01-27_0001193125-17-021968_d284522d485bpos.htm,"Priceline Group, Inc. (The)","346,395",509716779,485BPOS,SEC,html-text-fallback,reported-as-of
2016-09-30,2017-01-27,2017-01-27_0001193125-17-021968_d284522d485bpos.htm,Symantec Corp.,"4,314,301",108288955,485BPOS,SEC,html-text-fallback,reported-as-of
2016-09-30,2017-01-27,2017-01-27_0001193125-17-021968_d284522d485bpos.htm,"TripAdvisor, Inc.","931,103",58827088,485BPOS,SEC,html-text-fallback,reported-as-of
2016-09-30,2017-01-27,2017-01-27_0001193125-17-021968_d284522d485bpos.htm,"Yahoo!, Inc.","6,670,541",287500317,485BPOS,SEC,html-text-fallback,reported-as-of
2016-09-30,2017-01-27,2017-01-27_0001193125-17-021968_d284522d485bpos.htm,Norwegian Cruise Line Holdings   Ltd.,"1,591,671",60005997,485BPOS,SEC,html-text-fallback,reported-as-of
2016-09-30,2017-01-27,2017-01-27_0001193125-17-021968_d284522d485bpos.htm,"Marriott International, Inc., Class A","1,782,906",120043061,485BPOS,SEC,html-text-fallback,reported-as-of
2016-09-30,2017-01-27,2017-01-27_0001193125-17-021968_d284522d485bpos.htm,"Charter Communications, Inc., Class A","1,898,722",512597978,485BPOS,SEC,html-text-fallback,reported-as-of
2016-09-30,2017-01-27,2017-01-27_0001193125-17-021968_d284522d485bpos.htm,"Comcast Corp., Class A","16,837,196",1116979583,485BPOS,SEC,html-text-fallback,reported-as-of
2016-09-30,2017-01-27,2017-01-27_0001193125-17-021968_d284522d485bpos.htm,"Discovery Communications, Inc., Class A","1,057,482",28467416,485BPOS,SEC,html-text-fallback,reported-as-of
2016-09-30,2017-01-27,2017-01-27_0001193125-17-021968_d284522d485bpos.htm,"Discovery Communications, Inc., Class C","1,671,733",43983295,485BPOS,SEC,html-text-fallback,reported-as-of
2016-09-30,2017-01-27,2017-01-27_0001193125-17-021968_d284522d485bpos.htm,"DISH Network Corp., Class A","1,586,827",86926383,485BPOS,SEC,html-text-fallback,reported-as-of
2016-09-30,2017-01-27,2017-01-27_0001193125-17-021968_d284522d485bpos.htm,"Liberty Global PLC, Class A","1,852,862",63330823,485BPOS,SEC,html-text-fallback,reported-as-of
2016-09-30,2017-01-27,2017-01-27_0001193125-17-021968_d284522d485bpos.htm,"Liberty Global PLC, Series C","4,518,834",149302275,485BPOS,SEC,html-text-fallback,reported-as-of
2016-09-30,2017-01-27,2017-01-27_0001193125-17-021968_d284522d485bpos.htm,"Sirius XM Holdings, Inc.","34,186,990",142559748,485BPOS,SEC,html-text-fallback,reported-as-of
2016-09-30,2017-01-27,2017-01-27_0001193125-17-021968_d284522d485bpos.htm,"Twenty-First Century Fox, Inc., Class A","7,457,034",180609364,485BPOS,SEC,html-text-fallback,reported-as-of
2016-09-30,2017-01-27,2017-01-27_0001193125-17-021968_d284522d485bpos.htm,"Twenty-First Century Fox, Inc., Class B","5,596,426",138455579,485BPOS,SEC,html-text-fallback,reported-as-of
2016-09-30,2017-01-27,2017-01-27_0001193125-17-021968_d284522d485bpos.htm,"Viacom, Inc., Class B","2,433,526",92717341,485BPOS,SEC,html-text-fallback,reported-as-of
2016-09-30,2017-01-27,2017-01-27_0001193125-17-021968_d284522d485bpos.htm,Express Scripts Holding Co.,"4,416,930",311526073,485BPOS,SEC,html-text-fallback,reported-as-of
2016-09-30,2017-01-27,2017-01-27_0001193125-17-021968_d284522d485bpos.htm,Mylan NV,"3,748,886",142907534,485BPOS,SEC,html-text-fallback,reported-as-of
2016-09-30,2017-01-27,2017-01-27_0001193125-17-021968_d284522d485bpos.htm,"Bed Bath & Beyond, Inc.","1,082,521",46667480,485BPOS,SEC,html-text-fallback,reported-as-of
2016-09-30,2017-01-27,2017-01-27_0001193125-17-021968_d284522d485bpos.htm,Costco Wholesale Corp.,"3,070,173",468232084,485BPOS,SEC,html-text-fallback,reported-as-of
2016-09-30,2017-01-27,2017-01-27_0001193125-17-021968_d284522d485bpos.htm,"Dollar Tree, Inc.","1,651,603",130361025,485BPOS,SEC,html-text-fallback,reported-as-of
2016-09-30,2017-01-27,2017-01-27_0001193125-17-021968_d284522d485bpos.htm,"Liberty Interactive Corp. QVC Group, Class A","3,130,300",62637303,485BPOS,SEC,html-text-fallback,reported-as-of
2016-09-30,2017-01-27,2017-01-27_0001193125-17-021968_d284522d485bpos.htm,"O&#146;Reilly Automotive, Inc.","665,279",186351301,485BPOS,SEC,html-text-fallback,reported-as-of
2016-09-30,2017-01-27,2017-01-27_0001193125-17-021968_d284522d485bpos.htm,"Ross Stores, Inc.","2,799,952",180036914,485BPOS,SEC,html-text-fallback,reported-as-of
2016-09-30,2017-01-27,2017-01-27_0001193125-17-021968_d284522d485bpos.htm,Starbucks Corp.,"10,278,693",556488439,485BPOS,SEC,html-text-fallback,reported-as-of
2016-09-30,2017-01-27,2017-01-27_0001193125-17-021968_d284522d485bpos.htm,Tractor Supply Co.,"936,764",63091055,485BPOS,SEC,html-text-fallback,reported-as-of
2016-09-30,2017-01-27,2017-01-27_0001193125-17-021968_d284522d485bpos.htm,"Ulta Salon Cosmetics & Fragrance, Inc.","437,005",103998450,485BPOS,SEC,html-text-fallback,reported-as-of
2016-09-30,2017-01-27,2017-01-27_0001193125-17-021968_d284522d485bpos.htm,"Walgreens Boots Alliance, Inc.","7,585,456",611539463,485BPOS,SEC,html-text-fallback,reported-as-of
2016-09-30,2017-01-27,2017-01-27_0001193125-17-021968_d284522d485bpos.htm,"Analog Devices, Inc.","2,154,864",138880985,485BPOS,SEC,html-text-fallback,reported-as-of
2016-09-30,2017-01-27,2017-01-27_0001193125-17-021968_d284522d485bpos.htm,"Applied Materials, Inc.","7,575,464",228400240,485BPOS,SEC,html-text-fallback,reported-as-of
2016-09-30,2017-01-27,2017-01-27_0001193125-17-021968_d284522d485bpos.htm,Broadcom Ltd.,"2,771,987",478223197,485BPOS,SEC,html-text-fallback,reported-as-of
2016-09-30,2017-01-27,2017-01-27_0001193125-17-021968_d284522d485bpos.htm,Intel Corp.,"33,157,543",1251697248,485BPOS,SEC,html-text-fallback,reported-as-of
2016-09-30,2017-01-27,2017-01-27_0001193125-17-021968_d284522d485bpos.htm,Lam Research Corp.,"1,123,150",106373537,485BPOS,SEC,html-text-fallback,reported-as-of
2016-09-30,2017-01-27,2017-01-27_0001193125-17-021968_d284522d485bpos.htm,Linear Technology Corp.,"1,680,122",99614433,485BPOS,SEC,html-text-fallback,reported-as-of
2016-09-30,2017-01-27,2017-01-27_0001193125-17-021968_d284522d485bpos.htm,"Maxim Integrated Products, Inc.","1,987,010",79341309,485BPOS,SEC,html-text-fallback,reported-as-of
2016-09-30,2017-01-27,2017-01-27_0001193125-17-021968_d284522d485bpos.htm,"Microchip Technology, Inc.","1,508,805",93757143,485BPOS,SEC,html-text-fallback,reported-as-of
2016-09-30,2017-01-27,2017-01-27_0001193125-17-021968_d284522d485bpos.htm,"Micron Technology, Inc.","7,277,505",129394039,485BPOS,SEC,html-text-fallback,reported-as-of
2016-09-30,2017-01-27,2017-01-27_0001193125-17-021968_d284522d485bpos.htm,NVIDIA Corp.,"3,749,512",256916562,485BPOS,SEC,html-text-fallback,reported-as-of
2016-09-30,2017-01-27,2017-01-27_0001193125-17-021968_d284522d485bpos.htm,NXP Semiconductors NV,"2,377,376",242516126,485BPOS,SEC,html-text-fallback,reported-as-of
2016-09-30,2017-01-27,2017-01-27_0001193125-17-021968_d284522d485bpos.htm,"QUALCOMM, Inc.","10,328,108",707475398,485BPOS,SEC,html-text-fallback,reported-as-of
2016-09-30,2017-01-27,2017-01-27_0001193125-17-021968_d284522d485bpos.htm,"Skyworks Solutions, Inc.","1,314,006",100048417,485BPOS,SEC,html-text-fallback,reported-as-of
2016-09-30,2017-01-27,2017-01-27_0001193125-17-021968_d284522d485bpos.htm,"Texas Instruments, Inc.","7,030,951",493432141,485BPOS,SEC,html-text-fallback,reported-as-of
2016-09-30,2017-01-27,2017-01-27_0001193125-17-021968_d284522d485bpos.htm,"Xilinx, Inc.","1,776,469",96533325,485BPOS,SEC,html-text-fallback,reported-as-of
2016-09-30,2017-01-27,2017-01-27_0001193125-17-021968_d284522d485bpos.htm,"Activision Blizzard, Inc.","5,196,580",230208494,485BPOS,SEC,html-text-fallback,reported-as-of
2016-09-30,2017-01-27,2017-01-27_0001193125-17-021968_d284522d485bpos.htm,"Adobe Systems, Inc.","3,492,234",379047078,485BPOS,SEC,html-text-fallback,reported-as-of
2016-09-30,2017-01-27,2017-01-27_0001193125-17-021968_d284522d485bpos.htm,"Akamai Technologies, Inc.","1,224,513",64886944,485BPOS,SEC,html-text-fallback,reported-as-of
2016-09-30,2017-01-27,2017-01-27_0001193125-17-021968_d284522d485bpos.htm,"Autodesk, Inc.","1,555,170",112485446,485BPOS,SEC,html-text-fallback,reported-as-of
2016-09-30,2017-01-27,2017-01-27_0001193125-17-021968_d284522d485bpos.htm,"CA, Inc.","2,936,201",97129529,485BPOS,SEC,html-text-fallback,reported-as-of
2016-09-30,2017-01-27,2017-01-27_0001193125-17-021968_d284522d485bpos.htm,Cerner Corp.,"2,366,841",146152432,485BPOS,SEC,html-text-fallback,reported-as-of
2016-09-30,2017-01-27,2017-01-27_0001193125-17-021968_d284522d485bpos.htm,Check Point Software Technologies Ltd.,"1,201,733",93266498,485BPOS,SEC,html-text-fallback,reported-as-of
2016-09-30,2017-01-27,2017-01-27_0001193125-17-021968_d284522d485bpos.htm,"Citrix Systems, Inc.","1,091,374",93006892,485BPOS,SEC,html-text-fallback,reported-as-of
2016-09-30,2017-01-27,2017-01-27_0001193125-17-021968_d284522d485bpos.htm,"Electronic Arts, Inc.","2,107,922",180016539,485BPOS,SEC,html-text-fallback,reported-as-of
2016-09-30,2017-01-27,2017-01-27_0001193125-17-021968_d284522d485bpos.htm,"Fiserv, Inc.","1,540,614",153244875,485BPOS,SEC,html-text-fallback,reported-as-of
2016-09-30,2017-01-27,2017-01-27_0001193125-17-021968_d284522d485bpos.htm,"Intuit, Inc.","1,793,305",197281483,485BPOS,SEC,html-text-fallback,reported-as-of
2016-09-30,2017-01-27,2017-01-27_0001193125-17-021968_d284522d485bpos.htm,Microsoft Corp.,"54,614,333",3145785581,485BPOS,SEC,html-text-fallback,reported-as-of
2016-09-30,2017-01-27,2017-01-27_0001193125-17-021968_d284522d485bpos.htm,"NetEase, Inc. ADR","535,143",128851731,485BPOS,SEC,html-text-fallback,reported-as-of
2016-09-30,2017-01-27,2017-01-27_0001193125-17-021968_d284522d485bpos.htm,"Paychex, Inc.","2,526,787",146225164,485BPOS,SEC,html-text-fallback,reported-as-of
2016-09-30,2017-01-27,2017-01-27_0001193125-17-021968_d284522d485bpos.htm,"Cisco Systems, Inc.","35,251,006",1118161910,485BPOS,SEC,html-text-fallback,reported-as-of
2016-09-30,2017-01-27,2017-01-27_0001193125-17-021968_d284522d485bpos.htm,"T-Mobile US, Inc.","5,766,175",269395696,485BPOS,SEC,html-text-fallback,reported-as-of
2016-09-30,2017-01-27,2017-01-27_0001193125-17-021968_d284522d485bpos.htm,Vodafone Group PLC ADR,"2,803,625",81725669,485BPOS,SEC,html-text-fallback,reported-as-of
2016-09-30,2017-01-27,2017-01-27_0001193125-17-021968_d284522d485bpos.htm,"Mattel, Inc.","2,387,231",72285355,485BPOS,SEC,html-text-fallback,reported-as-of
2016-09-30,2017-01-27,2017-01-27_0001193125-17-021968_d284522d485bpos.htm,CSX Corp.,"6,630,032",202215976,485BPOS,SEC,html-text-fallback,reported-as-of
2017-09-30,2018-01-29,2018-01-29_0001193125-18-023862_d423471d485bpos.htm,"American Airlines Group, Inc.","3,716,169",176480866,485BPOS,SEC,html-text-fallback,reported-as-of
2017-09-30,2018-01-29,2018-01-29_0001193125-18-023862_d423471d485bpos.htm,"Tesla, Inc.","1,273,516",434396308,485BPOS,SEC,html-text-fallback,reported-as-of
2017-09-30,2018-01-29,2018-01-29_0001193125-18-023862_d423471d485bpos.htm,Monster Beverage Corp.,"4,335,516",239537259,485BPOS,SEC,html-text-fallback,reported-as-of
2017-09-30,2018-01-29,2018-01-29_0001193125-18-023862_d423471d485bpos.htm,"Alexion Pharmaceuticals, Inc.","1,703,017",238916255,485BPOS,SEC,html-text-fallback,reported-as-of
2017-09-30,2018-01-29,2018-01-29_0001193125-18-023862_d423471d485bpos.htm,"Amgen, Inc.","5,567,822",1038120412,485BPOS,SEC,html-text-fallback,reported-as-of
2017-09-30,2018-01-29,2018-01-29_0001193125-18-023862_d423471d485bpos.htm,"Biogen, Inc.","1,613,374",505179667,485BPOS,SEC,html-text-fallback,reported-as-of
2017-09-30,2018-01-29,2018-01-29_0001193125-18-023862_d423471d485bpos.htm,"BioMarin Pharmaceutical, Inc.","1,337,467",124478054,485BPOS,SEC,html-text-fallback,reported-as-of
2017-09-30,2018-01-29,2018-01-29_0001193125-18-023862_d423471d485bpos.htm,Celgene Corp.,"5,970,075",870556336,485BPOS,SEC,html-text-fallback,reported-as-of
2017-09-30,2018-01-29,2018-01-29_0001193125-18-023862_d423471d485bpos.htm,"Gilead Sciences, Inc.","9,964,994",807363814,485BPOS,SEC,html-text-fallback,reported-as-of
2017-09-30,2018-01-29,2018-01-29_0001193125-18-023862_d423471d485bpos.htm,Incyte Corp.,"1,569,668",183243042,485BPOS,SEC,html-text-fallback,reported-as-of
2017-09-30,2018-01-29,2018-01-29_0001193125-18-023862_d423471d485bpos.htm,"Regeneron Pharmaceuticals, Inc.","803,061",359064634,485BPOS,SEC,html-text-fallback,reported-as-of
2017-09-30,2018-01-29,2018-01-29_0001193125-18-023862_d423471d485bpos.htm,Shire PLC ADR,"556,236",85181981,485BPOS,SEC,html-text-fallback,reported-as-of
2017-09-30,2018-01-29,2018-01-29_0001193125-18-023862_d423471d485bpos.htm,"Vertex Pharmaceuticals, Inc.","1,923,859",292503522,485BPOS,SEC,html-text-fallback,reported-as-of
2017-09-30,2018-01-29,2018-01-29_0001193125-18-023862_d423471d485bpos.htm,Cintas Corp.,"804,560",116081917,485BPOS,SEC,html-text-fallback,reported-as-of
2017-09-30,2018-01-29,2018-01-29_0001193125-18-023862_d423471d485bpos.htm,"Cisco Systems, Inc.","38,153,360",1283097497,485BPOS,SEC,html-text-fallback,reported-as-of
2017-09-30,2018-01-29,2018-01-29_0001193125-18-023862_d423471d485bpos.htm,Costco Wholesale Corp.,"3,346,766",549840186,485BPOS,SEC,html-text-fallback,reported-as-of
2017-09-30,2018-01-29,2018-01-29_0001193125-18-023862_d423471d485bpos.htm,"Walgreens Boots Alliance, Inc.","8,165,448",630535895,485BPOS,SEC,html-text-fallback,reported-as-of
2017-09-30,2018-01-29,2018-01-29_0001193125-18-023862_d423471d485bpos.htm,Kraft Heinz Co. (The),"9,295,935",720899759,485BPOS,SEC,html-text-fallback,reported-as-of
2017-09-30,2018-01-29,2018-01-29_0001193125-18-023862_d423471d485bpos.htm,"Mondelez International, Inc., Class A","11,504,175",467759756,485BPOS,SEC,html-text-fallback,reported-as-of
2017-09-30,2018-01-29,2018-01-29_0001193125-18-023862_d423471d485bpos.htm,"DENTSPLY Sirona, Inc.","1,751,272",104743578,485BPOS,SEC,html-text-fallback,reported-as-of
2017-09-30,2018-01-29,2018-01-29_0001193125-18-023862_d423471d485bpos.htm,"Hologic, Inc.","2,140,165",78522654,485BPOS,SEC,html-text-fallback,reported-as-of
2017-09-30,2018-01-29,2018-01-29_0001193125-18-023862_d423471d485bpos.htm,"IDEXX Laboratories, Inc.","665,971",103551831,485BPOS,SEC,html-text-fallback,reported-as-of
2017-09-30,2018-01-29,2018-01-29_0001193125-18-023862_d423471d485bpos.htm,"Intuitive Surgical, Inc.","284,555",297610383,485BPOS,SEC,html-text-fallback,reported-as-of
2017-09-30,2018-01-29,2018-01-29_0001193125-18-023862_d423471d485bpos.htm,Express Scripts Holding Co.,"4,407,090",279056939,485BPOS,SEC,html-text-fallback,reported-as-of
2017-09-30,2018-01-29,2018-01-29_0001193125-18-023862_d423471d485bpos.htm,"Henry Schein, Inc.","1,206,518",98922411,485BPOS,SEC,html-text-fallback,reported-as-of
2017-09-30,2018-01-29,2018-01-29_0001193125-18-023862_d423471d485bpos.htm,Cerner Corp.,"2,530,204",180454149,485BPOS,SEC,html-text-fallback,reported-as-of
2017-09-30,2018-01-29,2018-01-29_0001193125-18-023862_d423471d485bpos.htm,"Marriott International, Inc., Class A","2,841,776",313334222,485BPOS,SEC,html-text-fallback,reported-as-of
2017-09-30,2018-01-29,2018-01-29_0001193125-18-023862_d423471d485bpos.htm,Norwegian Cruise Line Holdings Ltd.,"1,741,030",94102672,485BPOS,SEC,html-text-fallback,reported-as-of
2017-09-30,2018-01-29,2018-01-29_0001193125-18-023862_d423471d485bpos.htm,Starbucks Corp.,"11,017,734",591762493,485BPOS,SEC,html-text-fallback,reported-as-of
2017-09-30,2018-01-29,2018-01-29_0001193125-18-023862_d423471d485bpos.htm,Wynn Resorts Ltd.,"782,658",116553429,485BPOS,SEC,html-text-fallback,reported-as-of
2017-09-30,2018-01-29,2018-01-29_0001193125-18-023862_d423471d485bpos.htm,"Amazon.Com, Inc.","3,665,578",3523903410,485BPOS,SEC,html-text-fallback,reported-as-of
2017-09-30,2018-01-29,2018-01-29_0001193125-18-023862_d423471d485bpos.htm,Ctrip.com International Ltd. ADR,"3,495,426",184348767,485BPOS,SEC,html-text-fallback,reported-as-of
2017-09-30,2018-01-29,2018-01-29_0001193125-18-023862_d423471d485bpos.htm,"Expedia, Inc.","1,059,410",152491476,485BPOS,SEC,html-text-fallback,reported-as-of
2017-09-30,2018-01-29,2018-01-29_0001193125-18-023862_d423471d485bpos.htm,"JD.com, Inc. ADR","7,004,502",267571977,485BPOS,SEC,html-text-fallback,reported-as-of
2017-09-30,2018-01-29,2018-01-29_0001193125-18-023862_d423471d485bpos.htm,"Liberty Interactive Corp. QVC Group, Series A","3,219,720",75888800,485BPOS,SEC,html-text-fallback,reported-as-of
2017-09-30,2018-01-29,2018-01-29_0001193125-18-023862_d423471d485bpos.htm,"Liberty Ventures, Series A","620,565",35713516,485BPOS,SEC,html-text-fallback,reported-as-of
2017-09-30,2018-01-29,2018-01-29_0001193125-18-023862_d423471d485bpos.htm,"NetFlix, Inc.","3,294,509",597459207,485BPOS,SEC,html-text-fallback,reported-as-of
2017-09-30,2018-01-29,2018-01-29_0001193125-18-023862_d423471d485bpos.htm,"Priceline Group, Inc. (The)","374,365",685394929,485BPOS,SEC,html-text-fallback,reported-as-of
2017-09-30,2018-01-29,2018-01-29_0001193125-18-023862_d423471d485bpos.htm,"Akamai Technologies, Inc.","1,308,100",63730632,485BPOS,SEC,html-text-fallback,reported-as-of
2017-09-30,2018-01-29,2018-01-29_0001193125-18-023862_d423471d485bpos.htm,"Alphabet, Inc., Class A","2,274,302",2214533343,485BPOS,SEC,html-text-fallback,reported-as-of
2017-09-30,2018-01-29,2018-01-29_0001193125-18-023862_d423471d485bpos.htm,"Alphabet, Inc., Class C","2,653,456",2544956184,485BPOS,SEC,html-text-fallback,reported-as-of
2017-09-30,2018-01-29,2018-01-29_0001193125-18-023862_d423471d485bpos.htm,"Baidu, Inc. ADR","2,102,422",520748905,485BPOS,SEC,html-text-fallback,reported-as-of
2017-09-30,2018-01-29,2018-01-29_0001193125-18-023862_d423471d485bpos.htm,"eBay, Inc.","8,167,130",314107820,485BPOS,SEC,html-text-fallback,reported-as-of
2017-09-30,2018-01-29,2018-01-29_0001193125-18-023862_d423471d485bpos.htm,"Facebook, Inc., Class A","18,086,933",3090514242,485BPOS,SEC,html-text-fallback,reported-as-of
2017-09-30,2018-01-29,2018-01-29_0001193125-18-023862_d423471d485bpos.htm,"MercadoLibre, Inc.","336,952",87246981,485BPOS,SEC,html-text-fallback,reported-as-of
2017-09-30,2018-01-29,2018-01-29_0001193125-18-023862_d423471d485bpos.htm,"NetEase, Inc. ADR","578,929",152727260,485BPOS,SEC,html-text-fallback,reported-as-of
2017-09-30,2018-01-29,2018-01-29_0001193125-18-023862_d423471d485bpos.htm,"Automatic Data Processing, Inc.","3,390,889",370691985,485BPOS,SEC,html-text-fallback,reported-as-of
2017-09-30,2018-01-29,2018-01-29_0001193125-18-023862_d423471d485bpos.htm,"Cognizant Technology Solutions Corp., Class A","4,506,826",326925158,485BPOS,SEC,html-text-fallback,reported-as-of
2017-09-30,2018-01-29,2018-01-29_0001193125-18-023862_d423471d485bpos.htm,"Fiserv, Inc.","1,606,000",207109760,485BPOS,SEC,html-text-fallback,reported-as-of
2017-09-30,2018-01-29,2018-01-29_0001193125-18-023862_d423471d485bpos.htm,"Paychex, Inc.","2,742,397",164434124,485BPOS,SEC,html-text-fallback,reported-as-of
2017-09-30,2018-01-29,2018-01-29_0001193125-18-023862_d423471d485bpos.htm,"Paypal Holdings, Inc.","9,174,963",587472881,485BPOS,SEC,html-text-fallback,reported-as-of
2017-09-30,2018-01-29,2018-01-29_0001193125-18-023862_d423471d485bpos.htm,"Hasbro, Inc.","954,462",93222304,485BPOS,SEC,html-text-fallback,reported-as-of
2017-09-30,2018-01-29,2018-01-29_0001193125-18-023862_d423471d485bpos.htm,"Mattel, Inc.","2,615,232",40483791,485BPOS,SEC,html-text-fallback,reported-as-of
2017-09-30,2018-01-29,2018-01-29_0001193125-18-023862_d423471d485bpos.htm,"Illumina, Inc.","1,114,100",221928720,485BPOS,SEC,html-text-fallback,reported-as-of
2017-09-30,2018-01-29,2018-01-29_0001193125-18-023862_d423471d485bpos.htm,"PACCAR, Inc.","2,681,248",193961480,485BPOS,SEC,html-text-fallback,reported-as-of
2017-09-30,2018-01-29,2018-01-29_0001193125-18-023862_d423471d485bpos.htm,"Charter Communications, Inc., Class A","1,967,787",715133151,485BPOS,SEC,html-text-fallback,reported-as-of
2017-09-30,2018-01-29,2018-01-29_0001193125-18-023862_d423471d485bpos.htm,"Comcast Corp., Class A","35,893,523",1381182765,485BPOS,SEC,html-text-fallback,reported-as-of
2017-09-30,2018-01-29,2018-01-29_0001193125-18-023862_d423471d485bpos.htm,"Discovery Communications, Inc., Class A","1,174,610",25007447,485BPOS,SEC,html-text-fallback,reported-as-of
2017-09-30,2018-01-29,2018-01-29_0001193125-18-023862_d423471d485bpos.htm,"Discovery Communications, Inc., Class C","1,667,456",33782658,485BPOS,SEC,html-text-fallback,reported-as-of
2017-09-30,2018-01-29,2018-01-29_0001193125-18-023862_d423471d485bpos.htm,"DISH Network Corp., Class A","1,737,352",94216599,485BPOS,SEC,html-text-fallback,reported-as-of
2017-09-30,2018-01-29,2018-01-29_0001193125-18-023862_d423471d485bpos.htm,"Liberty Global PLC, Class A","1,720,630",58346563,485BPOS,SEC,html-text-fallback,reported-as-of
2017-09-30,2018-01-29,2018-01-29_0001193125-18-023862_d423471d485bpos.htm,"Liberty Global PLC, Class C","4,544,486",148604692,485BPOS,SEC,html-text-fallback,reported-as-of
2017-09-30,2018-01-29,2018-01-29_0001193125-18-023862_d423471d485bpos.htm,"Liberty Global PLC Lilac, Class A","371,388",8824179,485BPOS,SEC,html-text-fallback,reported-as-of
2017-09-30,2018-01-29,2018-01-29_0001193125-18-023862_d423471d485bpos.htm,"Liberty Global PLC Lilac, Class C","921,623",21473816,485BPOS,SEC,html-text-fallback,reported-as-of
2017-09-30,2018-01-29,2018-01-29_0001193125-18-023862_d423471d485bpos.htm,"Sirius XM Holdings, Inc.","35,199,831",194303067,485BPOS,SEC,html-text-fallback,reported-as-of
2017-09-30,2018-01-29,2018-01-29_0001193125-18-023862_d423471d485bpos.htm,"Twenty-First Century Fox, Inc., Class A","8,031,470",211870179,485BPOS,SEC,html-text-fallback,reported-as-of
2017-09-30,2018-01-29,2018-01-29_0001193125-18-023862_d423471d485bpos.htm,"Twenty-First Century Fox, Inc., Class B","6,093,202",157143680,485BPOS,SEC,html-text-fallback,reported-as-of
2017-09-30,2018-01-29,2018-01-29_0001193125-18-023862_d423471d485bpos.htm,"Viacom, Inc., Class B","2,691,439",74929662,485BPOS,SEC,html-text-fallback,reported-as-of
2017-09-30,2018-01-29,2018-01-29_0001193125-18-023862_d423471d485bpos.htm,"Dollar Tree, Inc.","1,807,295",156909352,485BPOS,SEC,html-text-fallback,reported-as-of
2017-09-30,2018-01-29,2018-01-29_0001193125-18-023862_d423471d485bpos.htm,Mylan NV,"4,092,188",128371937,485BPOS,SEC,html-text-fallback,reported-as-of
2017-09-30,2018-01-29,2018-01-29_0001193125-18-023862_d423471d485bpos.htm,"Verisk Analytics, Inc.","1,255,683",104460269,485BPOS,SEC,html-text-fallback,reported-as-of
2017-09-30,2018-01-29,2018-01-29_0001193125-18-023862_d423471d485bpos.htm,CSX Corp.,"6,969,086",378142607,485BPOS,SEC,html-text-fallback,reported-as-of
2017-09-30,2018-01-29,2018-01-29_0001193125-18-023862_d423471d485bpos.htm,"JB Hunt Transport Services, Inc.","835,091",92761908,485BPOS,SEC,html-text-fallback,reported-as-of
2017-09-30,2018-01-29,2018-01-29_0001193125-18-023862_d423471d485bpos.htm,"Analog Devices, Inc.","2,805,509",241750710,485BPOS,SEC,html-text-fallback,reported-as-of
2017-09-30,2018-01-29,2018-01-29_0001193125-18-023862_d423471d485bpos.htm,"Applied Materials, Inc.","8,137,913",423903888,485BPOS,SEC,html-text-fallback,reported-as-of
2017-09-30,2018-01-29,2018-01-29_0001193125-18-023862_d423471d485bpos.htm,Broadcom Ltd.,"3,102,575",752498540,485BPOS,SEC,html-text-fallback,reported-as-of
2017-09-30,2018-01-29,2018-01-29_0001193125-18-023862_d423471d485bpos.htm,Intel Corp.,"35,855,976",1365395566,485BPOS,SEC,html-text-fallback,reported-as-of
2017-09-30,2018-01-29,2018-01-29_0001193125-18-023862_d423471d485bpos.htm,KLA-Tencor    Corp.,"1,196,799",126860694,485BPOS,SEC,html-text-fallback,reported-as-of
2017-09-30,2018-01-29,2018-01-29_0001193125-18-023862_d423471d485bpos.htm,Lam Research Corp.,"1,239,639",229382801,485BPOS,SEC,html-text-fallback,reported-as-of
2017-09-30,2018-01-29,2018-01-29_0001193125-18-023862_d423471d485bpos.htm,"Maxim Integrated Products, Inc.","2,152,367",102689430,485BPOS,SEC,html-text-fallback,reported-as-of
2017-09-30,2018-01-29,2018-01-29_0001193125-18-023862_d423471d485bpos.htm,"Microchip Technology, Inc.","1,775,867",159437339,485BPOS,SEC,html-text-fallback,reported-as-of
2017-09-30,2018-01-29,2018-01-29_0001193125-18-023862_d423471d485bpos.htm,"Micron Technology, Inc.","8,500,933",334341695,485BPOS,SEC,html-text-fallback,reported-as-of
2017-09-30,2018-01-29,2018-01-29_0001193125-18-023862_d423471d485bpos.htm,NVIDIA Corp.,"4,578,380",818476993,485BPOS,SEC,html-text-fallback,reported-as-of
2017-09-30,2018-01-29,2018-01-29_0001193125-18-023862_d423471d485bpos.htm,"QUALCOMM, Inc.","11,263,222",583885428,485BPOS,SEC,html-text-fallback,reported-as-of
2017-09-30,2018-01-29,2018-01-29_0001193125-18-023862_d423471d485bpos.htm,"Skyworks Solutions, Inc.","1,402,114",142875417,485BPOS,SEC,html-text-fallback,reported-as-of
2017-09-30,2018-01-29,2018-01-29_0001193125-18-023862_d423471d485bpos.htm,"Texas Instruments, Inc.","7,554,882",677219622,485BPOS,SEC,html-text-fallback,reported-as-of
2017-09-30,2018-01-29,2018-01-29_0001193125-18-023862_d423471d485bpos.htm,"Xilinx, Inc.","1,896,985",134363448,485BPOS,SEC,html-text-fallback,reported-as-of
2017-09-30,2018-01-29,2018-01-29_0001193125-18-023862_d423471d485bpos.htm,"Activision Blizzard, Inc.","5,760,464",371607533,485BPOS,SEC,html-text-fallback,reported-as-of
2017-09-30,2018-01-29,2018-01-29_0001193125-18-023862_d423471d485bpos.htm,"Adobe Systems, Inc.","3,764,970",561658225,485BPOS,SEC,html-text-fallback,reported-as-of
2017-09-30,2018-01-29,2018-01-29_0001193125-18-023862_d423471d485bpos.htm,"Autodesk, Inc.","1,672,604",187766525,485BPOS,SEC,html-text-fallback,reported-as-of
2017-09-30,2018-01-29,2018-01-29_0001193125-18-023862_d423471d485bpos.htm,"CA, Inc.","3,214,535",107301178,485BPOS,SEC,html-text-fallback,reported-as-of
2017-09-30,2018-01-29,2018-01-29_0001193125-18-023862_d423471d485bpos.htm,Check Point Software Technologies Ltd.,"1,247,182",142203692,485BPOS,SEC,html-text-fallback,reported-as-of
2017-09-30,2018-01-29,2018-01-29_0001193125-18-023862_d423471d485bpos.htm,"Citrix Systems, Inc.","1,156,150",88815443,485BPOS,SEC,html-text-fallback,reported-as-of
2017-09-30,2018-01-29,2018-01-29_0001193125-18-023862_d423471d485bpos.htm,"Electronic Arts, Inc.","2,355,790",278124567,485BPOS,SEC,html-text-fallback,reported-as-of
2017-09-30,2018-01-29,2018-01-29_0001193125-18-023862_d423471d485bpos.htm,"Intuit, Inc.","1,955,101",277898056,485BPOS,SEC,html-text-fallback,reported-as-of
2017-09-30,2018-01-29,2018-01-29_0001193125-18-023862_d423471d485bpos.htm,Microsoft Corp.,"58,772,378",4377954437,485BPOS,SEC,html-text-fallback,reported-as-of
2017-09-30,2018-01-29,2018-01-29_0001193125-18-023862_d423471d485bpos.htm,Symantec Corp.,"4,689,306",153856130,485BPOS,SEC,html-text-fallback,reported-as-of
2017-09-30,2018-01-29,2018-01-29_0001193125-18-023862_d423471d485bpos.htm,"O&#146;reilly Automotive, Inc.","671,682",144660152,485BPOS,SEC,html-text-fallback,reported-as-of
2017-09-30,2018-01-29,2018-01-29_0001193125-18-023862_d423471d485bpos.htm,"Ross Stores, Inc.","2,969,675",191751915,485BPOS,SEC,html-text-fallback,reported-as-of
2017-09-30,2018-01-29,2018-01-29_0001193125-18-023862_d423471d485bpos.htm,Tractor Supply Co.,"966,772",61187000,485BPOS,SEC,html-text-fallback,reported-as-of
2017-09-30,2018-01-29,2018-01-29_0001193125-18-023862_d423471d485bpos.htm,"Ulta Beauty, Inc.","468,776",105971502,485BPOS,SEC,html-text-fallback,reported-as-of
2017-09-30,2018-01-29,2018-01-29_0001193125-18-023862_d423471d485bpos.htm,"Apple, Inc.","39,413,497",6074408158,485BPOS,SEC,html-text-fallback,reported-as-of
2017-09-30,2018-01-29,2018-01-29_0001193125-18-023862_d423471d485bpos.htm,Seagate Technology PLC,"2,196,363",72853361,485BPOS,SEC,html-text-fallback,reported-as-of
2017-09-30,2018-01-29,2018-01-29_0001193125-18-023862_d423471d485bpos.htm,Western Digital Corp.,"2,250,096",194408294,485BPOS,SEC,html-text-fallback,reported-as-of
2017-09-30,2018-01-29,2018-01-29_0001193125-18-023862_d423471d485bpos.htm,Fastenal Co.,"2,197,431",100158905,485BPOS,SEC,html-text-fallback,reported-as-of
2017-09-30,2018-01-29,2018-01-29_0001193125-18-023862_d423471d485bpos.htm,"T-Mobile    US, Inc.","6,341,371",391008936,485BPOS,SEC,html-text-fallback,reported-as-of
2017-09-30,2018-01-29,2018-01-29_0001193125-18-023862_d423471d485bpos.htm,Vodafone Group PLC ADR,"3,545,726",100911362,485BPOS,SEC,html-text-fallback,reported-as-of
2018-09-30,2019-01-29,2019-01-29_0001193125-19-021082_d677442d485bpos.htm,"American Airlines Group, Inc.","3,887,457",160668598,485BPOS,SEC,html-text-fallback,reported-as-of
2018-09-30,2019-01-29,2019-01-29_0001193125-19-021082_d677442d485bpos.htm,"Tesla, Inc.","1,440,069",381287069,485BPOS,SEC,html-text-fallback,reported-as-of
2018-09-30,2019-01-29,2019-01-29_0001193125-19-021082_d677442d485bpos.htm,Monster Beverage Corp.,"4,664,242",271832024,485BPOS,SEC,html-text-fallback,reported-as-of
2018-09-30,2019-01-29,2019-01-29_0001193125-19-021082_d677442d485bpos.htm,"PepsiCo, Inc.","11,939,060",1334786908,485BPOS,SEC,html-text-fallback,reported-as-of
2018-09-30,2019-01-29,2019-01-29_0001193125-19-021082_d677442d485bpos.htm,"Alexion Pharmaceuticals, Inc.","1,881,351",261526602,485BPOS,SEC,html-text-fallback,reported-as-of
2018-09-30,2019-01-29,2019-01-29_0001193125-19-021082_d677442d485bpos.htm,"Amgen, Inc.","5,463,995",1132631524,485BPOS,SEC,html-text-fallback,reported-as-of
2018-09-30,2019-01-29,2019-01-29_0001193125-19-021082_d677442d485bpos.htm,"Biogen, Inc.","1,700,515",600808955,485BPOS,SEC,html-text-fallback,reported-as-of
2018-09-30,2019-01-29,2019-01-29_0001193125-19-021082_d677442d485bpos.htm,"BioMarin Pharmaceutical, Inc.","1,499,218",145379169,485BPOS,SEC,html-text-fallback,reported-as-of
2018-09-30,2019-01-29,2019-01-29_0001193125-19-021082_d677442d485bpos.htm,Celgene Corp.,"5,937,555",531351797,485BPOS,SEC,html-text-fallback,reported-as-of
2018-09-30,2019-01-29,2019-01-29_0001193125-19-021082_d677442d485bpos.htm,"Gilead Sciences, Inc.","10,943,151",844920689,485BPOS,SEC,html-text-fallback,reported-as-of
2018-09-30,2019-01-29,2019-01-29_0001193125-19-021082_d677442d485bpos.htm,Incyte Corp.,"1,794,541",123966892,485BPOS,SEC,html-text-fallback,reported-as-of
2018-09-30,2019-01-29,2019-01-29_0001193125-19-021082_d677442d485bpos.htm,"Regeneron Pharmaceuticals, Inc.","896,074",362049739,485BPOS,SEC,html-text-fallback,reported-as-of
2018-09-30,2019-01-29,2019-01-29_0001193125-19-021082_d677442d485bpos.htm,Shire PLC ADR,"572,130",103710005,485BPOS,SEC,html-text-fallback,reported-as-of
2018-09-30,2019-01-29,2019-01-29_0001193125-19-021082_d677442d485bpos.htm,"Vertex Pharmaceuticals, Inc.","2,157,292",415796460,485BPOS,SEC,html-text-fallback,reported-as-of
2018-09-30,2019-01-29,2019-01-29_0001193125-19-021082_d677442d485bpos.htm,Cintas Corp.,"897,203",177475725,485BPOS,SEC,html-text-fallback,reported-as-of
2018-09-30,2019-01-29,2019-01-29_0001193125-19-021082_d677442d485bpos.htm,"Cisco Systems, Inc.","39,699,756",1931393129,485BPOS,SEC,html-text-fallback,reported-as-of
2018-09-30,2019-01-29,2019-01-29_0001193125-19-021082_d677442d485bpos.htm,"Apple, Inc.","40,772,214",9203919588,485BPOS,SEC,html-text-fallback,reported-as-of
2018-09-30,2019-01-29,2019-01-29_0001193125-19-021082_d677442d485bpos.htm,Seagate Technology PLC,"2,424,313",114791221,485BPOS,SEC,html-text-fallback,reported-as-of
2018-09-30,2019-01-29,2019-01-29_0001193125-19-021082_d677442d485bpos.htm,Western Digital Corp.,"2,459,477",143977784,485BPOS,SEC,html-text-fallback,reported-as-of
2018-09-30,2019-01-29,2019-01-29_0001193125-19-021082_d677442d485bpos.htm,"Activision Blizzard, Inc.","6,435,896",535402188,485BPOS,SEC,html-text-fallback,reported-as-of
2018-09-30,2019-01-29,2019-01-29_0001193125-19-021082_d677442d485bpos.htm,"Electronic Arts, Inc.","2,573,219",310047157,485BPOS,SEC,html-text-fallback,reported-as-of
2018-09-30,2019-01-29,2019-01-29_0001193125-19-021082_d677442d485bpos.htm,"NetEase, Inc. ADR","644,350",147072887,485BPOS,SEC,html-text-fallback,reported-as-of
2018-09-30,2019-01-29,2019-01-29_0001193125-19-021082_d677442d485bpos.htm,"Netflix, Inc.","3,675,907",1375267086,485BPOS,SEC,html-text-fallback,reported-as-of
2018-09-30,2019-01-29,2019-01-29_0001193125-19-021082_d677442d485bpos.htm,"Take-Two    Interactive Software,   Inc.","960,926",132598179,485BPOS,SEC,html-text-fallback,reported-as-of
2018-09-30,2019-01-29,2019-01-29_0001193125-19-021082_d677442d485bpos.htm,"Twenty-First Century Fox, Inc., Class A","8,897,905",412239939,485BPOS,SEC,html-text-fallback,reported-as-of
2018-09-30,2019-01-29,2019-01-29_0001193125-19-021082_d677442d485bpos.htm,"Twenty-First Century Fox, Inc., Class B","6,740,841",308865335,485BPOS,SEC,html-text-fallback,reported-as-of
2018-09-30,2019-01-29,2019-01-29_0001193125-19-021082_d677442d485bpos.htm,Costco Wholesale Corp.,"3,702,071",869542436,485BPOS,SEC,html-text-fallback,reported-as-of
2018-09-30,2019-01-29,2019-01-29_0001193125-19-021082_d677442d485bpos.htm,"Walgreens Boots Alliance, Inc.","8,377,450",610716105,485BPOS,SEC,html-text-fallback,reported-as-of
2018-09-30,2019-01-29,2019-01-29_0001193125-19-021082_d677442d485bpos.htm,Kraft Heinz Co. (The),"10,292,357",567211795,485BPOS,SEC,html-text-fallback,reported-as-of
2018-09-30,2019-01-29,2019-01-29_0001193125-19-021082_d677442d485bpos.htm,"Mondelez International, Inc., Class A","12,380,144",531850986,485BPOS,SEC,html-text-fallback,reported-as-of
2018-09-30,2019-01-29,2019-01-29_0001193125-19-021082_d677442d485bpos.htm,"Align Technology, Inc.","677,986",265241683,485BPOS,SEC,html-text-fallback,reported-as-of
2018-09-30,2019-01-29,2019-01-29_0001193125-19-021082_d677442d485bpos.htm,"DENTSPLY Sirona, Inc.","1,876,949",70836055,485BPOS,SEC,html-text-fallback,reported-as-of
2018-09-30,2019-01-29,2019-01-29_0001193125-19-021082_d677442d485bpos.htm,"Hologic, Inc.","2,297,164",94137781,485BPOS,SEC,html-text-fallback,reported-as-of
2018-09-30,2019-01-29,2019-01-29_0001193125-19-021082_d677442d485bpos.htm,"IDEXX Laboratories, Inc.","730,984",182497465,485BPOS,SEC,html-text-fallback,reported-as-of
2018-09-30,2019-01-29,2019-01-29_0001193125-19-021082_d677442d485bpos.htm,"Intuitive Surgical, Inc.","960,240",551177760,485BPOS,SEC,html-text-fallback,reported-as-of
2018-09-30,2019-01-29,2019-01-29_0001193125-19-021082_d677442d485bpos.htm,Express Scripts Holding Co.,"4,746,142",450930952,485BPOS,SEC,html-text-fallback,reported-as-of
2018-09-30,2019-01-29,2019-01-29_0001193125-19-021082_d677442d485bpos.htm,"Henry Schein, Inc.","1,292,574",109907567,485BPOS,SEC,html-text-fallback,reported-as-of
2018-09-30,2019-01-29,2019-01-29_0001193125-19-021082_d677442d485bpos.htm,Cerner Corp.,"2,777,290",178885249,485BPOS,SEC,html-text-fallback,reported-as-of
2018-09-30,2019-01-29,2019-01-29_0001193125-19-021082_d677442d485bpos.htm,"Marriott International, Inc., Class A","2,929,086",386727225,485BPOS,SEC,html-text-fallback,reported-as-of
2018-09-30,2019-01-29,2019-01-29_0001193125-19-021082_d677442d485bpos.htm,Starbucks Corp.,"11,388,525",647323761,485BPOS,SEC,html-text-fallback,reported-as-of
2018-09-30,2019-01-29,2019-01-29_0001193125-19-021082_d677442d485bpos.htm,Wynn Resorts Ltd.,"917,073",116523295,485BPOS,SEC,html-text-fallback,reported-as-of
2018-09-30,2019-01-29,2019-01-29_0001193125-19-021082_d677442d485bpos.htm,"Alphabet, Inc., Class A","2,523,269",3045787544,485BPOS,SEC,html-text-fallback,reported-as-of
2018-09-30,2019-01-29,2019-01-29_0001193125-19-021082_d677442d485bpos.htm,"Alphabet, Inc., Class C","2,953,515",3524931547,485BPOS,SEC,html-text-fallback,reported-as-of
2018-09-30,2019-01-29,2019-01-29_0001193125-19-021082_d677442d485bpos.htm,"Baidu, Inc. ADR","2,369,851",541937527,485BPOS,SEC,html-text-fallback,reported-as-of
2018-09-30,2019-01-29,2019-01-29_0001193125-19-021082_d677442d485bpos.htm,"Facebook, Inc., Class A","20,358,397",3348141971,485BPOS,SEC,html-text-fallback,reported-as-of
2018-09-30,2019-01-29,2019-01-29_0001193125-19-021082_d677442d485bpos.htm,"Amazon.com, Inc.","4,117,356",8247064068,485BPOS,SEC,html-text-fallback,reported-as-of
2018-09-30,2019-01-29,2019-01-29_0001193125-19-021082_d677442d485bpos.htm,"Booking Holdings, Inc.","400,671",794931264,485BPOS,SEC,html-text-fallback,reported-as-of
2018-09-30,2019-01-29,2019-01-29_0001193125-19-021082_d677442d485bpos.htm,Ctrip.com International Ltd. ADR,"3,933,148",146195111,485BPOS,SEC,html-text-fallback,reported-as-of
2018-09-30,2019-01-29,2019-01-29_0001193125-19-021082_d677442d485bpos.htm,"eBay, Inc.","8,353,295",275825801,485BPOS,SEC,html-text-fallback,reported-as-of
2018-09-30,2019-01-29,2019-01-29_0001193125-19-021082_d677442d485bpos.htm,"Expedia Group, Inc.","1,153,548",150514943,485BPOS,SEC,html-text-fallback,reported-as-of
2018-09-30,2019-01-29,2019-01-29_0001193125-19-021082_d677442d485bpos.htm,"JD.com, Inc. ADR","7,788,472",203201234,485BPOS,SEC,html-text-fallback,reported-as-of
2018-09-30,2019-01-29,2019-01-29_0001193125-19-021082_d677442d485bpos.htm,"MercadoLibre, Inc.","372,783",126921428,485BPOS,SEC,html-text-fallback,reported-as-of
2018-09-30,2019-01-29,2019-01-29_0001193125-19-021082_d677442d485bpos.htm,"Qurate Retail, Inc.","3,638,570",80812640,485BPOS,SEC,html-text-fallback,reported-as-of
2018-09-30,2019-01-29,2019-01-29_0001193125-19-021082_d677442d485bpos.htm,"Automatic Data Processing, Inc.","3,698,106",557156650,485BPOS,SEC,html-text-fallback,reported-as-of
2018-09-30,2019-01-29,2019-01-29_0001193125-19-021082_d677442d485bpos.htm,"Cognizant Technology Solutions Corp., Class A","4,898,112",377889341,485BPOS,SEC,html-text-fallback,reported-as-of
2018-09-30,2019-01-29,2019-01-29_0001193125-19-021082_d677442d485bpos.htm,"Fiserv, Inc.","3,418,253",281595682,485BPOS,SEC,html-text-fallback,reported-as-of
2018-09-30,2019-01-29,2019-01-29_0001193125-19-021082_d677442d485bpos.htm,"Paychex, Inc.","3,030,502",223196472,485BPOS,SEC,html-text-fallback,reported-as-of
2018-09-30,2019-01-29,2019-01-29_0001193125-19-021082_d677442d485bpos.htm,"Paypal Holdings, Inc.","9,991,997",877697017,485BPOS,SEC,html-text-fallback,reported-as-of
2018-09-30,2019-01-29,2019-01-29_0001193125-19-021082_d677442d485bpos.htm,"Hasbro, Inc.","1,071,596",112646172,485BPOS,SEC,html-text-fallback,reported-as-of
2018-09-30,2019-01-29,2019-01-29_0001193125-19-021082_d677442d485bpos.htm,"Illumina, Inc.","1,240,912",455489159,485BPOS,SEC,html-text-fallback,reported-as-of
2018-09-30,2019-01-29,2019-01-29_0001193125-19-021082_d677442d485bpos.htm,"PACCAR, Inc.","2,959,117",201782188,485BPOS,SEC,html-text-fallback,reported-as-of
2018-09-30,2019-01-29,2019-01-29_0001193125-19-021082_d677442d485bpos.htm,"Charter Communications, Inc., Class A","1,957,287",637840688,485BPOS,SEC,html-text-fallback,reported-as-of
2018-09-30,2019-01-29,2019-01-29_0001193125-19-021082_d677442d485bpos.htm,"Comcast Corp., Class A","38,599,096",1366793989,485BPOS,SEC,html-text-fallback,reported-as-of
2018-09-30,2019-01-29,2019-01-29_0001193125-19-021082_d677442d485bpos.htm,"Liberty Global PLC, Class A","1,743,776",50447440,485BPOS,SEC,html-text-fallback,reported-as-of
2018-09-30,2019-01-29,2019-01-29_0001193125-19-021082_d677442d485bpos.htm,"Liberty Global PLC, Class C","4,660,419",131237399,485BPOS,SEC,html-text-fallback,reported-as-of
2018-09-30,2019-01-29,2019-01-29_0001193125-19-021082_d677442d485bpos.htm,"Sirius XM Holdings, Inc.","37,886,679",239443811,485BPOS,SEC,html-text-fallback,reported-as-of
2018-09-30,2019-01-29,2019-01-29_0001193125-19-021082_d677442d485bpos.htm,"Dollar Tree, Inc.","2,008,231",163771238,485BPOS,SEC,html-text-fallback,reported-as-of
2018-09-30,2019-01-29,2019-01-29_0001193125-19-021082_d677442d485bpos.htm,Mylan NV,"4,352,157",159288946,485BPOS,SEC,html-text-fallback,reported-as-of
2018-09-30,2019-01-29,2019-01-29_0001193125-19-021082_d677442d485bpos.htm,"Verisk Analytics, Inc.","1,390,415",167614528,485BPOS,SEC,html-text-fallback,reported-as-of
2018-09-30,2019-01-29,2019-01-29_0001193125-19-021082_d677442d485bpos.htm,CSX Corp.,"7,249,784",536846505,485BPOS,SEC,html-text-fallback,reported-as-of
2018-09-30,2019-01-29,2019-01-29_0001193125-19-021082_d677442d485bpos.htm,"JB Hunt Transport Services, Inc.","923,029",109785069,485BPOS,SEC,html-text-fallback,reported-as-of
2018-09-30,2019-01-29,2019-01-29_0001193125-19-021082_d677442d485bpos.htm,"Analog Devices, Inc.","3,137,563",290099075,485BPOS,SEC,html-text-fallback,reported-as-of
2018-09-30,2019-01-29,2019-01-29_0001193125-19-021082_d677442d485bpos.htm,"Applied Materials, Inc.","8,297,919",320714569,485BPOS,SEC,html-text-fallback,reported-as-of
2018-09-30,2019-01-29,2019-01-29_0001193125-19-021082_d677442d485bpos.htm,ASML Holding NV,"611,304",114937378,485BPOS,SEC,html-text-fallback,reported-as-of
2018-09-30,2019-01-29,2019-01-29_0001193125-19-021082_d677442d485bpos.htm,"Broadcom, Inc.","3,644,027",899090782,485BPOS,SEC,html-text-fallback,reported-as-of
2018-09-30,2019-01-29,2019-01-29_0001193125-19-021082_d677442d485bpos.htm,Intel Corp.,"38,924,222",1840726459,485BPOS,SEC,html-text-fallback,reported-as-of
2018-09-30,2019-01-29,2019-01-29_0001193125-19-021082_d677442d485bpos.htm,KLA-Tencor    Corp.,"1,317,990",134052763,485BPOS,SEC,html-text-fallback,reported-as-of
2018-09-30,2019-01-29,2019-01-29_0001193125-19-021082_d677442d485bpos.htm,Lam Research Corp.,"1,330,183",201788761,485BPOS,SEC,html-text-fallback,reported-as-of
2018-09-30,2019-01-29,2019-01-29_0001193125-19-021082_d677442d485bpos.htm,"Maxim Integrated Products, Inc.","2,346,913",132342424,485BPOS,SEC,html-text-fallback,reported-as-of
2018-09-30,2019-01-29,2019-01-29_0001193125-19-021082_d677442d485bpos.htm,"Microchip Technology, Inc.","1,988,484",156911273,485BPOS,SEC,html-text-fallback,reported-as-of
2018-09-30,2019-01-29,2019-01-29_0001193125-19-021082_d677442d485bpos.htm,"Micron Technology, Inc.","9,790,623",442829878,485BPOS,SEC,html-text-fallback,reported-as-of
2018-09-30,2019-01-29,2019-01-29_0001193125-19-021082_d677442d485bpos.htm,NVIDIA Corp.,"5,132,419",1442312387,485BPOS,SEC,html-text-fallback,reported-as-of
2018-09-30,2019-01-29,2019-01-29_0001193125-19-021082_d677442d485bpos.htm,"QUALCOMM, Inc.","12,401,544",893283214,485BPOS,SEC,html-text-fallback,reported-as-of
2018-09-30,2019-01-29,2019-01-29_0001193125-19-021082_d677442d485bpos.htm,"Skyworks Solutions, Inc.","1,510,898",137053558,485BPOS,SEC,html-text-fallback,reported-as-of
2018-09-30,2019-01-29,2019-01-29_0001193125-19-021082_d677442d485bpos.htm,"Texas Instruments, Inc.","8,206,870",880515082,485BPOS,SEC,html-text-fallback,reported-as-of
2018-09-30,2019-01-29,2019-01-29_0001193125-19-021082_d677442d485bpos.htm,"Xilinx, Inc.","2,134,918",171156376,485BPOS,SEC,html-text-fallback,reported-as-of
2018-09-30,2019-01-29,2019-01-29_0001193125-19-021082_d677442d485bpos.htm,"Adobe Systems, Inc.","4,133,569",1115856951,485BPOS,SEC,html-text-fallback,reported-as-of
2018-09-30,2019-01-29,2019-01-29_0001193125-19-021082_d677442d485bpos.htm,"Autodesk, Inc.","1,845,469",288096166,485BPOS,SEC,html-text-fallback,reported-as-of
2018-09-30,2019-01-29,2019-01-29_0001193125-19-021082_d677442d485bpos.htm,"CA, Inc.","3,530,001",155849544,485BPOS,SEC,html-text-fallback,reported-as-of
2018-09-30,2019-01-29,2019-01-29_0001193125-19-021082_d677442d485bpos.htm,"Cadence Design Systems, Inc.","2,387,324",108193524,485BPOS,SEC,html-text-fallback,reported-as-of
2018-09-30,2019-01-29,2019-01-29_0001193125-19-021082_d677442d485bpos.htm,Check Point Software Technologies Ltd.,"1,318,709",155172488,485BPOS,SEC,html-text-fallback,reported-as-of
2018-09-30,2019-01-29,2019-01-29_0001193125-19-021082_d677442d485bpos.htm,"Citrix Systems, Inc.","1,145,178",127297986,485BPOS,SEC,html-text-fallback,reported-as-of
2018-09-30,2019-01-29,2019-01-29_0001193125-19-021082_d677442d485bpos.htm,"Intuit, Inc.","2,183,664",496565194,485BPOS,SEC,html-text-fallback,reported-as-of
2018-09-30,2019-01-29,2019-01-29_0001193125-19-021082_d677442d485bpos.htm,Microsoft Corp.,"64,731,916",7403389233,485BPOS,SEC,html-text-fallback,reported-as-of
2018-09-30,2019-01-29,2019-01-29_0001193125-19-021082_d677442d485bpos.htm,Symantec Corp.,"5,246,799",111651883,485BPOS,SEC,html-text-fallback,reported-as-of
2018-09-30,2019-01-29,2019-01-29_0001193125-19-021082_d677442d485bpos.htm,"Synopsys, Inc.","1,254,354",123691848,485BPOS,SEC,html-text-fallback,reported-as-of
2018-09-30,2019-01-29,2019-01-29_0001193125-19-021082_d677442d485bpos.htm,"Workday, Inc., Class A","1,232,481",179917576,485BPOS,SEC,html-text-fallback,reported-as-of
2018-09-30,2019-01-29,2019-01-29_0001193125-19-021082_d677442d485bpos.htm,"O&#146;Reilly Automotive, Inc.","680,148",236229003,485BPOS,SEC,html-text-fallback,reported-as-of
2018-09-30,2019-01-29,2019-01-29_0001193125-19-021082_d677442d485bpos.htm,"Ross Stores, Inc.","3,178,649",315004116,485BPOS,SEC,html-text-fallback,reported-as-of
2018-09-30,2019-01-29,2019-01-29_0001193125-19-021082_d677442d485bpos.htm,"Ulta Beauty, Inc.","504,480",142323898,485BPOS,SEC,html-text-fallback,reported-as-of
2018-09-30,2019-01-29,2019-01-29_0001193125-19-021082_d677442d485bpos.htm,Fastenal Co.,"2,422,364",140545559,485BPOS,SEC,html-text-fallback,reported-as-of
2018-09-30,2019-01-29,2019-01-29_0001193125-19-021082_d677442d485bpos.htm,"T-Mobile    US, Inc.","7,151,911",501921114,485BPOS,SEC,html-text-fallback,reported-as-of
2018-09-30,2019-01-29,2019-01-29_0001193125-19-021082_d677442d485bpos.htm,Vodafone Group PLC ADR,"4,008,707",86988942,485BPOS,SEC,html-text-fallback,reported-as-of
2019-09-30,2020-01-29,2020-01-29_0001193125-20-018563_d835635d485bpos.htm,"American Airlines Group, Inc.",4013267,108237811,485BPOS,SEC,html-table,reported-as-of
2019-09-30,2020-01-29,2020-01-29_0001193125-20-018563_d835635d485bpos.htm,"United Airlines Holdings, Inc. (b)",2315626,204724495,485BPOS,SEC,html-table,reported-as-of
2019-09-30,2020-01-29,2020-01-29_0001193125-20-018563_d835635d485bpos.htm,"Tesla, Inc. (b)",1614507,388886301,485BPOS,SEC,html-table,reported-as-of
2019-09-30,2020-01-29,2020-01-29_0001193125-20-018563_d835635d485bpos.htm,Monster Beverage Corp. (b),4911062,285136260,485BPOS,SEC,html-table,reported-as-of
2019-09-30,2020-01-29,2020-01-29_0001193125-20-018563_d835635d485bpos.htm,"PepsiCo, Inc.",12601824,1727710070,485BPOS,SEC,html-table,reported-as-of
2019-09-30,2020-01-29,2020-01-29_0001193125-20-018563_d835635d485bpos.htm,"Alexion Pharmaceuticals, Inc. (b)",2020945,197931353,485BPOS,SEC,html-table,reported-as-of
2019-09-30,2020-01-29,2020-01-29_0001193125-20-018563_d835635d485bpos.htm,"Amgen, Inc.",5405178,1045955995,485BPOS,SEC,html-table,reported-as-of
2019-09-30,2020-01-29,2020-01-29_0001193125-20-018563_d835635d485bpos.htm,"Biogen, Inc. (b)",1662406,387041365,485BPOS,SEC,html-table,reported-as-of
2019-09-30,2020-01-29,2020-01-29_0001193125-20-018563_d835635d485bpos.htm,"BioMarin Pharmaceutical, Inc. (b)",1617471,109017545,485BPOS,SEC,html-table,reported-as-of
2019-09-30,2020-01-29,2020-01-29_0001193125-20-018563_d835635d485bpos.htm,Celgene Corp. (b),6387911,634319562,485BPOS,SEC,html-table,reported-as-of
2019-09-30,2020-01-29,2020-01-29_0001193125-20-018563_d835635d485bpos.htm,"Gilead Sciences, Inc.",11414591,723456778,485BPOS,SEC,html-table,reported-as-of
2019-09-30,2020-01-29,2020-01-29_0001193125-20-018563_d835635d485bpos.htm,Incyte Corp. (b),1938443,143890624,485BPOS,SEC,html-table,reported-as-of
2019-09-30,2020-01-29,2020-01-29_0001193125-20-018563_d835635d485bpos.htm,"Regeneron Pharmaceuticals, Inc. (b)",973214,269969564,485BPOS,SEC,html-table,reported-as-of
2019-09-30,2020-01-29,2020-01-29_0001193125-20-018563_d835635d485bpos.htm,"Vertex Pharmaceuticals, Inc. (b)",2316650,392486843,485BPOS,SEC,html-table,reported-as-of
2019-09-30,2020-01-29,2020-01-29_0001193125-20-018563_d835635d485bpos.htm,Cintas Corp.,923731,247652281,485BPOS,SEC,html-table,reported-as-of
2019-09-30,2020-01-29,2020-01-29_0001193125-20-018563_d835635d485bpos.htm,"Cisco Systems, Inc.",38582510,1906361819,485BPOS,SEC,html-table,reported-as-of
2019-09-30,2020-01-29,2020-01-29_0001193125-20-018563_d835635d485bpos.htm,"Xcel Energy, Inc.",4641846,301209387,485BPOS,SEC,html-table,reported-as-of
2019-09-30,2020-01-29,2020-01-29_0001193125-20-018563_d835635d485bpos.htm,"Activision Blizzard, Inc.",6913241,365848714,485BPOS,SEC,html-table,reported-as-of
2019-09-30,2020-01-29,2020-01-29_0001193125-20-018563_d835635d485bpos.htm,"Electronic Arts, Inc. (b)",2656203,259829777,485BPOS,SEC,html-table,reported-as-of
2019-09-30,2020-01-29,2020-01-29_0001193125-20-018563_d835635d485bpos.htm,"NetEase, Inc., ADR (China)",657574,175033047,485BPOS,SEC,html-table,reported-as-of
2019-09-30,2020-01-29,2020-01-29_0001193125-20-018563_d835635d485bpos.htm,"Netflix, Inc. (b)",3946232,1056090608,485BPOS,SEC,html-table,reported-as-of
2019-09-30,2020-01-29,2020-01-29_0001193125-20-018563_d835635d485bpos.htm,"Take-Two Interactive Software, Inc. (b)",1020038,127851563,485BPOS,SEC,html-table,reported-as-of
2019-09-30,2020-01-29,2020-01-29_0001193125-20-018563_d835635d485bpos.htm,Costco Wholesale Corp.,3963791,1142007825,485BPOS,SEC,html-table,reported-as-of
2019-09-30,2020-01-29,2020-01-29_0001193125-20-018563_d835635d485bpos.htm,"Walgreens Boots Alliance, Inc.",8140112,450229595,485BPOS,SEC,html-table,reported-as-of
2019-09-30,2020-01-29,2020-01-29_0001193125-20-018563_d835635d485bpos.htm,Kraft Heinz Co. (The),10995870,307169628,485BPOS,SEC,html-table,reported-as-of
2019-09-30,2020-01-29,2020-01-29_0001193125-20-018563_d835635d485bpos.htm,"Mondelez International, Inc., Class A",12998237,719062471,485BPOS,SEC,html-table,reported-as-of
2019-09-30,2020-01-29,2020-01-29_0001193125-20-018563_d835635d485bpos.htm,"Align Technology, Inc. (b)",719903,130244851,485BPOS,SEC,html-table,reported-as-of
2019-09-30,2020-01-29,2020-01-29_0001193125-20-018563_d835635d485bpos.htm,"IDEXX Laboratories, Inc. (b)",775957,211005987,485BPOS,SEC,html-table,reported-as-of
2019-09-30,2020-01-29,2020-01-29_0001193125-20-018563_d835635d485bpos.htm,"Intuitive Surgical, Inc. (b)",1038811,560885223,485BPOS,SEC,html-table,reported-as-of
2019-09-30,2020-01-29,2020-01-29_0001193125-20-018563_d835635d485bpos.htm,"Henry Schein, Inc. (b)",1336288,84854288,485BPOS,SEC,html-table,reported-as-of
2019-09-30,2020-01-29,2020-01-29_0001193125-20-018563_d835635d485bpos.htm,Cerner Corp.,2869698,195627313,485BPOS,SEC,html-table,reported-as-of
2019-09-30,2020-01-29,2020-01-29_0001193125-20-018563_d835635d485bpos.htm,"Marriott International, Inc., Class A",2968516,369194335,485BPOS,SEC,html-table,reported-as-of
2019-09-30,2020-01-29,2020-01-29_0001193125-20-018563_d835635d485bpos.htm,Starbucks Corp.,10788645,953931991,485BPOS,SEC,html-table,reported-as-of
2019-09-30,2020-01-29,2020-01-29_0001193125-20-018563_d835635d485bpos.htm,"Wynn Resorts, Ltd.",969964,105454486,485BPOS,SEC,html-table,reported-as-of
2019-09-30,2020-01-29,2020-01-29_0001193125-20-018563_d835635d485bpos.htm,Willis Towers Watson PLC,1161574,224148935,485BPOS,SEC,html-table,reported-as-of
2019-09-30,2020-01-29,2020-01-29_0001193125-20-018563_d835635d485bpos.htm,"Alphabet, Inc., Class A (b)",2500420,3053362879,485BPOS,SEC,html-table,reported-as-of
2019-09-30,2020-01-29,2020-01-29_0001193125-20-018563_d835635d485bpos.htm,"Alphabet, Inc., Class C (b)",2842390,3464873410,485BPOS,SEC,html-table,reported-as-of
2019-09-30,2020-01-29,2020-01-29_0001193125-20-018563_d835635d485bpos.htm,"Baidu, Inc., ADR (China) (b)",2538641,260870749,485BPOS,SEC,html-table,reported-as-of
2019-09-30,2020-01-29,2020-01-29_0001193125-20-018563_d835635d485bpos.htm,"Facebook, Inc., Class A (b)",19722486,3512180307,485BPOS,SEC,html-table,reported-as-of
2019-09-30,2020-01-29,2020-01-29_0001193125-20-018563_d835635d485bpos.htm,"Amazon.com, Inc. (b)",4018060,6974990535,485BPOS,SEC,html-table,reported-as-of
2019-09-30,2020-01-29,2020-01-29_0001193125-20-018563_d835635d485bpos.htm,"Booking Holdings, Inc. (b)",383163,751999535,485BPOS,SEC,html-table,reported-as-of
2019-09-30,2020-01-29,2020-01-29_0001193125-20-018563_d835635d485bpos.htm,"Ctrip.com International, Ltd., ADR (China) (b)",4389159,128558467,485BPOS,SEC,html-table,reported-as-of
2019-09-30,2020-01-29,2020-01-29_0001193125-20-018563_d835635d485bpos.htm,"eBay, Inc.",7559843,294682680,485BPOS,SEC,html-table,reported-as-of
2019-09-30,2020-01-29,2020-01-29_0001193125-20-018563_d835635d485bpos.htm,"Expedia Group, Inc.",1233297,165767450,485BPOS,SEC,html-table,reported-as-of
2019-09-30,2020-01-29,2020-01-29_0001193125-20-018563_d835635d485bpos.htm,"JD.com, Inc., ADR (China) (b)",8339203,235248917,485BPOS,SEC,html-table,reported-as-of
2019-09-30,2020-01-29,2020-01-29_0001193125-20-018563_d835635d485bpos.htm,"MercadoLibre, Inc. (Argentina) (b)",448037,246971435,485BPOS,SEC,html-table,reported-as-of
2019-09-30,2020-01-29,2020-01-29_0001193125-20-018563_d835635d485bpos.htm,"Automatic Data Processing, Inc.",3911163,631339931,485BPOS,SEC,html-table,reported-as-of
2019-09-30,2020-01-29,2020-01-29_0001193125-20-018563_d835635d485bpos.htm,"Cognizant Technology Solutions Corp., Class A",4977855,299990432,485BPOS,SEC,html-table,reported-as-of
2019-09-30,2020-01-29,2020-01-29_0001193125-20-018563_d835635d485bpos.htm,"Fiserv, Inc. (b)",6126025,634594930,485BPOS,SEC,html-table,reported-as-of
2019-09-30,2020-01-29,2020-01-29_0001193125-20-018563_d835635d485bpos.htm,"Paychex, Inc.",3238792,268074814,485BPOS,SEC,html-table,reported-as-of
2019-09-30,2020-01-29,2020-01-29_0001193125-20-018563_d835635d485bpos.htm,"PayPal Holdings, Inc. (b)",10605456,1098619187,485BPOS,SEC,html-table,reported-as-of
2019-09-30,2020-01-29,2020-01-29_0001193125-20-018563_d835635d485bpos.htm,"VeriSign, Inc. (b)",1066904,201250101,485BPOS,SEC,html-table,reported-as-of
2019-09-30,2020-01-29,2020-01-29_0001193125-20-018563_d835635d485bpos.htm,"Hasbro, Inc.",1137471,135006433,485BPOS,SEC,html-table,reported-as-of
2019-09-30,2020-01-29,2020-01-29_0001193125-20-018563_d835635d485bpos.htm,"Illumina, Inc. (b)",1324949,403075985,485BPOS,SEC,html-table,reported-as-of
2019-09-30,2020-01-29,2020-01-29_0001193125-20-018563_d835635d485bpos.htm,"PACCAR, Inc.",3121902,218564359,485BPOS,SEC,html-table,reported-as-of
2019-09-30,2020-01-29,2020-01-29_0001193125-20-018563_d835635d485bpos.htm,"Charter Communications, Inc., Class A (b)",1996169,822661169,485BPOS,SEC,html-table,reported-as-of
2019-09-30,2020-01-29,2020-01-29_0001193125-20-018563_d835635d485bpos.htm,"Comcast Corp., Class A",40879148,1842831992,485BPOS,SEC,html-table,reported-as-of
2019-09-30,2020-01-29,2020-01-29_0001193125-20-018563_d835635d485bpos.htm,"Fox Corp., Class A",3110744,98097312,485BPOS,SEC,html-table,reported-as-of
2019-09-30,2020-01-29,2020-01-29_0001193125-20-018563_d835635d485bpos.htm,"Fox Corp., Class B",2366122,74627488,485BPOS,SEC,html-table,reported-as-of
2019-09-30,2020-01-29,2020-01-29_0001193125-20-018563_d835635d485bpos.htm,"Liberty Global PLC, Class C (United Kingdom) (b)",4625532,110041406,485BPOS,SEC,html-table,reported-as-of
2019-09-30,2020-01-29,2020-01-29_0001193125-20-018563_d835635d485bpos.htm,"Liberty Global PLC, Series A (United Kingdom) (b)",1847859,45734510,485BPOS,SEC,html-table,reported-as-of
2019-09-30,2020-01-29,2020-01-29_0001193125-20-018563_d835635d485bpos.htm,"Sirius XM Holdings, Inc.",40106495,250866126,485BPOS,SEC,html-table,reported-as-of
2019-09-30,2020-01-29,2020-01-29_0001193125-20-018563_d835635d485bpos.htm,"Dollar Tree, Inc. (b)",2132688,243467662,485BPOS,SEC,html-table,reported-as-of
2019-09-30,2020-01-29,2020-01-29_0001193125-20-018563_d835635d485bpos.htm,Mylan N.V. (b),4649591,91968910,485BPOS,SEC,html-table,reported-as-of
2019-09-30,2020-01-29,2020-01-29_0001193125-20-018563_d835635d485bpos.htm,"Verisk Analytics, Inc.",1473652,233043327,485BPOS,SEC,html-table,reported-as-of
2019-09-30,2020-01-29,2020-01-29_0001193125-20-018563_d835635d485bpos.htm,CSX Corp.,7194018,498329627,485BPOS,SEC,html-table,reported-as-of
2019-09-30,2020-01-29,2020-01-29_0001193125-20-018563_d835635d485bpos.htm,"J.B. Hunt Transport Services, Inc.",962321,106480818,485BPOS,SEC,html-table,reported-as-of
2019-09-30,2020-01-29,2020-01-29_0001193125-20-018563_d835635d485bpos.htm,"Advanced Micro Devices, Inc. (b)",9784075,283640334,485BPOS,SEC,html-table,reported-as-of
2019-09-30,2020-01-29,2020-01-29_0001193125-20-018563_d835635d485bpos.htm,"Analog Devices, Inc.",3329485,372003359,485BPOS,SEC,html-table,reported-as-of
2019-09-30,2020-01-29,2020-01-29_0001193125-20-018563_d835635d485bpos.htm,"Applied Materials, Inc.",8325868,415460813,485BPOS,SEC,html-table,reported-as-of
2019-09-30,2020-01-29,2020-01-29_0001193125-20-018563_d835635d485bpos.htm,"ASML Holding N.V., New York Shares (Netherlands)",654622,162621197,485BPOS,SEC,html-table,reported-as-of
2019-09-30,2020-01-29,2020-01-29_0001193125-20-018563_d835635d485bpos.htm,"Broadcom, Inc.",3588760,990748973,485BPOS,SEC,html-table,reported-as-of
2019-09-30,2020-01-29,2020-01-29_0001193125-20-018563_d835635d485bpos.htm,Intel Corp.,39927877,2057483502,485BPOS,SEC,html-table,reported-as-of
2019-09-30,2020-01-29,2020-01-29_0001193125-20-018563_d835635d485bpos.htm,KLA-Tencor Corp.,1435417,228877241,485BPOS,SEC,html-table,reported-as-of
2019-09-30,2020-01-29,2020-01-29_0001193125-20-018563_d835635d485bpos.htm,Lam Research Corp.,1302708,301068846,485BPOS,SEC,html-table,reported-as-of
2019-09-30,2020-01-29,2020-01-29_0001193125-20-018563_d835635d485bpos.htm,"Maxim Integrated Products, Inc.",2444971,141588271,485BPOS,SEC,html-table,reported-as-of
2019-09-30,2020-01-29,2020-01-29_0001193125-20-018563_d835635d485bpos.htm,"Microchip Technology, Inc.",2145538,199341935,485BPOS,SEC,html-table,reported-as-of
2019-09-30,2020-01-29,2020-01-29_0001193125-20-018563_d835635d485bpos.htm,"Micron Technology, Inc. (b)",9948637,426299095,485BPOS,SEC,html-table,reported-as-of
2019-09-30,2020-01-29,2020-01-29_0001193125-20-018563_d835635d485bpos.htm,NVIDIA Corp.,5488925,955457175,485BPOS,SEC,html-table,reported-as-of
2019-09-30,2020-01-29,2020-01-29_0001193125-20-018563_d835635d485bpos.htm,NXP Semiconductors N.V. (Netherlands),2962672,323286769,485BPOS,SEC,html-table,reported-as-of
2019-09-30,2020-01-29,2020-01-29_0001193125-20-018563_d835635d485bpos.htm,"QUALCOMM, Inc.",10956807,835785238,485BPOS,SEC,html-table,reported-as-of
2019-09-30,2020-01-29,2020-01-29_0001193125-20-018563_d835635d485bpos.htm,"Skyworks Solutions, Inc.",1547603,122647538,485BPOS,SEC,html-table,reported-as-of
2019-09-30,2020-01-29,2020-01-29_0001193125-20-018563_d835635d485bpos.htm,"Texas Instruments, Inc.",8414738,1087520739,485BPOS,SEC,html-table,reported-as-of
2019-09-30,2020-01-29,2020-01-29_0001193125-20-018563_d835635d485bpos.htm,"Xilinx, Inc.",2276716,218337064,485BPOS,SEC,html-table,reported-as-of
2019-09-30,2020-01-29,2020-01-29_0001193125-20-018563_d835635d485bpos.htm,"Adobe, Inc. (b)",4375296,1208675520,485BPOS,SEC,html-table,reported-as-of
2019-09-30,2020-01-29,2020-01-29_0001193125-20-018563_d835635d485bpos.htm,"Autodesk, Inc. (b)",1979475,292368457,485BPOS,SEC,html-table,reported-as-of
2019-09-30,2020-01-29,2020-01-29_0001193125-20-018563_d835635d485bpos.htm,Cadence Design Systems Inc. (b),2525084,166857551,485BPOS,SEC,html-table,reported-as-of
2019-09-30,2020-01-29,2020-01-29_0001193125-20-018563_d835635d485bpos.htm,Check Point Software Technologies Ltd. (Israel) (b),1372175,150253163,485BPOS,SEC,html-table,reported-as-of
2019-09-30,2020-01-29,2020-01-29_0001193125-20-018563_d835635d485bpos.htm,"Citrix Systems, Inc.",1179786,113872945,485BPOS,SEC,html-table,reported-as-of
2019-09-30,2020-01-29,2020-01-29_0001193125-20-018563_d835635d485bpos.htm,"Intuit, Inc.",2344099,623389688,485BPOS,SEC,html-table,reported-as-of
2019-09-30,2020-01-29,2020-01-29_0001193125-20-018563_d835635d485bpos.htm,Microsoft Corp.,62010371,8621301880,485BPOS,SEC,html-table,reported-as-of
2019-09-30,2020-01-29,2020-01-29_0001193125-20-018563_d835635d485bpos.htm,Symantec Corp.,5570399,131628528,485BPOS,SEC,html-table,reported-as-of
2019-09-30,2020-01-29,2020-01-29_0001193125-20-018563_d835635d485bpos.htm,"Synopsys, Inc. (b)",1354502,185905400,485BPOS,SEC,html-table,reported-as-of
2019-09-30,2020-01-29,2020-01-29_0001193125-20-018563_d835635d485bpos.htm,"Workday, Inc., Class A (b)",1478166,251229093,485BPOS,SEC,html-table,reported-as-of
2019-09-30,2020-01-29,2020-01-29_0001193125-20-018563_d835635d485bpos.htm,"O’Reilly Automotive, Inc. (b)",689632,274825248,485BPOS,SEC,html-table,reported-as-of
2019-09-30,2020-01-29,2020-01-29_0001193125-20-018563_d835635d485bpos.htm,"Ross Stores, Inc.",3287012,361078268,485BPOS,SEC,html-table,reported-as-of
2019-09-30,2020-01-29,2020-01-29_0001193125-20-018563_d835635d485bpos.htm,"Ulta Beauty, Inc. (b)",530424,132950776,485BPOS,SEC,html-table,reported-as-of
2019-09-30,2020-01-29,2020-01-29_0001193125-20-018563_d835635d485bpos.htm,"Apple, Inc.",36703225,8220421303,485BPOS,SEC,html-table,reported-as-of
2019-09-30,2020-01-29,2020-01-29_0001193125-20-018563_d835635d485bpos.htm,"NetApp, Inc.",2144360,112600344,485BPOS,SEC,html-table,reported-as-of
2019-09-30,2020-01-29,2020-01-29_0001193125-20-018563_d835635d485bpos.htm,Western Digital Corp.,2667952,159116657,485BPOS,SEC,html-table,reported-as-of
2019-09-30,2020-01-29,2020-01-29_0001193125-20-018563_d835635d485bpos.htm,"Lululemon Athletica, Inc. (b)",1107615,213249116,485BPOS,SEC,html-table,reported-as-of
2019-09-30,2020-01-29,2020-01-29_0001193125-20-018563_d835635d485bpos.htm,Fastenal Co.,5168389,168851269,485BPOS,SEC,html-table,reported-as-of
2019-09-30,2020-01-29,2020-01-29_0001193125-20-018563_d835635d485bpos.htm,"T-Mobile US, Inc. (b)",7701221,606625178,485BPOS,SEC,html-table,reported-as-of
2020-09-30,2021-01-27,2021-01-27_0001193125-21-019335_d78829d485bpos.htm,"Tesla, Inc. (b)",10926558,4687602648,485BPOS,SEC,html-table,reported-as-of
2020-09-30,2021-01-27,2021-01-27_0001193125-21-019335_d78829d485bpos.htm,Monster Beverage Corp. (b),6184415,495990083,485BPOS,SEC,html-table,reported-as-of
2020-09-30,2021-01-27,2021-01-27_0001193125-21-019335_d78829d485bpos.htm,"PepsiCo, Inc.",16236345,2250357417,485BPOS,SEC,html-table,reported-as-of
2020-09-30,2021-01-27,2021-01-27_0001193125-21-019335_d78829d485bpos.htm,"Alexion Pharmaceuticals, Inc. (b)",2569759,294057522,485BPOS,SEC,html-table,reported-as-of
2020-09-30,2021-01-27,2021-01-27_0001193125-21-019335_d78829d485bpos.htm,"Amgen, Inc.",6868026,1745577488,485BPOS,SEC,html-table,reported-as-of
2020-09-30,2021-01-27,2021-01-27_0001193125-21-019335_d78829d485bpos.htm,"Biogen, Inc. (b)",1856132,526547526,485BPOS,SEC,html-table,reported-as-of
2020-09-30,2021-01-27,2021-01-27_0001193125-21-019335_d78829d485bpos.htm,"BioMarin Pharmaceutical, Inc. (b)",2126649,161795456,485BPOS,SEC,html-table,reported-as-of
2020-09-30,2021-01-27,2021-01-27_0001193125-21-019335_d78829d485bpos.htm,"Gilead Sciences, Inc.",14701296,928974894,485BPOS,SEC,html-table,reported-as-of
2020-09-30,2021-01-27,2021-01-27_0001193125-21-019335_d78829d485bpos.htm,Incyte Corp. (b),2564678,230154204,485BPOS,SEC,html-table,reported-as-of
2020-09-30,2021-01-27,2021-01-27_0001193125-21-019335_d78829d485bpos.htm,"Moderna, Inc. (b)",4626852,327349779,485BPOS,SEC,html-table,reported-as-of
2020-09-30,2021-01-27,2021-01-27_0001193125-21-019335_d78829d485bpos.htm,"Regeneron Pharmaceuticals, Inc. (b)",1226083,686336742,485BPOS,SEC,html-table,reported-as-of
2020-09-30,2021-01-27,2021-01-27_0001193125-21-019335_d78829d485bpos.htm,"Seattle Genetics, Inc. (b)",2040362,399278440,485BPOS,SEC,html-table,reported-as-of
2020-09-30,2021-01-27,2021-01-27_0001193125-21-019335_d78829d485bpos.htm,"Vertex Pharmaceuticals, Inc. (b)",3054145,831093937,485BPOS,SEC,html-table,reported-as-of
2020-09-30,2021-01-27,2021-01-27_0001193125-21-019335_d78829d485bpos.htm,Cintas Corp.,1213294,403820642,485BPOS,SEC,html-table,reported-as-of
2020-09-30,2021-01-27,2021-01-27_0001193125-21-019335_d78829d485bpos.htm,"Copart, Inc. (b)",2752842,289488865,485BPOS,SEC,html-table,reported-as-of
2020-09-30,2021-01-27,2021-01-27_0001193125-21-019335_d78829d485bpos.htm,"Cisco Systems, Inc.",49510807,1950230688,485BPOS,SEC,html-table,reported-as-of
2020-09-30,2021-01-27,2021-01-27_0001193125-21-019335_d78829d485bpos.htm,"Liberty Global PLC, Class A (United Kingdom) (b)",2137423,44907257,485BPOS,SEC,html-table,reported-as-of
2020-09-30,2021-01-27,2021-01-27_0001193125-21-019335_d78829d485bpos.htm,"Liberty Global PLC, Class C (United Kingdom) (b)",4676361,96029073,485BPOS,SEC,html-table,reported-as-of
2020-09-30,2021-01-27,2021-01-27_0001193125-21-019335_d78829d485bpos.htm,Exelon Corp.,11427115,408633633,485BPOS,SEC,html-table,reported-as-of
2020-09-30,2021-01-27,2021-01-27_0001193125-21-019335_d78829d485bpos.htm,"Xcel Energy, Inc.",6160126,425110295,485BPOS,SEC,html-table,reported-as-of
2020-09-30,2021-01-27,2021-01-27_0001193125-21-019335_d78829d485bpos.htm,CDW Corp.,1672607,199926715,485BPOS,SEC,html-table,reported-as-of
2020-09-30,2021-01-27,2021-01-27_0001193125-21-019335_d78829d485bpos.htm,"Activision Blizzard, Inc.",9051063,732683550,485BPOS,SEC,html-table,reported-as-of
2020-09-30,2021-01-27,2021-01-27_0001193125-21-019335_d78829d485bpos.htm,"Electronic Arts, Inc. (b)",3386339,441612469,485BPOS,SEC,html-table,reported-as-of
2020-09-30,2021-01-27,2021-01-27_0001193125-21-019335_d78829d485bpos.htm,"NetEase, Inc., ADR (China)",841046,382398385,485BPOS,SEC,html-table,reported-as-of
2020-09-30,2021-01-27,2021-01-27_0001193125-21-019335_d78829d485bpos.htm,"Netflix, Inc. (b)",5171382,2585846141,485BPOS,SEC,html-table,reported-as-of
2020-09-30,2021-01-27,2021-01-27_0001193125-21-019335_d78829d485bpos.htm,"Take-Two Interactive Software, Inc. (b)",1340399,221460723,485BPOS,SEC,html-table,reported-as-of
2020-09-30,2021-01-27,2021-01-27_0001193125-21-019335_d78829d485bpos.htm,Costco Wholesale Corp.,5177750,1838101250,485BPOS,SEC,html-table,reported-as-of
2020-09-30,2021-01-27,2021-01-27_0001193125-21-019335_d78829d485bpos.htm,"Walgreens Boots Alliance, Inc.",10160976,364982258,485BPOS,SEC,html-table,reported-as-of
2020-09-30,2021-01-27,2021-01-27_0001193125-21-019335_d78829d485bpos.htm,Kraft Heinz Co. (The),14335975,429362451,485BPOS,SEC,html-table,reported-as-of
2020-09-30,2021-01-27,2021-01-27_0001193125-21-019335_d78829d485bpos.htm,"Mondelez International, Inc., Class A",16748875,962222869,485BPOS,SEC,html-table,reported-as-of
2020-09-30,2021-01-27,2021-01-27_0001193125-21-019335_d78829d485bpos.htm,"Align Technology, Inc. (b)",924025,302488824,485BPOS,SEC,html-table,reported-as-of
2020-09-30,2021-01-27,2021-01-27_0001193125-21-019335_d78829d485bpos.htm,"DexCom, Inc. (b)",1122715,462816805,485BPOS,SEC,html-table,reported-as-of
2020-09-30,2021-01-27,2021-01-27_0001193125-21-019335_d78829d485bpos.htm,"IDEXX Laboratories, Inc. (b)",997327,392059217,485BPOS,SEC,html-table,reported-as-of
2020-09-30,2021-01-27,2021-01-27_0001193125-21-019335_d78829d485bpos.htm,"Intuitive Surgical, Inc. (b)",1372460,973815268,485BPOS,SEC,html-table,reported-as-of
2020-09-30,2021-01-27,2021-01-27_0001193125-21-019335_d78829d485bpos.htm,Cerner Corp.,3580848,258859502,485BPOS,SEC,html-table,reported-as-of
2020-09-30,2021-01-27,2021-01-27_0001193125-21-019335_d78829d485bpos.htm,"Marriott International, Inc., Class A",3803229,352102941,485BPOS,SEC,html-table,reported-as-of
2020-09-30,2021-01-27,2021-01-27_0001193125-21-019335_d78829d485bpos.htm,Starbucks Corp.,13708004,1177791703,485BPOS,SEC,html-table,reported-as-of
2020-09-30,2021-01-27,2021-01-27_0001193125-21-019335_d78829d485bpos.htm,"Alphabet, Inc., Class A (b)",3169332,4644972979,485BPOS,SEC,html-table,reported-as-of
2020-09-30,2021-01-27,2021-01-27_0001193125-21-019335_d78829d485bpos.htm,"Alphabet, Inc., Class C (b)",3066684,4506798807,485BPOS,SEC,html-table,reported-as-of
2020-09-30,2021-01-27,2021-01-27_0001193125-21-019335_d78829d485bpos.htm,"Baidu, Inc., ADR (China) (b)",3297465,417426094,485BPOS,SEC,html-table,reported-as-of
2020-09-30,2021-01-27,2021-01-27_0001193125-21-019335_d78829d485bpos.htm,"Facebook, Inc., Class A (b)",22101519,5788387826,485BPOS,SEC,html-table,reported-as-of
2020-09-30,2021-01-27,2021-01-27_0001193125-21-019335_d78829d485bpos.htm,"Amazon.com, Inc. (b)",4604448,14498163551,485BPOS,SEC,html-table,reported-as-of
2020-09-30,2021-01-27,2021-01-27_0001193125-21-019335_d78829d485bpos.htm,"Booking Holdings, Inc. (b)",480112,821317996,485BPOS,SEC,html-table,reported-as-of
2020-09-30,2021-01-27,2021-01-27_0001193125-21-019335_d78829d485bpos.htm,"eBay, Inc.",8206717,427569956,485BPOS,SEC,html-table,reported-as-of
2020-09-30,2021-01-27,2021-01-27_0001193125-21-019335_d78829d485bpos.htm,"Expedia Group, Inc.",1591316,145907764,485BPOS,SEC,html-table,reported-as-of
2020-09-30,2021-01-27,2021-01-27_0001193125-21-019335_d78829d485bpos.htm,"JD.com, Inc., ADR (China) (b)",10762946,835312239,485BPOS,SEC,html-table,reported-as-of
2020-09-30,2021-01-27,2021-01-27_0001193125-21-019335_d78829d485bpos.htm,"MercadoLibre, Inc. (Argentina) (b)",583030,631118315,485BPOS,SEC,html-table,reported-as-of
2020-09-30,2021-01-27,2021-01-27_0001193125-21-019335_d78829d485bpos.htm,"Pinduoduo, Inc., ADR (China) (b)",3383540,250889491,485BPOS,SEC,html-table,reported-as-of
2020-09-30,2021-01-27,2021-01-27_0001193125-21-019335_d78829d485bpos.htm,"Trip.com Group Ltd., ADR (China) (b)",6132044,190951850,485BPOS,SEC,html-table,reported-as-of
2020-09-30,2021-01-27,2021-01-27_0001193125-21-019335_d78829d485bpos.htm,"Automatic Data Processing, Inc.",5041907,703295607,485BPOS,SEC,html-table,reported-as-of
2020-09-30,2021-01-27,2021-01-27_0001193125-21-019335_d78829d485bpos.htm,"Cognizant Technology Solutions Corp., Class A",6358550,441410541,485BPOS,SEC,html-table,reported-as-of
2020-09-30,2021-01-27,2021-01-27_0001193125-21-019335_d78829d485bpos.htm,"Fiserv, Inc. (b)",7852591,809209502,485BPOS,SEC,html-table,reported-as-of
2020-09-30,2021-01-27,2021-01-27_0001193125-21-019335_d78829d485bpos.htm,"Paychex, Inc.",4206853,335580664,485BPOS,SEC,html-table,reported-as-of
2020-09-30,2021-01-27,2021-01-27_0001193125-21-019335_d78829d485bpos.htm,"PayPal Holdings, Inc. (b)",13758363,2710810262,485BPOS,SEC,html-table,reported-as-of
2020-09-30,2021-01-27,2021-01-27_0001193125-21-019335_d78829d485bpos.htm,"VeriSign, Inc. (b)",1346841,275900379,485BPOS,SEC,html-table,reported-as-of
2020-09-30,2021-01-27,2021-01-27_0001193125-21-019335_d78829d485bpos.htm,"Illumina, Inc. (b)",1711660,529039873,485BPOS,SEC,html-table,reported-as-of
2020-09-30,2021-01-27,2021-01-27_0001193125-21-019335_d78829d485bpos.htm,"PACCAR, Inc.",4058916,346144356,485BPOS,SEC,html-table,reported-as-of
2020-09-30,2021-01-27,2021-01-27_0001193125-21-019335_d78829d485bpos.htm,"Charter Communications, Inc., Class A (b)",2402433,1499935019,485BPOS,SEC,html-table,reported-as-of
2020-09-30,2021-01-27,2021-01-27_0001193125-21-019335_d78829d485bpos.htm,"Comcast Corp., Class A",53455376,2472845694,485BPOS,SEC,html-table,reported-as-of
2020-09-30,2021-01-27,2021-01-27_0001193125-21-019335_d78829d485bpos.htm,"Fox Corp., Class A",4029940,112153230,485BPOS,SEC,html-table,reported-as-of
2020-09-30,2021-01-27,2021-01-27_0001193125-21-019335_d78829d485bpos.htm,"Fox Corp., Class B",3061672,85634966,485BPOS,SEC,html-table,reported-as-of
2020-09-30,2021-01-27,2021-01-27_0001193125-21-019335_d78829d485bpos.htm,"Sirius XM Holdings, Inc.",50894553,272794804,485BPOS,SEC,html-table,reported-as-of
2020-09-30,2021-01-27,2021-01-27_0001193125-21-019335_d78829d485bpos.htm,"Dollar Tree, Inc. (b)",2782497,254153276,485BPOS,SEC,html-table,reported-as-of
2020-09-30,2021-01-27,2021-01-27_0001193125-21-019335_d78829d485bpos.htm,"Verisk Analytics, Inc.",1904189,352865264,485BPOS,SEC,html-table,reported-as-of
2020-09-30,2021-01-27,2021-01-27_0001193125-21-019335_d78829d485bpos.htm,CSX Corp.,8970919,696771279,485BPOS,SEC,html-table,reported-as-of
2020-09-30,2021-01-27,2021-01-27_0001193125-21-019335_d78829d485bpos.htm,"Advanced Micro Devices, Inc. (b)",13767274,1128778795,485BPOS,SEC,html-table,reported-as-of
2020-09-30,2021-01-27,2021-01-27_0001193125-21-019335_d78829d485bpos.htm,"Analog Devices, Inc.",4329222,505393376,485BPOS,SEC,html-table,reported-as-of
2020-09-30,2021-01-27,2021-01-27_0001193125-21-019335_d78829d485bpos.htm,"Applied Materials, Inc.",10709361,636671512,485BPOS,SEC,html-table,reported-as-of
2020-09-30,2021-01-27,2021-01-27_0001193125-21-019335_d78829d485bpos.htm,"ASML Holding N.V., New York Shares (Netherlands)",895266,330594876,485BPOS,SEC,html-table,reported-as-of
2020-09-30,2021-01-27,2021-01-27_0001193125-21-019335_d78829d485bpos.htm,"Broadcom, Inc.",4687868,1707884070,485BPOS,SEC,html-table,reported-as-of
2020-09-30,2021-01-27,2021-01-27_0001193125-21-019335_d78829d485bpos.htm,Intel Corp.,49870899,2582315150,485BPOS,SEC,html-table,reported-as-of
2020-09-30,2021-01-27,2021-01-27_0001193125-21-019335_d78829d485bpos.htm,KLA Corp.,1823110,353209331,485BPOS,SEC,html-table,reported-as-of
2020-09-30,2021-01-27,2021-01-27_0001193125-21-019335_d78829d485bpos.htm,Lam Research Corp.,1707696,566528148,485BPOS,SEC,html-table,reported-as-of
2020-09-30,2021-01-27,2021-01-27_0001193125-21-019335_d78829d485bpos.htm,"Maxim Integrated Products, Inc.",3127202,211430127,485BPOS,SEC,html-table,reported-as-of
2020-09-30,2021-01-27,2021-01-27_0001193125-21-019335_d78829d485bpos.htm,"Microchip Technology, Inc.",2960008,304170422,485BPOS,SEC,html-table,reported-as-of
2020-09-30,2021-01-27,2021-01-27_0001193125-21-019335_d78829d485bpos.htm,"Micron Technology, Inc. (b)",13027728,611782107,485BPOS,SEC,html-table,reported-as-of
2020-09-30,2021-01-27,2021-01-27_0001193125-21-019335_d78829d485bpos.htm,NVIDIA Corp.,7234869,3915655800,485BPOS,SEC,html-table,reported-as-of
2020-09-30,2021-01-27,2021-01-27_0001193125-21-019335_d78829d485bpos.htm,NXP Semiconductors N.V. (Netherlands),3274535,408694713,485BPOS,SEC,html-table,reported-as-of
2020-09-30,2021-01-27,2021-01-27_0001193125-21-019335_d78829d485bpos.htm,"QUALCOMM, Inc.",13230311,1556942999,485BPOS,SEC,html-table,reported-as-of
2020-09-30,2021-01-27,2021-01-27_0001193125-21-019335_d78829d485bpos.htm,"Skyworks Solutions, Inc.",1958875,285016313,485BPOS,SEC,html-table,reported-as-of
2020-09-30,2021-01-27,2021-01-27_0001193125-21-019335_d78829d485bpos.htm,"Texas Instruments, Inc.",10740541,1533641849,485BPOS,SEC,html-table,reported-as-of
2020-09-30,2021-01-27,2021-01-27_0001193125-21-019335_d78829d485bpos.htm,"Xilinx, Inc.",2865137,298661881,485BPOS,SEC,html-table,reported-as-of
2020-09-30,2021-01-27,2021-01-27_0001193125-21-019335_d78829d485bpos.htm,"Adobe, Inc. (b)",5624526,2758436286,485BPOS,SEC,html-table,reported-as-of
2020-09-30,2021-01-27,2021-01-27_0001193125-21-019335_d78829d485bpos.htm,"ANSYS, Inc. (b)",1005985,329188471,485BPOS,SEC,html-table,reported-as-of
2020-09-30,2021-01-27,2021-01-27_0001193125-21-019335_d78829d485bpos.htm,"Autodesk, Inc. (b)",2569878,593667517,485BPOS,SEC,html-table,reported-as-of
2020-09-30,2021-01-27,2021-01-27_0001193125-21-019335_d78829d485bpos.htm,"Cadence Design Systems, Inc. (b)",3269047,348578482,485BPOS,SEC,html-table,reported-as-of
2020-09-30,2021-01-27,2021-01-27_0001193125-21-019335_d78829d485bpos.htm,Check Point Software Technologies Ltd. (Israel) (b),1643715,197804663,485BPOS,SEC,html-table,reported-as-of
2020-09-30,2021-01-27,2021-01-27_0001193125-21-019335_d78829d485bpos.htm,"Citrix Systems, Inc.",1448186,199429694,485BPOS,SEC,html-table,reported-as-of
2020-09-30,2021-01-27,2021-01-27_0001193125-21-019335_d78829d485bpos.htm,"DocuSign, Inc. (b)",2169273,466914320,485BPOS,SEC,html-table,reported-as-of
2020-09-30,2021-01-27,2021-01-27_0001193125-21-019335_d78829d485bpos.htm,"Intuit, Inc.",3070265,1001551146,485BPOS,SEC,html-table,reported-as-of
2020-09-30,2021-01-27,2021-01-27_0001193125-21-019335_d78829d485bpos.htm,Microsoft Corp.,69565441,14631699205,485BPOS,SEC,html-table,reported-as-of
2020-09-30,2021-01-27,2021-01-27_0001193125-21-019335_d78829d485bpos.htm,"Splunk, Inc. (b)",1862684,350426741,485BPOS,SEC,html-table,reported-as-of
2020-09-30,2021-01-27,2021-01-27_0001193125-21-019335_d78829d485bpos.htm,"Synopsys, Inc. (b)",1779254,380724771,485BPOS,SEC,html-table,reported-as-of
2020-09-30,2021-01-27,2021-01-27_0001193125-21-019335_d78829d485bpos.htm,"Workday, Inc., Class A (b)",2075729,446551580,485BPOS,SEC,html-table,reported-as-of
2020-09-30,2021-01-27,2021-01-27_0001193125-21-019335_d78829d485bpos.htm,"Zoom Video Communications, Inc., Class A (b)",2135552,1003944351,485BPOS,SEC,html-table,reported-as-of
2020-09-30,2021-01-27,2021-01-27_0001193125-21-019335_d78829d485bpos.htm,"O’Reilly Automotive, Inc. (b)",868530,400461812,485BPOS,SEC,html-table,reported-as-of
2020-09-30,2021-01-27,2021-01-27_0001193125-21-019335_d78829d485bpos.htm,"Ross Stores, Inc.",4173875,389506015,485BPOS,SEC,html-table,reported-as-of
2020-09-30,2021-01-27,2021-01-27_0001193125-21-019335_d78829d485bpos.htm,"Ulta Beauty, Inc. (b)",660600,147961188,485BPOS,SEC,html-table,reported-as-of
2020-09-30,2021-01-27,2021-01-27_0001193125-21-019335_d78829d485bpos.htm,"Apple, Inc.",157215671,18207146858,485BPOS,SEC,html-table,reported-as-of
2020-09-30,2021-01-27,2021-01-27_0001193125-21-019335_d78829d485bpos.htm,Western Digital Corp.,3547783,129671469,485BPOS,SEC,html-table,reported-as-of
2020-09-30,2021-01-27,2021-01-27_0001193125-21-019335_d78829d485bpos.htm,"lululemon athletica, inc. (b)",1457395,480022191,485BPOS,SEC,html-table,reported-as-of
2020-09-30,2021-01-27,2021-01-27_0001193125-21-019335_d78829d485bpos.htm,Fastenal Co.,6726146,303281923,485BPOS,SEC,html-table,reported-as-of
2020-09-30,2021-01-27,2021-01-27_0001193125-21-019335_d78829d485bpos.htm,"T-Mobile US, Inc. (b)",14514709,1659902121,485BPOS,SEC,html-table,reported-as-of
2021-09-30,2022-01-27,2022-01-27_0001193125-22-019964_d241860d485bpos.htm,"Tesla, Inc. (b)",10651484,8260012812,485BPOS,SEC,html-table,reported-as-of
2021-09-30,2022-01-27,2022-01-27_0001193125-22-019964_d241860d485bpos.htm,"Keurig Dr Pepper, Inc.",18532570,633072591,485BPOS,SEC,html-table,reported-as-of
2021-09-30,2022-01-27,2022-01-27_0001193125-22-019964_d241860d485bpos.htm,Monster Beverage Corp. (b),6914805,614242128,485BPOS,SEC,html-table,reported-as-of
2021-09-30,2022-01-27,2022-01-27_0001193125-22-019964_d241860d485bpos.htm,"PepsiCo, Inc.",18070123,2717927201,485BPOS,SEC,html-table,reported-as-of
2021-09-30,2022-01-27,2022-01-27_0001193125-22-019964_d241860d485bpos.htm,"Amgen, Inc.",7424265,1578769952,485BPOS,SEC,html-table,reported-as-of
2021-09-30,2022-01-27,2022-01-27_0001193125-22-019964_d241860d485bpos.htm,"Biogen, Inc. (b)",1948535,551415920,485BPOS,SEC,html-table,reported-as-of
2021-09-30,2022-01-27,2022-01-27_0001193125-22-019964_d241860d485bpos.htm,"Gilead Sciences, Inc.",16392731,1145032260,485BPOS,SEC,html-table,reported-as-of
2021-09-30,2022-01-27,2022-01-27_0001193125-22-019964_d241860d485bpos.htm,Incyte Corp. (b),2887309,198589113,485BPOS,SEC,html-table,reported-as-of
2021-09-30,2022-01-27,2022-01-27_0001193125-22-019964_d241860d485bpos.htm,"Moderna, Inc. (b)",5277422,2031068631,485BPOS,SEC,html-table,reported-as-of
2021-09-30,2022-01-27,2022-01-27_0001193125-22-019964_d241860d485bpos.htm,"Regeneron Pharmaceuticals, Inc. (b)",1374177,831624437,485BPOS,SEC,html-table,reported-as-of
2021-09-30,2022-01-27,2022-01-27_0001193125-22-019964_d241860d485bpos.htm,"Seagen, Inc. (b)",2378719,403906486,485BPOS,SEC,html-table,reported-as-of
2021-09-30,2022-01-27,2022-01-27_0001193125-22-019964_d241860d485bpos.htm,"Vertex Pharmaceuticals, Inc. (b)",3391744,615228444,485BPOS,SEC,html-table,reported-as-of
2021-09-30,2022-01-27,2022-01-27_0001193125-22-019964_d241860d485bpos.htm,Cintas Corp.,1346239,512459338,485BPOS,SEC,html-table,reported-as-of
2021-09-30,2022-01-27,2022-01-27_0001193125-22-019964_d241860d485bpos.htm,"Copart, Inc. (b)",3093083,429072474,485BPOS,SEC,html-table,reported-as-of
2021-09-30,2022-01-27,2022-01-27_0001193125-22-019964_d241860d485bpos.htm,"Cisco Systems, Inc.",55097891,2998978207,485BPOS,SEC,html-table,reported-as-of
2021-09-30,2022-01-27,2022-01-27_0001193125-22-019964_d241860d485bpos.htm,"American Electric Power Co., Inc.",6540460,530954543,485BPOS,SEC,html-table,reported-as-of
2021-09-30,2022-01-27,2022-01-27_0001193125-22-019964_d241860d485bpos.htm,Exelon Corp.,12784552,618005244,485BPOS,SEC,html-table,reported-as-of
2021-09-30,2022-01-27,2022-01-27_0001193125-22-019964_d241860d485bpos.htm,"Xcel Energy, Inc.",7039706,439981625,485BPOS,SEC,html-table,reported-as-of
2021-09-30,2022-01-27,2022-01-27_0001193125-22-019964_d241860d485bpos.htm,CDW Corp.,1797707,327218628,485BPOS,SEC,html-table,reported-as-of
2021-09-30,2022-01-27,2022-01-27_0001193125-22-019964_d241860d485bpos.htm,"Activision Blizzard, Inc.",10168019,786902990,485BPOS,SEC,html-table,reported-as-of
2021-09-30,2022-01-27,2022-01-27_0001193125-22-019964_d241860d485bpos.htm,"Electronic Arts, Inc.",3720726,529273273,485BPOS,SEC,html-table,reported-as-of
2021-09-30,2022-01-27,2022-01-27_0001193125-22-019964_d241860d485bpos.htm,"NetEase, Inc., ADR (China)",3933079,335884947,485BPOS,SEC,html-table,reported-as-of
2021-09-30,2022-01-27,2022-01-27_0001193125-22-019964_d241860d485bpos.htm,"Netflix, Inc. (b)",5786658,3531828844,485BPOS,SEC,html-table,reported-as-of
2021-09-30,2022-01-27,2022-01-27_0001193125-22-019964_d241860d485bpos.htm,Costco Wholesale Corp.,5779771,2597140099,485BPOS,SEC,html-table,reported-as-of
2021-09-30,2022-01-27,2022-01-27_0001193125-22-019964_d241860d485bpos.htm,"Walgreens Boots Alliance, Inc.",11309128,532094472,485BPOS,SEC,html-table,reported-as-of
2021-09-30,2022-01-27,2022-01-27_0001193125-22-019964_d241860d485bpos.htm,Kraft Heinz Co. (The),15994977,588935053,485BPOS,SEC,html-table,reported-as-of
2021-09-30,2022-01-27,2022-01-27_0001193125-22-019964_d241860d485bpos.htm,"Mondelez International, Inc., Class A",18275422,1063264052,485BPOS,SEC,html-table,reported-as-of
2021-09-30,2022-01-27,2022-01-27_0001193125-22-019964_d241860d485bpos.htm,"Align Technology, Inc. (b)",1033066,687433108,485BPOS,SEC,html-table,reported-as-of
2021-09-30,2022-01-27,2022-01-27_0001193125-22-019964_d241860d485bpos.htm,"DexCom, Inc. (b)",1264941,691745635,485BPOS,SEC,html-table,reported-as-of
2021-09-30,2022-01-27,2022-01-27_0001193125-22-019964_d241860d485bpos.htm,"IDEXX Laboratories, Inc. (b)",1112328,691756783,485BPOS,SEC,html-table,reported-as-of
2021-09-30,2022-01-27,2022-01-27_0001193125-22-019964_d241860d485bpos.htm,"Intuitive Surgical, Inc. (b)",1555596,1546495764,485BPOS,SEC,html-table,reported-as-of
2021-09-30,2022-01-27,2022-01-27_0001193125-22-019964_d241860d485bpos.htm,Cerner Corp.,3864610,272532297,485BPOS,SEC,html-table,reported-as-of
2021-09-30,2022-01-27,2022-01-27_0001193125-22-019964_d241860d485bpos.htm,"Booking Holdings, Inc. (b)",536792,1274274425,485BPOS,SEC,html-table,reported-as-of
2021-09-30,2022-01-27,2022-01-27_0001193125-22-019964_d241860d485bpos.htm,"Marriott International, Inc., Class A (b)",4257749,630530049,485BPOS,SEC,html-table,reported-as-of
2021-09-30,2022-01-27,2022-01-27_0001193125-22-019964_d241860d485bpos.htm,Starbucks Corp.,15416011,1700540174,485BPOS,SEC,html-table,reported-as-of
2021-09-30,2022-01-27,2022-01-27_0001193125-22-019964_d241860d485bpos.htm,"Trip.com Group Ltd., ADR (China) (b)",6904121,212301721,485BPOS,SEC,html-table,reported-as-of
2021-09-30,2022-01-27,2022-01-27_0001193125-22-019964_d241860d485bpos.htm,"Honeywell International, Inc.",9026509,1916147331,485BPOS,SEC,html-table,reported-as-of
2021-09-30,2022-01-27,2022-01-27_0001193125-22-019964_d241860d485bpos.htm,"Alphabet, Inc., Class A (b)",2586842,6915973824,485BPOS,SEC,html-table,reported-as-of
2021-09-30,2022-01-27,2022-01-27_0001193125-22-019964_d241860d485bpos.htm,"Alphabet, Inc., Class C (b)",2750818,7331782723,485BPOS,SEC,html-table,reported-as-of
2021-09-30,2022-01-27,2022-01-27_0001193125-22-019964_d241860d485bpos.htm,"Baidu, Inc., ADR (China) (b)",3303644,507935265,485BPOS,SEC,html-table,reported-as-of
2021-09-30,2022-01-27,2022-01-27_0001193125-22-019964_d241860d485bpos.htm,"Facebook, Inc., Class A (b)",20481300,6951148407,485BPOS,SEC,html-table,reported-as-of
2021-09-30,2022-01-27,2022-01-27_0001193125-22-019964_d241860d485bpos.htm,"Match Group, Inc. (b)",3619128,568166905,485BPOS,SEC,html-table,reported-as-of
2021-09-30,2022-01-27,2022-01-27_0001193125-22-019964_d241860d485bpos.htm,"Amazon.com, Inc. (b)",4351236,14293984310,485BPOS,SEC,html-table,reported-as-of
2021-09-30,2022-01-27,2022-01-27_0001193125-22-019964_d241860d485bpos.htm,"eBay, Inc.",8499074,592130486,485BPOS,SEC,html-table,reported-as-of
2021-09-30,2022-01-27,2022-01-27_0001193125-22-019964_d241860d485bpos.htm,"JD.com, Inc., ADR (China) (b)",10320759,745571630,485BPOS,SEC,html-table,reported-as-of
2021-09-30,2022-01-27,2022-01-27_0001193125-22-019964_d241860d485bpos.htm,"MercadoLibre, Inc. (Argentina) (b)",649920,1091475648,485BPOS,SEC,html-table,reported-as-of
2021-09-30,2022-01-27,2022-01-27_0001193125-22-019964_d241860d485bpos.htm,"Pinduoduo, Inc., ADR (China) (b)",4994426,452844605,485BPOS,SEC,html-table,reported-as-of
2021-09-30,2022-01-27,2022-01-27_0001193125-22-019964_d241860d485bpos.htm,"Automatic Data Processing, Inc.",5531504,1105858280,485BPOS,SEC,html-table,reported-as-of
2021-09-30,2022-01-27,2022-01-27_0001193125-22-019964_d241860d485bpos.htm,"Cognizant Technology Solutions Corp., Class A",6871864,509961027,485BPOS,SEC,html-table,reported-as-of
2021-09-30,2022-01-27,2022-01-27_0001193125-22-019964_d241860d485bpos.htm,"Fiserv, Inc. (b)",8657864,939378244,485BPOS,SEC,html-table,reported-as-of
2021-09-30,2022-01-27,2022-01-27_0001193125-22-019964_d241860d485bpos.htm,"Okta, Inc. (b)",1875556,445144461,485BPOS,SEC,html-table,reported-as-of
2021-09-30,2022-01-27,2022-01-27_0001193125-22-019964_d241860d485bpos.htm,"Paychex, Inc.",4704530,529024399,485BPOS,SEC,html-table,reported-as-of
2021-09-30,2022-01-27,2022-01-27_0001193125-22-019964_d241860d485bpos.htm,"PayPal Holdings, Inc. (b)",15362764,3997544820,485BPOS,SEC,html-table,reported-as-of
2021-09-30,2022-01-27,2022-01-27_0001193125-22-019964_d241860d485bpos.htm,"VeriSign, Inc. (b)",1462664,299860747,485BPOS,SEC,html-table,reported-as-of
2021-09-30,2022-01-27,2022-01-27_0001193125-22-019964_d241860d485bpos.htm,"Peloton Interactive, Inc., Class A (b)",3549804,309010438,485BPOS,SEC,html-table,reported-as-of
2021-09-30,2022-01-27,2022-01-27_0001193125-22-019964_d241860d485bpos.htm,"Illumina, Inc. (b)",2046106,829921055,485BPOS,SEC,html-table,reported-as-of
2021-09-30,2022-01-27,2022-01-27_0001193125-22-019964_d241860d485bpos.htm,"PACCAR, Inc.",4539023,358219695,485BPOS,SEC,html-table,reported-as-of
2021-09-30,2022-01-27,2022-01-27_0001193125-22-019964_d241860d485bpos.htm,"Charter Communications, Inc., Class A (b)",2403331,1748567502,485BPOS,SEC,html-table,reported-as-of
2021-09-30,2022-01-27,2022-01-27_0001193125-22-019964_d241860d485bpos.htm,"Comcast Corp., Class A",59884228,3349324872,485BPOS,SEC,html-table,reported-as-of
2021-09-30,2022-01-27,2022-01-27_0001193125-22-019964_d241860d485bpos.htm,"Fox Corp., Class A",4228191,169592741,485BPOS,SEC,html-table,reported-as-of
2021-09-30,2022-01-27,2022-01-27_0001193125-22-019964_d241860d485bpos.htm,"Fox Corp., Class B",3286619,121999297,485BPOS,SEC,html-table,reported-as-of
2021-09-30,2022-01-27,2022-01-27_0001193125-22-019964_d241860d485bpos.htm,"Sirius XM Holdings, Inc.",52956696,323035846,485BPOS,SEC,html-table,reported-as-of
2021-09-30,2022-01-27,2022-01-27_0001193125-22-019964_d241860d485bpos.htm,"Dollar Tree, Inc. (b)",2940554,281469829,485BPOS,SEC,html-table,reported-as-of
2021-09-30,2022-01-27,2022-01-27_0001193125-22-019964_d241860d485bpos.htm,"Verisk Analytics, Inc.",2109548,422479178,485BPOS,SEC,html-table,reported-as-of
2021-09-30,2022-01-27,2022-01-27_0001193125-22-019964_d241860d485bpos.htm,CSX Corp.,29475958,876614991,485BPOS,SEC,html-table,reported-as-of
2021-09-30,2022-01-27,2022-01-27_0001193125-22-019964_d241860d485bpos.htm,"Advanced Micro Devices, Inc. (b)",15858674,1631857555,485BPOS,SEC,html-table,reported-as-of
2021-09-30,2022-01-27,2022-01-27_0001193125-22-019964_d241860d485bpos.htm,"Analog Devices, Inc.",7026260,1176758025,485BPOS,SEC,html-table,reported-as-of
2021-09-30,2022-01-27,2022-01-27_0001193125-22-019964_d241860d485bpos.htm,"Applied Materials, Inc.",11805219,1519685842,485BPOS,SEC,html-table,reported-as-of
2021-09-30,2022-01-27,2022-01-27_0001193125-22-019964_d241860d485bpos.htm,"ASML Holding N.V., New York Shares (Netherlands)",1064712,793327558,485BPOS,SEC,html-table,reported-as-of
2021-09-30,2022-01-27,2022-01-27_0001193125-22-019964_d241860d485bpos.htm,"Broadcom, Inc.",5363919,2601125241,485BPOS,SEC,html-table,reported-as-of
2021-09-30,2022-01-27,2022-01-27_0001193125-22-019964_d241860d485bpos.htm,Intel Corp.,53042654,2826112605,485BPOS,SEC,html-table,reported-as-of
2021-09-30,2022-01-27,2022-01-27_0001193125-22-019964_d241860d485bpos.htm,KLA Corp.,1996929,667992720,485BPOS,SEC,html-table,reported-as-of
2021-09-30,2022-01-27,2022-01-27_0001193125-22-019964_d241860d485bpos.htm,Lam Research Corp.,1855962,1056320772,485BPOS,SEC,html-table,reported-as-of
2021-09-30,2022-01-27,2022-01-27_0001193125-22-019964_d241860d485bpos.htm,"Marvell Technology, Inc.",10768005,649418382,485BPOS,SEC,html-table,reported-as-of
2021-09-30,2022-01-27,2022-01-27_0001193125-22-019964_d241860d485bpos.htm,"Microchip Technology, Inc.",3582877,549935791,485BPOS,SEC,html-table,reported-as-of
2021-09-30,2022-01-27,2022-01-27_0001193125-22-019964_d241860d485bpos.htm,"Micron Technology, Inc.",14718454,1044715865,485BPOS,SEC,html-table,reported-as-of
2021-09-30,2022-01-27,2022-01-27_0001193125-22-019964_d241860d485bpos.htm,NVIDIA Corp.,32685869,6771204622,485BPOS,SEC,html-table,reported-as-of
2021-09-30,2022-01-27,2022-01-27_0001193125-22-019964_d241860d485bpos.htm,NXP Semiconductors N.V. (China),3466477,678978850,485BPOS,SEC,html-table,reported-as-of
2021-09-30,2022-01-27,2022-01-27_0001193125-22-019964_d241860d485bpos.htm,"QUALCOMM, Inc.",14747810,1902172534,485BPOS,SEC,html-table,reported-as-of
2021-09-30,2022-01-27,2022-01-27_0001193125-22-019964_d241860d485bpos.htm,"Skyworks Solutions, Inc.",2159143,355783583,485BPOS,SEC,html-table,reported-as-of
2021-09-30,2022-01-27,2022-01-27_0001193125-22-019964_d241860d485bpos.htm,"Texas Instruments, Inc.",12070388,2320049277,485BPOS,SEC,html-table,reported-as-of
2021-09-30,2022-01-27,2022-01-27_0001193125-22-019964_d241860d485bpos.htm,"Xilinx, Inc.",3235455,488521350,485BPOS,SEC,html-table,reported-as-of
2021-09-30,2022-01-27,2022-01-27_0001193125-22-019964_d241860d485bpos.htm,"Adobe, Inc. (b)",6228630,3585946864,485BPOS,SEC,html-table,reported-as-of
2021-09-30,2022-01-27,2022-01-27_0001193125-22-019964_d241860d485bpos.htm,"ANSYS, Inc. (b)",1140761,388372082,485BPOS,SEC,html-table,reported-as-of
2021-09-30,2022-01-27,2022-01-27_0001193125-22-019964_d241860d485bpos.htm,"Atlassian Corp. PLC, Class A (b)",1795225,702686969,485BPOS,SEC,html-table,reported-as-of
2021-09-30,2022-01-27,2022-01-27_0001193125-22-019964_d241860d485bpos.htm,"Autodesk, Inc. (b)",2876556,820307475,485BPOS,SEC,html-table,reported-as-of
2021-09-30,2022-01-27,2022-01-27_0001193125-22-019964_d241860d485bpos.htm,"Cadence Design Systems, Inc. (b)",3618722,548019260,485BPOS,SEC,html-table,reported-as-of
2021-09-30,2022-01-27,2022-01-27_0001193125-22-019964_d241860d485bpos.htm,Check Point Software Technologies Ltd. (Israel) (b),1736291,196270335,485BPOS,SEC,html-table,reported-as-of
2021-09-30,2022-01-27,2022-01-27_0001193125-22-019964_d241860d485bpos.htm,"Crowdstrike Holdings, Inc., Class A (b)",2604974,640250510,485BPOS,SEC,html-table,reported-as-of
2021-09-30,2022-01-27,2022-01-27_0001193125-22-019964_d241860d485bpos.htm,"DocuSign, Inc. (b)",2547333,655759934,485BPOS,SEC,html-table,reported-as-of
2021-09-30,2022-01-27,2022-01-27_0001193125-22-019964_d241860d485bpos.htm,"Intuit, Inc.",3572667,1927489573,485BPOS,SEC,html-table,reported-as-of
2021-09-30,2022-01-27,2022-01-27_0001193125-22-019964_d241860d485bpos.htm,Microsoft Corp.,64566550,18202601776,485BPOS,SEC,html-table,reported-as-of
2021-09-30,2022-01-27,2022-01-27_0001193125-22-019964_d241860d485bpos.htm,"Splunk, Inc. (b)",2143144,310134368,485BPOS,SEC,html-table,reported-as-of
2021-09-30,2022-01-27,2022-01-27_0001193125-22-019964_d241860d485bpos.htm,"Synopsys, Inc. (b)",1993903,596994497,485BPOS,SEC,html-table,reported-as-of
2021-09-30,2022-01-27,2022-01-27_0001193125-22-019964_d241860d485bpos.htm,"Workday, Inc., Class A (b)",2497201,624025558,485BPOS,SEC,html-table,reported-as-of
2021-09-30,2022-01-27,2022-01-27_0001193125-22-019964_d241860d485bpos.htm,"Zoom Video Communications, Inc., Class A (b)",3147555,823085632,485BPOS,SEC,html-table,reported-as-of
2021-09-30,2022-01-27,2022-01-27_0001193125-22-019964_d241860d485bpos.htm,"O’Reilly Automotive, Inc. (b)",901552,550902365,485BPOS,SEC,html-table,reported-as-of
2021-09-30,2022-01-27,2022-01-27_0001193125-22-019964_d241860d485bpos.htm,"Ross Stores, Inc.",4669130,508234801,485BPOS,SEC,html-table,reported-as-of
2021-09-30,2022-01-27,2022-01-27_0001193125-22-019964_d241860d485bpos.htm,"Apple, Inc.",142024095,20096409443,485BPOS,SEC,html-table,reported-as-of
2021-09-30,2022-01-27,2022-01-27_0001193125-22-019964_d241860d485bpos.htm,"lululemon athletica, inc. (b)",1633702,661159199,485BPOS,SEC,html-table,reported-as-of
2021-09-30,2022-01-27,2022-01-27_0001193125-22-019964_d241860d485bpos.htm,Fastenal Co.,7514289,387812455,485BPOS,SEC,html-table,reported-as-of
2021-09-30,2022-01-27,2022-01-27_0001193125-22-019964_d241860d485bpos.htm,"T-Mobile US, Inc. (b)",16316191,2084556562,485BPOS,SEC,html-table,reported-as-of
2022-09-30,2023-01-27,2023-01-27_0001193125-23-017732_d365144d485bpos.htm,"Lucid Group, Inc. (b)",24636760,344175537,485BPOS,SEC,html-table,reported-as-of
2022-09-30,2023-01-27,2023-01-27_0001193125-23-017732_d365144d485bpos.htm,"Tesla, Inc. (b)",27507993,7296495144,485BPOS,SEC,html-table,reported-as-of
2022-09-30,2023-01-27,2023-01-27_0001193125-23-017732_d365144d485bpos.htm,"Keurig Dr Pepper, Inc.",20793849,744835671,485BPOS,SEC,html-table,reported-as-of
2022-09-30,2023-01-27,2023-01-27_0001193125-23-017732_d365144d485bpos.htm,Monster Beverage Corp. (b),7736594,672774214,485BPOS,SEC,html-table,reported-as-of
2022-09-30,2023-01-27,2023-01-27_0001193125-23-017732_d365144d485bpos.htm,"PepsiCo, Inc.",20262288,3308021139,485BPOS,SEC,html-table,reported-as-of
2022-09-30,2023-01-27,2023-01-27_0001193125-23-017732_d365144d485bpos.htm,"Amgen, Inc.",7854766,1770464256,485BPOS,SEC,html-table,reported-as-of
2022-09-30,2023-01-27,2023-01-27_0001193125-23-017732_d365144d485bpos.htm,"Biogen, Inc. (b)",2130859,568939353,485BPOS,SEC,html-table,reported-as-of
2022-09-30,2023-01-27,2023-01-27_0001193125-23-017732_d365144d485bpos.htm,"Gilead Sciences, Inc.",18404123,1135350348,485BPOS,SEC,html-table,reported-as-of
2022-09-30,2023-01-27,2023-01-27_0001193125-23-017732_d365144d485bpos.htm,"Moderna, Inc. (b)",5744219,679253897,485BPOS,SEC,html-table,reported-as-of
2022-09-30,2023-01-27,2023-01-27_0001193125-23-017732_d365144d485bpos.htm,"Regeneron Pharmaceuticals, Inc. (b)",1573892,1084206982,485BPOS,SEC,html-table,reported-as-of
2022-09-30,2023-01-27,2023-01-27_0001193125-23-017732_d365144d485bpos.htm,"Seagen, Inc. (b)",2708232,370567385,485BPOS,SEC,html-table,reported-as-of
2022-09-30,2023-01-27,2023-01-27_0001193125-23-017732_d365144d485bpos.htm,"Vertex Pharmaceuticals, Inc. (b)",3765739,1090332070,485BPOS,SEC,html-table,reported-as-of
2022-09-30,2023-01-27,2023-01-27_0001193125-23-017732_d365144d485bpos.htm,Cintas Corp.,1498338,581639829,485BPOS,SEC,html-table,reported-as-of
2022-09-30,2023-01-27,2023-01-27_0001193125-23-017732_d365144d485bpos.htm,"Copart, Inc. (b)",3489628,371296419,485BPOS,SEC,html-table,reported-as-of
2022-09-30,2023-01-27,2023-01-27_0001193125-23-017732_d365144d485bpos.htm,"Cisco Systems, Inc.",60804908,2432196320,485BPOS,SEC,html-table,reported-as-of
2022-09-30,2023-01-27,2023-01-27_0001193125-23-017732_d365144d485bpos.htm,"American Electric Power Co., Inc.",7543536,652138687,485BPOS,SEC,html-table,reported-as-of
2022-09-30,2023-01-27,2023-01-27_0001193125-23-017732_d365144d485bpos.htm,Constellation Energy Corp.,4796179,398994131,485BPOS,SEC,html-table,reported-as-of
2022-09-30,2023-01-27,2023-01-27_0001193125-23-017732_d365144d485bpos.htm,Exelon Corp.,14587611,546451908,485BPOS,SEC,html-table,reported-as-of
2022-09-30,2023-01-27,2023-01-27_0001193125-23-017732_d365144d485bpos.htm,"Xcel Energy, Inc.",8031858,514038912,485BPOS,SEC,html-table,reported-as-of
2022-09-30,2023-01-27,2023-01-27_0001193125-23-017732_d365144d485bpos.htm,"Activision Blizzard, Inc.",11486970,853941350,485BPOS,SEC,html-table,reported-as-of
2022-09-30,2023-01-27,2023-01-27_0001193125-23-017732_d365144d485bpos.htm,"Electronic Arts, Inc.",4082718,472411299,485BPOS,SEC,html-table,reported-as-of
2022-09-30,2023-01-27,2023-01-27_0001193125-23-017732_d365144d485bpos.htm,"NetEase, Inc., ADR (China)",2384673,180281279,485BPOS,SEC,html-table,reported-as-of
2022-09-30,2023-01-27,2023-01-27_0001193125-23-017732_d365144d485bpos.htm,"Netflix, Inc. (b)",6529918,1537403894,485BPOS,SEC,html-table,reported-as-of
2022-09-30,2023-01-27,2023-01-27_0001193125-23-017732_d365144d485bpos.htm,Costco Wholesale Corp.,6504342,3071805596,485BPOS,SEC,html-table,reported-as-of
2022-09-30,2023-01-27,2023-01-27_0001193125-23-017732_d365144d485bpos.htm,"Walgreens Boots Alliance, Inc.",12690497,398481606,485BPOS,SEC,html-table,reported-as-of
2022-09-30,2023-01-27,2023-01-27_0001193125-23-017732_d365144d485bpos.htm,Kraft Heinz Co. (The),17994141,600104603,485BPOS,SEC,html-table,reported-as-of
2022-09-30,2023-01-27,2023-01-27_0001193125-23-017732_d365144d485bpos.htm,"Mondelez International, Inc., Class A",20124970,1103452105,485BPOS,SEC,html-table,reported-as-of
2022-09-30,2023-01-27,2023-01-27_0001193125-23-017732_d365144d485bpos.htm,"Align Technology, Inc. (b)",1146968,237548543,485BPOS,SEC,html-table,reported-as-of
2022-09-30,2023-01-27,2023-01-27_0001193125-23-017732_d365144d485bpos.htm,"DexCom, Inc. (b)",5764539,464275971,485BPOS,SEC,html-table,reported-as-of
2022-09-30,2023-01-27,2023-01-27_0001193125-23-017732_d365144d485bpos.htm,"IDEXX Laboratories, Inc. (b)",1222639,398335786,485BPOS,SEC,html-table,reported-as-of
2022-09-30,2023-01-27,2023-01-27_0001193125-23-017732_d365144d485bpos.htm,"Intuitive Surgical, Inc. (b)",5243710,982881002,485BPOS,SEC,html-table,reported-as-of
2022-09-30,2023-01-27,2023-01-27_0001193125-23-017732_d365144d485bpos.htm,"Airbnb, Inc., Class A (b)",5861272,615668011,485BPOS,SEC,html-table,reported-as-of
2022-09-30,2023-01-27,2023-01-27_0001193125-23-017732_d365144d485bpos.htm,"Booking Holdings, Inc. (b)",583079,958121243,485BPOS,SEC,html-table,reported-as-of
2022-09-30,2023-01-27,2023-01-27_0001193125-23-017732_d365144d485bpos.htm,"Marriott International, Inc., Class A",4765640,667856790,485BPOS,SEC,html-table,reported-as-of
2022-09-30,2023-01-27,2023-01-27_0001193125-23-017732_d365144d485bpos.htm,Starbucks Corp.,16848107,1419621496,485BPOS,SEC,html-table,reported-as-of
2022-09-30,2023-01-27,2023-01-27_0001193125-23-017732_d365144d485bpos.htm,"Honeywell International, Inc.",9892289,1651715494,485BPOS,SEC,html-table,reported-as-of
2022-09-30,2023-01-27,2023-01-27_0001193125-23-017732_d365144d485bpos.htm,"Alphabet, Inc., Class A (b)",53067751,5075930383,485BPOS,SEC,html-table,reported-as-of
2022-09-30,2023-01-27,2023-01-27_0001193125-23-017732_d365144d485bpos.htm,"Alphabet, Inc., Class C (b)",54546187,5244615880,485BPOS,SEC,html-table,reported-as-of
2022-09-30,2023-01-27,2023-01-27_0001193125-23-017732_d365144d485bpos.htm,"Baidu, Inc., ADR (China) (b)",2672818,314029387,485BPOS,SEC,html-table,reported-as-of
2022-09-30,2023-01-27,2023-01-27_0001193125-23-017732_d365144d485bpos.htm,"Match Group, Inc. (b)",4155358,198418344,485BPOS,SEC,html-table,reported-as-of
2022-09-30,2023-01-27,2023-01-27_0001193125-23-017732_d365144d485bpos.htm,"Meta Platforms, Inc., Class A (b)",30225048,4100934513,485BPOS,SEC,html-table,reported-as-of
2022-09-30,2023-01-27,2023-01-27_0001193125-23-017732_d365144d485bpos.htm,"Amazon.com, Inc. (b)",90165635,10188716755,485BPOS,SEC,html-table,reported-as-of
2022-09-30,2023-01-27,2023-01-27_0001193125-23-017732_d365144d485bpos.htm,"eBay, Inc.",8066742,296936773,485BPOS,SEC,html-table,reported-as-of
2022-09-30,2023-01-27,2023-01-27_0001193125-23-017732_d365144d485bpos.htm,"JD.com, Inc., ADR (China)",7409897,372717819,485BPOS,SEC,html-table,reported-as-of
2022-09-30,2023-01-27,2023-01-27_0001193125-23-017732_d365144d485bpos.htm,"MercadoLibre, Inc. (Brazil) (b)",739181,611879248,485BPOS,SEC,html-table,reported-as-of
2022-09-30,2023-01-27,2023-01-27_0001193125-23-017732_d365144d485bpos.htm,"Pinduoduo, Inc., ADR (China) (b)",6873107,430119036,485BPOS,SEC,html-table,reported-as-of
2022-09-30,2023-01-27,2023-01-27_0001193125-23-017732_d365144d485bpos.htm,"Automatic Data Processing, Inc.",6101485,1380094892,485BPOS,SEC,html-table,reported-as-of
2022-09-30,2023-01-27,2023-01-27_0001193125-23-017732_d365144d485bpos.htm,"Cognizant Technology Solutions Corp., Class A",7602975,436714884,485BPOS,SEC,html-table,reported-as-of
2022-09-30,2023-01-27,2023-01-27_0001193125-23-017732_d365144d485bpos.htm,"Fiserv, Inc. (b)",9391463,878759193,485BPOS,SEC,html-table,reported-as-of
2022-09-30,2023-01-27,2023-01-27_0001193125-23-017732_d365144d485bpos.htm,"Okta, Inc. (b)",2214309,125927753,485BPOS,SEC,html-table,reported-as-of
2022-09-30,2023-01-27,2023-01-27_0001193125-23-017732_d365144d485bpos.htm,"Paychex, Inc.",5284802,593007632,485BPOS,SEC,html-table,reported-as-of
2022-09-30,2023-01-27,2023-01-27_0001193125-23-017732_d365144d485bpos.htm,"PayPal Holdings, Inc. (b)",16981368,1461586344,485BPOS,SEC,html-table,reported-as-of
2022-09-30,2023-01-27,2023-01-27_0001193125-23-017732_d365144d485bpos.htm,"VeriSign, Inc. (b)",1575241,273619362,485BPOS,SEC,html-table,reported-as-of
2022-09-30,2023-01-27,2023-01-27_0001193125-23-017732_d365144d485bpos.htm,"Illumina, Inc. (b)",2309784,440683689,485BPOS,SEC,html-table,reported-as-of
2022-09-30,2023-01-27,2023-01-27_0001193125-23-017732_d365144d485bpos.htm,"PACCAR, Inc.",5105882,427311265,485BPOS,SEC,html-table,reported-as-of
2022-09-30,2023-01-27,2023-01-27_0001193125-23-017732_d365144d485bpos.htm,"Charter Communications, Inc., Class A (b)",2358958,715589909,485BPOS,SEC,html-table,reported-as-of
2022-09-30,2023-01-27,2023-01-27_0001193125-23-017732_d365144d485bpos.htm,"Comcast Corp., Class A",64664235,1896602013,485BPOS,SEC,html-table,reported-as-of
2022-09-30,2023-01-27,2023-01-27_0001193125-23-017732_d365144d485bpos.htm,"Sirius XM Holdings, Inc.",57181465,326506165,485BPOS,SEC,html-table,reported-as-of
2022-09-30,2023-01-27,2023-01-27_0001193125-23-017732_d365144d485bpos.htm,"Dollar Tree, Inc. (b)",3288179,447521162,485BPOS,SEC,html-table,reported-as-of
2022-09-30,2023-01-27,2023-01-27_0001193125-23-017732_d365144d485bpos.htm,"AstraZeneca PLC, ADR (United Kingdom)",8690590,476591956,485BPOS,SEC,html-table,reported-as-of
2022-09-30,2023-01-27,2023-01-27_0001193125-23-017732_d365144d485bpos.htm,"Verisk Analytics, Inc.",2304691,393018956,485BPOS,SEC,html-table,reported-as-of
2022-09-30,2023-01-27,2023-01-27_0001193125-23-017732_d365144d485bpos.htm,CSX Corp.,31441176,837592929,485BPOS,SEC,html-table,reported-as-of
2022-09-30,2023-01-27,2023-01-27_0001193125-23-017732_d365144d485bpos.htm,"Old Dominion Freight Line, Inc.",1641186,408277841,485BPOS,SEC,html-table,reported-as-of
2022-09-30,2023-01-27,2023-01-27_0001193125-23-017732_d365144d485bpos.htm,"Advanced Micro Devices, Inc. (b)",23704270,1501902547,485BPOS,SEC,html-table,reported-as-of
2022-09-30,2023-01-27,2023-01-27_0001193125-23-017732_d365144d485bpos.htm,"Analog Devices, Inc.",7552484,1052363121,485BPOS,SEC,html-table,reported-as-of
2022-09-30,2023-01-27,2023-01-27_0001193125-23-017732_d365144d485bpos.htm,"Applied Materials, Inc.",12632538,1034983838,485BPOS,SEC,html-table,reported-as-of
2022-09-30,2023-01-27,2023-01-27_0001193125-23-017732_d365144d485bpos.htm,"ASML Holding N.V., New York Shares (Netherlands)",1264161,525069271,485BPOS,SEC,html-table,reported-as-of
2022-09-30,2023-01-27,2023-01-27_0001193125-23-017732_d365144d485bpos.htm,"Broadcom, Inc.",5946647,2640370735,485BPOS,SEC,html-table,reported-as-of
2022-09-30,2023-01-27,2023-01-27_0001193125-23-017732_d365144d485bpos.htm,Intel Corp.,60291099,1553701621,485BPOS,SEC,html-table,reported-as-of
2022-09-30,2023-01-27,2023-01-27_0001193125-23-017732_d365144d485bpos.htm,KLA Corp.,2082158,630123476,485BPOS,SEC,html-table,reported-as-of
2022-09-30,2023-01-27,2023-01-27_0001193125-23-017732_d365144d485bpos.htm,Lam Research Corp.,2011519,736215954,485BPOS,SEC,html-table,reported-as-of
2022-09-30,2023-01-27,2023-01-27_0001193125-23-017732_d365144d485bpos.htm,"Marvell Technology, Inc.",12519369,537206124,485BPOS,SEC,html-table,reported-as-of
2022-09-30,2023-01-27,2023-01-27_0001193125-23-017732_d365144d485bpos.htm,"Microchip Technology, Inc.",8112482,495104777,485BPOS,SEC,html-table,reported-as-of
2022-09-30,2023-01-27,2023-01-27_0001193125-23-017732_d365144d485bpos.htm,"Micron Technology, Inc.",16198242,811531924,485BPOS,SEC,html-table,reported-as-of
2022-09-30,2023-01-27,2023-01-27_0001193125-23-017732_d365144d485bpos.htm,NVIDIA Corp.,31014619,3764864600,485BPOS,SEC,html-table,reported-as-of
2022-09-30,2023-01-27,2023-01-27_0001193125-23-017732_d365144d485bpos.htm,NXP Semiconductors N.V. (China),3855995,568797822,485BPOS,SEC,html-table,reported-as-of
2022-09-30,2023-01-27,2023-01-27_0001193125-23-017732_d365144d485bpos.htm,"QUALCOMM, Inc.",16489959,1863035568,485BPOS,SEC,html-table,reported-as-of
2022-09-30,2023-01-27,2023-01-27_0001193125-23-017732_d365144d485bpos.htm,"Skyworks Solutions, Inc.",2355948,200891686,485BPOS,SEC,html-table,reported-as-of
2022-09-30,2023-01-27,2023-01-27_0001193125-23-017732_d365144d485bpos.htm,"Texas Instruments, Inc.",13416639,2076627384,485BPOS,SEC,html-table,reported-as-of
2022-09-30,2023-01-27,2023-01-27_0001193125-23-017732_d365144d485bpos.htm,"Adobe, Inc. (b)",6871947,1891159814,485BPOS,SEC,html-table,reported-as-of
2022-09-30,2023-01-27,2023-01-27_0001193125-23-017732_d365144d485bpos.htm,"ANSYS, Inc. (b)",1278556,283455865,485BPOS,SEC,html-table,reported-as-of
2022-09-30,2023-01-27,2023-01-27_0001193125-23-017732_d365144d485bpos.htm,"Atlassian Corp. PLC, Class A (b)",2127487,448027487,485BPOS,SEC,html-table,reported-as-of
2022-09-30,2023-01-27,2023-01-27_0001193125-23-017732_d365144d485bpos.htm,"Autodesk, Inc. (b)",3169781,592115091,485BPOS,SEC,html-table,reported-as-of
2022-09-30,2023-01-27,2023-01-27_0001193125-23-017732_d365144d485bpos.htm,"Cadence Design Systems, Inc. (b)",4021599,657249925,485BPOS,SEC,html-table,reported-as-of
2022-09-30,2023-01-27,2023-01-27_0001193125-23-017732_d365144d485bpos.htm,"Crowdstrike Holdings, Inc., Class A (b)",3154518,519896112,485BPOS,SEC,html-table,reported-as-of
2022-09-30,2023-01-27,2023-01-27_0001193125-23-017732_d365144d485bpos.htm,"Datadog, Inc., Class A (b)",4270245,379112351,485BPOS,SEC,html-table,reported-as-of
2022-09-30,2023-01-27,2023-01-27_0001193125-23-017732_d365144d485bpos.htm,"DocuSign, Inc. (b)",2935882,156981610,485BPOS,SEC,html-table,reported-as-of
2022-09-30,2023-01-27,2023-01-27_0001193125-23-017732_d365144d485bpos.htm,"Fortinet, Inc. (b)",11578453,568849396,485BPOS,SEC,html-table,reported-as-of
2022-09-30,2023-01-27,2023-01-27_0001193125-23-017732_d365144d485bpos.htm,"Intuit, Inc.",4141901,1604241095,485BPOS,SEC,html-table,reported-as-of
2022-09-30,2023-01-27,2023-01-27_0001193125-23-017732_d365144d485bpos.htm,Microsoft Corp.,66006680,15372955772,485BPOS,SEC,html-table,reported-as-of
2022-09-30,2023-01-27,2023-01-27_0001193125-23-017732_d365144d485bpos.htm,"Palo Alto Networks, Inc. (b)",4389078,718887086,485BPOS,SEC,html-table,reported-as-of
2022-09-30,2023-01-27,2023-01-27_0001193125-23-017732_d365144d485bpos.htm,"Splunk, Inc. (b)",2389053,179656786,485BPOS,SEC,html-table,reported-as-of
2022-09-30,2023-01-27,2023-01-27_0001193125-23-017732_d365144d485bpos.htm,"Synopsys, Inc. (b)",2245317,685966797,485BPOS,SEC,html-table,reported-as-of
2022-09-30,2023-01-27,2023-01-27_0001193125-23-017732_d365144d485bpos.htm,"Workday, Inc., Class A (b)",2951464,449271850,485BPOS,SEC,html-table,reported-as-of
2022-09-30,2023-01-27,2023-01-27_0001193125-23-017732_d365144d485bpos.htm,"Zoom Video Communications, Inc., Class A (b)",3685217,271195119,485BPOS,SEC,html-table,reported-as-of
2022-09-30,2023-01-27,2023-01-27_0001193125-23-017732_d365144d485bpos.htm,"Zscaler, Inc. (b)",2083012,342384682,485BPOS,SEC,html-table,reported-as-of
2022-09-30,2023-01-27,2023-01-27_0001193125-23-017732_d365144d485bpos.htm,"O’Reilly Automotive, Inc. (b)",929744,653935442,485BPOS,SEC,html-table,reported-as-of
2022-09-30,2023-01-27,2023-01-27_0001193125-23-017732_d365144d485bpos.htm,"Ross Stores, Inc.",5138400,433012968,485BPOS,SEC,html-table,reported-as-of
2022-09-30,2023-01-27,2023-01-27_0001193125-23-017732_d365144d485bpos.htm,"Apple, Inc.",142235301,19656918598,485BPOS,SEC,html-table,reported-as-of
2022-09-30,2023-01-27,2023-01-27_0001193125-23-017732_d365144d485bpos.htm,"lululemon athletica, inc. (b)",1796194,502143995,485BPOS,SEC,html-table,reported-as-of
2022-09-30,2023-01-27,2023-01-27_0001193125-23-017732_d365144d485bpos.htm,Fastenal Co.,8438449,388506192,485BPOS,SEC,html-table,reported-as-of
2022-09-30,2023-01-27,2023-01-27_0001193125-23-017732_d365144d485bpos.htm,"T-Mobile US, Inc. (b)",18414124,2470623017,485BPOS,SEC,html-table,reported-as-of
2023-09-30,2024-01-26,2024-01-26_0001193125-24-016662_d881880d485bpos.htm,"Lucid Group, Inc. (b)",38717100,216428589,485BPOS,SEC,html-table,reported-as-of
2023-09-30,2024-01-26,2024-01-26_0001193125-24-016662_d881880d485bpos.htm,"Tesla, Inc. (b)",25213437,6308906206,485BPOS,SEC,html-table,reported-as-of
2023-09-30,2024-01-26,2024-01-26_0001193125-24-016662_d881880d485bpos.htm,"Keurig Dr Pepper, Inc.",23804146,751496889,485BPOS,SEC,html-table,reported-as-of
2023-09-30,2024-01-26,2024-01-26_0001193125-24-016662_d881880d485bpos.htm,Monster Beverage Corp. (b),17845845,944937493,485BPOS,SEC,html-table,reported-as-of
2023-09-30,2024-01-26,2024-01-26_0001193125-24-016662_d881880d485bpos.htm,"PepsiCo, Inc.",23451829,3973677906,485BPOS,SEC,html-table,reported-as-of
2023-09-30,2024-01-26,2024-01-26_0001193125-24-016662_d881880d485bpos.htm,"Amgen, Inc.",9112755,2449144034,485BPOS,SEC,html-table,reported-as-of
2023-09-30,2024-01-26,2024-01-26_0001193125-24-016662_d881880d485bpos.htm,"Biogen, Inc. (b)",2467286,634117175,485BPOS,SEC,html-table,reported-as-of
2023-09-30,2024-01-26,2024-01-26_0001193125-24-016662_d881880d485bpos.htm,"Gilead Sciences, Inc.",21227555,1590792971,485BPOS,SEC,html-table,reported-as-of
2023-09-30,2024-01-26,2024-01-26_0001193125-24-016662_d881880d485bpos.htm,"Moderna, Inc. (b)",6483868,669718726,485BPOS,SEC,html-table,reported-as-of
2023-09-30,2024-01-26,2024-01-26_0001193125-24-016662_d881880d485bpos.htm,"Regeneron Pharmaceuticals, Inc. (b)",1818471,1496528894,485BPOS,SEC,html-table,reported-as-of
2023-09-30,2024-01-26,2024-01-26_0001193125-24-016662_d881880d485bpos.htm,"Seagen, Inc. (b)",3197608,678372537,485BPOS,SEC,html-table,reported-as-of
2023-09-30,2024-01-26,2024-01-26_0001193125-24-016662_d881880d485bpos.htm,"Vertex Pharmaceuticals, Inc. (b)",4397035,1529024951,485BPOS,SEC,html-table,reported-as-of
2023-09-30,2024-01-26,2024-01-26_0001193125-24-016662_d881880d485bpos.htm,"Amazon.com, Inc. (b)",81961539,10418950838,485BPOS,SEC,html-table,reported-as-of
2023-09-30,2024-01-26,2024-01-26_0001193125-24-016662_d881880d485bpos.htm,"eBay, Inc.",9066014,399720557,485BPOS,SEC,html-table,reported-as-of
2023-09-30,2024-01-26,2024-01-26_0001193125-24-016662_d881880d485bpos.htm,"JD.com, Inc., ADR (China)",7726676,225078072,485BPOS,SEC,html-table,reported-as-of
2023-09-30,2024-01-26,2024-01-26_0001193125-24-016662_d881880d485bpos.htm,"MercadoLibre, Inc. (Brazil) (b)",853387,1081992309,485BPOS,SEC,html-table,reported-as-of
2023-09-30,2024-01-26,2024-01-26_0001193125-24-016662_d881880d485bpos.htm,"PDD Holdings, Inc., ADR (China) (b)",11099480,1088526004,485BPOS,SEC,html-table,reported-as-of
2023-09-30,2024-01-26,2024-01-26_0001193125-24-016662_d881880d485bpos.htm,Cintas Corp.,1733329,833748582,485BPOS,SEC,html-table,reported-as-of
2023-09-30,2024-01-26,2024-01-26_0001193125-24-016662_d881880d485bpos.htm,"Copart, Inc. (b)",16267641,700972651,485BPOS,SEC,html-table,reported-as-of
2023-09-30,2024-01-26,2024-01-26_0001193125-24-016662_d881880d485bpos.htm,"Cisco Systems, Inc.",69423882,3732227896,485BPOS,SEC,html-table,reported-as-of
2023-09-30,2024-01-26,2024-01-26_0001193125-24-016662_d881880d485bpos.htm,Costco Wholesale Corp.,7555276,4268428729,485BPOS,SEC,html-table,reported-as-of
2023-09-30,2024-01-26,2024-01-26_0001193125-24-016662_d881880d485bpos.htm,"Dollar Tree, Inc. (b)",3748109,398986203,485BPOS,SEC,html-table,reported-as-of
2023-09-30,2024-01-26,2024-01-26_0001193125-24-016662_d881880d485bpos.htm,"Walgreens Boots Alliance, Inc.",14706740,327077898,485BPOS,SEC,html-table,reported-as-of
2023-09-30,2024-01-26,2024-01-26_0001193125-24-016662_d881880d485bpos.htm,"American Electric Power Co., Inc.",8776711,660184201,485BPOS,SEC,html-table,reported-as-of
2023-09-30,2024-01-26,2024-01-26_0001193125-24-016662_d881880d485bpos.htm,Constellation Energy Corp.,5478693,597615833,485BPOS,SEC,html-table,reported-as-of
2023-09-30,2024-01-26,2024-01-26_0001193125-24-016662_d881880d485bpos.htm,Exelon Corp.,16954883,640725029,485BPOS,SEC,html-table,reported-as-of
2023-09-30,2024-01-26,2024-01-26_0001193125-24-016662_d881880d485bpos.htm,"Xcel Energy, Inc.",9395978,537637861,485BPOS,SEC,html-table,reported-as-of
2023-09-30,2024-01-26,2024-01-26_0001193125-24-016662_d881880d485bpos.htm,"Baker Hughes Co., Class A",17200814,607532751,485BPOS,SEC,html-table,reported-as-of
2023-09-30,2024-01-26,2024-01-26_0001193125-24-016662_d881880d485bpos.htm,"Electronic Arts, Inc.",4615381,555691872,485BPOS,SEC,html-table,reported-as-of
2023-09-30,2024-01-26,2024-01-26_0001193125-24-016662_d881880d485bpos.htm,"Netflix, Inc. (b)",7549592,2850725939,485BPOS,SEC,html-table,reported-as-of
2023-09-30,2024-01-26,2024-01-26_0001193125-24-016662_d881880d485bpos.htm,"Warner Bros Discovery, Inc. (b)",41524044,450951118,485BPOS,SEC,html-table,reported-as-of
2023-09-30,2024-01-26,2024-01-26_0001193125-24-016662_d881880d485bpos.htm,"PayPal Holdings, Inc. (b)",18706523,1093583335,485BPOS,SEC,html-table,reported-as-of
2023-09-30,2024-01-26,2024-01-26_0001193125-24-016662_d881880d485bpos.htm,Kraft Heinz Co. (The),20925552,703935569,485BPOS,SEC,html-table,reported-as-of
2023-09-30,2024-01-26,2024-01-26_0001193125-24-016662_d881880d485bpos.htm,"Mondelez International, Inc., Class A",23176461,1608446394,485BPOS,SEC,html-table,reported-as-of
2023-09-30,2024-01-26,2024-01-26_0001193125-24-016662_d881880d485bpos.htm,CSX Corp.,34180339,1051045424,485BPOS,SEC,html-table,reported-as-of
2023-09-30,2024-01-26,2024-01-26_0001193125-24-016662_d881880d485bpos.htm,"Old Dominion Freight Line, Inc.",1861523,761623520,485BPOS,SEC,html-table,reported-as-of
2023-09-30,2024-01-26,2024-01-26_0001193125-24-016662_d881880d485bpos.htm,"Align Technology, Inc. (b)",1303858,398093925,485BPOS,SEC,html-table,reported-as-of
2023-09-30,2024-01-26,2024-01-26_0001193125-24-016662_d881880d485bpos.htm,"DexCom, Inc. (b)",6607873,616514551,485BPOS,SEC,html-table,reported-as-of
2023-09-30,2024-01-26,2024-01-26_0001193125-24-016662_d881880d485bpos.htm,"GE HealthCare Technologies, Inc.",7748752,527225086,485BPOS,SEC,html-table,reported-as-of
2023-09-30,2024-01-26,2024-01-26_0001193125-24-016662_d881880d485bpos.htm,"IDEXX Laboratories, Inc. (b)",1414239,618404287,485BPOS,SEC,html-table,reported-as-of
2023-09-30,2024-01-26,2024-01-26_0001193125-24-016662_d881880d485bpos.htm,"Intuitive Surgical, Inc. (b)",5985880,1749612865,485BPOS,SEC,html-table,reported-as-of
2023-09-30,2024-01-26,2024-01-26_0001193125-24-016662_d881880d485bpos.htm,"Airbnb, Inc., Class A (b)",7263577,996635400,485BPOS,SEC,html-table,reported-as-of
2023-09-30,2024-01-26,2024-01-26_0001193125-24-016662_d881880d485bpos.htm,"Booking Holdings, Inc. (b)",608116,1875399338,485BPOS,SEC,html-table,reported-as-of
2023-09-30,2024-01-26,2024-01-26_0001193125-24-016662_d881880d485bpos.htm,"Marriott International, Inc., Class A",5080865,998694825,485BPOS,SEC,html-table,reported-as-of
2023-09-30,2024-01-26,2024-01-26_0001193125-24-016662_d881880d485bpos.htm,Starbucks Corp.,19513285,1780977522,485BPOS,SEC,html-table,reported-as-of
2023-09-30,2024-01-26,2024-01-26_0001193125-24-016662_d881880d485bpos.htm,"Honeywell International, Inc.",11311512,2089688727,485BPOS,SEC,html-table,reported-as-of
2023-09-30,2024-01-26,2024-01-26_0001193125-24-016662_d881880d485bpos.htm,"Alphabet, Inc., Class A (b)",47130270,6167467132,485BPOS,SEC,html-table,reported-as-of
2023-09-30,2024-01-26,2024-01-26_0001193125-24-016662_d881880d485bpos.htm,"Alphabet, Inc., Class C (b)",46081680,6075869508,485BPOS,SEC,html-table,reported-as-of
2023-09-30,2024-01-26,2024-01-26_0001193125-24-016662_d881880d485bpos.htm,"Meta Platforms, Inc., Class A (b)",24748106,7429628902,485BPOS,SEC,html-table,reported-as-of
2023-09-30,2024-01-26,2024-01-26_0001193125-24-016662_d881880d485bpos.htm,"Cognizant Technology Solutions Corp., Class A",8604039,582837602,485BPOS,SEC,html-table,reported-as-of
2023-09-30,2024-01-26,2024-01-26_0001193125-24-016662_d881880d485bpos.htm,"Illumina, Inc. (b)",2696875,370227000,485BPOS,SEC,html-table,reported-as-of
2023-09-30,2024-01-26,2024-01-26_0001193125-24-016662_d881880d485bpos.htm,"PACCAR, Inc.",8906669,757244998,485BPOS,SEC,html-table,reported-as-of
2023-09-30,2024-01-26,2024-01-26_0001193125-24-016662_d881880d485bpos.htm,"Charter Communications, Inc., Class A (b)",2549791,1121449078,485BPOS,SEC,html-table,reported-as-of
2023-09-30,2024-01-26,2024-01-26_0001193125-24-016662_d881880d485bpos.htm,"Comcast Corp., Class A",70116181,3108951465,485BPOS,SEC,html-table,reported-as-of
2023-09-30,2024-01-26,2024-01-26_0001193125-24-016662_d881880d485bpos.htm,"Sirius XM Holdings, Inc.",65460203,295880117,485BPOS,SEC,html-table,reported-as-of
2023-09-30,2024-01-26,2024-01-26_0001193125-24-016662_d881880d485bpos.htm,"Trade Desk, Inc. (The), Class A (b)",7600938,594013305,485BPOS,SEC,html-table,reported-as-of
2023-09-30,2024-01-26,2024-01-26_0001193125-24-016662_d881880d485bpos.htm,"Diamondback Energy, Inc.",3046425,471830304,485BPOS,SEC,html-table,reported-as-of
2023-09-30,2024-01-26,2024-01-26_0001193125-24-016662_d881880d485bpos.htm,"AstraZeneca PLC, ADR (United Kingdom)",9924629,672095876,485BPOS,SEC,html-table,reported-as-of
2023-09-30,2024-01-26,2024-01-26_0001193125-24-016662_d881880d485bpos.htm,"Automatic Data Processing, Inc.",7018694,1688557403,485BPOS,SEC,html-table,reported-as-of
2023-09-30,2024-01-26,2024-01-26_0001193125-24-016662_d881880d485bpos.htm,"Paychex, Inc.",6142325,708394342,485BPOS,SEC,html-table,reported-as-of
2023-09-30,2024-01-26,2024-01-26_0001193125-24-016662_d881880d485bpos.htm,"Verisk Analytics, Inc.",2470654,583667301,485BPOS,SEC,html-table,reported-as-of
2023-09-30,2024-01-26,2024-01-26_0001193125-24-016662_d881880d485bpos.htm,"CoStar Group, Inc. (b)",6956540,534888361,485BPOS,SEC,html-table,reported-as-of
2023-09-30,2024-01-26,2024-01-26_0001193125-24-016662_d881880d485bpos.htm,"Advanced Micro Devices, Inc. (b)",27525121,2830132941,485BPOS,SEC,html-table,reported-as-of
2023-09-30,2024-01-26,2024-01-26_0001193125-24-016662_d881880d485bpos.htm,"Analog Devices, Inc.",8489420,1486412548,485BPOS,SEC,html-table,reported-as-of
2023-09-30,2024-01-26,2024-01-26_0001193125-24-016662_d881880d485bpos.htm,"Applied Materials, Inc.",14251422,1973109376,485BPOS,SEC,html-table,reported-as-of
2023-09-30,2024-01-26,2024-01-26_0001193125-24-016662_d881880d485bpos.htm,"ASML Holding N.V., New York Shares (Netherlands)",1477302,869628595,485BPOS,SEC,html-table,reported-as-of
2023-09-30,2024-01-26,2024-01-26_0001193125-24-016662_d881880d485bpos.htm,"Broadcom, Inc.",7030604,5839479070,485BPOS,SEC,html-table,reported-as-of
2023-09-30,2024-01-26,2024-01-26_0001193125-24-016662_d881880d485bpos.htm,"Enphase Energy, Inc. (b)",2323005,279109051,485BPOS,SEC,html-table,reported-as-of
2023-09-30,2024-01-26,2024-01-26_0001193125-24-016662_d881880d485bpos.htm,"GLOBALFOUNDRIES, Inc. (b)",9331736,543013718,485BPOS,SEC,html-table,reported-as-of
2023-09-30,2024-01-26,2024-01-26_0001193125-24-016662_d881880d485bpos.htm,Intel Corp.,71348005,2536421578,485BPOS,SEC,html-table,reported-as-of
2023-09-30,2024-01-26,2024-01-26_0001193125-24-016662_d881880d485bpos.htm,KLA Corp.,2329141,1068283811,485BPOS,SEC,html-table,reported-as-of
2023-09-30,2024-01-26,2024-01-26_0001193125-24-016662_d881880d485bpos.htm,Lam Research Corp.,2257525,1414948944,485BPOS,SEC,html-table,reported-as-of
2023-09-30,2024-01-26,2024-01-26_0001193125-24-016662_d881880d485bpos.htm,"Marvell Technology, Inc.",14698918,795652431,485BPOS,SEC,html-table,reported-as-of
2023-09-30,2024-01-26,2024-01-26_0001193125-24-016662_d881880d485bpos.htm,"Microchip Technology, Inc.",9273458,723793397,485BPOS,SEC,html-table,reported-as-of
2023-09-30,2024-01-26,2024-01-26_0001193125-24-016662_d881880d485bpos.htm,"Micron Technology, Inc.",18659958,1269436943,485BPOS,SEC,html-table,reported-as-of
2023-09-30,2024-01-26,2024-01-26_0001193125-24-016662_d881880d485bpos.htm,NVIDIA Corp.,19621009,8534942705,485BPOS,SEC,html-table,reported-as-of
2023-09-30,2024-01-26,2024-01-26_0001193125-24-016662_d881880d485bpos.htm,NXP Semiconductors N.V. (China),4391970,878042642,485BPOS,SEC,html-table,reported-as-of
2023-09-30,2024-01-26,2024-01-26_0001193125-24-016662_d881880d485bpos.htm,ON Semiconductor Corp. (b),7351660,683336797,485BPOS,SEC,html-table,reported-as-of
2023-09-30,2024-01-26,2024-01-26_0001193125-24-016662_d881880d485bpos.htm,"QUALCOMM, Inc.",19012532,2111531804,485BPOS,SEC,html-table,reported-as-of
2023-09-30,2024-01-26,2024-01-26_0001193125-24-016662_d881880d485bpos.htm,"Texas Instruments, Inc.",15468380,2459627104,485BPOS,SEC,html-table,reported-as-of
2023-09-30,2024-01-26,2024-01-26_0001193125-24-016662_d881880d485bpos.htm,"Adobe, Inc. (b)",7765125,3959437238,485BPOS,SEC,html-table,reported-as-of
2023-09-30,2024-01-26,2024-01-26_0001193125-24-016662_d881880d485bpos.htm,"ANSYS, Inc. (b)",1478601,439957728,485BPOS,SEC,html-table,reported-as-of
2023-09-30,2024-01-26,2024-01-26_0001193125-24-016662_d881880d485bpos.htm,"Atlassian Corp., Class A (b)",2611629,526269360,485BPOS,SEC,html-table,reported-as-of
2023-09-30,2024-01-26,2024-01-26_0001193125-24-016662_d881880d485bpos.htm,"Autodesk, Inc. (b)",3641799,753524631,485BPOS,SEC,html-table,reported-as-of
2023-09-30,2024-01-26,2024-01-26_0001193125-24-016662_d881880d485bpos.htm,"Cadence Design Systems, Inc. (b)",4630247,1084866872,485BPOS,SEC,html-table,reported-as-of
2023-09-30,2024-01-26,2024-01-26_0001193125-24-016662_d881880d485bpos.htm,"CrowdStrike Holdings, Inc., Class A (b)",3851235,644619714,485BPOS,SEC,html-table,reported-as-of
2023-09-30,2024-01-26,2024-01-26_0001193125-24-016662_d881880d485bpos.htm,"Datadog, Inc., Class A (b)",5094947,464098722,485BPOS,SEC,html-table,reported-as-of
2023-09-30,2024-01-26,2024-01-26_0001193125-24-016662_d881880d485bpos.htm,"Fortinet, Inc. (b)",13379212,785092160,485BPOS,SEC,html-table,reported-as-of
2023-09-30,2024-01-26,2024-01-26_0001193125-24-016662_d881880d485bpos.htm,"Intuit, Inc.",4771254,2437824519,485BPOS,SEC,html-table,reported-as-of
2023-09-30,2024-01-26,2024-01-26_0001193125-24-016662_d881880d485bpos.htm,Microsoft Corp.,59020123,18635603837,485BPOS,SEC,html-table,reported-as-of
2023-09-30,2024-01-26,2024-01-26_0001193125-24-016662_d881880d485bpos.htm,"Palo Alto Networks, Inc. (b)",5210585,1221569547,485BPOS,SEC,html-table,reported-as-of
2023-09-30,2024-01-26,2024-01-26_0001193125-24-016662_d881880d485bpos.htm,"Synopsys, Inc. (b)",2591007,1189194483,485BPOS,SEC,html-table,reported-as-of
2023-09-30,2024-01-26,2024-01-26_0001193125-24-016662_d881880d485bpos.htm,"Workday, Inc., Class A (b)",3526447,757657138,485BPOS,SEC,html-table,reported-as-of
2023-09-30,2024-01-26,2024-01-26_0001193125-24-016662_d881880d485bpos.htm,"Zoom Video Communications, Inc., Class A (b)",4332264,302998544,485BPOS,SEC,html-table,reported-as-of
2023-09-30,2024-01-26,2024-01-26_0001193125-24-016662_d881880d485bpos.htm,"Zscaler, Inc. (b)",2485475,386715055,485BPOS,SEC,html-table,reported-as-of
2023-09-30,2024-01-26,2024-01-26_0001193125-24-016662_d881880d485bpos.htm,"O’Reilly Automotive, Inc. (b)",1026553,932992960,485BPOS,SEC,html-table,reported-as-of
2023-09-30,2024-01-26,2024-01-26_0001193125-24-016662_d881880d485bpos.htm,"Ross Stores, Inc.",5803480,655503066,485BPOS,SEC,html-table,reported-as-of
2023-09-30,2024-01-26,2024-01-26_0001193125-24-016662_d881880d485bpos.htm,"Apple, Inc.",124194377,21263319286,485BPOS,SEC,html-table,reported-as-of
2023-09-30,2024-01-26,2024-01-26_0001193125-24-016662_d881880d485bpos.htm,"lululemon athletica, inc. (b)",2068628,797683643,485BPOS,SEC,html-table,reported-as-of
2023-09-30,2024-01-26,2024-01-26_0001193125-24-016662_d881880d485bpos.htm,Fastenal Co.,9733455,531835981,485BPOS,SEC,html-table,reported-as-of
2023-09-30,2024-01-26,2024-01-26_0001193125-24-016662_d881880d485bpos.htm,"T-Mobile US, Inc. (b)",20042576,2806962769,485BPOS,SEC,html-table,reported-as-of
2024-09-30,2025-01-27,2025-01-27_0001193125-25-013448_d902673d485bpos.htm,"Tesla, Inc. (b)",36317036,9501626129,485BPOS,SEC,html-table,reported-as-of
2024-09-30,2025-01-27,2025-01-27_0001193125-25-013448_d902673d485bpos.htm,Coca-Cola Europacific Partners PLC (United Kingdom),8907648,701477280,485BPOS,SEC,html-table,reported-as-of
2024-09-30,2025-01-27,2025-01-27_0001193125-25-013448_d902673d485bpos.htm,"Keurig Dr Pepper, Inc.",26305649,985935724,485BPOS,SEC,html-table,reported-as-of
2024-09-30,2025-01-27,2025-01-27_0001193125-25-013448_d902673d485bpos.htm,Monster Beverage Corp. (b),19001376,991301786,485BPOS,SEC,html-table,reported-as-of
2024-09-30,2025-01-27,2025-01-27_0001193125-25-013448_d902673d485bpos.htm,"PepsiCo, Inc.",26644840,4530955042,485BPOS,SEC,html-table,reported-as-of
2024-09-30,2025-01-27,2025-01-27_0001193125-25-013448_d902673d485bpos.htm,"Amgen, Inc.",10423211,3358462816,485BPOS,SEC,html-table,reported-as-of
2024-09-30,2025-01-27,2025-01-27_0001193125-25-013448_d902673d485bpos.htm,"Biogen, Inc. (b)",2825581,547710621,485BPOS,SEC,html-table,reported-as-of
2024-09-30,2025-01-27,2025-01-27_0001193125-25-013448_d902673d485bpos.htm,"Gilead Sciences, Inc.",24150610,2024787143,485BPOS,SEC,html-table,reported-as-of
2024-09-30,2025-01-27,2025-01-27_0001193125-25-013448_d902673d485bpos.htm,"Moderna, Inc. (b)",7456589,498323843,485BPOS,SEC,html-table,reported-as-of
2024-09-30,2025-01-27,2025-01-27_0001193125-25-013448_d902673d485bpos.htm,"Regeneron Pharmaceuticals, Inc. (b)",2103107,2210870203,485BPOS,SEC,html-table,reported-as-of
2024-09-30,2025-01-27,2025-01-27_0001193125-25-013448_d902673d485bpos.htm,"Vertex Pharmaceuticals, Inc. (b)",5006728,2328529058,485BPOS,SEC,html-table,reported-as-of
2024-09-30,2025-01-27,2025-01-27_0001193125-25-013448_d902673d485bpos.htm,"Amazon.com, Inc. (b)",78825341,14687525788,485BPOS,SEC,html-table,reported-as-of
2024-09-30,2025-01-27,2025-01-27_0001193125-25-013448_d902673d485bpos.htm,"MercadoLibre, Inc. (Brazil) (b)",983459,2018018530,485BPOS,SEC,html-table,reported-as-of
2024-09-30,2025-01-27,2025-01-27_0001193125-25-013448_d902673d485bpos.htm,"PDD Holdings, Inc., ADR (China) (b)",12956600,1746679246,485BPOS,SEC,html-table,reported-as-of
2024-09-30,2025-01-27,2025-01-27_0001193125-25-013448_d902673d485bpos.htm,Linde PLC,9262699,4417010645,485BPOS,SEC,html-table,reported-as-of
2024-09-30,2025-01-27,2025-01-27_0001193125-25-013448_d902673d485bpos.htm,Cintas Corp.,7818938,1609762955,485BPOS,SEC,html-table,reported-as-of
2024-09-30,2025-01-27,2025-01-27_0001193125-25-013448_d902673d485bpos.htm,"Copart, Inc. (b)",18666844,978142626,485BPOS,SEC,html-table,reported-as-of
2024-09-30,2025-01-27,2025-01-27_0001193125-25-013448_d902673d485bpos.htm,"Cisco Systems, Inc.",78151754,4159236348,485BPOS,SEC,html-table,reported-as-of
2024-09-30,2025-01-27,2025-01-27_0001193125-25-013448_d902673d485bpos.htm,Costco Wholesale Corp.,8599906,7623988667,485BPOS,SEC,html-table,reported-as-of
2024-09-30,2025-01-27,2025-01-27_0001193125-25-013448_d902673d485bpos.htm,"Dollar Tree, Inc. (b)",4169530,293201350,485BPOS,SEC,html-table,reported-as-of
2024-09-30,2025-01-27,2025-01-27_0001193125-25-013448_d902673d485bpos.htm,"American Electric Power Co., Inc.",10322180,1059055668,485BPOS,SEC,html-table,reported-as-of
2024-09-30,2025-01-27,2025-01-27_0001193125-25-013448_d902673d485bpos.htm,Constellation Energy Corp.,6065622,1577183033,485BPOS,SEC,html-table,reported-as-of
2024-09-30,2025-01-27,2025-01-27_0001193125-25-013448_d902673d485bpos.htm,Exelon Corp.,19407864,786988885,485BPOS,SEC,html-table,reported-as-of
2024-09-30,2025-01-27,2025-01-27_0001193125-25-013448_d902673d485bpos.htm,"Xcel Energy, Inc.",10814507,706187307,485BPOS,SEC,html-table,reported-as-of
2024-09-30,2025-01-27,2025-01-27_0001193125-25-013448_d902673d485bpos.htm,CDW Corp.,2591127,586372040,485BPOS,SEC,html-table,reported-as-of
2024-09-30,2025-01-27,2025-01-27_0001193125-25-013448_d902673d485bpos.htm,"Baker Hughes Co., Class A",19270629,696633238,485BPOS,SEC,html-table,reported-as-of
2024-09-30,2025-01-27,2025-01-27_0001193125-25-013448_d902673d485bpos.htm,"Electronic Arts, Inc.",5124994,735129139,485BPOS,SEC,html-table,reported-as-of
2024-09-30,2025-01-27,2025-01-27_0001193125-25-013448_d902673d485bpos.htm,"Netflix, Inc. (b)",8325016,5904684098,485BPOS,SEC,html-table,reported-as-of
2024-09-30,2025-01-27,2025-01-27_0001193125-25-013448_d902673d485bpos.htm,"Take-Two Interactive Software, Inc. (b)",3400166,522639516,485BPOS,SEC,html-table,reported-as-of
2024-09-30,2025-01-27,2025-01-27_0001193125-25-013448_d902673d485bpos.htm,"Warner Bros. Discovery, Inc. (b)",47562631,392391706,485BPOS,SEC,html-table,reported-as-of
2024-09-30,2025-01-27,2025-01-27_0001193125-25-013448_d902673d485bpos.htm,"PayPal Holdings, Inc. (b)",19831421,1547445781,485BPOS,SEC,html-table,reported-as-of
2024-09-30,2025-01-27,2025-01-27_0001193125-25-013448_d902673d485bpos.htm,Kraft Heinz Co. (The),23453949,823468150,485BPOS,SEC,html-table,reported-as-of
2024-09-30,2025-01-27,2025-01-27_0001193125-25-013448_d902673d485bpos.htm,"Mondelez International, Inc., Class A",25912069,1908942123,485BPOS,SEC,html-table,reported-as-of
2024-09-30,2025-01-27,2025-01-27_0001193125-25-013448_d902673d485bpos.htm,CSX Corp.,37608049,1298605932,485BPOS,SEC,html-table,reported-as-of
2024-09-30,2025-01-27,2025-01-27_0001193125-25-013448_d902673d485bpos.htm,"Old Dominion Freight Line, Inc.",4156973,825741117,485BPOS,SEC,html-table,reported-as-of
2024-09-30,2025-01-27,2025-01-27_0001193125-25-013448_d902673d485bpos.htm,"DexCom, Inc. (b)",7773363,521126256,485BPOS,SEC,html-table,reported-as-of
2024-09-30,2025-01-27,2025-01-27_0001193125-25-013448_d902673d485bpos.htm,"GE HealthCare Technologies, Inc.",8858409,831361685,485BPOS,SEC,html-table,reported-as-of
2024-09-30,2025-01-27,2025-01-27_0001193125-25-013448_d902673d485bpos.htm,"IDEXX Laboratories, Inc. (b)",1596592,806630210,485BPOS,SEC,html-table,reported-as-of
2024-09-30,2025-01-27,2025-01-27_0001193125-25-013448_d902673d485bpos.htm,"Intuitive Surgical, Inc. (b)",6893216,3386430224,485BPOS,SEC,html-table,reported-as-of
2024-09-30,2025-01-27,2025-01-27_0001193125-25-013448_d902673d485bpos.htm,"Airbnb, Inc., Class A (b)",8535271,1082357715,485BPOS,SEC,html-table,reported-as-of
2024-09-30,2025-01-27,2025-01-27_0001193125-25-013448_d902673d485bpos.htm,"Booking Holdings, Inc.",650315,2739204818,485BPOS,SEC,html-table,reported-as-of
2024-09-30,2025-01-27,2025-01-27_0001193125-25-013448_d902673d485bpos.htm,"DoorDash, Inc., Class A (b)",7461037,1064913811,485BPOS,SEC,html-table,reported-as-of
2024-09-30,2025-01-27,2025-01-27_0001193125-25-013448_d902673d485bpos.htm,"Marriott International, Inc., Class A",5461031,1357612307,485BPOS,SEC,html-table,reported-as-of
2024-09-30,2025-01-27,2025-01-27_0001193125-25-013448_d902673d485bpos.htm,Starbucks Corp.,21982041,2143029177,485BPOS,SEC,html-table,reported-as-of
2024-09-30,2025-01-27,2025-01-27_0001193125-25-013448_d902673d485bpos.htm,"Honeywell International, Inc.",12602453,2605053060,485BPOS,SEC,html-table,reported-as-of
2024-09-30,2025-01-27,2025-01-27_0001193125-25-013448_d902673d485bpos.htm,"Alphabet, Inc., Class A",44003125,7297918281,485BPOS,SEC,html-table,reported-as-of
2024-09-30,2025-01-27,2025-01-27_0001193125-25-013448_d902673d485bpos.htm,"Alphabet, Inc., Class C",41945278,7012831029,485BPOS,SEC,html-table,reported-as-of
2024-09-30,2025-01-27,2025-01-27_0001193125-25-013448_d902673d485bpos.htm,"Meta Platforms, Inc., Class A",26103505,14942690402,485BPOS,SEC,html-table,reported-as-of
2024-09-30,2025-01-27,2025-01-27_0001193125-25-013448_d902673d485bpos.htm,"Cognizant Technology Solutions Corp., Class A",9614867,742075435,485BPOS,SEC,html-table,reported-as-of
2024-09-30,2025-01-27,2025-01-27_0001193125-25-013448_d902673d485bpos.htm,"MongoDB, Inc. (b)",1432940,387395329,485BPOS,SEC,html-table,reported-as-of
2024-09-30,2025-01-27,2025-01-27_0001193125-25-013448_d902673d485bpos.htm,"Illumina, Inc. (b)",3090143,402985549,485BPOS,SEC,html-table,reported-as-of
2024-09-30,2025-01-27,2025-01-27_0001193125-25-013448_d902673d485bpos.htm,"PACCAR, Inc.",10168956,1003472578,485BPOS,SEC,html-table,reported-as-of
2024-09-30,2025-01-27,2025-01-27_0001193125-25-013448_d902673d485bpos.htm,"Charter Communications, Inc., Class A (b)",2768935,897356455,485BPOS,SEC,html-table,reported-as-of
2024-09-30,2025-01-27,2025-01-27_0001193125-25-013448_d902673d485bpos.htm,"Comcast Corp., Class A",74936365,3130091966,485BPOS,SEC,html-table,reported-as-of
2024-09-30,2025-01-27,2025-01-27_0001193125-25-013448_d902673d485bpos.htm,"Trade Desk, Inc. (The), Class A (b)",8683785,952177025,485BPOS,SEC,html-table,reported-as-of
2024-09-30,2025-01-27,2025-01-27_0001193125-25-013448_d902673d485bpos.htm,"Diamondback Energy, Inc.",3460526,596594682,485BPOS,SEC,html-table,reported-as-of
2024-09-30,2025-01-27,2025-01-27_0001193125-25-013448_d902673d485bpos.htm,"AstraZeneca PLC, ADR (United Kingdom)",11295623,880041988,485BPOS,SEC,html-table,reported-as-of
2024-09-30,2025-01-27,2025-01-27_0001193125-25-013448_d902673d485bpos.htm,"Automatic Data Processing, Inc.",7910507,2189074602,485BPOS,SEC,html-table,reported-as-of
2024-09-30,2025-01-27,2025-01-27_0001193125-25-013448_d902673d485bpos.htm,"Paychex, Inc.",6978324,936421297,485BPOS,SEC,html-table,reported-as-of
2024-09-30,2025-01-27,2025-01-27_0001193125-25-013448_d902673d485bpos.htm,"Verisk Analytics, Inc.",2762755,740307830,485BPOS,SEC,html-table,reported-as-of
2024-09-30,2025-01-27,2025-01-27_0001193125-25-013448_d902673d485bpos.htm,"CoStar Group, Inc. (b)",7949711,599726198,485BPOS,SEC,html-table,reported-as-of
2024-09-30,2025-01-27,2025-01-27_0001193125-25-013448_d902673d485bpos.htm,"Advanced Micro Devices, Inc. (b)",31395615,5151392509,485BPOS,SEC,html-table,reported-as-of
2024-09-30,2025-01-27,2025-01-27_0001193125-25-013448_d902673d485bpos.htm,"Analog Devices, Inc.",9631085,2216786834,485BPOS,SEC,html-table,reported-as-of
2024-09-30,2025-01-27,2025-01-27_0001193125-25-013448_d902673d485bpos.htm,"Applied Materials, Inc.",15991974,3231178347,485BPOS,SEC,html-table,reported-as-of
2024-09-30,2025-01-27,2025-01-27_0001193125-25-013448_d902673d485bpos.htm,"ARM Holdings PLC, ADR (b)",2427395,347141759,485BPOS,SEC,html-table,reported-as-of
2024-09-30,2025-01-27,2025-01-27_0001193125-25-013448_d902673d485bpos.htm,"ASML Holding N.V., New York Shares (Netherlands)",1828329,1523455139,485BPOS,SEC,html-table,reported-as-of
2024-09-30,2025-01-27,2025-01-27_0001193125-25-013448_d902673d485bpos.htm,"Broadcom, Inc.",89895391,15506954947,485BPOS,SEC,html-table,reported-as-of
2024-09-30,2025-01-27,2025-01-27_0001193125-25-013448_d902673d485bpos.htm,"GLOBALFOUNDRIES, Inc. (b)",10699351,430648878,485BPOS,SEC,html-table,reported-as-of
2024-09-30,2025-01-27,2025-01-27_0001193125-25-013448_d902673d485bpos.htm,Intel Corp.,82946711,1945929840,485BPOS,SEC,html-table,reported-as-of
2024-09-30,2025-01-27,2025-01-27_0001193125-25-013448_d902673d485bpos.htm,KLA Corp.,2607587,2019341449,485BPOS,SEC,html-table,reported-as-of
2024-09-30,2025-01-27,2025-01-27_0001193125-25-013448_d902673d485bpos.htm,Lam Research Corp.,2519360,2055999309,485BPOS,SEC,html-table,reported-as-of
2024-09-30,2025-01-27,2025-01-27_0001193125-25-013448_d902673d485bpos.htm,"Marvell Technology, Inc.",16802727,1211812671,485BPOS,SEC,html-table,reported-as-of
2024-09-30,2025-01-27,2025-01-27_0001193125-25-013448_d902673d485bpos.htm,"Microchip Technology, Inc.",10407240,835597300,485BPOS,SEC,html-table,reported-as-of
2024-09-30,2025-01-27,2025-01-27_0001193125-25-013448_d902673d485bpos.htm,"Micron Technology, Inc.",21509536,2230753979,485BPOS,SEC,html-table,reported-as-of
2024-09-30,2025-01-27,2025-01-27_0001193125-25-013448_d902673d485bpos.htm,NVIDIA Corp.,184228776,22372742557,485BPOS,SEC,html-table,reported-as-of
2024-09-30,2025-01-27,2025-01-27_0001193125-25-013448_d902673d485bpos.htm,NXP Semiconductors N.V. (China),4941362,1185976294,485BPOS,SEC,html-table,reported-as-of
2024-09-30,2025-01-27,2025-01-27_0001193125-25-013448_d902673d485bpos.htm,ON Semiconductor Corp. (b),8309347,603341686,485BPOS,SEC,html-table,reported-as-of
2024-09-30,2025-01-27,2025-01-27_0001193125-25-013448_d902673d485bpos.htm,"QUALCOMM, Inc.",21609591,3674710949,485BPOS,SEC,html-table,reported-as-of
2024-09-30,2025-01-27,2025-01-27_0001193125-25-013448_d902673d485bpos.htm,"Texas Instruments, Inc.",17711436,3658651334,485BPOS,SEC,html-table,reported-as-of
2024-09-30,2025-01-27,2025-01-27_0001193125-25-013448_d902673d485bpos.htm,"Adobe, Inc. (b)",8601161,4453509143,485BPOS,SEC,html-table,reported-as-of
2024-09-30,2025-01-27,2025-01-27_0001193125-25-013448_d902673d485bpos.htm,"ANSYS, Inc. (b)",1695161,540129149,485BPOS,SEC,html-table,reported-as-of
2024-09-30,2025-01-27,2025-01-27_0001193125-25-013448_d902673d485bpos.htm,"Atlassian Corp., Class A (b)",3104353,493002300,485BPOS,SEC,html-table,reported-as-of
2024-09-30,2025-01-27,2025-01-27_0001193125-25-013448_d902673d485bpos.htm,"Autodesk, Inc. (b)",4180485,1151640008,485BPOS,SEC,html-table,reported-as-of
2024-09-30,2025-01-27,2025-01-27_0001193125-25-013448_d902673d485bpos.htm,"Cadence Design Systems, Inc. (b)",5311611,1439605929,485BPOS,SEC,html-table,reported-as-of
2024-09-30,2025-01-27,2025-01-27_0001193125-25-013448_d902673d485bpos.htm,"CrowdStrike Holdings, Inc., Class A (b)",4514294,1266124038,485BPOS,SEC,html-table,reported-as-of
2024-09-30,2025-01-27,2025-01-27_0001193125-25-013448_d902673d485bpos.htm,"Datadog, Inc., Class A (b)",6034976,694384339,485BPOS,SEC,html-table,reported-as-of
2024-09-30,2025-01-27,2025-01-27_0001193125-25-013448_d902673d485bpos.htm,"Fortinet, Inc. (b)",14837845,1150674880,485BPOS,SEC,html-table,reported-as-of
2024-09-30,2025-01-27,2025-01-27_0001193125-25-013448_d902673d485bpos.htm,"Intuit, Inc.",5422714,3367505394,485BPOS,SEC,html-table,reported-as-of
2024-09-30,2025-01-27,2025-01-27_0001193125-25-013448_d902673d485bpos.htm,Microsoft Corp.,55824669,24021355071,485BPOS,SEC,html-table,reported-as-of
2024-09-30,2025-01-27,2025-01-27_0001193125-25-013448_d902673d485bpos.htm,"Palo Alto Networks, Inc. (b)",6281132,2146890918,485BPOS,SEC,html-table,reported-as-of
2024-09-30,2025-01-27,2025-01-27_0001193125-25-013448_d902673d485bpos.htm,"Roper Technologies, Inc.",2079464,1157096948,485BPOS,SEC,html-table,reported-as-of
2024-09-30,2025-01-27,2025-01-27_0001193125-25-013448_d902673d485bpos.htm,"Synopsys, Inc. (b)",2979819,1508950543,485BPOS,SEC,html-table,reported-as-of
2024-09-30,2025-01-27,2025-01-27_0001193125-25-013448_d902673d485bpos.htm,"Workday, Inc., Class A (b)",4131806,1009854704,485BPOS,SEC,html-table,reported-as-of
2024-09-30,2025-01-27,2025-01-27_0001193125-25-013448_d902673d485bpos.htm,"Zscaler, Inc. (b)",2932008,501197447,485BPOS,SEC,html-table,reported-as-of
2024-09-30,2025-01-27,2025-01-27_0001193125-25-013448_d902673d485bpos.htm,"O’Reilly Automotive, Inc. (b)",1125189,1295767653,485BPOS,SEC,html-table,reported-as-of
2024-09-30,2025-01-27,2025-01-27_0001193125-25-013448_d902673d485bpos.htm,"Ross Stores, Inc.",6470740,973911077,485BPOS,SEC,html-table,reported-as-of
2024-09-30,2025-01-27,2025-01-27_0001193125-25-013448_d902673d485bpos.htm,"Apple, Inc.",114188331,26605881123,485BPOS,SEC,html-table,reported-as-of
2024-09-30,2025-01-27,2025-01-27_0001193125-25-013448_d902673d485bpos.htm,"Super Micro Computer, Inc. (b)",1135880,472980432,485BPOS,SEC,html-table,reported-as-of
2024-09-30,2025-01-27,2025-01-27_0001193125-25-013448_d902673d485bpos.htm,"lululemon athletica, inc. (b)",2282386,619325441,485BPOS,SEC,html-table,reported-as-of
2024-09-30,2025-01-27,2025-01-27_0001193125-25-013448_d902673d485bpos.htm,Fastenal Co.,11108303,793355000,485BPOS,SEC,html-table,reported-as-of
2024-09-30,2025-01-27,2025-01-27_0001193125-25-013448_d902673d485bpos.htm,"T-Mobile US, Inc.",22633508,4670650711,485BPOS,SEC,html-table,reported-as-of
