Date,FilingDate,FilingID,AccessionNumber,Form,Source,Ticker,Company,Title,CUSIP,LEI,Shares,Value,PctValue
2000-09-30,2000-11-29,a2028078zn-30d.txt,0000912057-00-051516,N-30D,SEC-RYDEX-NDX,,"Cisco Systems, Inc","Cisco Systems, Inc",,,3541900.0,195689975.0,0.0
2000-09-30,2000-11-29,a2028078zn-30d.txt,0000912057-00-051516,N-30D,SEC-RYDEX-NDX,,Microsoft Corp,Microsoft Corp,,,2529700.0,152572531.0,0.0
2000-09-30,2000-11-29,a2028078zn-30d.txt,0000912057-00-051516,N-30D,SEC-RYDEX-NDX,,Intel Corp,Intel Corp,,,3283500.0,136470469.0,0.0
2000-09-30,2000-11-29,a2028078zn-30d.txt,0000912057-00-051516,N-30D,SEC-RYDEX-NDX,,Oracle Corp,Oracle Corp,,,1639300.0,129094875.0,0.0
2000-09-30,2000-11-29,a2028078zn-30d.txt,0000912057-00-051516,N-30D,SEC-RYDEX-NDX,,JDS Uniphase Corp,JDS Uniphase Corp,,,1239700.0,117384094.0,0.0
2000-09-30,2000-11-29,a2028078zn-30d.txt,0000912057-00-051516,N-30D,SEC-RYDEX-NDX,,"Sun Microsystems, Inc","Sun Microsystems, Inc",,,964600.0,112617050.0,0.0
2000-09-30,2000-11-29,a2028078zn-30d.txt,0000912057-00-051516,N-30D,SEC-RYDEX-NDX,,"QUALCOMM, Inc","QUALCOMM, Inc",,,1254900.0,89411625.0,0.0
2000-09-30,2000-11-29,a2028078zn-30d.txt,0000912057-00-051516,N-30D,SEC-RYDEX-NDX,,Veritas Software Corp,Veritas Software Corp,,,573900.0,81493800.0,0.0
2000-09-30,2000-11-29,a2028078zn-30d.txt,0000912057-00-051516,N-30D,SEC-RYDEX-NDX,,"Siebel Systems, Inc","Siebel Systems, Inc",,,681200.0,75826075.0,0.0
2000-09-30,2000-11-29,a2028078zn-30d.txt,0000912057-00-051516,N-30D,SEC-RYDEX-NDX,,"Juniper Networks, Inc","Juniper Networks, Inc",,,289500.0,63382406.0,0.0
2000-09-30,2000-11-29,a2028078zn-30d.txt,0000912057-00-051516,N-30D,SEC-RYDEX-NDX,,"Nextel Communications, Inc., Class A","Nextel Communications, Inc., Class A",,,1303700.0,60947975.0,0.0
2000-09-30,2000-11-29,a2028078zn-30d.txt,0000912057-00-051516,N-30D,SEC-RYDEX-NDX,,"Network Appliance, Inc","Network Appliance, Inc",,,461800.0,58821775.0,0.0
2000-09-30,2000-11-29,a2028078zn-30d.txt,0000912057-00-051516,N-30D,SEC-RYDEX-NDX,,Ciena Corp,Ciena Corp,,,470900.0,57832406.0,0.0
2000-09-30,2000-11-29,a2028078zn-30d.txt,0000912057-00-051516,N-30D,SEC-RYDEX-NDX,,"i2 Technologies, Inc","i2 Technologies, Inc",,,297700.0,55688506.0,0.0
2000-09-30,2000-11-29,a2028078zn-30d.txt,0000912057-00-051516,N-30D,SEC-RYDEX-NDX,,"PMC-Sierra, Inc","PMC-Sierra, Inc",,,243200.0,52348800.0,0.0
2000-09-30,2000-11-29,a2028078zn-30d.txt,0000912057-00-051516,N-30D,SEC-RYDEX-NDX,,"Gemstar International Group, Ltd","Gemstar International Group, Ltd",,,599000.0,52225312.0,0.0
2000-09-30,2000-11-29,a2028078zn-30d.txt,0000912057-00-051516,N-30D,SEC-RYDEX-NDX,,"Xilinx, Inc","Xilinx, Inc",,,608700.0,52119937.0,0.0
2000-09-30,2000-11-29,a2028078zn-30d.txt,0000912057-00-051516,N-30D,SEC-RYDEX-NDX,,"Verisign, Inc","Verisign, Inc",,,256000.0,51856000.0,0.0
2000-09-30,2000-11-29,a2028078zn-30d.txt,0000912057-00-051516,N-30D,SEC-RYDEX-NDX,,"Amgen, Inc","Amgen, Inc",,,669500.0,46749930.0,0.0
2000-09-30,2000-11-29,a2028078zn-30d.txt,0000912057-00-051516,N-30D,SEC-RYDEX-NDX,,"Maxim Integrated Products, Inc","Maxim Integrated Products, Inc",,,553100.0,44489981.0,0.0
2000-09-30,2000-11-29,a2028078zn-30d.txt,0000912057-00-051516,N-30D,SEC-RYDEX-NDX,,"MCI WorldCom, Inc","MCI WorldCom, Inc",,,1443600.0,43849350.0,0.0
2000-09-30,2000-11-29,a2028078zn-30d.txt,0000912057-00-051516,N-30D,SEC-RYDEX-NDX,,Applied Micro Circuits Corp,Applied Micro Circuits Corp,,,204400.0,42323575.0,0.0
2000-09-30,2000-11-29,a2028078zn-30d.txt,0000912057-00-051516,N-30D,SEC-RYDEX-NDX,,Immunex Corp,Immunex Corp,,,963500.0,41912250.0,0.0
2000-09-30,2000-11-29,a2028078zn-30d.txt,0000912057-00-051516,N-30D,SEC-RYDEX-NDX,,"Global Crossing, Ltd","Global Crossing, Ltd",,,1331000.0,41261000.0,0.0
2000-09-30,2000-11-29,a2028078zn-30d.txt,0000912057-00-051516,N-30D,SEC-RYDEX-NDX,,Dell Computer Corp,Dell Computer Corp,,,1331400.0,41023762.0,0.0
2000-09-30,2000-11-29,a2028078zn-30d.txt,0000912057-00-051516,N-30D,SEC-RYDEX-NDX,,"SDL, Inc","SDL, Inc",,,125900.0,38942444.0,0.0
2000-09-30,2000-11-29,a2028078zn-30d.txt,0000912057-00-051516,N-30D,SEC-RYDEX-NDX,,Linear Technology Corp,Linear Technology Corp,,,584800.0,37865800.0,0.0
2000-09-30,2000-11-29,a2028078zn-30d.txt,0000912057-00-051516,N-30D,SEC-RYDEX-NDX,,Altera Corp,Altera Corp,,,783400.0,37407350.0,0.0
2000-09-30,2000-11-29,a2028078zn-30d.txt,0000912057-00-051516,N-30D,SEC-RYDEX-NDX,,VoiceStream Wireless Corp,VoiceStream Wireless Corp,,,321100.0,37267669.0,0.0
2000-09-30,2000-11-29,a2028078zn-30d.txt,0000912057-00-051516,N-30D,SEC-RYDEX-NDX,,"Applied Materials, Inc","Applied Materials, Inc",,,587100.0,34822369.0,0.0
2000-09-30,2000-11-29,a2028078zn-30d.txt,0000912057-00-051516,N-30D,SEC-RYDEX-NDX,,Yahoo! Inc,Yahoo! Inc,,,371100.0,33770107.0,0.0
2000-09-30,2000-11-29,a2028078zn-30d.txt,0000912057-00-051516,N-30D,SEC-RYDEX-NDX,,"ADC Telecommunications, Inc","ADC Telecommunications, Inc",,,1231200.0,33107737.0,0.0
2000-09-30,2000-11-29,a2028078zn-30d.txt,0000912057-00-051516,N-30D,SEC-RYDEX-NDX,,6.48% due 10/02/00,6.48% due 10/02/00,,,29497730.0,29497730.0,0.0
2000-09-30,2000-11-29,a2028078zn-30d.txt,0000912057-00-051516,N-30D,SEC-RYDEX-NDX,,"Level 3 Communications, Inc","Level 3 Communications, Inc",,,355700.0,27433362.0,0.0
2000-09-30,2000-11-29,a2028078zn-30d.txt,0000912057-00-051516,N-30D,SEC-RYDEX-NDX,,"Paychex, Inc","Paychex, Inc",,,493400.0,25903500.0,0.0
2000-09-30,2000-11-29,a2028078zn-30d.txt,0000912057-00-051516,N-30D,SEC-RYDEX-NDX,,"Adobe Systems, Inc","Adobe Systems, Inc",,,165500.0,25693875.0,0.0
2000-09-30,2000-11-29,a2028078zn-30d.txt,0000912057-00-051516,N-30D,SEC-RYDEX-NDX,,"Comverse Technology, Inc","Comverse Technology, Inc",,,237800.0,25682400.0,0.0
2000-09-30,2000-11-29,a2028078zn-30d.txt,0000912057-00-051516,N-30D,SEC-RYDEX-NDX,,"Comcast Corp., Special Class A","Comcast Corp., Special Class A",,,598100.0,24484719.0,0.0
2000-09-30,2000-11-29,a2028078zn-30d.txt,0000912057-00-051516,N-30D,SEC-RYDEX-NDX,,"Telefonaktiebolaget LM Ericsson, Sponsored ADR","Telefonaktiebolaget LM Ericsson, Sponsored ADR",,,1643400.0,24342862.0,0.0
2000-09-30,2000-11-29,a2028078zn-30d.txt,0000912057-00-051516,N-30D,SEC-RYDEX-NDX,,"Medimmune, Inc","Medimmune, Inc",,,313700.0,24233325.0,0.0
2000-09-30,2000-11-29,a2028078zn-30d.txt,0000912057-00-051516,N-30D,SEC-RYDEX-NDX,,Vitesse Semiconductor Corp,Vitesse Semiconductor Corp,,,271900.0,24182106.0,0.0
2000-09-30,2000-11-29,a2028078zn-30d.txt,0000912057-00-051516,N-30D,SEC-RYDEX-NDX,,Sanmina Corp,Sanmina Corp,,,225300.0,21093712.0,0.0
2000-09-30,2000-11-29,a2028078zn-30d.txt,0000912057-00-051516,N-30D,SEC-RYDEX-NDX,,"Intuit, Inc","Intuit, Inc",,,358100.0,20411700.0,0.0
2000-09-30,2000-11-29,a2028078zn-30d.txt,0000912057-00-051516,N-30D,SEC-RYDEX-NDX,,"eBay, Inc","eBay, Inc",,,279700.0,19211894.0,0.0
2000-09-30,2000-11-29,a2028078zn-30d.txt,0000912057-00-051516,N-30D,SEC-RYDEX-NDX,,"NTL, Inc","NTL, Inc",,,392900.0,18196181.0,0.0
2000-09-30,2000-11-29,a2028078zn-30d.txt,0000912057-00-051516,N-30D,SEC-RYDEX-NDX,,"Metromedia Fiber Network, Inc., Class A","Metromedia Fiber Network, Inc., Class A",,,736100.0,17896431.0,0.0
2000-09-30,2000-11-29,a2028078zn-30d.txt,0000912057-00-051516,N-30D,SEC-RYDEX-NDX,,"EchoStar Communications Corp., Class A","EchoStar Communications Corp., Class A",,,338100.0,17834775.0,0.0
2000-09-30,2000-11-29,a2028078zn-30d.txt,0000912057-00-051516,N-30D,SEC-RYDEX-NDX,,"Apple Computer, Inc","Apple Computer, Inc",,,632500.0,16286875.0,0.0
2000-09-30,2000-11-29,a2028078zn-30d.txt,0000912057-00-051516,N-30D,SEC-RYDEX-NDX,,6.40% due 10/02/00,6.40% due 10/02/00,,,16190992.0,16190992.0,0.0
2000-09-30,2000-11-29,a2028078zn-30d.txt,0000912057-00-051516,N-30D,SEC-RYDEX-NDX,,6.50% due 10/02/00,6.50% due 10/02/00,,,16190992.0,16190992.0,0.0
2000-09-30,2000-11-29,a2028078zn-30d.txt,0000912057-00-051516,N-30D,SEC-RYDEX-NDX,,Chiron Corp,Chiron Corp,,,357200.0,16074000.0,0.0
2000-09-30,2000-11-29,a2028078zn-30d.txt,0000912057-00-051516,N-30D,SEC-RYDEX-NDX,,"Tellabs, Inc","Tellabs, Inc",,,326100.0,15571275.0,0.0
2000-09-30,2000-11-29,a2028078zn-30d.txt,0000912057-00-051516,N-30D,SEC-RYDEX-NDX,,"Biogen, Inc","Biogen, Inc",,,254100.0,15500100.0,0.0
2000-09-30,2000-11-29,a2028078zn-30d.txt,0000912057-00-051516,N-30D,SEC-RYDEX-NDX,,"Peoplesoft, Inc","Peoplesoft, Inc",,,551400.0,15404737.0,0.0
2000-09-30,2000-11-29,a2028078zn-30d.txt,0000912057-00-051516,N-30D,SEC-RYDEX-NDX,,"Conexant Systems, Inc","Conexant Systems, Inc",,,351200.0,14706500.0,0.0
2000-09-30,2000-11-29,a2028078zn-30d.txt,0000912057-00-051516,N-30D,SEC-RYDEX-NDX,,Starbucks Corp,Starbucks Corp,,,363400.0,14558712.0,0.0
2000-09-30,2000-11-29,a2028078zn-30d.txt,0000912057-00-051516,N-30D,SEC-RYDEX-NDX,,"NEXTLINK Communications, Inc., Class A","NEXTLINK Communications, Inc., Class A",,,406500.0,14303719.0,0.0
2000-09-30,2000-11-29,a2028078zn-30d.txt,0000912057-00-051516,N-30D,SEC-RYDEX-NDX,,"Lycos, Inc","Lycos, Inc",,,192300.0,13223630.0,0.0
2000-09-30,2000-11-29,a2028078zn-30d.txt,0000912057-00-051516,N-30D,SEC-RYDEX-NDX,,KLA-Tencor Corp,KLA-Tencor Corp,,,314800.0,12965825.0,0.0
2000-09-30,2000-11-29,a2028078zn-30d.txt,0000912057-00-051516,N-30D,SEC-RYDEX-NDX,,"Fiserv, Inc","Fiserv, Inc",,,216400.0,12956950.0,0.0
2000-09-30,2000-11-29,a2028078zn-30d.txt,0000912057-00-051516,N-30D,SEC-RYDEX-NDX,,"Bed Bath & Beyond, Inc","Bed Bath & Beyond, Inc",,,530600.0,12941666.0,0.0
2000-09-30,2000-11-29,a2028078zn-30d.txt,0000912057-00-051516,N-30D,SEC-RYDEX-NDX,,"Amazon.com, Inc","Amazon.com, Inc",,,329600.0,12669000.0,0.0
2000-09-30,2000-11-29,a2028078zn-30d.txt,0000912057-00-051516,N-30D,SEC-RYDEX-NDX,,"CMGI, Inc","CMGI, Inc",,,452400.0,12638925.0,0.0
2000-09-30,2000-11-29,a2028078zn-30d.txt,0000912057-00-051516,N-30D,SEC-RYDEX-NDX,,Cintas Corp,Cintas Corp,,,282200.0,12293337.0,0.0
2000-09-30,2000-11-29,a2028078zn-30d.txt,0000912057-00-051516,N-30D,SEC-RYDEX-NDX,,"Concord EFS, Inc","Concord EFS, Inc",,,339400.0,12054003.0,0.0
2000-09-30,2000-11-29,a2028078zn-30d.txt,0000912057-00-051516,N-30D,SEC-RYDEX-NDX,,"Biomet, Inc","Biomet, Inc",,,335200.0,11732000.0,0.0
2000-09-30,2000-11-29,a2028078zn-30d.txt,0000912057-00-051516,N-30D,SEC-RYDEX-NDX,,Costco Wholesale Corp,Costco Wholesale Corp,,,329700.0,11518894.0,0.0
2000-09-30,2000-11-29,a2028078zn-30d.txt,0000912057-00-051516,N-30D,SEC-RYDEX-NDX,,Qlogic Corp,Qlogic Corp,,,128300.0,11290400.0,0.0
2000-09-30,2000-11-29,a2028078zn-30d.txt,0000912057-00-051516,N-30D,SEC-RYDEX-NDX,,"USA Networks, Inc","USA Networks, Inc",,,485900.0,10659431.0,0.0
2000-09-30,2000-11-29,a2028078zn-30d.txt,0000912057-00-051516,N-30D,SEC-RYDEX-NDX,,"BroadVision, Inc","BroadVision, Inc",,,404200.0,10382887.0,0.0
2000-09-30,2000-11-29,a2028078zn-30d.txt,0000912057-00-051516,N-30D,SEC-RYDEX-NDX,,Genzyme Corp. -- General Division,Genzyme Corp. -- General Division,,,152100.0,10371319.0,0.0
2000-09-30,2000-11-29,a2028078zn-30d.txt,0000912057-00-051516,N-30D,SEC-RYDEX-NDX,,"McLeodUSA, Inc., Class A","McLeodUSA, Inc., Class A",,,657500.0,9410469.0,0.0
2000-09-30,2000-11-29,a2028078zn-30d.txt,0000912057-00-051516,N-30D,SEC-RYDEX-NDX,,"Electronic Arts, Inc","Electronic Arts, Inc",,,184500.0,9109687.0,0.0
2000-09-30,2000-11-29,a2028078zn-30d.txt,0000912057-00-051516,N-30D,SEC-RYDEX-NDX,,PanAmSat Corp,PanAmSat Corp,,,281900.0,9003181.0,0.0
2000-09-30,2000-11-29,a2028078zn-30d.txt,0000912057-00-051516,N-30D,SEC-RYDEX-NDX,,"RF Micro Devices, Inc","RF Micro Devices, Inc",,,255800.0,8185600.0,0.0
2000-09-30,2000-11-29,a2028078zn-30d.txt,0000912057-00-051516,N-30D,SEC-RYDEX-NDX,,"RealNetworks, Inc","RealNetworks, Inc",,,205300.0,8160675.0,0.0
2000-09-30,2000-11-29,a2028078zn-30d.txt,0000912057-00-051516,N-30D,SEC-RYDEX-NDX,,"Molex, Inc","Molex, Inc",,,135900.0,7398056.0,0.0
2000-09-30,2000-11-29,a2028078zn-30d.txt,0000912057-00-051516,N-30D,SEC-RYDEX-NDX,,Atmel Corp,Atmel Corp,,,483200.0,7338600.0,0.0
2000-09-30,2000-11-29,a2028078zn-30d.txt,0000912057-00-051516,N-30D,SEC-RYDEX-NDX,,American Power Conversion Corp,American Power Conversion Corp,,,357000.0,6849937.0,0.0
2000-09-30,2000-11-29,a2028078zn-30d.txt,0000912057-00-051516,N-30D,SEC-RYDEX-NDX,,"Citrix Systems, Inc","Citrix Systems, Inc",,,307700.0,6173231.0,0.0
2000-09-30,2000-11-29,a2028078zn-30d.txt,0000912057-00-051516,N-30D,SEC-RYDEX-NDX,,"Staples, Inc","Staples, Inc",,,429000.0,6086437.0,0.0
2000-09-30,2000-11-29,a2028078zn-30d.txt,0000912057-00-051516,N-30D,SEC-RYDEX-NDX,,"At Home Corp., Series A","At Home Corp., Series A",,,409400.0,5782775.0,0.0
2000-09-30,2000-11-29,a2028078zn-30d.txt,0000912057-00-051516,N-30D,SEC-RYDEX-NDX,,Parametric Technology Corp,Parametric Technology Corp,,,516500.0,5649219.0,0.0
2000-09-30,2000-11-29,a2028078zn-30d.txt,0000912057-00-051516,N-30D,SEC-RYDEX-NDX,,"Dollar Tree Stores, Inc","Dollar Tree Stores, Inc",,,137200.0,5565175.0,0.0
2000-09-30,2000-11-29,a2028078zn-30d.txt,0000912057-00-051516,N-30D,SEC-RYDEX-NDX,,"Novell, Inc","Novell, Inc",,,542800.0,5394075.0,0.0
2000-09-30,2000-11-29,a2028078zn-30d.txt,0000912057-00-051516,N-30D,SEC-RYDEX-NDX,,"Adelphia Communications, Class A","Adelphia Communications, Class A",,,183300.0,5052206.0,0.0
2000-09-30,2000-11-29,a2028078zn-30d.txt,0000912057-00-051516,N-30D,SEC-RYDEX-NDX,,"BMC Software, Inc","BMC Software, Inc",,,262100.0,5012662.0,0.0
2000-09-30,2000-11-29,a2028078zn-30d.txt,0000912057-00-051516,N-30D,SEC-RYDEX-NDX,,3Com Corp,3Com Corp,,,248300.0,4764256.0,0.0
2000-09-30,2000-11-29,a2028078zn-30d.txt,0000912057-00-051516,N-30D,SEC-RYDEX-NDX,,"Network Associates, Inc","Network Associates, Inc",,,200000.0,4525000.0,0.0
2000-09-30,2000-11-29,a2028078zn-30d.txt,0000912057-00-051516,N-30D,SEC-RYDEX-NDX,,"PACCAR, Inc","PACCAR, Inc",,,120400.0,4462325.0,0.0
2000-09-30,2000-11-29,a2028078zn-30d.txt,0000912057-00-051516,N-30D,SEC-RYDEX-NDX,,"Synopsys, Inc","Synopsys, Inc",,,105400.0,3992025.0,0.0
2000-09-30,2000-11-29,a2028078zn-30d.txt,0000912057-00-051516,N-30D,SEC-RYDEX-NDX,,Smurfit-Stone Container Corp,Smurfit-Stone Container Corp,,,332400.0,3988800.0,0.0
2000-09-30,2000-11-29,a2028078zn-30d.txt,0000912057-00-051516,N-30D,SEC-RYDEX-NDX,,Sigma-Aldrich Corp,Sigma-Aldrich Corp,,,118400.0,3907200.0,0.0
2000-09-30,2000-11-29,a2028078zn-30d.txt,0000912057-00-051516,N-30D,SEC-RYDEX-NDX,,"CNET Networks, Inc","CNET Networks, Inc",,,138100.0,3364030.0,0.0
2000-09-30,2000-11-29,a2028078zn-30d.txt,0000912057-00-051516,N-30D,SEC-RYDEX-NDX,,Compuware Corp,Compuware Corp,,,312900.0,2620537.0,0.0
2000-09-30,2000-11-29,a2028078zn-30d.txt,0000912057-00-051516,N-30D,SEC-RYDEX-NDX,,September,September,,,30.0,2000.0,0.0
2001-03-31,2001-05-29,a2046433zn-30d.txt,0000912057-01-517867,N-30D,SEC-RYDEX-NDX,,Microsoft Corp,Microsoft Corp,,,1871600.0,102353120.0,0.0
2001-03-31,2001-05-29,a2046433zn-30d.txt,0000912057-01-517867,N-30D,SEC-RYDEX-NDX,,Intel Corp,Intel Corp,,,2400700.0,63168418.0,0.0
2001-03-31,2001-05-29,a2046433zn-30d.txt,0000912057-01-517867,N-30D,SEC-RYDEX-NDX,,"Qualcomm, Inc","Qualcomm, Inc",,,928100.0,52553663.0,0.0
2001-03-31,2001-05-29,a2046433zn-30d.txt,0000912057-01-517867,N-30D,SEC-RYDEX-NDX,,"Cisco Systems, Inc","Cisco Systems, Inc",,,2617300.0,41386056.0,0.0
2001-03-31,2001-05-29,a2046433zn-30d.txt,0000912057-01-517867,N-30D,SEC-RYDEX-NDX,,Oracle Corp,Oracle Corp,,,2375500.0,35584990.0,0.0
2001-03-31,2001-05-29,a2046433zn-30d.txt,0000912057-01-517867,N-30D,SEC-RYDEX-NDX,,"Amgen, Inc","Amgen, Inc",,,494800.0,29780775.0,0.0
2001-03-31,2001-05-29,a2046433zn-30d.txt,0000912057-01-517867,N-30D,SEC-RYDEX-NDX,,VoiceStream Wireless Corp,VoiceStream Wireless Corp,,,283100.0,26151386.0,0.0
2001-03-31,2001-05-29,a2046433zn-30d.txt,0000912057-01-517867,N-30D,SEC-RYDEX-NDX,,JDS Uniphase Corp,JDS Uniphase Corp,,,1368800.0,25237250.0,0.0
2001-03-31,2001-05-29,a2046433zn-30d.txt,0000912057-01-517867,N-30D,SEC-RYDEX-NDX,,Dell Computer Corp,Dell Computer Corp,,,972300.0,24975956.0,0.0
2001-03-31,2001-05-29,a2046433zn-30d.txt,0000912057-01-517867,N-30D,SEC-RYDEX-NDX,,"Sun Microsystems, Inc","Sun Microsystems, Inc",,,1445300.0,22214261.0,0.0
2001-03-31,2001-05-29,a2046433zn-30d.txt,0000912057-01-517867,N-30D,SEC-RYDEX-NDX,,"WorldCom, Inc","WorldCom, Inc",,,1054900.0,19713444.0,0.0
2001-03-31,2001-05-29,a2046433zn-30d.txt,0000912057-01-517867,N-30D,SEC-RYDEX-NDX,,Comcast Corp,Comcast Corp,,,454200.0,19048013.0,0.0
2001-03-31,2001-05-29,a2046433zn-30d.txt,0000912057-01-517867,N-30D,SEC-RYDEX-NDX,,Veritas Software Corp,Veritas Software Corp,,,409000.0,18912160.0,0.0
2001-03-31,2001-05-29,a2046433zn-30d.txt,0000912057-01-517867,N-30D,SEC-RYDEX-NDX,,"Applied Materials, Inc","Applied Materials, Inc",,,426400.0,18548400.0,0.0
2001-03-31,2001-05-29,a2046433zn-30d.txt,0000912057-01-517867,N-30D,SEC-RYDEX-NDX,,Linear Technology Corp,Linear Technology Corp,,,430600.0,17681513.0,0.0
2001-03-31,2001-05-29,a2046433zn-30d.txt,0000912057-01-517867,N-30D,SEC-RYDEX-NDX,,Maxim Integrated Products,Maxim Integrated Products,,,404400.0,16818996.0,0.0
2001-03-31,2001-05-29,a2046433zn-30d.txt,0000912057-01-517867,N-30D,SEC-RYDEX-NDX,,"Xilinx, Inc","Xilinx, Inc",,,447000.0,15700875.0,0.0
2001-03-31,2001-05-29,a2046433zn-30d.txt,0000912057-01-517867,N-30D,SEC-RYDEX-NDX,,CIENA Corp,CIENA Corp,,,363100.0,15159425.0,0.0
2001-03-31,2001-05-29,a2046433zn-30d.txt,0000912057-01-517867,N-30D,SEC-RYDEX-NDX,,"Siebel Systems, Inc","Siebel Systems, Inc",,,513100.0,13956320.0,0.0
2001-03-31,2001-05-29,a2046433zn-30d.txt,0000912057-01-517867,N-30D,SEC-RYDEX-NDX,,"Nextel Communications, Inc","Nextel Communications, Inc",,,953500.0,13706563.0,0.0
2001-03-31,2001-05-29,a2046433zn-30d.txt,0000912057-01-517867,N-30D,SEC-RYDEX-NDX,,"Paychex, Inc","Paychex, Inc",,,360600.0,13364738.0,0.0
2001-03-31,2001-05-29,a2046433zn-30d.txt,0000912057-01-517867,N-30D,SEC-RYDEX-NDX,,"Gemstar-TV Guide International, Inc","Gemstar-TV Guide International, Inc",,,439000.0,12621250.0,0.0
2001-03-31,2001-05-29,a2046433zn-30d.txt,0000912057-01-517867,N-30D,SEC-RYDEX-NDX,,Altera Corp,Altera Corp,,,558600.0,11974988.0,0.0
2001-03-31,2001-05-29,a2046433zn-30d.txt,0000912057-01-517867,N-30D,SEC-RYDEX-NDX,,Chiron Corp,Chiron Corp,,,269200.0,11811150.0,0.0
2001-03-31,2001-05-29,a2046433zn-30d.txt,0000912057-01-517867,N-30D,SEC-RYDEX-NDX,,"Biogen, Inc","Biogen, Inc",,,184600.0,11687488.0,0.0
2001-03-31,2001-05-29,a2046433zn-30d.txt,0000912057-01-517867,N-30D,SEC-RYDEX-NDX,,Starbucks Corp,Starbucks Corp,,,267400.0,11347788.0,0.0
2001-03-31,2001-05-29,a2046433zn-30d.txt,0000912057-01-517867,N-30D,SEC-RYDEX-NDX,,Check Point Software Technologies,Check Point Software Technologies,,,233600.0,11096000.0,0.0
2001-03-31,2001-05-29,a2046433zn-30d.txt,0000912057-01-517867,N-30D,SEC-RYDEX-NDX,,"Apple Computer, Inc","Apple Computer, Inc",,,491700.0,10851819.0,0.0
2001-03-31,2001-05-29,a2046433zn-30d.txt,0000912057-01-517867,N-30D,SEC-RYDEX-NDX,,Immunex Corp,Immunex Corp,,,755400.0,10811663.0,0.0
2001-03-31,2001-05-29,a2046433zn-30d.txt,0000912057-01-517867,N-30D,SEC-RYDEX-NDX,,"BEA Systems, Inc","BEA Systems, Inc",,,363400.0,10674875.0,0.0
2001-03-31,2001-05-29,a2046433zn-30d.txt,0000912057-01-517867,N-30D,SEC-RYDEX-NDX,,"Comverse Technology, Inc","Comverse Technology, Inc",,,175000.0,10305750.0,0.0
2001-03-31,2001-05-29,a2046433zn-30d.txt,0000912057-01-517867,N-30D,SEC-RYDEX-NDX,,"Concord EFS, Inc","Concord EFS, Inc",,,249000.0,10146750.0,0.0
2001-03-31,2001-05-29,a2046433zn-30d.txt,0000912057-01-517867,N-30D,SEC-RYDEX-NDX,,Genzyme Corp - Genl Division,Genzyme Corp - Genl Division,,,112200.0,10135026.0,0.0
2001-03-31,2001-05-29,a2046433zn-30d.txt,0000912057-01-517867,N-30D,SEC-RYDEX-NDX,,"Tellabs, Inc","Tellabs, Inc",,,238500.0,9703969.0,0.0
2001-03-31,2001-05-29,a2046433zn-30d.txt,0000912057-01-517867,N-30D,SEC-RYDEX-NDX,,"Peoplesoft, Inc","Peoplesoft, Inc",,,410900.0,9630469.0,0.0
2001-03-31,2001-05-29,a2046433zn-30d.txt,0000912057-01-517867,N-30D,SEC-RYDEX-NDX,,"Biomet, Inc","Biomet, Inc",,,244400.0,9627069.0,0.0
2001-03-31,2001-05-29,a2046433zn-30d.txt,0000912057-01-517867,N-30D,SEC-RYDEX-NDX,,"Bed Bath & Beyond, Inc","Bed Bath & Beyond, Inc",,,391700.0,9621131.0,0.0
2001-03-31,2001-05-29,a2046433zn-30d.txt,0000912057-01-517867,N-30D,SEC-RYDEX-NDX,,Costco Wholesale Corp,Costco Wholesale Corp,,,239800.0,9412150.0,0.0
2001-03-31,2001-05-29,a2046433zn-30d.txt,0000912057-01-517867,N-30D,SEC-RYDEX-NDX,,Kla-Tencor Corp,Kla-Tencor Corp,,,227500.0,8957813.0,0.0
2001-03-31,2001-05-29,a2046433zn-30d.txt,0000912057-01-517867,N-30D,SEC-RYDEX-NDX,,"USA Networks, Inc","USA Networks, Inc",,,353900.0,8471481.0,0.0
2001-03-31,2001-05-29,a2046433zn-30d.txt,0000912057-01-517867,N-30D,SEC-RYDEX-NDX,,"ADC Telecommunications, Inc","ADC Telecommunications, Inc",,,992200.0,8433700.0,0.0
2001-03-31,2001-05-29,a2046433zn-30d.txt,0000912057-01-517867,N-30D,SEC-RYDEX-NDX,,"Adobe Systems, Inc","Adobe Systems, Inc",,,239500.0,8375315.0,0.0
2001-03-31,2001-05-29,a2046433zn-30d.txt,0000912057-01-517867,N-30D,SEC-RYDEX-NDX,,"Medimmune, Inc","Medimmune, Inc",,,230200.0,8258425.0,0.0
2001-03-31,2001-05-29,a2046433zn-30d.txt,0000912057-01-517867,N-30D,SEC-RYDEX-NDX,,Cintas Corp,Cintas Corp,,,205800.0,8112636.0,0.0
2001-03-31,2001-05-29,a2046433zn-30d.txt,0000912057-01-517867,N-30D,SEC-RYDEX-NDX,,"Juniper Networks, Inc","Juniper Networks, Inc",,,212100.0,8051316.0,0.0
2001-03-31,2001-05-29,a2046433zn-30d.txt,0000912057-01-517867,N-30D,SEC-RYDEX-NDX,,PanAmSat Corp,PanAmSat Corp,,,204900.0,8029519.0,0.0
2001-03-31,2001-05-29,a2046433zn-30d.txt,0000912057-01-517867,N-30D,SEC-RYDEX-NDX,,"Flextronics International, Ltd","Flextronics International, Ltd",,,516000.0,7740000.0,0.0
2001-03-31,2001-05-29,a2046433zn-30d.txt,0000912057-01-517867,N-30D,SEC-RYDEX-NDX,,"Electronic Arts, Inc","Electronic Arts, Inc",,,136100.0,7383425.0,0.0
2001-03-31,2001-05-29,a2046433zn-30d.txt,0000912057-01-517867,N-30D,SEC-RYDEX-NDX,,"eBay, Inc","eBay, Inc",,,203100.0,7349681.0,0.0
2001-03-31,2001-05-29,a2046433zn-30d.txt,0000912057-01-517867,N-30D,SEC-RYDEX-NDX,,"Intuit, Inc","Intuit, Inc",,,264700.0,7345425.0,0.0
2001-03-31,2001-05-29,a2046433zn-30d.txt,0000912057-01-517867,N-30D,SEC-RYDEX-NDX,,Millennium Pharmaceuticals,Millennium Pharmaceuticals,,,236500.0,7203790.0,0.0
2001-03-31,2001-05-29,a2046433zn-30d.txt,0000912057-01-517867,N-30D,SEC-RYDEX-NDX,,"Fiserv, Inc","Fiserv, Inc",,,157900.0,7095631.0,0.0
2001-03-31,2001-05-29,a2046433zn-30d.txt,0000912057-01-517867,N-30D,SEC-RYDEX-NDX,,5.20% due 04/02/01,5.20% due 04/02/01,,,6985141.0,6985141.0,0.0
2001-03-31,2001-05-29,a2046433zn-30d.txt,0000912057-01-517867,N-30D,SEC-RYDEX-NDX,,Echostar Communications Corp,Echostar Communications Corp,,,248700.0,6885881.0,0.0
2001-03-31,2001-05-29,a2046433zn-30d.txt,0000912057-01-517867,N-30D,SEC-RYDEX-NDX,,"VeriSign, Inc","VeriSign, Inc",,,189100.0,6701231.0,0.0
2001-03-31,2001-05-29,a2046433zn-30d.txt,0000912057-01-517867,N-30D,SEC-RYDEX-NDX,,Adelphia Communications,Adelphia Communications,,,163300.0,6613650.0,0.0
2001-03-31,2001-05-29,a2046433zn-30d.txt,0000912057-01-517867,N-30D,SEC-RYDEX-NDX,,Sanmina Corp,Sanmina Corp,,,332800.0,6510400.0,0.0
2001-03-31,2001-05-29,a2046433zn-30d.txt,0000912057-01-517867,N-30D,SEC-RYDEX-NDX,,"Exodus Communications, Inc","Exodus Communications, Inc",,,594600.0,6391950.0,0.0
2001-03-31,2001-05-29,a2046433zn-30d.txt,0000912057-01-517867,N-30D,SEC-RYDEX-NDX,,Idec Pharmaceuticals Corp,Idec Pharmaceuticals Corp,,,159300.0,6372000.0,0.0
2001-03-31,2001-05-29,a2046433zn-30d.txt,0000912057-01-517867,N-30D,SEC-RYDEX-NDX,,"I2 Technologies, Inc","I2 Technologies, Inc",,,434800.0,6304600.0,0.0
2001-03-31,2001-05-29,a2046433zn-30d.txt,0000912057-01-517867,N-30D,SEC-RYDEX-NDX,,"Novellus Systems, Inc","Novellus Systems, Inc",,,145700.0,5909956.0,0.0
2001-03-31,2001-05-29,a2046433zn-30d.txt,0000912057-01-517867,N-30D,SEC-RYDEX-NDX,,Applied Micro Circuits Corp,Applied Micro Circuits Corp,,,352900.0,5822850.0,0.0
2001-03-31,2001-05-29,a2046433zn-30d.txt,0000912057-01-517867,N-30D,SEC-RYDEX-NDX,,"Network Appliance, Inc","Network Appliance, Inc",,,342200.0,5753238.0,0.0
2001-03-31,2001-05-29,a2046433zn-30d.txt,0000912057-01-517867,N-30D,SEC-RYDEX-NDX,,"Human Genome Sciences, Inc","Human Genome Sciences, Inc",,,124400.0,5722400.0,0.0
2001-03-31,2001-05-29,a2046433zn-30d.txt,0000912057-01-517867,N-30D,SEC-RYDEX-NDX,,Telefonaktiebolaget LM Ericsson,Telefonaktiebolaget LM Ericsson,,,975000.0,5453906.0,0.0
2001-03-31,2001-05-29,a2046433zn-30d.txt,0000912057-01-517867,N-30D,SEC-RYDEX-NDX,,Vitesse Semiconductor Corp,Vitesse Semiconductor Corp,,,209900.0,4998244.0,0.0
2001-03-31,2001-05-29,a2046433zn-30d.txt,0000912057-01-517867,N-30D,SEC-RYDEX-NDX,,Brocade Communications System,Brocade Communications System,,,233600.0,4879904.0,0.0
2001-03-31,2001-05-29,a2046433zn-30d.txt,0000912057-01-517867,N-30D,SEC-RYDEX-NDX,,"Citrix Systems, Inc","Citrix Systems, Inc",,,226400.0,4782700.0,0.0
2001-03-31,2001-05-29,a2046433zn-30d.txt,0000912057-01-517867,N-30D,SEC-RYDEX-NDX,,"Staples, Inc","Staples, Inc",,,309300.0,4600838.0,0.0
2001-03-31,2001-05-29,a2046433zn-30d.txt,0000912057-01-517867,N-30D,SEC-RYDEX-NDX,,"Palm, Inc","Palm, Inc",,,542900.0,4563753.0,0.0
2001-03-31,2001-05-29,a2046433zn-30d.txt,0000912057-01-517867,N-30D,SEC-RYDEX-NDX,,"Level 3 Communications, Inc","Level 3 Communications, Inc",,,261000.0,4534875.0,0.0
2001-03-31,2001-05-29,a2046433zn-30d.txt,0000912057-01-517867,N-30D,SEC-RYDEX-NDX,,"PMC - Sierra, Inc","PMC - Sierra, Inc",,,179000.0,4428460.0,0.0
2001-03-31,2001-05-29,a2046433zn-30d.txt,0000912057-01-517867,N-30D,SEC-RYDEX-NDX,,"Yahoo!, Inc","Yahoo!, Inc",,,274700.0,4326525.0,0.0
2001-03-31,2001-05-29,a2046433zn-30d.txt,0000912057-01-517867,N-30D,SEC-RYDEX-NDX,,"McLeodUSA, Inc","McLeodUSA, Inc",,,484600.0,4209963.0,0.0
2001-03-31,2001-05-29,a2046433zn-30d.txt,0000912057-01-517867,N-30D,SEC-RYDEX-NDX,,Broadcom Corp,Broadcom Corp,,,142600.0,4121140.0,0.0
2001-03-31,2001-05-29,a2046433zn-30d.txt,0000912057-01-517867,N-30D,SEC-RYDEX-NDX,,5.22% due 04/02/01,5.22% due 04/02/01,,,4030697.0,4030697.0,0.0
2001-03-31,2001-05-29,a2046433zn-30d.txt,0000912057-01-517867,N-30D,SEC-RYDEX-NDX,,5.23% due 04/02/01,5.23% due 04/02/01,,,4030697.0,4030697.0,0.0
2001-03-31,2001-05-29,a2046433zn-30d.txt,0000912057-01-517867,N-30D,SEC-RYDEX-NDX,,"TMP Worldwide, Inc","TMP Worldwide, Inc",,,106800.0,4011675.0,0.0
2001-03-31,2001-05-29,a2046433zn-30d.txt,0000912057-01-517867,N-30D,SEC-RYDEX-NDX,,"Paccar, Inc","Paccar, Inc",,,87100.0,3903169.0,0.0
2001-03-31,2001-05-29,a2046433zn-30d.txt,0000912057-01-517867,N-30D,SEC-RYDEX-NDX,,Mercury Interactive Corp,Mercury Interactive Corp,,,88000.0,3685000.0,0.0
2001-03-31,2001-05-29,a2046433zn-30d.txt,0000912057-01-517867,N-30D,SEC-RYDEX-NDX,,Rational Software Corp,Rational Software Corp,,,203600.0,3613900.0,0.0
2001-03-31,2001-05-29,a2046433zn-30d.txt,0000912057-01-517867,N-30D,SEC-RYDEX-NDX,,Atmel Corp,Atmel Corp,,,356800.0,3501100.0,0.0
2001-03-31,2001-05-29,a2046433zn-30d.txt,0000912057-01-517867,N-30D,SEC-RYDEX-NDX,,Parametric Technology Corp,Parametric Technology Corp,,,367500.0,3330469.0,0.0
2001-03-31,2001-05-29,a2046433zn-30d.txt,0000912057-01-517867,N-30D,SEC-RYDEX-NDX,,Smurfit-Stone Container Corp,Smurfit-Stone Container Corp,,,243800.0,3244978.0,0.0
2001-03-31,2001-05-29,a2046433zn-30d.txt,0000912057-01-517867,N-30D,SEC-RYDEX-NDX,,"Metromedia Fiber Network, Inc","Metromedia Fiber Network, Inc",,,538100.0,2948788.0,0.0
2001-03-31,2001-05-29,a2046433zn-30d.txt,0000912057-01-517867,N-30D,SEC-RYDEX-NDX,,"Conexant Systems, Inc","Conexant Systems, Inc",,,272300.0,2433681.0,0.0
2001-03-31,2001-05-29,a2046433zn-30d.txt,0000912057-01-517867,N-30D,SEC-RYDEX-NDX,,"RF Micro Devices, Inc","RF Micro Devices, Inc",,,189500.0,2214781.0,0.0
2001-03-31,2001-05-29,a2046433zn-30d.txt,0000912057-01-517867,N-30D,SEC-RYDEX-NDX,,QLogic Corp,QLogic Corp,,,96500.0,2171250.0,0.0
2001-03-31,2001-05-29,a2046433zn-30d.txt,0000912057-01-517867,N-30D,SEC-RYDEX-NDX,,"XO Communications, Inc","XO Communications, Inc",,,300500.0,2103500.0,0.0
2001-03-31,2001-05-29,a2046433zn-30d.txt,0000912057-01-517867,N-30D,SEC-RYDEX-NDX,,"Ariba, Inc","Ariba, Inc",,,239100.0,1890384.0,0.0
2001-03-31,2001-05-29,a2046433zn-30d.txt,0000912057-01-517867,N-30D,SEC-RYDEX-NDX,,"Abgenix, Inc","Abgenix, Inc",,,79200.0,1876050.0,0.0
2001-03-31,2001-05-29,a2046433zn-30d.txt,0000912057-01-517867,N-30D,SEC-RYDEX-NDX,,"BroadVision, Inc","BroadVision, Inc",,,298900.0,1597247.0,0.0
2001-03-31,2001-05-29,a2046433zn-30d.txt,0000912057-01-517867,N-30D,SEC-RYDEX-NDX,,March,March,,,31.0,2001.0,0.0
2001-09-30,2001-11-29,a2064459zn-30d.txt,0000912057-01-541410,N-30D,SEC-RYDEX-NDX,,Microsoft Corp,Microsoft Corp,,,1612100.0,82491157.0,0.0
2001-09-30,2001-11-29,a2064459zn-30d.txt,0000912057-01-541410,N-30D,SEC-RYDEX-NDX,,Intel Corp,Intel Corp,,,2049800.0,41795422.0,0.0
2001-09-30,2001-11-29,a2064459zn-30d.txt,0000912057-01-541410,N-30D,SEC-RYDEX-NDX,,"Qualcomm, Inc","Qualcomm, Inc",,,798900.0,37979706.0,0.0
2001-09-30,2001-11-29,a2064459zn-30d.txt,0000912057-01-541410,N-30D,SEC-RYDEX-NDX,,"Cisco Systems, Inc","Cisco Systems, Inc",,,2276100.0,27722898.0,0.0
2001-09-30,2001-11-29,a2064459zn-30d.txt,0000912057-01-541410,N-30D,SEC-RYDEX-NDX,,Oracle Corp,Oracle Corp,,,2024500.0,25468210.0,0.0
2001-09-30,2001-11-29,a2064459zn-30d.txt,0000912057-01-541410,N-30D,SEC-RYDEX-NDX,,"Amgen, Inc","Amgen, Inc",,,424800.0,24961248.0,0.0
2001-09-30,2001-11-29,a2064459zn-30d.txt,0000912057-01-541410,N-30D,SEC-RYDEX-NDX,,Dell Computer Corp,Dell Computer Corp,,,832800.0,15431784.0,0.0
2001-09-30,2001-11-29,a2064459zn-30d.txt,0000912057-01-541410,N-30D,SEC-RYDEX-NDX,,Comcast Corp,Comcast Corp,,,390500.0,14007235.0,0.0
2001-09-30,2001-11-29,a2064459zn-30d.txt,0000912057-01-541410,N-30D,SEC-RYDEX-NDX,,Maxim Integrated Products,Maxim Integrated Products,,,400500.0,13993470.0,0.0
2001-09-30,2001-11-29,a2064459zn-30d.txt,0000912057-01-541410,N-30D,SEC-RYDEX-NDX,,"WorldCom, Inc.- WorldCom Group","WorldCom, Inc.- WorldCom Group",,,926100.0,13928544.0,0.0
2001-09-30,2001-11-29,a2064459zn-30d.txt,0000912057-01-541410,N-30D,SEC-RYDEX-NDX,,Linear Technology Corp,Linear Technology Corp,,,369900.0,12132720.0,0.0
2001-09-30,2001-11-29,a2064459zn-30d.txt,0000912057-01-541410,N-30D,SEC-RYDEX-NDX,,"Concord EFS, Inc","Concord EFS, Inc",,,246900.0,12085755.0,0.0
2001-09-30,2001-11-29,a2064459zn-30d.txt,0000912057-01-541410,N-30D,SEC-RYDEX-NDX,,Immunex Corp,Immunex Corp,,,637700.0,11893105.0,0.0
2001-09-30,2001-11-29,a2064459zn-30d.txt,0000912057-01-541410,N-30D,SEC-RYDEX-NDX,,"Applied Materials, Inc","Applied Materials, Inc",,,367400.0,10448856.0,0.0
2001-09-30,2001-11-29,a2064459zn-30d.txt,0000912057-01-541410,N-30D,SEC-RYDEX-NDX,,Genzyme Corp.-General Division,Genzyme Corp.-General Division,,,226500.0,10287630.0,0.0
2001-09-30,2001-11-29,a2064459zn-30d.txt,0000912057-01-541410,N-30D,SEC-RYDEX-NDX,,Chiron Corp,Chiron Corp,,,231100.0,10267773.0,0.0
2001-09-30,2001-11-29,a2064459zn-30d.txt,0000912057-01-541410,N-30D,SEC-RYDEX-NDX,,"Sun Microsystems, Inc","Sun Microsystems, Inc",,,1231300.0,10182851.0,0.0
2001-09-30,2001-11-29,a2064459zn-30d.txt,0000912057-01-541410,N-30D,SEC-RYDEX-NDX,,"Paychex, Inc","Paychex, Inc",,,309000.0,9736590.0,0.0
2001-09-30,2001-11-29,a2064459zn-30d.txt,0000912057-01-541410,N-30D,SEC-RYDEX-NDX,,"Biomet, Inc","Biomet, Inc",,,316000.0,9243000.0,0.0
2001-09-30,2001-11-29,a2064459zn-30d.txt,0000912057-01-541410,N-30D,SEC-RYDEX-NDX,,"Xilinx, Inc","Xilinx, Inc",,,385900.0,9080227.0,0.0
2001-09-30,2001-11-29,a2064459zn-30d.txt,0000912057-01-541410,N-30D,SEC-RYDEX-NDX,,"Biogen, Inc","Biogen, Inc",,,158800.0,8826104.0,0.0
2001-09-30,2001-11-29,a2064459zn-30d.txt,0000912057-01-541410,N-30D,SEC-RYDEX-NDX,,"Bed Bath & Beyond, Inc","Bed Bath & Beyond, Inc",,,338700.0,8623302.0,0.0
2001-09-30,2001-11-29,a2064459zn-30d.txt,0000912057-01-541410,N-30D,SEC-RYDEX-NDX,,"Intuit, Inc","Intuit, Inc",,,229300.0,8208940.0,0.0
2001-09-30,2001-11-29,a2064459zn-30d.txt,0000912057-01-541410,N-30D,SEC-RYDEX-NDX,,"eBay, Inc","eBay, Inc",,,177400.0,8116050.0,0.0
2001-09-30,2001-11-29,a2064459zn-30d.txt,0000912057-01-541410,N-30D,SEC-RYDEX-NDX,,3.18% due 10/01/01,3.18% due 10/01/01,,,8010790.0,8010790.0,0.0
2001-09-30,2001-11-29,a2064459zn-30d.txt,0000912057-01-541410,N-30D,SEC-RYDEX-NDX,,Altera Corp,Altera Corp,,,472300.0,7736274.0,0.0
2001-09-30,2001-11-29,a2064459zn-30d.txt,0000912057-01-541410,N-30D,SEC-RYDEX-NDX,,"Flextronics International, Ltd","Flextronics International, Ltd",,,455600.0,7535624.0,0.0
2001-09-30,2001-11-29,a2064459zn-30d.txt,0000912057-01-541410,N-30D,SEC-RYDEX-NDX,,JDS Uniphase Corp,JDS Uniphase Corp,,,1180600.0,7461392.0,0.0
2001-09-30,2001-11-29,a2064459zn-30d.txt,0000912057-01-541410,N-30D,SEC-RYDEX-NDX,,"Gemstar-TV Guide International, Inc","Gemstar-TV Guide International, Inc",,,375800.0,7407018.0,0.0
2001-09-30,2001-11-29,a2064459zn-30d.txt,0000912057-01-541410,N-30D,SEC-RYDEX-NDX,,Costco Wholesale Corp,Costco Wholesale Corp,,,206700.0,7350252.0,0.0
2001-09-30,2001-11-29,a2064459zn-30d.txt,0000912057-01-541410,N-30D,SEC-RYDEX-NDX,,"Nextel Communications, Inc","Nextel Communications, Inc",,,830200.0,7189532.0,0.0
2001-09-30,2001-11-29,a2064459zn-30d.txt,0000912057-01-541410,N-30D,SEC-RYDEX-NDX,,Cintas Corp,Cintas Corp,,,177200.0,7141160.0,0.0
2001-09-30,2001-11-29,a2064459zn-30d.txt,0000912057-01-541410,N-30D,SEC-RYDEX-NDX,,Idec Pharmaceuticals Corp,Idec Pharmaceuticals Corp,,,143700.0,7123209.0,0.0
2001-09-30,2001-11-29,a2064459zn-30d.txt,0000912057-01-541410,N-30D,SEC-RYDEX-NDX,,"Medimmune, Inc","Medimmune, Inc",,,199000.0,7090370.0,0.0
2001-09-30,2001-11-29,a2064459zn-30d.txt,0000912057-01-541410,N-30D,SEC-RYDEX-NDX,,"VeriSign, Inc","VeriSign, Inc",,,166500.0,6976350.0,0.0
2001-09-30,2001-11-29,a2064459zn-30d.txt,0000912057-01-541410,N-30D,SEC-RYDEX-NDX,,"Fiserv, Inc","Fiserv, Inc",,,203400.0,6956280.0,0.0
2001-09-30,2001-11-29,a2064459zn-30d.txt,0000912057-01-541410,N-30D,SEC-RYDEX-NDX,,Starbucks Corp,Starbucks Corp,,,462000.0,6856080.0,0.0
2001-09-30,2001-11-29,a2064459zn-30d.txt,0000912057-01-541410,N-30D,SEC-RYDEX-NDX,,"Peoplesoft, Inc","Peoplesoft, Inc",,,372100.0,6712684.0,0.0
2001-09-30,2001-11-29,a2064459zn-30d.txt,0000912057-01-541410,N-30D,SEC-RYDEX-NDX,,"Apple Computer, Inc","Apple Computer, Inc",,,426300.0,6611913.0,0.0
2001-09-30,2001-11-29,a2064459zn-30d.txt,0000912057-01-541410,N-30D,SEC-RYDEX-NDX,,Veritas Software Corp,Veritas Software Corp,,,356000.0,6564640.0,0.0
2001-09-30,2001-11-29,a2064459zn-30d.txt,0000912057-01-541410,N-30D,SEC-RYDEX-NDX,,Kla-Tencor Corp,Kla-Tencor Corp,,,195500.0,6173890.0,0.0
2001-09-30,2001-11-29,a2064459zn-30d.txt,0000912057-01-541410,N-30D,SEC-RYDEX-NDX,,"Siebel Systems, Inc","Siebel Systems, Inc",,,469300.0,6105593.0,0.0
2001-09-30,2001-11-29,a2064459zn-30d.txt,0000912057-01-541410,N-30D,SEC-RYDEX-NDX,,"USA Networks, Inc","USA Networks, Inc",,,310700.0,5586386.0,0.0
2001-09-30,2001-11-29,a2064459zn-30d.txt,0000912057-01-541410,N-30D,SEC-RYDEX-NDX,,"Electronic Arts, Inc","Electronic Arts, Inc",,,119800.0,5471266.0,0.0
2001-09-30,2001-11-29,a2064459zn-30d.txt,0000912057-01-541410,N-30D,SEC-RYDEX-NDX,,Echostar Communications Corp,Echostar Communications Corp,,,216100.0,5028647.0,0.0
2001-09-30,2001-11-29,a2064459zn-30d.txt,0000912057-01-541410,N-30D,SEC-RYDEX-NDX,,"Adobe Systems, Inc","Adobe Systems, Inc",,,203600.0,4882328.0,0.0
2001-09-30,2001-11-29,a2064459zn-30d.txt,0000912057-01-541410,N-30D,SEC-RYDEX-NDX,,3.20% due 10/01/01,3.20% due 10/01/01,,,4521673.0,4521673.0,0.0
2001-09-30,2001-11-29,a2064459zn-30d.txt,0000912057-01-541410,N-30D,SEC-RYDEX-NDX,,Check Point Software Technologies,Check Point Software Technologies,,,202600.0,4461252.0,0.0
2001-09-30,2001-11-29,a2064459zn-30d.txt,0000912057-01-541410,N-30D,SEC-RYDEX-NDX,,PanAmSat Corp,PanAmSat Corp,,,175900.0,4100229.0,0.0
2001-09-30,2001-11-29,a2064459zn-30d.txt,0000912057-01-541410,N-30D,SEC-RYDEX-NDX,,Sanmina Corp,Sanmina Corp,,,297200.0,4035976.0,0.0
2001-09-30,2001-11-29,a2064459zn-30d.txt,0000912057-01-541410,N-30D,SEC-RYDEX-NDX,,"Citrix Systems, Inc","Citrix Systems, Inc",,,193300.0,3827340.0,0.0
2001-09-30,2001-11-29,a2064459zn-30d.txt,0000912057-01-541410,N-30D,SEC-RYDEX-NDX,,Millennium Pharmaceuticals,Millennium Pharmaceuticals,,,209800.0,3726048.0,0.0
2001-09-30,2001-11-29,a2064459zn-30d.txt,0000912057-01-541410,N-30D,SEC-RYDEX-NDX,,Nvidia Corp,Nvidia Corp,,,134000.0,3680980.0,0.0
2001-09-30,2001-11-29,a2064459zn-30d.txt,0000912057-01-541410,N-30D,SEC-RYDEX-NDX,,"Paccar, Inc","Paccar, Inc",,,74400.0,3650808.0,0.0
2001-09-30,2001-11-29,a2064459zn-30d.txt,0000912057-01-541410,N-30D,SEC-RYDEX-NDX,,"Novellus Systems, Inc","Novellus Systems, Inc",,,126900.0,3624264.0,0.0
2001-09-30,2001-11-29,a2064459zn-30d.txt,0000912057-01-541410,N-30D,SEC-RYDEX-NDX,,"Staples, Inc","Staples, Inc",,,267900.0,3568428.0,0.0
2001-09-30,2001-11-29,a2064459zn-30d.txt,0000912057-01-541410,N-30D,SEC-RYDEX-NDX,,CIENA Corp,CIENA Corp,,,337900.0,3476991.0,0.0
2001-09-30,2001-11-29,a2064459zn-30d.txt,0000912057-01-541410,N-30D,SEC-RYDEX-NDX,,"Human Genome Sciences, Inc","Human Genome Sciences, Inc",,,110400.0,3412464.0,0.0
2001-09-30,2001-11-29,a2064459zn-30d.txt,0000912057-01-541410,N-30D,SEC-RYDEX-NDX,,Adelphia Communications,Adelphia Communications,,,144100.0,3199020.0,0.0
2001-09-30,2001-11-29,a2064459zn-30d.txt,0000912057-01-541410,N-30D,SEC-RYDEX-NDX,,"Comverse Technology, Inc","Comverse Technology, Inc",,,154900.0,3172352.0,0.0
2001-09-30,2001-11-29,a2064459zn-30d.txt,0000912057-01-541410,N-30D,SEC-RYDEX-NDX,,"BEA Systems, Inc","BEA Systems, Inc",,,319600.0,3064964.0,0.0
2001-09-30,2001-11-29,a2064459zn-30d.txt,0000912057-01-541410,N-30D,SEC-RYDEX-NDX,,Telefonaktiebolaget LM Ericsson,Telefonaktiebolaget LM Ericsson,,,861900.0,3008031.0,0.0
2001-09-30,2001-11-29,a2064459zn-30d.txt,0000912057-01-541410,N-30D,SEC-RYDEX-NDX,,"ADC Telecommunications, Inc","ADC Telecommunications, Inc",,,857500.0,2992675.0,0.0
2001-09-30,2001-11-29,a2064459zn-30d.txt,0000912057-01-541410,N-30D,SEC-RYDEX-NDX,,Broadcom Corp,Broadcom Corp,,,145400.0,2951620.0,0.0
2001-09-30,2001-11-29,a2064459zn-30d.txt,0000912057-01-541410,N-30D,SEC-RYDEX-NDX,,"TMP Worldwide, Inc","TMP Worldwide, Inc",,,102400.0,2907136.0,0.0
2001-09-30,2001-11-29,a2064459zn-30d.txt,0000912057-01-541410,N-30D,SEC-RYDEX-NDX,,Brocade Communications System,Brocade Communications System,,,201400.0,2825642.0,0.0
2001-09-30,2001-11-29,a2064459zn-30d.txt,0000912057-01-541410,N-30D,SEC-RYDEX-NDX,,Smurfit-Stone Container Corp,Smurfit-Stone Container Corp,,,207600.0,2746548.0,0.0
2001-09-30,2001-11-29,a2064459zn-30d.txt,0000912057-01-541410,N-30D,SEC-RYDEX-NDX,,"RF Micro Devices, Inc","RF Micro Devices, Inc",,,163300.0,2714046.0,0.0
2001-09-30,2001-11-29,a2064459zn-30d.txt,0000912057-01-541410,N-30D,SEC-RYDEX-NDX,,"Microchip Technology, Inc","Microchip Technology, Inc",,,96300.0,2580840.0,0.0
2001-09-30,2001-11-29,a2064459zn-30d.txt,0000912057-01-541410,N-30D,SEC-RYDEX-NDX,,"Molex, Inc","Molex, Inc",,,84100.0,2364051.0,0.0
2001-09-30,2001-11-29,a2064459zn-30d.txt,0000912057-01-541410,N-30D,SEC-RYDEX-NDX,,Applied Micro Circuits Corp,Applied Micro Circuits Corp,,,304000.0,2124960.0,0.0
2001-09-30,2001-11-29,a2064459zn-30d.txt,0000912057-01-541410,N-30D,SEC-RYDEX-NDX,,"Yahoo, Inc","Yahoo, Inc",,,239800.0,2112638.0,0.0
2001-09-30,2001-11-29,a2064459zn-30d.txt,0000912057-01-541410,N-30D,SEC-RYDEX-NDX,,"Network Appliance, Inc","Network Appliance, Inc",,,300000.0,2040000.0,0.0
2001-09-30,2001-11-29,a2064459zn-30d.txt,0000912057-01-541410,N-30D,SEC-RYDEX-NDX,,Atmel Corp,Atmel Corp,,,303200.0,2025376.0,0.0
2001-09-30,2001-11-29,a2064459zn-30d.txt,0000912057-01-541410,N-30D,SEC-RYDEX-NDX,,"Conexant Systems, Inc","Conexant Systems, Inc",,,242700.0,2014410.0,0.0
2001-09-30,2001-11-29,a2064459zn-30d.txt,0000912057-01-541410,N-30D,SEC-RYDEX-NDX,,"Tellabs, Inc","Tellabs, Inc",,,203500.0,2010580.0,0.0
2001-09-30,2001-11-29,a2064459zn-30d.txt,0000912057-01-541410,N-30D,SEC-RYDEX-NDX,,"Juniper Networks, Inc","Juniper Networks, Inc",,,184300.0,1787710.0,0.0
2001-09-30,2001-11-29,a2064459zn-30d.txt,0000912057-01-541410,N-30D,SEC-RYDEX-NDX,,Compuware Corp,Compuware Corp,,,199000.0,1657670.0,0.0
2001-09-30,2001-11-29,a2064459zn-30d.txt,0000912057-01-541410,N-30D,SEC-RYDEX-NDX,,"PMC - Sierra, Inc","PMC - Sierra, Inc",,,157600.0,1637464.0,0.0
2001-09-30,2001-11-29,a2064459zn-30d.txt,0000912057-01-541410,N-30D,SEC-RYDEX-NDX,,"Abgenix, Inc","Abgenix, Inc",,,71400.0,1620780.0,0.0
2001-09-30,2001-11-29,a2064459zn-30d.txt,0000912057-01-541410,N-30D,SEC-RYDEX-NDX,,Parametric Technology Corp,Parametric Technology Corp,,,310100.0,1609419.0,0.0
2001-09-30,2001-11-29,a2064459zn-30d.txt,0000912057-01-541410,N-30D,SEC-RYDEX-NDX,,Rational Software Corp,Rational Software Corp,,,183400.0,1588244.0,0.0
2001-09-30,2001-11-29,a2064459zn-30d.txt,0000912057-01-541410,N-30D,SEC-RYDEX-NDX,,QLogic Corp,QLogic Corp,,,82200.0,1561800.0,0.0
2001-09-30,2001-11-29,a2064459zn-30d.txt,0000912057-01-541410,N-30D,SEC-RYDEX-NDX,,Mercury Interactive Corp,Mercury Interactive Corp,,,76700.0,1460368.0,0.0
2001-09-30,2001-11-29,a2064459zn-30d.txt,0000912057-01-541410,N-30D,SEC-RYDEX-NDX,,Vitesse Semiconductor Corp,Vitesse Semiconductor Corp,,,179800.0,1393450.0,0.0
2001-09-30,2001-11-29,a2064459zn-30d.txt,0000912057-01-541410,N-30D,SEC-RYDEX-NDX,,"Novell, Inc","Novell, Inc",,,378200.0,1384212.0,0.0
2001-09-30,2001-11-29,a2064459zn-30d.txt,0000912057-01-541410,N-30D,SEC-RYDEX-NDX,,"i2 Technologies, Inc","i2 Technologies, Inc",,,389000.0,1338160.0,0.0
2001-09-30,2001-11-29,a2064459zn-30d.txt,0000912057-01-541410,N-30D,SEC-RYDEX-NDX,,"Amazon.Com, Inc","Amazon.Com, Inc",,,209900.0,1253103.0,0.0
2001-09-30,2001-11-29,a2064459zn-30d.txt,0000912057-01-541410,N-30D,SEC-RYDEX-NDX,,Inc,Inc,,,223000.0,842940.0,0.0
2001-09-30,2001-11-29,a2064459zn-30d.txt,0000912057-01-541410,N-30D,SEC-RYDEX-NDX,,"Palm, Inc","Palm, Inc",,,465900.0,680214.0,0.0
2001-09-30,2001-11-29,a2064459zn-30d.txt,0000912057-01-541410,N-30D,SEC-RYDEX-NDX,,"RealNetworks, Inc","RealNetworks, Inc",,,132500.0,643950.0,0.0
2001-09-30,2001-11-29,a2064459zn-30d.txt,0000912057-01-541410,N-30D,SEC-RYDEX-NDX,,"CNET Networks, Inc","CNET Networks, Inc",,,136000.0,584800.0,0.0
2001-09-30,2001-11-29,a2064459zn-30d.txt,0000912057-01-541410,N-30D,SEC-RYDEX-NDX,,3Com Corp,3Com Corp,,,152100.0,570375.0,0.0
2001-09-30,2001-11-29,a2064459zn-30d.txt,0000912057-01-541410,N-30D,SEC-RYDEX-NDX,,"Ariba, Inc","Ariba, Inc",,,208900.0,388554.0,0.0
2001-09-30,2001-11-29,a2064459zn-30d.txt,0000912057-01-541410,N-30D,SEC-RYDEX-NDX,,"McLeodUSA, Inc","McLeodUSA, Inc",,,436000.0,335720.0,0.0
2001-09-30,2001-11-29,a2064459zn-30d.txt,0000912057-01-541410,N-30D,SEC-RYDEX-NDX,,"CMGI, Inc","CMGI, Inc",,,332200.0,332200.0,0.0
2001-09-30,2001-11-29,a2064459zn-30d.txt,0000912057-01-541410,N-30D,SEC-RYDEX-NDX,,Inktomi Corp,Inktomi Corp,,,101100.0,277014.0,0.0
2001-09-30,2001-11-29,a2064459zn-30d.txt,0000912057-01-541410,N-30D,SEC-RYDEX-NDX,,"BroadVision, Inc","BroadVision, Inc",,,263500.0,239785.0,0.0
2001-09-30,2001-11-29,a2064459zn-30d.txt,0000912057-01-541410,N-30D,SEC-RYDEX-NDX,,"Metromedia Fiber Network, Inc","Metromedia Fiber Network, Inc",,,519100.0,176494.0,0.0
2001-09-30,2001-11-29,a2064459zn-30d.txt,0000912057-01-541410,N-30D,SEC-RYDEX-NDX,,"XO Communications, Inc","XO Communications, Inc",,,317500.0,130175.0,0.0
2001-09-30,2001-11-29,a2064459zn-30d.txt,0000912057-01-541410,N-30D,SEC-RYDEX-NDX,,At Home Corp,At Home Corp,,,244700.0,36705.0,0.0
2001-11-30,2002-01-24,a2068616zn-30d.txt,0000912057-02-002514,N-30D,SEC-MORGAN-NDX,,Sold,Sold,,,2234019.0,20040558.0,0.0
2001-11-30,2002-01-24,a2068616zn-30d.txt,0000912057-02-002514,N-30D,SEC-MORGAN-NDX,,Net increase in Fund,Net increase in Fund,,,1595762.0,15089408.0,0.0
2001-11-30,2002-01-24,a2068616zn-30d.txt,0000912057-02-002514,N-30D,SEC-MORGAN-NDX,,Net increase -- Class B,Net increase -- Class B,,,1207260.0,10075391.0,0.0
2001-11-30,2002-01-24,a2068616zn-30d.txt,0000912057-02-002514,N-30D,SEC-MORGAN-NDX,,Sold,Sold,,,944462.0,9105719.0,0.0
2001-11-30,2002-01-24,a2068616zn-30d.txt,0000912057-02-002514,N-30D,SEC-MORGAN-NDX,,Net increase -- Class D,Net increase -- Class D,,,94453.0,2527742.0,0.0
2001-11-30,2002-01-24,a2068616zn-30d.txt,0000912057-02-002514,N-30D,SEC-MORGAN-NDX,,Sold,Sold,,,259992.0,2174408.0,0.0
2001-11-30,2002-01-24,a2068616zn-30d.txt,0000912057-02-002514,N-30D,SEC-MORGAN-NDX,,Net increase -- Class C,Net increase -- Class C,,,245981.0,2073457.0,0.0
2001-11-30,2002-01-24,a2068616zn-30d.txt,0000912057-02-002514,N-30D,SEC-MORGAN-NDX,,Microsoft Corp.*,Microsoft Corp.*,,,23224.0,1491213.0,0.0
2001-11-30,2002-01-24,a2068616zn-30d.txt,0000912057-02-002514,N-30D,SEC-MORGAN-NDX,,Intel Corp,Intel Corp,,,29539.0,964744.0,0.0
2001-11-30,2002-01-24,a2068616zn-30d.txt,0000912057-02-002514,N-30D,SEC-MORGAN-NDX,,QUALCOMM Inc,QUALCOMM Inc,,,11499.0,675221.0,0.0
2001-11-30,2002-01-24,a2068616zn-30d.txt,0000912057-02-002514,N-30D,SEC-MORGAN-NDX,,"Cisco Systems, Inc","Cisco Systems, Inc",,,32785.0,670453.0,0.0
2001-11-30,2002-01-24,a2068616zn-30d.txt,0000912057-02-002514,N-30D,SEC-MORGAN-NDX,,Sold,Sold,,,50492.0,435089.0,0.0
2001-11-30,2002-01-24,a2068616zn-30d.txt,0000912057-02-002514,N-30D,SEC-MORGAN-NDX,,Net increase -- Class A,Net increase -- Class A,,,48068.0,412818.0,0.0
2001-11-30,2002-01-24,a2068616zn-30d.txt,0000912057-02-002514,N-30D,SEC-MORGAN-NDX,,Oracle Corp,Oracle Corp,,,29158.0,409087.0,0.0
2001-11-30,2002-01-24,a2068616zn-30d.txt,0000912057-02-002514,N-30D,SEC-MORGAN-NDX,,Amgen Inc,Amgen Inc,,,6119.0,406485.0,0.0
2001-11-30,2002-01-24,a2068616zn-30d.txt,0000912057-02-002514,N-30D,SEC-MORGAN-NDX,,Dell Computer Corp,Dell Computer Corp,,,12009.0,335411.0,0.0
2001-11-30,2002-01-24,a2068616zn-30d.txt,0000912057-02-002514,N-30D,SEC-MORGAN-NDX,,"Maxim Integrated Products, Inc","Maxim Integrated Products, Inc",,,5768.0,316144.0,0.0
2001-11-30,2002-01-24,a2068616zn-30d.txt,0000912057-02-002514,N-30D,SEC-MORGAN-NDX,,"Sun Microsystems, Inc","Sun Microsystems, Inc",,,17763.0,252945.0,0.0
2001-11-30,2002-01-24,a2068616zn-30d.txt,0000912057-02-002514,N-30D,SEC-MORGAN-NDX,,Immunex Corp,Immunex Corp,,,9186.0,248022.0,0.0
2001-11-30,2002-01-24,a2068616zn-30d.txt,0000912057-02-002514,N-30D,SEC-MORGAN-NDX,,Linear Technology Corp,Linear Technology Corp,,,5327.0,218567.0,0.0
2001-11-30,2002-01-24,a2068616zn-30d.txt,0000912057-02-002514,N-30D,SEC-MORGAN-NDX,,Comcast Corp. (Class A Special),Comcast Corp. (Class A Special),,,5624.0,213712.0,0.0
2001-11-30,2002-01-24,a2068616zn-30d.txt,0000912057-02-002514,N-30D,SEC-MORGAN-NDX,,"Concord EFS, Inc","Concord EFS, Inc",,,7116.0,213338.0,0.0
2001-11-30,2002-01-24,a2068616zn-30d.txt,0000912057-02-002514,N-30D,SEC-MORGAN-NDX,,"Applied Materials, Inc","Applied Materials, Inc",,,5293.0,210397.0,0.0
2001-11-30,2002-01-24,a2068616zn-30d.txt,0000912057-02-002514,N-30D,SEC-MORGAN-NDX,,"Xilinx, Inc","Xilinx, Inc",,,5548.0,200338.0,0.0
2001-11-30,2002-01-24,a2068616zn-30d.txt,0000912057-02-002514,N-30D,SEC-MORGAN-NDX,,Veritas Software Corp,Veritas Software Corp,,,5124.0,199272.0,0.0
2001-11-30,2002-01-24,a2068616zn-30d.txt,0000912057-02-002514,N-30D,SEC-MORGAN-NDX,,"WorldCom, Inc.- WorldCom Group","WorldCom, Inc.- WorldCom Group",,,13337.0,193920.0,0.0
2001-11-30,2002-01-24,a2068616zn-30d.txt,0000912057-02-002514,N-30D,SEC-MORGAN-NDX,,"PeopleSoft, Inc","PeopleSoft, Inc",,,5360.0,187118.0,0.0
2001-11-30,2002-01-24,a2068616zn-30d.txt,0000912057-02-002514,N-30D,SEC-MORGAN-NDX,,Genzyme Corp. (General Division),Genzyme Corp. (General Division),,,3264.0,178280.0,0.0
2001-11-30,2002-01-24,a2068616zn-30d.txt,0000912057-02-002514,N-30D,SEC-MORGAN-NDX,,"eBay, Inc","eBay, Inc",,,2555.0,173919.0,0.0
2001-11-30,2002-01-24,a2068616zn-30d.txt,0000912057-02-002514,N-30D,SEC-MORGAN-NDX,,JDS Uniphase Corp,JDS Uniphase Corp,,,17009.0,171451.0,0.0
2001-11-30,2002-01-24,a2068616zn-30d.txt,0000912057-02-002514,N-30D,SEC-MORGAN-NDX,,Bed Bath & Beyond Inc,Bed Bath & Beyond Inc,,,4880.0,158454.0,0.0
2001-11-30,2002-01-24,a2068616zn-30d.txt,0000912057-02-002514,N-30D,SEC-MORGAN-NDX,,"Paychex, Inc","Paychex, Inc",,,4451.0,155830.0,0.0
2001-11-30,2002-01-24,a2068616zn-30d.txt,0000912057-02-002514,N-30D,SEC-MORGAN-NDX,,Altera Corp,Altera Corp,,,6806.0,154905.0,0.0
2001-11-30,2002-01-24,a2068616zn-30d.txt,0000912057-02-002514,N-30D,SEC-MORGAN-NDX,,"Siebel Systems, Inc","Siebel Systems, Inc",,,6761.0,151108.0,0.0
2001-11-30,2002-01-24,a2068616zn-30d.txt,0000912057-02-002514,N-30D,SEC-MORGAN-NDX,,"Gemstar-TV Guide International, Inc","Gemstar-TV Guide International, Inc",,,5413.0,150102.0,0.0
2001-11-30,2002-01-24,a2068616zn-30d.txt,0000912057-02-002514,N-30D,SEC-MORGAN-NDX,,IDEC Pharmaceuticals Corp,IDEC Pharmaceuticals Corp,,,2070.0,145521.0,0.0
2001-11-30,2002-01-24,a2068616zn-30d.txt,0000912057-02-002514,N-30D,SEC-MORGAN-NDX,,Intuit Inc,Intuit Inc,,,3303.0,145002.0,0.0
2001-11-30,2002-01-24,a2068616zn-30d.txt,0000912057-02-002514,N-30D,SEC-MORGAN-NDX,,Chiron Corp,Chiron Corp,,,3330.0,144589.0,0.0
2001-11-30,2002-01-24,a2068616zn-30d.txt,0000912057-02-002514,N-30D,SEC-MORGAN-NDX,,KLA-Tencor Corp,KLA-Tencor Corp,,,2817.0,141498.0,0.0
2001-11-30,2002-01-24,a2068616zn-30d.txt,0000912057-02-002514,N-30D,SEC-MORGAN-NDX,,"Biogen, Inc","Biogen, Inc",,,2288.0,134786.0,0.0
2001-11-30,2002-01-24,a2068616zn-30d.txt,0000912057-02-002514,N-30D,SEC-MORGAN-NDX,,"Apple Computer, Inc","Apple Computer, Inc",,,6135.0,130675.0,0.0
2001-11-30,2002-01-24,a2068616zn-30d.txt,0000912057-02-002514,N-30D,SEC-MORGAN-NDX,,"Biomet, Inc","Biomet, Inc",,,4550.0,127354.0,0.0
2001-11-30,2002-01-24,a2068616zn-30d.txt,0000912057-02-002514,N-30D,SEC-MORGAN-NDX,,"MedImmune, Inc","MedImmune, Inc",,,2868.0,126307.0,0.0
2001-11-30,2002-01-24,a2068616zn-30d.txt,0000912057-02-002514,N-30D,SEC-MORGAN-NDX,,Costco Wholesale Corp,Costco Wholesale Corp,,,2978.0,121741.0,0.0
2001-11-30,2002-01-24,a2068616zn-30d.txt,0000912057-02-002514,N-30D,SEC-MORGAN-NDX,,Starbucks Corp,Starbucks Corp,,,6647.0,117785.0,0.0
2001-11-30,2002-01-24,a2068616zn-30d.txt,0000912057-02-002514,N-30D,SEC-MORGAN-NDX,,"Fiserv, Inc","Fiserv, Inc",,,2932.0,114524.0,0.0
2001-11-30,2002-01-24,a2068616zn-30d.txt,0000912057-02-002514,N-30D,SEC-MORGAN-NDX,,Cintas Corp,Cintas Corp,,,2552.0,109072.0,0.0
2001-11-30,2002-01-24,a2068616zn-30d.txt,0000912057-02-002514,N-30D,SEC-MORGAN-NDX,,NVIDIA Corp,NVIDIA Corp,,,1930.0,105455.0,0.0
2001-11-30,2002-01-24,a2068616zn-30d.txt,0000912057-02-002514,N-30D,SEC-MORGAN-NDX,,Electronic Arts Inc,Electronic Arts Inc,,,1727.0,104414.0,0.0
2001-11-30,2002-01-24,a2068616zn-30d.txt,0000912057-02-002514,N-30D,SEC-MORGAN-NDX,,"Millennium Pharmaceuticals, Inc","Millennium Pharmaceuticals, Inc",,,3020.0,102952.0,0.0
2001-11-30,2002-01-24,a2068616zn-30d.txt,0000912057-02-002514,N-30D,SEC-MORGAN-NDX,,"USA Networks, Inc","USA Networks, Inc",,,4475.0,100732.0,0.0
2001-11-30,2002-01-24,a2068616zn-30d.txt,0000912057-02-002514,N-30D,SEC-MORGAN-NDX,,"Brocade Communications Systems, Inc","Brocade Communications Systems, Inc",,,2909.0,95415.0,0.0
2001-11-30,2002-01-24,a2068616zn-30d.txt,0000912057-02-002514,N-30D,SEC-MORGAN-NDX,,"Adobe Systems, Inc","Adobe Systems, Inc",,,2935.0,94155.0,0.0
2001-11-30,2002-01-24,a2068616zn-30d.txt,0000912057-02-002514,N-30D,SEC-MORGAN-NDX,,Broadcom Corp. (Class A),Broadcom Corp. (Class A),,,2094.0,92115.0,0.0
2001-11-30,2002-01-24,a2068616zn-30d.txt,0000912057-02-002514,N-30D,SEC-MORGAN-NDX,,Sanmina Corp,Sanmina Corp,,,4291.0,91827.0,0.0
2001-11-30,2002-01-24,a2068616zn-30d.txt,0000912057-02-002514,N-30D,SEC-MORGAN-NDX,,"VeriSign, Inc","VeriSign, Inc",,,2398.0,89589.0,0.0
2001-11-30,2002-01-24,a2068616zn-30d.txt,0000912057-02-002514,N-30D,SEC-MORGAN-NDX,,CIENA Corp,CIENA Corp,,,4870.0,86443.0,0.0
2001-11-30,2002-01-24,a2068616zn-30d.txt,0000912057-02-002514,N-30D,SEC-MORGAN-NDX,,"Gilead Sciences, Inc","Gilead Sciences, Inc",,,1176.0,84919.0,0.0
2001-11-30,2002-01-24,a2068616zn-30d.txt,0000912057-02-002514,N-30D,SEC-MORGAN-NDX,,"BEA Systems, Inc","BEA Systems, Inc",,,4582.0,76932.0,0.0
2001-11-30,2002-01-24,a2068616zn-30d.txt,0000912057-02-002514,N-30D,SEC-MORGAN-NDX,,"Novellus Systems, Inc","Novellus Systems, Inc",,,1830.0,69668.0,0.0
2001-11-30,2002-01-24,a2068616zn-30d.txt,0000912057-02-002514,N-30D,SEC-MORGAN-NDX,,"Staples, Inc","Staples, Inc",,,3856.0,67866.0,0.0
2001-11-30,2002-01-24,a2068616zn-30d.txt,0000912057-02-002514,N-30D,SEC-MORGAN-NDX,,"Human Genome Sciences, Inc","Human Genome Sciences, Inc",,,1591.0,67633.0,0.0
2001-11-30,2002-01-24,a2068616zn-30d.txt,0000912057-02-002514,N-30D,SEC-MORGAN-NDX,,"Network Appliance, Inc","Network Appliance, Inc",,,4331.0,66957.0,0.0
2001-11-30,2002-01-24,a2068616zn-30d.txt,0000912057-02-002514,N-30D,SEC-MORGAN-NDX,,"PACCAR, Inc","PACCAR, Inc",,,1078.0,65607.0,0.0
2001-11-30,2002-01-24,a2068616zn-30d.txt,0000912057-02-002514,N-30D,SEC-MORGAN-NDX,,"Juniper Networks, Inc","Juniper Networks, Inc",,,2651.0,65162.0,0.0
2001-11-30,2002-01-24,a2068616zn-30d.txt,0000912057-02-002514,N-30D,SEC-MORGAN-NDX,,Andrx Group,Andrx Group,,,864.0,63780.0,0.0
2001-11-30,2002-01-24,a2068616zn-30d.txt,0000912057-02-002514,N-30D,SEC-MORGAN-NDX,,"Citrix Systems, Inc","Citrix Systems, Inc",,,2786.0,62323.0,0.0
2001-11-30,2002-01-24,a2068616zn-30d.txt,0000912057-02-002514,N-30D,SEC-MORGAN-NDX,,"TMP Worldwide, Inc","TMP Worldwide, Inc",,,1476.0,60944.0,0.0
2001-11-30,2002-01-24,a2068616zn-30d.txt,0000912057-02-002514,N-30D,SEC-MORGAN-NDX,,Applied Micro Circuits Corp,Applied Micro Circuits Corp,,,4384.0,59754.0,0.0
2001-11-30,2002-01-24,a2068616zn-30d.txt,0000912057-02-002514,N-30D,SEC-MORGAN-NDX,,QLogic Corp,QLogic Corp,,,1183.0,58499.0,0.0
2001-11-30,2002-01-24,a2068616zn-30d.txt,0000912057-02-002514,N-30D,SEC-MORGAN-NDX,,"RF Micro Devices, Inc","RF Micro Devices, Inc",,,2352.0,57036.0,0.0
2001-11-30,2002-01-24,a2068616zn-30d.txt,0000912057-02-002514,N-30D,SEC-MORGAN-NDX,,"ADC Telecommunications, Inc","ADC Telecommunications, Inc",,,12355.0,54856.0,0.0
2001-11-30,2002-01-24,a2068616zn-30d.txt,0000912057-02-002514,N-30D,SEC-MORGAN-NDX,,Yahoo! Inc,Yahoo! Inc,,,3453.0,53763.0,0.0
2001-11-30,2002-01-24,a2068616zn-30d.txt,0000912057-02-002514,N-30D,SEC-MORGAN-NDX,,PanAmSat Corp,PanAmSat Corp,,,2532.0,52109.0,0.0
2001-11-30,2002-01-24,a2068616zn-30d.txt,0000912057-02-002514,N-30D,SEC-MORGAN-NDX,,"Conexant Systems, Inc","Conexant Systems, Inc",,,3492.0,51996.0,0.0
2001-11-30,2002-01-24,a2068616zn-30d.txt,0000912057-02-002514,N-30D,SEC-MORGAN-NDX,,"PMC - Sierra, Inc","PMC - Sierra, Inc",,,2274.0,51824.0,0.0
2001-11-30,2002-01-24,a2068616zn-30d.txt,0000912057-02-002514,N-30D,SEC-MORGAN-NDX,,"Comverse Technology, Inc","Comverse Technology, Inc",,,2414.0,51635.0,0.0
2001-11-30,2002-01-24,a2068616zn-30d.txt,0000912057-02-002514,N-30D,SEC-MORGAN-NDX,,Rational Software Corp,Rational Software Corp,,,2643.0,50217.0,0.0
2001-11-30,2002-01-24,a2068616zn-30d.txt,0000912057-02-002514,N-30D,SEC-MORGAN-NDX,,Microchip Technology Inc,Microchip Technology Inc,,,1385.0,50012.0,0.0
2001-11-30,2002-01-24,a2068616zn-30d.txt,0000912057-02-002514,N-30D,SEC-MORGAN-NDX,,Smurfit-Stone Container Corp,Smurfit-Stone Container Corp,,,2995.0,48190.0,0.0
2001-11-30,2002-01-24,a2068616zn-30d.txt,0000912057-02-002514,N-30D,SEC-MORGAN-NDX,,"Tellabs, Inc","Tellabs, Inc",,,2928.0,44740.0,0.0
2001-11-30,2002-01-24,a2068616zn-30d.txt,0000912057-02-002514,N-30D,SEC-MORGAN-NDX,,Parametric Technology Corp,Parametric Technology Corp,,,4472.0,39130.0,0.0
2001-11-30,2002-01-24,a2068616zn-30d.txt,0000912057-02-002514,N-30D,SEC-MORGAN-NDX,,"Abgenix, Inc","Abgenix, Inc",,,1026.0,36936.0,0.0
2001-11-30,2002-01-24,a2068616zn-30d.txt,0000912057-02-002514,N-30D,SEC-MORGAN-NDX,,Atmel Corp,Atmel Corp,,,4367.0,36028.0,0.0
2001-11-30,2002-01-24,a2068616zn-30d.txt,0000912057-02-002514,N-30D,SEC-MORGAN-NDX,,E-Mini December/2001,E-Mini December/2001,,,575280.0,35742.0,0.0
2001-11-30,2002-01-24,a2068616zn-30d.txt,0000912057-02-002514,N-30D,SEC-MORGAN-NDX,,Molex Inc,Molex Inc,,,1220.0,35063.0,0.0
2001-11-30,2002-01-24,a2068616zn-30d.txt,0000912057-02-002514,N-30D,SEC-MORGAN-NDX,,Mercury Interactive Corp,Mercury Interactive Corp,,,1111.0,34208.0,0.0
2001-11-30,2002-01-24,a2068616zn-30d.txt,0000912057-02-002514,N-30D,SEC-MORGAN-NDX,,"Amazon.com, Inc","Amazon.com, Inc",,,3020.0,34186.0,0.0
2001-11-30,2002-01-24,a2068616zn-30d.txt,0000912057-02-002514,N-30D,SEC-MORGAN-NDX,,"i2 Technologies, Inc","i2 Technologies, Inc",,,5592.0,32098.0,0.0
2001-11-30,2002-01-24,a2068616zn-30d.txt,0000912057-02-002514,N-30D,SEC-MORGAN-NDX,,Compuware Corp,Compuware Corp,,,2871.0,31926.0,0.0
2001-11-30,2002-01-24,a2068616zn-30d.txt,0000912057-02-002514,N-30D,SEC-MORGAN-NDX,,Vitesse Semiconductor Corp,Vitesse Semiconductor Corp,,,2587.0,31536.0,0.0
2001-11-30,2002-01-24,a2068616zn-30d.txt,0000912057-02-002514,N-30D,SEC-MORGAN-NDX,,"Palm, Inc","Palm, Inc",,,6729.0,23484.0,0.0
2001-11-30,2002-01-24,a2068616zn-30d.txt,0000912057-02-002514,N-30D,SEC-MORGAN-NDX,,"Novell, Inc","Novell, Inc",,,5436.0,23157.0,0.0
2001-11-30,2002-01-24,a2068616zn-30d.txt,0000912057-02-002514,N-30D,SEC-MORGAN-NDX,,"Level 3 Communications, Inc","Level 3 Communications, Inc",,,3207.0,17895.0,0.0
2001-11-30,2002-01-24,a2068616zn-30d.txt,0000912057-02-002514,N-30D,SEC-MORGAN-NDX,,"CNET Networks, Inc","CNET Networks, Inc",,,1960.0,14680.0,0.0
2001-11-30,2002-01-24,a2068616zn-30d.txt,0000912057-02-002514,N-30D,SEC-MORGAN-NDX,,"Ariba, Inc","Ariba, Inc",,,3029.0,12964.0,0.0
2001-11-30,2002-01-24,a2068616zn-30d.txt,0000912057-02-002514,N-30D,SEC-MORGAN-NDX,,"RealNetworks, Inc","RealNetworks, Inc",,,1906.0,12541.0,0.0
2001-11-30,2002-01-24,a2068616zn-30d.txt,0000912057-02-002514,N-30D,SEC-MORGAN-NDX,,"BroadVision, Inc","BroadVision, Inc",,,3791.0,11411.0,0.0
2001-11-30,2002-01-24,a2068616zn-30d.txt,0000912057-02-002514,N-30D,SEC-MORGAN-NDX,,CMGI Inc,CMGI Inc,,,4739.0,9905.0,0.0
2001-11-30,2002-01-24,a2068616zn-30d.txt,0000912057-02-002514,N-30D,SEC-MORGAN-NDX,,3Com Corp,3Com Corp,,,1845.0,8266.0,0.0
2001-11-30,2002-01-24,a2068616zn-30d.txt,0000912057-02-002514,N-30D,SEC-MORGAN-NDX,,Inktomi Corp,Inktomi Corp,,,1016.0,5070.0,0.0
2001-11-30,2002-01-24,a2068616zn-30d.txt,0000912057-02-002514,N-30D,SEC-MORGAN-NDX,,"XO Communications, Inc. (Class A)","XO Communications, Inc. (Class A)",,,3185.0,3281.0,0.0
2001-11-30,2002-01-24,a2068616zn-30d.txt,0000912057-02-002514,N-30D,SEC-MORGAN-NDX,,McLeodUSA Inc. (Class A),McLeodUSA Inc. (Class A),,,4377.0,2451.0,0.0
2001-11-30,2002-01-24,a2068616zn-30d.txt,0000912057-02-002514,N-30D,SEC-MORGAN-NDX,,million of net assets or December,million of net assets or December,,,31.0,2002.0,0.0
2001-11-30,2002-01-24,a2068616zn-30d.txt,0000912057-02-002514,N-30D,SEC-MORGAN-NDX,,"America. Deloitte & Touche LLP NEW YORK, NEW YORK JANUARY","America. Deloitte & Touche LLP NEW YORK, NEW YORK JANUARY",,,10.0,2002.0,0.0
2001-11-30,2002-01-24,a2068616zn-30d.txt,0000912057-02-002514,N-30D,SEC-MORGAN-NDX,,LETTER TO THE SHAREHOLDERS / / NOVEMBER,LETTER TO THE SHAREHOLDERS / / NOVEMBER,,,30.0,2001.0,0.0
2001-11-30,2002-01-24,a2068616zn-30d.txt,0000912057-02-002514,N-30D,SEC-MORGAN-NDX,,Performance From its inception through November,Performance From its inception through November,,,30.0,2001.0,0.0
2001-11-30,2002-01-24,a2068616zn-30d.txt,0000912057-02-002514,N-30D,SEC-MORGAN-NDX,,PORTFOLIO OF INVESTMENTS / / NOVEMBER,PORTFOLIO OF INVESTMENTS / / NOVEMBER,,,30.0,2001.0,0.0
2001-11-30,2002-01-24,a2068616zn-30d.txt,0000912057-02-002514,N-30D,SEC-MORGAN-NDX,,FINANCIAL STATEMENTS Statement of Assets and Liabilities NOVEMBER,FINANCIAL STATEMENTS Statement of Assets and Liabilities NOVEMBER,,,30.0,2001.0,0.0
2001-11-30,2002-01-24,a2068616zn-30d.txt,0000912057-02-002514,N-30D,SEC-MORGAN-NDX,,"Financial Statements CONTINUED Statement of Operations FOR THE PERIOD JULY 13, 2001* THROUGH NOVEMBER","Financial Statements CONTINUED Statement of Operations FOR THE PERIOD JULY 13, 2001* THROUGH NOVEMBER",,,30.0,2001.0,0.0
2001-11-30,2002-01-24,a2068616zn-30d.txt,0000912057-02-002514,N-30D,SEC-MORGAN-NDX,,THROUGH NOVEMBER,THROUGH NOVEMBER,,,30.0,2001.0,0.0
2001-11-30,2002-01-24,a2068616zn-30d.txt,0000912057-02-002514,N-30D,SEC-MORGAN-NDX,,NOTES TO FINANCIAL STATEMENTS / / NOVEMBER,NOTES TO FINANCIAL STATEMENTS / / NOVEMBER,,,30.0,2001.0,0.0
2001-11-30,2002-01-24,a2068616zn-30d.txt,0000912057-02-002514,N-30D,SEC-MORGAN-NDX,,April,April,,,10.0,2001.0,0.0
2001-11-30,2002-01-24,a2068616zn-30d.txt,0000912057-02-002514,N-30D,SEC-MORGAN-NDX,,For the period ended November,For the period ended November,,,30.0,2001.0,0.0
2001-11-30,2002-01-24,a2068616zn-30d.txt,0000912057-02-002514,N-30D,SEC-MORGAN-NDX,,"short-term investments, for the period ended November","short-term investments, for the period ended November",,,30.0,2001.0,0.0
2001-11-30,2002-01-24,a2068616zn-30d.txt,0000912057-02-002514,N-30D,SEC-MORGAN-NDX,,As of November,As of November,,,30.0,2001.0,0.0
2001-11-30,2002-01-24,a2068616zn-30d.txt,0000912057-02-002514,N-30D,SEC-MORGAN-NDX,,arise upon entering into these contracts from the potential inability of the counterparties to meet the terms of their contracts. At November,arise upon entering into these contracts from the potential inability of the counterparties to meet the terms of their contracts. At November,,,30.0,2001.0,0.0
2001-11-30,2002-01-24,a2068616zn-30d.txt,0000912057-02-002514,N-30D,SEC-MORGAN-NDX,,"THE INVESTMENT MANAGER, THE ANNUALIZED EXPENSE AND NET INVESTMENT INCOME (LOSS) RATIOS FOR THE PERIOD ENDED NOVEMBER","THE INVESTMENT MANAGER, THE ANNUALIZED EXPENSE AND NET INVESTMENT INCOME (LOSS) RATIOS FOR THE PERIOD ENDED NOVEMBER",,,30.0,2001.0,0.0
2001-11-30,2002-01-24,a2068616zn-30d.txt,0000912057-02-002514,N-30D,SEC-MORGAN-NDX,,"investments, as of November","investments, as of November",,,30.0,2001.0,0.0
2001-11-30,2002-01-24,a2068616zn-30d.txt,0000912057-02-002514,N-30D,SEC-MORGAN-NDX,,securities owned as of November,securities owned as of November,,,30.0,2001.0,0.0
2001-11-30,2002-01-24,a2068616zn-30d.txt,0000912057-02-002514,N-30D,SEC-MORGAN-NDX,,Stanley Nasdaq-100 Index Fund as of November,Stanley Nasdaq-100 Index Fund as of November,,,30.0,2001.0,0.0
2001-11-30,2002-01-24,a2068616zn-30d.txt,0000912057-02-002514,N-30D,SEC-MORGAN-NDX,,"operations, the changes in its net assets and the financial highlights for the period July 13, 2001 (commencement of operations) to November","operations, the changes in its net assets and the financial highlights for the period July 13, 2001 (commencement of operations) to November",,,30.0,2001.0,0.0
2001-11-30,2002-01-24,a2068616zn-30d.txt,0000912057-02-002514,N-30D,SEC-MORGAN-NDX,,ANNUAL REPORT NOVEMBER,ANNUAL REPORT NOVEMBER,,,30.0,2001.0,0.0
2001-11-30,2002-01-24,a2068616zn-30d.txt,0000912057-02-002514,N-30D,SEC-MORGAN-NDX,,Avenue of the Americas,Avenue of the Americas,,,1221.0,1999.0,0.0
2001-11-30,2002-01-24,a2068616zn-30d.txt,0000912057-02-002514,N-30D,SEC-MORGAN-NDX,,Broadway April,Broadway April,,,1585.0,1994.0,0.0
2001-11-30,2002-01-24,a2068616zn-30d.txt,0000912057-02-002514,N-30D,SEC-MORGAN-NDX,,(commencement of operations) to November,(commencement of operations) to November,,,2001.0,30.0,0.0
2002-03-31,2002-05-31,benchmrk.txt,0000935069-02-000555,N-30D,SEC-RYDEX-NDX,,Microsoft Corp,Microsoft Corp,,,1450700.0,87491717.0,0.0
2002-03-31,2002-05-31,benchmrk.txt,0000935069-02-000555,N-30D,SEC-RYDEX-NDX,,Intel Corp,Intel Corp,,,1862400.0,56635584.0,0.0
2002-03-31,2002-05-31,benchmrk.txt,0000935069-02-000555,N-30D,SEC-RYDEX-NDX,,"Cisco Systems, Inc","Cisco Systems, Inc",,,2107600.0,35681668.0,0.0
2002-03-31,2002-05-31,benchmrk.txt,0000935069-02-000555,N-30D,SEC-RYDEX-NDX,,"Qualcomm, Inc","Qualcomm, Inc",,,729100.0,27443324.0,0.0
2002-03-31,2002-05-31,benchmrk.txt,0000935069-02-000555,N-30D,SEC-RYDEX-NDX,,Oracle Corp,Oracle Corp,,,1732100.0,22170880.0,0.0
2002-03-31,2002-05-31,benchmrk.txt,0000935069-02-000555,N-30D,SEC-RYDEX-NDX,,Maxim Integrated Products,Maxim Integrated Products,,,361700.0,20150307.0,0.0
2002-03-31,2002-05-31,benchmrk.txt,0000935069-02-000555,N-30D,SEC-RYDEX-NDX,,"Amgen, Inc","Amgen, Inc",,,321800.0,19205024.0,0.0
2002-03-31,2002-05-31,benchmrk.txt,0000935069-02-000555,N-30D,SEC-RYDEX-NDX,,Dell Computer,Dell Computer,,,704900.0,18404939.0,0.0
2002-03-31,2002-05-31,benchmrk.txt,0000935069-02-000555,N-30D,SEC-RYDEX-NDX,,Immunex Corp,Immunex Corp,,,541100.0,16373686.0,0.0
2002-03-31,2002-05-31,benchmrk.txt,0000935069-02-000555,N-30D,SEC-RYDEX-NDX,,"Applied Materials, Inc","Applied Materials, Inc",,,297000.0,16118190.0,0.0
2002-03-31,2002-05-31,benchmrk.txt,0000935069-02-000555,N-30D,SEC-RYDEX-NDX,,"Concord EFS, Inc","Concord EFS, Inc",,,469100.0,15597575.0,0.0
2002-03-31,2002-05-31,benchmrk.txt,0000935069-02-000555,N-30D,SEC-RYDEX-NDX,,Veritas Software Corp,Veritas Software Corp,,,330800.0,14498964.0,0.0
2002-03-31,2002-05-31,benchmrk.txt,0000935069-02-000555,N-30D,SEC-RYDEX-NDX,,"Xilinx, Inc","Xilinx, Inc",,,355100.0,14154286.0,0.0
2002-03-31,2002-05-31,benchmrk.txt,0000935069-02-000555,N-30D,SEC-RYDEX-NDX,,Linear Technology Corp,Linear Technology Corp,,,317100.0,14022162.0,0.0
2002-03-31,2002-05-31,benchmrk.txt,0000935069-02-000555,N-30D,SEC-RYDEX-NDX,,"Siebel Systems, Inc","Siebel Systems, Inc",,,413200.0,13474452.0,0.0
2002-03-31,2002-05-31,benchmrk.txt,0000935069-02-000555,N-30D,SEC-RYDEX-NDX,,"Peoplesoft, Inc","Peoplesoft, Inc",,,337000.0,12310610.0,0.0
2002-03-31,2002-05-31,benchmrk.txt,0000935069-02-000555,N-30D,SEC-RYDEX-NDX,,"Bed Bath & Beyond, Inc","Bed Bath & Beyond, Inc",,,320500.0,10816875.0,0.0
2002-03-31,2002-05-31,benchmrk.txt,0000935069-02-000555,N-30D,SEC-RYDEX-NDX,,Kla-Tencor Corp,Kla-Tencor Corp,,,159700.0,10620050.0,0.0
2002-03-31,2002-05-31,benchmrk.txt,0000935069-02-000555,N-30D,SEC-RYDEX-NDX,,Costco Wholesale Corp,Costco Wholesale Corp,,,262800.0,10464696.0,0.0
2002-03-31,2002-05-31,benchmrk.txt,0000935069-02-000555,N-30D,SEC-RYDEX-NDX,,"eBay, Inc","eBay, Inc",,,180500.0,10223520.0,0.0
2002-03-31,2002-05-31,benchmrk.txt,0000935069-02-000555,N-30D,SEC-RYDEX-NDX,,"Apple Computer, Inc","Apple Computer, Inc",,,416700.0,9863289.0,0.0
2002-03-31,2002-05-31,benchmrk.txt,0000935069-02-000555,N-30D,SEC-RYDEX-NDX,,Genzyme Corp.- General Division,Genzyme Corp.- General Division,,,222200.0,9703474.0,0.0
2002-03-31,2002-05-31,benchmrk.txt,0000935069-02-000555,N-30D,SEC-RYDEX-NDX,,"Sun Microsystems, Inc","Sun Microsystems, Inc",,,1094700.0,9655254.0,0.0
2002-03-31,2002-05-31,benchmrk.txt,0000935069-02-000555,N-30D,SEC-RYDEX-NDX,,Cintas Corp,Cintas Corp,,,192900.0,9617994.0,0.0
2002-03-31,2002-05-31,benchmrk.txt,0000935069-02-000555,N-30D,SEC-RYDEX-NDX,,Altera Corp,Altera Corp,,,413200.0,9036684.0,0.0
2002-03-31,2002-05-31,benchmrk.txt,0000935069-02-000555,N-30D,SEC-RYDEX-NDX,,"Paychex, Inc","Paychex, Inc",,,225200.0,8940440.0,0.0
2002-03-31,2002-05-31,benchmrk.txt,0000935069-02-000555,N-30D,SEC-RYDEX-NDX,,Starbucks Corp,Starbucks Corp,,,383300.0,8865729.0,0.0
2002-03-31,2002-05-31,benchmrk.txt,0000935069-02-000555,N-30D,SEC-RYDEX-NDX,,Comcast Corp,Comcast Corp,,,253800.0,8070840.0,0.0
2002-03-31,2002-05-31,benchmrk.txt,0000935069-02-000555,N-30D,SEC-RYDEX-NDX,,Chiron Corp,Chiron Corp,,,175300.0,8044517.0,0.0
2002-03-31,2002-05-31,benchmrk.txt,0000935069-02-000555,N-30D,SEC-RYDEX-NDX,,"Medimmune, Inc","Medimmune, Inc",,,190500.0,7492365.0,0.0
2002-03-31,2002-05-31,benchmrk.txt,0000935069-02-000555,N-30D,SEC-RYDEX-NDX,,"Biomet, Inc","Biomet, Inc",,,274600.0,7430676.0,0.0
2002-03-31,2002-05-31,benchmrk.txt,0000935069-02-000555,N-30D,SEC-RYDEX-NDX,,"Flextronics International, Ltd","Flextronics International, Ltd",,,403600.0,7365700.0,0.0
2002-03-31,2002-05-31,benchmrk.txt,0000935069-02-000555,N-30D,SEC-RYDEX-NDX,,"USA Networks, Inc","USA Networks, Inc",,,228500.0,7259445.0,0.0
2002-03-31,2002-05-31,benchmrk.txt,0000935069-02-000555,N-30D,SEC-RYDEX-NDX,,"Fiserv, Inc","Fiserv, Inc",,,153400.0,7054866.0,0.0
2002-03-31,2002-05-31,benchmrk.txt,0000935069-02-000555,N-30D,SEC-RYDEX-NDX,,"Worldcom, Inc","Worldcom, Inc",,,1017600.0,6858624.0,0.0
2002-03-31,2002-05-31,benchmrk.txt,0000935069-02-000555,N-30D,SEC-RYDEX-NDX,,"Paccar, Inc","Paccar, Inc",,,91900.0,6727999.0,0.0
2002-03-31,2002-05-31,benchmrk.txt,0000935069-02-000555,N-30D,SEC-RYDEX-NDX,,Echostar Communications Corp,Echostar Communications Corp,,,231900.0,6567408.0,0.0
2002-03-31,2002-05-31,benchmrk.txt,0000935069-02-000555,N-30D,SEC-RYDEX-NDX,,"Intuit, Inc","Intuit, Inc",,,169500.0,6502020.0,0.0
2002-03-31,2002-05-31,benchmrk.txt,0000935069-02-000555,N-30D,SEC-RYDEX-NDX,,Nvidia Corp,Nvidia Corp,,,145900.0,6472124.0,0.0
2002-03-31,2002-05-31,benchmrk.txt,0000935069-02-000555,N-30D,SEC-RYDEX-NDX,,Symantec Corp,Symantec Corp,,,155500.0,6408155.0,0.0
2002-03-31,2002-05-31,benchmrk.txt,0000935069-02-000555,N-30D,SEC-RYDEX-NDX,,Andrx Corp,Andrx Corp,,,168400.0,6389096.0,0.0
2002-03-31,2002-05-31,benchmrk.txt,0000935069-02-000555,N-30D,SEC-RYDEX-NDX,,"Biogen, Inc","Biogen, Inc",,,129100.0,6333646.0,0.0
2002-03-31,2002-05-31,benchmrk.txt,0000935069-02-000555,N-30D,SEC-RYDEX-NDX,,Brocade Communications System,Brocade Communications System,,,231200.0,6242400.0,0.0
2002-03-31,2002-05-31,benchmrk.txt,0000935069-02-000555,N-30D,SEC-RYDEX-NDX,,Idec Pharmaceuticals Corp,Idec Pharmaceuticals Corp,,,91900.0,5909170.0,0.0
2002-03-31,2002-05-31,benchmrk.txt,0000935069-02-000555,N-30D,SEC-RYDEX-NDX,,Sanmina Corp,Sanmina Corp,,,487700.0,5730475.0,0.0
2002-03-31,2002-05-31,benchmrk.txt,0000935069-02-000555,N-30D,SEC-RYDEX-NDX,,JDS Uniphase Corp,JDS Uniphase Corp,,,969200.0,5708588.0,0.0
2002-03-31,2002-05-31,benchmrk.txt,0000935069-02-000555,N-30D,SEC-RYDEX-NDX,,Millennium Pharmaceuticals,Millennium Pharmaceuticals,,,254500.0,5677895.0,0.0
2002-03-31,2002-05-31,benchmrk.txt,0000935069-02-000555,N-30D,SEC-RYDEX-NDX,,"CDW Computer Centers, Inc","CDW Computer Centers, Inc",,,109000.0,5487060.0,0.0
2002-03-31,2002-05-31,benchmrk.txt,0000935069-02-000555,N-30D,SEC-RYDEX-NDX,,"Electronic Arts, Inc","Electronic Arts, Inc",,,89400.0,5435520.0,0.0
2002-03-31,2002-05-31,benchmrk.txt,0000935069-02-000555,N-30D,SEC-RYDEX-NDX,,"Nextel Communications, Inc","Nextel Communications, Inc",,,955700.0,5141666.0,0.0
2002-03-31,2002-05-31,benchmrk.txt,0000935069-02-000555,N-30D,SEC-RYDEX-NDX,,"Staples, Inc","Staples, Inc",,,249000.0,4972530.0,0.0
2002-03-31,2002-05-31,benchmrk.txt,0000935069-02-000555,N-30D,SEC-RYDEX-NDX,,"Network Appliance, Inc","Network Appliance, Inc",,,243300.0,4958454.0,0.0
2002-03-31,2002-05-31,benchmrk.txt,0000935069-02-000555,N-30D,SEC-RYDEX-NDX,,QLogic Corp,QLogic Corp,,,98900.0,4897528.0,0.0
2002-03-31,2002-05-31,benchmrk.txt,0000935069-02-000555,N-30D,SEC-RYDEX-NDX,,"Gemstar-TV Guide Int'l, Inc","Gemstar-TV Guide Int'l, Inc",,,325800.0,4818582.0,0.0
2002-03-31,2002-05-31,benchmrk.txt,0000935069-02-000555,N-30D,SEC-RYDEX-NDX,,"Adobe Systems, Inc","Adobe Systems, Inc",,,117200.0,4721988.0,0.0
2002-03-31,2002-05-31,benchmrk.txt,0000935069-02-000555,N-30D,SEC-RYDEX-NDX,,Check Point Software Technologies,Check Point Software Technologies,,,155200.0,4718080.0,0.0
2002-03-31,2002-05-31,benchmrk.txt,0000935069-02-000555,N-30D,SEC-RYDEX-NDX,,CIENA Corp,CIENA Corp,,,510900.0,4598100.0,0.0
2002-03-31,2002-05-31,benchmrk.txt,0000935069-02-000555,N-30D,SEC-RYDEX-NDX,,Charter Communications-- Class A,Charter Communications-- Class A,,,407100.0,4596159.0,0.0
2002-03-31,2002-05-31,benchmrk.txt,0000935069-02-000555,N-30D,SEC-RYDEX-NDX,,"BEA Systems, Inc","BEA Systems, Inc",,,326800.0,4480428.0,0.0
2002-03-31,2002-05-31,benchmrk.txt,0000935069-02-000555,N-30D,SEC-RYDEX-NDX,,"Cephalon, Inc","Cephalon, Inc",,,70200.0,4422600.0,0.0
2002-03-31,2002-05-31,benchmrk.txt,0000935069-02-000555,N-30D,SEC-RYDEX-NDX,,"TMP Worldwide, Inc","TMP Worldwide, Inc",,,127900.0,4408713.0,0.0
2002-03-31,2002-05-31,benchmrk.txt,0000935069-02-000555,N-30D,SEC-RYDEX-NDX,,Broadcom Corp,Broadcom Corp,,,115300.0,4139270.0,0.0
2002-03-31,2002-05-31,benchmrk.txt,0000935069-02-000555,N-30D,SEC-RYDEX-NDX,,"VeriSign, Inc","VeriSign, Inc",,,150800.0,4071600.0,0.0
2002-03-31,2002-05-31,benchmrk.txt,0000935069-02-000555,N-30D,SEC-RYDEX-NDX,,PanAmSat Corp,PanAmSat Corp,,,169600.0,3875360.0,0.0
2002-03-31,2002-05-31,benchmrk.txt,0000935069-02-000555,N-30D,SEC-RYDEX-NDX,,"Microchip Technology, Inc","Microchip Technology, Inc",,,82000.0,3430060.0,0.0
2002-03-31,2002-05-31,benchmrk.txt,0000935069-02-000555,N-30D,SEC-RYDEX-NDX,,"Human Genome Sciences, Inc","Human Genome Sciences, Inc",,,153300.0,3340407.0,0.0
2002-03-31,2002-05-31,benchmrk.txt,0000935069-02-000555,N-30D,SEC-RYDEX-NDX,,"Integrated Device Technology, Inc","Integrated Device Technology, Inc",,,99600.0,3310704.0,0.0
2002-03-31,2002-05-31,benchmrk.txt,0000935069-02-000555,N-30D,SEC-RYDEX-NDX,,"Novellus Systems, Inc","Novellus Systems, Inc",,,58300.0,3156362.0,0.0
2002-03-31,2002-05-31,benchmrk.txt,0000935069-02-000555,N-30D,SEC-RYDEX-NDX,,"Yahoo, Inc","Yahoo, Inc",,,167600.0,3095572.0,0.0
2002-03-31,2002-05-31,benchmrk.txt,0000935069-02-000555,N-30D,SEC-RYDEX-NDX,,"Gilead Sciences, Inc","Gilead Sciences, Inc",,,81200.0,2922388.0,0.0
2002-03-31,2002-05-31,benchmrk.txt,0000935069-02-000555,N-30D,SEC-RYDEX-NDX,,"Juniper Networks, Inc","Juniper Networks, Inc",,,230200.0,2905124.0,0.0
2002-03-31,2002-05-31,benchmrk.txt,0000935069-02-000555,N-30D,SEC-RYDEX-NDX,,"PMC-Sierra, Inc","PMC-Sierra, Inc",,,174200.0,2835976.0,0.0
2002-03-31,2002-05-31,benchmrk.txt,0000935069-02-000555,N-30D,SEC-RYDEX-NDX,,Applied Micro Circuits Corp,Applied Micro Circuits Corp,,,348100.0,2784800.0,0.0
2002-03-31,2002-05-31,benchmrk.txt,0000935069-02-000555,N-30D,SEC-RYDEX-NDX,,1.83% due 04/01/02,1.83% due 04/01/02,,,2774788.0,2774788.0,0.0
2002-03-31,2002-05-31,benchmrk.txt,0000935069-02-000555,N-30D,SEC-RYDEX-NDX,,Compuware Corp,Compuware Corp,,,212400.0,2742084.0,0.0
2002-03-31,2002-05-31,benchmrk.txt,0000935069-02-000555,N-30D,SEC-RYDEX-NDX,,"ADC Telecommunications, Inc","ADC Telecommunications, Inc",,,648500.0,2639395.0,0.0
2002-03-31,2002-05-31,benchmrk.txt,0000935069-02-000555,N-30D,SEC-RYDEX-NDX,,Adelphia Communications,Adelphia Communications,,,176600.0,2631340.0,0.0
2002-03-31,2002-05-31,benchmrk.txt,0000935069-02-000555,N-30D,SEC-RYDEX-NDX,,Vitesse Semiconductor Corp,Vitesse Semiconductor Corp,,,267700.0,2623460.0,0.0
2002-03-31,2002-05-31,benchmrk.txt,0000935069-02-000555,N-30D,SEC-RYDEX-NDX,,"Tellabs, Inc","Tellabs, Inc",,,246000.0,2575620.0,0.0
2002-03-31,2002-05-31,benchmrk.txt,0000935069-02-000555,N-30D,SEC-RYDEX-NDX,,Mercury Interactive Corp,Mercury Interactive Corp,,,67200.0,2530080.0,0.0
2002-03-31,2002-05-31,benchmrk.txt,0000935069-02-000555,N-30D,SEC-RYDEX-NDX,,"Express Scripts, Inc","Express Scripts, Inc",,,43200.0,2487888.0,0.0
2002-03-31,2002-05-31,benchmrk.txt,0000935069-02-000555,N-30D,SEC-RYDEX-NDX,,"Amazon.com, Inc","Amazon.com, Inc",,,171200.0,2448160.0,0.0
2002-03-31,2002-05-31,benchmrk.txt,0000935069-02-000555,N-30D,SEC-RYDEX-NDX,,"Citrix Systems, Inc","Citrix Systems, Inc",,,138000.0,2384640.0,0.0
2002-03-31,2002-05-31,benchmrk.txt,0000935069-02-000555,N-30D,SEC-RYDEX-NDX,,"RF Micro Devices, Inc","RF Micro Devices, Inc",,,127500.0,2282250.0,0.0
2002-03-31,2002-05-31,benchmrk.txt,0000935069-02-000555,N-30D,SEC-RYDEX-NDX,,Rational Software Corp,Rational Software Corp,,,137100.0,2170293.0,0.0
2002-03-31,2002-05-31,benchmrk.txt,0000935069-02-000555,N-30D,SEC-RYDEX-NDX,,"Abgenix, Inc","Abgenix, Inc",,,112300.0,2121347.0,0.0
2002-03-31,2002-05-31,benchmrk.txt,0000935069-02-000555,N-30D,SEC-RYDEX-NDX,,"Synopsys, Inc","Synopsys, Inc",,,37400.0,2062984.0,0.0
2002-03-31,2002-05-31,benchmrk.txt,0000935069-02-000555,N-30D,SEC-RYDEX-NDX,,Ericsson ADR,Ericsson ADR,,,446500.0,1866370.0,0.0
2002-03-31,2002-05-31,benchmrk.txt,0000935069-02-000555,N-30D,SEC-RYDEX-NDX,,"Comverse Technology, Inc","Comverse Technology, Inc",,,144500.0,1830815.0,0.0
2002-03-31,2002-05-31,benchmrk.txt,0000935069-02-000555,N-30D,SEC-RYDEX-NDX,,Icos Corp,Icos Corp,,,38000.0,1747620.0,0.0
2002-03-31,2002-05-31,benchmrk.txt,0000935069-02-000555,N-30D,SEC-RYDEX-NDX,,"i2 Technologies, Inc","i2 Technologies, Inc",,,328100.0,1660186.0,0.0
2002-03-31,2002-05-31,benchmrk.txt,0000935069-02-000555,N-30D,SEC-RYDEX-NDX,,"Apollo Group, Inc","Apollo Group, Inc",,,30500.0,1633275.0,0.0
2002-03-31,2002-05-31,benchmrk.txt,0000935069-02-000555,N-30D,SEC-RYDEX-NDX,,Invitrogen Corp,Invitrogen Corp,,,44600.0,1530672.0,0.0
2002-03-31,2002-05-31,benchmrk.txt,0000935069-02-000555,N-30D,SEC-RYDEX-NDX,,1.80% due 04/01/02,1.80% due 04/01/02,,,1470929.0,1470929.0,0.0
2002-03-31,2002-05-31,benchmrk.txt,0000935069-02-000555,N-30D,SEC-RYDEX-NDX,,"Protein Design Labs, Inc","Protein Design Labs, Inc",,,82700.0,1416651.0,0.0
2002-03-31,2002-05-31,benchmrk.txt,0000935069-02-000555,N-30D,SEC-RYDEX-NDX,,"Conexant Systems, Inc","Conexant Systems, Inc",,,105000.0,1265250.0,0.0
2002-03-31,2002-05-31,benchmrk.txt,0000935069-02-000555,N-30D,SEC-RYDEX-NDX,,Cytyc Corp,Cytyc Corp,,,44800.0,1206016.0,0.0
2002-03-31,2002-05-31,benchmrk.txt,0000935069-02-000555,N-30D,SEC-RYDEX-NDX,,Atmel Corp,Atmel Corp,,,96600.0,979524.0,0.0
2002-03-31,2002-05-31,benchmrk.txt,0000935069-02-000555,N-30D,SEC-RYDEX-NDX,,"Molex, Inc","Molex, Inc",,,26300.0,911821.0,0.0
2002-03-31,2002-05-31,benchmrk.txt,0000935069-02-000555,N-30D,SEC-RYDEX-NDX,,Smurfit Stone Container,Smurfit Stone Container,,,49800.0,853572.0,0.0
2002-03-31,2002-05-31,benchmrk.txt,0000935069-02-000555,N-30D,SEC-RYDEX-NDX,,"Sepracor, Inc","Sepracor, Inc",,,40600.0,787640.0,0.0
2002-05-31,2002-07-23,a2084553zn-30d.txt,0000912057-02-028209,N-30D,SEC-MORGAN-NDX,,of beneficial interest,of beneficial interest,,,13536659.0,15089408.0,0.0
2002-05-31,2002-07-23,a2084553zn-30d.txt,0000912057-02-028209,N-30D,SEC-MORGAN-NDX,,Net Increase,Net Increase,,,7018852.0,14517743.0,0.0
2002-05-31,2002-07-23,a2084553zn-30d.txt,0000912057-02-028209,N-30D,SEC-MORGAN-NDX,,Net increase in Fund,Net increase in Fund,,,1547400.0,13536659.0,0.0
2002-05-31,2002-07-23,a2084553zn-30d.txt,0000912057-02-028209,N-30D,SEC-MORGAN-NDX,,Sold,Sold,,,1479242.0,12646396.0,0.0
2002-05-31,2002-07-23,a2084553zn-30d.txt,0000912057-02-028209,N-30D,SEC-MORGAN-NDX,,Net increase -- Class B,Net increase -- Class B,,,1222472.0,10578000.0,0.0
2002-05-31,2002-07-23,a2084553zn-30d.txt,0000912057-02-028209,N-30D,SEC-MORGAN-NDX,,Sold,Sold,,,368518.0,3175137.0,0.0
2002-05-31,2002-07-23,a2084553zn-30d.txt,0000912057-02-028209,N-30D,SEC-MORGAN-NDX,,Net increase -- Class C,Net increase -- Class C,,,304818.0,2657680.0,0.0
2002-05-31,2002-07-23,a2084553zn-30d.txt,0000912057-02-028209,N-30D,SEC-MORGAN-NDX,,"Net increase (decrease) -- Class D...................... (37,273) (240,622)","Net increase (decrease) -- Class D...................... (37,273) (240,622)",,,94453.0,2527742.0,0.0
2002-05-31,2002-07-23,a2084553zn-30d.txt,0000912057-02-028209,N-30D,SEC-MORGAN-NDX,,Microsoft Corp.*,Microsoft Corp.*,,,43381.0,2208527.0,0.0
2002-05-31,2002-07-23,a2084553zn-30d.txt,0000912057-02-028209,N-30D,SEC-MORGAN-NDX,,Intel Corp,Intel Corp,,,54594.0,1507886.0,0.0
2002-05-31,2002-07-23,a2084553zn-30d.txt,0000912057-02-028209,N-30D,SEC-MORGAN-NDX,,"Cisco Systems, Inc","Cisco Systems, Inc",,,60997.0,962533.0,0.0
2002-05-31,2002-07-23,a2084553zn-30d.txt,0000912057-02-028209,N-30D,SEC-MORGAN-NDX,,Sold,Sold,,,111002.0,954516.0,0.0
2002-05-31,2002-07-23,a2084553zn-30d.txt,0000912057-02-028209,N-30D,SEC-MORGAN-NDX,,Long Nasdaq-100 E-Mini,Long Nasdaq-100 E-Mini,,,38.0,919220.0,0.0
2002-05-31,2002-07-23,a2084553zn-30d.txt,0000912057-02-028209,N-30D,SEC-MORGAN-NDX,,QUALCOMM Inc,QUALCOMM Inc,,,21537.0,681431.0,0.0
2002-05-31,2002-07-23,a2084553zn-30d.txt,0000912057-02-028209,N-30D,SEC-MORGAN-NDX,,Dell Computer Corp,Dell Computer Corp,,,22324.0,599399.0,0.0
2002-05-31,2002-07-23,a2084553zn-30d.txt,0000912057-02-028209,N-30D,SEC-MORGAN-NDX,,Net increase -- Class A,Net increase -- Class A,,,57383.0,541601.0,0.0
2002-05-31,2002-07-23,a2084553zn-30d.txt,0000912057-02-028209,N-30D,SEC-MORGAN-NDX,,Amgen Inc,Amgen Inc,,,11367.0,541410.0,0.0
2002-05-31,2002-07-23,a2084553zn-30d.txt,0000912057-02-028209,N-30D,SEC-MORGAN-NDX,,Immunex Corp,Immunex Corp,,,17399.0,439151.0,0.0
2002-05-31,2002-07-23,a2084553zn-30d.txt,0000912057-02-028209,N-30D,SEC-MORGAN-NDX,,"Applied Materials, Inc","Applied Materials, Inc",,,19738.0,437789.0,0.0
2002-05-31,2002-07-23,a2084553zn-30d.txt,0000912057-02-028209,N-30D,SEC-MORGAN-NDX,,Oracle Corp,Oracle Corp,,,53353.0,421489.0,0.0
2002-05-31,2002-07-23,a2084553zn-30d.txt,0000912057-02-028209,N-30D,SEC-MORGAN-NDX,,"Concord EFS, Inc","Concord EFS, Inc",,,13343.0,417236.0,0.0
2002-05-31,2002-07-23,a2084553zn-30d.txt,0000912057-02-028209,N-30D,SEC-MORGAN-NDX,,Linear Technology Corp,Linear Technology Corp,,,9873.0,367769.0,0.0
2002-05-31,2002-07-23,a2084553zn-30d.txt,0000912057-02-028209,N-30D,SEC-MORGAN-NDX,,"Xilinx, Inc","Xilinx, Inc",,,10360.0,365294.0,0.0
2002-05-31,2002-07-23,a2084553zn-30d.txt,0000912057-02-028209,N-30D,SEC-MORGAN-NDX,,Bed Bath & Beyond Inc,Bed Bath & Beyond Inc,,,9091.0,311821.0,0.0
2002-05-31,2002-07-23,a2084553zn-30d.txt,0000912057-02-028209,N-30D,SEC-MORGAN-NDX,,Starbucks Corp,Starbucks Corp,,,12374.0,300441.0,0.0
2002-05-31,2002-07-23,a2084553zn-30d.txt,0000912057-02-028209,N-30D,SEC-MORGAN-NDX,,Comcast Corp. (Class A Special),Comcast Corp. (Class A Special),,,10433.0,293793.0,0.0
2002-05-31,2002-07-23,a2084553zn-30d.txt,0000912057-02-028209,N-30D,SEC-MORGAN-NDX,,"Paychex, Inc","Paychex, Inc",,,8275.0,286729.0,0.0
2002-05-31,2002-07-23,a2084553zn-30d.txt,0000912057-02-028209,N-30D,SEC-MORGAN-NDX,,KLA-Tencor Corp,KLA-Tencor Corp,,,5276.0,275038.0,0.0
2002-05-31,2002-07-23,a2084553zn-30d.txt,0000912057-02-028209,N-30D,SEC-MORGAN-NDX,,Intuit Inc,Intuit Inc,,,6236.0,272700.0,0.0
2002-05-31,2002-07-23,a2084553zn-30d.txt,0000912057-02-028209,N-30D,SEC-MORGAN-NDX,,"Apple Computer, Inc","Apple Computer, Inc",,,11473.0,267321.0,0.0
2002-05-31,2002-07-23,a2084553zn-30d.txt,0000912057-02-028209,N-30D,SEC-MORGAN-NDX,,"eBay, Inc","eBay, Inc",,,4776.0,263683.0,0.0
2002-05-31,2002-07-23,a2084553zn-30d.txt,0000912057-02-028209,N-30D,SEC-MORGAN-NDX,,USA Interactive,USA Interactive,,,9016.0,256235.0,0.0
2002-05-31,2002-07-23,a2084553zn-30d.txt,0000912057-02-028209,N-30D,SEC-MORGAN-NDX,,Cintas Corp,Cintas Corp,,,4741.0,247528.0,0.0
2002-05-31,2002-07-23,a2084553zn-30d.txt,0000912057-02-028209,N-30D,SEC-MORGAN-NDX,,Sold,Sold,,,28984.0,240337.0,0.0
2002-05-31,2002-07-23,a2084553zn-30d.txt,0000912057-02-028209,N-30D,SEC-MORGAN-NDX,,"Biomet, Inc","Biomet, Inc",,,8463.0,238910.0,0.0
2002-05-31,2002-07-23,a2084553zn-30d.txt,0000912057-02-028209,N-30D,SEC-MORGAN-NDX,,"Fiserv, Inc","Fiserv, Inc",,,5549.0,236054.0,0.0
2002-05-31,2002-07-23,a2084553zn-30d.txt,0000912057-02-028209,N-30D,SEC-MORGAN-NDX,,"Siebel Systems, Inc","Siebel Systems, Inc",,,12606.0,230059.0,0.0
2002-05-31,2002-07-23,a2084553zn-30d.txt,0000912057-02-028209,N-30D,SEC-MORGAN-NDX,,Altera Corp,Altera Corp,,,12610.0,227358.0,0.0
2002-05-31,2002-07-23,a2084553zn-30d.txt,0000912057-02-028209,N-30D,SEC-MORGAN-NDX,,"Sun Microsystems, Inc","Sun Microsystems, Inc",,,32892.0,226626.0,0.0
2002-05-31,2002-07-23,a2084553zn-30d.txt,0000912057-02-028209,N-30D,SEC-MORGAN-NDX,,Chiron Corp,Chiron Corp,,,6157.0,222883.0,0.0
2002-05-31,2002-07-23,a2084553zn-30d.txt,0000912057-02-028209,N-30D,SEC-MORGAN-NDX,,Costco Wholesale Corp,Costco Wholesale Corp,,,5546.0,217791.0,0.0
2002-05-31,2002-07-23,a2084553zn-30d.txt,0000912057-02-028209,N-30D,SEC-MORGAN-NDX,,VERITAS Software Corp,VERITAS Software Corp,,,9537.0,216204.0,0.0
2002-05-31,2002-07-23,a2084553zn-30d.txt,0000912057-02-028209,N-30D,SEC-MORGAN-NDX,,"Biogen, Inc","Biogen, Inc",,,4230.0,210992.0,0.0
2002-05-31,2002-07-23,a2084553zn-30d.txt,0000912057-02-028209,N-30D,SEC-MORGAN-NDX,,Electronic Arts Inc,Electronic Arts Inc,,,3236.0,207104.0,0.0
2002-05-31,2002-07-23,a2084553zn-30d.txt,0000912057-02-028209,N-30D,SEC-MORGAN-NDX,,"PeopleSoft, Inc","PeopleSoft, Inc",,,9961.0,204300.0,0.0
2002-05-31,2002-07-23,a2084553zn-30d.txt,0000912057-02-028209,N-30D,SEC-MORGAN-NDX,,"MedImmune, Inc","MedImmune, Inc",,,6178.0,200909.0,0.0
2002-05-31,2002-07-23,a2084553zn-30d.txt,0000912057-02-028209,N-30D,SEC-MORGAN-NDX,,Genzyme Corp. (General Division),Genzyme Corp. (General Division),,,6191.0,198298.0,0.0
2002-05-31,2002-07-23,a2084553zn-30d.txt,0000912057-02-028209,N-30D,SEC-MORGAN-NDX,,"Adobe Systems, Inc","Adobe Systems, Inc",,,5406.0,195157.0,0.0
2002-05-31,2002-07-23,a2084553zn-30d.txt,0000912057-02-028209,N-30D,SEC-MORGAN-NDX,,IDEC Pharmaceuticals Corp,IDEC Pharmaceuticals Corp,,,3858.0,165470.0,0.0
2002-05-31,2002-07-23,a2084553zn-30d.txt,0000912057-02-028209,N-30D,SEC-MORGAN-NDX,,"Gilead Sciences, Inc","Gilead Sciences, Inc",,,4432.0,158045.0,0.0
2002-05-31,2002-07-23,a2084553zn-30d.txt,0000912057-02-028209,N-30D,SEC-MORGAN-NDX,,"Staples, Inc","Staples, Inc",,,7254.0,152914.0,0.0
2002-05-31,2002-07-23,a2084553zn-30d.txt,0000912057-02-028209,N-30D,SEC-MORGAN-NDX,,Sanmina-SCI Corp,Sanmina-SCI Corp,,,12991.0,149396.0,0.0
2002-05-31,2002-07-23,a2084553zn-30d.txt,0000912057-02-028209,N-30D,SEC-MORGAN-NDX,,"Novellus Systems, Inc","Novellus Systems, Inc",,,3400.0,144432.0,0.0
2002-05-31,2002-07-23,a2084553zn-30d.txt,0000912057-02-028209,N-30D,SEC-MORGAN-NDX,,"Apollo Group, Inc. (Class A)","Apollo Group, Inc. (Class A)",,,4057.0,139885.0,0.0
2002-05-31,2002-07-23,a2084553zn-30d.txt,0000912057-02-028209,N-30D,SEC-MORGAN-NDX,,"PACCAR, Inc","PACCAR, Inc",,,3003.0,132853.0,0.0
2002-05-31,2002-07-23,a2084553zn-30d.txt,0000912057-02-028209,N-30D,SEC-MORGAN-NDX,,NVIDIA Corp,NVIDIA Corp,,,3637.0,121694.0,0.0
2002-05-31,2002-07-23,a2084553zn-30d.txt,0000912057-02-028209,N-30D,SEC-MORGAN-NDX,,Symantec Corp,Symantec Corp,,,3462.0,118989.0,0.0
2002-05-31,2002-07-23,a2084553zn-30d.txt,0000912057-02-028209,N-30D,SEC-MORGAN-NDX,,JDS Uniphase Corp,JDS Uniphase Corp,,,33251.0,116711.0,0.0
2002-05-31,2002-07-23,a2084553zn-30d.txt,0000912057-02-028209,N-30D,SEC-MORGAN-NDX,,PanAmSat Corp,PanAmSat Corp,,,4700.0,115620.0,0.0
2002-05-31,2002-07-23,a2084553zn-30d.txt,0000912057-02-028209,N-30D,SEC-MORGAN-NDX,,Microchip Technology Inc,Microchip Technology Inc,,,3859.0,115384.0,0.0
2002-05-31,2002-07-23,a2084553zn-30d.txt,0000912057-02-028209,N-30D,SEC-MORGAN-NDX,,"Brocade Communications Systems, Inc","Brocade Communications Systems, Inc",,,5512.0,108311.0,0.0
2002-05-31,2002-07-23,a2084553zn-30d.txt,0000912057-02-028209,N-30D,SEC-MORGAN-NDX,,"Millennium Pharmaceuticals, Inc","Millennium Pharmaceuticals, Inc",,,7150.0,107893.0,0.0
2002-05-31,2002-07-23,a2084553zn-30d.txt,0000912057-02-028209,N-30D,SEC-MORGAN-NDX,,"CDW Computer Centers, Inc","CDW Computer Centers, Inc",,,2066.0,107742.0,0.0
2002-05-31,2002-07-23,a2084553zn-30d.txt,0000912057-02-028209,N-30D,SEC-MORGAN-NDX,,"Amazon.com, Inc","Amazon.com, Inc",,,5769.0,105169.0,0.0
2002-05-31,2002-07-23,a2084553zn-30d.txt,0000912057-02-028209,N-30D,SEC-MORGAN-NDX,,Yahoo! Inc,Yahoo! Inc,,,6561.0,105107.0,0.0
2002-05-31,2002-07-23,a2084553zn-30d.txt,0000912057-02-028209,N-30D,SEC-MORGAN-NDX,,"Network Appliance, Inc","Network Appliance, Inc",,,8059.0,104848.0,0.0
2002-05-31,2002-07-23,a2084553zn-30d.txt,0000912057-02-028209,N-30D,SEC-MORGAN-NDX,,QLogic Corp,QLogic Corp,,,2205.0,100813.0,0.0
2002-05-31,2002-07-23,a2084553zn-30d.txt,0000912057-02-028209,N-30D,SEC-MORGAN-NDX,,Net Assets: Beginning of period,Net Assets: Beginning of period,,,14617743.0,100000.0,0.0
2002-05-31,2002-07-23,a2084553zn-30d.txt,0000912057-02-028209,N-30D,SEC-MORGAN-NDX,,"Gemstar-TV Guide International, Inc","Gemstar-TV Guide International, Inc",,,10108.0,96228.0,0.0
2002-05-31,2002-07-23,a2084553zn-30d.txt,0000912057-02-028209,N-30D,SEC-MORGAN-NDX,,"BEA Systems, Inc","BEA Systems, Inc",,,8659.0,93171.0,0.0
2002-05-31,2002-07-23,a2084553zn-30d.txt,0000912057-02-028209,N-30D,SEC-MORGAN-NDX,,Smurfit-Stone Container Corp,Smurfit-Stone Container Corp,,,5566.0,90726.0,0.0
2002-05-31,2002-07-23,a2084553zn-30d.txt,0000912057-02-028209,N-30D,SEC-MORGAN-NDX,,Broadcom Corp. (Class A),Broadcom Corp. (Class A),,,3945.0,88960.0,0.0
2002-05-31,2002-07-23,a2084553zn-30d.txt,0000912057-02-028209,N-30D,SEC-MORGAN-NDX,,"Express Scripts, Inc. (Class A)","Express Scripts, Inc. (Class A)",,,1644.0,86885.0,0.0
2002-05-31,2002-07-23,a2084553zn-30d.txt,0000912057-02-028209,N-30D,SEC-MORGAN-NDX,,Molex Inc,Molex Inc,,,2273.0,85806.0,0.0
2002-05-31,2002-07-23,a2084553zn-30d.txt,0000912057-02-028209,N-30D,SEC-MORGAN-NDX,,"ADC Telecommunications, Inc","ADC Telecommunications, Inc",,,23069.0,77281.0,0.0
2002-05-31,2002-07-23,a2084553zn-30d.txt,0000912057-02-028209,N-30D,SEC-MORGAN-NDX,,"TMP Worldwide, Inc","TMP Worldwide, Inc",,,2759.0,74521.0,0.0
2002-05-31,2002-07-23,a2084553zn-30d.txt,0000912057-02-028209,N-30D,SEC-MORGAN-NDX,,"RF Micro Devices, Inc","RF Micro Devices, Inc",,,4432.0,72729.0,0.0
2002-05-31,2002-07-23,a2084553zn-30d.txt,0000912057-02-028209,N-30D,SEC-MORGAN-NDX,,Andrx Group,Andrx Group,,,1607.0,69535.0,0.0
2002-05-31,2002-07-23,a2084553zn-30d.txt,0000912057-02-028209,N-30D,SEC-MORGAN-NDX,,Mercury Interactive Corp,Mercury Interactive Corp,,,2049.0,69379.0,0.0
2002-05-31,2002-07-23,a2084553zn-30d.txt,0000912057-02-028209,N-30D,SEC-MORGAN-NDX,,Atmel Corp,Atmel Corp,,,8125.0,66787.0,0.0
2002-05-31,2002-07-23,a2084553zn-30d.txt,0000912057-02-028209,N-30D,SEC-MORGAN-NDX,,"Synopsys, Inc","Synopsys, Inc",,,1299.0,65522.0,0.0
2002-05-31,2002-07-23,a2084553zn-30d.txt,0000912057-02-028209,N-30D,SEC-MORGAN-NDX,,"Cephalon, Inc","Cephalon, Inc",,,1172.0,62796.0,0.0
2002-05-31,2002-07-23,a2084553zn-30d.txt,0000912057-02-028209,N-30D,SEC-MORGAN-NDX,,"PMC - Sierra, Inc","PMC - Sierra, Inc",,,4251.0,60449.0,0.0
2002-05-31,2002-07-23,a2084553zn-30d.txt,0000912057-02-028209,N-30D,SEC-MORGAN-NDX,,"Citrix Systems, Inc","Citrix Systems, Inc",,,5191.0,55388.0,0.0
2002-05-31,2002-07-23,a2084553zn-30d.txt,0000912057-02-028209,N-30D,SEC-MORGAN-NDX,,Rational Software Corp,Rational Software Corp,,,4728.0,53805.0,0.0
2002-05-31,2002-07-23,a2084553zn-30d.txt,0000912057-02-028209,N-30D,SEC-MORGAN-NDX,,"Comverse Technology, Inc","Comverse Technology, Inc",,,4500.0,53325.0,0.0
2002-05-31,2002-07-23,a2084553zn-30d.txt,0000912057-02-028209,N-30D,SEC-MORGAN-NDX,,"Tellabs, Inc","Tellabs, Inc",,,5439.0,52541.0,0.0
2002-05-31,2002-07-23,a2084553zn-30d.txt,0000912057-02-028209,N-30D,SEC-MORGAN-NDX,,CIENA Corp,CIENA Corp,,,9084.0,51415.0,0.0
2002-05-31,2002-07-23,a2084553zn-30d.txt,0000912057-02-028209,N-30D,SEC-MORGAN-NDX,,Applied Micro Circuits Corp,Applied Micro Circuits Corp,,,8083.0,49710.0,0.0
2002-05-31,2002-07-23,a2084553zn-30d.txt,0000912057-02-028209,N-30D,SEC-MORGAN-NDX,,"VeriSign, Inc","VeriSign, Inc",,,5129.0,49649.0,0.0
2002-05-31,2002-07-23,a2084553zn-30d.txt,0000912057-02-028209,N-30D,SEC-MORGAN-NDX,,Cytyc Corp,Cytyc Corp,,,2989.0,48691.0,0.0
2002-05-31,2002-07-23,a2084553zn-30d.txt,0000912057-02-028209,N-30D,SEC-MORGAN-NDX,,"Conexant Systems, Inc","Conexant Systems, Inc",,,6570.0,46975.0,0.0
2002-05-31,2002-07-23,a2084553zn-30d.txt,0000912057-02-028209,N-30D,SEC-MORGAN-NDX,,"Juniper Networks, Inc","Juniper Networks, Inc",,,4944.0,45831.0,0.0
2002-05-31,2002-07-23,a2084553zn-30d.txt,0000912057-02-028209,N-30D,SEC-MORGAN-NDX,,"i2 Technologies, Inc","i2 Technologies, Inc",,,10540.0,41633.0,0.0
2002-05-31,2002-07-23,a2084553zn-30d.txt,0000912057-02-028209,N-30D,SEC-MORGAN-NDX,,"WorldCom, Inc.- WorldCom Group","WorldCom, Inc.- WorldCom Group",,,24780.0,41135.0,0.0
2002-05-31,2002-07-23,a2084553zn-30d.txt,0000912057-02-028209,N-30D,SEC-MORGAN-NDX,,Invitrogen Corp,Invitrogen Corp,,,1157.0,40645.0,0.0
2002-05-31,2002-07-23,a2084553zn-30d.txt,0000912057-02-028209,N-30D,SEC-MORGAN-NDX,,Compuware Corp,Compuware Corp,,,5360.0,39503.0,0.0
2002-05-31,2002-07-23,a2084553zn-30d.txt,0000912057-02-028209,N-30D,SEC-MORGAN-NDX,,ICOS Corp,ICOS Corp,,,1219.0,27440.0,0.0
2002-05-31,2002-07-23,a2084553zn-30d.txt,0000912057-02-028209,N-30D,SEC-MORGAN-NDX,,Vitesse Semiconductor Corp,Vitesse Semiconductor Corp,,,5048.0,25386.0,0.0
2002-05-31,2002-07-23,a2084553zn-30d.txt,0000912057-02-028209,N-30D,SEC-MORGAN-NDX,,"Abgenix, Inc","Abgenix, Inc",,,1907.0,24600.0,0.0
2002-05-31,2002-07-23,a2084553zn-30d.txt,0000912057-02-028209,N-30D,SEC-MORGAN-NDX,,"Protein Design Labs, Inc","Protein Design Labs, Inc",,,1967.0,22365.0,0.0
2002-05-31,2002-07-23,a2084553zn-30d.txt,0000912057-02-028209,N-30D,SEC-MORGAN-NDX,,"Sepracor, Inc","Sepracor, Inc",,,1831.0,21441.0,0.0
2002-05-31,2002-07-23,a2084553zn-30d.txt,0000912057-02-028209,N-30D,SEC-MORGAN-NDX,,"ImClone Systems, Inc","ImClone Systems, Inc",,,1750.0,16905.0,0.0
2002-05-31,2002-07-23,a2084553zn-30d.txt,0000912057-02-028209,N-30D,SEC-MORGAN-NDX,,LETTER TO THE SHAREHOLDERS / / MAY,LETTER TO THE SHAREHOLDERS / / MAY,,,31.0,2002.0,0.0
2002-05-31,2002-07-23,a2084553zn-30d.txt,0000912057-02-028209,N-30D,SEC-MORGAN-NDX,,Dear Shareholder: The six-month period ended May,Dear Shareholder: The six-month period ended May,,,31.0,2002.0,0.0
2002-05-31,2002-07-23,a2084553zn-30d.txt,0000912057-02-028209,N-30D,SEC-MORGAN-NDX,,technology and renewed rounds of downward earnings revisions in the telecommunications sector. Performance For the six-month period ending May,technology and renewed rounds of downward earnings revisions in the telecommunications sector. Performance For the six-month period ending May,,,31.0,2002.0,0.0
2002-05-31,2002-07-23,a2084553zn-30d.txt,0000912057-02-028209,N-30D,SEC-MORGAN-NDX,,FUND PERFORMANCE / / MAY,FUND PERFORMANCE / / MAY,,,31.0,2002.0,0.0
2002-05-31,2002-07-23,a2084553zn-30d.txt,0000912057-02-028209,N-30D,SEC-MORGAN-NDX,,Average Annual Total Returns -- Period Ended May,Average Annual Total Returns -- Period Ended May,,,31.0,2002.0,0.0
2002-05-31,2002-07-23,a2084553zn-30d.txt,0000912057-02-028209,N-30D,SEC-MORGAN-NDX,,PORTFOLIO OF INVESTMENTS / / MAY,PORTFOLIO OF INVESTMENTS / / MAY,,,31.0,2002.0,0.0
2002-05-31,2002-07-23,a2084553zn-30d.txt,0000912057-02-028209,N-30D,SEC-MORGAN-NDX,,FINANCIAL STATEMENTS Statement of Assets and Liabilities MAY,FINANCIAL STATEMENTS Statement of Assets and Liabilities MAY,,,31.0,2002.0,0.0
2002-05-31,2002-07-23,a2084553zn-30d.txt,0000912057-02-028209,N-30D,SEC-MORGAN-NDX,,Statement of Operations FOR THE SIX MONTHS ENDED MAY,Statement of Operations FOR THE SIX MONTHS ENDED MAY,,,31.0,2002.0,0.0
2002-05-31,2002-07-23,a2084553zn-30d.txt,0000912057-02-028209,N-30D,SEC-MORGAN-NDX,,NOTES TO FINANCIAL STATEMENTS / / MAY,NOTES TO FINANCIAL STATEMENTS / / MAY,,,31.0,2002.0,0.0
2002-05-31,2002-07-23,a2084553zn-30d.txt,0000912057-02-028209,N-30D,SEC-MORGAN-NDX,,million of net assets or December,million of net assets or December,,,31.0,2002.0,0.0
2002-05-31,2002-07-23,a2084553zn-30d.txt,0000912057-02-028209,N-30D,SEC-MORGAN-NDX,,For the six months ended May,For the six months ended May,,,31.0,2002.0,0.0
2002-05-31,2002-07-23,a2084553zn-30d.txt,0000912057-02-028209,N-30D,SEC-MORGAN-NDX,,"short-term investments, for the six months ended May","short-term investments, for the six months ended May",,,31.0,2002.0,0.0
2002-05-31,2002-07-23,a2084553zn-30d.txt,0000912057-02-028209,N-30D,SEC-MORGAN-NDX,,arise upon entering into these contracts from the potential inability of the counter parties to meet the terms of their contracts. At May,arise upon entering into these contracts from the potential inability of the counter parties to meet the terms of their contracts. At May,,,31.0,2002.0,0.0
2002-05-31,2002-07-23,a2084553zn-30d.txt,0000912057-02-028209,N-30D,SEC-MORGAN-NDX,,May,May,,,31.0,2002.0,0.0
2002-05-31,2002-07-23,a2084553zn-30d.txt,0000912057-02-028209,N-30D,SEC-MORGAN-NDX,,"MONTHS ENDED THROUGH MAY 31, 2002 NOVEMBER","MONTHS ENDED THROUGH MAY 31, 2002 NOVEMBER",,,30.0,2001.0,0.0
2002-05-31,2002-07-23,a2084553zn-30d.txt,0000912057-02-028209,N-30D,SEC-MORGAN-NDX,,April,April,,,10.0,2001.0,0.0
2002-05-31,2002-07-23,a2084553zn-30d.txt,0000912057-02-028209,N-30D,SEC-MORGAN-NDX,,As of November,As of November,,,30.0,2001.0,0.0
2002-09-30,2002-12-04,benchmar.txt,0000935069-02-001290,N-30D,SEC-RYDEX-NDX,,Microsoft Corp,Microsoft Corp,,,1114400.0,48688136.0,0.0
2002-09-30,2002-12-04,benchmar.txt,0000935069-02-001290,N-30D,SEC-RYDEX-NDX,,Intel Corp,Intel Corp,,,1435100.0,19933539.0,0.0
2002-09-30,2002-12-04,benchmar.txt,0000935069-02-001290,N-30D,SEC-RYDEX-NDX,,"Cisco Systems, Inc","Cisco Systems, Inc",,,1591901.0,16683122.0,0.0
2002-09-30,2002-12-04,benchmar.txt,0000935069-02-001290,N-30D,SEC-RYDEX-NDX,,"Amgen, Inc","Amgen, Inc",,,368582.0,15369869.0,0.0
2002-09-30,2002-12-04,benchmar.txt,0000935069-02-001290,N-30D,SEC-RYDEX-NDX,,"Qualcomm, Inc","Qualcomm, Inc",,,556000.0,15356720.0,0.0
2002-09-30,2002-12-04,benchmar.txt,0000935069-02-001290,N-30D,SEC-RYDEX-NDX,,Dell Computer Corp,Dell Computer Corp,,,575401.0,13533432.0,0.0
2002-09-30,2002-12-04,benchmar.txt,0000935069-02-001290,N-30D,SEC-RYDEX-NDX,,Oracle Corp,Oracle Corp,,,1472100.0,11570706.0,0.0
2002-09-30,2002-12-04,benchmar.txt,0000935069-02-001290,N-30D,SEC-RYDEX-NDX,,"Bed Bath & Beyond, Inc","Bed Bath & Beyond, Inc",,,240100.0,7820057.0,0.0
2002-09-30,2002-12-04,benchmar.txt,0000935069-02-001290,N-30D,SEC-RYDEX-NDX,,"Intuit, Inc","Intuit, Inc",,,169100.0,7699123.0,0.0
2002-09-30,2002-12-04,benchmar.txt,0000935069-02-001290,N-30D,SEC-RYDEX-NDX,,Starbucks Corp,Starbucks Corp,,,332500.0,6869450.0,0.0
2002-09-30,2002-12-04,benchmar.txt,0000935069-02-001290,N-30D,SEC-RYDEX-NDX,,"eBay, Inc","eBay, Inc",,,126300.0,6669903.0,0.0
2002-09-30,2002-12-04,benchmar.txt,0000935069-02-001290,N-30D,SEC-RYDEX-NDX,,"Maxim Integrated Products, Inc","Maxim Integrated Products, Inc",,,261900.0,6484644.0,0.0
2002-09-30,2002-12-04,benchmar.txt,0000935069-02-001290,N-30D,SEC-RYDEX-NDX,,"Biomet, Inc","Biomet, Inc",,,227700.0,6063651.0,0.0
2002-09-30,2002-12-04,benchmar.txt,0000935069-02-001290,N-30D,SEC-RYDEX-NDX,,"Applied Materials, Inc","Applied Materials, Inc",,,498400.0,5756520.0,0.0
2002-09-30,2002-12-04,benchmar.txt,0000935069-02-001290,N-30D,SEC-RYDEX-NDX,,Chiron Corp,Chiron Corp,,,163700.0,5719678.0,0.0
2002-09-30,2002-12-04,benchmar.txt,0000935069-02-001290,N-30D,SEC-RYDEX-NDX,,Comcast Corp,Comcast Corp,,,271800.0,5669748.0,0.0
2002-09-30,2002-12-04,benchmar.txt,0000935069-02-001290,N-30D,SEC-RYDEX-NDX,,"Concord EFS, Inc","Concord EFS, Inc",,,350500.0,5565940.0,0.0
2002-09-30,2002-12-04,benchmar.txt,0000935069-02-001290,N-30D,SEC-RYDEX-NDX,,Cintas Corp,Cintas Corp,,,126900.0,5319648.0,0.0
2002-09-30,2002-12-04,benchmar.txt,0000935069-02-001290,N-30D,SEC-RYDEX-NDX,,"Paychex, Inc","Paychex, Inc",,,217600.0,5292032.0,0.0
2002-09-30,2002-12-04,benchmar.txt,0000935069-02-001290,N-30D,SEC-RYDEX-NDX,,USA Interactive,USA Interactive,,,265300.0,5141514.0,0.0
2002-09-30,2002-12-04,benchmar.txt,0000935069-02-001290,N-30D,SEC-RYDEX-NDX,,"Nextel Communications, Inc","Nextel Communications, Inc",,,675900.0,5103045.0,0.0
2002-09-30,2002-12-04,benchmar.txt,0000935069-02-001290,N-30D,SEC-RYDEX-NDX,,Costco Wholesale Corp,Costco Wholesale Corp,,,147600.0,4777812.0,0.0
2002-09-30,2002-12-04,benchmar.txt,0000935069-02-001290,N-30D,SEC-RYDEX-NDX,,Linear Technology Corp,Linear Technology Corp,,,229000.0,4744880.0,0.0
2002-09-30,2002-12-04,benchmar.txt,0000935069-02-001290,N-30D,SEC-RYDEX-NDX,,"Apollo Group, Inc","Apollo Group, Inc",,,108900.0,4740199.0,0.0
2002-09-30,2002-12-04,benchmar.txt,0000935069-02-001290,N-30D,SEC-RYDEX-NDX,,Symantec Corp,Symantec Corp,,,140800.0,4735104.0,0.0
2002-09-30,2002-12-04,benchmar.txt,0000935069-02-001290,N-30D,SEC-RYDEX-NDX,,"Electronic Arts, Inc","Electronic Arts, Inc",,,68900.0,4544644.0,0.0
2002-09-30,2002-12-04,benchmar.txt,0000935069-02-001290,N-30D,SEC-RYDEX-NDX,,Kla - Tencor Corp,Kla - Tencor Corp,,,157100.0,4389374.0,0.0
2002-09-30,2002-12-04,benchmar.txt,0000935069-02-001290,N-30D,SEC-RYDEX-NDX,,Idec Pharmaceuticals Corp,Idec Pharmaceuticals Corp,,,100700.0,4181064.0,0.0
2002-09-30,2002-12-04,benchmar.txt,0000935069-02-001290,N-30D,SEC-RYDEX-NDX,,"Fiserv, Inc","Fiserv, Inc",,,148500.0,4169880.0,0.0
2002-09-30,2002-12-04,benchmar.txt,0000935069-02-001290,N-30D,SEC-RYDEX-NDX,,"Apple Computer, Inc","Apple Computer, Inc",,,287500.0,4168750.0,0.0
2002-09-30,2002-12-04,benchmar.txt,0000935069-02-001290,N-30D,SEC-RYDEX-NDX,,Veritas Software Corp,Veritas Software Corp,,,278000.0,4089380.0,0.0
2002-09-30,2002-12-04,benchmar.txt,0000935069-02-001290,N-30D,SEC-RYDEX-NDX,,"Xilinx, Inc","Xilinx, Inc",,,256200.0,4057696.0,0.0
2002-09-30,2002-12-04,benchmar.txt,0000935069-02-001290,N-30D,SEC-RYDEX-NDX,,"Gilead Sciences, Inc","Gilead Sciences, Inc",,,117700.0,3946481.0,0.0
2002-09-30,2002-12-04,benchmar.txt,0000935069-02-001290,N-30D,SEC-RYDEX-NDX,,"Peoplesoft, Inc","Peoplesoft, Inc",,,286600.0,3545242.0,0.0
2002-09-30,2002-12-04,benchmar.txt,0000935069-02-001290,N-30D,SEC-RYDEX-NDX,,"Medimmune, Inc","Medimmune, Inc",,,162800.0,3397636.0,0.0
2002-09-30,2002-12-04,benchmar.txt,0000935069-02-001290,N-30D,SEC-RYDEX-NDX,,1.83% due 10/01/02,1.83% due 10/01/02,,,3349081.0,3349081.0,0.0
2002-09-30,2002-12-04,benchmar.txt,0000935069-02-001290,N-30D,SEC-RYDEX-NDX,,1.75% due 10/01/02,1.75% due 10/01/02,,,3349081.0,3349081.0,0.0
2002-09-30,2002-12-04,benchmar.txt,0000935069-02-001290,N-30D,SEC-RYDEX-NDX,,Genzyme Corp.-- General Division,Genzyme Corp.-- General Division,,,161100.0,3320271.0,0.0
2002-09-30,2002-12-04,benchmar.txt,0000935069-02-001290,N-30D,SEC-RYDEX-NDX,,"Biogen, Inc","Biogen, Inc",,,112000.0,3278240.0,0.0
2002-09-30,2002-12-04,benchmar.txt,0000935069-02-001290,N-30D,SEC-RYDEX-NDX,,"Adobe Systems, Inc","Adobe Systems, Inc",,,161500.0,3084650.0,0.0
2002-09-30,2002-12-04,benchmar.txt,0000935069-02-001290,N-30D,SEC-RYDEX-NDX,,Altera Corp,Altera Corp,,,346101.0,3000696.0,0.0
2002-09-30,2002-12-04,benchmar.txt,0000935069-02-001290,N-30D,SEC-RYDEX-NDX,,"Paccar, Inc","Paccar, Inc",,,81250.0,2745437.0,0.0
2002-09-30,2002-12-04,benchmar.txt,0000935069-02-001290,N-30D,SEC-RYDEX-NDX,,Echostar Communications Corp,Echostar Communications Corp,,,147700.0,2555210.0,0.0
2002-09-30,2002-12-04,benchmar.txt,0000935069-02-001290,N-30D,SEC-RYDEX-NDX,,"Express Scripts, Inc","Express Scripts, Inc",,,45200.0,2464304.0,0.0
2002-09-30,2002-12-04,benchmar.txt,0000935069-02-001290,N-30D,SEC-RYDEX-NDX,,"Staples, Inc","Staples, Inc",,,189600.0,2424984.0,0.0
2002-09-30,2002-12-04,benchmar.txt,0000935069-02-001290,N-30D,SEC-RYDEX-NDX,,Sigma-Aldrich Corp,Sigma-Aldrich Corp,,,47900.0,2360033.0,0.0
2002-09-30,2002-12-04,benchmar.txt,0000935069-02-001290,N-30D,SEC-RYDEX-NDX,,"Amazon.com, Inc","Amazon.com, Inc",,,144400.0,2300292.0,0.0
2002-09-30,2002-12-04,benchmar.txt,0000935069-02-001290,N-30D,SEC-RYDEX-NDX,,"CDW Computer Centers, Inc","CDW Computer Centers, Inc",,,54200.0,2295912.0,0.0
2002-09-30,2002-12-04,benchmar.txt,0000935069-02-001290,N-30D,SEC-RYDEX-NDX,,"Check Point Software Technologies, Ltd","Check Point Software Technologies, Ltd",,,167000.0,2294580.0,0.0
2002-09-30,2002-12-04,benchmar.txt,0000935069-02-001290,N-30D,SEC-RYDEX-NDX,,"Sun Microsystems, Inc","Sun Microsystems, Inc",,,862400.0,2233616.0,0.0
2002-09-30,2002-12-04,benchmar.txt,0000935069-02-001290,N-30D,SEC-RYDEX-NDX,,"Yahoo, Inc","Yahoo, Inc",,,232500.0,2225025.0,0.0
2002-09-30,2002-12-04,benchmar.txt,0000935069-02-001290,N-30D,SEC-RYDEX-NDX,,"Flextronics International, Ltd","Flextronics International, Ltd",,,314300.0,2191300.0,0.0
2002-09-30,2002-12-04,benchmar.txt,0000935069-02-001290,N-30D,SEC-RYDEX-NDX,,"Lincare Holdings, Inc","Lincare Holdings, Inc",,,69500.0,2157280.0,0.0
2002-09-30,2002-12-04,benchmar.txt,0000935069-02-001290,N-30D,SEC-RYDEX-NDX,,PanAmSat Corp,PanAmSat Corp,,,123900.0,2149665.0,0.0
2002-09-30,2002-12-04,benchmar.txt,0000935069-02-001290,N-30D,SEC-RYDEX-NDX,,"Siebel Systems, Inc","Siebel Systems, Inc",,,367400.0,2112550.0,0.0
2002-09-30,2002-12-04,benchmar.txt,0000935069-02-001290,N-30D,SEC-RYDEX-NDX,,"Microchip Technology, Inc","Microchip Technology, Inc",,,99700.0,2038865.0,0.0
2002-09-30,2002-12-04,benchmar.txt,0000935069-02-001290,N-30D,SEC-RYDEX-NDX,,Sanmina Corp,Sanmina Corp,,,673500.0,1865595.0,0.0
2002-09-30,2002-12-04,benchmar.txt,0000935069-02-001290,N-30D,SEC-RYDEX-NDX,,"Novellus Systems, Inc","Novellus Systems, Inc",,,87400.0,1818794.0,0.0
2002-09-30,2002-12-04,benchmar.txt,0000935069-02-001290,N-30D,SEC-RYDEX-NDX,,Smurfit-Stone Container Corp,Smurfit-Stone Container Corp,,,141200.0,1773472.0,0.0
2002-09-30,2002-12-04,benchmar.txt,0000935069-02-001290,N-30D,SEC-RYDEX-NDX,,"Millennium Pharmaceuticals, Inc","Millennium Pharmaceuticals, Inc",,,181400.0,1690648.0,0.0
2002-09-30,2002-12-04,benchmar.txt,0000935069-02-001290,N-30D,SEC-RYDEX-NDX,,QLogic Corp,QLogic Corp,,,63800.0,1661352.0,0.0
2002-09-30,2002-12-04,benchmar.txt,0000935069-02-001290,N-30D,SEC-RYDEX-NDX,,JDS Uniphase Corp,JDS Uniphase Corp,,,745800.0,1452818.0,0.0
2002-09-30,2002-12-04,benchmar.txt,0000935069-02-001290,N-30D,SEC-RYDEX-NDX,,"Dollar Tree Stores, Inc","Dollar Tree Stores, Inc",,,65000.0,1432600.0,0.0
2002-09-30,2002-12-04,benchmar.txt,0000935069-02-001290,N-30D,SEC-RYDEX-NDX,,"Molex, Inc","Molex, Inc",,,60600.0,1425312.0,0.0
2002-09-30,2002-12-04,benchmar.txt,0000935069-02-001290,N-30D,SEC-RYDEX-NDX,,"Network Appliance, Inc","Network Appliance, Inc",,,184500.0,1352385.0,0.0
2002-09-30,2002-12-04,benchmar.txt,0000935069-02-001290,N-30D,SEC-RYDEX-NDX,,Broadcom Corp,Broadcom Corp,,,118700.0,1267716.0,0.0
2002-09-30,2002-12-04,benchmar.txt,0000935069-02-001290,N-30D,SEC-RYDEX-NDX,,"Cephalon, Inc","Cephalon, Inc",,,30400.0,1240928.0,0.0
2002-09-30,2002-12-04,benchmar.txt,0000935069-02-001290,N-30D,SEC-RYDEX-NDX,,"Brocade Communications Systems, Inc","Brocade Communications Systems, Inc",,,153200.0,1153596.0,0.0
2002-09-30,2002-12-04,benchmar.txt,0000935069-02-001290,N-30D,SEC-RYDEX-NDX,,Mercury Interactive Corp,Mercury Interactive Corp,,,65300.0,1120548.0,0.0
2002-09-30,2002-12-04,benchmar.txt,0000935069-02-001290,N-30D,SEC-RYDEX-NDX,,Compuware Corp,Compuware Corp,,,354100.0,1080005.0,0.0
2002-09-30,2002-12-04,benchmar.txt,0000935069-02-001290,N-30D,SEC-RYDEX-NDX,,Invitrogen Corp,Invitrogen Corp,,,29600.0,1008472.0,0.0
2002-09-30,2002-12-04,benchmar.txt,0000935069-02-001290,N-30D,SEC-RYDEX-NDX,,Nvidia Corp,Nvidia Corp,,,115000.0,984400.0,0.0
2002-09-30,2002-12-04,benchmar.txt,0000935069-02-001290,N-30D,SEC-RYDEX-NDX,,Applied Micro Circuits Corp,Applied Micro Circuits Corp,,,335400.0,959244.0,0.0
2002-09-30,2002-12-04,benchmar.txt,0000935069-02-001290,N-30D,SEC-RYDEX-NDX,,"BEA Systems, Inc","BEA Systems, Inc",,,172500.0,893550.0,0.0
2002-09-30,2002-12-04,benchmar.txt,0000935069-02-001290,N-30D,SEC-RYDEX-NDX,,"Human Genome Sciences, Inc","Human Genome Sciences, Inc",,,73900.0,891234.0,0.0
2002-09-30,2002-12-04,benchmar.txt,0000935069-02-001290,N-30D,SEC-RYDEX-NDX,,Andrx Corp,Andrx Corp,,,39200.0,868280.0,0.0
2002-09-30,2002-12-04,benchmar.txt,0000935069-02-001290,N-30D,SEC-RYDEX-NDX,,Cytyc Corp,Cytyc Corp,,,71800.0,769696.0,0.0
2002-09-30,2002-12-04,benchmar.txt,0000935069-02-001290,N-30D,SEC-RYDEX-NDX,,"Conexant Systems, Inc","Conexant Systems, Inc",,,691300.0,767343.0,0.0
2002-09-30,2002-12-04,benchmar.txt,0000935069-02-001290,N-30D,SEC-RYDEX-NDX,,CIENA Corp,CIENA Corp,,,255500.0,758835.0,0.0
2002-09-30,2002-12-04,benchmar.txt,0000935069-02-001290,N-30D,SEC-RYDEX-NDX,,"Juniper Networks, Inc","Juniper Networks, Inc",,,150600.0,722880.0,0.0
2002-09-30,2002-12-04,benchmar.txt,0000935069-02-001290,N-30D,SEC-RYDEX-NDX,,Rational Software Corp,Rational Software Corp,,,165300.0,714096.0,0.0
2002-09-30,2002-12-04,benchmar.txt,0000935069-02-001290,N-30D,SEC-RYDEX-NDX,,ICOS Corp,ICOS Corp,,,33500.0,702495.0,0.0
2002-09-30,2002-12-04,benchmar.txt,0000935069-02-001290,N-30D,SEC-RYDEX-NDX,,"Gemstar-TV Guide International, Inc","Gemstar-TV Guide International, Inc",,,226100.0,569772.0,0.0
2002-09-30,2002-12-04,benchmar.txt,0000935069-02-001290,N-30D,SEC-RYDEX-NDX,,Ericsson Sp ADR,Ericsson Sp ADR,,,1499400.0,539784.0,0.0
2002-09-30,2002-12-04,benchmar.txt,0000935069-02-001290,N-30D,SEC-RYDEX-NDX,,"TMP Worldwide, Inc","TMP Worldwide, Inc",,,59600.0,536400.0,0.0
2002-09-30,2002-12-04,benchmar.txt,0000935069-02-001290,N-30D,SEC-RYDEX-NDX,,"Tellabs, Inc","Tellabs, Inc",,,131100.0,533577.0,0.0
2002-09-30,2002-12-04,benchmar.txt,0000935069-02-001290,N-30D,SEC-RYDEX-NDX,,"VeriSign, Inc","VeriSign, Inc",,,104900.0,529745.0,0.0
2002-09-30,2002-12-04,benchmar.txt,0000935069-02-001290,N-30D,SEC-RYDEX-NDX,,"PMC - Sierra, Inc","PMC - Sierra, Inc",,,135400.0,525352.0,0.0
2002-09-30,2002-12-04,benchmar.txt,0000935069-02-001290,N-30D,SEC-RYDEX-NDX,,"RF Micro Devices, Inc","RF Micro Devices, Inc",,,86700.0,520200.0,0.0
2002-09-30,2002-12-04,benchmar.txt,0000935069-02-001290,N-30D,SEC-RYDEX-NDX,,"Citrix Systems, Inc","Citrix Systems, Inc",,,76800.0,463104.0,0.0
2002-09-30,2002-12-04,benchmar.txt,0000935069-02-001290,N-30D,SEC-RYDEX-NDX,,"Integrated Device Technology, Inc","Integrated Device Technology, Inc",,,40600.0,423864.0,0.0
2002-09-30,2002-12-04,benchmar.txt,0000935069-02-001290,N-30D,SEC-RYDEX-NDX,,"ADC Telecommunications, Inc","ADC Telecommunications, Inc",,,363100.0,417565.0,0.0
2002-09-30,2002-12-04,benchmar.txt,0000935069-02-001290,N-30D,SEC-RYDEX-NDX,,"Protein Design Labs, Inc","Protein Design Labs, Inc",,,47400.0,393420.0,0.0
2002-09-30,2002-12-04,benchmar.txt,0000935069-02-001290,N-30D,SEC-RYDEX-NDX,,"Comverse Technology, Inc","Comverse Technology, Inc",,,54500.0,380955.0,0.0
2002-09-30,2002-12-04,benchmar.txt,0000935069-02-001290,N-30D,SEC-RYDEX-NDX,,Vitesse Semiconductor Corp,Vitesse Semiconductor Corp,,,419700.0,285396.0,0.0
2002-09-30,2002-12-04,benchmar.txt,0000935069-02-001290,N-30D,SEC-RYDEX-NDX,,"ImClone Systems, Inc","ImClone Systems, Inc",,,35900.0,280020.0,0.0
2002-09-30,2002-12-04,benchmar.txt,0000935069-02-001290,N-30D,SEC-RYDEX-NDX,,"Abgenix, Inc","Abgenix, Inc",,,40400.0,262196.0,0.0
2002-09-30,2002-12-04,benchmar.txt,0000935069-02-001290,N-30D,SEC-RYDEX-NDX,,"Charter Communications, Inc.--Class A","Charter Communications, Inc.--Class A",,,132400.0,246265.0,0.0
2002-09-30,2002-12-04,benchmar.txt,0000935069-02-001290,N-30D,SEC-RYDEX-NDX,,"Sepracor, Inc","Sepracor, Inc",,,38800.0,203312.0,0.0
2002-11-30,2003-01-21,a2101143zn-30d.txt,0001047469-03-001980,N-30D,SEC-MORGAN-NDX,,Net increase in Fund,Net increase in Fund,,,2378223.0,18205255.0,0.0
2002-11-30,2003-01-21,a2101143zn-30d.txt,0001047469-03-001980,N-30D,SEC-MORGAN-NDX,,Sold,Sold,,,2217375.0,16791025.0,0.0
2002-11-30,2003-01-21,a2101143zn-30d.txt,0001047469-03-001980,N-30D,SEC-MORGAN-NDX,,of beneficial interest,of beneficial interest,,,18205255.0,15089408.0,0.0
2002-11-30,2003-01-21,a2101143zn-30d.txt,0001047469-03-001980,N-30D,SEC-MORGAN-NDX,,End of Period,End of Period,,,25285362.0,14617743.0,0.0
2002-11-30,2003-01-21,a2101143zn-30d.txt,0001047469-03-001980,N-30D,SEC-MORGAN-NDX,,Net Increase,Net Increase,,,10667619.0,14517743.0,0.0
2002-11-30,2003-01-21,a2101143zn-30d.txt,0001047469-03-001980,N-30D,SEC-MORGAN-NDX,,Net increase -- Class B,Net increase -- Class B,,,1490032.0,12130571.0,0.0
2002-11-30,2003-01-21,a2101143zn-30d.txt,0001047469-03-001980,N-30D,SEC-MORGAN-NDX,,Sold,Sold,,,547072.0,4155145.0,0.0
2002-11-30,2003-01-21,a2101143zn-30d.txt,0001047469-03-001980,N-30D,SEC-MORGAN-NDX,,Net increase -- Class C,Net increase -- Class C,,,384440.0,3108545.0,0.0
2002-11-30,2003-01-21,a2101143zn-30d.txt,0001047469-03-001980,N-30D,SEC-MORGAN-NDX,,Microsoft Corp.*,Microsoft Corp.*,,,52349.0,3026819.0,0.0
2002-11-30,2003-01-21,a2101143zn-30d.txt,0001047469-03-001980,N-30D,SEC-MORGAN-NDX,,Sold,Sold,,,516906.0,2922343.0,0.0
2002-11-30,2003-01-21,a2101143zn-30d.txt,0001047469-03-001980,N-30D,SEC-MORGAN-NDX,,Net increase -- Class D,Net increase -- Class D,,,404940.0,2176169.0,0.0
2002-11-30,2003-01-21,a2101143zn-30d.txt,0001047469-03-001980,N-30D,SEC-MORGAN-NDX,,Intel Corp,Intel Corp,,,65999.0,1378059.0,0.0
2002-11-30,2003-01-21,a2101143zn-30d.txt,0001047469-03-001980,N-30D,SEC-MORGAN-NDX,,Sold,Sold,,,166343.0,1277774.0,0.0
2002-11-30,2003-01-21,a2101143zn-30d.txt,0001047469-03-001980,N-30D,SEC-MORGAN-NDX,,"Cisco Systems, Inc","Cisco Systems, Inc",,,73920.0,1102886.0,0.0
2002-11-30,2003-01-21,a2101143zn-30d.txt,0001047469-03-001980,N-30D,SEC-MORGAN-NDX,,QUALCOMM Inc,QUALCOMM Inc,,,26505.0,1092536.0,0.0
2002-11-30,2003-01-21,a2101143zn-30d.txt,0001047469-03-001980,N-30D,SEC-MORGAN-NDX,,Amgen Inc,Amgen Inc,,,16847.0,795178.0,0.0
2002-11-30,2003-01-21,a2101143zn-30d.txt,0001047469-03-001980,N-30D,SEC-MORGAN-NDX,,Net increase -- Class A,Net increase -- Class A,,,98811.0,789970.0,0.0
2002-11-30,2003-01-21,a2101143zn-30d.txt,0001047469-03-001980,N-30D,SEC-MORGAN-NDX,,Oracle Corp,Oracle Corp,,,63474.0,771209.0,0.0
2002-11-30,2003-01-21,a2101143zn-30d.txt,0001047469-03-001980,N-30D,SEC-MORGAN-NDX,,Dell Computer Corp,Dell Computer Corp,,,26990.0,771104.0,0.0
2002-11-30,2003-01-21,a2101143zn-30d.txt,0001047469-03-001980,N-30D,SEC-MORGAN-NDX,,Comcast Corp. (Class A),Comcast Corp. (Class A),,,26400.0,618816.0,0.0
2002-11-30,2003-01-21,a2101143zn-30d.txt,0001047469-03-001980,N-30D,SEC-MORGAN-NDX,,"Maxim Integrated Products, Inc","Maxim Integrated Products, Inc",,,12796.0,538584.0,0.0
2002-11-30,2003-01-21,a2101143zn-30d.txt,0001047469-03-001980,N-30D,SEC-MORGAN-NDX,,"eBay, Inc","eBay, Inc",,,6444.0,444314.0,0.0
2002-11-30,2003-01-21,a2101143zn-30d.txt,0001047469-03-001980,N-30D,SEC-MORGAN-NDX,,"Applied Materials, Inc","Applied Materials, Inc",,,24101.0,410922.0,0.0
2002-11-30,2003-01-21,a2101143zn-30d.txt,0001047469-03-001980,N-30D,SEC-MORGAN-NDX,,Intuit Inc,Intuit Inc,,,7538.0,406600.0,0.0
2002-11-30,2003-01-21,a2101143zn-30d.txt,0001047469-03-001980,N-30D,SEC-MORGAN-NDX,,Linear Technology Corp,Linear Technology Corp,,,11997.0,398660.0,0.0
2002-11-30,2003-01-21,a2101143zn-30d.txt,0001047469-03-001980,N-30D,SEC-MORGAN-NDX,,Bed Bath & Beyond Inc,Bed Bath & Beyond Inc,,,11107.0,385302.0,0.0
2002-11-30,2003-01-21,a2101143zn-30d.txt,0001047469-03-001980,N-30D,SEC-MORGAN-NDX,,"USA Interactive, Inc","USA Interactive, Inc",,,12386.0,344331.0,0.0
2002-11-30,2003-01-21,a2101143zn-30d.txt,0001047469-03-001980,N-30D,SEC-MORGAN-NDX,,Starbucks Corp,Starbucks Corp,,,15269.0,331948.0,0.0
2002-11-30,2003-01-21,a2101143zn-30d.txt,0001047469-03-001980,N-30D,SEC-MORGAN-NDX,,"Xilinx, Inc","Xilinx, Inc",,,12663.0,312016.0,0.0
2002-11-30,2003-01-21,a2101143zn-30d.txt,0001047469-03-001980,N-30D,SEC-MORGAN-NDX,,Chiron Corp,Chiron Corp,,,7474.0,300455.0,0.0
2002-11-30,2003-01-21,a2101143zn-30d.txt,0001047469-03-001980,N-30D,SEC-MORGAN-NDX,,"Paychex, Inc","Paychex, Inc",,,10087.0,294540.0,0.0
2002-11-30,2003-01-21,a2101143zn-30d.txt,0001047469-03-001980,N-30D,SEC-MORGAN-NDX,,Cintas Corp,Cintas Corp,,,5772.0,291313.0,0.0
2002-11-30,2003-01-21,a2101143zn-30d.txt,0001047469-03-001980,N-30D,SEC-MORGAN-NDX,,KLA-Tencor Corp,KLA-Tencor Corp,,,6481.0,286266.0,0.0
2002-11-30,2003-01-21,a2101143zn-30d.txt,0001047469-03-001980,N-30D,SEC-MORGAN-NDX,,"Biomet, Inc","Biomet, Inc",,,10025.0,275688.0,0.0
2002-11-30,2003-01-21,a2101143zn-30d.txt,0001047469-03-001980,N-30D,SEC-MORGAN-NDX,,Electronic Arts Inc,Electronic Arts Inc,,,3969.0,269336.0,0.0
2002-11-30,2003-01-21,a2101143zn-30d.txt,0001047469-03-001980,N-30D,SEC-MORGAN-NDX,,Genzyme Corp. (General Division),Genzyme Corp. (General Division),,,7597.0,249182.0,0.0
2002-11-30,2003-01-21,a2101143zn-30d.txt,0001047469-03-001980,N-30D,SEC-MORGAN-NDX,,"PeopleSoft, Inc","PeopleSoft, Inc",,,12474.0,244989.0,0.0
2002-11-30,2003-01-21,a2101143zn-30d.txt,0001047469-03-001980,N-30D,SEC-MORGAN-NDX,,"Fiserv, Inc","Fiserv, Inc",,,6801.0,230690.0,0.0
2002-11-30,2003-01-21,a2101143zn-30d.txt,0001047469-03-001980,N-30D,SEC-MORGAN-NDX,,"Biogen, Inc","Biogen, Inc",,,5161.0,227858.0,0.0
2002-11-30,2003-01-21,a2101143zn-30d.txt,0001047469-03-001980,N-30D,SEC-MORGAN-NDX,,Altera Corp,Altera Corp,,,15191.0,220725.0,0.0
2002-11-30,2003-01-21,a2101143zn-30d.txt,0001047469-03-001980,N-30D,SEC-MORGAN-NDX,,"Apple Computer, Inc","Apple Computer, Inc",,,14155.0,219403.0,0.0
2002-11-30,2003-01-21,a2101143zn-30d.txt,0001047469-03-001980,N-30D,SEC-MORGAN-NDX,,Costco Wholesale Corp,Costco Wholesale Corp,,,6774.0,218800.0,0.0
2002-11-30,2003-01-21,a2101143zn-30d.txt,0001047469-03-001980,N-30D,SEC-MORGAN-NDX,,VERITAS Software Corp,VERITAS Software Corp,,,11865.0,215706.0,0.0
2002-11-30,2003-01-21,a2101143zn-30d.txt,0001047469-03-001980,N-30D,SEC-MORGAN-NDX,,"Gilead Sciences, Inc","Gilead Sciences, Inc",,,5454.0,215324.0,0.0
2002-11-30,2003-01-21,a2101143zn-30d.txt,0001047469-03-001980,N-30D,SEC-MORGAN-NDX,,"Apollo Group, Inc. (Class A)","Apollo Group, Inc. (Class A)",,,4961.0,204641.0,0.0
2002-11-30,2003-01-21,a2101143zn-30d.txt,0001047469-03-001980,N-30D,SEC-MORGAN-NDX,,"MedImmune, Inc","MedImmune, Inc",,,7590.0,200224.0,0.0
2002-11-30,2003-01-21,a2101143zn-30d.txt,0001047469-03-001980,N-30D,SEC-MORGAN-NDX,,"Adobe Systems, Inc","Adobe Systems, Inc",,,6652.0,196434.0,0.0
2002-11-30,2003-01-21,a2101143zn-30d.txt,0001047469-03-001980,N-30D,SEC-MORGAN-NDX,,Symantec Corp,Symantec Corp,,,4219.0,184497.0,0.0
2002-11-30,2003-01-21,a2101143zn-30d.txt,0001047469-03-001980,N-30D,SEC-MORGAN-NDX,,"PACCAR, Inc","PACCAR, Inc",,,3673.0,179977.0,0.0
2002-11-30,2003-01-21,a2101143zn-30d.txt,0001047469-03-001980,N-30D,SEC-MORGAN-NDX,,"Staples, Inc","Staples, Inc",,,8915.0,172060.0,0.0
2002-11-30,2003-01-21,a2101143zn-30d.txt,0001047469-03-001980,N-30D,SEC-MORGAN-NDX,,"Sun Microsystems, Inc","Sun Microsystems, Inc",,,39934.0,171357.0,0.0
2002-11-30,2003-01-21,a2101143zn-30d.txt,0001047469-03-001980,N-30D,SEC-MORGAN-NDX,,"Amazon.com, Inc","Amazon.com, Inc",,,7144.0,166812.0,0.0
2002-11-30,2003-01-21,a2101143zn-30d.txt,0001047469-03-001980,N-30D,SEC-MORGAN-NDX,,IDEC Pharmaceuticals Corp,IDEC Pharmaceuticals Corp,,,4693.0,153977.0,0.0
2002-11-30,2003-01-21,a2101143zn-30d.txt,0001047469-03-001980,N-30D,SEC-MORGAN-NDX,,"Novellus Systems, Inc","Novellus Systems, Inc",,,4135.0,150059.0,0.0
2002-11-30,2003-01-21,a2101143zn-30d.txt,0001047469-03-001980,N-30D,SEC-MORGAN-NDX,,Yahoo! Inc,Yahoo! Inc,,,8164.0,149156.0,0.0
2002-11-30,2003-01-21,a2101143zn-30d.txt,0001047469-03-001980,N-30D,SEC-MORGAN-NDX,,December/2002,December/2002,,,915940.0,145012.0,0.0
2002-11-30,2003-01-21,a2101143zn-30d.txt,0001047469-03-001980,N-30D,SEC-MORGAN-NDX,,"Network Appliance, Inc","Network Appliance, Inc",,,9950.0,138305.0,0.0
2002-11-30,2003-01-21,a2101143zn-30d.txt,0001047469-03-001980,N-30D,SEC-MORGAN-NDX,,JDS Uniphase Corp,JDS Uniphase Corp,,,40539.0,138238.0,0.0
2002-11-30,2003-01-21,a2101143zn-30d.txt,0001047469-03-001980,N-30D,SEC-MORGAN-NDX,,Microchip Technology Inc,Microchip Technology Inc,,,4747.0,136524.0,0.0
2002-11-30,2003-01-21,a2101143zn-30d.txt,0001047469-03-001980,N-30D,SEC-MORGAN-NDX,,"Siebel Systems, Inc","Siebel Systems, Inc",,,15831.0,134722.0,0.0
2002-11-30,2003-01-21,a2101143zn-30d.txt,0001047469-03-001980,N-30D,SEC-MORGAN-NDX,,"CDW Computer Centers, Inc","CDW Computer Centers, Inc",,,2477.0,126253.0,0.0
2002-11-30,2003-01-21,a2101143zn-30d.txt,0001047469-03-001980,N-30D,SEC-MORGAN-NDX,,"BEA Systems, Inc","BEA Systems, Inc",,,10639.0,117444.0,0.0
2002-11-30,2003-01-21,a2101143zn-30d.txt,0001047469-03-001980,N-30D,SEC-MORGAN-NDX,,QLogic Corp,QLogic Corp,,,2692.0,116940.0,0.0
2002-11-30,2003-01-21,a2101143zn-30d.txt,0001047469-03-001980,N-30D,SEC-MORGAN-NDX,,PanAmSat Corp,PanAmSat Corp,,,5715.0,110014.0,0.0
2002-11-30,2003-01-21,a2101143zn-30d.txt,0001047469-03-001980,N-30D,SEC-MORGAN-NDX,,Reinvestment of distributions,Reinvestment of distributions,,,18748.0,109113.0,0.0
2002-11-30,2003-01-21,a2101143zn-30d.txt,0001047469-03-001980,N-30D,SEC-MORGAN-NDX,,"Synopsys, Inc","Synopsys, Inc",,,1989.0,103388.0,0.0
2002-11-30,2003-01-21,a2101143zn-30d.txt,0001047469-03-001980,N-30D,SEC-MORGAN-NDX,,Broadcom Corp. (Class A),Broadcom Corp. (Class A),,,5190.0,101465.0,0.0
2002-11-30,2003-01-21,a2101143zn-30d.txt,0001047469-03-001980,N-30D,SEC-MORGAN-NDX,,"Express Scripts, Inc. (Class A)","Express Scripts, Inc. (Class A)",,,1987.0,100542.0,0.0
2002-11-30,2003-01-21,a2101143zn-30d.txt,0001047469-03-001980,N-30D,SEC-MORGAN-NDX,,Net Assets: Beginning of period,Net Assets: Beginning of period,,,14617743.0,100000.0,0.0
2002-11-30,2003-01-21,a2101143zn-30d.txt,0001047469-03-001980,N-30D,SEC-MORGAN-NDX,,Sigma-Aldrich Corp,Sigma-Aldrich Corp,,,1990.0,99998.0,0.0
2002-11-30,2003-01-21,a2101143zn-30d.txt,0001047469-03-001980,N-30D,SEC-MORGAN-NDX,,Smurfit-Stone Container Corp,Smurfit-Stone Container Corp,,,6781.0,98867.0,0.0
2002-11-30,2003-01-21,a2101143zn-30d.txt,0001047469-03-001980,N-30D,SEC-MORGAN-NDX,,CIENA Corp,CIENA Corp,,,14491.0,96365.0,0.0
2002-11-30,2003-01-21,a2101143zn-30d.txt,0001047469-03-001980,N-30D,SEC-MORGAN-NDX,,"Lincare Holdings, Inc","Lincare Holdings, Inc",,,2899.0,94855.0,0.0
2002-11-30,2003-01-21,a2101143zn-30d.txt,0001047469-03-001980,N-30D,SEC-MORGAN-NDX,,"Dollar Tree Stores, Inc","Dollar Tree Stores, Inc",,,3105.0,91132.0,0.0
2002-11-30,2003-01-21,a2101143zn-30d.txt,0001047469-03-001980,N-30D,SEC-MORGAN-NDX,,"Millennium Pharmaceuticals, Inc","Millennium Pharmaceuticals, Inc",,,8820.0,88288.0,0.0
2002-11-30,2003-01-21,a2101143zn-30d.txt,0001047469-03-001980,N-30D,SEC-MORGAN-NDX,,Mercury Interactive Corp,Mercury Interactive Corp,,,2531.0,84738.0,0.0
2002-11-30,2003-01-21,a2101143zn-30d.txt,0001047469-03-001980,N-30D,SEC-MORGAN-NDX,,NVIDIA Corp,NVIDIA Corp,,,4657.0,79774.0,0.0
2002-11-30,2003-01-21,a2101143zn-30d.txt,0001047469-03-001980,N-30D,SEC-MORGAN-NDX,,"Cephalon, Inc","Cephalon, Inc",,,1427.0,78200.0,0.0
2002-11-30,2003-01-21,a2101143zn-30d.txt,0001047469-03-001980,N-30D,SEC-MORGAN-NDX,,Molex Inc,Molex Inc,,,2763.0,77502.0,0.0
2002-11-30,2003-01-21,a2101143zn-30d.txt,0001047469-03-001980,N-30D,SEC-MORGAN-NDX,,Sanmina-SCI Corp,Sanmina-SCI Corp,,,15836.0,76013.0,0.0
2002-11-30,2003-01-21,a2101143zn-30d.txt,0001047469-03-001980,N-30D,SEC-MORGAN-NDX,,"Citrix Systems, Inc","Citrix Systems, Inc",,,5878.0,69067.0,0.0
2002-11-30,2003-01-21,a2101143zn-30d.txt,0001047469-03-001980,N-30D,SEC-MORGAN-NDX,,"Juniper Networks, Inc","Juniper Networks, Inc",,,6882.0,67031.0,0.0
2002-11-30,2003-01-21,a2101143zn-30d.txt,0001047469-03-001980,N-30D,SEC-MORGAN-NDX,,"Comverse Technology, Inc","Comverse Technology, Inc",,,5491.0,66551.0,0.0
2002-11-30,2003-01-21,a2101143zn-30d.txt,0001047469-03-001980,N-30D,SEC-MORGAN-NDX,,"VeriSign, Inc","VeriSign, Inc",,,6310.0,66318.0,0.0
2002-11-30,2003-01-21,a2101143zn-30d.txt,0001047469-03-001980,N-30D,SEC-MORGAN-NDX,,"RF Micro Devices, Inc","RF Micro Devices, Inc",,,5425.0,66131.0,0.0
2002-11-30,2003-01-21,a2101143zn-30d.txt,0001047469-03-001980,N-30D,SEC-MORGAN-NDX,,"ADC Telecommunications, Inc","ADC Telecommunications, Inc",,,28118.0,61016.0,0.0
2002-11-30,2003-01-21,a2101143zn-30d.txt,0001047469-03-001980,N-30D,SEC-MORGAN-NDX,,"Tellabs, Inc","Tellabs, Inc",,,6631.0,58817.0,0.0
2002-11-30,2003-01-21,a2101143zn-30d.txt,0001047469-03-001980,N-30D,SEC-MORGAN-NDX,,ICOS Corp,ICOS Corp,,,1701.0,53990.0,0.0
2002-11-30,2003-01-21,a2101143zn-30d.txt,0001047469-03-001980,N-30D,SEC-MORGAN-NDX,,Rational Software Corp,Rational Software Corp,,,5708.0,52799.0,0.0
2002-11-30,2003-01-21,a2101143zn-30d.txt,0001047469-03-001980,N-30D,SEC-MORGAN-NDX,,"TMP Worldwide, Inc","TMP Worldwide, Inc",,,3388.0,49363.0,0.0
2002-11-30,2003-01-21,a2101143zn-30d.txt,0001047469-03-001980,N-30D,SEC-MORGAN-NDX,,"Gemstar-TV Guide International, Inc","Gemstar-TV Guide International, Inc",,,12296.0,45987.0,0.0
2002-11-30,2003-01-21,a2101143zn-30d.txt,0001047469-03-001980,N-30D,SEC-MORGAN-NDX,,Applied Micro Circuits Corp,Applied Micro Circuits Corp,,,9879.0,45048.0,0.0
2002-11-30,2003-01-21,a2101143zn-30d.txt,0001047469-03-001980,N-30D,SEC-MORGAN-NDX,,"PMC - Sierra, Inc","PMC - Sierra, Inc",,,5216.0,42510.0,0.0
2002-11-30,2003-01-21,a2101143zn-30d.txt,0001047469-03-001980,N-30D,SEC-MORGAN-NDX,,Invitrogen Corp,Invitrogen Corp,,,1412.0,39480.0,0.0
2002-11-30,2003-01-21,a2101143zn-30d.txt,0001047469-03-001980,N-30D,SEC-MORGAN-NDX,,"Human Genome Sciences, Inc","Human Genome Sciences, Inc",,,3619.0,38579.0,0.0
2002-11-30,2003-01-21,a2101143zn-30d.txt,0001047469-03-001980,N-30D,SEC-MORGAN-NDX,,"Brocade Communications Systems, Inc","Brocade Communications Systems, Inc",,,6739.0,38345.0,0.0
2002-11-30,2003-01-21,a2101143zn-30d.txt,0001047469-03-001980,N-30D,SEC-MORGAN-NDX,,Cytyc Corp,Cytyc Corp,,,3666.0,36660.0,0.0
2002-11-30,2003-01-21,a2101143zn-30d.txt,0001047469-03-001980,N-30D,SEC-MORGAN-NDX,,Compuware Corp,Compuware Corp,,,6557.0,35801.0,0.0
2002-11-30,2003-01-21,a2101143zn-30d.txt,0001047469-03-001980,N-30D,SEC-MORGAN-NDX,,Atmel Corp,Atmel Corp,,,9902.0,34756.0,0.0
2002-11-30,2003-01-21,a2101143zn-30d.txt,0001047469-03-001980,N-30D,SEC-MORGAN-NDX,,"Integrated Device Technology, Inc","Integrated Device Technology, Inc",,,2776.0,29842.0,0.0
2002-11-30,2003-01-21,a2101143zn-30d.txt,0001047469-03-001980,N-30D,SEC-MORGAN-NDX,,Andrx Group,Andrx Group,,,1970.0,28565.0,0.0
2002-11-30,2003-01-21,a2101143zn-30d.txt,0001047469-03-001980,N-30D,SEC-MORGAN-NDX,,"ImClone Systems, Inc","ImClone Systems, Inc",,,2033.0,27913.0,0.0
2002-11-30,2003-01-21,a2101143zn-30d.txt,0001047469-03-001980,N-30D,SEC-MORGAN-NDX,,Reinvestment of distributions,Reinvestment of distributions,,,4491.0,26185.0,0.0
2002-11-30,2003-01-21,a2101143zn-30d.txt,0001047469-03-001980,N-30D,SEC-MORGAN-NDX,,"i2 Technologies, Inc","i2 Technologies, Inc",,,13114.0,23212.0,0.0
2002-11-30,2003-01-21,a2101143zn-30d.txt,0001047469-03-001980,N-30D,SEC-MORGAN-NDX,,"Sepracor, Inc","Sepracor, Inc",,,2397.0,22915.0,0.0
2002-11-30,2003-01-21,a2101143zn-30d.txt,0001047469-03-001980,N-30D,SEC-MORGAN-NDX,,"Protein Design Labs, Inc","Protein Design Labs, Inc",,,2419.0,22085.0,0.0
2002-11-30,2003-01-21,a2101143zn-30d.txt,0001047469-03-001980,N-30D,SEC-MORGAN-NDX,,"Abgenix, Inc","Abgenix, Inc",,,2348.0,21766.0,0.0
2002-11-30,2003-01-21,a2101143zn-30d.txt,0001047469-03-001980,N-30D,SEC-MORGAN-NDX,,Vitesse Semiconductor Corp,Vitesse Semiconductor Corp,,,6157.0,20447.0,0.0
2002-11-30,2003-01-21,a2101143zn-30d.txt,0001047469-03-001980,N-30D,SEC-MORGAN-NDX,,"Conexant Systems, Inc","Conexant Systems, Inc",,,8249.0,18816.0,0.0
2002-11-30,2003-01-21,a2101143zn-30d.txt,0001047469-03-001980,N-30D,SEC-MORGAN-NDX,,Reinvestment of distributions,Reinvestment of distributions,,,936.0,5497.0,0.0
2002-11-30,2003-01-21,a2101143zn-30d.txt,0001047469-03-001980,N-30D,SEC-MORGAN-NDX,,Reinvestment of distributions,Reinvestment of distributions,,,448.0,2633.0,0.0
2002-11-30,2003-01-21,a2101143zn-30d.txt,0001047469-03-001980,N-30D,SEC-MORGAN-NDX,,"1,314,000 which will be available through November","1,314,000 which will be available through November",,,30.0,2010.0,0.0
2002-11-30,2003-01-21,a2101143zn-30d.txt,0001047469-03-001980,N-30D,SEC-MORGAN-NDX,,million of net assets or December,million of net assets or December,,,31.0,2003.0,0.0
2002-11-30,2003-01-21,a2101143zn-30d.txt,0001047469-03-001980,N-30D,SEC-MORGAN-NDX,,"accounting principles generally accepted in the United States of America. Deloitte & Touche LLP NEW YORK, NEW YORK JANUARY","accounting principles generally accepted in the United States of America. Deloitte & Touche LLP NEW YORK, NEW YORK JANUARY",,,10.0,2003.0,0.0
2002-11-30,2003-01-21,a2101143zn-30d.txt,0001047469-03-001980,N-30D,SEC-MORGAN-NDX,,LETTER TO THE SHAREHOLDERS / / NOVEMBER,LETTER TO THE SHAREHOLDERS / / NOVEMBER,,,30.0,2002.0,0.0
2002-11-30,2003-01-21,a2101143zn-30d.txt,0001047469-03-001980,N-30D,SEC-MORGAN-NDX,,Dear Shareholder: During the 12-month period ended November,Dear Shareholder: During the 12-month period ended November,,,30.0,2002.0,0.0
2002-11-30,2003-01-21,a2101143zn-30d.txt,0001047469-03-001980,N-30D,SEC-MORGAN-NDX,,their trailing earnings growth. This situation put additional downward pressure on stock prices. Performance and Portfolio Strategy For the 12-month period ended November,their trailing earnings growth. This situation put additional downward pressure on stock prices. Performance and Portfolio Strategy For the 12-month period ended November,,,30.0,2002.0,0.0
2002-11-30,2003-01-21,a2101143zn-30d.txt,0001047469-03-001980,N-30D,SEC-MORGAN-NDX,,ANNUAL HOUSEHOLDING NOTICE / / NOVEMBER,ANNUAL HOUSEHOLDING NOTICE / / NOVEMBER,,,30.0,2002.0,0.0
2002-11-30,2003-01-21,a2101143zn-30d.txt,0001047469-03-001980,N-30D,SEC-MORGAN-NDX,,FUND PERFORMANCE / / NOVEMBER,FUND PERFORMANCE / / NOVEMBER,,,30.0,2002.0,0.0
2002-11-30,2003-01-21,a2101143zn-30d.txt,0001047469-03-001980,N-30D,SEC-MORGAN-NDX,,February,February,,,28.0,2002.0,0.0
2002-11-30,2003-01-21,a2101143zn-30d.txt,0001047469-03-001980,N-30D,SEC-MORGAN-NDX,,May,May,,,31.0,2002.0,0.0
2002-11-30,2003-01-21,a2101143zn-30d.txt,0001047469-03-001980,N-30D,SEC-MORGAN-NDX,,August,August,,,31.0,2002.0,0.0
2002-11-30,2003-01-21,a2101143zn-30d.txt,0001047469-03-001980,N-30D,SEC-MORGAN-NDX,,November,November,,,30.0,2002.0,0.0
2002-11-30,2003-01-21,a2101143zn-30d.txt,0001047469-03-001980,N-30D,SEC-MORGAN-NDX,,VARY DUE TO DIFFERENCES IN SALES CHARGES AND EXPENSES. AVERAGE ANNUAL TOTAL RETURNS -- PERIOD ENDED NOVEMBER,VARY DUE TO DIFFERENCES IN SALES CHARGES AND EXPENSES. AVERAGE ANNUAL TOTAL RETURNS -- PERIOD ENDED NOVEMBER,,,30.0,2002.0,0.0
2002-11-30,2003-01-21,a2101143zn-30d.txt,0001047469-03-001980,N-30D,SEC-MORGAN-NDX,,PORTFOLIO OF INVESTMENTS / / NOVEMBER,PORTFOLIO OF INVESTMENTS / / NOVEMBER,,,30.0,2002.0,0.0
2002-11-30,2003-01-21,a2101143zn-30d.txt,0001047469-03-001980,N-30D,SEC-MORGAN-NDX,,FINANCIAL STATEMENTS Statement of Assets and Liabilities NOVEMBER,FINANCIAL STATEMENTS Statement of Assets and Liabilities NOVEMBER,,,30.0,2002.0,0.0
2002-11-30,2003-01-21,a2101143zn-30d.txt,0001047469-03-001980,N-30D,SEC-MORGAN-NDX,,FINANCIAL STATEMENTS CONTINUED Statement of Operations FOR THE YEAR ENDED NOVEMBER,FINANCIAL STATEMENTS CONTINUED Statement of Operations FOR THE YEAR ENDED NOVEMBER,,,30.0,2002.0,0.0
2002-11-30,2003-01-21,a2101143zn-30d.txt,0001047469-03-001980,N-30D,SEC-MORGAN-NDX,,NOTES TO FINANCIAL STATEMENTS / / NOVEMBER,NOTES TO FINANCIAL STATEMENTS / / NOVEMBER,,,30.0,2002.0,0.0
2002-11-30,2003-01-21,a2101143zn-30d.txt,0001047469-03-001980,N-30D,SEC-MORGAN-NDX,,For the year ended November,For the year ended November,,,30.0,2002.0,0.0
2002-11-30,2003-01-21,a2101143zn-30d.txt,0001047469-03-001980,N-30D,SEC-MORGAN-NDX,,respectively. The Distributor has informed the Fund that for the year ended November,respectively. The Distributor has informed the Fund that for the year ended November,,,30.0,2002.0,0.0
2002-11-30,2003-01-21,a2101143zn-30d.txt,0001047469-03-001980,N-30D,SEC-MORGAN-NDX,,"short-term investments, for the year ended November","short-term investments, for the year ended November",,,30.0,2002.0,0.0
2002-11-30,2003-01-21,a2101143zn-30d.txt,0001047469-03-001980,N-30D,SEC-MORGAN-NDX,,the Fund's transfer agent. At November,the Fund's transfer agent. At November,,,30.0,2002.0,0.0
2002-11-30,2003-01-21,a2101143zn-30d.txt,0001047469-03-001980,N-30D,SEC-MORGAN-NDX,,At November,At November,,,30.0,2002.0,0.0
2002-11-30,2003-01-21,a2101143zn-30d.txt,0001047469-03-001980,N-30D,SEC-MORGAN-NDX,,As of November,As of November,,,30.0,2002.0,0.0
2002-11-30,2003-01-21,a2101143zn-30d.txt,0001047469-03-001980,N-30D,SEC-MORGAN-NDX,,arise upon entering into these contracts from the potential inability of the counter-parties to meet the terms of their contracts. At November,arise upon entering into these contracts from the potential inability of the counter-parties to meet the terms of their contracts. At November,,,30.0,2002.0,0.0
2002-11-30,2003-01-21,a2101143zn-30d.txt,0001047469-03-001980,N-30D,SEC-MORGAN-NDX,,"investments, as of November","investments, as of November",,,30.0,2002.0,0.0
2002-11-30,2003-01-21,a2101143zn-30d.txt,0001047469-03-001980,N-30D,SEC-MORGAN-NDX,,securities owned as of November,securities owned as of November,,,30.0,2002.0,0.0
2002-11-30,2003-01-21,a2101143zn-30d.txt,0001047469-03-001980,N-30D,SEC-MORGAN-NDX,,Stanley Nasdaq-100 Index Fund as of November,Stanley Nasdaq-100 Index Fund as of November,,,30.0,2002.0,0.0
2002-11-30,2003-01-21,a2101143zn-30d.txt,0001047469-03-001980,N-30D,SEC-MORGAN-NDX,,During the fiscal year ended November,During the fiscal year ended November,,,30.0,2002.0,0.0
2002-11-30,2003-01-21,a2101143zn-30d.txt,0001047469-03-001980,N-30D,SEC-MORGAN-NDX,,ANNUAL REPORT NOVEMBER,ANNUAL REPORT NOVEMBER,,,30.0,2002.0,0.0
2002-11-30,2003-01-21,a2101143zn-30d.txt,0001047469-03-001980,N-30D,SEC-MORGAN-NDX,,July,July,,,13.0,2001.0,0.0
2002-11-30,2003-01-21,a2101143zn-30d.txt,0001047469-03-001980,N-30D,SEC-MORGAN-NDX,,August,August,,,31.0,2001.0,0.0
2002-11-30,2003-01-21,a2101143zn-30d.txt,0001047469-03-001980,N-30D,SEC-MORGAN-NDX,,November,November,,,30.0,2001.0,0.0
2002-11-30,2003-01-21,a2101143zn-30d.txt,0001047469-03-001980,N-30D,SEC-MORGAN-NDX,,"ENDED THROUGH NOVEMBER 30, 2002 NOVEMBER","ENDED THROUGH NOVEMBER 30, 2002 NOVEMBER",,,30.0,2001.0,0.0
2002-11-30,2003-01-21,a2101143zn-30d.txt,0001047469-03-001980,N-30D,SEC-MORGAN-NDX,,April,April,,,10.0,2001.0,0.0
2002-11-30,2003-01-21,a2101143zn-30d.txt,0001047469-03-001980,N-30D,SEC-MORGAN-NDX,,for the year then ended and the statements of changes in net assets and the financial highlights for the year then ended and the period July,for the year then ended and the statements of changes in net assets and the financial highlights for the year then ended and the period July,,,13.0,2001.0,0.0
2002-11-30,2003-01-21,a2101143zn-30d.txt,0001047469-03-001980,N-30D,SEC-MORGAN-NDX,,"operations for the year then ended, the changes in its net assets and the financial highlights for the year then ended and the period July","operations for the year then ended, the changes in its net assets and the financial highlights for the year then ended and the period July",,,13.0,2001.0,0.0
2002-11-30,2003-01-21,a2101143zn-30d.txt,0001047469-03-001980,N-30D,SEC-MORGAN-NDX,,(commencement of operations) through November,(commencement of operations) through November,,,30.0,2001.0,0.0
2002-11-30,2003-01-21,a2101143zn-30d.txt,0001047469-03-001980,N-30D,SEC-MORGAN-NDX,,Avenue of the Americas Chief since May,Avenue of the Americas Chief since May,,,1221.0,1999.0,0.0
2002-11-30,2003-01-21,a2101143zn-30d.txt,0001047469-03-001980,N-30D,SEC-MORGAN-NDX,,Avenue of the Americas,Avenue of the Americas,,,1221.0,1998.0,0.0
2002-11-30,2003-01-21,a2101143zn-30d.txt,0001047469-03-001980,N-30D,SEC-MORGAN-NDX,,"Avenue of the Americas President,","Avenue of the Americas President,",,,1221.0,1997.0,0.0
2002-11-30,2003-01-21,a2101143zn-30d.txt,0001047469-03-001980,N-30D,SEC-MORGAN-NDX,,Avenue of the Americas,Avenue of the Americas,,,1221.0,1995.0,0.0
2002-11-30,2003-01-21,a2101143zn-30d.txt,0001047469-03-001980,N-30D,SEC-MORGAN-NDX,,Broadway,Broadway,,,1585.0,1994.0,0.0
2002-11-30,2003-01-21,a2101143zn-30d.txt,0001047469-03-001980,N-30D,SEC-MORGAN-NDX,,Year (29.32)%(1) (33.03)%(2),Year (29.32)%(1) (33.03)%(2),,,1.0,1.0,0.0
2002-11-30,2003-01-21,a2101143zn-30d.txt,0001047469-03-001980,N-30D,SEC-MORGAN-NDX,,Year (29.85)%(1) (30.55)%(2),Year (29.85)%(1) (30.55)%(2),,,1.0,1.0,0.0
2003-03-31,2003-06-04,benchmar.htm,0000935069-03-000753,N-30D,SEC-RYDEX-NDX,,Microsoft Corp,Microsoft Corp,,,2931770.0,70978152.0,0.0
2003-03-31,2003-06-04,benchmar.htm,0000935069-03-000753,N-30D,SEC-RYDEX-NDX,,Intel Corp,Intel Corp,,,1956780.0,31856379.0,0.0
2003-03-31,2003-06-04,benchmar.htm,0000935069-03-000753,N-30D,SEC-RYDEX-NDX,,"Qualcomm, Inc","Qualcomm, Inc",,,809890.0,29204634.0,0.0
2003-03-31,2003-06-04,benchmar.htm,0000935069-03-000753,N-30D,SEC-RYDEX-NDX,,"Amgen, Inc","Amgen, Inc",,,488992.0,28141490.0,0.0
2003-03-31,2003-06-04,benchmar.htm,0000935069-03-000753,N-30D,SEC-RYDEX-NDX,,"Cisco Systems, Inc","Cisco Systems, Inc",,,2160280.0,28040434.0,0.0
2003-03-31,2003-06-04,benchmar.htm,0000935069-03-000753,N-30D,SEC-RYDEX-NDX,,Comcast Corp. Class A,Comcast Corp. Class A,,,778189.0,22248423.0,0.0
2003-03-31,2003-06-04,benchmar.htm,0000935069-03-000753,N-30D,SEC-RYDEX-NDX,,Dell Computer Corp,Dell Computer Corp,,,800091.0,21850485.0,0.0
2003-03-31,2003-06-04,benchmar.htm,0000935069-03-000753,N-30D,SEC-RYDEX-NDX,,Oracle Corp,Oracle Corp,,,1853680.0,20110574.0,0.0
2003-03-31,2003-06-04,benchmar.htm,0000935069-03-000753,N-30D,SEC-RYDEX-NDX,,"Internet & Catalog Retail 4.4% eBay, Inc","Internet & Catalog Retail 4.4% eBay, Inc",,,178000.0,15181620.0,0.0
2003-03-31,2003-06-04,benchmar.htm,0000935069-03-000753,N-30D,SEC-RYDEX-NDX,,Maxim Integrated Products,Maxim Integrated Products,,,384800.0,13898976.0,0.0
2003-03-31,2003-06-04,benchmar.htm,0000935069-03-000753,N-30D,SEC-RYDEX-NDX,,"Nextel Communications, Inc","Nextel Communications, Inc",,,964690.0,12917199.0,0.0
2003-03-31,2003-06-04,benchmar.htm,0000935069-03-000753,N-30D,SEC-RYDEX-NDX,,Hotels Restaurants & Leisure 1.6% Starbucks Corp,Hotels Restaurants & Leisure 1.6% Starbucks Corp,,,444000.0,11437440.0,0.0
2003-03-31,2003-06-04,benchmar.htm,0000935069-03-000753,N-30D,SEC-RYDEX-NDX,,"Bed Bath & Beyond, Inc","Bed Bath & Beyond, Inc",,,321199.0,11094214.0,0.0
2003-03-31,2003-06-04,benchmar.htm,0000935069-03-000753,N-30D,SEC-RYDEX-NDX,,USA Interactive,USA Interactive,,,405800.0,10871382.0,0.0
2003-03-31,2003-06-04,benchmar.htm,0000935069-03-000753,N-30D,SEC-RYDEX-NDX,,"Internet Software & Services 1.8% Yahoo, Inc","Internet Software & Services 1.8% Yahoo, Inc",,,443000.0,10640860.0,0.0
2003-03-31,2003-06-04,benchmar.htm,0000935069-03-000753,N-30D,SEC-RYDEX-NDX,,Linear Technology Corp,Linear Technology Corp,,,332500.0,10264275.0,0.0
2003-03-31,2003-06-04,benchmar.htm,0000935069-03-000753,N-30D,SEC-RYDEX-NDX,,"Electronic Arts, Inc","Electronic Arts, Inc",,,154000.0,9030560.0,0.0
2003-03-31,2003-06-04,benchmar.htm,0000935069-03-000753,N-30D,SEC-RYDEX-NDX,,"Applied Materials, Inc","Applied Materials, Inc",,,701790.0,8828518.0,0.0
2003-03-31,2003-06-04,benchmar.htm,0000935069-03-000753,N-30D,SEC-RYDEX-NDX,,"Health Care Equipment & Supplies 1.5% Biomet, Inc","Health Care Equipment & Supplies 1.5% Biomet, Inc",,,286500.0,8781225.0,0.0
2003-03-31,2003-06-04,benchmar.htm,0000935069-03-000753,N-30D,SEC-RYDEX-NDX,,"Xilinx, Inc","Xilinx, Inc",,,359800.0,8422918.0,0.0
2003-03-31,2003-06-04,benchmar.htm,0000935069-03-000753,N-30D,SEC-RYDEX-NDX,,"Commercial Services & Supplies 3.8% Paychex, Inc","Commercial Services & Supplies 3.8% Paychex, Inc",,,296800.0,8153096.0,0.0
2003-03-31,2003-06-04,benchmar.htm,0000935069-03-000753,N-30D,SEC-RYDEX-NDX,,Chiron Corp,Chiron Corp,,,215600.0,8085000.0,0.0
2003-03-31,2003-06-04,benchmar.htm,0000935069-03-000753,N-30D,SEC-RYDEX-NDX,,Genzyme Corp. General Division,Genzyme Corp. General Division,,,221800.0,8084610.0,0.0
2003-03-31,2003-06-04,benchmar.htm,0000935069-03-000753,N-30D,SEC-RYDEX-NDX,,"Intuit, Inc","Intuit, Inc",,,203199.0,7559003.0,0.0
2003-03-31,2003-06-04,benchmar.htm,0000935069-03-000753,N-30D,SEC-RYDEX-NDX,,"Medimmune, Inc","Medimmune, Inc",,,220500.0,7239015.0,0.0
2003-03-31,2003-06-04,benchmar.htm,0000935069-03-000753,N-30D,SEC-RYDEX-NDX,,"Apollo Group, Inc","Apollo Group, Inc",,,138900.0,6931110.0,0.0
2003-03-31,2003-06-04,benchmar.htm,0000935069-03-000753,N-30D,SEC-RYDEX-NDX,,Veritas Software Corp,Veritas Software Corp,,,392000.0,6891360.0,0.0
2003-03-31,2003-06-04,benchmar.htm,0000935069-03-000753,N-30D,SEC-RYDEX-NDX,,Kla - Tencor Corp,Kla - Tencor Corp,,,184700.0,6638487.0,0.0
2003-03-31,2003-06-04,benchmar.htm,0000935069-03-000753,N-30D,SEC-RYDEX-NDX,,Altera Corp,Altera Corp,,,486991.0,6593858.0,0.0
2003-03-31,2003-06-04,benchmar.htm,0000935069-03-000753,N-30D,SEC-RYDEX-NDX,,"Gilead Sciences, Inc","Gilead Sciences, Inc",,,156200.0,6558838.0,0.0
2003-03-31,2003-06-04,benchmar.htm,0000935069-03-000753,N-30D,SEC-RYDEX-NDX,,Teva Pharmaceutical Industries,Teva Pharmaceutical Industries,,,155300.0,6468245.0,0.0
2003-03-31,2003-06-04,benchmar.htm,0000935069-03-000753,N-30D,SEC-RYDEX-NDX,,"Fiserv, Inc","Fiserv, Inc",,,199500.0,6280260.0,0.0
2003-03-31,2003-06-04,benchmar.htm,0000935069-03-000753,N-30D,SEC-RYDEX-NDX,,Costco Wholesale Corp,Costco Wholesale Corp,,,207099.0,6219183.0,0.0
2003-03-31,2003-06-04,benchmar.htm,0000935069-03-000753,N-30D,SEC-RYDEX-NDX,,"Apple Computer, Inc","Apple Computer, Inc",,,415700.0,5877998.0,0.0
2003-03-31,2003-06-04,benchmar.htm,0000935069-03-000753,N-30D,SEC-RYDEX-NDX,,Echostar Communications Corp,Echostar Communications Corp,,,201900.0,5830872.0,0.0
2003-03-31,2003-06-04,benchmar.htm,0000935069-03-000753,N-30D,SEC-RYDEX-NDX,,Cintas Corp,Cintas Corp,,,169600.0,5579840.0,0.0
2003-03-31,2003-06-04,benchmar.htm,0000935069-03-000753,N-30D,SEC-RYDEX-NDX,,Symantec Corp,Symantec Corp,,,137300.0,5379414.0,0.0
2003-03-31,2003-06-04,benchmar.htm,0000935069-03-000753,N-30D,SEC-RYDEX-NDX,,"Adobe Systems, Inc","Adobe Systems, Inc",,,173400.0,5345922.0,0.0
2003-03-31,2003-06-04,benchmar.htm,0000935069-03-000753,N-30D,SEC-RYDEX-NDX,,"Paccar, Inc","Paccar, Inc",,,106200.0,5338674.0,0.0
2003-03-31,2003-06-04,benchmar.htm,0000935069-03-000753,N-30D,SEC-RYDEX-NDX,,"Flextronics International, Ltd","Flextronics International, Ltd",,,583600.0,5088992.0,0.0
2003-03-31,2003-06-04,benchmar.htm,0000935069-03-000753,N-30D,SEC-RYDEX-NDX,,"Staples, Inc","Staples, Inc",,,261000.0,4784130.0,0.0
2003-03-31,2003-06-04,benchmar.htm,0000935069-03-000753,N-30D,SEC-RYDEX-NDX,,Idec Pharmaceuticals Corp,Idec Pharmaceuticals Corp,,,137900.0,4718938.0,0.0
2003-03-31,2003-06-04,benchmar.htm,0000935069-03-000753,N-30D,SEC-RYDEX-NDX,,"Peoplesoft, Inc","Peoplesoft, Inc",,,305400.0,4672620.0,0.0
2003-03-31,2003-06-04,benchmar.htm,0000935069-03-000753,N-30D,SEC-RYDEX-NDX,,"Amazon.Com, Inc","Amazon.Com, Inc",,,176200.0,4586486.0,0.0
2003-03-31,2003-06-04,benchmar.htm,0000935069-03-000753,N-30D,SEC-RYDEX-NDX,,"Biogen, Inc","Biogen, Inc",,,152600.0,4571896.0,0.0
2003-03-31,2003-06-04,benchmar.htm,0000935069-03-000753,N-30D,SEC-RYDEX-NDX,,"Novellus Systems, Inc","Novellus Systems, Inc",,,137600.0,3752352.0,0.0
2003-03-31,2003-06-04,benchmar.htm,0000935069-03-000753,N-30D,SEC-RYDEX-NDX,,"Network Appliance, Inc","Network Appliance, Inc",,,319100.0,3570729.0,0.0
2003-03-31,2003-06-04,benchmar.htm,0000935069-03-000753,N-30D,SEC-RYDEX-NDX,,"BEA Systems, Inc","BEA Systems, Inc",,,337000.0,3434030.0,0.0
2003-03-31,2003-06-04,benchmar.htm,0000935069-03-000753,N-30D,SEC-RYDEX-NDX,,QLogic Corp,QLogic Corp,,,90700.0,3368598.0,0.0
2003-03-31,2003-06-04,benchmar.htm,0000935069-03-000753,N-30D,SEC-RYDEX-NDX,,"Health Care Providers & Services 1.7% Express Scripts, Inc","Health Care Providers & Services 1.7% Express Scripts, Inc",,,57200.0,3184896.0,0.0
2003-03-31,2003-06-04,benchmar.htm,0000935069-03-000753,N-30D,SEC-RYDEX-NDX,,"Molex, Inc","Molex, Inc",,,144000.0,3093120.0,0.0
2003-03-31,2003-06-04,benchmar.htm,0000935069-03-000753,N-30D,SEC-RYDEX-NDX,,"Microchip Technology, Inc","Microchip Technology, Inc",,,151500.0,3014850.0,0.0
2003-03-31,2003-06-04,benchmar.htm,0000935069-03-000753,N-30D,SEC-RYDEX-NDX,,"Citrix Systems, Inc","Citrix Systems, Inc",,,226500.0,2980740.0,0.0
2003-03-31,2003-06-04,benchmar.htm,0000935069-03-000753,N-30D,SEC-RYDEX-NDX,,"CDW Computer Centers, Inc","CDW Computer Centers, Inc",,,71999.0,2937559.0,0.0
2003-03-31,2003-06-04,benchmar.htm,0000935069-03-000753,N-30D,SEC-RYDEX-NDX,,"Sun Microsystems, Inc","Sun Microsystems, Inc",,,870190.0,2836820.0,0.0
2003-03-31,2003-06-04,benchmar.htm,0000935069-03-000753,N-30D,SEC-RYDEX-NDX,,"Expeditors International Washington, Inc","Expeditors International Washington, Inc",,,76495.0,2749995.0,0.0
2003-03-31,2003-06-04,benchmar.htm,0000935069-03-000753,N-30D,SEC-RYDEX-NDX,,PanAmSat Corp,PanAmSat Corp,,,186000.0,2626320.0,0.0
2003-03-31,2003-06-04,benchmar.htm,0000935069-03-000753,N-30D,SEC-RYDEX-NDX,,"Lincare Holdings, Inc","Lincare Holdings, Inc",,,85100.0,2611719.0,0.0
2003-03-31,2003-06-04,benchmar.htm,0000935069-03-000753,N-30D,SEC-RYDEX-NDX,,Smurfit-Stone Container Corp,Smurfit-Stone Container Corp,,,192900.0,2576951.0,0.0
2003-03-31,2003-06-04,benchmar.htm,0000935069-03-000753,N-30D,SEC-RYDEX-NDX,,Inc,Inc,,,46000.0,2559441.0,0.0
2003-03-31,2003-06-04,benchmar.htm,0000935069-03-000753,N-30D,SEC-RYDEX-NDX,,Sanmina-SCI Corp,Sanmina-SCI Corp,,,602490.0,2434059.0,0.0
2003-03-31,2003-06-04,benchmar.htm,0000935069-03-000753,N-30D,SEC-RYDEX-NDX,,Sigma-Aldrich Corp,Sigma-Aldrich Corp,,,54200.0,2411359.0,0.0
2003-03-31,2003-06-04,benchmar.htm,0000935069-03-000753,N-30D,SEC-RYDEX-NDX,,Patterson Dental Co,Patterson Dental Co,,,51900.0,2383767.0,0.0
2003-03-31,2003-06-04,benchmar.htm,0000935069-03-000753,N-30D,SEC-RYDEX-NDX,,"Ross Stores, Inc","Ross Stores, Inc",,,64100.0,2317215.0,0.0
2003-03-31,2003-06-04,benchmar.htm,0000935069-03-000753,N-30D,SEC-RYDEX-NDX,,First Health Group Corp,First Health Group Corp,,,90800.0,2309952.0,0.0
2003-03-31,2003-06-04,benchmar.htm,0000935069-03-000753,N-30D,SEC-RYDEX-NDX,,American Power Conversion,American Power Conversion,,,156600.0,2229984.0,0.0
2003-03-31,2003-06-04,benchmar.htm,0000935069-03-000753,N-30D,SEC-RYDEX-NDX,,"Millennium Pharmaceuticals, Inc","Millennium Pharmaceuticals, Inc",,,269900.0,2121414.0,0.0
2003-03-31,2003-06-04,benchmar.htm,0000935069-03-000753,N-30D,SEC-RYDEX-NDX,,"Dentsply International, Inc","Dentsply International, Inc",,,60799.0,2115197.0,0.0
2003-03-31,2003-06-04,benchmar.htm,0000935069-03-000753,N-30D,SEC-RYDEX-NDX,,"Energy Equipment & Services 0.3% Patterson-UTI Energy, Inc","Energy Equipment & Services 0.3% Patterson-UTI Energy, Inc",,,65200.0,2109872.0,0.0
2003-03-31,2003-06-04,benchmar.htm,0000935069-03-000753,N-30D,SEC-RYDEX-NDX,,"Pixar, Inc","Pixar, Inc",,,38200.0,2065856.0,0.0
2003-03-31,2003-06-04,benchmar.htm,0000935069-03-000753,N-30D,SEC-RYDEX-NDX,,Nvidia Corp,Nvidia Corp,,,160700.0,2064995.0,0.0
2003-03-31,2003-06-04,benchmar.htm,0000935069-03-000753,N-30D,SEC-RYDEX-NDX,,Lamar Advertising Co,Lamar Advertising Co,,,69600.0,2042760.0,0.0
2003-03-31,2003-06-04,benchmar.htm,0000935069-03-000753,N-30D,SEC-RYDEX-NDX,,"C.H. Robinson Worldwide, Inc","C.H. Robinson Worldwide, Inc",,,62100.0,2030670.0,0.0
2003-03-31,2003-06-04,benchmar.htm,0000935069-03-000753,N-30D,SEC-RYDEX-NDX,,"Check Point Software Technologies, Ltd","Check Point Software Technologies, Ltd",,,140300.0,2030141.0,0.0
2003-03-31,2003-06-04,benchmar.htm,0000935069-03-000753,N-30D,SEC-RYDEX-NDX,,RyanAir Holdings PLC ADR,RyanAir Holdings PLC ADR,,,48700.0,2019589.0,0.0
2003-03-31,2003-06-04,benchmar.htm,0000935069-03-000753,N-30D,SEC-RYDEX-NDX,,JDS Uniphase Corp,JDS Uniphase Corp,,,704790.0,2008652.0,0.0
2003-03-31,2003-06-04,benchmar.htm,0000935069-03-000753,N-30D,SEC-RYDEX-NDX,,"VeriSign, Inc","VeriSign, Inc",,,229000.0,2001460.0,0.0
2003-03-31,2003-06-04,benchmar.htm,0000935069-03-000753,N-30D,SEC-RYDEX-NDX,,"Dollar Tree Stores, Inc","Dollar Tree Stores, Inc",,,95600.0,1902440.0,0.0
2003-03-31,2003-06-04,benchmar.htm,0000935069-03-000753,N-30D,SEC-RYDEX-NDX,,Mercury Interactive Corp,Mercury Interactive Corp,,,63100.0,1872808.0,0.0
2003-03-31,2003-06-04,benchmar.htm,0000935069-03-000753,N-30D,SEC-RYDEX-NDX,,"Siebel Systems, Inc","Siebel Systems, Inc",,,230000.0,1842300.0,0.0
2003-03-31,2003-06-04,benchmar.htm,0000935069-03-000753,N-30D,SEC-RYDEX-NDX,,"Communications Systems, Inc","Communications Systems, Inc",,,354900.0,1731912.0,0.0
2003-03-31,2003-06-04,benchmar.htm,0000935069-03-000753,N-30D,SEC-RYDEX-NDX,,Trading Companies & Distributors 0.2% Fastenal Co,Trading Companies & Distributors 0.2% Fastenal Co,,,60898.0,1716715.0,0.0
2003-03-31,2003-06-04,benchmar.htm,0000935069-03-000753,N-30D,SEC-RYDEX-NDX,,"Comverse Technology, Inc","Comverse Technology, Inc",,,142700.0,1613937.0,0.0
2003-03-31,2003-06-04,benchmar.htm,0000935069-03-000753,N-30D,SEC-RYDEX-NDX,,Broadcom Corp,Broadcom Corp,,,129200.0,1595620.0,0.0
2003-03-31,2003-06-04,benchmar.htm,0000935069-03-000753,N-30D,SEC-RYDEX-NDX,,Gentex Corp,Gentex Corp,,,62597.0,1592468.0,0.0
2003-03-31,2003-06-04,benchmar.htm,0000935069-03-000753,N-30D,SEC-RYDEX-NDX,,"Cephalon, Inc","Cephalon, Inc",,,39300.0,1569642.0,0.0
2003-03-31,2003-06-04,benchmar.htm,0000935069-03-000753,N-30D,SEC-RYDEX-NDX,,CIENA Corp,CIENA Corp,,,355500.0,1553535.0,0.0
2003-03-31,2003-06-04,benchmar.htm,0000935069-03-000753,N-30D,SEC-RYDEX-NDX,,"Henry Schein, Inc","Henry Schein, Inc",,,34200.0,1542420.0,0.0
2003-03-31,2003-06-04,benchmar.htm,0000935069-03-000753,N-30D,SEC-RYDEX-NDX,,"Tellabs, Inc","Tellabs, Inc",,,255900.0,1481661.0,0.0
2003-03-31,2003-06-04,benchmar.htm,0000935069-03-000753,N-30D,SEC-RYDEX-NDX,,"Juniper Networks, Inc","Juniper Networks, Inc",,,168500.0,1376645.0,0.0
2003-03-31,2003-06-04,benchmar.htm,0000935069-03-000753,N-30D,SEC-RYDEX-NDX,,"Petsmart, Inc","Petsmart, Inc",,,106897.0,1346902.0,0.0
2003-03-31,2003-06-04,benchmar.htm,0000935069-03-000753,N-30D,SEC-RYDEX-NDX,,"ADC Telecommunications, Inc","ADC Telecommunications, Inc",,,601790.0,1239687.0,0.0
2003-03-31,2003-06-04,benchmar.htm,0000935069-03-000753,N-30D,SEC-RYDEX-NDX,,Invitrogen Corp,Invitrogen Corp,,,37500.0,1148625.0,0.0
2003-03-31,2003-06-04,benchmar.htm,0000935069-03-000753,N-30D,SEC-RYDEX-NDX,,"TMP Worldwide, Inc","TMP Worldwide, Inc",,,106000.0,1137380.0,0.0
2003-03-31,2003-06-04,benchmar.htm,0000935069-03-000753,N-30D,SEC-RYDEX-NDX,,Compuware Corp,Compuware Corp,,,310200.0,1051578.0,0.0
2003-03-31,2003-06-04,benchmar.htm,0000935069-03-000753,N-30D,SEC-RYDEX-NDX,,"Human Genome Sciences, Inc","Human Genome Sciences, Inc",,,117500.0,1004625.0,0.0
2003-03-31,2003-06-04,benchmar.htm,0000935069-03-000753,N-30D,SEC-RYDEX-NDX,,ICOS Corp,ICOS Corp,,,52500.0,982275.0,0.0
2003-03-31,2003-06-04,benchmar.htm,0000935069-03-000753,N-30D,SEC-RYDEX-NDX,,LM Ericsson SP ADR,LM Ericsson SP ADR,,,147100.0,935556.0,0.0
2003-03-31,2003-06-04,benchmar.htm,0000935069-03-000753,N-30D,SEC-RYDEX-NDX,,"RF Micro Devices, Inc","RF Micro Devices, Inc",,,104400.0,629428.0,0.0
2003-03-31,2003-06-04,benchmar.htm,0000935069-03-000753,N-30D,SEC-RYDEX-NDX,,OF INVESTMENTS March,OF INVESTMENTS March,,,31.0,2003.0,0.0
2003-03-31,2003-06-04,benchmar.htm,0000935069-03-000753,N-30D,SEC-RYDEX-NDX,,OF INVESTMENTS (continued) March,OF INVESTMENTS (continued) March,,,31.0,2003.0,0.0
2003-05-31,2003-07-31,a2114978zn-csr.txt,0001047469-03-025714,N-CSR,SEC-MORGAN-NDX,,of beneficial interest,of beneficial interest,,,7684799.0,18205255.0,0.0
2003-05-31,2003-07-31,a2114978zn-csr.txt,0001047469-03-025714,N-CSR,SEC-MORGAN-NDX,,Net Assets: Beginning of period,Net Assets: Beginning of period,,,25285362.0,14617743.0,0.0
2003-05-31,2003-07-31,a2114978zn-csr.txt,0001047469-03-025714,N-CSR,SEC-MORGAN-NDX,,Net Increase,Net Increase,,,10133604.0,10667619.0,0.0
2003-05-31,2003-07-31,a2114978zn-csr.txt,0001047469-03-025714,N-CSR,SEC-MORGAN-NDX,,Sold,Sold,,,1318094.0,7987491.0,0.0
2003-05-31,2003-07-31,a2114978zn-csr.txt,0001047469-03-025714,N-CSR,SEC-MORGAN-NDX,,Net increase in Fund,Net increase in Fund,,,1240579.0,7684799.0,0.0
2003-05-31,2003-07-31,a2114978zn-csr.txt,0001047469-03-025714,N-CSR,SEC-MORGAN-NDX,,Net increase -- Class B,Net increase -- Class B,,,882839.0,5436502.0,0.0
2003-05-31,2003-07-31,a2114978zn-csr.txt,0001047469-03-025714,N-CSR,SEC-MORGAN-NDX,,Microsoft Corp,Microsoft Corp,,,129500.0,3186995.0,0.0
2003-05-31,2003-07-31,a2114978zn-csr.txt,0001047469-03-025714,N-CSR,SEC-MORGAN-NDX,,Intel Corp,Intel Corp,,,80573.0,1679141.0,0.0
2003-05-31,2003-07-31,a2114978zn-csr.txt,0001047469-03-025714,N-CSR,SEC-MORGAN-NDX,,"Cisco Systems, Inc","Cisco Systems, Inc",,,89339.0,1454439.0,0.0
2003-05-31,2003-07-31,a2114978zn-csr.txt,0001047469-03-025714,N-CSR,SEC-MORGAN-NDX,,Amgen Inc,Amgen Inc,,,21179.0,1370493.0,0.0
2003-05-31,2003-07-31,a2114978zn-csr.txt,0001047469-03-025714,N-CSR,SEC-MORGAN-NDX,,Sold,Sold,,,212958.0,1314081.0,0.0
2003-05-31,2003-07-31,a2114978zn-csr.txt,0001047469-03-025714,N-CSR,SEC-MORGAN-NDX,,Sold,Sold,,,215240.0,1298925.0,0.0
2003-05-31,2003-07-31,a2114978zn-csr.txt,0001047469-03-025714,N-CSR,SEC-MORGAN-NDX,,QUALCOMM Inc,QUALCOMM Inc,,,33455.0,1123419.0,0.0
2003-05-31,2003-07-31,a2114978zn-csr.txt,0001047469-03-025714,N-CSR,SEC-MORGAN-NDX,,Dell Computer Corp,Dell Computer Corp,,,33363.0,1043928.0,0.0
2003-05-31,2003-07-31,a2114978zn-csr.txt,0001047469-03-025714,N-CSR,SEC-MORGAN-NDX,,Oracle Corp,Oracle Corp,,,77251.0,1005036.0,0.0
2003-05-31,2003-07-31,a2114978zn-csr.txt,0001047469-03-025714,N-CSR,SEC-MORGAN-NDX,,Comcast Corp. (Class A),Comcast Corp. (Class A),,,33363.0,1004560.0,0.0
2003-05-31,2003-07-31,a2114978zn-csr.txt,0001047469-03-025714,N-CSR,SEC-MORGAN-NDX,,Net increase -- Class D,Net increase -- Class D,,,156831.0,986262.0,0.0
2003-05-31,2003-07-31,a2114978zn-csr.txt,0001047469-03-025714,N-CSR,SEC-MORGAN-NDX,,Net increase -- Class C,Net increase -- Class C,,,133703.0,828200.0,0.0
2003-05-31,2003-07-31,a2114978zn-csr.txt,0001047469-03-025714,N-CSR,SEC-MORGAN-NDX,,"eBay, Inc","eBay, Inc",,,8096.0,823444.0,0.0
2003-05-31,2003-07-31,a2114978zn-csr.txt,0001047469-03-025714,N-CSR,SEC-MORGAN-NDX,,Sold,Sold,,,114235.0,716507.0,0.0
2003-05-31,2003-07-31,a2114978zn-csr.txt,0001047469-03-025714,N-CSR,SEC-MORGAN-NDX,,"USA Interactive, Inc","USA Interactive, Inc",,,17301.0,665223.0,0.0
2003-05-31,2003-07-31,a2114978zn-csr.txt,0001047469-03-025714,N-CSR,SEC-MORGAN-NDX,,"Maxim Integrated Products, Inc","Maxim Integrated Products, Inc",,,15920.0,624223.0,0.0
2003-05-31,2003-07-31,a2114978zn-csr.txt,0001047469-03-025714,N-CSR,SEC-MORGAN-NDX,,Bed Bath & Beyond Inc,Bed Bath & Beyond Inc,,,13904.0,581743.0,0.0
2003-05-31,2003-07-31,a2114978zn-csr.txt,0001047469-03-025714,N-CSR,SEC-MORGAN-NDX,,Linear Technology Corp,Linear Technology Corp,,,14703.0,534601.0,0.0
2003-05-31,2003-07-31,a2114978zn-csr.txt,0001047469-03-025714,N-CSR,SEC-MORGAN-NDX,,"Xilinx, Inc","Xilinx, Inc",,,15739.0,470124.0,0.0
2003-05-31,2003-07-31,a2114978zn-csr.txt,0001047469-03-025714,N-CSR,SEC-MORGAN-NDX,,"Applied Materials, Inc","Applied Materials, Inc",,,30098.0,468325.0,0.0
2003-05-31,2003-07-31,a2114978zn-csr.txt,0001047469-03-025714,N-CSR,SEC-MORGAN-NDX,,Starbucks Corp,Starbucks Corp,,,18949.0,466922.0,0.0
2003-05-31,2003-07-31,a2114978zn-csr.txt,0001047469-03-025714,N-CSR,SEC-MORGAN-NDX,,Genzyme Corp. (General Division),Genzyme Corp. (General Division),,,9458.0,449160.0,0.0
2003-05-31,2003-07-31,a2114978zn-csr.txt,0001047469-03-025714,N-CSR,SEC-MORGAN-NDX,,Net increase -- Class A,Net increase -- Class A,,,67206.0,433835.0,0.0
2003-05-31,2003-07-31,a2114978zn-csr.txt,0001047469-03-025714,N-CSR,SEC-MORGAN-NDX,,Intuit Inc,Intuit Inc,,,9111.0,419926.0,0.0
2003-05-31,2003-07-31,a2114978zn-csr.txt,0001047469-03-025714,N-CSR,SEC-MORGAN-NDX,,VERITAS Software Corp,VERITAS Software Corp,,,14798.0,410644.0,0.0
2003-05-31,2003-07-31,a2114978zn-csr.txt,0001047469-03-025714,N-CSR,SEC-MORGAN-NDX,,Chiron Corp,Chiron Corp,,,9195.0,405408.0,0.0
2003-05-31,2003-07-31,a2114978zn-csr.txt,0001047469-03-025714,N-CSR,SEC-MORGAN-NDX,,"Paychex, Inc","Paychex, Inc",,,12552.0,383087.0,0.0
2003-05-31,2003-07-31,a2114978zn-csr.txt,0001047469-03-025714,N-CSR,SEC-MORGAN-NDX,,KLA-Tencor Corp,KLA-Tencor Corp,,,8104.0,374648.0,0.0
2003-05-31,2003-07-31,a2114978zn-csr.txt,0001047469-03-025714,N-CSR,SEC-MORGAN-NDX,,Altera Corp,Altera Corp,,,18899.0,364373.0,0.0
2003-05-31,2003-07-31,a2114978zn-csr.txt,0001047469-03-025714,N-CSR,SEC-MORGAN-NDX,,"Apollo Group, Inc. (Class A)","Apollo Group, Inc. (Class A)",,,6215.0,363080.0,0.0
2003-05-31,2003-07-31,a2114978zn-csr.txt,0001047469-03-025714,N-CSR,SEC-MORGAN-NDX,,"Gilead Sciences, Inc","Gilead Sciences, Inc",,,6811.0,359348.0,0.0
2003-05-31,2003-07-31,a2114978zn-csr.txt,0001047469-03-025714,N-CSR,SEC-MORGAN-NDX,,Electronic Arts Inc,Electronic Arts Inc,,,5073.0,347805.0,0.0
2003-05-31,2003-07-31,a2114978zn-csr.txt,0001047469-03-025714,N-CSR,SEC-MORGAN-NDX,,"Biomet, Inc","Biomet, Inc",,,12260.0,337150.0,0.0
2003-05-31,2003-07-31,a2114978zn-csr.txt,0001047469-03-025714,N-CSR,SEC-MORGAN-NDX,,"MedImmune, Inc","MedImmune, Inc",,,9464.0,335499.0,0.0
2003-05-31,2003-07-31,a2114978zn-csr.txt,0001047469-03-025714,N-CSR,SEC-MORGAN-NDX,,"Amazon.com, Inc","Amazon.com, Inc",,,9064.0,325760.0,0.0
2003-05-31,2003-07-31,a2114978zn-csr.txt,0001047469-03-025714,N-CSR,SEC-MORGAN-NDX,,"Apple Computer, Inc","Apple Computer, Inc",,,17679.0,317692.0,0.0
2003-05-31,2003-07-31,a2114978zn-csr.txt,0001047469-03-025714,N-CSR,SEC-MORGAN-NDX,,Costco Wholesale Corp,Costco Wholesale Corp,,,8442.0,312776.0,0.0
2003-05-31,2003-07-31,a2114978zn-csr.txt,0001047469-03-025714,N-CSR,SEC-MORGAN-NDX,,"PACCAR, Inc","PACCAR, Inc",,,4576.0,303252.0,0.0
2003-05-31,2003-07-31,a2114978zn-csr.txt,0001047469-03-025714,N-CSR,SEC-MORGAN-NDX,,Yahoo! Inc,Yahoo! Inc,,,9988.0,298142.0,0.0
2003-05-31,2003-07-31,a2114978zn-csr.txt,0001047469-03-025714,N-CSR,SEC-MORGAN-NDX,,"Adobe Systems, Inc","Adobe Systems, Inc",,,7963.0,281014.0,0.0
2003-05-31,2003-07-31,a2114978zn-csr.txt,0001047469-03-025714,N-CSR,SEC-MORGAN-NDX,,"Fiserv, Inc","Fiserv, Inc",,,8445.0,279445.0,0.0
2003-05-31,2003-07-31,a2114978zn-csr.txt,0001047469-03-025714,N-CSR,SEC-MORGAN-NDX,,"Biogen, Inc","Biogen, Inc",,,6440.0,273314.0,0.0
2003-05-31,2003-07-31,a2114978zn-csr.txt,0001047469-03-025714,N-CSR,SEC-MORGAN-NDX,,Cintas Corp,Cintas Corp,,,7184.0,265952.0,0.0
2003-05-31,2003-07-31,a2114978zn-csr.txt,0001047469-03-025714,N-CSR,SEC-MORGAN-NDX,,"PeopleSoft, Inc","PeopleSoft, Inc",,,15550.0,254398.0,0.0
2003-05-31,2003-07-31,a2114978zn-csr.txt,0001047469-03-025714,N-CSR,SEC-MORGAN-NDX,,Symantec Corp,Symantec Corp,,,5431.0,245590.0,0.0
2003-05-31,2003-07-31,a2114978zn-csr.txt,0001047469-03-025714,N-CSR,SEC-MORGAN-NDX,,IDEC Pharmaceuticals Corp,IDEC Pharmaceuticals Corp,,,5901.0,225241.0,0.0
2003-05-31,2003-07-31,a2114978zn-csr.txt,0001047469-03-025714,N-CSR,SEC-MORGAN-NDX,,"Staples, Inc","Staples, Inc",,,11179.0,216761.0,0.0
2003-05-31,2003-07-31,a2114978zn-csr.txt,0001047469-03-025714,N-CSR,SEC-MORGAN-NDX,,"Network Appliance, Inc","Network Appliance, Inc",,,12476.0,212466.0,0.0
2003-05-31,2003-07-31,a2114978zn-csr.txt,0001047469-03-025714,N-CSR,SEC-MORGAN-NDX,,"Sun Microsystems, Inc","Sun Microsystems, Inc",,,48868.0,211598.0,0.0
2003-05-31,2003-07-31,a2114978zn-csr.txt,0001047469-03-025714,N-CSR,SEC-MORGAN-NDX,,"Flextronics International, Ltd","Flextronics International, Ltd",,,19799.0,209869.0,0.0
2003-05-31,2003-07-31,a2114978zn-csr.txt,0001047469-03-025714,N-CSR,SEC-MORGAN-NDX,,JDS Uniphase Corp,JDS Uniphase Corp,,,52650.0,203755.0,0.0
2003-05-31,2003-07-31,a2114978zn-csr.txt,0001047469-03-025714,N-CSR,SEC-MORGAN-NDX,,"Siebel Systems, Inc","Siebel Systems, Inc",,,20034.0,188119.0,0.0
2003-05-31,2003-07-31,a2114978zn-csr.txt,0001047469-03-025714,N-CSR,SEC-MORGAN-NDX,,"Novellus Systems, Inc","Novellus Systems, Inc",,,5361.0,185759.0,0.0
2003-05-31,2003-07-31,a2114978zn-csr.txt,0001047469-03-025714,N-CSR,SEC-MORGAN-NDX,,"Millennium Pharmaceuticals, Inc","Millennium Pharmaceuticals, Inc",,,11271.0,175264.0,0.0
2003-05-31,2003-07-31,a2114978zn-csr.txt,0001047469-03-025714,N-CSR,SEC-MORGAN-NDX,,QLogic Corp,QLogic Corp,,,3363.0,168453.0,0.0
2003-05-31,2003-07-31,a2114978zn-csr.txt,0001047469-03-025714,N-CSR,SEC-MORGAN-NDX,,Broadcom Corp. (Class A),Broadcom Corp. (Class A),,,6541.0,160124.0,0.0
2003-05-31,2003-07-31,a2114978zn-csr.txt,0001047469-03-025714,N-CSR,SEC-MORGAN-NDX,,"Express Scripts, Inc. (Class A)","Express Scripts, Inc. (Class A)",,,2444.0,159935.0,0.0
2003-05-31,2003-07-31,a2114978zn-csr.txt,0001047469-03-025714,N-CSR,SEC-MORGAN-NDX,,NVIDIA Corp,NVIDIA Corp,,,5992.0,156811.0,0.0
2003-05-31,2003-07-31,a2114978zn-csr.txt,0001047469-03-025714,N-CSR,SEC-MORGAN-NDX,,"Citrix Systems, Inc","Citrix Systems, Inc",,,7144.0,155954.0,0.0
2003-05-31,2003-07-31,a2114978zn-csr.txt,0001047469-03-025714,N-CSR,SEC-MORGAN-NDX,,"Synopsys, Inc","Synopsys, Inc",,,2412.0,147831.0,0.0
2003-05-31,2003-07-31,a2114978zn-csr.txt,0001047469-03-025714,N-CSR,SEC-MORGAN-NDX,,"BEA Systems, Inc","BEA Systems, Inc",,,13381.0,145050.0,0.0
2003-05-31,2003-07-31,a2114978zn-csr.txt,0001047469-03-025714,N-CSR,SEC-MORGAN-NDX,,Microchip Technology Inc,Microchip Technology Inc,,,5947.0,141598.0,0.0
2003-05-31,2003-07-31,a2114978zn-csr.txt,0001047469-03-025714,N-CSR,SEC-MORGAN-NDX,,June/2003,June/2003,,,1582680.0,135640.0,0.0
2003-05-31,2003-07-31,a2114978zn-csr.txt,0001047469-03-025714,N-CSR,SEC-MORGAN-NDX,,PanAmSat Corp,PanAmSat Corp,,,7110.0,133739.0,0.0
2003-05-31,2003-07-31,a2114978zn-csr.txt,0001047469-03-025714,N-CSR,SEC-MORGAN-NDX,,Sigma-Aldrich Corp,Sigma-Aldrich Corp,,,2408.0,125962.0,0.0
2003-05-31,2003-07-31,a2114978zn-csr.txt,0001047469-03-025714,N-CSR,SEC-MORGAN-NDX,,"CDW Computer Centers, Inc","CDW Computer Centers, Inc",,,3069.0,125031.0,0.0
2003-05-31,2003-07-31,a2114978zn-csr.txt,0001047469-03-025714,N-CSR,SEC-MORGAN-NDX,,Smurfit-Stone Container Corp,Smurfit-Stone Container Corp,,,8423.0,124829.0,0.0
2003-05-31,2003-07-31,a2114978zn-csr.txt,0001047469-03-025714,N-CSR,SEC-MORGAN-NDX,,Mercury Interactive Corp,Mercury Interactive Corp,,,3161.0,124259.0,0.0
2003-05-31,2003-07-31,a2114978zn-csr.txt,0001047469-03-025714,N-CSR,SEC-MORGAN-NDX,,"Juniper Networks, Inc","Juniper Networks, Inc",,,8695.0,120687.0,0.0
2003-05-31,2003-07-31,a2114978zn-csr.txt,0001047469-03-025714,N-CSR,SEC-MORGAN-NDX,,"VeriSign, Inc","VeriSign, Inc",,,7874.0,117953.0,0.0
2003-05-31,2003-07-31,a2114978zn-csr.txt,0001047469-03-025714,N-CSR,SEC-MORGAN-NDX,,"Ross Stores, Inc","Ross Stores, Inc",,,2685.0,113334.0,0.0
2003-05-31,2003-07-31,a2114978zn-csr.txt,0001047469-03-025714,N-CSR,SEC-MORGAN-NDX,,"Dollar Tree Stores, Inc","Dollar Tree Stores, Inc",,,3861.0,111969.0,0.0
2003-05-31,2003-07-31,a2114978zn-csr.txt,0001047469-03-025714,N-CSR,SEC-MORGAN-NDX,,"Lincare Holdings, Inc","Lincare Holdings, Inc",,,3584.0,110638.0,0.0
2003-05-31,2003-07-31,a2114978zn-csr.txt,0001047469-03-025714,N-CSR,SEC-MORGAN-NDX,,"Whole Foods Market, Inc","Whole Foods Market, Inc",,,2014.0,109864.0,0.0
2003-05-31,2003-07-31,a2114978zn-csr.txt,0001047469-03-025714,N-CSR,SEC-MORGAN-NDX,,Sanmina-SCI Corp,Sanmina-SCI Corp,,,19118.0,109355.0,0.0
2003-05-31,2003-07-31,a2114978zn-csr.txt,0001047469-03-025714,N-CSR,SEC-MORGAN-NDX,,"C.H. Robinson Worldwide, Inc","C.H. Robinson Worldwide, Inc",,,2937.0,109168.0,0.0
2003-05-31,2003-07-31,a2114978zn-csr.txt,0001047469-03-025714,N-CSR,SEC-MORGAN-NDX,,Reinvestment of distributions,Reinvestment of distributions,,,18748.0,109113.0,0.0
2003-05-31,2003-07-31,a2114978zn-csr.txt,0001047469-03-025714,N-CSR,SEC-MORGAN-NDX,,American Power Conversion Corp,American Power Conversion Corp,,,6931.0,107500.0,0.0
2003-05-31,2003-07-31,a2114978zn-csr.txt,0001047469-03-025714,N-CSR,SEC-MORGAN-NDX,,"Patterson-UTI Energy, Inc","Patterson-UTI Energy, Inc",,,2907.0,106367.0,0.0
2003-05-31,2003-07-31,a2114978zn-csr.txt,0001047469-03-025714,N-CSR,SEC-MORGAN-NDX,,"Comverse Technology, Inc","Comverse Technology, Inc",,,6853.0,104234.0,0.0
2003-05-31,2003-07-31,a2114978zn-csr.txt,0001047469-03-025714,N-CSR,SEC-MORGAN-NDX,,CIENA Corp,CIENA Corp,,,18095.0,104046.0,0.0
2003-05-31,2003-07-31,a2114978zn-csr.txt,0001047469-03-025714,N-CSR,SEC-MORGAN-NDX,,"Pixar, Inc","Pixar, Inc",,,1820.0,102739.0,0.0
2003-05-31,2003-07-31,a2114978zn-csr.txt,0001047469-03-025714,N-CSR,SEC-MORGAN-NDX,,Lamar Advertising Co,Lamar Advertising Co,,,2868.0,101126.0,0.0
2003-05-31,2003-07-31,a2114978zn-csr.txt,0001047469-03-025714,N-CSR,SEC-MORGAN-NDX,,Patterson Dental Co,Patterson Dental Co,,,2293.0,100823.0,0.0
2003-05-31,2003-07-31,a2114978zn-csr.txt,0001047469-03-025714,N-CSR,SEC-MORGAN-NDX,,"DENTSPLY International, Inc","DENTSPLY International, Inc",,,2645.0,98897.0,0.0
2003-05-31,2003-07-31,a2114978zn-csr.txt,0001047469-03-025714,N-CSR,SEC-MORGAN-NDX,,"ADC Telecommunications, Inc","ADC Telecommunications, Inc",,,35194.0,94672.0,0.0
2003-05-31,2003-07-31,a2114978zn-csr.txt,0001047469-03-025714,N-CSR,SEC-MORGAN-NDX,,Molex Inc,Molex Inc,,,3455.0,94529.0,0.0
2003-05-31,2003-07-31,a2114978zn-csr.txt,0001047469-03-025714,N-CSR,SEC-MORGAN-NDX,,First Health Group Corp,First Health Group Corp,,,3473.0,89117.0,0.0
2003-05-31,2003-07-31,a2114978zn-csr.txt,0001047469-03-025714,N-CSR,SEC-MORGAN-NDX,,Ryanair Holdings PLC (ADR) (Ireland),Ryanair Holdings PLC (ADR) (Ireland),,,2136.0,88580.0,0.0
2003-05-31,2003-07-31,a2114978zn-csr.txt,0001047469-03-025714,N-CSR,SEC-MORGAN-NDX,,Gentex Corp,Gentex Corp,,,2790.0,86881.0,0.0
2003-05-31,2003-07-31,a2114978zn-csr.txt,0001047469-03-025714,N-CSR,SEC-MORGAN-NDX,,Fastenal Co,Fastenal Co,,,2551.0,85280.0,0.0
2003-05-31,2003-07-31,a2114978zn-csr.txt,0001047469-03-025714,N-CSR,SEC-MORGAN-NDX,,"PETSMART, Inc","PETSMART, Inc",,,4847.0,83805.0,0.0
2003-05-31,2003-07-31,a2114978zn-csr.txt,0001047469-03-025714,N-CSR,SEC-MORGAN-NDX,,Monster Worldwide Inc,Monster Worldwide Inc,,,4193.0,83273.0,0.0
2003-05-31,2003-07-31,a2114978zn-csr.txt,0001047469-03-025714,N-CSR,SEC-MORGAN-NDX,,"Cephalon, Inc","Cephalon, Inc",,,1776.0,80257.0,0.0
2003-05-31,2003-07-31,a2114978zn-csr.txt,0001047469-03-025714,N-CSR,SEC-MORGAN-NDX,,"Henry Schein, Inc","Henry Schein, Inc",,,1438.0,70692.0,0.0
2003-05-31,2003-07-31,a2114978zn-csr.txt,0001047469-03-025714,N-CSR,SEC-MORGAN-NDX,,ICOS Corp,ICOS Corp,,,2121.0,67278.0,0.0
2003-05-31,2003-07-31,a2114978zn-csr.txt,0001047469-03-025714,N-CSR,SEC-MORGAN-NDX,,"Human Genome Sciences, Inc","Human Genome Sciences, Inc",,,4510.0,66071.0,0.0
2003-05-31,2003-07-31,a2114978zn-csr.txt,0001047469-03-025714,N-CSR,SEC-MORGAN-NDX,,"Tellabs, Inc","Tellabs, Inc",,,8257.0,65561.0,0.0
2003-05-31,2003-07-31,a2114978zn-csr.txt,0001047469-03-025714,N-CSR,SEC-MORGAN-NDX,,Invitrogen Corp,Invitrogen Corp,,,1651.0,64422.0,0.0
2003-05-31,2003-07-31,a2114978zn-csr.txt,0001047469-03-025714,N-CSR,SEC-MORGAN-NDX,,June/2003,June/2003,,,839300.0,60844.0,0.0
2003-05-31,2003-07-31,a2114978zn-csr.txt,0001047469-03-025714,N-CSR,SEC-MORGAN-NDX,,"Brocade Communications Systems, Inc","Brocade Communications Systems, Inc",,,9170.0,55662.0,0.0
2003-05-31,2003-07-31,a2114978zn-csr.txt,0001047469-03-025714,N-CSR,SEC-MORGAN-NDX,,Compuware Corp,Compuware Corp,,,8199.0,49768.0,0.0
2003-05-31,2003-07-31,a2114978zn-csr.txt,0001047469-03-025714,N-CSR,SEC-MORGAN-NDX,,"RF Micro Devices, Inc","RF Micro Devices, Inc",,,7323.0,41302.0,0.0
2003-05-31,2003-07-31,a2114978zn-csr.txt,0001047469-03-025714,N-CSR,SEC-MORGAN-NDX,,Reinvestment of distributions,Reinvestment of distributions,,,4491.0,26185.0,0.0
2003-05-31,2003-07-31,a2114978zn-csr.txt,0001047469-03-025714,N-CSR,SEC-MORGAN-NDX,,"(Exact name of registrant as specified in charter) Avenue of the Americas, New York, New York","(Exact name of registrant as specified in charter) Avenue of the Americas, New York, New York",,,1221.0,10020.0,0.0
2003-05-31,2003-07-31,a2114978zn-csr.txt,0001047469-03-025714,N-CSR,SEC-MORGAN-NDX,,"(Address of principal executive offices) (Zip code) Ronald E. Robison Avenue of the Americas, New York, New York","(Address of principal executive offices) (Zip code) Ronald E. Robison Avenue of the Americas, New York, New York",,,1221.0,10020.0,0.0
2003-05-31,2003-07-31,a2114978zn-csr.txt,0001047469-03-025714,N-CSR,SEC-MORGAN-NDX,,Reinvestment of distributions,Reinvestment of distributions,,,936.0,5497.0,0.0
2003-05-31,2003-07-31,a2114978zn-csr.txt,0001047469-03-025714,N-CSR,SEC-MORGAN-NDX,,Reinvestment of distributions,Reinvestment of distributions,,,448.0,2633.0,0.0
2003-05-31,2003-07-31,a2114978zn-csr.txt,0001047469-03-025714,N-CSR,SEC-MORGAN-NDX,,"approximately $1,314,000 which will be available through November","approximately $1,314,000 which will be available through November",,,30.0,2010.0,0.0
2003-05-31,2003-07-31,a2114978zn-csr.txt,0001047469-03-025714,N-CSR,SEC-MORGAN-NDX,,Date of fiscal year end: November,Date of fiscal year end: November,,,30.0,2003.0,0.0
2003-05-31,2003-07-31,a2114978zn-csr.txt,0001047469-03-025714,N-CSR,SEC-MORGAN-NDX,,Date of reporting period: May,Date of reporting period: May,,,31.0,2003.0,0.0
2003-05-31,2003-07-31,a2114978zn-csr.txt,0001047469-03-025714,N-CSR,SEC-MORGAN-NDX,,LETTER TO THE SHAREHOLDERS / / MAY,LETTER TO THE SHAREHOLDERS / / MAY,,,31.0,2003.0,0.0
2003-05-31,2003-07-31,a2114978zn-csr.txt,0001047469-03-025714,N-CSR,SEC-MORGAN-NDX,,Dear Shareholder: During the six-month period ending May,Dear Shareholder: During the six-month period ending May,,,31.0,2003.0,0.0
2003-05-31,2003-07-31,a2114978zn-csr.txt,0001047469-03-025714,N-CSR,SEC-MORGAN-NDX,,"25.86 percent, as of May 31, 2003 from its February","25.86 percent, as of May 31, 2003 from its February",,,13.0,2003.0,0.0
2003-05-31,2003-07-31,a2114978zn-csr.txt,0001047469-03-025714,N-CSR,SEC-MORGAN-NDX,,"November 30, 2002 through May","November 30, 2002 through May",,,31.0,2003.0,0.0
2003-05-31,2003-07-31,a2114978zn-csr.txt,0001047469-03-025714,N-CSR,SEC-MORGAN-NDX,,"tax cut includes significant reductions of personal income tax rates, and cuts in taxes on capital gains and dividends. Performance For the six-month period ending May","tax cut includes significant reductions of personal income tax rates, and cuts in taxes on capital gains and dividends. Performance For the six-month period ending May",,,31.0,2003.0,0.0
2003-05-31,2003-07-31,a2114978zn-csr.txt,0001047469-03-025714,N-CSR,SEC-MORGAN-NDX,,FUND PERFORMANCE / / MAY,FUND PERFORMANCE / / MAY,,,31.0,2003.0,0.0
2003-05-31,2003-07-31,a2114978zn-csr.txt,0001047469-03-025714,N-CSR,SEC-MORGAN-NDX,,AVERAGE ANNUAL TOTAL RETURNS -- PERIOD ENDED MAY,AVERAGE ANNUAL TOTAL RETURNS -- PERIOD ENDED MAY,,,31.0,2003.0,0.0
2003-05-31,2003-07-31,a2114978zn-csr.txt,0001047469-03-025714,N-CSR,SEC-MORGAN-NDX,,PORTFOLIO OF INVESTMENTS / / MAY,PORTFOLIO OF INVESTMENTS / / MAY,,,31.0,2003.0,0.0
2003-05-31,2003-07-31,a2114978zn-csr.txt,0001047469-03-025714,N-CSR,SEC-MORGAN-NDX,,FINANCIAL STATEMENTS Statement of Assets and Liabilities MAY,FINANCIAL STATEMENTS Statement of Assets and Liabilities MAY,,,31.0,2003.0,0.0
2003-05-31,2003-07-31,a2114978zn-csr.txt,0001047469-03-025714,N-CSR,SEC-MORGAN-NDX,,Statement of Operations FOR THE SIX MONTHS ENDED MAY,Statement of Operations FOR THE SIX MONTHS ENDED MAY,,,31.0,2003.0,0.0
2003-05-31,2003-07-31,a2114978zn-csr.txt,0001047469-03-025714,N-CSR,SEC-MORGAN-NDX,,NOTES TO FINANCIAL STATEMENTS / / MAY,NOTES TO FINANCIAL STATEMENTS / / MAY,,,31.0,2003.0,0.0
2003-05-31,2003-07-31,a2114978zn-csr.txt,0001047469-03-025714,N-CSR,SEC-MORGAN-NDX,,million of net assets or December,million of net assets or December,,,31.0,2003.0,0.0
2003-05-31,2003-07-31,a2114978zn-csr.txt,0001047469-03-025714,N-CSR,SEC-MORGAN-NDX,,For the six months ended May,For the six months ended May,,,31.0,2003.0,0.0
2003-05-31,2003-07-31,a2114978zn-csr.txt,0001047469-03-025714,N-CSR,SEC-MORGAN-NDX,,"short-term investments, for the six months ended May","short-term investments, for the six months ended May",,,31.0,2003.0,0.0
2003-05-31,2003-07-31,a2114978zn-csr.txt,0001047469-03-025714,N-CSR,SEC-MORGAN-NDX,,the Fund's transfer agent. At May,the Fund's transfer agent. At May,,,31.0,2003.0,0.0
2003-05-31,2003-07-31,a2114978zn-csr.txt,0001047469-03-025714,N-CSR,SEC-MORGAN-NDX,,At May,At May,,,31.0,2003.0,0.0
2003-05-31,2003-07-31,a2114978zn-csr.txt,0001047469-03-025714,N-CSR,SEC-MORGAN-NDX,,arise upon entering into these contracts from the potential inability of the counter parties to meet the terms of their contracts. At May,arise upon entering into these contracts from the potential inability of the counter parties to meet the terms of their contracts. At May,,,31.0,2003.0,0.0
2003-05-31,2003-07-31,a2114978zn-csr.txt,0001047469-03-025714,N-CSR,SEC-MORGAN-NDX,,SEMIANNUAL REPORT MAY,SEMIANNUAL REPORT MAY,,,31.0,2003.0,0.0
2003-05-31,2003-07-31,a2114978zn-csr.txt,0001047469-03-025714,N-CSR,SEC-MORGAN-NDX,,Ronald E. Robison Principal Executive Officer July,Ronald E. Robison Principal Executive Officer July,,,22.0,2003.0,0.0
2003-05-31,2003-07-31,a2114978zn-csr.txt,0001047469-03-025714,N-CSR,SEC-MORGAN-NDX,,indicated. Ronald E. Robison Principal Executive Officer July,indicated. Ronald E. Robison Principal Executive Officer July,,,22.0,2003.0,0.0
2003-05-31,2003-07-31,a2114978zn-csr.txt,0001047469-03-025714,N-CSR,SEC-MORGAN-NDX,,Francis Smith Principal Financial Officer July,Francis Smith Principal Financial Officer July,,,22.0,2003.0,0.0
2003-05-31,2003-07-31,a2114978zn-csr.txt,0001047469-03-025714,N-CSR,SEC-MORGAN-NDX,,"Statement of Changes in Net Assets FOR THE SIX FOR THE YEAR MONTHS ENDED ENDED MAY 31, 2003 NOVEMBER","Statement of Changes in Net Assets FOR THE SIX FOR THE YEAR MONTHS ENDED ENDED MAY 31, 2003 NOVEMBER",,,30.0,2002.0,0.0
2003-05-31,2003-07-31,a2114978zn-csr.txt,0001047469-03-025714,N-CSR,SEC-MORGAN-NDX,,"FOR THE SIX FOR THE YEAR MONTHS ENDED ENDED MAY 31, 2003 NOVEMBER","FOR THE SIX FOR THE YEAR MONTHS ENDED ENDED MAY 31, 2003 NOVEMBER",,,30.0,2002.0,0.0
2003-05-31,2003-07-31,a2114978zn-csr.txt,0001047469-03-025714,N-CSR,SEC-MORGAN-NDX,,As of November,As of November,,,30.0,2002.0,0.0
2003-05-31,2003-07-31,a2114978zn-csr.txt,0001047469-03-025714,N-CSR,SEC-MORGAN-NDX,,"MONTHS ENDED ENDED THROUGH MAY 31, 2003 NOVEMBER 30, 2002 NOVEMBER","MONTHS ENDED ENDED THROUGH MAY 31, 2003 NOVEMBER 30, 2002 NOVEMBER",,,30.0,2001.0,0.0
2003-05-31,2003-07-31,a2114978zn-csr.txt,0001047469-03-025714,N-CSR,SEC-MORGAN-NDX,,Year 0.11%(1) (5.15)%(2),Year 0.11%(1) (5.15)%(2),,,1.0,1.0,0.0
2003-05-31,2003-07-31,a2114978zn-csr.txt,0001047469-03-025714,N-CSR,SEC-MORGAN-NDX,,Year (0.63)%(1) (1.61)%(2),Year (0.63)%(1) (1.61)%(2),,,1.0,1.0,0.0
2003-09-30,2003-11-28,ncsrs.txt,0000935069-03-001570,N-CSRS,SEC-RYDEX-NDX,,Microsoft Corp.+,Microsoft Corp.+,,,3056800.0,84948472.0,0.0
2003-09-30,2003-11-28,ncsrs.txt,0000935069-03-001570,N-CSRS,SEC-RYDEX-NDX,,Intel Corp,Intel Corp,,,2015100.0,55435401.0,0.0
2003-09-30,2003-11-28,ncsrs.txt,0000935069-03-001570,N-CSRS,SEC-RYDEX-NDX,,"Cisco Systems, Inc.*+","Cisco Systems, Inc.*+",,,2054800.0,40150792.0,0.0
2003-09-30,2003-11-28,ncsrs.txt,0000935069-03-001570,N-CSRS,SEC-RYDEX-NDX,,"QUALCOMM, Inc.+","QUALCOMM, Inc.+",,,884500.0,36830580.0,0.0
2003-09-30,2003-11-28,ncsrs.txt,0000935069-03-001570,N-CSRS,SEC-RYDEX-NDX,,"Amgen, Inc.*+","Amgen, Inc.*+",,,525300.0,33918621.0,0.0
2003-09-30,2003-11-28,ncsrs.txt,0000935069-03-001570,N-CSRS,SEC-RYDEX-NDX,,"Dell, Inc","Dell, Inc",,,906300.0,30261357.0,0.0
2003-09-30,2003-11-28,ncsrs.txt,0000935069-03-001570,N-CSRS,SEC-RYDEX-NDX,,Comcast Corp.-- Class A*+,Comcast Corp.-- Class A*+,,,760900.0,23496592.0,0.0
2003-09-30,2003-11-28,ncsrs.txt,0000935069-03-001570,N-CSRS,SEC-RYDEX-NDX,,"eBay, Inc.*+","eBay, Inc.*+",,,390800.0,20911708.0,0.0
2003-09-30,2003-11-28,ncsrs.txt,0000935069-03-001570,N-CSRS,SEC-RYDEX-NDX,,InterActiveCorp*+,InterActiveCorp*+,,,621000.0,20524050.0,0.0
2003-09-30,2003-11-28,ncsrs.txt,0000935069-03-001570,N-CSRS,SEC-RYDEX-NDX,,"Nextel Communications, Inc.--Class A*+","Nextel Communications, Inc.--Class A*+",,,1041100.0,20499259.0,0.0
2003-09-30,2003-11-28,ncsrs.txt,0000935069-03-001570,N-CSRS,SEC-RYDEX-NDX,,Oracle Corp,Oracle Corp,,,1516500.0,17015130.0,0.0
2003-09-30,2003-11-28,ncsrs.txt,0000935069-03-001570,N-CSRS,SEC-RYDEX-NDX,,"Maxim Integrated Products, Inc.+","Maxim Integrated Products, Inc.+",,,412900.0,16309550.0,0.0
2003-09-30,2003-11-28,ncsrs.txt,0000935069-03-001570,N-CSRS,SEC-RYDEX-NDX,,"Intuit, Inc.*+","Intuit, Inc.*+",,,306603.0,14790529.0,0.0
2003-09-30,2003-11-28,ncsrs.txt,0000935069-03-001570,N-CSRS,SEC-RYDEX-NDX,,Linear Technology Corp.+,Linear Technology Corp.+,,,384400.0,13765364.0,0.0
2003-09-30,2003-11-28,ncsrs.txt,0000935069-03-001570,N-CSRS,SEC-RYDEX-NDX,,"Gilead Sciences, Inc.*+","Gilead Sciences, Inc.*+",,,226000.0,12640180.0,0.0
2003-09-30,2003-11-28,ncsrs.txt,0000935069-03-001570,N-CSRS,SEC-RYDEX-NDX,,Starbucks Corp.*+,Starbucks Corp.*+,,,434900.0,12525120.0,0.0
2003-09-30,2003-11-28,ncsrs.txt,0000935069-03-001570,N-CSRS,SEC-RYDEX-NDX,,"Xilinx, Inc.*+","Xilinx, Inc.*+",,,439100.0,12518741.0,0.0
2003-09-30,2003-11-28,ncsrs.txt,0000935069-03-001570,N-CSRS,SEC-RYDEX-NDX,,"Bed Bath & Beyond, Inc.*+","Bed Bath & Beyond, Inc.*+",,,323700.0,12358866.0,0.0
2003-09-30,2003-11-28,ncsrs.txt,0000935069-03-001570,N-CSRS,SEC-RYDEX-NDX,,"Applied Materials, Inc.*+","Applied Materials, Inc.*+",,,629700.0,11422758.0,0.0
2003-09-30,2003-11-28,ncsrs.txt,0000935069-03-001570,N-CSRS,SEC-RYDEX-NDX,,Altera Corp,Altera Corp,,,599800.0,11336220.0,0.0
2003-09-30,2003-11-28,ncsrs.txt,0000935069-03-001570,N-CSRS,SEC-RYDEX-NDX,,KLA-Tencor Corp.*+,KLA-Tencor Corp.*+,,,216300.0,11117820.0,0.0
2003-09-30,2003-11-28,ncsrs.txt,0000935069-03-001570,N-CSRS,SEC-RYDEX-NDX,,Genzyme Corp.*+,Genzyme Corp.*+,,,238600.0,11035250.0,0.0
2003-09-30,2003-11-28,ncsrs.txt,0000935069-03-001570,N-CSRS,SEC-RYDEX-NDX,,Veritas Software Corp.*+,Veritas Software Corp.*+,,,329600.0,10349440.0,0.0
2003-09-30,2003-11-28,ncsrs.txt,0000935069-03-001570,N-CSRS,SEC-RYDEX-NDX,,"Amazon.com, Inc.*+","Amazon.com, Inc.*+",,,213200.0,10310352.0,0.0
2003-09-30,2003-11-28,ncsrs.txt,0000935069-03-001570,N-CSRS,SEC-RYDEX-NDX,,"Apollo Group, Inc.-- Class A*+","Apollo Group, Inc.-- Class A*+",,,147200.0,9719616.0,0.0
2003-09-30,2003-11-28,ncsrs.txt,0000935069-03-001570,N-CSRS,SEC-RYDEX-NDX,,"Biogen, Inc.*+","Biogen, Inc.*+",,,235600.0,9006988.0,0.0
2003-09-30,2003-11-28,ncsrs.txt,0000935069-03-001570,N-CSRS,SEC-RYDEX-NDX,,"Yahoo!, Inc.*+","Yahoo!, Inc.*+",,,239800.0,8484124.0,0.0
2003-09-30,2003-11-28,ncsrs.txt,0000935069-03-001570,N-CSRS,SEC-RYDEX-NDX,,"PACCAR, Inc.+","PACCAR, Inc.+",,,105500.0,7879795.0,0.0
2003-09-30,2003-11-28,ncsrs.txt,0000935069-03-001570,N-CSRS,SEC-RYDEX-NDX,,"PeopleSoft, Inc.*+","PeopleSoft, Inc.*+",,,422200.0,7679818.0,0.0
2003-09-30,2003-11-28,ncsrs.txt,0000935069-03-001570,N-CSRS,SEC-RYDEX-NDX,,Check Point Software Technologies Ltd.*+,Check Point Software Technologies Ltd.*+,,,446300.0,7497840.0,0.0
2003-09-30,2003-11-28,ncsrs.txt,0000935069-03-001570,N-CSRS,SEC-RYDEX-NDX,,EchoStar Communications Corp.*+,EchoStar Communications Corp.*+,,,193700.0,7412899.0,0.0
2003-09-30,2003-11-28,ncsrs.txt,0000935069-03-001570,N-CSRS,SEC-RYDEX-NDX,,"Apple Computer, Inc.*+","Apple Computer, Inc.*+",,,353700.0,7296831.0,0.0
2003-09-30,2003-11-28,ncsrs.txt,0000935069-03-001570,N-CSRS,SEC-RYDEX-NDX,,"Microchip Technology, Inc.+","Microchip Technology, Inc.+",,,292700.0,7007238.0,0.0
2003-09-30,2003-11-28,ncsrs.txt,0000935069-03-001570,N-CSRS,SEC-RYDEX-NDX,,"Electronic Arts, Inc.*+","Electronic Arts, Inc.*+",,,72400.0,6677452.0,0.0
2003-09-30,2003-11-28,ncsrs.txt,0000935069-03-001570,N-CSRS,SEC-RYDEX-NDX,,Chiron Corp.*+,Chiron Corp.*+,,,128800.0,6657672.0,0.0
2003-09-30,2003-11-28,ncsrs.txt,0000935069-03-001570,N-CSRS,SEC-RYDEX-NDX,,"Adobe Systems, Inc","Adobe Systems, Inc",,,169000.0,6634940.0,0.0
2003-09-30,2003-11-28,ncsrs.txt,0000935069-03-001570,N-CSRS,SEC-RYDEX-NDX,,"Synopsys, Inc.*+","Synopsys, Inc.*+",,,214600.0,6603242.0,0.0
2003-09-30,2003-11-28,ncsrs.txt,0000935069-03-001570,N-CSRS,SEC-RYDEX-NDX,,"Cephalon, Inc.*+","Cephalon, Inc.*+",,,138900.0,6378288.0,0.0
2003-09-30,2003-11-28,ncsrs.txt,0000935069-03-001570,N-CSRS,SEC-RYDEX-NDX,,Cintas Corp.+,Cintas Corp.+,,,170700.0,6288588.0,0.0
2003-09-30,2003-11-28,ncsrs.txt,0000935069-03-001570,N-CSRS,SEC-RYDEX-NDX,,"Staples, Inc.*+","Staples, Inc.*+",,,263900.0,6267625.0,0.0
2003-09-30,2003-11-28,ncsrs.txt,0000935069-03-001570,N-CSRS,SEC-RYDEX-NDX,,"Paychex, Inc.+","Paychex, Inc.+",,,173000.0,5869890.0,0.0
2003-09-30,2003-11-28,ncsrs.txt,0000935069-03-001570,N-CSRS,SEC-RYDEX-NDX,,"Millennium Pharmaceuticals, Inc.*+","Millennium Pharmaceuticals, Inc.*+",,,380000.0,5848200.0,0.0
2003-09-30,2003-11-28,ncsrs.txt,0000935069-03-001570,N-CSRS,SEC-RYDEX-NDX,,"Tellabs, Inc","Tellabs, Inc",,,856800.0,5817672.0,0.0
2003-09-30,2003-11-28,ncsrs.txt,0000935069-03-001570,N-CSRS,SEC-RYDEX-NDX,,"Fiserv, Inc.*+","Fiserv, Inc.*+",,,156400.0,5666372.0,0.0
2003-09-30,2003-11-28,ncsrs.txt,0000935069-03-001570,N-CSRS,SEC-RYDEX-NDX,,"Network Appliance, Inc.*+","Network Appliance, Inc.*+",,,267200.0,5485616.0,0.0
2003-09-30,2003-11-28,ncsrs.txt,0000935069-03-001570,N-CSRS,SEC-RYDEX-NDX,,Costco Wholesale Corp.*+,Costco Wholesale Corp.*+,,,160900.0,5000772.0,0.0
2003-09-30,2003-11-28,ncsrs.txt,0000935069-03-001570,N-CSRS,SEC-RYDEX-NDX,,Teva Pharmaceutical Industries Ltd. -- SP ADR+,Teva Pharmaceutical Industries Ltd. -- SP ADR+,,,84900.0,4852035.0,0.0
2003-09-30,2003-11-28,ncsrs.txt,0000935069-03-001570,N-CSRS,SEC-RYDEX-NDX,,Symantec Corp.*+,Symantec Corp.*+,,,75900.0,4783218.0,0.0
2003-09-30,2003-11-28,ncsrs.txt,0000935069-03-001570,N-CSRS,SEC-RYDEX-NDX,,"Biomet, Inc.+","Biomet, Inc.+",,,139800.0,4698678.0,0.0
2003-09-30,2003-11-28,ncsrs.txt,0000935069-03-001570,N-CSRS,SEC-RYDEX-NDX,,"Juniper Networks, Inc.*+","Juniper Networks, Inc.*+",,,306100.0,4567012.0,0.0
2003-09-30,2003-11-28,ncsrs.txt,0000935069-03-001570,N-CSRS,SEC-RYDEX-NDX,,CDW Corp.+,CDW Corp.+,,,77200.0,4457528.0,0.0
2003-09-30,2003-11-28,ncsrs.txt,0000935069-03-001570,N-CSRS,SEC-RYDEX-NDX,,"BEA Systems, Inc.*+","BEA Systems, Inc.*+",,,360800.0,4347640.0,0.0
2003-09-30,2003-11-28,ncsrs.txt,0000935069-03-001570,N-CSRS,SEC-RYDEX-NDX,,"Citrix Systems, Inc","Citrix Systems, Inc",,,195300.0,4312224.0,0.0
2003-09-30,2003-11-28,ncsrs.txt,0000935069-03-001570,N-CSRS,SEC-RYDEX-NDX,,Sanmina-SCI Corp,Sanmina-SCI Corp,,,440000.0,4268000.0,0.0
2003-09-30,2003-11-28,ncsrs.txt,0000935069-03-001570,N-CSRS,SEC-RYDEX-NDX,,Inc.*+,Inc.*+,,,77000.0,4248860.0,0.0
2003-09-30,2003-11-28,ncsrs.txt,0000935069-03-001570,N-CSRS,SEC-RYDEX-NDX,,"Express Scripts, Inc.*+","Express Scripts, Inc.*+",,,67600.0,4133740.0,0.0
2003-09-30,2003-11-28,ncsrs.txt,0000935069-03-001570,N-CSRS,SEC-RYDEX-NDX,,QLogic Corp.*+,QLogic Corp.*+,,,87600.0,4118076.0,0.0
2003-09-30,2003-11-28,ncsrs.txt,0000935069-03-001570,N-CSRS,SEC-RYDEX-NDX,,"DENTSPLY International, Inc.+","DENTSPLY International, Inc.+",,,84398.0,3784406.0,0.0
2003-09-30,2003-11-28,ncsrs.txt,0000935069-03-001570,N-CSRS,SEC-RYDEX-NDX,,ICOS Corp.*+,ICOS Corp.*+,,,91600.0,3510112.0,0.0
2003-09-30,2003-11-28,ncsrs.txt,0000935069-03-001570,N-CSRS,SEC-RYDEX-NDX,,"Sun Microsystems, Inc","Sun Microsystems, Inc",,,1059800.0,3507938.0,0.0
2003-09-30,2003-11-28,ncsrs.txt,0000935069-03-001570,N-CSRS,SEC-RYDEX-NDX,,"VeriSign, Inc.*+","VeriSign, Inc.*+",,,258000.0,3475260.0,0.0
2003-09-30,2003-11-28,ncsrs.txt,0000935069-03-001570,N-CSRS,SEC-RYDEX-NDX,,Patterson Dental Co.*+,Patterson Dental Co.*+,,,58400.0,3362672.0,0.0
2003-09-30,2003-11-28,ncsrs.txt,0000935069-03-001570,N-CSRS,SEC-RYDEX-NDX,,"Expeditors International of Washington, Inc","Expeditors International of Washington, Inc",,,94400.0,3248304.0,0.0
2003-09-30,2003-11-28,ncsrs.txt,0000935069-03-001570,N-CSRS,SEC-RYDEX-NDX,,"Dollar Tree Stores, Inc.*+","Dollar Tree Stores, Inc.*+",,,96300.0,3226050.0,0.0
2003-09-30,2003-11-28,ncsrs.txt,0000935069-03-001570,N-CSRS,SEC-RYDEX-NDX,,"MedImmune, Inc.*+","MedImmune, Inc.*+",,,96800.0,3195368.0,0.0
2003-09-30,2003-11-28,ncsrs.txt,0000935069-03-001570,N-CSRS,SEC-RYDEX-NDX,,"Comverse Technology, Inc.*+","Comverse Technology, Inc.*+",,,211400.0,3162544.0,0.0
2003-09-30,2003-11-28,ncsrs.txt,0000935069-03-001570,N-CSRS,SEC-RYDEX-NDX,,IDEC Pharmaceuticals Corp.*+,IDEC Pharmaceuticals Corp.*+,,,94200.0,3122730.0,0.0
2003-09-30,2003-11-28,ncsrs.txt,0000935069-03-001570,N-CSRS,SEC-RYDEX-NDX,,"Ross Stores, Inc.+","Ross Stores, Inc.+",,,66500.0,3082940.0,0.0
2003-09-30,2003-11-28,ncsrs.txt,0000935069-03-001570,N-CSRS,SEC-RYDEX-NDX,,Mercury Interactive Corp.*+,Mercury Interactive Corp.*+,,,66800.0,3033388.0,0.0
2003-09-30,2003-11-28,ncsrs.txt,0000935069-03-001570,N-CSRS,SEC-RYDEX-NDX,,"Pixar, Inc.*+","Pixar, Inc.*+",,,44500.0,2961920.0,0.0
2003-09-30,2003-11-28,ncsrs.txt,0000935069-03-001570,N-CSRS,SEC-RYDEX-NDX,,First Health Group Corp,First Health Group Corp,,,111700.0,2920955.0,0.0
2003-09-30,2003-11-28,ncsrs.txt,0000935069-03-001570,N-CSRS,SEC-RYDEX-NDX,,Smurfit-Stone Container Corp.*+,Smurfit-Stone Container Corp.*+,,,194900.0,2919602.0,0.0
2003-09-30,2003-11-28,ncsrs.txt,0000935069-03-001570,N-CSRS,SEC-RYDEX-NDX,,"Novellus Systems, Inc.*+","Novellus Systems, Inc.*+",,,85500.0,2885625.0,0.0
2003-09-30,2003-11-28,ncsrs.txt,0000935069-03-001570,N-CSRS,SEC-RYDEX-NDX,,"Lincare Holdings, Inc.*+","Lincare Holdings, Inc.*+",,,73900.0,2708435.0,0.0
2003-09-30,2003-11-28,ncsrs.txt,0000935069-03-001570,N-CSRS,SEC-RYDEX-NDX,,Sigma-Aldrich Corp.+,Sigma-Aldrich Corp.+,,,52000.0,2700880.0,0.0
2003-09-30,2003-11-28,ncsrs.txt,0000935069-03-001570,N-CSRS,SEC-RYDEX-NDX,,"Petsmart, Inc.*+","Petsmart, Inc.*+",,,118100.0,2680870.0,0.0
2003-09-30,2003-11-28,ncsrs.txt,0000935069-03-001570,N-CSRS,SEC-RYDEX-NDX,,"Monster Worldwide, Inc.*+","Monster Worldwide, Inc.*+",,,105600.0,2659008.0,0.0
2003-09-30,2003-11-28,ncsrs.txt,0000935069-03-001570,N-CSRS,SEC-RYDEX-NDX,,Lamar Advertising Co,Lamar Advertising Co,,,89800.0,2634732.0,0.0
2003-09-30,2003-11-28,ncsrs.txt,0000935069-03-001570,N-CSRS,SEC-RYDEX-NDX,,"C.H. Robinson Worldwide, Inc","C.H. Robinson Worldwide, Inc",,,64800.0,2411208.0,0.0
2003-09-30,2003-11-28,ncsrs.txt,0000935069-03-001570,N-CSRS,SEC-RYDEX-NDX,,0.90% due 10/01/03,0.90% due 10/01/03,,,2410250.0,2410250.0,0.0
2003-09-30,2003-11-28,ncsrs.txt,0000935069-03-001570,N-CSRS,SEC-RYDEX-NDX,,Fastenal Co.+,Fastenal Co.+,,,61500.0,2324700.0,0.0
2003-09-30,2003-11-28,ncsrs.txt,0000935069-03-001570,N-CSRS,SEC-RYDEX-NDX,,"Human Genome Sciences, Inc.*+","Human Genome Sciences, Inc.*+",,,169100.0,2309906.0,0.0
2003-09-30,2003-11-28,ncsrs.txt,0000935069-03-001570,N-CSRS,SEC-RYDEX-NDX,,"Patterson-UTI Energy, Inc","Patterson-UTI Energy, Inc",,,82400.0,2230568.0,0.0
2003-09-30,2003-11-28,ncsrs.txt,0000935069-03-001570,N-CSRS,SEC-RYDEX-NDX,,Gentex Corp,Gentex Corp,,,62600.0,2180984.0,0.0
2003-09-30,2003-11-28,ncsrs.txt,0000935069-03-001570,N-CSRS,SEC-RYDEX-NDX,,NVIDIA Corp.*+,NVIDIA Corp.*+,,,128500.0,2044563.0,0.0
2003-09-30,2003-11-28,ncsrs.txt,0000935069-03-001570,N-CSRS,SEC-RYDEX-NDX,,Flextronics International Ltd.*+,Flextronics International Ltd.*+,,,143300.0,2031994.0,0.0
2003-09-30,2003-11-28,ncsrs.txt,0000935069-03-001570,N-CSRS,SEC-RYDEX-NDX,,American Power Conversion Corp,American Power Conversion Corp,,,117900.0,2020806.0,0.0
2003-09-30,2003-11-28,ncsrs.txt,0000935069-03-001570,N-CSRS,SEC-RYDEX-NDX,,PanAmSat Corp.*+,PanAmSat Corp.*+,,,139204.0,2015674.0,0.0
2003-09-30,2003-11-28,ncsrs.txt,0000935069-03-001570,N-CSRS,SEC-RYDEX-NDX,,Ryanair Holdings PLC--SP ADR*+,Ryanair Holdings PLC--SP ADR*+,,,46000.0,1863000.0,0.0
2003-09-30,2003-11-28,ncsrs.txt,0000935069-03-001570,N-CSRS,SEC-RYDEX-NDX,,0.96% due 10/01/03,0.96% due 10/01/03,,,1707260.0,1707260.0,0.0
2003-09-30,2003-11-28,ncsrs.txt,0000935069-03-001570,N-CSRS,SEC-RYDEX-NDX,,0.93% due 10/01/03,0.93% due 10/01/03,,,1707260.0,1707260.0,0.0
2003-09-30,2003-11-28,ncsrs.txt,0000935069-03-001570,N-CSRS,SEC-RYDEX-NDX,,0.91% due 10/01/03,0.91% due 10/01/03,,,1707260.0,1707260.0,0.0
2003-09-30,2003-11-28,ncsrs.txt,0000935069-03-001570,N-CSRS,SEC-RYDEX-NDX,,CIENA Corp.*+,CIENA Corp.*+,,,260400.0,1538964.0,0.0
2003-09-30,2003-11-28,ncsrs.txt,0000935069-03-001570,N-CSRS,SEC-RYDEX-NDX,,"Siebel Systems, Inc","Siebel Systems, Inc",,,153600.0,1492992.0,0.0
2003-09-30,2003-11-28,ncsrs.txt,0000935069-03-001570,N-CSRS,SEC-RYDEX-NDX,,Invitrogen Corp,Invitrogen Corp,,,16100.0,933639.0,0.0
2003-09-30,2003-11-28,ncsrs.txt,0000935069-03-001570,N-CSRS,SEC-RYDEX-NDX,,Telefonaktiebolaget LM Ericsson-- SP ADR*+,Telefonaktiebolaget LM Ericsson-- SP ADR*+,,,61600.0,904288.0,0.0
2003-09-30,2003-11-28,ncsrs.txt,0000935069-03-001570,N-CSRS,SEC-RYDEX-NDX,,JDS Uniphase Corp,JDS Uniphase Corp,,,65000.0,234000.0,0.0
2003-09-30,2003-11-28,ncsrs.txt,0000935069-03-001570,N-CSRS,SEC-RYDEX-NDX,,0.94% due 10/01/03,0.94% due 10/01/03,,,121534.0,121534.0,0.0
2003-11-30,2004-02-05,a2127129zn-csr.txt,0001047469-04-003328,N-CSR,SEC-MORGAN-NDX,,END OF PERIOD,END OF PERIOD,,,51013086.0,25285362.0,0.0
2003-11-30,2004-02-05,a2127129zn-csr.txt,0001047469-04-003328,N-CSR,SEC-MORGAN-NDX,,Sold,Sold,,,3100543.0,21267645.0,0.0
2003-11-30,2004-02-05,a2127129zn-csr.txt,0001047469-04-003328,N-CSR,SEC-MORGAN-NDX,,Net increase from transactions in shares of beneficial interest,Net increase from transactions in shares of beneficial interest,,,16224275.0,18205255.0,0.0
2003-11-30,2004-02-05,a2127129zn-csr.txt,0001047469-04-003328,N-CSR,SEC-MORGAN-NDX,,Net increase in Fund,Net increase in Fund,,,2370422.0,16224275.0,0.0
2003-11-30,2004-02-05,a2127129zn-csr.txt,0001047469-04-003328,N-CSR,SEC-MORGAN-NDX,,NET ASSETS: Beginning of period,NET ASSETS: Beginning of period,,,25285362.0,14617743.0,0.0
2003-11-30,2004-02-05,a2127129zn-csr.txt,0001047469-04-003328,N-CSR,SEC-MORGAN-NDX,,Net increase -- Class B,Net increase -- Class B,,,2045674.0,14152601.0,0.0
2003-11-30,2004-02-05,a2127129zn-csr.txt,0001047469-04-003328,N-CSR,SEC-MORGAN-NDX,,NET INCREASE,NET INCREASE,,,25727724.0,10667619.0,0.0
2003-11-30,2004-02-05,a2127129zn-csr.txt,0001047469-04-003328,N-CSR,SEC-MORGAN-NDX,,Sold,Sold,,,601386.0,4486548.0,0.0
2003-11-30,2004-02-05,a2127129zn-csr.txt,0001047469-04-003328,N-CSR,SEC-MORGAN-NDX,,Sold,Sold,,,616618.0,4290011.0,0.0
2003-11-30,2004-02-05,a2127129zn-csr.txt,0001047469-04-003328,N-CSR,SEC-MORGAN-NDX,,Microsoft Corp,Microsoft Corp,,,159632.0,4102542.0,0.0
2003-11-30,2004-02-05,a2127129zn-csr.txt,0001047469-04-003328,N-CSR,SEC-MORGAN-NDX,,Intel Corp,Intel Corp,,,97776.0,3268652.0,0.0
2003-11-30,2004-02-05,a2127129zn-csr.txt,0001047469-04-003328,N-CSR,SEC-MORGAN-NDX,,Net increase -- Class C,Net increase -- Class C,,,449374.0,3175308.0,0.0
2003-11-30,2004-02-05,a2127129zn-csr.txt,0001047469-04-003328,N-CSR,SEC-MORGAN-NDX,,"Cisco Systems, Inc","Cisco Systems, Inc",,,106561.0,2414672.0,0.0
2003-11-30,2004-02-05,a2127129zn-csr.txt,0001047469-04-003328,N-CSR,SEC-MORGAN-NDX,,Sold,Sold,,,332469.0,2228931.0,0.0
2003-11-30,2004-02-05,a2127129zn-csr.txt,0001047469-04-003328,N-CSR,SEC-MORGAN-NDX,,"Net increase (decrease) -- Class D (313,356) (2,420,981)","Net increase (decrease) -- Class D (313,356) (2,420,981)",,,404940.0,2176169.0,0.0
2003-11-30,2004-02-05,a2127129zn-csr.txt,0001047469-04-003328,N-CSR,SEC-MORGAN-NDX,,QUALCOMM Inc,QUALCOMM Inc,,,41059.0,1829178.0,0.0
2003-11-30,2004-02-05,a2127129zn-csr.txt,0001047469-04-003328,N-CSR,SEC-MORGAN-NDX,,Amgen Inc,Amgen Inc,,,25805.0,1484046.0,0.0
2003-11-30,2004-02-05,a2127129zn-csr.txt,0001047469-04-003328,N-CSR,SEC-MORGAN-NDX,,"Nextel Communications, Inc. (Class A)","Nextel Communications, Inc. (Class A)",,,58564.0,1483426.0,0.0
2003-11-30,2004-02-05,a2127129zn-csr.txt,0001047469-04-003328,N-CSR,SEC-MORGAN-NDX,,Dell Inc,Dell Inc,,,40531.0,1398319.0,0.0
2003-11-30,2004-02-05,a2127129zn-csr.txt,0001047469-04-003328,N-CSR,SEC-MORGAN-NDX,,Net increase -- Class A,Net increase -- Class A,,,188730.0,1317347.0,0.0
2003-11-30,2004-02-05,a2127129zn-csr.txt,0001047469-04-003328,N-CSR,SEC-MORGAN-NDX,,Comcast Corp. (Class A),Comcast Corp. (Class A),,,40737.0,1278327.0,0.0
2003-11-30,2004-02-05,a2127129zn-csr.txt,0001047469-04-003328,N-CSR,SEC-MORGAN-NDX,,eBay Inc,eBay Inc,,,20540.0,1147159.0,0.0
2003-11-30,2004-02-05,a2127129zn-csr.txt,0001047469-04-003328,N-CSR,SEC-MORGAN-NDX,,Oracle Corp,Oracle Corp,,,93407.0,1121818.0,0.0
2003-11-30,2004-02-05,a2127129zn-csr.txt,0001047469-04-003328,N-CSR,SEC-MORGAN-NDX,,InterActiveCorp,InterActiveCorp,,,32382.0,1063749.0,0.0
2003-11-30,2004-02-05,a2127129zn-csr.txt,0001047469-04-003328,N-CSR,SEC-MORGAN-NDX,,"Maxim Integrated Products, Inc","Maxim Integrated Products, Inc",,,19513.0,1016237.0,0.0
2003-11-30,2004-02-05,a2127129zn-csr.txt,0001047469-04-003328,N-CSR,SEC-MORGAN-NDX,,"Applied Materials, Inc","Applied Materials, Inc",,,36891.0,896451.0,0.0
2003-11-30,2004-02-05,a2127129zn-csr.txt,0001047469-04-003328,N-CSR,SEC-MORGAN-NDX,,Linear Technology Corp,Linear Technology Corp,,,17943.0,774061.0,0.0
2003-11-30,2004-02-05,a2127129zn-csr.txt,0001047469-04-003328,N-CSR,SEC-MORGAN-NDX,,VERITAS Software Corp,VERITAS Software Corp,,,19911.0,757036.0,0.0
2003-11-30,2004-02-05,a2127129zn-csr.txt,0001047469-04-003328,N-CSR,SEC-MORGAN-NDX,,Starbucks Corp,Starbucks Corp,,,23323.0,747969.0,0.0
2003-11-30,2004-02-05,a2127129zn-csr.txt,0001047469-04-003328,N-CSR,SEC-MORGAN-NDX,,"Xilinx, Inc","Xilinx, Inc",,,19395.0,729058.0,0.0
2003-11-30,2004-02-05,a2127129zn-csr.txt,0001047469-04-003328,N-CSR,SEC-MORGAN-NDX,,Bed Bath & Beyond Inc,Bed Bath & Beyond Inc,,,17052.0,720276.0,0.0
2003-11-30,2004-02-05,a2127129zn-csr.txt,0001047469-04-003328,N-CSR,SEC-MORGAN-NDX,,"Amazon.com, Inc","Amazon.com, Inc",,,11359.0,614068.0,0.0
2003-11-30,2004-02-05,a2127129zn-csr.txt,0001047469-04-003328,N-CSR,SEC-MORGAN-NDX,,Chiron Corp,Chiron Corp,,,11189.0,599954.0,0.0
2003-11-30,2004-02-05,a2127129zn-csr.txt,0001047469-04-003328,N-CSR,SEC-MORGAN-NDX,,"Paychex, Inc","Paychex, Inc",,,15335.0,589937.0,0.0
2003-11-30,2004-02-05,a2127129zn-csr.txt,0001047469-04-003328,N-CSR,SEC-MORGAN-NDX,,Altera Corp,Altera Corp,,,23070.0,584363.0,0.0
2003-11-30,2004-02-05,a2127129zn-csr.txt,0001047469-04-003328,N-CSR,SEC-MORGAN-NDX,,KLA-Tencor Corp,KLA-Tencor Corp,,,9892.0,579770.0,0.0
2003-11-30,2004-02-05,a2127129zn-csr.txt,0001047469-04-003328,N-CSR,SEC-MORGAN-NDX,,Yahoo! Inc,Yahoo! Inc,,,13464.0,578683.0,0.0
2003-11-30,2004-02-05,a2127129zn-csr.txt,0001047469-04-003328,N-CSR,SEC-MORGAN-NDX,,Electronic Arts Inc,Electronic Arts Inc,,,12764.0,564552.0,0.0
2003-11-30,2004-02-05,a2127129zn-csr.txt,0001047469-04-003328,N-CSR,SEC-MORGAN-NDX,,Genzyme Corp,Genzyme Corp,,,11941.0,558122.0,0.0
2003-11-30,2004-02-05,a2127129zn-csr.txt,0001047469-04-003328,N-CSR,SEC-MORGAN-NDX,,Intuit Inc,Intuit Inc,,,11089.0,557555.0,0.0
2003-11-30,2004-02-05,a2127129zn-csr.txt,0001047469-04-003328,N-CSR,SEC-MORGAN-NDX,,"Biomet, Inc","Biomet, Inc",,,14808.0,529682.0,0.0
2003-11-30,2004-02-05,a2127129zn-csr.txt,0001047469-04-003328,N-CSR,SEC-MORGAN-NDX,,"Apollo Group, Inc.(Class A)","Apollo Group, Inc.(Class A)",,,7623.0,526216.0,0.0
2003-11-30,2004-02-05,a2127129zn-csr.txt,0001047469-04-003328,N-CSR,SEC-MORGAN-NDX,,"Gilead Sciences, Inc","Gilead Sciences, Inc",,,8505.0,499073.0,0.0
2003-11-30,2004-02-05,a2127129zn-csr.txt,0001047469-04-003328,N-CSR,SEC-MORGAN-NDX,,Teva Pharmaceutical Industries Ltd. (ADR)(Israel),Teva Pharmaceutical Industries Ltd. (ADR)(Israel),,,8278.0,498633.0,0.0
2003-11-30,2004-02-05,a2127129zn-csr.txt,0001047469-04-003328,N-CSR,SEC-MORGAN-NDX,,"PeopleSoft, Inc","PeopleSoft, Inc",,,22063.0,466632.0,0.0
2003-11-30,2004-02-05,a2127129zn-csr.txt,0001047469-04-003328,N-CSR,SEC-MORGAN-NDX,,"Apple Computer, Inc","Apple Computer, Inc",,,21686.0,453671.0,0.0
2003-11-30,2004-02-05,a2127129zn-csr.txt,0001047469-04-003328,N-CSR,SEC-MORGAN-NDX,,"PACCAR, Inc","PACCAR, Inc",,,5604.0,449497.0,0.0
2003-11-30,2004-02-05,a2127129zn-csr.txt,0001047469-04-003328,N-CSR,SEC-MORGAN-NDX,,Symantec Corp,Symantec Corp,,,13614.0,446948.0,0.0
2003-11-30,2004-02-05,a2127129zn-csr.txt,0001047469-04-003328,N-CSR,SEC-MORGAN-NDX,,Cintas Corp,Cintas Corp,,,8785.0,410611.0,0.0
2003-11-30,2004-02-05,a2127129zn-csr.txt,0001047469-04-003328,N-CSR,SEC-MORGAN-NDX,,Adobe Systems Inc,Adobe Systems Inc,,,9805.0,405143.0,0.0
2003-11-30,2004-02-05,a2127129zn-csr.txt,0001047469-04-003328,N-CSR,SEC-MORGAN-NDX,,Flextronics International Ltd. (Singapore),Flextronics International Ltd. (Singapore),,,24322.0,389882.0,0.0
2003-11-30,2004-02-05,a2127129zn-csr.txt,0001047469-04-003328,N-CSR,SEC-MORGAN-NDX,,"Fiserv, Inc","Fiserv, Inc",,,10385.0,389438.0,0.0
2003-11-30,2004-02-05,a2127129zn-csr.txt,0001047469-04-003328,N-CSR,SEC-MORGAN-NDX,,"Staples, Inc","Staples, Inc",,,14124.0,383467.0,0.0
2003-11-30,2004-02-05,a2127129zn-csr.txt,0001047469-04-003328,N-CSR,SEC-MORGAN-NDX,,EchoStar Communications Corp. (Class A),EchoStar Communications Corp. (Class A),,,10884.0,375280.0,0.0
2003-11-30,2004-02-05,a2127129zn-csr.txt,0001047469-04-003328,N-CSR,SEC-MORGAN-NDX,,Costco Wholesale Corp,Costco Wholesale Corp,,,10327.0,369913.0,0.0
2003-11-30,2004-02-05,a2127129zn-csr.txt,0001047469-04-003328,N-CSR,SEC-MORGAN-NDX,,"Network Appliance, Inc","Network Appliance, Inc",,,15333.0,354346.0,0.0
2003-11-30,2004-02-05,a2127129zn-csr.txt,0001047469-04-003328,N-CSR,SEC-MORGAN-NDX,,"Siebel Systems, Inc","Siebel Systems, Inc",,,24822.0,327154.0,0.0
2003-11-30,2004-02-05,a2127129zn-csr.txt,0001047469-04-003328,N-CSR,SEC-MORGAN-NDX,,Broadcom Corp. (Class A),Broadcom Corp. (Class A),,,8880.0,323498.0,0.0
2003-11-30,2004-02-05,a2127129zn-csr.txt,0001047469-04-003328,N-CSR,SEC-MORGAN-NDX,,"Novellus Systems, Inc","Novellus Systems, Inc",,,6619.0,289647.0,0.0
2003-11-30,2004-02-05,a2127129zn-csr.txt,0001047469-04-003328,N-CSR,SEC-MORGAN-NDX,,Sanmina-SCI Corp,Sanmina-SCI Corp,,,23356.0,284710.0,0.0
2003-11-30,2004-02-05,a2127129zn-csr.txt,0001047469-04-003328,N-CSR,SEC-MORGAN-NDX,,Biogen Idec Inc,Biogen Idec Inc,,,7249.0,276763.0,0.0
2003-11-30,2004-02-05,a2127129zn-csr.txt,0001047469-04-003328,N-CSR,SEC-MORGAN-NDX,,"MedImmune, Inc","MedImmune, Inc",,,11467.0,272915.0,0.0
2003-11-30,2004-02-05,a2127129zn-csr.txt,0001047469-04-003328,N-CSR,SEC-MORGAN-NDX,,"Sun Microsystems, Inc","Sun Microsystems, Inc",,,60259.0,257306.0,0.0
2003-11-30,2004-02-05,a2127129zn-csr.txt,0001047469-04-003328,N-CSR,SEC-MORGAN-NDX,,Microchip Technology Inc,Microchip Technology Inc,,,7306.0,251326.0,0.0
2003-11-30,2004-02-05,a2127129zn-csr.txt,0001047469-04-003328,N-CSR,SEC-MORGAN-NDX,,SanDisk Corp,SanDisk Corp,,,3062.0,247593.0,0.0
2003-11-30,2004-02-05,a2127129zn-csr.txt,0001047469-04-003328,N-CSR,SEC-MORGAN-NDX,,JDS Uniphase Corp,JDS Uniphase Corp,,,68802.0,236679.0,0.0
2003-11-30,2004-02-05,a2127129zn-csr.txt,0001047469-04-003328,N-CSR,SEC-MORGAN-NDX,,QLogic Corp,QLogic Corp,,,4121.0,234196.0,0.0
2003-11-30,2004-02-05,a2127129zn-csr.txt,0001047469-04-003328,N-CSR,SEC-MORGAN-NDX,,"Millennium Pharmaceuticals, Inc","Millennium Pharmaceuticals, Inc",,,14049.0,221553.0,0.0
2003-11-30,2004-02-05,a2127129zn-csr.txt,0001047469-04-003328,N-CSR,SEC-MORGAN-NDX,,CDW Corp,CDW Corp,,,3691.0,220537.0,0.0
2003-11-30,2004-02-05,a2127129zn-csr.txt,0001047469-04-003328,N-CSR,SEC-MORGAN-NDX,,"Juniper Networks, Inc","Juniper Networks, Inc",,,10812.0,204022.0,0.0
2003-11-30,2004-02-05,a2127129zn-csr.txt,0001047469-04-003328,N-CSR,SEC-MORGAN-NDX,,"BEA Systems, Inc","BEA Systems, Inc",,,15962.0,202717.0,0.0
2003-11-30,2004-02-05,a2127129zn-csr.txt,0001047469-04-003328,N-CSR,SEC-MORGAN-NDX,,"Citrix Systems, Inc","Citrix Systems, Inc",,,8386.0,201432.0,0.0
2003-11-30,2004-02-05,a2127129zn-csr.txt,0001047469-04-003328,N-CSR,SEC-MORGAN-NDX,,"Express Scripts, Inc. (Class A)","Express Scripts, Inc. (Class A)",,,3008.0,194708.0,0.0
2003-11-30,2004-02-05,a2127129zn-csr.txt,0001047469-04-003328,N-CSR,SEC-MORGAN-NDX,,PanAmSat Corp,PanAmSat Corp,,,8675.0,191631.0,0.0
2003-11-30,2004-02-05,a2127129zn-csr.txt,0001047469-04-003328,N-CSR,SEC-MORGAN-NDX,,Patterson Dental Co,Patterson Dental Co,,,2805.0,191021.0,0.0
2003-11-30,2004-02-05,a2127129zn-csr.txt,0001047469-04-003328,N-CSR,SEC-MORGAN-NDX,,Mercury Interactive Corp,Mercury Interactive Corp,,,4048.0,189446.0,0.0
2003-11-30,2004-02-05,a2127129zn-csr.txt,0001047469-04-003328,N-CSR,SEC-MORGAN-NDX,,American Power Conversion Corp,American Power Conversion Corp,,,8505.0,185919.0,0.0
2003-11-30,2004-02-05,a2127129zn-csr.txt,0001047469-04-003328,N-CSR,SEC-MORGAN-NDX,,Check Point Software Technologies Ltd. (Israel),Check Point Software Technologies Ltd. (Israel),,,10419.0,184000.0,0.0
2003-11-30,2004-02-05,a2127129zn-csr.txt,0001047469-04-003328,N-CSR,SEC-MORGAN-NDX,,"Synopsys, Inc","Synopsys, Inc",,,6094.0,182576.0,0.0
2003-11-30,2004-02-05,a2127129zn-csr.txt,0001047469-04-003328,N-CSR,SEC-MORGAN-NDX,,"Ross Stores, Inc","Ross Stores, Inc",,,3234.0,177159.0,0.0
2003-11-30,2004-02-05,a2127129zn-csr.txt,0001047469-04-003328,N-CSR,SEC-MORGAN-NDX,,"Expeditors International of Washington, Inc","Expeditors International of Washington, Inc",,,4408.0,172088.0,0.0
2003-11-30,2004-02-05,a2127129zn-csr.txt,0001047469-04-003328,N-CSR,SEC-MORGAN-NDX,,CIENA Corp,CIENA Corp,,,23870.0,169000.0,0.0
2003-11-30,2004-02-05,a2127129zn-csr.txt,0001047469-04-003328,N-CSR,SEC-MORGAN-NDX,,Smurfit-Stone Container Corp,Smurfit-Stone Container Corp,,,10329.0,168982.0,0.0
2003-11-30,2004-02-05,a2127129zn-csr.txt,0001047469-04-003328,N-CSR,SEC-MORGAN-NDX,,"Whole Foods Market, Inc","Whole Foods Market, Inc",,,2519.0,165473.0,0.0
2003-11-30,2004-02-05,a2127129zn-csr.txt,0001047469-04-003328,N-CSR,SEC-MORGAN-NDX,,"Pixar, Inc","Pixar, Inc",,,2354.0,165039.0,0.0
2003-11-30,2004-02-05,a2127129zn-csr.txt,0001047469-04-003328,N-CSR,SEC-MORGAN-NDX,,"Comverse Technology, Inc","Comverse Technology, Inc",,,8384.0,161224.0,0.0
2003-11-30,2004-02-05,a2127129zn-csr.txt,0001047469-04-003328,N-CSR,SEC-MORGAN-NDX,,"VeriSign, Inc","VeriSign, Inc",,,9728.0,157691.0,0.0
2003-11-30,2004-02-05,a2127129zn-csr.txt,0001047469-04-003328,N-CSR,SEC-MORGAN-NDX,,NVIDIA Corp,NVIDIA Corp,,,7445.0,157462.0,0.0
2003-11-30,2004-02-05,a2127129zn-csr.txt,0001047469-04-003328,N-CSR,SEC-MORGAN-NDX,,Sigma-Aldrich Corp,Sigma-Aldrich Corp,,,2916.0,156210.0,0.0
2003-11-30,2004-02-05,a2127129zn-csr.txt,0001047469-04-003328,N-CSR,SEC-MORGAN-NDX,,Fastenal Co,Fastenal Co,,,3111.0,154554.0,0.0
2003-11-30,2004-02-05,a2127129zn-csr.txt,0001047469-04-003328,N-CSR,SEC-MORGAN-NDX,,"Dollar Tree Stores, Inc","Dollar Tree Stores, Inc",,,4718.0,149797.0,0.0
2003-11-30,2004-02-05,a2127129zn-csr.txt,0001047469-04-003328,N-CSR,SEC-MORGAN-NDX,,"DENTSPLY International, Inc","DENTSPLY International, Inc",,,3252.0,146438.0,0.0
2003-11-30,2004-02-05,a2127129zn-csr.txt,0001047469-04-003328,N-CSR,SEC-MORGAN-NDX,,"PETSMART, Inc","PETSMART, Inc",,,6012.0,145250.0,0.0
2003-11-30,2004-02-05,a2127129zn-csr.txt,0001047469-04-003328,N-CSR,SEC-MORGAN-NDX,,Gentex Corp,Gentex Corp,,,3411.0,143740.0,0.0
2003-11-30,2004-02-05,a2127129zn-csr.txt,0001047469-04-003328,N-CSR,SEC-MORGAN-NDX,,"C.H. Robinson Worldwide, Inc","C.H. Robinson Worldwide, Inc",,,3586.0,141037.0,0.0
2003-11-30,2004-02-05,a2127129zn-csr.txt,0001047469-04-003328,N-CSR,SEC-MORGAN-NDX,,Invitrogen Corp,Invitrogen Corp,,,2024.0,137976.0,0.0
2003-11-30,2004-02-05,a2127129zn-csr.txt,0001047469-04-003328,N-CSR,SEC-MORGAN-NDX,,Molex Inc,Molex Inc,,,4217.0,135619.0,0.0
2003-11-30,2004-02-05,a2127129zn-csr.txt,0001047469-04-003328,N-CSR,SEC-MORGAN-NDX,,Lamar Advertising Co,Lamar Advertising Co,,,3572.0,125734.0,0.0
2003-11-30,2004-02-05,a2127129zn-csr.txt,0001047469-04-003328,N-CSR,SEC-MORGAN-NDX,,Monster Worldwide Inc,Monster Worldwide Inc,,,5168.0,124342.0,0.0
2003-11-30,2004-02-05,a2127129zn-csr.txt,0001047469-04-003328,N-CSR,SEC-MORGAN-NDX,,Ryanair Holdings PLC (ADR)(Ireland),Ryanair Holdings PLC (ADR)(Ireland),,,2606.0,122065.0,0.0
2003-11-30,2004-02-05,a2127129zn-csr.txt,0001047469-04-003328,N-CSR,SEC-MORGAN-NDX,,"Lincare Holdings, Inc","Lincare Holdings, Inc",,,4072.0,121468.0,0.0
2003-11-30,2004-02-05,a2127129zn-csr.txt,0001047469-04-003328,N-CSR,SEC-MORGAN-NDX,,ICOS Corp,ICOS Corp,,,2604.0,117701.0,0.0
2003-11-30,2004-02-05,a2127129zn-csr.txt,0001047469-04-003328,N-CSR,SEC-MORGAN-NDX,,"Henry Schein, Inc","Henry Schein, Inc",,,1734.0,116681.0,0.0
2003-11-30,2004-02-05,a2127129zn-csr.txt,0001047469-04-003328,N-CSR,SEC-MORGAN-NDX,,Reinvestment of distributions,Reinvestment of distributions,,,18748.0,109113.0,0.0
2003-11-30,2004-02-05,a2127129zn-csr.txt,0001047469-04-003328,N-CSR,SEC-MORGAN-NDX,,"ADC Telecommunications, Inc","ADC Telecommunications, Inc",,,43115.0,106063.0,0.0
2003-11-30,2004-02-05,a2127129zn-csr.txt,0001047469-04-003328,N-CSR,SEC-MORGAN-NDX,,"RF Micro Devices, Inc","RF Micro Devices, Inc",,,8999.0,104838.0,0.0
2003-11-30,2004-02-05,a2127129zn-csr.txt,0001047469-04-003328,N-CSR,SEC-MORGAN-NDX,,"Patterson-UTI Energy, Inc","Patterson-UTI Energy, Inc",,,3582.0,102911.0,0.0
2003-11-30,2004-02-05,a2127129zn-csr.txt,0001047469-04-003328,N-CSR,SEC-MORGAN-NDX,,"Cephalon, Inc","Cephalon, Inc",,,2181.0,102485.0,0.0
2003-11-30,2004-02-05,a2127129zn-csr.txt,0001047469-04-003328,N-CSR,SEC-MORGAN-NDX,,Telefonaktiebolaget LM Ericsson (ADR)(Sweden),Telefonaktiebolaget LM Ericsson (ADR)(Sweden),,,5519.0,89629.0,0.0
2003-11-30,2004-02-05,a2127129zn-csr.txt,0001047469-04-003328,N-CSR,SEC-MORGAN-NDX,,First Health Group Corp,First Health Group Corp,,,4226.0,86633.0,0.0
2003-11-30,2004-02-05,a2127129zn-csr.txt,0001047469-04-003328,N-CSR,SEC-MORGAN-NDX,,"Tellabs, Inc","Tellabs, Inc",,,10094.0,80752.0,0.0
2003-11-30,2004-02-05,a2127129zn-csr.txt,0001047469-04-003328,N-CSR,SEC-MORGAN-NDX,,18 Long Nasdaq-100 Index December/2003,18 Long Nasdaq-100 Index December/2003,,,2565000.0,76356.0,0.0
2003-11-30,2004-02-05,a2127129zn-csr.txt,0001047469-04-003328,N-CSR,SEC-MORGAN-NDX,,"Human Genome Sciences, Inc","Human Genome Sciences, Inc",,,5512.0,70554.0,0.0
2003-11-30,2004-02-05,a2127129zn-csr.txt,0001047469-04-003328,N-CSR,SEC-MORGAN-NDX,,"Brocade Communications Systems, Inc","Brocade Communications Systems, Inc",,,11243.0,68470.0,0.0
2003-11-30,2004-02-05,a2127129zn-csr.txt,0001047469-04-003328,N-CSR,SEC-MORGAN-NDX,,Compuware Corp,Compuware Corp,,,10124.0,57909.0,0.0
2003-11-30,2004-02-05,a2127129zn-csr.txt,0001047469-04-003328,N-CSR,SEC-MORGAN-NDX,,Reinvestment of distributions,Reinvestment of distributions,,,4491.0,26185.0,0.0
2003-11-30,2004-02-05,a2127129zn-csr.txt,0001047469-04-003328,N-CSR,SEC-MORGAN-NDX,,"SUPPLEMENTAL DATA: Net assets, end of period, in thousands","SUPPLEMENTAL DATA: Net assets, end of period, in thousands",,,38028.0,17095.0,0.0
2003-11-30,2004-02-05,a2127129zn-csr.txt,0001047469-04-003328,N-CSR,SEC-MORGAN-NDX,,21 Long Nasdaq-100 E-Mini December/2003,21 Long Nasdaq-100 E-Mini December/2003,,,598500.0,16788.0,0.0
2003-11-30,2004-02-05,a2127129zn-csr.txt,0001047469-04-003328,N-CSR,SEC-MORGAN-NDX,,"(Exact name of registrant as specified in charter) Avenue of the Americas, New York, New York","(Exact name of registrant as specified in charter) Avenue of the Americas, New York, New York",,,1221.0,10020.0,0.0
2003-11-30,2004-02-05,a2127129zn-csr.txt,0001047469-04-003328,N-CSR,SEC-MORGAN-NDX,,"(Address of principal executive offices) (Zip code) Ronald E. Robison Avenue of the Americas, New York, New York","(Address of principal executive offices) (Zip code) Ronald E. Robison Avenue of the Americas, New York, New York",,,1221.0,10020.0,0.0
2003-11-30,2004-02-05,a2127129zn-csr.txt,0001047469-04-003328,N-CSR,SEC-MORGAN-NDX,,Reinvestment of distributions,Reinvestment of distributions,,,936.0,5497.0,0.0
2003-11-30,2004-02-05,a2127129zn-csr.txt,0001047469-04-003328,N-CSR,SEC-MORGAN-NDX,,"SUPPLEMENTAL DATA: Net assets, end of period, in thousands","SUPPLEMENTAL DATA: Net assets, end of period, in thousands",,,8677.0,4009.0,0.0
2003-11-30,2004-02-05,a2127129zn-csr.txt,0001047469-04-003328,N-CSR,SEC-MORGAN-NDX,,"SUPPLEMENTAL DATA: Net assets, end of period, in thousands","SUPPLEMENTAL DATA: Net assets, end of period, in thousands",,,1548.0,3224.0,0.0
2003-11-30,2004-02-05,a2127129zn-csr.txt,0001047469-04-003328,N-CSR,SEC-MORGAN-NDX,,Reinvestment of distributions,Reinvestment of distributions,,,448.0,2633.0,0.0
2003-11-30,2004-02-05,a2127129zn-csr.txt,0001047469-04-003328,N-CSR,SEC-MORGAN-NDX,,will expire on November,will expire on November,,,30.0,2011.0,0.0
2003-11-30,2004-02-05,a2127129zn-csr.txt,0001047469-04-003328,N-CSR,SEC-MORGAN-NDX,,"1,999,487 of which $1,306,988 will expire on November","1,999,487 of which $1,306,988 will expire on November",,,30.0,2010.0,0.0
2003-11-30,2004-02-05,a2127129zn-csr.txt,0001047469-04-003328,N-CSR,SEC-MORGAN-NDX,,"in the United States of America. Deloitte & Touche LLP NEW YORK, NEW YORK JANUARY","in the United States of America. Deloitte & Touche LLP NEW YORK, NEW YORK JANUARY",,,16.0,2004.0,0.0
2003-11-30,2004-02-05,a2127129zn-csr.txt,0001047469-04-003328,N-CSR,SEC-MORGAN-NDX,,Applicable only for reports covering periods ending on or after the earlier of (i) the first annual shareholder meeting after January,Applicable only for reports covering periods ending on or after the earlier of (i) the first annual shareholder meeting after January,,,15.0,2004.0,0.0
2003-11-30,2004-02-05,a2127129zn-csr.txt,0001047469-04-003328,N-CSR,SEC-MORGAN-NDX,,/s/ Ronald E. Robison Ronald E. Robison Principal Executive Officer January,/s/ Ronald E. Robison Ronald E. Robison Principal Executive Officer January,,,22.0,2004.0,0.0
2003-11-30,2004-02-05,a2127129zn-csr.txt,0001047469-04-003328,N-CSR,SEC-MORGAN-NDX,,/s/ Francis Smith Francis Smith Principal Financial Officer January,/s/ Francis Smith Francis Smith Principal Financial Officer January,,,22.0,2004.0,0.0
2003-11-30,2004-02-05,a2127129zn-csr.txt,0001047469-04-003328,N-CSR,SEC-MORGAN-NDX,,Date of fiscal year end: November,Date of fiscal year end: November,,,30.0,2003.0,0.0
2003-11-30,2004-02-05,a2127129zn-csr.txt,0001047469-04-003328,N-CSR,SEC-MORGAN-NDX,,Date of reporting period: November,Date of reporting period: November,,,30.0,2003.0,0.0
2003-11-30,2004-02-05,a2127129zn-csr.txt,0001047469-04-003328,N-CSR,SEC-MORGAN-NDX,,MONEY INVESTING IN THIS FUND. FUND REPORT For the year ended November,MONEY INVESTING IN THIS FUND. FUND REPORT For the year ended November,,,30.0,2003.0,0.0
2003-11-30,2004-02-05,a2127129zn-csr.txt,0001047469-04-003328,N-CSR,SEC-MORGAN-NDX,,TOTAL RETURN FOR THE 12 MONTHS ENDED NOVEMBER,TOTAL RETURN FOR THE 12 MONTHS ENDED NOVEMBER,,,30.0,2003.0,0.0
2003-11-30,2004-02-05,a2127129zn-csr.txt,0001047469-04-003328,N-CSR,SEC-MORGAN-NDX,,Feb,Feb,,,28.0,2003.0,0.0
2003-11-30,2004-02-05,a2127129zn-csr.txt,0001047469-04-003328,N-CSR,SEC-MORGAN-NDX,,May,May,,,31.0,2003.0,0.0
2003-11-30,2004-02-05,a2127129zn-csr.txt,0001047469-04-003328,N-CSR,SEC-MORGAN-NDX,,Aug,Aug,,,31.0,2003.0,0.0
2003-11-30,2004-02-05,a2127129zn-csr.txt,0001047469-04-003328,N-CSR,SEC-MORGAN-NDX,,Nov,Nov,,,30.0,2003.0,0.0
2003-11-30,2004-02-05,a2127129zn-csr.txt,0001047469-04-003328,N-CSR,SEC-MORGAN-NDX,,AVERAGE ANNUAL TOTAL RETURNS--PERIOD ENDED NOVEMBER,AVERAGE ANNUAL TOTAL RETURNS--PERIOD ENDED NOVEMBER,,,30.0,2003.0,0.0
2003-11-30,2004-02-05,a2127129zn-csr.txt,0001047469-04-003328,N-CSR,SEC-MORGAN-NDX,,PORTFOLIO OF INVESTMENTS - NOVEMBER,PORTFOLIO OF INVESTMENTS - NOVEMBER,,,30.0,2003.0,0.0
2003-11-30,2004-02-05,a2127129zn-csr.txt,0001047469-04-003328,N-CSR,SEC-MORGAN-NDX,,FINANCIAL STATEMENTS STATEMENT OF ASSETS AND LIABILITIES NOVEMBER,FINANCIAL STATEMENTS STATEMENT OF ASSETS AND LIABILITIES NOVEMBER,,,30.0,2003.0,0.0
2003-11-30,2004-02-05,a2127129zn-csr.txt,0001047469-04-003328,N-CSR,SEC-MORGAN-NDX,,STATEMENT OF OPERATIONS FOR THE YEAR ENDED NOVEMBER,STATEMENT OF OPERATIONS FOR THE YEAR ENDED NOVEMBER,,,30.0,2003.0,0.0
2003-11-30,2004-02-05,a2127129zn-csr.txt,0001047469-04-003328,N-CSR,SEC-MORGAN-NDX,,NOTES TO FINANCIAL STATEMENTS - NOVEMBER,NOTES TO FINANCIAL STATEMENTS - NOVEMBER,,,30.0,2003.0,0.0
2003-11-30,2004-02-05,a2127129zn-csr.txt,0001047469-04-003328,N-CSR,SEC-MORGAN-NDX,,million of net assets or December,million of net assets or December,,,31.0,2003.0,0.0
2003-11-30,2004-02-05,a2127129zn-csr.txt,0001047469-04-003328,N-CSR,SEC-MORGAN-NDX,,November,November,,,3.0,2003.0,0.0
2003-11-30,2004-02-05,a2127129zn-csr.txt,0001047469-04-003328,N-CSR,SEC-MORGAN-NDX,,For the year ended November,For the year ended November,,,30.0,2003.0,0.0
2003-11-30,2004-02-05,a2127129zn-csr.txt,0001047469-04-003328,N-CSR,SEC-MORGAN-NDX,,The Distributor has informed the Fund that for the year ended November,The Distributor has informed the Fund that for the year ended November,,,30.0,2003.0,0.0
2003-11-30,2004-02-05,a2127129zn-csr.txt,0001047469-04-003328,N-CSR,SEC-MORGAN-NDX,,"short-term investments, for the year ended November","short-term investments, for the year ended November",,,30.0,2003.0,0.0
2003-11-30,2004-02-05,a2127129zn-csr.txt,0001047469-04-003328,N-CSR,SEC-MORGAN-NDX,,the Fund's transfer agent. At November,the Fund's transfer agent. At November,,,30.0,2003.0,0.0
2003-11-30,2004-02-05,a2127129zn-csr.txt,0001047469-04-003328,N-CSR,SEC-MORGAN-NDX,,As of November,As of November,,,30.0,2003.0,0.0
2003-11-30,2004-02-05,a2127129zn-csr.txt,0001047469-04-003328,N-CSR,SEC-MORGAN-NDX,,NOVEMBER,NOVEMBER,,,30.0,2003.0,0.0
2003-11-30,2004-02-05,a2127129zn-csr.txt,0001047469-04-003328,N-CSR,SEC-MORGAN-NDX,,"investments, as of November","investments, as of November",,,30.0,2003.0,0.0
2003-11-30,2004-02-05,a2127129zn-csr.txt,0001047469-04-003328,N-CSR,SEC-MORGAN-NDX,,securities owned as of November,securities owned as of November,,,30.0,2003.0,0.0
2003-11-30,2004-02-05,a2127129zn-csr.txt,0001047469-04-003328,N-CSR,SEC-MORGAN-NDX,,Stanley Nasdaq-100 Index Fund as of November,Stanley Nasdaq-100 Index Fund as of November,,,30.0,2003.0,0.0
2003-11-30,2004-02-05,a2127129zn-csr.txt,0001047469-04-003328,N-CSR,SEC-MORGAN-NDX,,Pacific Coast Funds and TCW/DW Term Trust,Pacific Coast Funds and TCW/DW Term Trust,,,23852.0,2003.0,0.0
2003-11-30,2004-02-05,a2127129zn-csr.txt,0001047469-04-003328,N-CSR,SEC-MORGAN-NDX,,Charles Colman Blvd. July,Charles Colman Blvd. July,,,85.0,2003.0,0.0
2003-11-30,2004-02-05,a2127129zn-csr.txt,0001047469-04-003328,N-CSR,SEC-MORGAN-NDX,,Broadway April 1994 and TCW/DW Term Trust,Broadway April 1994 and TCW/DW Term Trust,,,1585.0,2003.0,0.0
2003-11-30,2004-02-05,a2127129zn-csr.txt,0001047469-04-003328,N-CSR,SEC-MORGAN-NDX,,ANNUAL REPORT NOVEMBER,ANNUAL REPORT NOVEMBER,,,30.0,2003.0,0.0
2003-11-30,2004-02-05,a2127129zn-csr.txt,0001047469-04-003328,N-CSR,SEC-MORGAN-NDX,,Feb,Feb,,,28.0,2002.0,0.0
2003-11-30,2004-02-05,a2127129zn-csr.txt,0001047469-04-003328,N-CSR,SEC-MORGAN-NDX,,May,May,,,31.0,2002.0,0.0
2003-11-30,2004-02-05,a2127129zn-csr.txt,0001047469-04-003328,N-CSR,SEC-MORGAN-NDX,,Aug,Aug,,,31.0,2002.0,0.0
2003-11-30,2004-02-05,a2127129zn-csr.txt,0001047469-04-003328,N-CSR,SEC-MORGAN-NDX,,Nov,Nov,,,30.0,2002.0,0.0
2003-11-30,2004-02-05,a2127129zn-csr.txt,0001047469-04-003328,N-CSR,SEC-MORGAN-NDX,,"STATEMENT OF CHANGES IN NET ASSETS FOR THE YEAR FOR THE YEAR ENDED ENDED NOVEMBER 30, 2003 NOVEMBER","STATEMENT OF CHANGES IN NET ASSETS FOR THE YEAR FOR THE YEAR ENDED ENDED NOVEMBER 30, 2003 NOVEMBER",,,30.0,2002.0,0.0
2003-11-30,2004-02-05,a2127129zn-csr.txt,0001047469-04-003328,N-CSR,SEC-MORGAN-NDX,,"FOR THE YEAR FOR THE YEAR ENDED ENDED NOVEMBER 30, 2003 NOVEMBER","FOR THE YEAR FOR THE YEAR ENDED ENDED NOVEMBER 30, 2003 NOVEMBER",,,30.0,2002.0,0.0
2003-11-30,2004-02-05,a2127129zn-csr.txt,0001047469-04-003328,N-CSR,SEC-MORGAN-NDX,,"The tax character of distributions paid were as follows: FOR THE YEAR FOR THE YEAR ENDED ENDED NOVEMBER 30, 2003 NOVEMBER","The tax character of distributions paid were as follows: FOR THE YEAR FOR THE YEAR ENDED ENDED NOVEMBER 30, 2003 NOVEMBER",,,30.0,2002.0,0.0
2003-11-30,2004-02-05,a2127129zn-csr.txt,0001047469-04-003328,N-CSR,SEC-MORGAN-NDX,,NOVEMBER,NOVEMBER,,,30.0,2002.0,0.0
2003-11-30,2004-02-05,a2127129zn-csr.txt,0001047469-04-003328,N-CSR,SEC-MORGAN-NDX,,Jul,Jul,,,13.0,2001.0,0.0
2003-11-30,2004-02-05,a2127129zn-csr.txt,0001047469-04-003328,N-CSR,SEC-MORGAN-NDX,,Aug,Aug,,,31.0,2001.0,0.0
2003-11-30,2004-02-05,a2127129zn-csr.txt,0001047469-04-003328,N-CSR,SEC-MORGAN-NDX,,Nov,Nov,,,30.0,2001.0,0.0
2003-11-30,2004-02-05,a2127129zn-csr.txt,0001047469-04-003328,N-CSR,SEC-MORGAN-NDX,,"ENDED ENDED THROUGH NOVEMBER 30, 2003 NOVEMBER 30, 2002 NOVEMBER","ENDED ENDED THROUGH NOVEMBER 30, 2003 NOVEMBER 30, 2002 NOVEMBER",,,30.0,2001.0,0.0
2003-11-30,2004-02-05,a2127129zn-csr.txt,0001047469-04-003328,N-CSR,SEC-MORGAN-NDX,,NOVEMBER,NOVEMBER,,,30.0,2001.0,0.0
2003-11-30,2004-02-05,a2127129zn-csr.txt,0001047469-04-003328,N-CSR,SEC-MORGAN-NDX,,Avenue of the Americas and General February,Avenue of the Americas and General February,,,1221.0,1997.0,0.0
2003-11-30,2004-02-05,a2127129zn-csr.txt,0001047469-04-003328,N-CSR,SEC-MORGAN-NDX,,Utah Center,Utah Center,,,1.0,1993.0,0.0
2003-11-30,2004-02-05,a2127129zn-csr.txt,0001047469-04-003328,N-CSR,SEC-MORGAN-NDX,,"SUPPLEMENTAL DATA: Net assets, end of period, in thousands","SUPPLEMENTAL DATA: Net assets, end of period, in thousands",,,2760.0,956.0,0.0
2003-11-30,2004-02-05,a2127129zn-csr.txt,0001047469-04-003328,N-CSR,SEC-MORGAN-NDX,,2001 and commenced operations on July,2001 and commenced operations on July,,,10.0,13.0,0.0
2004-03-31,2004-06-08,seriesncsr.txt,0000935069-04-000855,N-CSR,SEC-RYDEX-NDX,,Investment in Securities Lending Short Term Investment Portfolio held by U.S. Bank (Note 10),Investment in Securities Lending Short Term Investment Portfolio held by U.S. Bank (Note 10),,,383940169.0,383940169.0,0.0
2004-03-31,2004-06-08,seriesncsr.txt,0000935069-04-000855,N-CSR,SEC-RYDEX-NDX,,Microsoft Corp.+,Microsoft Corp.+,,,2910345.0,72671315.0,0.0
2004-03-31,2004-06-08,seriesncsr.txt,0000935069-04-000855,N-CSR,SEC-RYDEX-NDX,,"Qualcomm, Inc.+","Qualcomm, Inc.+",,,764215.0,50759160.0,0.0
2004-03-31,2004-06-08,seriesncsr.txt,0000935069-04-000855,N-CSR,SEC-RYDEX-NDX,,Intel Corp.+,Intel Corp.+,,,1809025.0,49205480.0,0.0
2004-03-31,2004-06-08,seriesncsr.txt,0000935069-04-000855,N-CSR,SEC-RYDEX-NDX,,"Cisco Systems, Inc.*+","Cisco Systems, Inc.*+",,,1953935.0,45956551.0,0.0
2004-03-31,2004-06-08,seriesncsr.txt,0000935069-04-000855,N-CSR,SEC-RYDEX-NDX,,"Amgen, Inc.*+","Amgen, Inc.*+",,,493010.0,28678392.0,0.0
2004-03-31,2004-06-08,seriesncsr.txt,0000935069-04-000855,N-CSR,SEC-RYDEX-NDX,,"eBay, Inc.*+","eBay, Inc.*+",,,390905.0,27101443.0,0.0
2004-03-31,2004-06-08,seriesncsr.txt,0000935069-04-000855,N-CSR,SEC-RYDEX-NDX,,"Dell, Inc.*+","Dell, Inc.*+",,,776815.0,26116520.0,0.0
2004-03-31,2004-06-08,seriesncsr.txt,0000935069-04-000855,N-CSR,SEC-RYDEX-NDX,,Oracle Corp.*+,Oracle Corp.*+,,,1907230.0,22905832.0,0.0
2004-03-31,2004-06-08,seriesncsr.txt,0000935069-04-000855,N-CSR,SEC-RYDEX-NDX,,Comcast Corp.--Class A*+,Comcast Corp.--Class A*+,,,676815.0,19451663.0,0.0
2004-03-31,2004-06-08,seriesncsr.txt,0000935069-04-000855,N-CSR,SEC-RYDEX-NDX,,InterActiveCorp*+,InterActiveCorp*+,,,580205.0,18328676.0,0.0
2004-03-31,2004-06-08,seriesncsr.txt,0000935069-04-000855,N-CSR,SEC-RYDEX-NDX,,Starbucks Corp.*+,Starbucks Corp.*+,,,467505.0,17648314.0,0.0
2004-03-31,2004-06-08,seriesncsr.txt,0000935069-04-000855,N-CSR,SEC-RYDEX-NDX,,"Maxim Integrated Products, Inc.+","Maxim Integrated Products, Inc.+",,,359405.0,16924381.0,0.0
2004-03-31,2004-06-08,seriesncsr.txt,0000935069-04-000855,N-CSR,SEC-RYDEX-NDX,,"Biogen Idec, Inc.*+","Biogen Idec, Inc.*+",,,289205.0,16079798.0,0.0
2004-03-31,2004-06-08,seriesncsr.txt,0000935069-04-000855,N-CSR,SEC-RYDEX-NDX,,"Applied Materials, Inc.*+","Applied Materials, Inc.*+",,,676515.0,14463891.0,0.0
2004-03-31,2004-06-08,seriesncsr.txt,0000935069-04-000855,N-CSR,SEC-RYDEX-NDX,,"Xilinx, Inc.*+","Xilinx, Inc.*+",,,359805.0,13672590.0,0.0
2004-03-31,2004-06-08,seriesncsr.txt,0000935069-04-000855,N-CSR,SEC-RYDEX-NDX,,"Apollo Group, Inc.--Class A*+","Apollo Group, Inc.--Class A*+",,,154500.0,13303995.0,0.0
2004-03-31,2004-06-08,seriesncsr.txt,0000935069-04-000855,N-CSR,SEC-RYDEX-NDX,,"Apple Computer, Inc.*+","Apple Computer, Inc.*+",,,490810.0,13276411.0,0.0
2004-03-31,2004-06-08,seriesncsr.txt,0000935069-04-000855,N-CSR,SEC-RYDEX-NDX,,Symantec Corp.*+,Symantec Corp.*+,,,278600.0,12899180.0,0.0
2004-03-31,2004-06-08,seriesncsr.txt,0000935069-04-000855,N-CSR,SEC-RYDEX-NDX,,"Yahoo!, Inc.*+","Yahoo!, Inc.*+",,,257605.0,12517027.0,0.0
2004-03-31,2004-06-08,seriesncsr.txt,0000935069-04-000855,N-CSR,SEC-RYDEX-NDX,,Linear Technology Corp.+,Linear Technology Corp.+,,,331305.0,12264911.0,0.0
2004-03-31,2004-06-08,seriesncsr.txt,0000935069-04-000855,N-CSR,SEC-RYDEX-NDX,,"Electronic Arts, Inc.*+","Electronic Arts, Inc.*+",,,223205.0,12044142.0,0.0
2004-03-31,2004-06-08,seriesncsr.txt,0000935069-04-000855,N-CSR,SEC-RYDEX-NDX,,"Bed Bath & Beyond, Inc.*+","Bed Bath & Beyond, Inc.*+",,,266200.0,11116512.0,0.0
2004-03-31,2004-06-08,seriesncsr.txt,0000935069-04-000855,N-CSR,SEC-RYDEX-NDX,,Teva Pharmaceutical Industries Ltd.--SP ADR+,Teva Pharmaceutical Industries Ltd.--SP ADR+,,,171800.0,10893838.0,0.0
2004-03-31,2004-06-08,seriesncsr.txt,0000935069-04-000855,N-CSR,SEC-RYDEX-NDX,,Genzyme Corp.*+,Genzyme Corp.*+,,,229100.0,10776864.0,0.0
2004-03-31,2004-06-08,seriesncsr.txt,0000935069-04-000855,N-CSR,SEC-RYDEX-NDX,,Chiron Corp.*+,Chiron Corp.*+,,,236700.0,10417167.0,0.0
2004-03-31,2004-06-08,seriesncsr.txt,0000935069-04-000855,N-CSR,SEC-RYDEX-NDX,,"Biomet, Inc.+","Biomet, Inc.+",,,271505.0,10414932.0,0.0
2004-03-31,2004-06-08,seriesncsr.txt,0000935069-04-000855,N-CSR,SEC-RYDEX-NDX,,"Paychex, Inc.+","Paychex, Inc.+",,,292505.0,10413178.0,0.0
2004-03-31,2004-06-08,seriesncsr.txt,0000935069-04-000855,N-CSR,SEC-RYDEX-NDX,,EchoStar Communications Corp.*+,EchoStar Communications Corp.*+,,,316108.0,10352537.0,0.0
2004-03-31,2004-06-08,seriesncsr.txt,0000935069-04-000855,N-CSR,SEC-RYDEX-NDX,,"Fiserv, Inc.*+","Fiserv, Inc.*+",,,278505.0,9962124.0,0.0
2004-03-31,2004-06-08,seriesncsr.txt,0000935069-04-000855,N-CSR,SEC-RYDEX-NDX,,Veritas Software Corp.*+,Veritas Software Corp.*+,,,355410.0,9564083.0,0.0
2004-03-31,2004-06-08,seriesncsr.txt,0000935069-04-000855,N-CSR,SEC-RYDEX-NDX,,KLA-Tencor Corp.*+,KLA-Tencor Corp.*+,,,183000.0,9214050.0,0.0
2004-03-31,2004-06-08,seriesncsr.txt,0000935069-04-000855,N-CSR,SEC-RYDEX-NDX,,"Amazon.com, Inc.*+","Amazon.com, Inc.*+",,,209100.0,9049848.0,0.0
2004-03-31,2004-06-08,seriesncsr.txt,0000935069-04-000855,N-CSR,SEC-RYDEX-NDX,,"PACCAR, Inc.+","PACCAR, Inc.+",,,157505.0,8858081.0,0.0
2004-03-31,2004-06-08,seriesncsr.txt,0000935069-04-000855,N-CSR,SEC-RYDEX-NDX,,Altera Corp.*+,Altera Corp.*+,,,431210.0,8818245.0,0.0
2004-03-31,2004-06-08,seriesncsr.txt,0000935069-04-000855,N-CSR,SEC-RYDEX-NDX,,"Gilead Sciences, Inc","Gilead Sciences, Inc",,,153305.0,8549820.0,0.0
2004-03-31,2004-06-08,seriesncsr.txt,0000935069-04-000855,N-CSR,SEC-RYDEX-NDX,,Cintas Corp.+,Cintas Corp.+,,,195500.0,8502295.0,0.0
2004-03-31,2004-06-08,seriesncsr.txt,0000935069-04-000855,N-CSR,SEC-RYDEX-NDX,,"Staples, Inc.*+","Staples, Inc.*+",,,325910.0,8274855.0,0.0
2004-03-31,2004-06-08,seriesncsr.txt,0000935069-04-000855,N-CSR,SEC-RYDEX-NDX,,Flextronics International Ltd.*+,Flextronics International Ltd.*+,,,472105.0,8129648.0,0.0
2004-03-31,2004-06-08,seriesncsr.txt,0000935069-04-000855,N-CSR,SEC-RYDEX-NDX,,"Adobe Systems, Inc","Adobe Systems, Inc",,,189005.0,7452467.0,0.0
2004-03-31,2004-06-08,seriesncsr.txt,0000935069-04-000855,N-CSR,SEC-RYDEX-NDX,,Costco Wholesale Corp.*+,Costco Wholesale Corp.*+,,,183400.0,6888504.0,0.0
2004-03-31,2004-06-08,seriesncsr.txt,0000935069-04-000855,N-CSR,SEC-RYDEX-NDX,,Broadcom Corp.--Class A*+,Broadcom Corp.--Class A*+,,,174605.0,6839278.0,0.0
2004-03-31,2004-06-08,seriesncsr.txt,0000935069-04-000855,N-CSR,SEC-RYDEX-NDX,,"Network Appliance, Inc.*+","Network Appliance, Inc.*+",,,305805.0,6559517.0,0.0
2004-03-31,2004-06-08,seriesncsr.txt,0000935069-04-000855,N-CSR,SEC-RYDEX-NDX,,Sigma-Aldrich Corp.+,Sigma-Aldrich Corp.+,,,117300.0,6491382.0,0.0
2004-03-31,2004-06-08,seriesncsr.txt,0000935069-04-000855,N-CSR,SEC-RYDEX-NDX,,Research In Motion Ltd.*+,Research In Motion Ltd.*+,,,68700.0,6410397.0,0.0
2004-03-31,2004-06-08,seriesncsr.txt,0000935069-04-000855,N-CSR,SEC-RYDEX-NDX,,Check Point Software Technologies Ltd.*+,Check Point Software Technologies Ltd.*+,,,280805.0,6393930.0,0.0
2004-03-31,2004-06-08,seriesncsr.txt,0000935069-04-000855,N-CSR,SEC-RYDEX-NDX,,JDS Uniphase Corp.*+,JDS Uniphase Corp.*+,,,1508220.0,6138456.0,0.0
2004-03-31,2004-06-08,seriesncsr.txt,0000935069-04-000855,N-CSR,SEC-RYDEX-NDX,,"PeopleSoft, Inc.*+","PeopleSoft, Inc.*+",,,331305.0,6125829.0,0.0
2004-03-31,2004-06-08,seriesncsr.txt,0000935069-04-000855,N-CSR,SEC-RYDEX-NDX,,Career Education Corp.*+,Career Education Corp.*+,,,100205.0,5675611.0,0.0
2004-03-31,2004-06-08,seriesncsr.txt,0000935069-04-000855,N-CSR,SEC-RYDEX-NDX,,"Juniper Networks, Inc.*+","Juniper Networks, Inc.*+",,,213600.0,5555736.0,0.0
2004-03-31,2004-06-08,seriesncsr.txt,0000935069-04-000855,N-CSR,SEC-RYDEX-NDX,,Marvell Technology Group Ltd.*+,Marvell Technology Group Ltd.*+,,,111205.0,5009785.0,0.0
2004-03-31,2004-06-08,seriesncsr.txt,0000935069-04-000855,N-CSR,SEC-RYDEX-NDX,,0.96% due 04/01/04,0.96% due 04/01/04,,,4967309.0,4967309.0,0.0
2004-03-31,2004-06-08,seriesncsr.txt,0000935069-04-000855,N-CSR,SEC-RYDEX-NDX,,0.93% due 04/01/04,0.93% due 04/01/04,,,4967309.0,4967309.0,0.0
2004-03-31,2004-06-08,seriesncsr.txt,0000935069-04-000855,N-CSR,SEC-RYDEX-NDX,,"Siebel Systems, Inc.*+","Siebel Systems, Inc.*+",,,424610.0,4887261.0,0.0
2004-03-31,2004-06-08,seriesncsr.txt,0000935069-04-000855,N-CSR,SEC-RYDEX-NDX,,Sanmina-SCI Corp.*+,Sanmina-SCI Corp.*+,,,435510.0,4794965.0,0.0
2004-03-31,2004-06-08,seriesncsr.txt,0000935069-04-000855,N-CSR,SEC-RYDEX-NDX,,"Medimmune, Inc.*+","Medimmune, Inc.*+",,,202705.0,4678431.0,0.0
2004-03-31,2004-06-08,seriesncsr.txt,0000935069-04-000855,N-CSR,SEC-RYDEX-NDX,,"DENTSPLY International, Inc.+","DENTSPLY International, Inc.+",,,103205.0,4575077.0,0.0
2004-03-31,2004-06-08,seriesncsr.txt,0000935069-04-000855,N-CSR,SEC-RYDEX-NDX,,0.95% due 04/01/04,0.95% due 04/01/04,,,4508704.0,4508704.0,0.0
2004-03-31,2004-06-08,seriesncsr.txt,0000935069-04-000855,N-CSR,SEC-RYDEX-NDX,,"BEA Systems, Inc.*+","BEA Systems, Inc.*+",,,343207.0,4379321.0,0.0
2004-03-31,2004-06-08,seriesncsr.txt,0000935069-04-000855,N-CSR,SEC-RYDEX-NDX,,"Express Scripts, Inc.*+","Express Scripts, Inc.*+",,,57600.0,4296384.0,0.0
2004-03-31,2004-06-08,seriesncsr.txt,0000935069-04-000855,N-CSR,SEC-RYDEX-NDX,,Lamar Advertising Co.*+,Lamar Advertising Co.*+,,,102205.0,4110685.0,0.0
2004-03-31,2004-06-08,seriesncsr.txt,0000935069-04-000855,N-CSR,SEC-RYDEX-NDX,,"Whole Foods Market, Inc.+","Whole Foods Market, Inc.+",,,54400.0,4077280.0,0.0
2004-03-31,2004-06-08,seriesncsr.txt,0000935069-04-000855,N-CSR,SEC-RYDEX-NDX,,CDW Corp.+,CDW Corp.+,,,60105.0,4063699.0,0.0
2004-03-31,2004-06-08,seriesncsr.txt,0000935069-04-000855,N-CSR,SEC-RYDEX-NDX,,QLogic Corp.*+,QLogic Corp.*+,,,121500.0,4010715.0,0.0
2004-03-31,2004-06-08,seriesncsr.txt,0000935069-04-000855,N-CSR,SEC-RYDEX-NDX,,"Millennium Pharmaceuticals, Inc","Millennium Pharmaceuticals, Inc",,,234905.0,3969895.0,0.0
2004-03-31,2004-06-08,seriesncsr.txt,0000935069-04-000855,N-CSR,SEC-RYDEX-NDX,,"Synopsys, Inc.*+","Synopsys, Inc.*+",,,131805.0,3817073.0,0.0
2004-03-31,2004-06-08,seriesncsr.txt,0000935069-04-000855,N-CSR,SEC-RYDEX-NDX,,"Microchip Technology, Inc","Microchip Technology, Inc",,,141100.0,3747616.0,0.0
2004-03-31,2004-06-08,seriesncsr.txt,0000935069-04-000855,N-CSR,SEC-RYDEX-NDX,,American Power Conversion Corp.+,American Power Conversion Corp.+,,,157805.0,3631093.0,0.0
2004-03-31,2004-06-08,seriesncsr.txt,0000935069-04-000855,N-CSR,SEC-RYDEX-NDX,,"ATI Technologies, Inc","ATI Technologies, Inc",,,216805.0,3533922.0,0.0
2004-03-31,2004-06-08,seriesncsr.txt,0000935069-04-000855,N-CSR,SEC-RYDEX-NDX,,Fastenal Co.+,Fastenal Co.+,,,65105.0,3495488.0,0.0
2004-03-31,2004-06-08,seriesncsr.txt,0000935069-04-000855,N-CSR,SEC-RYDEX-NDX,,Sandisk Corp.*+,Sandisk Corp.*+,,,123000.0,3489510.0,0.0
2004-03-31,2004-06-08,seriesncsr.txt,0000935069-04-000855,N-CSR,SEC-RYDEX-NDX,,"Citrix Systems, Inc","Citrix Systems, Inc",,,161400.0,3489468.0,0.0
2004-03-31,2004-06-08,seriesncsr.txt,0000935069-04-000855,N-CSR,SEC-RYDEX-NDX,,Lam Research Corp.*+,Lam Research Corp.*+,,,131605.0,3317762.0,0.0
2004-03-31,2004-06-08,seriesncsr.txt,0000935069-04-000855,N-CSR,SEC-RYDEX-NDX,,PanAmSat Corp.*+,PanAmSat Corp.*+,,,135405.0,3314715.0,0.0
2004-03-31,2004-06-08,seriesncsr.txt,0000935069-04-000855,N-CSR,SEC-RYDEX-NDX,,"Comverse Technology, Inc.*+","Comverse Technology, Inc.*+",,,178405.0,3236267.0,0.0
2004-03-31,2004-06-08,seriesncsr.txt,0000935069-04-000855,N-CSR,SEC-RYDEX-NDX,,Patterson Dental Co.*+,Patterson Dental Co.*+,,,46805.0,3211291.0,0.0
2004-03-31,2004-06-08,seriesncsr.txt,0000935069-04-000855,N-CSR,SEC-RYDEX-NDX,,"VeriSign, Inc.*+","VeriSign, Inc.*+",,,192905.0,3200294.0,0.0
2004-03-31,2004-06-08,seriesncsr.txt,0000935069-04-000855,N-CSR,SEC-RYDEX-NDX,,"Petsmart, Inc.+","Petsmart, Inc.+",,,110100.0,3001326.0,0.0
2004-03-31,2004-06-08,seriesncsr.txt,0000935069-04-000855,N-CSR,SEC-RYDEX-NDX,,Garmin Ltd.+,Garmin Ltd.+,,,69800.0,2981158.0,0.0
2004-03-31,2004-06-08,seriesncsr.txt,0000935069-04-000855,N-CSR,SEC-RYDEX-NDX,,"Dollar Tree Stores, Inc.*+","Dollar Tree Stores, Inc.*+",,,95700.0,2956173.0,0.0
2004-03-31,2004-06-08,seriesncsr.txt,0000935069-04-000855,N-CSR,SEC-RYDEX-NDX,,Mercury Interactive Corp.*+,Mercury Interactive Corp.*+,,,64897.0,2907386.0,0.0
2004-03-31,2004-06-08,seriesncsr.txt,0000935069-04-000855,N-CSR,SEC-RYDEX-NDX,,"Level 3 Communications, Inc.*+","Level 3 Communications, Inc.*+",,,719912.0,2894046.0,0.0
2004-03-31,2004-06-08,seriesncsr.txt,0000935069-04-000855,N-CSR,SEC-RYDEX-NDX,,Invitrogen Corp.*+,Invitrogen Corp.*+,,,39300.0,2817417.0,0.0
2004-03-31,2004-06-08,seriesncsr.txt,0000935069-04-000855,N-CSR,SEC-RYDEX-NDX,,"Lincare Holdings, Inc.*+","Lincare Holdings, Inc.*+",,,86305.0,2711703.0,0.0
2004-03-31,2004-06-08,seriesncsr.txt,0000935069-04-000855,N-CSR,SEC-RYDEX-NDX,,Nvidia Corp.*+,Nvidia Corp.*+,,,99905.0,2646483.0,0.0
2004-03-31,2004-06-08,seriesncsr.txt,0000935069-04-000855,N-CSR,SEC-RYDEX-NDX,,"Patterson-UTI Energy, Inc.*+","Patterson-UTI Energy, Inc.*+",,,69900.0,2475159.0,0.0
2004-03-31,2004-06-08,seriesncsr.txt,0000935069-04-000855,N-CSR,SEC-RYDEX-NDX,,"Ross Stores, Inc.+","Ross Stores, Inc.+",,,77705.0,2378550.0,0.0
2004-03-31,2004-06-08,seriesncsr.txt,0000935069-04-000855,N-CSR,SEC-RYDEX-NDX,,"Molex, Inc.+","Molex, Inc.+",,,76900.0,2336991.0,0.0
2004-03-31,2004-06-08,seriesncsr.txt,0000935069-04-000855,N-CSR,SEC-RYDEX-NDX,,"Novellus Systems, Inc.*+","Novellus Systems, Inc.*+",,,72205.0,2295397.0,0.0
2004-03-31,2004-06-08,seriesncsr.txt,0000935069-04-000855,N-CSR,SEC-RYDEX-NDX,,Ryanair Holdings PLC--SP ADR*+,Ryanair Holdings PLC--SP ADR*+,,,54500.0,1863355.0,0.0
2004-03-31,2004-06-08,seriesncsr.txt,0000935069-04-000855,N-CSR,SEC-RYDEX-NDX,,Gentex Corp.+,Gentex Corp.+,,,40800.0,1769904.0,0.0
2004-03-31,2004-06-08,seriesncsr.txt,0000935069-04-000855,N-CSR,SEC-RYDEX-NDX,,First Health Group Corp.*+,First Health Group Corp.*+,,,80800.0,1766288.0,0.0
2004-03-31,2004-06-08,seriesncsr.txt,0000935069-04-000855,N-CSR,SEC-RYDEX-NDX,,0.98% due 04/01/04,0.98% due 04/01/04,,,1425800.0,1425800.0,0.0
2004-03-31,2004-06-08,seriesncsr.txt,0000935069-04-000855,N-CSR,SEC-RYDEX-NDX,,Intersil Corp.--Class A+,Intersil Corp.--Class A+,,,47405.0,1056657.0,0.0
2004-03-31,2004-06-08,seriesncsr.txt,0000935069-04-000855,N-CSR,SEC-RYDEX-NDX,,"Sun Microsystems, Inc","Sun Microsystems, Inc",,,249200.0,1036672.0,0.0
2004-03-31,2004-06-08,seriesncsr.txt,0000935069-04-000855,N-CSR,SEC-RYDEX-NDX,,"C.H. Robinson Worldwide, Inc.+","C.H. Robinson Worldwide, Inc.+",,,23605.0,979608.0,0.0
2004-03-31,2004-06-08,seriesncsr.txt,0000935069-04-000855,N-CSR,SEC-RYDEX-NDX,,Compuware Corp,Compuware Corp,,,123905.0,923092.0,0.0
2004-03-31,2004-06-08,seriesncsr.txt,0000935069-04-000855,N-CSR,SEC-RYDEX-NDX,,"Tellabs, Inc.*+","Tellabs, Inc.*+",,,102300.0,882849.0,0.0
2004-03-31,2004-06-08,seriesncsr.txt,0000935069-04-000855,N-CSR,SEC-RYDEX-NDX,,"Nextel Communications, Inc.--Class A*+","Nextel Communications, Inc.--Class A*+",,,1.0,65220.0,0.0
2004-05-31,2004-07-30,a2140596zn-csrs.txt,0001047469-04-024793,N-CSRS,SEC-MORGAN-NDX,,"END OF PERIOD (INCLUDING A NET INVESTMENT LOSS OF $349,270 AND $0, RESPECTIVELY)","END OF PERIOD (INCLUDING A NET INVESTMENT LOSS OF $349,270 AND $0, RESPECTIVELY)",,,56395584.0,51013086.0,0.0
2004-05-31,2004-07-30,a2140596zn-csrs.txt,0001047469-04-024793,N-CSRS,SEC-MORGAN-NDX,,NET INCREASE,NET INCREASE,,,5382498.0,25727724.0,0.0
2004-05-31,2004-07-30,a2140596zn-csrs.txt,0001047469-04-024793,N-CSRS,SEC-MORGAN-NDX,,NET ASSETS: Beginning of period,NET ASSETS: Beginning of period,,,51013086.0,25285362.0,0.0
2004-05-31,2004-07-30,a2140596zn-csrs.txt,0001047469-04-024793,N-CSRS,SEC-MORGAN-NDX,,Net increase from transactions in shares of beneficial interest,Net increase from transactions in shares of beneficial interest,,,4342120.0,16224275.0,0.0
2004-05-31,2004-07-30,a2140596zn-csrs.txt,0001047469-04-024793,N-CSRS,SEC-MORGAN-NDX,,Net change in unrealized appreciation,Net change in unrealized appreciation,,,2022417.0,10302233.0,0.0
2004-05-31,2004-07-30,a2140596zn-csrs.txt,0001047469-04-024793,N-CSRS,SEC-MORGAN-NDX,,NET INCREASE,NET INCREASE,,,1040378.0,9503449.0,0.0
2004-05-31,2004-07-30,a2140596zn-csrs.txt,0001047469-04-024793,N-CSRS,SEC-MORGAN-NDX,,Sold,Sold,,,1131845.0,9302177.0,0.0
2004-05-31,2004-07-30,a2140596zn-csrs.txt,0001047469-04-024793,N-CSRS,SEC-MORGAN-NDX,,Sold,Sold,,,885340.0,7423231.0,0.0
2004-05-31,2004-07-30,a2140596zn-csrs.txt,0001047469-04-024793,N-CSRS,SEC-MORGAN-NDX,,Microsoft Corp,Microsoft Corp,,,165757.0,4367697.0,0.0
2004-05-31,2004-07-30,a2140596zn-csrs.txt,0001047469-04-024793,N-CSRS,SEC-MORGAN-NDX,,Net increase in Fund,Net increase in Fund,,,514517.0,4342120.0,0.0
2004-05-31,2004-07-30,a2140596zn-csrs.txt,0001047469-04-024793,N-CSRS,SEC-MORGAN-NDX,,QUALCOMM Inc,QUALCOMM Inc,,,43325.0,2905808.0,0.0
2004-05-31,2004-07-30,a2140596zn-csrs.txt,0001047469-04-024793,N-CSRS,SEC-MORGAN-NDX,,Intel Corp,Intel Corp,,,101305.0,2892258.0,0.0
2004-05-31,2004-07-30,a2140596zn-csrs.txt,0001047469-04-024793,N-CSRS,SEC-MORGAN-NDX,,"Cisco Systems, Inc","Cisco Systems, Inc",,,109555.0,2426643.0,0.0
2004-05-31,2004-07-30,a2140596zn-csrs.txt,0001047469-04-024793,N-CSRS,SEC-MORGAN-NDX,,Sold,Sold,,,281519.0,2316725.0,0.0
2004-05-31,2004-07-30,a2140596zn-csrs.txt,0001047469-04-024793,N-CSRS,SEC-MORGAN-NDX,,eBay Inc,eBay Inc,,,21763.0,1932554.0,0.0
2004-05-31,2004-07-30,a2140596zn-csrs.txt,0001047469-04-024793,N-CSRS,SEC-MORGAN-NDX,,Sold,Sold,,,200758.0,1671720.0,0.0
2004-05-31,2004-07-30,a2140596zn-csrs.txt,0001047469-04-024793,N-CSRS,SEC-MORGAN-NDX,,Net increase -- Class B,Net increase -- Class B,,,190474.0,1662836.0,0.0
2004-05-31,2004-07-30,a2140596zn-csrs.txt,0001047469-04-024793,N-CSRS,SEC-MORGAN-NDX,,Dell Inc,Dell Inc,,,42028.0,1478545.0,0.0
2004-05-31,2004-07-30,a2140596zn-csrs.txt,0001047469-04-024793,N-CSRS,SEC-MORGAN-NDX,,Amgen Inc,Amgen Inc,,,26696.0,1460271.0,0.0
2004-05-31,2004-07-30,a2140596zn-csrs.txt,0001047469-04-024793,N-CSRS,SEC-MORGAN-NDX,,Comcast Corp. (Class A),Comcast Corp. (Class A),,,42387.0,1227104.0,0.0
2004-05-31,2004-07-30,a2140596zn-csrs.txt,0001047469-04-024793,N-CSRS,SEC-MORGAN-NDX,,Net increase -- Class A,Net increase -- Class A,,,149366.0,1214387.0,0.0
2004-05-31,2004-07-30,a2140596zn-csrs.txt,0001047469-04-024793,N-CSRS,SEC-MORGAN-NDX,,Oracle Corp,Oracle Corp,,,97255.0,1100927.0,0.0
2004-05-31,2004-07-30,a2140596zn-csrs.txt,0001047469-04-024793,N-CSRS,SEC-MORGAN-NDX,,Net increase -- Class C,Net increase -- Class C,,,130712.0,1085101.0,0.0
2004-05-31,2004-07-30,a2140596zn-csrs.txt,0001047469-04-024793,N-CSRS,SEC-MORGAN-NDX,,Biogen Idec Inc,Biogen Idec Inc,,,16896.0,1050086.0,0.0
2004-05-31,2004-07-30,a2140596zn-csrs.txt,0001047469-04-024793,N-CSRS,SEC-MORGAN-NDX,,InterActiveCorp,InterActiveCorp,,,32957.0,1030236.0,0.0
2004-05-31,2004-07-30,a2140596zn-csrs.txt,0001047469-04-024793,N-CSRS,SEC-MORGAN-NDX,,Starbucks Corp,Starbucks Corp,,,24575.0,998728.0,0.0
2004-05-31,2004-07-30,a2140596zn-csrs.txt,0001047469-04-024793,N-CSRS,SEC-MORGAN-NDX,,Yahoo! Inc,Yahoo! Inc,,,28544.0,875159.0,0.0
2004-05-31,2004-07-30,a2140596zn-csrs.txt,0001047469-04-024793,N-CSRS,SEC-MORGAN-NDX,,"Applied Materials, Inc","Applied Materials, Inc",,,38899.0,776424.0,0.0
2004-05-31,2004-07-30,a2140596zn-csrs.txt,0001047469-04-024793,N-CSRS,SEC-MORGAN-NDX,,"Apollo Group, Inc. (Class A)","Apollo Group, Inc. (Class A)",,,7947.0,745429.0,0.0
2004-05-31,2004-07-30,a2140596zn-csrs.txt,0001047469-04-024793,N-CSRS,SEC-MORGAN-NDX,,"Xilinx, Inc","Xilinx, Inc",,,20406.0,744411.0,0.0
2004-05-31,2004-07-30,a2140596zn-csrs.txt,0001047469-04-024793,N-CSRS,SEC-MORGAN-NDX,,Linear Technology Corp,Linear Technology Corp,,,18622.0,738549.0,0.0
2004-05-31,2004-07-30,a2140596zn-csrs.txt,0001047469-04-024793,N-CSRS,SEC-MORGAN-NDX,,Electronic Arts Inc,Electronic Arts Inc,,,13445.0,683409.0,0.0
2004-05-31,2004-07-30,a2140596zn-csrs.txt,0001047469-04-024793,N-CSRS,SEC-MORGAN-NDX,,Bed Bath & Beyond Inc,Bed Bath & Beyond Inc,,,17904.0,666924.0,0.0
2004-05-31,2004-07-30,a2140596zn-csrs.txt,0001047469-04-024793,N-CSRS,SEC-MORGAN-NDX,,Symantec Corp,Symantec Corp,,,14521.0,665062.0,0.0
2004-05-31,2004-07-30,a2140596zn-csrs.txt,0001047469-04-024793,N-CSRS,SEC-MORGAN-NDX,,"Apple Computer, Inc","Apple Computer, Inc",,,23009.0,645633.0,0.0
2004-05-31,2004-07-30,a2140596zn-csrs.txt,0001047469-04-024793,N-CSRS,SEC-MORGAN-NDX,,"Biomet, Inc","Biomet, Inc",,,15369.0,616604.0,0.0
2004-05-31,2004-07-30,a2140596zn-csrs.txt,0001047469-04-024793,N-CSRS,SEC-MORGAN-NDX,,"Gilead Sciences, Inc","Gilead Sciences, Inc",,,9394.0,614931.0,0.0
2004-05-31,2004-07-30,a2140596zn-csrs.txt,0001047469-04-024793,N-CSRS,SEC-MORGAN-NDX,,"Paychex, Inc","Paychex, Inc",,,15980.0,599410.0,0.0
2004-05-31,2004-07-30,a2140596zn-csrs.txt,0001047469-04-024793,N-CSRS,SEC-MORGAN-NDX,,"Amazon.com, Inc","Amazon.com, Inc",,,11978.0,578418.0,0.0
2004-05-31,2004-07-30,a2140596zn-csrs.txt,0001047469-04-024793,N-CSRS,SEC-MORGAN-NDX,,Genzyme Corp,Genzyme Corp,,,12538.0,546406.0,0.0
2004-05-31,2004-07-30,a2140596zn-csrs.txt,0001047469-04-024793,N-CSRS,SEC-MORGAN-NDX,,Altera Corp,Altera Corp,,,23768.0,544050.0,0.0
2004-05-31,2004-07-30,a2140596zn-csrs.txt,0001047469-04-024793,N-CSRS,SEC-MORGAN-NDX,,Chiron Corp,Chiron Corp,,,11702.0,523664.0,0.0
2004-05-31,2004-07-30,a2140596zn-csrs.txt,0001047469-04-024793,N-CSRS,SEC-MORGAN-NDX,,VERITAS Software Corp,VERITAS Software Corp,,,19500.0,518700.0,0.0
2004-05-31,2004-07-30,a2140596zn-csrs.txt,0001047469-04-024793,N-CSRS,SEC-MORGAN-NDX,,KLA-Tencor Corp,KLA-Tencor Corp,,,10614.0,511383.0,0.0
2004-05-31,2004-07-30,a2140596zn-csrs.txt,0001047469-04-024793,N-CSRS,SEC-MORGAN-NDX,,"PACCAR, Inc","PACCAR, Inc",,,8773.0,489533.0,0.0
2004-05-31,2004-07-30,a2140596zn-csrs.txt,0001047469-04-024793,N-CSRS,SEC-MORGAN-NDX,,"Adobe Systems, Inc","Adobe Systems, Inc",,,10428.0,465402.0,0.0
2004-05-31,2004-07-30,a2140596zn-csrs.txt,0001047469-04-024793,N-CSRS,SEC-MORGAN-NDX,,Intuit Inc,Intuit Inc,,,11065.0,433527.0,0.0
2004-05-31,2004-07-30,a2140596zn-csrs.txt,0001047469-04-024793,N-CSRS,SEC-MORGAN-NDX,,Broadcom Corp. (Class A),Broadcom Corp. (Class A),,,9967.0,420707.0,0.0
2004-05-31,2004-07-30,a2140596zn-csrs.txt,0001047469-04-024793,N-CSRS,SEC-MORGAN-NDX,,Cintas Corp,Cintas Corp,,,9157.0,415545.0,0.0
2004-05-31,2004-07-30,a2140596zn-csrs.txt,0001047469-04-024793,N-CSRS,SEC-MORGAN-NDX,,"Staples, Inc","Staples, Inc",,,14966.0,412762.0,0.0
2004-05-31,2004-07-30,a2140596zn-csrs.txt,0001047469-04-024793,N-CSRS,SEC-MORGAN-NDX,,"Fiserv, Inc","Fiserv, Inc",,,10863.0,410839.0,0.0
2004-05-31,2004-07-30,a2140596zn-csrs.txt,0001047469-04-024793,N-CSRS,SEC-MORGAN-NDX,,"PeopleSoft, Inc","PeopleSoft, Inc",,,22944.0,410239.0,0.0
2004-05-31,2004-07-30,a2140596zn-csrs.txt,0001047469-04-024793,N-CSRS,SEC-MORGAN-NDX,,Costco Wholesale Corp,Costco Wholesale Corp,,,10765.0,406702.0,0.0
2004-05-31,2004-07-30,a2140596zn-csrs.txt,0001047469-04-024793,N-CSRS,SEC-MORGAN-NDX,,Net increase (decrease) -- Class D,Net increase (decrease) -- Class D,,,43965.0,379796.0,0.0
2004-05-31,2004-07-30,a2140596zn-csrs.txt,0001047469-04-024793,N-CSRS,SEC-MORGAN-NDX,,"Network Appliance, Inc","Network Appliance, Inc",,,16213.0,321017.0,0.0
2004-05-31,2004-07-30,a2140596zn-csrs.txt,0001047469-04-024793,N-CSRS,SEC-MORGAN-NDX,,Career Education Corp,Career Education Corp,,,4545.0,308924.0,0.0
2004-05-31,2004-07-30,a2140596zn-csrs.txt,0001047469-04-024793,N-CSRS,SEC-MORGAN-NDX,,"MedImmune, Inc","MedImmune, Inc",,,11852.0,285278.0,0.0
2004-05-31,2004-07-30,a2140596zn-csrs.txt,0001047469-04-024793,N-CSRS,SEC-MORGAN-NDX,,"Siebel Systems, Inc","Siebel Systems, Inc",,,26043.0,281264.0,0.0
2004-05-31,2004-07-30,a2140596zn-csrs.txt,0001047469-04-024793,N-CSRS,SEC-MORGAN-NDX,,CDW Corp,CDW Corp,,,3862.0,271344.0,0.0
2004-05-31,2004-07-30,a2140596zn-csrs.txt,0001047469-04-024793,N-CSRS,SEC-MORGAN-NDX,,"Sun Microsystems, Inc","Sun Microsystems, Inc",,,63796.0,269857.0,0.0
2004-05-31,2004-07-30,a2140596zn-csrs.txt,0001047469-04-024793,N-CSRS,SEC-MORGAN-NDX,,Sanmina-SCI Corp,Sanmina-SCI Corp,,,24710.0,261432.0,0.0
2004-05-31,2004-07-30,a2140596zn-csrs.txt,0001047469-04-024793,N-CSRS,SEC-MORGAN-NDX,,JDS Uniphase Corp,JDS Uniphase Corp,,,72733.0,250929.0,0.0
2004-05-31,2004-07-30,a2140596zn-csrs.txt,0001047469-04-024793,N-CSRS,SEC-MORGAN-NDX,,Microchip Technology Inc,Microchip Technology Inc,,,7719.0,244769.0,0.0
2004-05-31,2004-07-30,a2140596zn-csrs.txt,0001047469-04-024793,N-CSRS,SEC-MORGAN-NDX,,"Juniper Networks, Inc","Juniper Networks, Inc",,,11596.0,242472.0,0.0
2004-05-31,2004-07-30,a2140596zn-csrs.txt,0001047469-04-024793,N-CSRS,SEC-MORGAN-NDX,,"Novellus Systems, Inc","Novellus Systems, Inc",,,6928.0,230633.0,0.0
2004-05-31,2004-07-30,a2140596zn-csrs.txt,0001047469-04-024793,N-CSRS,SEC-MORGAN-NDX,,"Whole Foods Market, Inc","Whole Foods Market, Inc",,,2666.0,229276.0,0.0
2004-05-31,2004-07-30,a2140596zn-csrs.txt,0001047469-04-024793,N-CSRS,SEC-MORGAN-NDX,,Patterson Dental Co,Patterson Dental Co,,,2926.0,222142.0,0.0
2004-05-31,2004-07-30,a2140596zn-csrs.txt,0001047469-04-024793,N-CSRS,SEC-MORGAN-NDX,,PanAmSat Corp,PanAmSat Corp,,,9026.0,209674.0,0.0
2004-05-31,2004-07-30,a2140596zn-csrs.txt,0001047469-04-024793,N-CSRS,SEC-MORGAN-NDX,,Mercury Interactive Corp,Mercury Interactive Corp,,,4351.0,208587.0,0.0
2004-05-31,2004-07-30,a2140596zn-csrs.txt,0001047469-04-024793,N-CSRS,SEC-MORGAN-NDX,,"PETSMART, Inc","PETSMART, Inc",,,6321.0,196520.0,0.0
2004-05-31,2004-07-30,a2140596zn-csrs.txt,0001047469-04-024793,N-CSRS,SEC-MORGAN-NDX,,"Synopsys, Inc","Synopsys, Inc",,,6405.0,189588.0,0.0
2004-05-31,2004-07-30,a2140596zn-csrs.txt,0001047469-04-024793,N-CSRS,SEC-MORGAN-NDX,,NVIDIA Corp,NVIDIA Corp,,,7905.0,186400.0,0.0
2004-05-31,2004-07-30,a2140596zn-csrs.txt,0001047469-04-024793,N-CSRS,SEC-MORGAN-NDX,,"VeriSign, Inc","VeriSign, Inc",,,10180.0,184665.0,0.0
2004-05-31,2004-07-30,a2140596zn-csrs.txt,0001047469-04-024793,N-CSRS,SEC-MORGAN-NDX,,"Citrix Systems, Inc","Citrix Systems, Inc",,,8700.0,183135.0,0.0
2004-05-31,2004-07-30,a2140596zn-csrs.txt,0001047469-04-024793,N-CSRS,SEC-MORGAN-NDX,,"Ross Stores, Inc","Ross Stores, Inc",,,6644.0,174006.0,0.0
2004-05-31,2004-07-30,a2140596zn-csrs.txt,0001047469-04-024793,N-CSRS,SEC-MORGAN-NDX,,Sigma-Aldrich Corp,Sigma-Aldrich Corp,,,2971.0,169674.0,0.0
2004-05-31,2004-07-30,a2140596zn-csrs.txt,0001047469-04-024793,N-CSRS,SEC-MORGAN-NDX,,"Pixar, Inc","Pixar, Inc",,,2481.0,168336.0,0.0
2004-05-31,2004-07-30,a2140596zn-csrs.txt,0001047469-04-024793,N-CSRS,SEC-MORGAN-NDX,,"DENTSPLY International, Inc","DENTSPLY International, Inc",,,3390.0,167500.0,0.0
2004-05-31,2004-07-30,a2140596zn-csrs.txt,0001047469-04-024793,N-CSRS,SEC-MORGAN-NDX,,Fastenal Co,Fastenal Co,,,3236.0,167495.0,0.0
2004-05-31,2004-07-30,a2140596zn-csrs.txt,0001047469-04-024793,N-CSRS,SEC-MORGAN-NDX,,SanDisk Corp,SanDisk Corp,,,6514.0,160570.0,0.0
2004-05-31,2004-07-30,a2140596zn-csrs.txt,0001047469-04-024793,N-CSRS,SEC-MORGAN-NDX,,"Comverse Technology, Inc","Comverse Technology, Inc",,,8932.0,157828.0,0.0
2004-05-31,2004-07-30,a2140596zn-csrs.txt,0001047469-04-024793,N-CSRS,SEC-MORGAN-NDX,,Garmin Ltd. (Cayman Islands),Garmin Ltd. (Cayman Islands),,,4472.0,155268.0,0.0
2004-05-31,2004-07-30,a2140596zn-csrs.txt,0001047469-04-024793,N-CSRS,SEC-MORGAN-NDX,,"C.H. Robinson Worldwide, Inc","C.H. Robinson Worldwide, Inc",,,3724.0,154844.0,0.0
2004-05-31,2004-07-30,a2140596zn-csrs.txt,0001047469-04-024793,N-CSRS,SEC-MORGAN-NDX,,Lam Research Corp,Lam Research Corp,,,6136.0,154198.0,0.0
2004-05-31,2004-07-30,a2140596zn-csrs.txt,0001047469-04-024793,N-CSRS,SEC-MORGAN-NDX,,Lamar Advertising Co,Lamar Advertising Co,,,3717.0,151914.0,0.0
2004-05-31,2004-07-30,a2140596zn-csrs.txt,0001047469-04-024793,N-CSRS,SEC-MORGAN-NDX,,Invitrogen Corp,Invitrogen Corp,,,2179.0,151332.0,0.0
2004-05-31,2004-07-30,a2140596zn-csrs.txt,0001047469-04-024793,N-CSRS,SEC-MORGAN-NDX,,"BEA Systems, Inc","BEA Systems, Inc",,,16782.0,144829.0,0.0
2004-05-31,2004-07-30,a2140596zn-csrs.txt,0001047469-04-024793,N-CSRS,SEC-MORGAN-NDX,,"Lincare Holdings, Inc","Lincare Holdings, Inc",,,4232.0,142237.0,0.0
2004-05-31,2004-07-30,a2140596zn-csrs.txt,0001047469-04-024793,N-CSRS,SEC-MORGAN-NDX,,"Dollar Tree Stores, Inc","Dollar Tree Stores, Inc",,,4946.0,137993.0,0.0
2004-05-31,2004-07-30,a2140596zn-csrs.txt,0001047469-04-024793,N-CSRS,SEC-MORGAN-NDX,,Gentex Corp,Gentex Corp,,,3579.0,136002.0,0.0
2004-05-31,2004-07-30,a2140596zn-csrs.txt,0001047469-04-024793,N-CSRS,SEC-MORGAN-NDX,,Intersil Corp. (Class A),Intersil Corp. (Class A),,,6301.0,133896.0,0.0
2004-05-31,2004-07-30,a2140596zn-csrs.txt,0001047469-04-024793,N-CSRS,SEC-MORGAN-NDX,,QLogic Corp,QLogic Corp,,,4311.0,132348.0,0.0
2004-05-31,2004-07-30,a2140596zn-csrs.txt,0001047469-04-024793,N-CSRS,SEC-MORGAN-NDX,,Molex Inc,Molex Inc,,,4402.0,129243.0,0.0
2004-05-31,2004-07-30,a2140596zn-csrs.txt,0001047469-04-024793,N-CSRS,SEC-MORGAN-NDX,,"Cephalon, Inc","Cephalon, Inc",,,2281.0,122877.0,0.0
2004-05-31,2004-07-30,a2140596zn-csrs.txt,0001047469-04-024793,N-CSRS,SEC-MORGAN-NDX,,"Henry Schein, Inc","Henry Schein, Inc",,,1811.0,121627.0,0.0
2004-05-31,2004-07-30,a2140596zn-csrs.txt,0001047469-04-024793,N-CSRS,SEC-MORGAN-NDX,,"Level 3 Communications, Inc","Level 3 Communications, Inc",,,29834.0,116353.0,0.0
2004-05-31,2004-07-30,a2140596zn-csrs.txt,0001047469-04-024793,N-CSRS,SEC-MORGAN-NDX,,"Patterson-UTI Energy, Inc","Patterson-UTI Energy, Inc",,,3734.0,114484.0,0.0
2004-05-31,2004-07-30,a2140596zn-csrs.txt,0001047469-04-024793,N-CSRS,SEC-MORGAN-NDX,,21 Long Nasdaq-100 Index,21 Long Nasdaq-100 Index,,,3080700.0,114450.0,0.0
2004-05-31,2004-07-30,a2140596zn-csrs.txt,0001047469-04-024793,N-CSRS,SEC-MORGAN-NDX,,"Tellabs, Inc","Tellabs, Inc",,,10626.0,84370.0,0.0
2004-05-31,2004-07-30,a2140596zn-csrs.txt,0001047469-04-024793,N-CSRS,SEC-MORGAN-NDX,,Compuware Corp,Compuware Corp,,,10579.0,84103.0,0.0
2004-05-31,2004-07-30,a2140596zn-csrs.txt,0001047469-04-024793,N-CSRS,SEC-MORGAN-NDX,,First Health Group Corp,First Health Group Corp,,,4373.0,66032.0,0.0
2004-05-31,2004-07-30,a2140596zn-csrs.txt,0001047469-04-024793,N-CSRS,SEC-MORGAN-NDX,,"SUPPLEMENTAL DATA: Net assets, end of period, in thousands","SUPPLEMENTAL DATA: Net assets, end of period, in thousands",,,40416.0,38028.0,0.0
2004-05-31,2004-07-30,a2140596zn-csrs.txt,0001047469-04-024793,N-CSRS,SEC-MORGAN-NDX,,20 Long Nasdaq-100 E-Mini,20 Long Nasdaq-100 E-Mini,,,586800.0,24800.0,0.0
2004-05-31,2004-07-30,a2140596zn-csrs.txt,0001047469-04-024793,N-CSRS,SEC-MORGAN-NDX,,"(Exact name of registrant as specified in charter) Avenue of the Americas, New York, New York","(Exact name of registrant as specified in charter) Avenue of the Americas, New York, New York",,,1221.0,10020.0,0.0
2004-05-31,2004-07-30,a2140596zn-csrs.txt,0001047469-04-024793,N-CSRS,SEC-MORGAN-NDX,,"(Address of principal executive offices) (Zip code) Ronald E. Robison Avenue of the Americas, New York, New York","(Address of principal executive offices) (Zip code) Ronald E. Robison Avenue of the Americas, New York, New York",,,1221.0,10020.0,0.0
2004-05-31,2004-07-30,a2140596zn-csrs.txt,0001047469-04-024793,N-CSRS,SEC-MORGAN-NDX,,"SUPPLEMENTAL DATA: Net assets, end of period, in thousands","SUPPLEMENTAL DATA: Net assets, end of period, in thousands",,,9936.0,8677.0,0.0
2004-05-31,2004-07-30,a2140596zn-csrs.txt,0001047469-04-024793,N-CSRS,SEC-MORGAN-NDX,,"SUPPLEMENTAL DATA: Net assets, end of period, in thousands","SUPPLEMENTAL DATA: Net assets, end of period, in thousands",,,4084.0,2760.0,0.0
2004-05-31,2004-07-30,a2140596zn-csrs.txt,0001047469-04-024793,N-CSRS,SEC-MORGAN-NDX,,will expire on November,will expire on November,,,30.0,2011.0,0.0
2004-05-31,2004-07-30,a2140596zn-csrs.txt,0001047469-04-024793,N-CSRS,SEC-MORGAN-NDX,,"1,999,487 of which $1,306,988 will expire on November","1,999,487 of which $1,306,988 will expire on November",,,30.0,2010.0,0.0
2004-05-31,2004-07-30,a2140596zn-csrs.txt,0001047469-04-024793,N-CSRS,SEC-MORGAN-NDX,,Date of fiscal year end: November,Date of fiscal year end: November,,,30.0,2004.0,0.0
2004-05-31,2004-07-30,a2140596zn-csrs.txt,0001047469-04-024793,N-CSRS,SEC-MORGAN-NDX,,Date of reporting period: May,Date of reporting period: May,,,31.0,2004.0,0.0
2004-05-31,2004-07-30,a2140596zn-csrs.txt,0001047469-04-024793,N-CSRS,SEC-MORGAN-NDX,,MONEY INVESTING IN THIS FUND. FUND REPORT FOR THE SIX-MONTH PERIOD ENDED MAY,MONEY INVESTING IN THIS FUND. FUND REPORT FOR THE SIX-MONTH PERIOD ENDED MAY,,,31.0,2004.0,0.0
2004-05-31,2004-07-30,a2140596zn-csrs.txt,0001047469-04-024793,N-CSRS,SEC-MORGAN-NDX,,TOTAL RETURN FOR THE SIX-MONTH PERIOD ENDED MAY,TOTAL RETURN FOR THE SIX-MONTH PERIOD ENDED MAY,,,31.0,2004.0,0.0
2004-05-31,2004-07-30,a2140596zn-csrs.txt,0001047469-04-024793,N-CSRS,SEC-MORGAN-NDX,,Equity markets performed well during the six-month period ended May,Equity markets performed well during the six-month period ended May,,,31.0,2004.0,0.0
2004-05-31,2004-07-30,a2140596zn-csrs.txt,0001047469-04-024793,N-CSRS,SEC-MORGAN-NDX,,STOCK MARKET. AS OF JANUARY,STOCK MARKET. AS OF JANUARY,,,14.0,2004.0,0.0
2004-05-31,2004-07-30,a2140596zn-csrs.txt,0001047469-04-024793,N-CSRS,SEC-MORGAN-NDX,,PERFORMANCE SUMMARY AVERAGE ANNUAL TOTAL RETURNS--PERIOD ENDED MAY,PERFORMANCE SUMMARY AVERAGE ANNUAL TOTAL RETURNS--PERIOD ENDED MAY,,,31.0,2004.0,0.0
2004-05-31,2004-07-30,a2140596zn-csrs.txt,0001047469-04-024793,N-CSRS,SEC-MORGAN-NDX,,PORTFOLIO OF INVESTMENTS - MAY,PORTFOLIO OF INVESTMENTS - MAY,,,31.0,2004.0,0.0
2004-05-31,2004-07-30,a2140596zn-csrs.txt,0001047469-04-024793,N-CSRS,SEC-MORGAN-NDX,,FINANCIAL STATEMENTS STATEMENT OF ASSETS AND LIABILITIES MAY,FINANCIAL STATEMENTS STATEMENT OF ASSETS AND LIABILITIES MAY,,,31.0,2004.0,0.0
2004-05-31,2004-07-30,a2140596zn-csrs.txt,0001047469-04-024793,N-CSRS,SEC-MORGAN-NDX,,STATEMENT OF OPERATIONS FOR THE SIX MONTHS ENDED MAY,STATEMENT OF OPERATIONS FOR THE SIX MONTHS ENDED MAY,,,31.0,2004.0,0.0
2004-05-31,2004-07-30,a2140596zn-csrs.txt,0001047469-04-024793,N-CSRS,SEC-MORGAN-NDX,,NOTES TO FINANCIAL STATEMENTS - MAY,NOTES TO FINANCIAL STATEMENTS - MAY,,,31.0,2004.0,0.0
2004-05-31,2004-07-30,a2140596zn-csrs.txt,0001047469-04-024793,N-CSRS,SEC-MORGAN-NDX,,each business day. Prior to May,each business day. Prior to May,,,1.0,2004.0,0.0
2004-05-31,2004-07-30,a2140596zn-csrs.txt,0001047469-04-024793,N-CSRS,SEC-MORGAN-NDX,,"1, 2004, the limitation was 0.60%). At May","1, 2004, the limitation was 0.60%). At May",,,31.0,2004.0,0.0
2004-05-31,2004-07-30,a2140596zn-csrs.txt,0001047469-04-024793,N-CSRS,SEC-MORGAN-NDX,,For the six months ended May,For the six months ended May,,,31.0,2004.0,0.0
2004-05-31,2004-07-30,a2140596zn-csrs.txt,0001047469-04-024793,N-CSRS,SEC-MORGAN-NDX,,"short-term investments, for the six months ended May","short-term investments, for the six months ended May",,,31.0,2004.0,0.0
2004-05-31,2004-07-30,a2140596zn-csrs.txt,0001047469-04-024793,N-CSRS,SEC-MORGAN-NDX,,the Fund's transfer agent. At May,the Fund's transfer agent. At May,,,31.0,2004.0,0.0
2004-05-31,2004-07-30,a2140596zn-csrs.txt,0001047469-04-024793,N-CSRS,SEC-MORGAN-NDX,,At May,At May,,,31.0,2004.0,0.0
2004-05-31,2004-07-30,a2140596zn-csrs.txt,0001047469-04-024793,N-CSRS,SEC-MORGAN-NDX,,of beneficial interest of the Fund. Effective April,of beneficial interest of the Fund. Effective April,,,1.0,2004.0,0.0
2004-05-31,2004-07-30,a2140596zn-csrs.txt,0001047469-04-024793,N-CSRS,SEC-MORGAN-NDX,,MAY,MAY,,,31.0,2004.0,0.0
2004-05-31,2004-07-30,a2140596zn-csrs.txt,0001047469-04-024793,N-CSRS,SEC-MORGAN-NDX,,SEMIANNUAL REPORT MAY,SEMIANNUAL REPORT MAY,,,31.0,2004.0,0.0
2004-05-31,2004-07-30,a2140596zn-csrs.txt,0001047469-04-024793,N-CSRS,SEC-MORGAN-NDX,,/s/ Ronald E. Robison Ronald E. Robison Principal Executive Officer July,/s/ Ronald E. Robison Ronald E. Robison Principal Executive Officer July,,,20.0,2004.0,0.0
2004-05-31,2004-07-30,a2140596zn-csrs.txt,0001047469-04-024793,N-CSRS,SEC-MORGAN-NDX,,/s/ Francis Smith Francis Smith Principal Financial Officer July,/s/ Francis Smith Francis Smith Principal Financial Officer July,,,20.0,2004.0,0.0
2004-05-31,2004-07-30,a2140596zn-csrs.txt,0001047469-04-024793,N-CSRS,SEC-MORGAN-NDX,,"STATEMENT OF CHANGES IN NET ASSETS FOR THE SIX FOR THE YEAR MONTHS ENDED ENDED MAY 31, 2004 NOVEMBER","STATEMENT OF CHANGES IN NET ASSETS FOR THE SIX FOR THE YEAR MONTHS ENDED ENDED MAY 31, 2004 NOVEMBER",,,30.0,2003.0,0.0
2004-05-31,2004-07-30,a2140596zn-csrs.txt,0001047469-04-024793,N-CSRS,SEC-MORGAN-NDX,,"FOR THE SIX FOR THE YEAR MONTHS ENDED ENDED MAY 31, 2004 NOVEMBER","FOR THE SIX FOR THE YEAR MONTHS ENDED ENDED MAY 31, 2004 NOVEMBER",,,30.0,2003.0,0.0
2004-05-31,2004-07-30,a2140596zn-csrs.txt,0001047469-04-024793,N-CSRS,SEC-MORGAN-NDX,,treatment; temporary differences do not require reclassification. Dividends and distributions which exceed net investment income and net realized capital gains for tax purposes are reported as distributions of paid-in-capital. As of November,treatment; temporary differences do not require reclassification. Dividends and distributions which exceed net investment income and net realized capital gains for tax purposes are reported as distributions of paid-in-capital. As of November,,,30.0,2003.0,0.0
2004-05-31,2004-07-30,a2140596zn-csrs.txt,0001047469-04-024793,N-CSRS,SEC-MORGAN-NDX,,provided by regulations. As of November,provided by regulations. As of November,,,30.0,2003.0,0.0
2004-05-31,2004-07-30,a2140596zn-csrs.txt,0001047469-04-024793,N-CSRS,SEC-MORGAN-NDX,,NOVEMBER,NOVEMBER,,,30.0,2003.0,0.0
2004-05-31,2004-07-30,a2140596zn-csrs.txt,0001047469-04-024793,N-CSRS,SEC-MORGAN-NDX,,NOVEMBER,NOVEMBER,,,30.0,2002.0,0.0
2004-05-31,2004-07-30,a2140596zn-csrs.txt,0001047469-04-024793,N-CSRS,SEC-MORGAN-NDX,,Massachusetts business trust on April,Massachusetts business trust on April,,,10.0,2001.0,0.0
2004-05-31,2004-07-30,a2140596zn-csrs.txt,0001047469-04-024793,N-CSRS,SEC-MORGAN-NDX,,"MONTHS ENDED ENDED ENDED THROUGH MAY 31, 2004 NOVEMBER 30, 2003 NOVEMBER 30, 2002 NOVEMBER","MONTHS ENDED ENDED ENDED THROUGH MAY 31, 2004 NOVEMBER 30, 2003 NOVEMBER 30, 2002 NOVEMBER",,,30.0,2001.0,0.0
2004-05-31,2004-07-30,a2140596zn-csrs.txt,0001047469-04-024793,N-CSRS,SEC-MORGAN-NDX,,NOVEMBER,NOVEMBER,,,30.0,2001.0,0.0
2004-05-31,2004-07-30,a2140596zn-csrs.txt,0001047469-04-024793,N-CSRS,SEC-MORGAN-NDX,,"SUPPLEMENTAL DATA: Net assets, end of period, in thousands","SUPPLEMENTAL DATA: Net assets, end of period, in thousands",,,1959.0,1548.0,0.0
2004-08-31,2004-10-29,a04-11899_5nq.htm,0001104659-04-032646,N-Q,SEC-MORGAN-NDX,,Microsoft Corp,Microsoft Corp,,,165222.0,4510561.0,0.0
2004-08-31,2004-10-29,a04-11899_5nq.htm,0001104659-04-032646,N-Q,SEC-MORGAN-NDX,,QUALCOMM Inc,QUALCOMM Inc,,,86914.0,3307078.0,0.0
2004-08-31,2004-10-29,a04-11899_5nq.htm,0001104659-04-032646,N-Q,SEC-MORGAN-NDX,,Intel Corp,Intel Corp,,,100726.0,2144457.0,0.0
2004-08-31,2004-10-29,a04-11899_5nq.htm,0001104659-04-032646,N-Q,SEC-MORGAN-NDX,,"Cisco Systems, Inc","Cisco Systems, Inc",,,107431.0,2015406.0,0.0
2004-08-31,2004-10-29,a04-11899_5nq.htm,0001104659-04-032646,N-Q,SEC-MORGAN-NDX,,"Joint repurchase agreement account 1.57% due 09/01/04 (dated 08/31/04; proceeds $2,008,088) (a) (Cost $2,008,000)","Joint repurchase agreement account 1.57% due 09/01/04 (dated 08/31/04; proceeds $2,008,088) (a) (Cost $2,008,000)",,,2008.0,2008000.0,0.0
2004-08-31,2004-10-29,a04-11899_5nq.htm,0001104659-04-032646,N-Q,SEC-MORGAN-NDX,,eBay Inc,eBay Inc,,,21803.0,1886832.0,0.0
2004-08-31,2004-10-29,a04-11899_5nq.htm,0001104659-04-032646,N-Q,SEC-MORGAN-NDX,,Amgen Inc,Amgen Inc,,,26359.0,1562825.0,0.0
2004-08-31,2004-10-29,a04-11899_5nq.htm,0001104659-04-032646,N-Q,SEC-MORGAN-NDX,,Dell Inc,Dell Inc,,,41298.0,1438822.0,0.0
2004-08-31,2004-10-29,a04-11899_5nq.htm,0001104659-04-032646,N-Q,SEC-MORGAN-NDX,,"Nextel Communications, Inc. (Class A)","Nextel Communications, Inc. (Class A)",,,61522.0,1426695.0,0.0
2004-08-31,2004-10-29,a04-11899_5nq.htm,0001104659-04-032646,N-Q,SEC-MORGAN-NDX,,Comcast Corp. (Class A),Comcast Corp. (Class A),,,42296.0,1191478.0,0.0
2004-08-31,2004-10-29,a04-11899_5nq.htm,0001104659-04-032646,N-Q,SEC-MORGAN-NDX,,Starbucks Corp,Starbucks Corp,,,24519.0,1060202.0,0.0
2004-08-31,2004-10-29,a04-11899_5nq.htm,0001104659-04-032646,N-Q,SEC-MORGAN-NDX,,Biogen Idec Inc,Biogen Idec Inc,,,16425.0,974495.0,0.0
2004-08-31,2004-10-29,a04-11899_5nq.htm,0001104659-04-032646,N-Q,SEC-MORGAN-NDX,,Oracle Corp,Oracle Corp,,,96333.0,960440.0,0.0
2004-08-31,2004-10-29,a04-11899_5nq.htm,0001104659-04-032646,N-Q,SEC-MORGAN-NDX,,"Maxim Integrated Products, Inc","Maxim Integrated Products, Inc",,,20081.0,872118.0,0.0
2004-08-31,2004-10-29,a04-11899_5nq.htm,0001104659-04-032646,N-Q,SEC-MORGAN-NDX,,Yahoo! Inc,Yahoo! Inc,,,28811.0,821402.0,0.0
2004-08-31,2004-10-29,a04-11899_5nq.htm,0001104659-04-032646,N-Q,SEC-MORGAN-NDX,,"Apple Computer, Inc","Apple Computer, Inc",,,23574.0,813067.0,0.0
2004-08-31,2004-10-29,a04-11899_5nq.htm,0001104659-04-032646,N-Q,SEC-MORGAN-NDX,,IAC/InterActiveCorp,IAC/InterActiveCorp,,,32333.0,737516.0,0.0
2004-08-31,2004-10-29,a04-11899_5nq.htm,0001104659-04-032646,N-Q,SEC-MORGAN-NDX,,"Biomet, Inc","Biomet, Inc",,,15236.0,695523.0,0.0
2004-08-31,2004-10-29,a04-11899_5nq.htm,0001104659-04-032646,N-Q,SEC-MORGAN-NDX,,Symantec Corp,Symantec Corp,,,14473.0,694125.0,0.0
2004-08-31,2004-10-29,a04-11899_5nq.htm,0001104659-04-032646,N-Q,SEC-MORGAN-NDX,,Genzyme Corp,Genzyme Corp,,,12629.0,681966.0,0.0
2004-08-31,2004-10-29,a04-11899_5nq.htm,0001104659-04-032646,N-Q,SEC-MORGAN-NDX,,Electronic Arts Inc,Electronic Arts Inc,,,13571.0,675564.0,0.0
2004-08-31,2004-10-29,a04-11899_5nq.htm,0001104659-04-032646,N-Q,SEC-MORGAN-NDX,,Bed Bath & Beyond Inc,Bed Bath & Beyond Inc,,,17971.0,672475.0,0.0
2004-08-31,2004-10-29,a04-11899_5nq.htm,0001104659-04-032646,N-Q,SEC-MORGAN-NDX,,Linear Technology Corp,Linear Technology Corp,,,18392.0,657882.0,0.0
2004-08-31,2004-10-29,a04-11899_5nq.htm,0001104659-04-032646,N-Q,SEC-MORGAN-NDX,,"Gilead Sciences, Inc","Gilead Sciences, Inc",,,9387.0,648923.0,0.0
2004-08-31,2004-10-29,a04-11899_5nq.htm,0001104659-04-032646,N-Q,SEC-MORGAN-NDX,,"Apollo Group, Inc. (Class A)","Apollo Group, Inc. (Class A)",,,7941.0,619398.0,0.0
2004-08-31,2004-10-29,a04-11899_5nq.htm,0001104659-04-032646,N-Q,SEC-MORGAN-NDX,,"Applied Materials, Inc","Applied Materials, Inc",,,38773.0,616103.0,0.0
2004-08-31,2004-10-29,a04-11899_5nq.htm,0001104659-04-032646,N-Q,SEC-MORGAN-NDX,,"Xilinx, Inc","Xilinx, Inc",,,20479.0,561739.0,0.0
2004-08-31,2004-10-29,a04-11899_5nq.htm,0001104659-04-032646,N-Q,SEC-MORGAN-NDX,,Teva Pharmaceutical Industries Ltd. (ADR) (Israel),Teva Pharmaceutical Industries Ltd. (ADR) (Israel),,,19946.0,543529.0,0.0
2004-08-31,2004-10-29,a04-11899_5nq.htm,0001104659-04-032646,N-Q,SEC-MORGAN-NDX,,"PACCAR, Inc","PACCAR, Inc",,,8746.0,526422.0,0.0
2004-08-31,2004-10-29,a04-11899_5nq.htm,0001104659-04-032646,N-Q,SEC-MORGAN-NDX,,Chiron Corp,Chiron Corp,,,11753.0,498092.0,0.0
2004-08-31,2004-10-29,a04-11899_5nq.htm,0001104659-04-032646,N-Q,SEC-MORGAN-NDX,,Research In Motion Ltd. (Canada),Research In Motion Ltd. (Canada),,,8223.0,495189.0,0.0
2004-08-31,2004-10-29,a04-11899_5nq.htm,0001104659-04-032646,N-Q,SEC-MORGAN-NDX,,"Adobe Systems, Inc","Adobe Systems, Inc",,,10405.0,477277.0,0.0
2004-08-31,2004-10-29,a04-11899_5nq.htm,0001104659-04-032646,N-Q,SEC-MORGAN-NDX,,"Paychex, Inc","Paychex, Inc",,,15934.0,472762.0,0.0
2004-08-31,2004-10-29,a04-11899_5nq.htm,0001104659-04-032646,N-Q,SEC-MORGAN-NDX,,Intuit Inc,Intuit Inc,,,11029.0,466416.0,0.0
2004-08-31,2004-10-29,a04-11899_5nq.htm,0001104659-04-032646,N-Q,SEC-MORGAN-NDX,,"Amazon.com, Inc","Amazon.com, Inc",,,11960.0,456154.0,0.0
2004-08-31,2004-10-29,a04-11899_5nq.htm,0001104659-04-032646,N-Q,SEC-MORGAN-NDX,,Altera Corp,Altera Corp,,,23415.0,443012.0,0.0
2004-08-31,2004-10-29,a04-11899_5nq.htm,0001104659-04-032646,N-Q,SEC-MORGAN-NDX,,Costco Wholesale Corp,Costco Wholesale Corp,,,10752.0,442660.0,0.0
2004-08-31,2004-10-29,a04-11899_5nq.htm,0001104659-04-032646,N-Q,SEC-MORGAN-NDX,,"Staples, Inc","Staples, Inc",,,14859.0,426156.0,0.0
2004-08-31,2004-10-29,a04-11899_5nq.htm,0001104659-04-032646,N-Q,SEC-MORGAN-NDX,,"PeopleSoft, Inc","PeopleSoft, Inc",,,22928.0,398947.0,0.0
2004-08-31,2004-10-29,a04-11899_5nq.htm,0001104659-04-032646,N-Q,SEC-MORGAN-NDX,,KLA-Tencor Corp,KLA-Tencor Corp,,,10594.0,395792.0,0.0
2004-08-31,2004-10-29,a04-11899_5nq.htm,0001104659-04-032646,N-Q,SEC-MORGAN-NDX,,"Fiserv, Inc","Fiserv, Inc",,,10845.0,377189.0,0.0
2004-08-31,2004-10-29,a04-11899_5nq.htm,0001104659-04-032646,N-Q,SEC-MORGAN-NDX,,Cintas Corp,Cintas Corp,,,9134.0,374585.0,0.0
2004-08-31,2004-10-29,a04-11899_5nq.htm,0001104659-04-032646,N-Q,SEC-MORGAN-NDX,,"Juniper Networks, Inc","Juniper Networks, Inc",,,15489.0,354543.0,0.0
2004-08-31,2004-10-29,a04-11899_5nq.htm,0001104659-04-032646,N-Q,SEC-MORGAN-NDX,,Flextronics International Ltd. (Singapore),Flextronics International Ltd. (Singapore),,,26831.0,332973.0,0.0
2004-08-31,2004-10-29,a04-11899_5nq.htm,0001104659-04-032646,N-Q,SEC-MORGAN-NDX,,VERITAS Software Corp,VERITAS Software Corp,,,19436.0,324970.0,0.0
2004-08-31,2004-10-29,a04-11899_5nq.htm,0001104659-04-032646,N-Q,SEC-MORGAN-NDX,,"Network Appliance, Inc","Network Appliance, Inc",,,16161.0,324351.0,0.0
2004-08-31,2004-10-29,a04-11899_5nq.htm,0001104659-04-032646,N-Q,SEC-MORGAN-NDX,,Kmart Holding Corporation,Kmart Holding Corporation,,,4169.0,319429.0,0.0
2004-08-31,2004-10-29,a04-11899_5nq.htm,0001104659-04-032646,N-Q,SEC-MORGAN-NDX,,EchoStar Communications Corp. (Class A),EchoStar Communications Corp. (Class A),,,9910.0,303741.0,0.0
2004-08-31,2004-10-29,a04-11899_5nq.htm,0001104659-04-032646,N-Q,SEC-MORGAN-NDX,,"MedImmune, Inc","MedImmune, Inc",,,11838.0,282573.0,0.0
2004-08-31,2004-10-29,a04-11899_5nq.htm,0001104659-04-032646,N-Q,SEC-MORGAN-NDX,,Broadcom Corp. (Class A),Broadcom Corp. (Class A),,,10266.0,278619.0,0.0
2004-08-31,2004-10-29,a04-11899_5nq.htm,0001104659-04-032646,N-Q,SEC-MORGAN-NDX,,Marvell Technology Group Ltd. (Bermuda),Marvell Technology Group Ltd. (Bermuda),,,11272.0,260609.0,0.0
2004-08-31,2004-10-29,a04-11899_5nq.htm,0001104659-04-032646,N-Q,SEC-MORGAN-NDX,,"Sun Microsystems, Inc","Sun Microsystems, Inc",,,64346.0,247089.0,0.0
2004-08-31,2004-10-29,a04-11899_5nq.htm,0001104659-04-032646,N-Q,SEC-MORGAN-NDX,,JDS Uniphase Corp,JDS Uniphase Corp,,,72721.0,226162.0,0.0
2004-08-31,2004-10-29,a04-11899_5nq.htm,0001104659-04-032646,N-Q,SEC-MORGAN-NDX,,CDW Corp,CDW Corp,,,3863.0,225986.0,0.0
2004-08-31,2004-10-29,a04-11899_5nq.htm,0001104659-04-032646,N-Q,SEC-MORGAN-NDX,,"Expeditors International of Washington, Inc","Expeditors International of Washington, Inc",,,4595.0,224144.0,0.0
2004-08-31,2004-10-29,a04-11899_5nq.htm,0001104659-04-032646,N-Q,SEC-MORGAN-NDX,,Patterson Companies Inc,Patterson Companies Inc,,,2917.0,213612.0,0.0
2004-08-31,2004-10-29,a04-11899_5nq.htm,0001104659-04-032646,N-Q,SEC-MORGAN-NDX,,"Whole Foods Market, Inc","Whole Foods Market, Inc",,,2696.0,209560.0,0.0
2004-08-31,2004-10-29,a04-11899_5nq.htm,0001104659-04-032646,N-Q,SEC-MORGAN-NDX,,Fastenal Co,Fastenal Co,,,3226.0,202528.0,0.0
2004-08-31,2004-10-29,a04-11899_5nq.htm,0001104659-04-032646,N-Q,SEC-MORGAN-NDX,,Microchip Technology Inc,Microchip Technology Inc,,,7646.0,201778.0,0.0
2004-08-31,2004-10-29,a04-11899_5nq.htm,0001104659-04-032646,N-Q,SEC-MORGAN-NDX,,"Siebel Systems, Inc","Siebel Systems, Inc",,,26181.0,199237.0,0.0
2004-08-31,2004-10-29,a04-11899_5nq.htm,0001104659-04-032646,N-Q,SEC-MORGAN-NDX,,Check Point Software Technologies Ltd. (Israel),Check Point Software Technologies Ltd. (Israel),,,11312.0,198412.0,0.0
2004-08-31,2004-10-29,a04-11899_5nq.htm,0001104659-04-032646,N-Q,SEC-MORGAN-NDX,,Pixar,Pixar,,,2516.0,195544.0,0.0
2004-08-31,2004-10-29,a04-11899_5nq.htm,0001104659-04-032646,N-Q,SEC-MORGAN-NDX,,"Express Scripts, Inc. (Class A)","Express Scripts, Inc. (Class A)",,,3093.0,195478.0,0.0
2004-08-31,2004-10-29,a04-11899_5nq.htm,0001104659-04-032646,N-Q,SEC-MORGAN-NDX,,Smurfit-Stone Container Corp,Smurfit-Stone Container Corp,,,11019.0,195477.0,0.0
2004-08-31,2004-10-29,a04-11899_5nq.htm,0001104659-04-032646,N-Q,SEC-MORGAN-NDX,,"VeriSign, Inc","VeriSign, Inc",,,10398.0,180509.0,0.0
2004-08-31,2004-10-29,a04-11899_5nq.htm,0001104659-04-032646,N-Q,SEC-MORGAN-NDX,,"PETSMART, Inc","PETSMART, Inc",,,6360.0,178462.0,0.0
2004-08-31,2004-10-29,a04-11899_5nq.htm,0001104659-04-032646,N-Q,SEC-MORGAN-NDX,,"Millennium Pharmaceuticals, Inc","Millennium Pharmaceuticals, Inc",,,14862.0,176709.0,0.0
2004-08-31,2004-10-29,a04-11899_5nq.htm,0001104659-04-032646,N-Q,SEC-MORGAN-NDX,,"DENTSPLY International, Inc","DENTSPLY International, Inc",,,3438.0,175166.0,0.0
2004-08-31,2004-10-29,a04-11899_5nq.htm,0001104659-04-032646,N-Q,SEC-MORGAN-NDX,,Garmin Ltd. (Cayman Islands),Garmin Ltd. (Cayman Islands),,,4463.0,173655.0,0.0
2004-08-31,2004-10-29,a04-11899_5nq.htm,0001104659-04-032646,N-Q,SEC-MORGAN-NDX,,Sanmina-SCI Corp,Sanmina-SCI Corp,,,24729.0,171125.0,0.0
2004-08-31,2004-10-29,a04-11899_5nq.htm,0001104659-04-032646,N-Q,SEC-MORGAN-NDX,,Sigma-Aldrich Corp,Sigma-Aldrich Corp,,,2953.0,169177.0,0.0
2004-08-31,2004-10-29,a04-11899_5nq.htm,0001104659-04-032646,N-Q,SEC-MORGAN-NDX,,Lamar Advertising Co. (Class A),Lamar Advertising Co. (Class A),,,3759.0,164231.0,0.0
2004-08-31,2004-10-29,a04-11899_5nq.htm,0001104659-04-032646,N-Q,SEC-MORGAN-NDX,,Long Nasdaq-100 Index,Long Nasdaq-100 Index,,,15.0,163800.0,0.0
2004-08-31,2004-10-29,a04-11899_5nq.htm,0001104659-04-032646,N-Q,SEC-MORGAN-NDX,,"Novellus Systems, Inc","Novellus Systems, Inc",,,6703.0,163754.0,0.0
2004-08-31,2004-10-29,a04-11899_5nq.htm,0001104659-04-032646,N-Q,SEC-MORGAN-NDX,,"C.H. Robinson Worldwide, Inc","C.H. Robinson Worldwide, Inc",,,3755.0,160226.0,0.0
2004-08-31,2004-10-29,a04-11899_5nq.htm,0001104659-04-032646,N-Q,SEC-MORGAN-NDX,,"Comverse Technology, Inc","Comverse Technology, Inc",,,9032.0,158150.0,0.0
2004-08-31,2004-10-29,a04-11899_5nq.htm,0001104659-04-032646,N-Q,SEC-MORGAN-NDX,,ATI Technologies Inc. (Canada),ATI Technologies Inc. (Canada),,,10719.0,154997.0,0.0
2004-08-31,2004-10-29,a04-11899_5nq.htm,0001104659-04-032646,N-Q,SEC-MORGAN-NDX,,SanDisk Corp,SanDisk Corp,,,6589.0,153853.0,0.0
2004-08-31,2004-10-29,a04-11899_5nq.htm,0001104659-04-032646,N-Q,SEC-MORGAN-NDX,,Mercury Interactive Corp,Mercury Interactive Corp,,,4365.0,150636.0,0.0
2004-08-31,2004-10-29,a04-11899_5nq.htm,0001104659-04-032646,N-Q,SEC-MORGAN-NDX,,American Power Conversion Corp,American Power Conversion Corp,,,8949.0,150343.0,0.0
2004-08-31,2004-10-29,a04-11899_5nq.htm,0001104659-04-032646,N-Q,SEC-MORGAN-NDX,,"Citrix Systems, Inc","Citrix Systems, Inc",,,8993.0,143079.0,0.0
2004-08-31,2004-10-29,a04-11899_5nq.htm,0001104659-04-032646,N-Q,SEC-MORGAN-NDX,,Career Education Corp,Career Education Corp,,,4581.0,141278.0,0.0
2004-08-31,2004-10-29,a04-11899_5nq.htm,0001104659-04-032646,N-Q,SEC-MORGAN-NDX,,"Ross Stores, Inc","Ross Stores, Inc",,,6562.0,138786.0,0.0
2004-08-31,2004-10-29,a04-11899_5nq.htm,0001104659-04-032646,N-Q,SEC-MORGAN-NDX,,"Lincare Holdings, Inc","Lincare Holdings, Inc",,,4264.0,137045.0,0.0
2004-08-31,2004-10-29,a04-11899_5nq.htm,0001104659-04-032646,N-Q,SEC-MORGAN-NDX,,"Patterson-UTI Energy, Inc","Patterson-UTI Energy, Inc",,,7658.0,132637.0,0.0
2004-08-31,2004-10-29,a04-11899_5nq.htm,0001104659-04-032646,N-Q,SEC-MORGAN-NDX,,Lam Research Corp,Lam Research Corp,,,6154.0,132619.0,0.0
2004-08-31,2004-10-29,a04-11899_5nq.htm,0001104659-04-032646,N-Q,SEC-MORGAN-NDX,,Molex Inc,Molex Inc,,,4389.0,126710.0,0.0
2004-08-31,2004-10-29,a04-11899_5nq.htm,0001104659-04-032646,N-Q,SEC-MORGAN-NDX,,Gentex Corp,Gentex Corp,,,3576.0,122800.0,0.0
2004-08-31,2004-10-29,a04-11899_5nq.htm,0001104659-04-032646,N-Q,SEC-MORGAN-NDX,,Intersil Corp. (Class A),Intersil Corp. (Class A),,,6757.0,117775.0,0.0
2004-08-31,2004-10-29,a04-11899_5nq.htm,0001104659-04-032646,N-Q,SEC-MORGAN-NDX,,"Dollar Tree Stores, Inc","Dollar Tree Stores, Inc",,,4863.0,114329.0,0.0
2004-08-31,2004-10-29,a04-11899_5nq.htm,0001104659-04-032646,N-Q,SEC-MORGAN-NDX,,"Henry Schein, Inc","Henry Schein, Inc",,,1823.0,113536.0,0.0
2004-08-31,2004-10-29,a04-11899_5nq.htm,0001104659-04-032646,N-Q,SEC-MORGAN-NDX,,"BEA Systems, Inc","BEA Systems, Inc",,,16788.0,110801.0,0.0
2004-08-31,2004-10-29,a04-11899_5nq.htm,0001104659-04-032646,N-Q,SEC-MORGAN-NDX,,QLogic Corp,QLogic Corp,,,4227.0,110367.0,0.0
2004-08-31,2004-10-29,a04-11899_5nq.htm,0001104659-04-032646,N-Q,SEC-MORGAN-NDX,,Invitrogen Corp,Invitrogen Corp,,,2189.0,108355.0,0.0
2004-08-31,2004-10-29,a04-11899_5nq.htm,0001104659-04-032646,N-Q,SEC-MORGAN-NDX,,"Cephalon, Inc","Cephalon, Inc",,,2286.0,107465.0,0.0
2004-08-31,2004-10-29,a04-11899_5nq.htm,0001104659-04-032646,N-Q,SEC-MORGAN-NDX,,"Synopsys, Inc","Synopsys, Inc",,,6366.0,101601.0,0.0
2004-08-31,2004-10-29,a04-11899_5nq.htm,0001104659-04-032646,N-Q,SEC-MORGAN-NDX,,NVIDIA Corp,NVIDIA Corp,,,7976.0,99381.0,0.0
2004-08-31,2004-10-29,a04-11899_5nq.htm,0001104659-04-032646,N-Q,SEC-MORGAN-NDX,,"Tellabs, Inc","Tellabs, Inc",,,10547.0,95661.0,0.0
2004-08-31,2004-10-29,a04-11899_5nq.htm,0001104659-04-032646,N-Q,SEC-MORGAN-NDX,,Ryanair Holdings PLC (ADR) (Ireland),Ryanair Holdings PLC (ADR) (Ireland),,,2702.0,83897.0,0.0
2004-08-31,2004-10-29,a04-11899_5nq.htm,0001104659-04-032646,N-Q,SEC-MORGAN-NDX,,"Level 3 Communications, Inc","Level 3 Communications, Inc",,,29830.0,78155.0,0.0
2004-08-31,2004-10-29,a04-11899_5nq.htm,0001104659-04-032646,N-Q,SEC-MORGAN-NDX,,First Health Group Corp,First Health Group Corp,,,4230.0,64508.0,0.0
2004-08-31,2004-10-29,a04-11899_5nq.htm,0001104659-04-032646,N-Q,SEC-MORGAN-NDX,,Compuware Corp,Compuware Corp,,,10593.0,47986.0,0.0
2004-09-30,2004-12-01,ncsrs904.txt,0000935069-04-002032,N-CSRS,SEC-RYDEX-NDX,,Investment in Securities Lending Short Term Investment Portfolio Held By U.S. Bank (Note 9),Investment in Securities Lending Short Term Investment Portfolio Held By U.S. Bank (Note 9),,,325347018.0,325347018.0,0.0
2004-09-30,2004-12-01,ncsrs904.txt,0000935069-04-002032,N-CSRS,SEC-RYDEX-NDX,,Microsoft Corp.+,Microsoft Corp.+,,,3071430.0,84925039.0,0.0
2004-09-30,2004-12-01,ncsrs904.txt,0000935069-04-002032,N-CSRS,SEC-RYDEX-NDX,,"Qualcomm, Inc.+","Qualcomm, Inc.+",,,1424740.0,55621849.0,0.0
2004-09-30,2004-12-01,ncsrs904.txt,0000935069-04-002032,N-CSRS,SEC-RYDEX-NDX,,Intel Corp,Intel Corp,,,1904720.0,38208683.0,0.0
2004-09-30,2004-12-01,ncsrs904.txt,0000935069-04-002032,N-CSRS,SEC-RYDEX-NDX,,"eBay, Inc.*+","eBay, Inc.*+",,,356780.0,32802353.0,0.0
2004-09-30,2004-12-01,ncsrs904.txt,0000935069-04-002032,N-CSRS,SEC-RYDEX-NDX,,"Cisco Systems, Inc.*+","Cisco Systems, Inc.*+",,,1793660.0,32465246.0,0.0
2004-09-30,2004-12-01,ncsrs904.txt,0000935069-04-002032,N-CSRS,SEC-RYDEX-NDX,,Oracle Corp,Oracle Corp,,,2187320.0,24672970.0,0.0
2004-09-30,2004-12-01,ncsrs904.txt,0000935069-04-002032,N-CSRS,SEC-RYDEX-NDX,,"Nextel Communications, Inc. -- Class A","Nextel Communications, Inc. -- Class A",,,997480.0,23779923.0,0.0
2004-09-30,2004-12-01,ncsrs904.txt,0000935069-04-002032,N-CSRS,SEC-RYDEX-NDX,,"Amgen, Inc.*+","Amgen, Inc.*+",,,375300.0,21272004.0,0.0
2004-09-30,2004-12-01,ncsrs904.txt,0000935069-04-002032,N-CSRS,SEC-RYDEX-NDX,,Starbucks Corp.*+,Starbucks Corp.*+,,,401930.0,18271738.0,0.0
2004-09-30,2004-12-01,ncsrs904.txt,0000935069-04-002032,N-CSRS,SEC-RYDEX-NDX,,"Dell, Inc.*+","Dell, Inc.*+",,,501250.0,17844500.0,0.0
2004-09-30,2004-12-01,ncsrs904.txt,0000935069-04-002032,N-CSRS,SEC-RYDEX-NDX,,Comcast Corp. -- Class A*+,Comcast Corp. -- Class A*+,,,617460.0,17437070.0,0.0
2004-09-30,2004-12-01,ncsrs904.txt,0000935069-04-002032,N-CSRS,SEC-RYDEX-NDX,,"Yahoo!, Inc.*+","Yahoo!, Inc.*+",,,503850.0,17085553.0,0.0
2004-09-30,2004-12-01,ncsrs904.txt,0000935069-04-002032,N-CSRS,SEC-RYDEX-NDX,,"Biogen Idec, Inc.*+","Biogen Idec, Inc.*+",,,262160.0,16036327.0,0.0
2004-09-30,2004-12-01,ncsrs904.txt,0000935069-04-002032,N-CSRS,SEC-RYDEX-NDX,,"Apple Computer, Inc.*+","Apple Computer, Inc.*+",,,408840.0,15842550.0,0.0
2004-09-30,2004-12-01,ncsrs904.txt,0000935069-04-002032,N-CSRS,SEC-RYDEX-NDX,,Symantec Corp.*+,Symantec Corp.*+,,,252570.0,13861042.0,0.0
2004-09-30,2004-12-01,ncsrs904.txt,0000935069-04-002032,N-CSRS,SEC-RYDEX-NDX,,"Maxim Integrated Products, Inc.+","Maxim Integrated Products, Inc.+",,,326370.0,13802187.0,0.0
2004-09-30,2004-12-01,ncsrs904.txt,0000935069-04-002032,N-CSRS,SEC-RYDEX-NDX,,Genzyme Corp.*+,Genzyme Corp.*+,,,222860.0,12125813.0,0.0
2004-09-30,2004-12-01,ncsrs904.txt,0000935069-04-002032,N-CSRS,SEC-RYDEX-NDX,,"Bed Bath & Beyond, Inc.*+","Bed Bath & Beyond, Inc.*+",,,307700.0,11418747.0,0.0
2004-09-30,2004-12-01,ncsrs904.txt,0000935069-04-002032,N-CSRS,SEC-RYDEX-NDX,,"Biomet, Inc.+","Biomet, Inc.+",,,240280.0,11264327.0,0.0
2004-09-30,2004-12-01,ncsrs904.txt,0000935069-04-002032,N-CSRS,SEC-RYDEX-NDX,,InterActiveCorp*+,InterActiveCorp*+,,,507790.0,11181536.0,0.0
2004-09-30,2004-12-01,ncsrs904.txt,0000935069-04-002032,N-CSRS,SEC-RYDEX-NDX,,"Fiserv, Inc","Fiserv, Inc",,,313040.0,10912575.0,0.0
2004-09-30,2004-12-01,ncsrs904.txt,0000935069-04-002032,N-CSRS,SEC-RYDEX-NDX,,Research In Motion Ltd.*+,Research In Motion Ltd.*+,,,141440.0,10797530.0,0.0
2004-09-30,2004-12-01,ncsrs904.txt,0000935069-04-002032,N-CSRS,SEC-RYDEX-NDX,,"Paccar, Inc.+","Paccar, Inc.+",,,146430.0,10121242.0,0.0
2004-09-30,2004-12-01,ncsrs904.txt,0000935069-04-002032,N-CSRS,SEC-RYDEX-NDX,,"Sun Microsystems, Inc","Sun Microsystems, Inc",,,2480020.0,10019281.0,0.0
2004-09-30,2004-12-01,ncsrs904.txt,0000935069-04-002032,N-CSRS,SEC-RYDEX-NDX,,Chiron Corp.*+,Chiron Corp.*+,,,225380.0,9961796.0,0.0
2004-09-30,2004-12-01,ncsrs904.txt,0000935069-04-002032,N-CSRS,SEC-RYDEX-NDX,,"Apollo Group, Inc. -- Class A*+","Apollo Group, Inc. -- Class A*+",,,134220.0,9847721.0,0.0
2004-09-30,2004-12-01,ncsrs904.txt,0000935069-04-002032,N-CSRS,SEC-RYDEX-NDX,,"Applied Materials, Inc","Applied Materials, Inc",,,559540.0,9226815.0,0.0
2004-09-30,2004-12-01,ncsrs904.txt,0000935069-04-002032,N-CSRS,SEC-RYDEX-NDX,,"Xilinx, Inc.+","Xilinx, Inc.+",,,326400.0,8812800.0,0.0
2004-09-30,2004-12-01,ncsrs904.txt,0000935069-04-002032,N-CSRS,SEC-RYDEX-NDX,,Teva Pharmaceutical Industries Ltd. -- SP ADR+,Teva Pharmaceutical Industries Ltd. -- SP ADR+,,,339500.0,8810025.0,0.0
2004-09-30,2004-12-01,ncsrs904.txt,0000935069-04-002032,N-CSRS,SEC-RYDEX-NDX,,"Gilead Sciences, Inc.*+","Gilead Sciences, Inc.*+",,,231870.0,8667301.0,0.0
2004-09-30,2004-12-01,ncsrs904.txt,0000935069-04-002032,N-CSRS,SEC-RYDEX-NDX,,"Amazon.com, Inc.*+","Amazon.com, Inc.*+",,,202910.0,8290903.0,0.0
2004-09-30,2004-12-01,ncsrs904.txt,0000935069-04-002032,N-CSRS,SEC-RYDEX-NDX,,KLA-Tencor Corp.*+,KLA-Tencor Corp.*+,,,199040.0,8256179.0,0.0
2004-09-30,2004-12-01,ncsrs904.txt,0000935069-04-002032,N-CSRS,SEC-RYDEX-NDX,,"Adobe Systems, Inc.+","Adobe Systems, Inc.+",,,158040.0,7818239.0,0.0
2004-09-30,2004-12-01,ncsrs904.txt,0000935069-04-002032,N-CSRS,SEC-RYDEX-NDX,,"Cephalon, Inc.*+","Cephalon, Inc.*+",,,150690.0,7218051.0,0.0
2004-09-30,2004-12-01,ncsrs904.txt,0000935069-04-002032,N-CSRS,SEC-RYDEX-NDX,,Altera Corp.*+,Altera Corp.*+,,,363850.0,7120545.0,0.0
2004-09-30,2004-12-01,ncsrs904.txt,0000935069-04-002032,N-CSRS,SEC-RYDEX-NDX,,Costco Wholesale Corp.+,Costco Wholesale Corp.+,,,167280.0,6952156.0,0.0
2004-09-30,2004-12-01,ncsrs904.txt,0000935069-04-002032,N-CSRS,SEC-RYDEX-NDX,,Linear Technology Corp.+,Linear Technology Corp.+,,,191710.0,6947571.0,0.0
2004-09-30,2004-12-01,ncsrs904.txt,0000935069-04-002032,N-CSRS,SEC-RYDEX-NDX,,"Staples, Inc.+","Staples, Inc.+",,,230760.0,6881263.0,0.0
2004-09-30,2004-12-01,ncsrs904.txt,0000935069-04-002032,N-CSRS,SEC-RYDEX-NDX,,"Paychex, Inc.+","Paychex, Inc.+",,,227360.0,6854904.0,0.0
2004-09-30,2004-12-01,ncsrs904.txt,0000935069-04-002032,N-CSRS,SEC-RYDEX-NDX,,"Network Appliance, Inc.*+","Network Appliance, Inc.*+",,,297860.0,6850780.0,0.0
2004-09-30,2004-12-01,ncsrs904.txt,0000935069-04-002032,N-CSRS,SEC-RYDEX-NDX,,Cintas Corp.+,Cintas Corp.+,,,143030.0,6012981.0,0.0
2004-09-30,2004-12-01,ncsrs904.txt,0000935069-04-002032,N-CSRS,SEC-RYDEX-NDX,,Kmart Holding Corp.*+,Kmart Holding Corp.*+,,,68210.0,5966329.0,0.0
2004-09-30,2004-12-01,ncsrs904.txt,0000935069-04-002032,N-CSRS,SEC-RYDEX-NDX,,Flextronics International Ltd.*+,Flextronics International Ltd.*+,,,420640.0,5573480.0,0.0
2004-09-30,2004-12-01,ncsrs904.txt,0000935069-04-002032,N-CSRS,SEC-RYDEX-NDX,,Veritas Software Corp,Veritas Software Corp,,,310060.0,5519068.0,0.0
2004-09-30,2004-12-01,ncsrs904.txt,0000935069-04-002032,N-CSRS,SEC-RYDEX-NDX,,"VeriSign, Inc","VeriSign, Inc",,,275920.0,5485290.0,0.0
2004-09-30,2004-12-01,ncsrs904.txt,0000935069-04-002032,N-CSRS,SEC-RYDEX-NDX,,"Pixar, Inc.*+","Pixar, Inc.*+",,,68430.0,5399127.0,0.0
2004-09-30,2004-12-01,ncsrs904.txt,0000935069-04-002032,N-CSRS,SEC-RYDEX-NDX,,Lam Research Corp.*+,Lam Research Corp.*+,,,245400.0,5369352.0,0.0
2004-09-30,2004-12-01,ncsrs904.txt,0000935069-04-002032,N-CSRS,SEC-RYDEX-NDX,,"Juniper Networks, Inc.*+","Juniper Networks, Inc.*+",,,226930.0,5355548.0,0.0
2004-09-30,2004-12-01,ncsrs904.txt,0000935069-04-002032,N-CSRS,SEC-RYDEX-NDX,,EchoStar Communications Corp.*+,EchoStar Communications Corp.*+,,,171630.0,5341126.0,0.0
2004-09-30,2004-12-01,ncsrs904.txt,0000935069-04-002032,N-CSRS,SEC-RYDEX-NDX,,"Millennium Pharmaceuticals, Inc.*+","Millennium Pharmaceuticals, Inc.*+",,,384950.0,5277664.0,0.0
2004-09-30,2004-12-01,ncsrs904.txt,0000935069-04-002032,N-CSRS,SEC-RYDEX-NDX,,Broadcom Corp. -- Class A*+,Broadcom Corp. -- Class A*+,,,191160.0,5216756.0,0.0
2004-09-30,2004-12-01,ncsrs904.txt,0000935069-04-002032,N-CSRS,SEC-RYDEX-NDX,,1.71% due 10/01/04,1.71% due 10/01/04,,,4812710.0,4812710.0,0.0
2004-09-30,2004-12-01,ncsrs904.txt,0000935069-04-002032,N-CSRS,SEC-RYDEX-NDX,,1.70% due 10/01/04,1.70% due 10/01/04,,,4812710.0,4812710.0,0.0
2004-09-30,2004-12-01,ncsrs904.txt,0000935069-04-002032,N-CSRS,SEC-RYDEX-NDX,,"Novellus Systems, Inc","Novellus Systems, Inc",,,176710.0,4698719.0,0.0
2004-09-30,2004-12-01,ncsrs904.txt,0000935069-04-002032,N-CSRS,SEC-RYDEX-NDX,,JDS Uniphase Corp.*+,JDS Uniphase Corp.*+,,,1355460.0,4567900.0,0.0
2004-09-30,2004-12-01,ncsrs904.txt,0000935069-04-002032,N-CSRS,SEC-RYDEX-NDX,,"DENTSPLY International, Inc.+","DENTSPLY International, Inc.+",,,85860.0,4459568.0,0.0
2004-09-30,2004-12-01,ncsrs904.txt,0000935069-04-002032,N-CSRS,SEC-RYDEX-NDX,,"Express Scripts, Inc.*+","Express Scripts, Inc.*+",,,63250.0,4132755.0,0.0
2004-09-30,2004-12-01,ncsrs904.txt,0000935069-04-002032,N-CSRS,SEC-RYDEX-NDX,,"Intuit, Inc.*+","Intuit, Inc.*+",,,89450.0,4061030.0,0.0
2004-09-30,2004-12-01,ncsrs904.txt,0000935069-04-002032,N-CSRS,SEC-RYDEX-NDX,,CDW Corp.+,CDW Corp.+,,,69280.0,4020319.0,0.0
2004-09-30,2004-12-01,ncsrs904.txt,0000935069-04-002032,N-CSRS,SEC-RYDEX-NDX,,"Whole Foods Market, Inc.+","Whole Foods Market, Inc.+",,,46720.0,4008109.0,0.0
2004-09-30,2004-12-01,ncsrs904.txt,0000935069-04-002032,N-CSRS,SEC-RYDEX-NDX,,"Patterson Cos., Inc.*+","Patterson Cos., Inc.*+",,,51090.0,3911450.0,0.0
2004-09-30,2004-12-01,ncsrs904.txt,0000935069-04-002032,N-CSRS,SEC-RYDEX-NDX,,"Expeditors International Washington, Inc.+","Expeditors International Washington, Inc.+",,,73670.0,3808739.0,0.0
2004-09-30,2004-12-01,ncsrs904.txt,0000935069-04-002032,N-CSRS,SEC-RYDEX-NDX,,"C.H. Robinson Worldwide, Inc.+","C.H. Robinson Worldwide, Inc.+",,,73270.0,3398995.0,0.0
2004-09-30,2004-12-01,ncsrs904.txt,0000935069-04-002032,N-CSRS,SEC-RYDEX-NDX,,Sigma-Aldrich Corp.+,Sigma-Aldrich Corp.+,,,55620.0,3225960.0,0.0
2004-09-30,2004-12-01,ncsrs904.txt,0000935069-04-002032,N-CSRS,SEC-RYDEX-NDX,,"Microchip Technology, Inc.+","Microchip Technology, Inc.+",,,119650.0,3211406.0,0.0
2004-09-30,2004-12-01,ncsrs904.txt,0000935069-04-002032,N-CSRS,SEC-RYDEX-NDX,,Sandisk Corp.*+,Sandisk Corp.*+,,,109220.0,3180486.0,0.0
2004-09-30,2004-12-01,ncsrs904.txt,0000935069-04-002032,N-CSRS,SEC-RYDEX-NDX,,Check Point Software Technologies Ltd.*+,Check Point Software Technologies Ltd.*+,,,186850.0,3170844.0,0.0
2004-09-30,2004-12-01,ncsrs904.txt,0000935069-04-002032,N-CSRS,SEC-RYDEX-NDX,,Fastenal Co.+,Fastenal Co.+,,,54690.0,3150144.0,0.0
2004-09-30,2004-12-01,ncsrs904.txt,0000935069-04-002032,N-CSRS,SEC-RYDEX-NDX,,Garmin Ltd.+,Garmin Ltd.+,,,71660.0,3099295.0,0.0
2004-09-30,2004-12-01,ncsrs904.txt,0000935069-04-002032,N-CSRS,SEC-RYDEX-NDX,,Smurfit-Stone Container Corp.*+,Smurfit-Stone Container Corp.*+,,,159200.0,3083704.0,0.0
2004-09-30,2004-12-01,ncsrs904.txt,0000935069-04-002032,N-CSRS,SEC-RYDEX-NDX,,"Petsmart, Inc.+","Petsmart, Inc.+",,,103180.0,2929280.0,0.0
2004-09-30,2004-12-01,ncsrs904.txt,0000935069-04-002032,N-CSRS,SEC-RYDEX-NDX,,"Electronic Arts, Inc.*+","Electronic Arts, Inc.*+",,,63100.0,2901969.0,0.0
2004-09-30,2004-12-01,ncsrs904.txt,0000935069-04-002032,N-CSRS,SEC-RYDEX-NDX,,"Ross Stores, Inc.+","Ross Stores, Inc.+",,,121770.0,2854289.0,0.0
2004-09-30,2004-12-01,ncsrs904.txt,0000935069-04-002032,N-CSRS,SEC-RYDEX-NDX,,"Siebel Systems, Inc","Siebel Systems, Inc",,,371230.0,2799074.0,0.0
2004-09-30,2004-12-01,ncsrs904.txt,0000935069-04-002032,N-CSRS,SEC-RYDEX-NDX,,"Patterson-UTI Energy, Inc.+","Patterson-UTI Energy, Inc.+",,,142840.0,2723959.0,0.0
2004-09-30,2004-12-01,ncsrs904.txt,0000935069-04-002032,N-CSRS,SEC-RYDEX-NDX,,Lamar Advertising Co.*+,Lamar Advertising Co.*+,,,64280.0,2674691.0,0.0
2004-09-30,2004-12-01,ncsrs904.txt,0000935069-04-002032,N-CSRS,SEC-RYDEX-NDX,,"Molex, Inc","Molex, Inc",,,86560.0,2581219.0,0.0
2004-09-30,2004-12-01,ncsrs904.txt,0000935069-04-002032,N-CSRS,SEC-RYDEX-NDX,,Gentex Corp.+,Gentex Corp.+,,,70580.0,2479475.0,0.0
2004-09-30,2004-12-01,ncsrs904.txt,0000935069-04-002032,N-CSRS,SEC-RYDEX-NDX,,"ATI Technologies, Inc","ATI Technologies, Inc",,,156940.0,2405890.0,0.0
2004-09-30,2004-12-01,ncsrs904.txt,0000935069-04-002032,N-CSRS,SEC-RYDEX-NDX,,Invitrogen Corp.*+,Invitrogen Corp.*+,,,43450.0,2389315.0,0.0
2004-09-30,2004-12-01,ncsrs904.txt,0000935069-04-002032,N-CSRS,SEC-RYDEX-NDX,,Career Education Corp.*+,Career Education Corp.*+,,,82920.0,2357416.0,0.0
2004-09-30,2004-12-01,ncsrs904.txt,0000935069-04-002032,N-CSRS,SEC-RYDEX-NDX,,"Citrix Systems, Inc.*+","Citrix Systems, Inc.*+",,,133940.0,2346629.0,0.0
2004-09-30,2004-12-01,ncsrs904.txt,0000935069-04-002032,N-CSRS,SEC-RYDEX-NDX,,American Power Conversion Corp.+,American Power Conversion Corp.+,,,122860.0,2136535.0,0.0
2004-09-30,2004-12-01,ncsrs904.txt,0000935069-04-002032,N-CSRS,SEC-RYDEX-NDX,,"Dollar Tree Stores, Inc.*+","Dollar Tree Stores, Inc.*+",,,77250.0,2081887.0,0.0
2004-09-30,2004-12-01,ncsrs904.txt,0000935069-04-002032,N-CSRS,SEC-RYDEX-NDX,,Sanmina-SCI Corp,Sanmina-SCI Corp,,,283500.0,1998675.0,0.0
2004-09-30,2004-12-01,ncsrs904.txt,0000935069-04-002032,N-CSRS,SEC-RYDEX-NDX,,QLogic Corp.*+,QLogic Corp.*+,,,63810.0,1889414.0,0.0
2004-09-30,2004-12-01,ncsrs904.txt,0000935069-04-002032,N-CSRS,SEC-RYDEX-NDX,,"BEA Systems, Inc","BEA Systems, Inc",,,272450.0,1882629.0,0.0
2004-09-30,2004-12-01,ncsrs904.txt,0000935069-04-002032,N-CSRS,SEC-RYDEX-NDX,,"Medimmune, Inc.*+","Medimmune, Inc.*+",,,70620.0,1673694.0,0.0
2004-09-30,2004-12-01,ncsrs904.txt,0000935069-04-002032,N-CSRS,SEC-RYDEX-NDX,,"Henry Schein, Inc.*+","Henry Schein, Inc.*+",,,25160.0,1567720.0,0.0
2004-09-30,2004-12-01,ncsrs904.txt,0000935069-04-002032,N-CSRS,SEC-RYDEX-NDX,,"Tellabs, Inc.*+","Tellabs, Inc.*+",,,166920.0,1533995.0,0.0
2004-09-30,2004-12-01,ncsrs904.txt,0000935069-04-002032,N-CSRS,SEC-RYDEX-NDX,,"Synopsys, Inc.*+","Synopsys, Inc.*+",,,92050.0,1457152.0,0.0
2004-09-30,2004-12-01,ncsrs904.txt,0000935069-04-002032,N-CSRS,SEC-RYDEX-NDX,,"Comverse Technology, Inc.*+","Comverse Technology, Inc.*+",,,74830.0,1409049.0,0.0
2004-09-30,2004-12-01,ncsrs904.txt,0000935069-04-002032,N-CSRS,SEC-RYDEX-NDX,,Intersil Corp. -- Class A+,Intersil Corp. -- Class A+,,,76370.0,1216574.0,0.0
2004-09-30,2004-12-01,ncsrs904.txt,0000935069-04-002032,N-CSRS,SEC-RYDEX-NDX,,"Level 3 Communications, Inc.*+","Level 3 Communications, Inc.*+",,,451730.0,1169981.0,0.0
2004-09-30,2004-12-01,ncsrs904.txt,0000935069-04-002032,N-CSRS,SEC-RYDEX-NDX,,Ryanair Holdings PLC -- SP ADR*+,Ryanair Holdings PLC -- SP ADR*+,,,37840.0,1104928.0,0.0
2004-09-30,2004-12-01,ncsrs904.txt,0000935069-04-002032,N-CSRS,SEC-RYDEX-NDX,,First Health Group Corp,First Health Group Corp,,,68230.0,1097821.0,0.0
2004-09-30,2004-12-01,ncsrs904.txt,0000935069-04-002032,N-CSRS,SEC-RYDEX-NDX,,Nvidia Corp.*+,Nvidia Corp.*+,,,75370.0,1094372.0,0.0
2004-09-30,2004-12-01,ncsrs904.txt,0000935069-04-002032,N-CSRS,SEC-RYDEX-NDX,,"Lincare Holdings, Inc.*+","Lincare Holdings, Inc.*+",,,26010.0,772757.0,0.0
2004-09-30,2004-12-01,ncsrs904.txt,0000935069-04-002032,N-CSRS,SEC-RYDEX-NDX,,"Contracts $14,301,600)","Contracts $14,301,600)",,,505.0,181021.0,0.0
2004-09-30,2004-12-01,ncsrs904.txt,0000935069-04-002032,N-CSRS,SEC-RYDEX-NDX,,1.72% due 10/01/04,1.72% due 10/01/04,,,57599.0,57599.0,0.0
2004-09-30,2004-12-01,ncsrs904.txt,0000935069-04-002032,N-CSRS,SEC-RYDEX-NDX,,* NON-INCOME PRODUCING SECURITIES. + ALL OR A PORTION OF THIS SECURITY IS ON LOAN AT SEPTEMBER,* NON-INCOME PRODUCING SECURITIES. + ALL OR A PORTION OF THIS SECURITY IS ON LOAN AT SEPTEMBER,,,30.0,2004.0,0.0
2004-11-30,2005-02-04,a2150346zn-csr.txt,0001047469-05-002384,N-CSR,SEC-MORGAN-NDX,,"END OF PERIOD (Including a net investment loss of $27 and $0, respectively)","END OF PERIOD (Including a net investment loss of $27 and $0, respectively)",,,56707071.0,51013086.0,0.0
2004-11-30,2005-02-04,a2150346zn-csr.txt,0001047469-05-002384,N-CSR,SEC-MORGAN-NDX,,NET INCREASE,NET INCREASE,,,5693985.0,25727724.0,0.0
2004-11-30,2005-02-04,a2150346zn-csr.txt,0001047469-05-002384,N-CSR,SEC-MORGAN-NDX,,NET ASSETS: Beginning of period,NET ASSETS: Beginning of period,,,51013086.0,25285362.0,0.0
2004-11-30,2005-02-04,a2150346zn-csr.txt,0001047469-05-002384,N-CSR,SEC-MORGAN-NDX,,Net increase from transactions in shares of beneficial interest,Net increase from transactions in shares of beneficial interest,,,1275419.0,16224275.0,0.0
2004-11-30,2005-02-04,a2150346zn-csr.txt,0001047469-05-002384,N-CSR,SEC-MORGAN-NDX,,"Net increase (decrease) -- Class B (187,801) (1,255,435)","Net increase (decrease) -- Class B (187,801) (1,255,435)",,,2045674.0,14152601.0,0.0
2004-11-30,2005-02-04,a2150346zn-csr.txt,0001047469-05-002384,N-CSR,SEC-MORGAN-NDX,,Sold,Sold,,,1481842.0,12168983.0,0.0
2004-11-30,2005-02-04,a2150346zn-csr.txt,0001047469-05-002384,N-CSR,SEC-MORGAN-NDX,,Net change in unrealized appreciation,Net change in unrealized appreciation,,,5823533.0,10302233.0,0.0
2004-11-30,2005-02-04,a2150346zn-csr.txt,0001047469-05-002384,N-CSR,SEC-MORGAN-NDX,,Sold,Sold,,,1162512.0,9683821.0,0.0
2004-11-30,2005-02-04,a2150346zn-csr.txt,0001047469-05-002384,N-CSR,SEC-MORGAN-NDX,,NET INCREASE,NET INCREASE,,,4418566.0,9503449.0,0.0
2004-11-30,2005-02-04,a2150346zn-csr.txt,0001047469-05-002384,N-CSR,SEC-MORGAN-NDX,,Microsoft Corp,Microsoft Corp,,,159325.0,4271503.0,0.0
2004-11-30,2005-02-04,a2150346zn-csr.txt,0001047469-05-002384,N-CSR,SEC-MORGAN-NDX,,ALL OTHER FEES........... $- $- TOTAL NON-AUDIT FEES,ALL OTHER FEES........... $- $- TOTAL NON-AUDIT FEES,,,4960.0,3826295.0,0.0
2004-11-30,2005-02-04,a2150346zn-csr.txt,0001047469-05-002384,N-CSR,SEC-MORGAN-NDX,,TOTAL,TOTAL,,,30620.0,3826295.0,0.0
2004-11-30,2005-02-04,a2150346zn-csr.txt,0001047469-05-002384,N-CSR,SEC-MORGAN-NDX,,TOTAL NON-AUDIT FEES,TOTAL NON-AUDIT FEES,,,5783.0,3581614.0,0.0
2004-11-30,2005-02-04,a2150346zn-csr.txt,0001047469-05-002384,N-CSR,SEC-MORGAN-NDX,,TOTAL,TOTAL,,,29933.0,3581614.0,0.0
2004-11-30,2005-02-04,a2150346zn-csr.txt,0001047469-05-002384,N-CSR,SEC-MORGAN-NDX,,QUALCOMM Inc,QUALCOMM Inc,,,83589.0,3478974.0,0.0
2004-11-30,2005-02-04,a2150346zn-csr.txt,0001047469-05-002384,N-CSR,SEC-MORGAN-NDX,,Sold,Sold,,,402956.0,3293187.0,0.0
2004-11-30,2005-02-04,a2150346zn-csr.txt,0001047469-05-002384,N-CSR,SEC-MORGAN-NDX,,eBay Inc,eBay Inc,,,20991.0,2360438.0,0.0
2004-11-30,2005-02-04,a2150346zn-csr.txt,0001047469-05-002384,N-CSR,SEC-MORGAN-NDX,,Intel Corp,Intel Corp,,,95645.0,2137666.0,0.0
2004-11-30,2005-02-04,a2150346zn-csr.txt,0001047469-05-002384,N-CSR,SEC-MORGAN-NDX,,Sold,Sold,,,239505.0,2004515.0,0.0
2004-11-30,2005-02-04,a2150346zn-csr.txt,0001047469-05-002384,N-CSR,SEC-MORGAN-NDX,,"Cisco Systems, Inc","Cisco Systems, Inc",,,102853.0,1924380.0,0.0
2004-11-30,2005-02-04,a2150346zn-csr.txt,0001047469-05-002384,N-CSR,SEC-MORGAN-NDX,,Dell Inc,Dell Inc,,,39107.0,1584616.0,0.0
2004-11-30,2005-02-04,a2150346zn-csr.txt,0001047469-05-002384,N-CSR,SEC-MORGAN-NDX,,"Apple Computer, Inc","Apple Computer, Inc",,,23038.0,1544698.0,0.0
2004-11-30,2005-02-04,a2150346zn-csr.txt,0001047469-05-002384,N-CSR,SEC-MORGAN-NDX,,Amgen Inc,Amgen Inc,,,25124.0,1508445.0,0.0
2004-11-30,2005-02-04,a2150346zn-csr.txt,0001047469-05-002384,N-CSR,SEC-MORGAN-NDX,,Net increase -- Class A,Net increase -- Class A,,,183819.0,1481189.0,0.0
2004-11-30,2005-02-04,a2150346zn-csr.txt,0001047469-05-002384,N-CSR,SEC-MORGAN-NDX,,Starbucks Corp,Starbucks Corp,,,23530.0,1323798.0,0.0
2004-11-30,2005-02-04,a2150346zn-csr.txt,0001047469-05-002384,N-CSR,SEC-MORGAN-NDX,,Net increase in Fund,Net increase in Fund,,,117562.0,1275419.0,0.0
2004-11-30,2005-02-04,a2150346zn-csr.txt,0001047469-05-002384,N-CSR,SEC-MORGAN-NDX,,Comcast Corp. (Class A),Comcast Corp. (Class A),,,40508.0,1216860.0,0.0
2004-11-30,2005-02-04,a2150346zn-csr.txt,0001047469-05-002384,N-CSR,SEC-MORGAN-NDX,,Oracle Corp,Oracle Corp,,,91799.0,1162175.0,0.0
2004-11-30,2005-02-04,a2150346zn-csr.txt,0001047469-05-002384,N-CSR,SEC-MORGAN-NDX,,Yahoo! Inc,Yahoo! Inc,,,27848.0,1047642.0,0.0
2004-11-30,2005-02-04,a2150346zn-csr.txt,0001047469-05-002384,N-CSR,SEC-MORGAN-NDX,,Biogen Idec Inc,Biogen Idec Inc,,,15662.0,919046.0,0.0
2004-11-30,2005-02-04,a2150346zn-csr.txt,0001047469-05-002384,N-CSR,SEC-MORGAN-NDX,,Symantec Corp,Symantec Corp,,,14031.0,895318.0,0.0
2004-11-30,2005-02-04,a2150346zn-csr.txt,0001047469-05-002384,N-CSR,SEC-MORGAN-NDX,,Net increase -- Class C,Net increase -- Class C,,,104414.0,876373.0,0.0
2004-11-30,2005-02-04,a2150346zn-csr.txt,0001047469-05-002384,N-CSR,SEC-MORGAN-NDX,,"Maxim Integrated Products, Inc","Maxim Integrated Products, Inc",,,19375.0,793600.0,0.0
2004-11-30,2005-02-04,a2150346zn-csr.txt,0001047469-05-002384,N-CSR,SEC-MORGAN-NDX,,IAC/InterActiveCorp,IAC/InterActiveCorp,,,30693.0,757810.0,0.0
2004-11-30,2005-02-04,a2150346zn-csr.txt,0001047469-05-002384,N-CSR,SEC-MORGAN-NDX,,"Biomet, Inc","Biomet, Inc",,,14563.0,697131.0,0.0
2004-11-30,2005-02-04,a2150346zn-csr.txt,0001047469-05-002384,N-CSR,SEC-MORGAN-NDX,,Bed Bath & Beyond Inc,Bed Bath & Beyond Inc,,,17210.0,687161.0,0.0
2004-11-30,2005-02-04,a2150346zn-csr.txt,0001047469-05-002384,N-CSR,SEC-MORGAN-NDX,,Genzyme Corp,Genzyme Corp,,,12170.0,681642.0,0.0
2004-11-30,2005-02-04,a2150346zn-csr.txt,0001047469-05-002384,N-CSR,SEC-MORGAN-NDX,,Linear Technology Corp,Linear Technology Corp,,,17499.0,667762.0,0.0
2004-11-30,2005-02-04,a2150346zn-csr.txt,0001047469-05-002384,N-CSR,SEC-MORGAN-NDX,,"PACCAR, Inc","PACCAR, Inc",,,8283.0,646902.0,0.0
2004-11-30,2005-02-04,a2150346zn-csr.txt,0001047469-05-002384,N-CSR,SEC-MORGAN-NDX,,Electronic Arts Inc,Electronic Arts Inc,,,13035.0,637412.0,0.0
2004-11-30,2005-02-04,a2150346zn-csr.txt,0001047469-05-002384,N-CSR,SEC-MORGAN-NDX,,"Applied Materials, Inc","Applied Materials, Inc",,,37394.0,622236.0,0.0
2004-11-30,2005-02-04,a2150346zn-csr.txt,0001047469-05-002384,N-CSR,SEC-MORGAN-NDX,,"Gilead Sciences, Inc","Gilead Sciences, Inc",,,18054.0,622141.0,0.0
2004-11-30,2005-02-04,a2150346zn-csr.txt,0001047469-05-002384,N-CSR,SEC-MORGAN-NDX,,"Xilinx, Inc","Xilinx, Inc",,,19604.0,612037.0,0.0
2004-11-30,2005-02-04,a2150346zn-csr.txt,0001047469-05-002384,N-CSR,SEC-MORGAN-NDX,,"Adobe Systems, Inc","Adobe Systems, Inc",,,10006.0,605963.0,0.0
2004-11-30,2005-02-04,a2150346zn-csr.txt,0001047469-05-002384,N-CSR,SEC-MORGAN-NDX,,"Apollo Group, Inc. (Class A)","Apollo Group, Inc. (Class A)",,,7552.0,601894.0,0.0
2004-11-30,2005-02-04,a2150346zn-csr.txt,0001047469-05-002384,N-CSR,SEC-MORGAN-NDX,,"PeopleSoft, Inc","PeopleSoft, Inc",,,22072.0,521120.0,0.0
2004-11-30,2005-02-04,a2150346zn-csr.txt,0001047469-05-002384,N-CSR,SEC-MORGAN-NDX,,"Paychex, Inc","Paychex, Inc",,,15276.0,506552.0,0.0
2004-11-30,2005-02-04,a2150346zn-csr.txt,0001047469-05-002384,N-CSR,SEC-MORGAN-NDX,,Altera Corp,Altera Corp,,,22262.0,504902.0,0.0
2004-11-30,2005-02-04,a2150346zn-csr.txt,0001047469-05-002384,N-CSR,SEC-MORGAN-NDX,,Costco Wholesale Corp,Costco Wholesale Corp,,,10342.0,502621.0,0.0
2004-11-30,2005-02-04,a2150346zn-csr.txt,0001047469-05-002384,N-CSR,SEC-MORGAN-NDX,,"Network Appliance, Inc","Network Appliance, Inc",,,15924.0,480268.0,0.0
2004-11-30,2005-02-04,a2150346zn-csr.txt,0001047469-05-002384,N-CSR,SEC-MORGAN-NDX,,KLA-Tencor Corp,KLA-Tencor Corp,,,10132.0,456548.0,0.0
2004-11-30,2005-02-04,a2150346zn-csr.txt,0001047469-05-002384,N-CSR,SEC-MORGAN-NDX,,"Amazon.com, Inc","Amazon.com, Inc",,,11502.0,456399.0,0.0
2004-11-30,2005-02-04,a2150346zn-csr.txt,0001047469-05-002384,N-CSR,SEC-MORGAN-NDX,,"Staples, Inc","Staples, Inc",,,14231.0,454111.0,0.0
2004-11-30,2005-02-04,a2150346zn-csr.txt,0001047469-05-002384,N-CSR,SEC-MORGAN-NDX,,Intuit Inc,Intuit Inc,,,10274.0,429864.0,0.0
2004-11-30,2005-02-04,a2150346zn-csr.txt,0001047469-05-002384,N-CSR,SEC-MORGAN-NDX,,VERITAS Software Corp,VERITAS Software Corp,,,18837.0,412530.0,0.0
2004-11-30,2005-02-04,a2150346zn-csr.txt,0001047469-05-002384,N-CSR,SEC-MORGAN-NDX,,"Juniper Networks, Inc","Juniper Networks, Inc",,,14942.0,411353.0,0.0
2004-11-30,2005-02-04,a2150346zn-csr.txt,0001047469-05-002384,N-CSR,SEC-MORGAN-NDX,,KMART Holding Corp,KMART Holding Corp,,,3992.0,410497.0,0.0
2004-11-30,2005-02-04,a2150346zn-csr.txt,0001047469-05-002384,N-CSR,SEC-MORGAN-NDX,,"Fiserv, Inc","Fiserv, Inc",,,10401.0,400543.0,0.0
2004-11-30,2005-02-04,a2150346zn-csr.txt,0001047469-05-002384,N-CSR,SEC-MORGAN-NDX,,Cintas Corp,Cintas Corp,,,8761.0,391792.0,0.0
2004-11-30,2005-02-04,a2150346zn-csr.txt,0001047469-05-002384,N-CSR,SEC-MORGAN-NDX,,Chiron Corp,Chiron Corp,,,11178.0,364067.0,0.0
2004-11-30,2005-02-04,a2150346zn-csr.txt,0001047469-05-002384,N-CSR,SEC-MORGAN-NDX,,"Sun Microsystems, Inc","Sun Microsystems, Inc",,,61807.0,343029.0,0.0
2004-11-30,2005-02-04,a2150346zn-csr.txt,0001047469-05-002384,N-CSR,SEC-MORGAN-NDX,,"VeriSign, Inc","VeriSign, Inc",,,10256.0,337422.0,0.0
2004-11-30,2005-02-04,a2150346zn-csr.txt,0001047469-05-002384,N-CSR,SEC-MORGAN-NDX,,Broadcom Corp. (Class A),Broadcom Corp. (Class A),,,10176.0,330924.0,0.0
2004-11-30,2005-02-04,a2150346zn-csr.txt,0001047469-05-002384,N-CSR,SEC-MORGAN-NDX,,"MedImmune, Inc","MedImmune, Inc",,,11356.0,302070.0,0.0
2004-11-30,2005-02-04,a2150346zn-csr.txt,0001047469-05-002384,N-CSR,SEC-MORGAN-NDX,,"Siebel Systems, Inc","Siebel Systems, Inc",,,25211.0,254127.0,0.0
2004-11-30,2005-02-04,a2150346zn-csr.txt,0001047469-05-002384,N-CSR,SEC-MORGAN-NDX,,Garmin Ltd. (Cayman Islands),Garmin Ltd. (Cayman Islands),,,4270.0,248599.0,0.0
2004-11-30,2005-02-04,a2150346zn-csr.txt,0001047469-05-002384,N-CSR,SEC-MORGAN-NDX,,CDW Corp,CDW Corp,,,3681.0,241915.0,0.0
2004-11-30,2005-02-04,a2150346zn-csr.txt,0001047469-05-002384,N-CSR,SEC-MORGAN-NDX,,"Whole Foods Market, Inc","Whole Foods Market, Inc",,,2600.0,236002.0,0.0
2004-11-30,2005-02-04,a2150346zn-csr.txt,0001047469-05-002384,N-CSR,SEC-MORGAN-NDX,,Patterson Companies Inc,Patterson Companies Inc,,,5598.0,228734.0,0.0
2004-11-30,2005-02-04,a2150346zn-csr.txt,0001047469-05-002384,N-CSR,SEC-MORGAN-NDX,,JDS Uniphase Corp,JDS Uniphase Corp,,,69623.0,220705.0,0.0
2004-11-30,2005-02-04,a2150346zn-csr.txt,0001047469-05-002384,N-CSR,SEC-MORGAN-NDX,,"Pixar, Inc","Pixar, Inc",,,2422.0,219603.0,0.0
2004-11-30,2005-02-04,a2150346zn-csr.txt,0001047469-05-002384,N-CSR,SEC-MORGAN-NDX,,"Express Scripts, Inc. (Class A)","Express Scripts, Inc. (Class A)",,,2948.0,212138.0,0.0
2004-11-30,2005-02-04,a2150346zn-csr.txt,0001047469-05-002384,N-CSR,SEC-MORGAN-NDX,,Sanmina-SCI Corp,Sanmina-SCI Corp,,,23686.0,209147.0,0.0
2004-11-30,2005-02-04,a2150346zn-csr.txt,0001047469-05-002384,N-CSR,SEC-MORGAN-NDX,,"PETsMART, Inc","PETsMART, Inc",,,6094.0,208841.0,0.0
2004-11-30,2005-02-04,a2150346zn-csr.txt,0001047469-05-002384,N-CSR,SEC-MORGAN-NDX,,Microchip Technology Inc,Microchip Technology Inc,,,7287.0,205348.0,0.0
2004-11-30,2005-02-04,a2150346zn-csr.txt,0001047469-05-002384,N-CSR,SEC-MORGAN-NDX,,"Citrix Systems, Inc","Citrix Systems, Inc",,,8556.0,202007.0,0.0
2004-11-30,2005-02-04,a2150346zn-csr.txt,0001047469-05-002384,N-CSR,SEC-MORGAN-NDX,,ATI Technologies Inc. (Canada),ATI Technologies Inc. (Canada),,,10316.0,200130.0,0.0
2004-11-30,2005-02-04,a2150346zn-csr.txt,0001047469-05-002384,N-CSR,SEC-MORGAN-NDX,,"C.H. Robinson Worldwide, Inc","C.H. Robinson Worldwide, Inc",,,3594.0,193178.0,0.0
2004-11-30,2005-02-04,a2150346zn-csr.txt,0001047469-05-002384,N-CSR,SEC-MORGAN-NDX,,Mercury Interactive Corp,Mercury Interactive Corp,,,4222.0,192565.0,0.0
2004-11-30,2005-02-04,a2150346zn-csr.txt,0001047469-05-002384,N-CSR,SEC-MORGAN-NDX,,Smurfit-Stone Container Corp,Smurfit-Stone Container Corp,,,10591.0,190214.0,0.0
2004-11-30,2005-02-04,a2150346zn-csr.txt,0001047469-05-002384,N-CSR,SEC-MORGAN-NDX,,Fastenal Co,Fastenal Co,,,3089.0,188923.0,0.0
2004-11-30,2005-02-04,a2150346zn-csr.txt,0001047469-05-002384,N-CSR,SEC-MORGAN-NDX,,"Comverse Technology, Inc","Comverse Technology, Inc",,,8647.0,183922.0,0.0
2004-11-30,2005-02-04,a2150346zn-csr.txt,0001047469-05-002384,N-CSR,SEC-MORGAN-NDX,,Net increase (decrease) -- Class D,Net increase (decrease) -- Class D,,,17130.0,173292.0,0.0
2004-11-30,2005-02-04,a2150346zn-csr.txt,0001047469-05-002384,N-CSR,SEC-MORGAN-NDX,,"DENTSPLY International, Inc","DENTSPLY International, Inc",,,3291.0,173140.0,0.0
2004-11-30,2005-02-04,a2150346zn-csr.txt,0001047469-05-002384,N-CSR,SEC-MORGAN-NDX,,Career Education Corp,Career Education Corp,,,4433.0,172444.0,0.0
2004-11-30,2005-02-04,a2150346zn-csr.txt,0001047469-05-002384,N-CSR,SEC-MORGAN-NDX,,Sigma-Aldrich Corp,Sigma-Aldrich Corp,,,2826.0,168797.0,0.0
2004-11-30,2005-02-04,a2150346zn-csr.txt,0001047469-05-002384,N-CSR,SEC-MORGAN-NDX,,"Novellus Systems, Inc","Novellus Systems, Inc",,,6196.0,166920.0,0.0
2004-11-30,2005-02-04,a2150346zn-csr.txt,0001047469-05-002384,N-CSR,SEC-MORGAN-NDX,,"Ross Stores, Inc","Ross Stores, Inc",,,6184.0,166350.0,0.0
2004-11-30,2005-02-04,a2150346zn-csr.txt,0001047469-05-002384,N-CSR,SEC-MORGAN-NDX,,"Lincare Holdings, Inc","Lincare Holdings, Inc",,,4103.0,158335.0,0.0
2004-11-30,2005-02-04,a2150346zn-csr.txt,0001047469-05-002384,N-CSR,SEC-MORGAN-NDX,,Lam Research Corp,Lam Research Corp,,,5892.0,153251.0,0.0
2004-11-30,2005-02-04,a2150346zn-csr.txt,0001047469-05-002384,N-CSR,SEC-MORGAN-NDX,,"Patterson-UTI Energy, Inc","Patterson-UTI Energy, Inc",,,7336.0,146720.0,0.0
2004-11-30,2005-02-04,a2150346zn-csr.txt,0001047469-05-002384,N-CSR,SEC-MORGAN-NDX,,NVIDIA Corp,NVIDIA Corp,,,7664.0,146612.0,0.0
2004-11-30,2005-02-04,a2150346zn-csr.txt,0001047469-05-002384,N-CSR,SEC-MORGAN-NDX,,SanDisk Corp,SanDisk Corp,,,6326.0,142841.0,0.0
2004-11-30,2005-02-04,a2150346zn-csr.txt,0001047469-05-002384,N-CSR,SEC-MORGAN-NDX,,QLogic Corp,QLogic Corp,,,4009.0,137870.0,0.0
2004-11-30,2005-02-04,a2150346zn-csr.txt,0001047469-05-002384,N-CSR,SEC-MORGAN-NDX,,"BEA Systems, Inc","BEA Systems, Inc",,,16073.0,129870.0,0.0
2004-11-30,2005-02-04,a2150346zn-csr.txt,0001047469-05-002384,N-CSR,SEC-MORGAN-NDX,,"Dollar Tree Stores, Inc","Dollar Tree Stores, Inc",,,4650.0,129410.0,0.0
2004-11-30,2005-02-04,a2150346zn-csr.txt,0001047469-05-002384,N-CSR,SEC-MORGAN-NDX,,Invitrogen Corp,Invitrogen Corp,,,2105.0,127352.0,0.0
2004-11-30,2005-02-04,a2150346zn-csr.txt,0001047469-05-002384,N-CSR,SEC-MORGAN-NDX,,Molex Inc,Molex Inc,,,4202.0,115849.0,0.0
2004-11-30,2005-02-04,a2150346zn-csr.txt,0001047469-05-002384,N-CSR,SEC-MORGAN-NDX,,"Henry Schein, Inc","Henry Schein, Inc",,,1726.0,112501.0,0.0
2004-11-30,2005-02-04,a2150346zn-csr.txt,0001047469-05-002384,N-CSR,SEC-MORGAN-NDX,,Gentex Corp,Gentex Corp,,,3433.0,110955.0,0.0
2004-11-30,2005-02-04,a2150346zn-csr.txt,0001047469-05-002384,N-CSR,SEC-MORGAN-NDX,,"Synopsys, Inc","Synopsys, Inc",,,6076.0,107120.0,0.0
2004-11-30,2005-02-04,a2150346zn-csr.txt,0001047469-05-002384,N-CSR,SEC-MORGAN-NDX,,7 Long Nasdaq-100 Index,7 Long Nasdaq-100 Index,,,1101100.0,105210.0,0.0
2004-11-30,2005-02-04,a2150346zn-csr.txt,0001047469-05-002384,N-CSR,SEC-MORGAN-NDX,,"Cephalon, Inc","Cephalon, Inc",,,2209.0,104994.0,0.0
2004-11-30,2005-02-04,a2150346zn-csr.txt,0001047469-05-002384,N-CSR,SEC-MORGAN-NDX,,Intersil Corp. (Class A),Intersil Corp. (Class A),,,6470.0,104167.0,0.0
2004-11-30,2005-02-04,a2150346zn-csr.txt,0001047469-05-002384,N-CSR,SEC-MORGAN-NDX,,"Level 3 Communications, Inc","Level 3 Communications, Inc",,,28677.0,98936.0,0.0
2004-11-30,2005-02-04,a2150346zn-csr.txt,0001047469-05-002384,N-CSR,SEC-MORGAN-NDX,,"Tellabs, Inc","Tellabs, Inc",,,10100.0,86355.0,0.0
2004-11-30,2005-02-04,a2150346zn-csr.txt,0001047469-05-002384,N-CSR,SEC-MORGAN-NDX,,First Health Group Corp,First Health Group Corp,,,4054.0,72242.0,0.0
2004-11-30,2005-02-04,a2150346zn-csr.txt,0001047469-05-002384,N-CSR,SEC-MORGAN-NDX,,55 Long Nasdaq-100 E-Mini,55 Long Nasdaq-100 E-Mini,,,1730300.0,69285.0,0.0
2004-11-30,2005-02-04,a2150346zn-csr.txt,0001047469-05-002384,N-CSR,SEC-MORGAN-NDX,,Compuware Corp,Compuware Corp,,,10142.0,58519.0,0.0
2004-11-30,2005-02-04,a2150346zn-csr.txt,0001047469-05-002384,N-CSR,SEC-MORGAN-NDX,,"SUPPLEMENTAL DATA: Net assets, end of period, in thousands","SUPPLEMENTAL DATA: Net assets, end of period, in thousands",,,39801.0,38028.0,0.0
2004-11-30,2005-02-04,a2150346zn-csr.txt,0001047469-05-002384,N-CSR,SEC-MORGAN-NDX,,"(Exact name of registrant as specified in charter) Avenue of the Americas, New York, New York","(Exact name of registrant as specified in charter) Avenue of the Americas, New York, New York",,,1221.0,10020.0,0.0
2004-11-30,2005-02-04,a2150346zn-csr.txt,0001047469-05-002384,N-CSR,SEC-MORGAN-NDX,,"(Address of principal executive offices) (Zip code) Ronald E. Robison Avenue of the Americas, New York, New York","(Address of principal executive offices) (Zip code) Ronald E. Robison Avenue of the Americas, New York, New York",,,1221.0,10020.0,0.0
2004-11-30,2005-02-04,a2150346zn-csr.txt,0001047469-05-002384,N-CSR,SEC-MORGAN-NDX,,"SUPPLEMENTAL DATA: Net assets, end of period, in thousands","SUPPLEMENTAL DATA: Net assets, end of period, in thousands",,,10368.0,8677.0,0.0
2004-11-30,2005-02-04,a2150346zn-csr.txt,0001047469-05-002384,N-CSR,SEC-MORGAN-NDX,,"SUPPLEMENTAL DATA: Net assets, end of period, in thousands","SUPPLEMENTAL DATA: Net assets, end of period, in thousands",,,4681.0,2760.0,0.0
2004-11-30,2005-02-04,a2150346zn-csr.txt,0001047469-05-002384,N-CSR,SEC-MORGAN-NDX,,"expire on November 30, 2011 and $1,203,037 will expire on November","expire on November 30, 2011 and $1,203,037 will expire on November",,,30.0,2012.0,0.0
2004-11-30,2005-02-04,a2150346zn-csr.txt,0001047469-05-002384,N-CSR,SEC-MORGAN-NDX,,"3,206,803 of which $1,306,988 will expire on November","3,206,803 of which $1,306,988 will expire on November",,,30.0,2010.0,0.0
2004-11-30,2005-02-04,a2150346zn-csr.txt,0001047469-05-002384,N-CSR,SEC-MORGAN-NDX,,"accepted in the United States of America. Deloitte & Touche LLP NEW YORK, NEW YORK JANUARY","accepted in the United States of America. Deloitte & Touche LLP NEW YORK, NEW YORK JANUARY",,,14.0,2005.0,0.0
2004-11-30,2005-02-04,a2150346zn-csr.txt,0001047469-05-002384,N-CSR,SEC-MORGAN-NDX,,/s/ Ronald E. Robison Ronald E. Robison Principal Executive Officer January,/s/ Ronald E. Robison Ronald E. Robison Principal Executive Officer January,,,20.0,2005.0,0.0
2004-11-30,2005-02-04,a2150346zn-csr.txt,0001047469-05-002384,N-CSR,SEC-MORGAN-NDX,,/s/ Francis Smith Francis Smith Principal Financial Officer January,/s/ Francis Smith Francis Smith Principal Financial Officer January,,,20.0,2005.0,0.0
2004-11-30,2005-02-04,a2150346zn-csr.txt,0001047469-05-002384,N-CSR,SEC-MORGAN-NDX,,Date of fiscal year end: November,Date of fiscal year end: November,,,30.0,2004.0,0.0
2004-11-30,2005-02-04,a2150346zn-csr.txt,0001047469-05-002384,N-CSR,SEC-MORGAN-NDX,,Date of reporting period: November,Date of reporting period: November,,,30.0,2004.0,0.0
2004-11-30,2005-02-04,a2150346zn-csr.txt,0001047469-05-002384,N-CSR,SEC-MORGAN-NDX,,MONEY INVESTING IN THIS FUND. FUND REPORT For the year ended November,MONEY INVESTING IN THIS FUND. FUND REPORT For the year ended November,,,30.0,2004.0,0.0
2004-11-30,2005-02-04,a2150346zn-csr.txt,0001047469-05-002384,N-CSR,SEC-MORGAN-NDX,,TOTAL RETURN FOR THE 12 MONTHS ENDED NOVEMBER,TOTAL RETURN FOR THE 12 MONTHS ENDED NOVEMBER,,,30.0,2004.0,0.0
2004-11-30,2005-02-04,a2150346zn-csr.txt,0001047469-05-002384,N-CSR,SEC-MORGAN-NDX,,period ended November,period ended November,,,30.0,2004.0,0.0
2004-11-30,2005-02-04,a2150346zn-csr.txt,0001047469-05-002384,N-CSR,SEC-MORGAN-NDX,,STOCK MARKET. AS OF JANUARY,STOCK MARKET. AS OF JANUARY,,,14.0,2004.0,0.0
2004-11-30,2005-02-04,a2150346zn-csr.txt,0001047469-05-002384,N-CSR,SEC-MORGAN-NDX,,FUND VOTED PROXIES RELATING TO PORTFOLIO SECURITIES DURING THE MOST RECENT 12-MONTH PERIOD ENDED NOVEMBER,FUND VOTED PROXIES RELATING TO PORTFOLIO SECURITIES DURING THE MOST RECENT 12-MONTH PERIOD ENDED NOVEMBER,,,30.0,2004.0,0.0
2004-11-30,2005-02-04,a2150346zn-csr.txt,0001047469-05-002384,N-CSR,SEC-MORGAN-NDX,,February,February,,,29.0,2004.0,0.0
2004-11-30,2005-02-04,a2150346zn-csr.txt,0001047469-05-002384,N-CSR,SEC-MORGAN-NDX,,May,May,,,31.0,2004.0,0.0
2004-11-30,2005-02-04,a2150346zn-csr.txt,0001047469-05-002384,N-CSR,SEC-MORGAN-NDX,,August,August,,,31.0,2004.0,0.0
2004-11-30,2005-02-04,a2150346zn-csr.txt,0001047469-05-002384,N-CSR,SEC-MORGAN-NDX,,NOVEMBER,NOVEMBER,,,30.0,2004.0,0.0
2004-11-30,2005-02-04,a2150346zn-csr.txt,0001047469-05-002384,N-CSR,SEC-MORGAN-NDX,,AVERAGE ANNUAL TOTAL RETURNS--PERIOD ENDED NOVEMBER,AVERAGE ANNUAL TOTAL RETURNS--PERIOD ENDED NOVEMBER,,,30.0,2004.0,0.0
2004-11-30,2005-02-04,a2150346zn-csr.txt,0001047469-05-002384,N-CSR,SEC-MORGAN-NDX,,PORTFOLIO OF INVESTMENTS - NOVEMBER,PORTFOLIO OF INVESTMENTS - NOVEMBER,,,30.0,2004.0,0.0
2004-11-30,2005-02-04,a2150346zn-csr.txt,0001047469-05-002384,N-CSR,SEC-MORGAN-NDX,,FINANCIAL STATEMENTS STATEMENT OF ASSETS AND LIABILITIES NOVEMBER,FINANCIAL STATEMENTS STATEMENT OF ASSETS AND LIABILITIES NOVEMBER,,,30.0,2004.0,0.0
2004-11-30,2005-02-04,a2150346zn-csr.txt,0001047469-05-002384,N-CSR,SEC-MORGAN-NDX,,STATEMENT OF OPERATIONS FOR THE YEAR ENDED NOVEMBER,STATEMENT OF OPERATIONS FOR THE YEAR ENDED NOVEMBER,,,30.0,2004.0,0.0
2004-11-30,2005-02-04,a2150346zn-csr.txt,0001047469-05-002384,N-CSR,SEC-MORGAN-NDX,,NOTES TO FINANCIAL STATEMENTS - NOVEMBER,NOTES TO FINANCIAL STATEMENTS - NOVEMBER,,,30.0,2004.0,0.0
2004-11-30,2005-02-04,a2150346zn-csr.txt,0001047469-05-002384,N-CSR,SEC-MORGAN-NDX,,Effective November,Effective November,,,1.0,2004.0,0.0
2004-11-30,2005-02-04,a2150346zn-csr.txt,0001047469-05-002384,N-CSR,SEC-MORGAN-NDX,,Fund determined as of the close of each business day. Effective November,Fund determined as of the close of each business day. Effective November,,,1.0,2004.0,0.0
2004-11-30,2005-02-04,a2150346zn-csr.txt,0001047469-05-002384,N-CSR,SEC-MORGAN-NDX,,"1, 2004, the limitation was 0.60%). At November","1, 2004, the limitation was 0.60%). At November",,,30.0,2004.0,0.0
2004-11-30,2005-02-04,a2150346zn-csr.txt,0001047469-05-002384,N-CSR,SEC-MORGAN-NDX,,"Statement of Assets and Liabilities is a receivable from affiliate, which represents expense reimbursements due to the Fund. Prior to November","Statement of Assets and Liabilities is a receivable from affiliate, which represents expense reimbursements due to the Fund. Prior to November",,,1.0,2004.0,0.0
2004-11-30,2005-02-04,a2150346zn-csr.txt,0001047469-05-002384,N-CSR,SEC-MORGAN-NDX,,Fund determined as of the close of each business day. Prior to May,Fund determined as of the close of each business day. Prior to May,,,1.0,2004.0,0.0
2004-11-30,2005-02-04,a2150346zn-csr.txt,0001047469-05-002384,N-CSR,SEC-MORGAN-NDX,,For the year ended November,For the year ended November,,,30.0,2004.0,0.0
2004-11-30,2005-02-04,a2150346zn-csr.txt,0001047469-05-002384,N-CSR,SEC-MORGAN-NDX,,The Distributor has informed the Fund that for the year ended November,The Distributor has informed the Fund that for the year ended November,,,30.0,2004.0,0.0
2004-11-30,2005-02-04,a2150346zn-csr.txt,0001047469-05-002384,N-CSR,SEC-MORGAN-NDX,,"short-term investments, for the year ended November","short-term investments, for the year ended November",,,30.0,2004.0,0.0
2004-11-30,2005-02-04,a2150346zn-csr.txt,0001047469-05-002384,N-CSR,SEC-MORGAN-NDX,,"Morgan Stanley Trust, an affiliate of the Investment Adviser, Administrator and Distributor, is the Fund's transfer agent. At November","Morgan Stanley Trust, an affiliate of the Investment Adviser, Administrator and Distributor, is the Fund's transfer agent. At November",,,30.0,2004.0,0.0
2004-11-30,2005-02-04,a2150346zn-csr.txt,0001047469-05-002384,N-CSR,SEC-MORGAN-NDX,,At November,At November,,,30.0,2004.0,0.0
2004-11-30,2005-02-04,a2150346zn-csr.txt,0001047469-05-002384,N-CSR,SEC-MORGAN-NDX,,Effective April,Effective April,,,1.0,2004.0,0.0
2004-11-30,2005-02-04,a2150346zn-csr.txt,0001047469-05-002384,N-CSR,SEC-MORGAN-NDX,,*As of November,*As of November,,,30.0,2004.0,0.0
2004-11-30,2005-02-04,a2150346zn-csr.txt,0001047469-05-002384,N-CSR,SEC-MORGAN-NDX,,offset future capital gains to the extent provided by regulations. As of November,offset future capital gains to the extent provided by regulations. As of November,,,30.0,2004.0,0.0
2004-11-30,2005-02-04,a2150346zn-csr.txt,0001047469-05-002384,N-CSR,SEC-MORGAN-NDX,,"investments, as of November","investments, as of November",,,30.0,2004.0,0.0
2004-11-30,2005-02-04,a2150346zn-csr.txt,0001047469-05-002384,N-CSR,SEC-MORGAN-NDX,,securities owned as of November,securities owned as of November,,,30.0,2004.0,0.0
2004-11-30,2005-02-04,a2150346zn-csr.txt,0001047469-05-002384,N-CSR,SEC-MORGAN-NDX,,Stanley Nasdaq-100 Index Fund as of November,Stanley Nasdaq-100 Index Fund as of November,,,30.0,2004.0,0.0
2004-11-30,2005-02-04,a2150346zn-csr.txt,0001047469-05-002384,N-CSR,SEC-MORGAN-NDX,,Avenue of the Americas Compliance,Avenue of the Americas Compliance,,,1221.0,2004.0,0.0
2004-11-30,2005-02-04,a2150346zn-csr.txt,0001047469-05-002384,N-CSR,SEC-MORGAN-NDX,,ANNUAL REPORT NOVEMBER,ANNUAL REPORT NOVEMBER,,,30.0,2004.0,0.0
2004-11-30,2005-02-04,a2150346zn-csr.txt,0001047469-05-002384,N-CSR,SEC-MORGAN-NDX,,February,February,,,28.0,2003.0,0.0
2004-11-30,2005-02-04,a2150346zn-csr.txt,0001047469-05-002384,N-CSR,SEC-MORGAN-NDX,,May,May,,,31.0,2003.0,0.0
2004-11-30,2005-02-04,a2150346zn-csr.txt,0001047469-05-002384,N-CSR,SEC-MORGAN-NDX,,August,August,,,31.0,2003.0,0.0
2004-11-30,2005-02-04,a2150346zn-csr.txt,0001047469-05-002384,N-CSR,SEC-MORGAN-NDX,,NOVEMBER,NOVEMBER,,,30.0,2003.0,0.0
2004-11-30,2005-02-04,a2150346zn-csr.txt,0001047469-05-002384,N-CSR,SEC-MORGAN-NDX,,"STATEMENT OF CHANGES IN NET ASSETS FOR THE YEAR FOR THE YEAR ENDED ENDED NOVEMBER 30, 2004 NOVEMBER","STATEMENT OF CHANGES IN NET ASSETS FOR THE YEAR FOR THE YEAR ENDED ENDED NOVEMBER 30, 2004 NOVEMBER",,,30.0,2003.0,0.0
2004-11-30,2005-02-04,a2150346zn-csr.txt,0001047469-05-002384,N-CSR,SEC-MORGAN-NDX,,"FOR THE YEAR FOR THE YEAR ENDED ENDED NOVEMBER 30, 2004 NOVEMBER","FOR THE YEAR FOR THE YEAR ENDED ENDED NOVEMBER 30, 2004 NOVEMBER",,,30.0,2003.0,0.0
2004-11-30,2005-02-04,a2150346zn-csr.txt,0001047469-05-002384,N-CSR,SEC-MORGAN-NDX,,"Covered Entities include the Fund's investment adviser(s) and any entity controlling, controlled by or under common control with the Fund's investment adviser(s) that provides ongoing services to the Fund(s). Beginning with non-audit service contracts entered into on or after May","Covered Entities include the Fund's investment adviser(s) and any entity controlling, controlled by or under common control with the Fund's investment adviser(s) that provides ongoing services to the Fund(s). Beginning with non-audit service contracts entered into on or after May",,,6.0,2003.0,0.0
2004-11-30,2005-02-04,a2150346zn-csr.txt,0001047469-05-002384,N-CSR,SEC-MORGAN-NDX,,February,February,,,28.0,2002.0,0.0
2004-11-30,2005-02-04,a2150346zn-csr.txt,0001047469-05-002384,N-CSR,SEC-MORGAN-NDX,,May,May,,,31.0,2002.0,0.0
2004-11-30,2005-02-04,a2150346zn-csr.txt,0001047469-05-002384,N-CSR,SEC-MORGAN-NDX,,August,August,,,31.0,2002.0,0.0
2004-11-30,2005-02-04,a2150346zn-csr.txt,0001047469-05-002384,N-CSR,SEC-MORGAN-NDX,,NOVEMBER,NOVEMBER,,,30.0,2002.0,0.0
2004-11-30,2005-02-04,a2150346zn-csr.txt,0001047469-05-002384,N-CSR,SEC-MORGAN-NDX,,July,July,,,13.0,2001.0,0.0
2004-11-30,2005-02-04,a2150346zn-csr.txt,0001047469-05-002384,N-CSR,SEC-MORGAN-NDX,,August,August,,,31.0,2001.0,0.0
2004-11-30,2005-02-04,a2150346zn-csr.txt,0001047469-05-002384,N-CSR,SEC-MORGAN-NDX,,NOVEMBER,NOVEMBER,,,30.0,2001.0,0.0
2004-11-30,2005-02-04,a2150346zn-csr.txt,0001047469-05-002384,N-CSR,SEC-MORGAN-NDX,,Massachusetts business trust on April,Massachusetts business trust on April,,,10.0,2001.0,0.0
2004-11-30,2005-02-04,a2150346zn-csr.txt,0001047469-05-002384,N-CSR,SEC-MORGAN-NDX,,THROUGH 2004 2003 2002 NOVEMBER,THROUGH 2004 2003 2002 NOVEMBER,,,30.0,2001.0,0.0
2004-11-30,2005-02-04,a2150346zn-csr.txt,0001047469-05-002384,N-CSR,SEC-MORGAN-NDX,,Avenue of the Americas February,Avenue of the Americas February,,,1221.0,1997.0,0.0
2004-11-30,2005-02-04,a2150346zn-csr.txt,0001047469-05-002384,N-CSR,SEC-MORGAN-NDX,,"SUPPLEMENTAL DATA: Net assets, end of period, in thousands","SUPPLEMENTAL DATA: Net assets, end of period, in thousands",,,1857.0,1548.0,0.0
2004-12-31,2005-02-25,series.txt,0000935069-05-000289,N-Q,SEC-RYDEX-NDX,,Investment in Securities Lending Short Term Investment Portfolio Held by U.S. Bank,Investment in Securities Lending Short Term Investment Portfolio Held by U.S. Bank,,,313355074.0,313355074.0,0.0
2004-12-31,2005-02-25,series.txt,0000935069-05-000289,N-Q,SEC-RYDEX-NDX,,Microsoft Corp,Microsoft Corp,,,3597720.0,96095101.0,0.0
2004-12-31,2005-02-25,series.txt,0000935069-05-000289,N-Q,SEC-RYDEX-NDX,,"Qualcomm, Inc","Qualcomm, Inc",,,1633670.0,69267608.0,0.0
2004-12-31,2005-02-25,series.txt,0000935069-05-000289,N-Q,SEC-RYDEX-NDX,,"eBay, Inc.*+","eBay, Inc.*+",,,405350.0,47134098.0,0.0
2004-12-31,2005-02-25,series.txt,0000935069-05-000289,N-Q,SEC-RYDEX-NDX,,Intel Corp,Intel Corp,,,2001480.0,46814617.0,0.0
2004-12-31,2005-02-25,series.txt,0000935069-05-000289,N-Q,SEC-RYDEX-NDX,,"Cisco Systems, Inc.*+","Cisco Systems, Inc.*+",,,2206450.0,42584485.0,0.0
2004-12-31,2005-02-25,series.txt,0000935069-05-000289,N-Q,SEC-RYDEX-NDX,,"Dell, Inc.*+","Dell, Inc.*+",,,901860.0,38004380.0,0.0
2004-12-31,2005-02-25,series.txt,0000935069-05-000289,N-Q,SEC-RYDEX-NDX,,"Nextel Communications, Inc. - Class A","Nextel Communications, Inc. - Class A",,,1140770.0,34223100.0,0.0
2004-12-31,2005-02-25,series.txt,0000935069-05-000289,N-Q,SEC-RYDEX-NDX,,Oracle Corp,Oracle Corp,,,2231230.0,30612476.0,0.0
2004-12-31,2005-02-25,series.txt,0000935069-05-000289,N-Q,SEC-RYDEX-NDX,,Starbucks Corp.*+,Starbucks Corp.*+,,,465200.0,29009872.0,0.0
2004-12-31,2005-02-25,series.txt,0000935069-05-000289,N-Q,SEC-RYDEX-NDX,,"Apple Computer, Inc","Apple Computer, Inc",,,447220.0,28800968.0,0.0
2004-12-31,2005-02-25,series.txt,0000935069-05-000289,N-Q,SEC-RYDEX-NDX,,Comcast Corp. - Class A,Comcast Corp. - Class A,,,784380.0,26104167.0,0.0
2004-12-31,2005-02-25,series.txt,0000935069-05-000289,N-Q,SEC-RYDEX-NDX,,"Amgen, Inc.*+","Amgen, Inc.*+",,,403600.0,25890940.0,0.0
2004-12-31,2005-02-25,series.txt,0000935069-05-000289,N-Q,SEC-RYDEX-NDX,,"Yahoo!, Inc.*+","Yahoo!, Inc.*+",,,603440.0,22737619.0,0.0
2004-12-31,2005-02-25,series.txt,0000935069-05-000289,N-Q,SEC-RYDEX-NDX,,"Biogen Idec, Inc.*+","Biogen Idec, Inc.*+",,,305700.0,20362677.0,0.0
2004-12-31,2005-02-25,series.txt,0000935069-05-000289,N-Q,SEC-RYDEX-NDX,,"Maxim Integrated Products, Inc.+","Maxim Integrated Products, Inc.+",,,455580.0,19312036.0,0.0
2004-12-31,2005-02-25,series.txt,0000935069-05-000289,N-Q,SEC-RYDEX-NDX,,"Comverse Technology, Inc.*+","Comverse Technology, Inc.*+",,,767000.0,18753150.0,0.0
2004-12-31,2005-02-25,series.txt,0000935069-05-000289,N-Q,SEC-RYDEX-NDX,,"Electronic Arts, Inc.*+","Electronic Arts, Inc.*+",,,248490.0,15326863.0,0.0
2004-12-31,2005-02-25,series.txt,0000935069-05-000289,N-Q,SEC-RYDEX-NDX,,Genzyme Corp.*+,Genzyme Corp.*+,,,263900.0,15324673.0,0.0
2004-12-31,2005-02-25,series.txt,0000935069-05-000289,N-Q,SEC-RYDEX-NDX,,InterActiveCorp*+,InterActiveCorp*+,,,552350.0,15255907.0,0.0
2004-12-31,2005-02-25,series.txt,0000935069-05-000289,N-Q,SEC-RYDEX-NDX,,"Gilead Sciences, Inc.*+","Gilead Sciences, Inc.*+",,,421260.0,14739887.0,0.0
2004-12-31,2005-02-25,series.txt,0000935069-05-000289,N-Q,SEC-RYDEX-NDX,,"Adobe Systems, Inc.+","Adobe Systems, Inc.+",,,230140.0,14438984.0,0.0
2004-12-31,2005-02-25,series.txt,0000935069-05-000289,N-Q,SEC-RYDEX-NDX,,Symantec Corp.*+,Symantec Corp.*+,,,560250.0,14432040.0,0.0
2004-12-31,2005-02-25,series.txt,0000935069-05-000289,N-Q,SEC-RYDEX-NDX,,"Applied Materials, Inc.*+","Applied Materials, Inc.*+",,,834360.0,14267556.0,0.0
2004-12-31,2005-02-25,series.txt,0000935069-05-000289,N-Q,SEC-RYDEX-NDX,,due 01/03/05,due 01/03/05,,,13553629.0,13553629.0,0.0
2004-12-31,2005-02-25,series.txt,0000935069-05-000289,N-Q,SEC-RYDEX-NDX,,"Apollo Group, Inc. - Class A*+","Apollo Group, Inc. - Class A*+",,,166610.0,13447093.0,0.0
2004-12-31,2005-02-25,series.txt,0000935069-05-000289,N-Q,SEC-RYDEX-NDX,,"Staples, Inc.+","Staples, Inc.+",,,392790.0,13240951.0,0.0
2004-12-31,2005-02-25,series.txt,0000935069-05-000289,N-Q,SEC-RYDEX-NDX,,"Paccar, Inc.+","Paccar, Inc.+",,,160490.0,12916235.0,0.0
2004-12-31,2005-02-25,series.txt,0000935069-05-000289,N-Q,SEC-RYDEX-NDX,,Research In Motion Ltd.*+,Research In Motion Ltd.*+,,,156330.0,12884719.0,0.0
2004-12-31,2005-02-25,series.txt,0000935069-05-000289,N-Q,SEC-RYDEX-NDX,,due 01/03/05,due 01/03/05,,,11859426.0,11859426.0,0.0
2004-12-31,2005-02-25,series.txt,0000935069-05-000289,N-Q,SEC-RYDEX-NDX,,"Biomet, Inc","Biomet, Inc",,,267980.0,11627652.0,0.0
2004-12-31,2005-02-25,series.txt,0000935069-05-000289,N-Q,SEC-RYDEX-NDX,,"Amazon.com, Inc.*+","Amazon.com, Inc.*+",,,261810.0,11595565.0,0.0
2004-12-31,2005-02-25,series.txt,0000935069-05-000289,N-Q,SEC-RYDEX-NDX,,due 01/03/05,due 01/03/05,,,11482168.0,11482168.0,0.0
2004-12-31,2005-02-25,series.txt,0000935069-05-000289,N-Q,SEC-RYDEX-NDX,,"Bed Bath & Beyond, Inc.*+","Bed Bath & Beyond, Inc.*+",,,275350.0,10967190.0,0.0
2004-12-31,2005-02-25,series.txt,0000935069-05-000289,N-Q,SEC-RYDEX-NDX,,"Paychex, Inc.+","Paychex, Inc.+",,,320350.0,10917528.0,0.0
2004-12-31,2005-02-25,series.txt,0000935069-05-000289,N-Q,SEC-RYDEX-NDX,,Teva Pharmaceutical Industries Ltd. - SP ADR+,Teva Pharmaceutical Industries Ltd. - SP ADR+,,,363680.0,10859485.0,0.0
2004-12-31,2005-02-25,series.txt,0000935069-05-000289,N-Q,SEC-RYDEX-NDX,,"Xilinx, Inc.+","Xilinx, Inc.+",,,345510.0,10244372.0,0.0
2004-12-31,2005-02-25,series.txt,0000935069-05-000289,N-Q,SEC-RYDEX-NDX,,Veritas Software Corp,Veritas Software Corp,,,344660.0,9840043.0,0.0
2004-12-31,2005-02-25,series.txt,0000935069-05-000289,N-Q,SEC-RYDEX-NDX,,KLA-Tencor Corp,KLA-Tencor Corp,,,210220.0,9792048.0,0.0
2004-12-31,2005-02-25,series.txt,0000935069-05-000289,N-Q,SEC-RYDEX-NDX,,Lam Research Corp.*+,Lam Research Corp.*+,,,337700.0,9762907.0,0.0
2004-12-31,2005-02-25,series.txt,0000935069-05-000289,N-Q,SEC-RYDEX-NDX,,Costco Wholesale Corp.+,Costco Wholesale Corp.+,,,193090.0,9347487.0,0.0
2004-12-31,2005-02-25,series.txt,0000935069-05-000289,N-Q,SEC-RYDEX-NDX,,Broadcom Corp. - Class A*+,Broadcom Corp. - Class A*+,,,268670.0,8672668.0,0.0
2004-12-31,2005-02-25,series.txt,0000935069-05-000289,N-Q,SEC-RYDEX-NDX,,Mercury Interactive Corp.*+,Mercury Interactive Corp.*+,,,190270.0,8666798.0,0.0
2004-12-31,2005-02-25,series.txt,0000935069-05-000289,N-Q,SEC-RYDEX-NDX,,EchoStar Communications Corp.+,EchoStar Communications Corp.+,,,258410.0,8589548.0,0.0
2004-12-31,2005-02-25,series.txt,0000935069-05-000289,N-Q,SEC-RYDEX-NDX,,Kmart Holding Corp.*+,Kmart Holding Corp.*+,,,84990.0,8409761.0,0.0
2004-12-31,2005-02-25,series.txt,0000935069-05-000289,N-Q,SEC-RYDEX-NDX,,Altera Corp.*+,Altera Corp.*+,,,401890.0,8319123.0,0.0
2004-12-31,2005-02-25,series.txt,0000935069-05-000289,N-Q,SEC-RYDEX-NDX,,Chiron Corp,Chiron Corp,,,245590.0,8185514.0,0.0
2004-12-31,2005-02-25,series.txt,0000935069-05-000289,N-Q,SEC-RYDEX-NDX,,Cintas Corp.+,Cintas Corp.+,,,157790.0,6920670.0,0.0
2004-12-31,2005-02-25,series.txt,0000935069-05-000289,N-Q,SEC-RYDEX-NDX,,"Juniper Networks, Inc.*+","Juniper Networks, Inc.*+",,,253720.0,6898647.0,0.0
2004-12-31,2005-02-25,series.txt,0000935069-05-000289,N-Q,SEC-RYDEX-NDX,,Flextronics International Ltd.*+,Flextronics International Ltd.*+,,,491650.0,6794603.0,0.0
2004-12-31,2005-02-25,series.txt,0000935069-05-000289,N-Q,SEC-RYDEX-NDX,,"Whole Foods Market, Inc.+","Whole Foods Market, Inc.+",,,61330.0,5847815.0,0.0
2004-12-31,2005-02-25,series.txt,0000935069-05-000289,N-Q,SEC-RYDEX-NDX,,"Sun Microsystems, Inc","Sun Microsystems, Inc",,,1029470.0,5538549.0,0.0
2004-12-31,2005-02-25,series.txt,0000935069-05-000289,N-Q,SEC-RYDEX-NDX,,"Microchip Technology, Inc.+","Microchip Technology, Inc.+",,,207370.0,5528484.0,0.0
2004-12-31,2005-02-25,series.txt,0000935069-05-000289,N-Q,SEC-RYDEX-NDX,,Garmin Ltd.+,Garmin Ltd.+,,,88130.0,5361829.0,0.0
2004-12-31,2005-02-25,series.txt,0000935069-05-000289,N-Q,SEC-RYDEX-NDX,,"Express Scripts, Inc.*+","Express Scripts, Inc.*+",,,64100.0,4899804.0,0.0
2004-12-31,2005-02-25,series.txt,0000935069-05-000289,N-Q,SEC-RYDEX-NDX,,"Expeditors International Washington, Inc.+","Expeditors International Washington, Inc.+",,,86250.0,4819650.0,0.0
2004-12-31,2005-02-25,series.txt,0000935069-05-000289,N-Q,SEC-RYDEX-NDX,,"ATI Technologies, Inc","ATI Technologies, Inc",,,243570.0,4722822.0,0.0
2004-12-31,2005-02-25,series.txt,0000935069-05-000289,N-Q,SEC-RYDEX-NDX,,Check Point Software Technologies Ltd.*+,Check Point Software Technologies Ltd.*+,,,189140.0,4658518.0,0.0
2004-12-31,2005-02-25,series.txt,0000935069-05-000289,N-Q,SEC-RYDEX-NDX,,"DENTSPLY International, Inc","DENTSPLY International, Inc",,,81792.0,4596711.0,0.0
2004-12-31,2005-02-25,series.txt,0000935069-05-000289,N-Q,SEC-RYDEX-NDX,,"C.H. Robinson Worldwide, Inc.+","C.H. Robinson Worldwide, Inc.+",,,80820.0,4487126.0,0.0
2004-12-31,2005-02-25,series.txt,0000935069-05-000289,N-Q,SEC-RYDEX-NDX,,"Millennium Pharmaceuticals, Inc.*+","Millennium Pharmaceuticals, Inc.*+",,,370090.0,4485491.0,0.0
2004-12-31,2005-02-25,series.txt,0000935069-05-000289,N-Q,SEC-RYDEX-NDX,,Smurfit-Stone Container Corp.*+,Smurfit-Stone Container Corp.*+,,,237140.0,4429775.0,0.0
2004-12-31,2005-02-25,series.txt,0000935069-05-000289,N-Q,SEC-RYDEX-NDX,,"VeriSign, Inc.*+","VeriSign, Inc.*+",,,131810.0,4418271.0,0.0
2004-12-31,2005-02-25,series.txt,0000935069-05-000289,N-Q,SEC-RYDEX-NDX,,Cognizant Technology Solutions Corp,Cognizant Technology Solutions Corp,,,102020.0,4318507.0,0.0
2004-12-31,2005-02-25,series.txt,0000935069-05-000289,N-Q,SEC-RYDEX-NDX,,Fastenal Co.+,Fastenal Co.+,,,69180.0,4258721.0,0.0
2004-12-31,2005-02-25,series.txt,0000935069-05-000289,N-Q,SEC-RYDEX-NDX,,"Siebel Systems, Inc","Siebel Systems, Inc",,,383840.0,4030320.0,0.0
2004-12-31,2005-02-25,series.txt,0000935069-05-000289,N-Q,SEC-RYDEX-NDX,,"Petsmart, Inc.+","Petsmart, Inc.+",,,111970.0,3978294.0,0.0
2004-12-31,2005-02-25,series.txt,0000935069-05-000289,N-Q,SEC-RYDEX-NDX,,Invitrogen Corp.*+,Invitrogen Corp.*+,,,56400.0,3786132.0,0.0
2004-12-31,2005-02-25,series.txt,0000935069-05-000289,N-Q,SEC-RYDEX-NDX,,"Patterson Cos., Inc.*+","Patterson Cos., Inc.*+",,,87110.0,3779703.0,0.0
2004-12-31,2005-02-25,series.txt,0000935069-05-000289,N-Q,SEC-RYDEX-NDX,,Career Education Corp.*+,Career Education Corp.*+,,,91570.0,3662800.0,0.0
2004-12-31,2005-02-25,series.txt,0000935069-05-000289,N-Q,SEC-RYDEX-NDX,,"Novellus Systems, Inc.*+","Novellus Systems, Inc.*+",,,126890.0,3538962.0,0.0
2004-12-31,2005-02-25,series.txt,0000935069-05-000289,N-Q,SEC-RYDEX-NDX,,"Citrix Systems, Inc.*+","Citrix Systems, Inc.*+",,,143170.0,3511960.0,0.0
2004-12-31,2005-02-25,series.txt,0000935069-05-000289,N-Q,SEC-RYDEX-NDX,,Lamar Advertising Co.*+,Lamar Advertising Co.*+,,,81740.0,3496837.0,0.0
2004-12-31,2005-02-25,series.txt,0000935069-05-000289,N-Q,SEC-RYDEX-NDX,,"Lincare Holdings, Inc.*+","Lincare Holdings, Inc.*+",,,74370.0,3171880.0,0.0
2004-12-31,2005-02-25,series.txt,0000935069-05-000289,N-Q,SEC-RYDEX-NDX,,Sandisk Corp.*+,Sandisk Corp.*+,,,126400.0,3156208.0,0.0
2004-12-31,2005-02-25,series.txt,0000935069-05-000289,N-Q,SEC-RYDEX-NDX,,"Ross Stores, Inc.+","Ross Stores, Inc.+",,,107600.0,3106412.0,0.0
2004-12-31,2005-02-25,series.txt,0000935069-05-000289,N-Q,SEC-RYDEX-NDX,,American Power Conversion Corp.+,American Power Conversion Corp.+,,,143070.0,3061698.0,0.0
2004-12-31,2005-02-25,series.txt,0000935069-05-000289,N-Q,SEC-RYDEX-NDX,,Marvell Technology Group Ltd.*+,Marvell Technology Group Ltd.*+,,,81680.0,2897190.0,0.0
2004-12-31,2005-02-25,series.txt,0000935069-05-000289,N-Q,SEC-RYDEX-NDX,,QLogic Corp.*+,QLogic Corp.*+,,,77910.0,2861634.0,0.0
2004-12-31,2005-02-25,series.txt,0000935069-05-000289,N-Q,SEC-RYDEX-NDX,,"BEA Systems, Inc","BEA Systems, Inc",,,322490.0,2857261.0,0.0
2004-12-31,2005-02-25,series.txt,0000935069-05-000289,N-Q,SEC-RYDEX-NDX,,Sigma-Aldrich Corp.+,Sigma-Aldrich Corp.+,,,46570.0,2815622.0,0.0
2004-12-31,2005-02-25,series.txt,0000935069-05-000289,N-Q,SEC-RYDEX-NDX,,"Intuit, Inc.*+","Intuit, Inc.*+",,,63770.0,2806518.0,0.0
2004-12-31,2005-02-25,series.txt,0000935069-05-000289,N-Q,SEC-RYDEX-NDX,,Sanmina-SCI Corp,Sanmina-SCI Corp,,,331290.0,2806026.0,0.0
2004-12-31,2005-02-25,series.txt,0000935069-05-000289,N-Q,SEC-RYDEX-NDX,,"Medimmune, Inc.*+","Medimmune, Inc.*+",,,89670.0,2430954.0,0.0
2004-12-31,2005-02-25,series.txt,0000935069-05-000289,N-Q,SEC-RYDEX-NDX,,"Level 3 Communications, Inc.*+","Level 3 Communications, Inc.*+",,,557630.0,1890366.0,0.0
2004-12-31,2005-02-25,series.txt,0000935069-05-000289,N-Q,SEC-RYDEX-NDX,,"Tellabs, Inc.*+","Tellabs, Inc.*+",,,217390.0,1867380.0,0.0
2004-12-31,2005-02-25,series.txt,0000935069-05-000289,N-Q,SEC-RYDEX-NDX,,"Synopsys, Inc","Synopsys, Inc",,,83280.0,1633954.0,0.0
2004-12-31,2005-02-25,series.txt,0000935069-05-000289,N-Q,SEC-RYDEX-NDX,,Pixar*+,Pixar*+,,,16160.0,1383458.0,0.0
2004-12-31,2005-02-25,series.txt,0000935069-05-000289,N-Q,SEC-RYDEX-NDX,,"Dollar Tree Stores, Inc.*+","Dollar Tree Stores, Inc.*+",,,47390.0,1359145.0,0.0
2004-12-31,2005-02-25,series.txt,0000935069-05-000289,N-Q,SEC-RYDEX-NDX,,"Network Appliance, Inc.*+","Network Appliance, Inc.*+",,,35150.0,1167683.0,0.0
2004-12-31,2005-02-25,series.txt,0000935069-05-000289,N-Q,SEC-RYDEX-NDX,,Intersil Corp. - Class A,Intersil Corp. - Class A,,,65800.0,1101492.0,0.0
2004-12-31,2005-02-25,series.txt,0000935069-05-000289,N-Q,SEC-RYDEX-NDX,,Linear Technology Corp,Linear Technology Corp,,,27770.0,1076365.0,0.0
2004-12-31,2005-02-25,series.txt,0000935069-05-000289,N-Q,SEC-RYDEX-NDX,,JDS Uniphase Corp.*+,JDS Uniphase Corp.*+,,,334070.0,1059002.0,0.0
2004-12-31,2005-02-25,series.txt,0000935069-05-000289,N-Q,SEC-RYDEX-NDX,,"Contracts $47,523,000)","Contracts $47,523,000)",,,1460.0,458315.0,0.0
2005-02-28,2005-04-27,a05-6326_5nq.htm,0001104659-05-018402,N-Q,SEC-MORGAN-NDX,,Microsoft Corp,Microsoft Corp,,,148128.0,3729863.0,0.0
2005-02-28,2005-04-27,a05-6326_5nq.htm,0001104659-05-018402,N-Q,SEC-MORGAN-NDX,,QUALCOMM Inc,QUALCOMM Inc,,,78310.0,2827774.0,0.0
2005-02-28,2005-04-27,a05-6326_5nq.htm,0001104659-05-018402,N-Q,SEC-MORGAN-NDX,,Intel Corp,Intel Corp,,,87709.0,2103262.0,0.0
2005-02-28,2005-04-27,a05-6326_5nq.htm,0001104659-05-018402,N-Q,SEC-MORGAN-NDX,,"Apple Computer, Inc","Apple Computer, Inc",,,44430.0,1993130.0,0.0
2005-02-28,2005-04-27,a05-6326_5nq.htm,0001104659-05-018402,N-Q,SEC-MORGAN-NDX,,eBay Inc,eBay Inc,,,39170.0,1678043.0,0.0
2005-02-28,2005-04-27,a05-6326_5nq.htm,0001104659-05-018402,N-Q,SEC-MORGAN-NDX,,"Nextel Communications, Inc. (Class A)","Nextel Communications, Inc. (Class A)",,,55182.0,1624006.0,0.0
2005-02-28,2005-04-27,a05-6326_5nq.htm,0001104659-05-018402,N-Q,SEC-MORGAN-NDX,,"Cisco Systems, Inc","Cisco Systems, Inc",,,93191.0,1623387.0,0.0
2005-02-28,2005-04-27,a05-6326_5nq.htm,0001104659-05-018402,N-Q,SEC-MORGAN-NDX,,Dell Inc,Dell Inc,,,36205.0,1451458.0,0.0
2005-02-28,2005-04-27,a05-6326_5nq.htm,0001104659-05-018402,N-Q,SEC-MORGAN-NDX,,Amgen Inc,Amgen Inc,,,23451.0,1444816.0,0.0
2005-02-28,2005-04-27,a05-6326_5nq.htm,0001104659-05-018402,N-Q,SEC-MORGAN-NDX,,Comcast Corp. (Class A),Comcast Corp. (Class A),,,37700.0,1227135.0,0.0
2005-02-28,2005-04-27,a05-6326_5nq.htm,0001104659-05-018402,N-Q,SEC-MORGAN-NDX,,Starbucks Corp,Starbucks Corp,,,21889.0,1134069.0,0.0
2005-02-28,2005-04-27,a05-6326_5nq.htm,0001104659-05-018402,N-Q,SEC-MORGAN-NDX,,Oracle Corp,Oracle Corp,,,84709.0,1093593.0,0.0
2005-02-28,2005-04-27,a05-6326_5nq.htm,0001104659-05-018402,N-Q,SEC-MORGAN-NDX,,Yahoo! Inc,Yahoo! Inc,,,26180.0,844829.0,0.0
2005-02-28,2005-04-27,a05-6326_5nq.htm,0001104659-05-018402,N-Q,SEC-MORGAN-NDX,,Electronic Arts Inc,Electronic Arts Inc,,,12193.0,786327.0,0.0
2005-02-28,2005-04-27,a05-6326_5nq.htm,0001104659-05-018402,N-Q,SEC-MORGAN-NDX,,"Maxim Integrated Products, Inc","Maxim Integrated Products, Inc",,,18054.0,776683.0,0.0
2005-02-28,2005-04-27,a05-6326_5nq.htm,0001104659-05-018402,N-Q,SEC-MORGAN-NDX,,Genzyme Corp,Genzyme Corp,,,11864.0,665452.0,0.0
2005-02-28,2005-04-27,a05-6326_5nq.htm,0001104659-05-018402,N-Q,SEC-MORGAN-NDX,,Symantec Corp,Symantec Corp,,,29137.0,641305.0,0.0
2005-02-28,2005-04-27,a05-6326_5nq.htm,0001104659-05-018402,N-Q,SEC-MORGAN-NDX,,IAC/InterActiveCorp,IAC/InterActiveCorp,,,28402.0,639045.0,0.0
2005-02-28,2005-04-27,a05-6326_5nq.htm,0001104659-05-018402,N-Q,SEC-MORGAN-NDX,,Linear Technology Corp,Linear Technology Corp,,,16257.0,634998.0,0.0
2005-02-28,2005-04-27,a05-6326_5nq.htm,0001104659-05-018402,N-Q,SEC-MORGAN-NDX,,"Applied Materials, Inc","Applied Materials, Inc",,,34790.0,608825.0,0.0
2005-02-28,2005-04-27,a05-6326_5nq.htm,0001104659-05-018402,N-Q,SEC-MORGAN-NDX,,Bed Bath & Beyond Inc,Bed Bath & Beyond Inc,,,16031.0,601483.0,0.0
2005-02-28,2005-04-27,a05-6326_5nq.htm,0001104659-05-018402,N-Q,SEC-MORGAN-NDX,,"Gilead Sciences, Inc","Gilead Sciences, Inc",,,16889.0,583515.0,0.0
2005-02-28,2005-04-27,a05-6326_5nq.htm,0001104659-05-018402,N-Q,SEC-MORGAN-NDX,,"PACCAR, Inc","PACCAR, Inc",,,7714.0,580556.0,0.0
2005-02-28,2005-04-27,a05-6326_5nq.htm,0001104659-05-018402,N-Q,SEC-MORGAN-NDX,,"Adobe Systems, Inc","Adobe Systems, Inc",,,9264.0,572052.0,0.0
2005-02-28,2005-04-27,a05-6326_5nq.htm,0001104659-05-018402,N-Q,SEC-MORGAN-NDX,,"Biomet, Inc","Biomet, Inc",,,13503.0,570097.0,0.0
2005-02-28,2005-04-27,a05-6326_5nq.htm,0001104659-05-018402,N-Q,SEC-MORGAN-NDX,,Biogen Idec Inc,Biogen Idec Inc,,,14363.0,555130.0,0.0
2005-02-28,2005-04-27,a05-6326_5nq.htm,0001104659-05-018402,N-Q,SEC-MORGAN-NDX,,"Xilinx, Inc","Xilinx, Inc",,,18304.0,552781.0,0.0
2005-02-28,2005-04-27,a05-6326_5nq.htm,0001104659-05-018402,N-Q,SEC-MORGAN-NDX,,Teva Pharmaceutical Industries Ltd. (ADR) (Israel),Teva Pharmaceutical Industries Ltd. (ADR) (Israel),,,18220.0,548604.0,0.0
2005-02-28,2005-04-27,a05-6326_5nq.htm,0001104659-05-018402,N-Q,SEC-MORGAN-NDX,,"Apollo Group, Inc. (Class A)","Apollo Group, Inc. (Class A)",,,7422.0,546556.0,0.0
2005-02-28,2005-04-27,a05-6326_5nq.htm,0001104659-05-018402,N-Q,SEC-MORGAN-NDX,,Research In Motion Ltd. (Canada),Research In Motion Ltd. (Canada),,,7439.0,491792.0,0.0
2005-02-28,2005-04-27,a05-6326_5nq.htm,0001104659-05-018402,N-Q,SEC-MORGAN-NDX,,KLA-Tencor Corp,KLA-Tencor Corp,,,9383.0,463614.0,0.0
2005-02-28,2005-04-27,a05-6326_5nq.htm,0001104659-05-018402,N-Q,SEC-MORGAN-NDX,,Costco Wholesale Corp,Costco Wholesale Corp,,,9787.0,455976.0,0.0
2005-02-28,2005-04-27,a05-6326_5nq.htm,0001104659-05-018402,N-Q,SEC-MORGAN-NDX,,"Paychex, Inc","Paychex, Inc",,,14213.0,453821.0,0.0
2005-02-28,2005-04-27,a05-6326_5nq.htm,0001104659-05-018402,N-Q,SEC-MORGAN-NDX,,"Network Appliance, Inc","Network Appliance, Inc",,,14862.0,446009.0,0.0
2005-02-28,2005-04-27,a05-6326_5nq.htm,0001104659-05-018402,N-Q,SEC-MORGAN-NDX,,Altera Corp,Altera Corp,,,20742.0,430189.0,0.0
2005-02-28,2005-04-27,a05-6326_5nq.htm,0001104659-05-018402,N-Q,SEC-MORGAN-NDX,,"Staples, Inc","Staples, Inc",,,13249.0,417608.0,0.0
2005-02-28,2005-04-27,a05-6326_5nq.htm,0001104659-05-018402,N-Q,SEC-MORGAN-NDX,,VERITAS Software Corp,VERITAS Software Corp,,,17092.0,413968.0,0.0
2005-02-28,2005-04-27,a05-6326_5nq.htm,0001104659-05-018402,N-Q,SEC-MORGAN-NDX,,Intuit Inc,Intuit Inc,,,9338.0,399666.0,0.0
2005-02-28,2005-04-27,a05-6326_5nq.htm,0001104659-05-018402,N-Q,SEC-MORGAN-NDX,,"Amazon.com, Inc","Amazon.com, Inc",,,10733.0,377587.0,0.0
2005-02-28,2005-04-27,a05-6326_5nq.htm,0001104659-05-018402,N-Q,SEC-MORGAN-NDX,,Marvell Technology Group Ltd. (Bermuda),Marvell Technology Group Ltd. (Bermuda),,,10203.0,373328.0,0.0
2005-02-28,2005-04-27,a05-6326_5nq.htm,0001104659-05-018402,N-Q,SEC-MORGAN-NDX,,Chiron Corp,Chiron Corp,,,10351.0,368289.0,0.0
2005-02-28,2005-04-27,a05-6326_5nq.htm,0001104659-05-018402,N-Q,SEC-MORGAN-NDX,,"Fiserv, Inc","Fiserv, Inc",,,9692.0,367715.0,0.0
2005-02-28,2005-04-27,a05-6326_5nq.htm,0001104659-05-018402,N-Q,SEC-MORGAN-NDX,,Kmart Holding Corp,Kmart Holding Corp,,,3694.0,360054.0,0.0
2005-02-28,2005-04-27,a05-6326_5nq.htm,0001104659-05-018402,N-Q,SEC-MORGAN-NDX,,Cintas Corp,Cintas Corp,,,8158.0,357157.0,0.0
2005-02-28,2005-04-27,a05-6326_5nq.htm,0001104659-05-018402,N-Q,SEC-MORGAN-NDX,,Flextronics International Ltd. (Singapore),Flextronics International Ltd. (Singapore),,,24043.0,320974.0,0.0
2005-02-28,2005-04-27,a05-6326_5nq.htm,0001104659-05-018402,N-Q,SEC-MORGAN-NDX,,Broadcom Corp. (Class A),Broadcom Corp. (Class A),,,9766.0,314954.0,0.0
2005-02-28,2005-04-27,a05-6326_5nq.htm,0001104659-05-018402,N-Q,SEC-MORGAN-NDX,,MCI Inc,MCI Inc,,,13712.0,311948.0,0.0
2005-02-28,2005-04-27,a05-6326_5nq.htm,0001104659-05-018402,N-Q,SEC-MORGAN-NDX,,"Wynn Resorts, Ltd","Wynn Resorts, Ltd",,,4233.0,302956.0,0.0
2005-02-28,2005-04-27,a05-6326_5nq.htm,0001104659-05-018402,N-Q,SEC-MORGAN-NDX,,"Liberty Media International, Inc. (Class A)","Liberty Media International, Inc. (Class A)",,,7002.0,302696.0,0.0
2005-02-28,2005-04-27,a05-6326_5nq.htm,0001104659-05-018402,N-Q,SEC-MORGAN-NDX,,Sirius Satellite Radio Inc,Sirius Satellite Radio Inc,,,54181.0,301788.0,0.0
2005-02-28,2005-04-27,a05-6326_5nq.htm,0001104659-05-018402,N-Q,SEC-MORGAN-NDX,,"Juniper Networks, Inc","Juniper Networks, Inc",,,13996.0,301474.0,0.0
2005-02-28,2005-04-27,a05-6326_5nq.htm,0001104659-05-018402,N-Q,SEC-MORGAN-NDX,,"Autodesk, Inc","Autodesk, Inc",,,9543.0,283618.0,0.0
2005-02-28,2005-04-27,a05-6326_5nq.htm,0001104659-05-018402,N-Q,SEC-MORGAN-NDX,,XM Satellite Radio Holdings Inc. (Class A),XM Satellite Radio Holdings Inc. (Class A),,,8362.0,275612.0,0.0
2005-02-28,2005-04-27,a05-6326_5nq.htm,0001104659-05-018402,N-Q,SEC-MORGAN-NDX,,EchoStar Communications Corp. (Class A),EchoStar Communications Corp. (Class A),,,8835.0,262841.0,0.0
2005-02-28,2005-04-27,a05-6326_5nq.htm,0001104659-05-018402,N-Q,SEC-MORGAN-NDX,,"VeriSign, Inc","VeriSign, Inc",,,9514.0,260874.0,0.0
2005-02-28,2005-04-27,a05-6326_5nq.htm,0001104659-05-018402,N-Q,SEC-MORGAN-NDX,,Patterson Companies Inc,Patterson Companies Inc,,,5212.0,258619.0,0.0
2005-02-28,2005-04-27,a05-6326_5nq.htm,0001104659-05-018402,N-Q,SEC-MORGAN-NDX,,"MedImmune, Inc","MedImmune, Inc",,,10543.0,253875.0,0.0
2005-02-28,2005-04-27,a05-6326_5nq.htm,0001104659-05-018402,N-Q,SEC-MORGAN-NDX,,"Whole Foods Market, Inc","Whole Foods Market, Inc",,,2425.0,249339.0,0.0
2005-02-28,2005-04-27,a05-6326_5nq.htm,0001104659-05-018402,N-Q,SEC-MORGAN-NDX,,"NTL, Inc","NTL, Inc",,,3787.0,245738.0,0.0
2005-02-28,2005-04-27,a05-6326_5nq.htm,0001104659-05-018402,N-Q,SEC-MORGAN-NDX,,"Sun Microsystems, Inc","Sun Microsystems, Inc",,,57953.0,244562.0,0.0
2005-02-28,2005-04-27,a05-6326_5nq.htm,0001104659-05-018402,N-Q,SEC-MORGAN-NDX,,Cognizant Technology Solutions Corp. (Class A),Cognizant Technology Solutions Corp. (Class A),,,5133.0,242432.0,0.0
2005-02-28,2005-04-27,a05-6326_5nq.htm,0001104659-05-018402,N-Q,SEC-MORGAN-NDX,,"Expeditors International of Washington, Inc","Expeditors International of Washington, Inc",,,4144.0,230033.0,0.0
2005-02-28,2005-04-27,a05-6326_5nq.htm,0001104659-05-018402,N-Q,SEC-MORGAN-NDX,,Check Point Software Technologies Ltd. (Israel),Check Point Software Technologies Ltd. (Israel),,,10076.0,222982.0,0.0
2005-02-28,2005-04-27,a05-6326_5nq.htm,0001104659-05-018402,N-Q,SEC-MORGAN-NDX,,"Pixar, Inc","Pixar, Inc",,,2303.0,205957.0,0.0
2005-02-28,2005-04-27,a05-6326_5nq.htm,0001104659-05-018402,N-Q,SEC-MORGAN-NDX,,Garmin Ltd. (Cayman Islands),Garmin Ltd. (Cayman Islands),,,3973.0,203616.0,0.0
2005-02-28,2005-04-27,a05-6326_5nq.htm,0001104659-05-018402,N-Q,SEC-MORGAN-NDX,,"Express Scripts, Inc. (Class A)","Express Scripts, Inc. (Class A)",,,2686.0,202229.0,0.0
2005-02-28,2005-04-27,a05-6326_5nq.htm,0001104659-05-018402,N-Q,SEC-MORGAN-NDX,,"Siebel Systems, Inc","Siebel Systems, Inc",,,23580.0,201137.0,0.0
2005-02-28,2005-04-27,a05-6326_5nq.htm,0001104659-05-018402,N-Q,SEC-MORGAN-NDX,,CDW Corp,CDW Corp,,,3424.0,196777.0,0.0
2005-02-28,2005-04-27,a05-6326_5nq.htm,0001104659-05-018402,N-Q,SEC-MORGAN-NDX,,Telefonaktiebolaget LM Ericsson (ADR) (Sweden),Telefonaktiebolaget LM Ericsson (ADR) (Sweden),,,6532.0,191453.0,0.0
2005-02-28,2005-04-27,a05-6326_5nq.htm,0001104659-05-018402,N-Q,SEC-MORGAN-NDX,,"Comverse Technology, Inc","Comverse Technology, Inc",,,8128.0,188651.0,0.0
2005-02-28,2005-04-27,a05-6326_5nq.htm,0001104659-05-018402,N-Q,SEC-MORGAN-NDX,,Microchip Technology Inc,Microchip Technology Inc,,,6795.0,186591.0,0.0
2005-02-28,2005-04-27,a05-6326_5nq.htm,0001104659-05-018402,N-Q,SEC-MORGAN-NDX,,"C.H. Robinson Worldwide, Inc","C.H. Robinson Worldwide, Inc",,,3340.0,183032.0,0.0
2005-02-28,2005-04-27,a05-6326_5nq.htm,0001104659-05-018402,N-Q,SEC-MORGAN-NDX,,"Citrix Systems, Inc","Citrix Systems, Inc",,,7972.0,179370.0,0.0
2005-02-28,2005-04-27,a05-6326_5nq.htm,0001104659-05-018402,N-Q,SEC-MORGAN-NDX,,Lam Research Corp,Lam Research Corp,,,5575.0,175278.0,0.0
2005-02-28,2005-04-27,a05-6326_5nq.htm,0001104659-05-018402,N-Q,SEC-MORGAN-NDX,,"PETsMART, Inc","PETsMART, Inc",,,5725.0,174613.0,0.0
2005-02-28,2005-04-27,a05-6326_5nq.htm,0001104659-05-018402,N-Q,SEC-MORGAN-NDX,,ATI Technologies Inc. (Canada),ATI Technologies Inc. (Canada),,,9709.0,170296.0,0.0
2005-02-28,2005-04-27,a05-6326_5nq.htm,0001104659-05-018402,N-Q,SEC-MORGAN-NDX,,"DENTSPLY International, Inc","DENTSPLY International, Inc",,,3068.0,168648.0,0.0
2005-02-28,2005-04-27,a05-6326_5nq.htm,0001104659-05-018402,N-Q,SEC-MORGAN-NDX,,Fastenal Co,Fastenal Co,,,2873.0,167956.0,0.0
2005-02-28,2005-04-27,a05-6326_5nq.htm,0001104659-05-018402,N-Q,SEC-MORGAN-NDX,,American Power Conversion Corp,American Power Conversion Corp,,,7616.0,167704.0,0.0
2005-02-28,2005-04-27,a05-6326_5nq.htm,0001104659-05-018402,N-Q,SEC-MORGAN-NDX,,"Novellus Systems, Inc","Novellus Systems, Inc",,,5645.0,166725.0,0.0
2005-02-28,2005-04-27,a05-6326_5nq.htm,0001104659-05-018402,N-Q,SEC-MORGAN-NDX,,Smurfit-Stone Container Corp,Smurfit-Stone Container Corp,,,9867.0,164088.0,0.0
2005-02-28,2005-04-27,a05-6326_5nq.htm,0001104659-05-018402,N-Q,SEC-MORGAN-NDX,,Mercury Interactive Corp,Mercury Interactive Corp,,,3560.0,163333.0,0.0
2005-02-28,2005-04-27,a05-6326_5nq.htm,0001104659-05-018402,N-Q,SEC-MORGAN-NDX,,Sigma-Aldrich Corp,Sigma-Aldrich Corp,,,2627.0,161849.0,0.0
2005-02-28,2005-04-27,a05-6326_5nq.htm,0001104659-05-018402,N-Q,SEC-MORGAN-NDX,,"Ross Stores, Inc","Ross Stores, Inc",,,5754.0,161112.0,0.0
2005-02-28,2005-04-27,a05-6326_5nq.htm,0001104659-05-018402,N-Q,SEC-MORGAN-NDX,,SanDisk Corp,SanDisk Corp,,,5921.0,159157.0,0.0
2005-02-28,2005-04-27,a05-6326_5nq.htm,0001104659-05-018402,N-Q,SEC-MORGAN-NDX,,"Lincare Holdings, Inc","Lincare Holdings, Inc",,,3833.0,155543.0,0.0
2005-02-28,2005-04-27,a05-6326_5nq.htm,0001104659-05-018402,N-Q,SEC-MORGAN-NDX,,QLogic Corp,QLogic Corp,,,3737.0,150564.0,0.0
2005-02-28,2005-04-27,a05-6326_5nq.htm,0001104659-05-018402,N-Q,SEC-MORGAN-NDX,,Career Education Corp,Career Education Corp,,,4130.0,141040.0,0.0
2005-02-28,2005-04-27,a05-6326_5nq.htm,0001104659-05-018402,N-Q,SEC-MORGAN-NDX,,Invitrogen Corp,Invitrogen Corp,,,1910.0,133624.0,0.0
2005-02-28,2005-04-27,a05-6326_5nq.htm,0001104659-05-018402,N-Q,SEC-MORGAN-NDX,,Lamar Advertising Co. (Class A),Lamar Advertising Co. (Class A),,,3369.0,132368.0,0.0
2005-02-28,2005-04-27,a05-6326_5nq.htm,0001104659-05-018402,N-Q,SEC-MORGAN-NDX,,JDS Uniphase Corp,JDS Uniphase Corp,,,64958.0,123420.0,0.0
2005-02-28,2005-04-27,a05-6326_5nq.htm,0001104659-05-018402,N-Q,SEC-MORGAN-NDX,,"BEA Systems, Inc","BEA Systems, Inc",,,14851.0,123263.0,0.0
2005-02-28,2005-04-27,a05-6326_5nq.htm,0001104659-05-018402,N-Q,SEC-MORGAN-NDX,,Sanmina-SCI Corp,Sanmina-SCI Corp,,,22037.0,122305.0,0.0
2005-02-28,2005-04-27,a05-6326_5nq.htm,0001104659-05-018402,N-Q,SEC-MORGAN-NDX,,Long Nasdaq-100 Index March/2005,Long Nasdaq-100 Index March/2005,,,15.0,120675.0,0.0
2005-02-28,2005-04-27,a05-6326_5nq.htm,0001104659-05-018402,N-Q,SEC-MORGAN-NDX,,"Dollar Tree Stores, Inc","Dollar Tree Stores, Inc",,,4307.0,116074.0,0.0
2005-02-28,2005-04-27,a05-6326_5nq.htm,0001104659-05-018402,N-Q,SEC-MORGAN-NDX,,"Millennium Pharmaceuticals, Inc","Millennium Pharmaceuticals, Inc",,,13290.0,114294.0,0.0
2005-02-28,2005-04-27,a05-6326_5nq.htm,0001104659-05-018402,N-Q,SEC-MORGAN-NDX,,Intersil Corp. (Class A),Intersil Corp. (Class A),,,6019.0,101480.0,0.0
2005-02-28,2005-04-27,a05-6326_5nq.htm,0001104659-05-018402,N-Q,SEC-MORGAN-NDX,,Molex Inc,Molex Inc,,,3914.0,98359.0,0.0
2005-02-28,2005-04-27,a05-6326_5nq.htm,0001104659-05-018402,N-Q,SEC-MORGAN-NDX,,"Synopsys, Inc","Synopsys, Inc",,,5383.0,97432.0,0.0
2005-02-28,2005-04-27,a05-6326_5nq.htm,0001104659-05-018402,N-Q,SEC-MORGAN-NDX,,"Tellabs, Inc","Tellabs, Inc",,,9420.0,66788.0,0.0
2005-02-28,2005-04-27,a05-6326_5nq.htm,0001104659-05-018402,N-Q,SEC-MORGAN-NDX,,"Level 3 Communications, Inc","Level 3 Communications, Inc",,,26820.0,62491.0,0.0
2005-02-28,2005-04-27,a05-6326_5nq.htm,0001104659-05-018402,N-Q,SEC-MORGAN-NDX,,Long Nasdaq-100 E-Mini March/2005,Long Nasdaq-100 E-Mini March/2005,,,20.0,2277.0,0.0
2005-03-31,2005-06-08,form_ncsr.txt,0000935069-05-001610,N-CSR,SEC-RYDEX-NDX,,Investment in Securities Lending Short Term Investment Portfolio Held by U.S. Bank (Note 9),Investment in Securities Lending Short Term Investment Portfolio Held by U.S. Bank (Note 9),,,192617562.0,192617562.0,0.0
2005-03-31,2005-06-08,form_ncsr.txt,0000935069-05-001610,N-CSR,SEC-RYDEX-NDX,,Microsoft Corp,Microsoft Corp,,,2919880.0,70573500.0,0.0
2005-03-31,2005-06-08,form_ncsr.txt,0000935069-05-001610,N-CSR,SEC-RYDEX-NDX,,"Qualcomm, Inc","Qualcomm, Inc",,,1332650.0,48841622.0,0.0
2005-03-31,2005-06-08,form_ncsr.txt,0000935069-05-001610,N-CSR,SEC-RYDEX-NDX,,Intel Corp,Intel Corp,,,1631170.0,37892079.0,0.0
2005-03-31,2005-06-08,form_ncsr.txt,0000935069-05-001610,N-CSR,SEC-RYDEX-NDX,,"Cisco Systems, Inc","Cisco Systems, Inc",,,2016550.0,36076079.0,0.0
2005-03-31,2005-06-08,form_ncsr.txt,0000935069-05-001610,N-CSR,SEC-RYDEX-NDX,,"Apple Computer, Inc","Apple Computer, Inc",,,747050.0,31129574.0,0.0
2005-03-31,2005-06-08,form_ncsr.txt,0000935069-05-001610,N-CSR,SEC-RYDEX-NDX,,Comcast Corp. -- Class A*+,Comcast Corp. -- Class A*+,,,819230.0,27673589.0,0.0
2005-03-31,2005-06-08,form_ncsr.txt,0000935069-05-001610,N-CSR,SEC-RYDEX-NDX,,"Nextel Communications, Inc. -- Class A","Nextel Communications, Inc. -- Class A",,,923620.0,26249280.0,0.0
2005-03-31,2005-06-08,form_ncsr.txt,0000935069-05-001610,N-CSR,SEC-RYDEX-NDX,,"Dell, Inc","Dell, Inc",,,636190.0,24442420.0,0.0
2005-03-31,2005-06-08,form_ncsr.txt,0000935069-05-001610,N-CSR,SEC-RYDEX-NDX,,"eBay, Inc.*+","eBay, Inc.*+",,,638730.0,23799080.0,0.0
2005-03-31,2005-06-08,form_ncsr.txt,0000935069-05-001610,N-CSR,SEC-RYDEX-NDX,,"Amgen, Inc","Amgen, Inc",,,342240.0,19921791.0,0.0
2005-03-31,2005-06-08,form_ncsr.txt,0000935069-05-001610,N-CSR,SEC-RYDEX-NDX,,Starbucks Corp,Starbucks Corp,,,373360.0,19287778.0,0.0
2005-03-31,2005-06-08,form_ncsr.txt,0000935069-05-001610,N-CSR,SEC-RYDEX-NDX,,"Yahoo!, Inc.*+","Yahoo!, Inc.*+",,,527650.0,17887335.0,0.0
2005-03-31,2005-06-08,form_ncsr.txt,0000935069-05-001610,N-CSR,SEC-RYDEX-NDX,,Oracle Corp,Oracle Corp,,,1400690.0,17480611.0,0.0
2005-03-31,2005-06-08,form_ncsr.txt,0000935069-05-001610,N-CSR,SEC-RYDEX-NDX,,Sears Holdings Corp.*+,Sears Holdings Corp.*+,,,108730.0,14479574.0,0.0
2005-03-31,2005-06-08,form_ncsr.txt,0000935069-05-001610,N-CSR,SEC-RYDEX-NDX,,Broadcom Corp. -- Class A*+,Broadcom Corp. -- Class A*+,,,443800.0,13278496.0,0.0
2005-03-31,2005-06-08,form_ncsr.txt,0000935069-05-001610,N-CSR,SEC-RYDEX-NDX,,"Biogen Idec, Inc.*+","Biogen Idec, Inc.*+",,,347410.0,11989119.0,0.0
2005-03-31,2005-06-08,form_ncsr.txt,0000935069-05-001610,N-CSR,SEC-RYDEX-NDX,,Research In Motion Ltd.*+,Research In Motion Ltd.*+,,,145250.0,11100005.0,0.0
2005-03-31,2005-06-08,form_ncsr.txt,0000935069-05-001610,N-CSR,SEC-RYDEX-NDX,,Symantec Corp.*+,Symantec Corp.*+,,,493200.0,10519956.0,0.0
2005-03-31,2005-06-08,form_ncsr.txt,0000935069-05-001610,N-CSR,SEC-RYDEX-NDX,,"Adobe Systems, Inc.+","Adobe Systems, Inc.+",,,151470.0,10174240.0,0.0
2005-03-31,2005-06-08,form_ncsr.txt,0000935069-05-001610,N-CSR,SEC-RYDEX-NDX,,"Apollo Group, Inc. -- Class A*+","Apollo Group, Inc. -- Class A*+",,,132480.0,9811469.0,0.0
2005-03-31,2005-06-08,form_ncsr.txt,0000935069-05-001610,N-CSR,SEC-RYDEX-NDX,,"Maxim Integrated Products, Inc.+","Maxim Integrated Products, Inc.+",,,236390.0,9661259.0,0.0
2005-03-31,2005-06-08,form_ncsr.txt,0000935069-05-001610,N-CSR,SEC-RYDEX-NDX,,"Electronic Arts, Inc.*+","Electronic Arts, Inc.*+",,,180930.0,9368556.0,0.0
2005-03-31,2005-06-08,form_ncsr.txt,0000935069-05-001610,N-CSR,SEC-RYDEX-NDX,,Genzyme Corp,Genzyme Corp,,,162970.0,9328403.0,0.0
2005-03-31,2005-06-08,form_ncsr.txt,0000935069-05-001610,N-CSR,SEC-RYDEX-NDX,,"Paccar, Inc.+","Paccar, Inc.+",,,126880.0,9184843.0,0.0
2005-03-31,2005-06-08,form_ncsr.txt,0000935069-05-001610,N-CSR,SEC-RYDEX-NDX,,"Bed Bath & Beyond, Inc","Bed Bath & Beyond, Inc",,,238530.0,8715886.0,0.0
2005-03-31,2005-06-08,form_ncsr.txt,0000935069-05-001610,N-CSR,SEC-RYDEX-NDX,,InterActiveCorp*+,InterActiveCorp*+,,,385980.0,8595774.0,0.0
2005-03-31,2005-06-08,form_ncsr.txt,0000935069-05-001610,N-CSR,SEC-RYDEX-NDX,,Teva Pharmaceutical Industries Ltd. -- SP ADR+,Teva Pharmaceutical Industries Ltd. -- SP ADR+,,,274900.0,8521900.0,0.0
2005-03-31,2005-06-08,form_ncsr.txt,0000935069-05-001610,N-CSR,SEC-RYDEX-NDX,,"Amazon.com, Inc.*+","Amazon.com, Inc.*+",,,246910.0,8461606.0,0.0
2005-03-31,2005-06-08,form_ncsr.txt,0000935069-05-001610,N-CSR,SEC-RYDEX-NDX,,"Staples, Inc","Staples, Inc",,,263950.0,8295948.0,0.0
2005-03-31,2005-06-08,form_ncsr.txt,0000935069-05-001610,N-CSR,SEC-RYDEX-NDX,,"Applied Materials, Inc","Applied Materials, Inc",,,483660.0,7859475.0,0.0
2005-03-31,2005-06-08,form_ncsr.txt,0000935069-05-001610,N-CSR,SEC-RYDEX-NDX,,"Gilead Sciences, Inc","Gilead Sciences, Inc",,,218360.0,7817288.0,0.0
2005-03-31,2005-06-08,form_ncsr.txt,0000935069-05-001610,N-CSR,SEC-RYDEX-NDX,,"Juniper Networks, Inc.*+","Juniper Networks, Inc.*+",,,352150.0,7768429.0,0.0
2005-03-31,2005-06-08,form_ncsr.txt,0000935069-05-001610,N-CSR,SEC-RYDEX-NDX,,"Xilinx, Inc.+","Xilinx, Inc.+",,,265550.0,7762026.0,0.0
2005-03-31,2005-06-08,form_ncsr.txt,0000935069-05-001610,N-CSR,SEC-RYDEX-NDX,,KLA-Tencor Corp.*+,KLA-Tencor Corp.*+,,,165350.0,7607754.0,0.0
2005-03-31,2005-06-08,form_ncsr.txt,0000935069-05-001610,N-CSR,SEC-RYDEX-NDX,,Marvell Technology Group Ltd.*+,Marvell Technology Group Ltd.*+,,,190690.0,7311055.0,0.0
2005-03-31,2005-06-08,form_ncsr.txt,0000935069-05-001610,N-CSR,SEC-RYDEX-NDX,,Lam Research Corp.*+,Lam Research Corp.*+,,,247440.0,7141118.0,0.0
2005-03-31,2005-06-08,form_ncsr.txt,0000935069-05-001610,N-CSR,SEC-RYDEX-NDX,,"Network Appliance, Inc.*+","Network Appliance, Inc.*+",,,243990.0,6748763.0,0.0
2005-03-31,2005-06-08,form_ncsr.txt,0000935069-05-001610,N-CSR,SEC-RYDEX-NDX,,"Medimmune, Inc.*+","Medimmune, Inc.*+",,,279630.0,6657990.0,0.0
2005-03-31,2005-06-08,form_ncsr.txt,0000935069-05-001610,N-CSR,SEC-RYDEX-NDX,,"Express Scripts, Inc.*+","Express Scripts, Inc.*+",,,75020.0,6540994.0,0.0
2005-03-31,2005-06-08,form_ncsr.txt,0000935069-05-001610,N-CSR,SEC-RYDEX-NDX,,"DENTSPLY International, Inc","DENTSPLY International, Inc",,,115250.0,6270752.0,0.0
2005-03-31,2005-06-08,form_ncsr.txt,0000935069-05-001610,N-CSR,SEC-RYDEX-NDX,,Flextronics International Ltd.*+,Flextronics International Ltd.*+,,,512850.0,6174714.0,0.0
2005-03-31,2005-06-08,form_ncsr.txt,0000935069-05-001610,N-CSR,SEC-RYDEX-NDX,,Costco Wholesale Corp.+,Costco Wholesale Corp.+,,,138160.0,6103909.0,0.0
2005-03-31,2005-06-08,form_ncsr.txt,0000935069-05-001610,N-CSR,SEC-RYDEX-NDX,,"Paychex, Inc.+","Paychex, Inc.+",,,184840.0,6066449.0,0.0
2005-03-31,2005-06-08,form_ncsr.txt,0000935069-05-001610,N-CSR,SEC-RYDEX-NDX,,"Whole Foods Market, Inc.+","Whole Foods Market, Inc.+",,,56730.0,5793835.0,0.0
2005-03-31,2005-06-08,form_ncsr.txt,0000935069-05-001610,N-CSR,SEC-RYDEX-NDX,,"MCI, Inc","MCI, Inc",,,232270.0,5788169.0,0.0
2005-03-31,2005-06-08,form_ncsr.txt,0000935069-05-001610,N-CSR,SEC-RYDEX-NDX,,"Fiserv, Inc.*+","Fiserv, Inc.*+",,,145140.0,5776572.0,0.0
2005-03-31,2005-06-08,form_ncsr.txt,0000935069-05-001610,N-CSR,SEC-RYDEX-NDX,,Chiron Corp.*+,Chiron Corp.*+,,,163670.0,5738270.0,0.0
2005-03-31,2005-06-08,form_ncsr.txt,0000935069-05-001610,N-CSR,SEC-RYDEX-NDX,,Veritas Software Corp.*+,Veritas Software Corp.*+,,,243510.0,5654302.0,0.0
2005-03-31,2005-06-08,form_ncsr.txt,0000935069-05-001610,N-CSR,SEC-RYDEX-NDX,,Linear Technology Corp.+,Linear Technology Corp.+,,,145870.0,5588280.0,0.0
2005-03-31,2005-06-08,form_ncsr.txt,0000935069-05-001610,N-CSR,SEC-RYDEX-NDX,,"Biomet, Inc","Biomet, Inc",,,152580.0,5538654.0,0.0
2005-03-31,2005-06-08,form_ncsr.txt,0000935069-05-001610,N-CSR,SEC-RYDEX-NDX,,"Patterson Cos., Inc.*+","Patterson Cos., Inc.*+",,,106160.0,5302692.0,0.0
2005-03-31,2005-06-08,form_ncsr.txt,0000935069-05-001610,N-CSR,SEC-RYDEX-NDX,,"Liberty Media International, Inc. -- Class A*+","Liberty Media International, Inc. -- Class A*+",,,116890.0,5112769.0,0.0
2005-03-31,2005-06-08,form_ncsr.txt,0000935069-05-001610,N-CSR,SEC-RYDEX-NDX,,Wynn Resorts Ltd.*+,Wynn Resorts Ltd.*+,,,72200.0,4890828.0,0.0
2005-03-31,2005-06-08,form_ncsr.txt,0000935069-05-001610,N-CSR,SEC-RYDEX-NDX,,Cintas Corp.+,Cintas Corp.+,,,117390.0,4849381.0,0.0
2005-03-31,2005-06-08,form_ncsr.txt,0000935069-05-001610,N-CSR,SEC-RYDEX-NDX,,"Autodesk, Inc","Autodesk, Inc",,,161900.0,4818144.0,0.0
2005-03-31,2005-06-08,form_ncsr.txt,0000935069-05-001610,N-CSR,SEC-RYDEX-NDX,,"VeriSign, Inc.*+","VeriSign, Inc.*+",,,167820.0,4816434.0,0.0
2005-03-31,2005-06-08,form_ncsr.txt,0000935069-05-001610,N-CSR,SEC-RYDEX-NDX,,"Sirius Satellite Radio, Inc.*+","Sirius Satellite Radio, Inc.*+",,,801320.0,4503418.0,0.0
2005-03-31,2005-06-08,form_ncsr.txt,0000935069-05-001610,N-CSR,SEC-RYDEX-NDX,,EchoStar Communications Corp.+,EchoStar Communications Corp.+,,,138810.0,4060193.0,0.0
2005-03-31,2005-06-08,form_ncsr.txt,0000935069-05-001610,N-CSR,SEC-RYDEX-NDX,,"Expeditors International Washington, Inc.+","Expeditors International Washington, Inc.+",,,71220.0,3813831.0,0.0
2005-03-31,2005-06-08,form_ncsr.txt,0000935069-05-001610,N-CSR,SEC-RYDEX-NDX,,"Novellus Systems, Inc.*+","Novellus Systems, Inc.*+",,,141200.0,3774276.0,0.0
2005-03-31,2005-06-08,form_ncsr.txt,0000935069-05-001610,N-CSR,SEC-RYDEX-NDX,,"Millennium Pharmaceuticals, Inc.*+","Millennium Pharmaceuticals, Inc.*+",,,448160.0,3773507.0,0.0
2005-03-31,2005-06-08,form_ncsr.txt,0000935069-05-001610,N-CSR,SEC-RYDEX-NDX,,Invitrogen Corp.*+,Invitrogen Corp.*+,,,54130.0,3745796.0,0.0
2005-03-31,2005-06-08,form_ncsr.txt,0000935069-05-001610,N-CSR,SEC-RYDEX-NDX,,"Petsmart, Inc.+","Petsmart, Inc.+",,,128910.0,3706163.0,0.0
2005-03-31,2005-06-08,form_ncsr.txt,0000935069-05-001610,N-CSR,SEC-RYDEX-NDX,,"Citrix Systems, Inc.*+","Citrix Systems, Inc.*+",,,148670.0,3541319.0,0.0
2005-03-31,2005-06-08,form_ncsr.txt,0000935069-05-001610,N-CSR,SEC-RYDEX-NDX,,"Siebel Systems, Inc","Siebel Systems, Inc",,,386530.0,3529019.0,0.0
2005-03-31,2005-06-08,form_ncsr.txt,0000935069-05-001610,N-CSR,SEC-RYDEX-NDX,,Cognizant Technology Solutions Corp,Cognizant Technology Solutions Corp,,,75290.0,3478398.0,0.0
2005-03-31,2005-06-08,form_ncsr.txt,0000935069-05-001610,N-CSR,SEC-RYDEX-NDX,,"NTL, Inc.*+","NTL, Inc.*+",,,53970.0,3436270.0,0.0
2005-03-31,2005-06-08,form_ncsr.txt,0000935069-05-001610,N-CSR,SEC-RYDEX-NDX,,"ATI Technologies, Inc","ATI Technologies, Inc",,,192230.0,3317890.0,0.0
2005-03-31,2005-06-08,form_ncsr.txt,0000935069-05-001610,N-CSR,SEC-RYDEX-NDX,,"C.H. Robinson Worldwide, Inc.+","C.H. Robinson Worldwide, Inc.+",,,63600.0,3277308.0,0.0
2005-03-31,2005-06-08,form_ncsr.txt,0000935069-05-001610,N-CSR,SEC-RYDEX-NDX,,Sigma-Aldrich Corp.+,Sigma-Aldrich Corp.+,,,52030.0,3186837.0,0.0
2005-03-31,2005-06-08,form_ncsr.txt,0000935069-05-001610,N-CSR,SEC-RYDEX-NDX,,Garmin Ltd.+,Garmin Ltd.+,,,67240.0,3114557.0,0.0
2005-03-31,2005-06-08,form_ncsr.txt,0000935069-05-001610,N-CSR,SEC-RYDEX-NDX,,Fastenal Co.+,Fastenal Co.+,,,55990.0,3096807.0,0.0
2005-03-31,2005-06-08,form_ncsr.txt,0000935069-05-001610,N-CSR,SEC-RYDEX-NDX,,"Sun Microsystems, Inc.*+","Sun Microsystems, Inc.*+",,,729660.0,2947826.0,0.0
2005-03-31,2005-06-08,form_ncsr.txt,0000935069-05-001610,N-CSR,SEC-RYDEX-NDX,,American Power Conversion Corp.+,American Power Conversion Corp.+,,,112150.0,2928237.0,0.0
2005-03-31,2005-06-08,form_ncsr.txt,0000935069-05-001610,N-CSR,SEC-RYDEX-NDX,,Check Point Software Technologies Ltd,Check Point Software Technologies Ltd,,,129620.0,2817939.0,0.0
2005-03-31,2005-06-08,form_ncsr.txt,0000935069-05-001610,N-CSR,SEC-RYDEX-NDX,,Pixar*+,Pixar*+,,,27450.0,2677748.0,0.0
2005-03-31,2005-06-08,form_ncsr.txt,0000935069-05-001610,N-CSR,SEC-RYDEX-NDX,,"Comverse Technology, Inc.*+","Comverse Technology, Inc.*+",,,105380.0,2657684.0,0.0
2005-03-31,2005-06-08,form_ncsr.txt,0000935069-05-001610,N-CSR,SEC-RYDEX-NDX,,Smurfit-Stone Container Corp.*+,Smurfit-Stone Container Corp.*+,,,168650.0,2609016.0,0.0
2005-03-31,2005-06-08,form_ncsr.txt,0000935069-05-001610,N-CSR,SEC-RYDEX-NDX,,Career Education Corp,Career Education Corp,,,75990.0,2603417.0,0.0
2005-03-31,2005-06-08,form_ncsr.txt,0000935069-05-001610,N-CSR,SEC-RYDEX-NDX,,"Intuit, Inc.*+","Intuit, Inc.*+",,,58700.0,2569299.0,0.0
2005-03-31,2005-06-08,form_ncsr.txt,0000935069-05-001610,N-CSR,SEC-RYDEX-NDX,,"Dollar Tree Stores, Inc.*+","Dollar Tree Stores, Inc.*+",,,86740.0,2492040.0,0.0
2005-03-31,2005-06-08,form_ncsr.txt,0000935069-05-001610,N-CSR,SEC-RYDEX-NDX,,QLogic Corp.*+,QLogic Corp.*+,,,57740.0,2338470.0,0.0
2005-03-31,2005-06-08,form_ncsr.txt,0000935069-05-001610,N-CSR,SEC-RYDEX-NDX,,"Ross Stores, Inc.+","Ross Stores, Inc.+",,,79450.0,2315173.0,0.0
2005-03-31,2005-06-08,form_ncsr.txt,0000935069-05-001610,N-CSR,SEC-RYDEX-NDX,,Lamar Advertising Co,Lamar Advertising Co,,,55960.0,2254628.0,0.0
2005-03-31,2005-06-08,form_ncsr.txt,0000935069-05-001610,N-CSR,SEC-RYDEX-NDX,,"Microchip Technology, Inc","Microchip Technology, Inc",,,83510.0,2172095.0,0.0
2005-03-31,2005-06-08,form_ncsr.txt,0000935069-05-001610,N-CSR,SEC-RYDEX-NDX,,2.63% due 04/01/05,2.63% due 04/01/05,,,1995730.0,1995730.0,0.0
2005-03-31,2005-06-08,form_ncsr.txt,0000935069-05-001610,N-CSR,SEC-RYDEX-NDX,,2.55% due 04/01/05,2.55% due 04/01/05,,,1672611.0,1672611.0,0.0
2005-03-31,2005-06-08,form_ncsr.txt,0000935069-05-001610,N-CSR,SEC-RYDEX-NDX,,"BEA Systems, Inc","BEA Systems, Inc",,,207320.0,1652340.0,0.0
2005-03-31,2005-06-08,form_ncsr.txt,0000935069-05-001610,N-CSR,SEC-RYDEX-NDX,,Mercury Interactive Corp.*+,Mercury Interactive Corp.*+,,,33310.0,1578228.0,0.0
2005-03-31,2005-06-08,form_ncsr.txt,0000935069-05-001610,N-CSR,SEC-RYDEX-NDX,,Telefonaktiebolaget LM Ericsson -- SP ADR*+,Telefonaktiebolaget LM Ericsson -- SP ADR*+,,,53990.0,1522518.0,0.0
2005-03-31,2005-06-08,form_ncsr.txt,0000935069-05-001610,N-CSR,SEC-RYDEX-NDX,,2.60% due 04/01/05,2.60% due 04/01/05,,,1496797.0,1496797.0,0.0
2005-03-31,2005-06-08,form_ncsr.txt,0000935069-05-001610,N-CSR,SEC-RYDEX-NDX,,2.57% due 04/01/05,2.57% due 04/01/05,,,1496797.0,1496797.0,0.0
2005-03-31,2005-06-08,form_ncsr.txt,0000935069-05-001610,N-CSR,SEC-RYDEX-NDX,,Sanmina-SCI Corp,Sanmina-SCI Corp,,,286220.0,1494068.0,0.0
2005-03-31,2005-06-08,form_ncsr.txt,0000935069-05-001610,N-CSR,SEC-RYDEX-NDX,,"Level 3 Communications, Inc.*+","Level 3 Communications, Inc.*+",,,436770.0,899746.0,0.0
2005-03-31,2005-06-08,form_ncsr.txt,0000935069-05-001610,N-CSR,SEC-RYDEX-NDX,,"Molex, Inc","Molex, Inc",,,33800.0,890968.0,0.0
2005-03-31,2005-06-08,form_ncsr.txt,0000935069-05-001610,N-CSR,SEC-RYDEX-NDX,,Intersil Corp. -- Class A,Intersil Corp. -- Class A,,,50410.0,873101.0,0.0
2005-03-31,2005-06-08,form_ncsr.txt,0000935069-05-001610,N-CSR,SEC-RYDEX-NDX,,"Synopsys, Inc.*+","Synopsys, Inc.*+",,,46940.0,849614.0,0.0
2005-03-31,2005-06-08,form_ncsr.txt,0000935069-05-001610,N-CSR,SEC-RYDEX-NDX,,"XM Satellite Radio Holdings, Inc.*+","XM Satellite Radio Holdings, Inc.*+",,,25730.0,810495.0,0.0
2005-03-31,2005-06-08,form_ncsr.txt,0000935069-05-001610,N-CSR,SEC-RYDEX-NDX,,Altera Corp,Altera Corp,,,40950.0,809991.0,0.0
2005-03-31,2005-06-08,form_ncsr.txt,0000935069-05-001610,N-CSR,SEC-RYDEX-NDX,,JDS Uniphase Corp.*+,JDS Uniphase Corp.*+,,,444810.0,742833.0,0.0
2005-03-31,2005-06-08,form_ncsr.txt,0000935069-05-001610,N-CSR,SEC-RYDEX-NDX,,"Contracts $6,560,400)","Contracts $6,560,400)",,,220.0,46468.0,0.0
2005-03-31,2005-06-08,form_ncsr.txt,0000935069-05-001610,N-CSR,SEC-RYDEX-NDX,,* NON-INCOME PRODUCING SECURITY. + ALL OR A PORTION OF THIS SECURITY IS ON LOAN AT MARCH,* NON-INCOME PRODUCING SECURITY. + ALL OR A PORTION OF THIS SECURITY IS ON LOAN AT MARCH,,,31.0,2005.0,0.0
2005-05-31,2005-08-02,a2160815zn-csrs.txt,0001047469-05-020454,N-CSRS,SEC-MORGAN-NDX,,"27, RESPECTIVELY)","27, RESPECTIVELY)",,,52288298.0,56707071.0,0.0
2005-05-31,2005-08-02,a2160815zn-csrs.txt,0001047469-05-020454,N-CSRS,SEC-MORGAN-NDX,,NET ASSETS: Beginning of period,NET ASSETS: Beginning of period,,,56707071.0,51013086.0,0.0
2005-05-31,2005-08-02,a2160815zn-csrs.txt,0001047469-05-020454,N-CSRS,SEC-MORGAN-NDX,,Net increase -- Class A,Net increase -- Class A,,,604105.0,5059897.0,0.0
2005-05-31,2005-08-02,a2160815zn-csrs.txt,0001047469-05-020454,N-CSRS,SEC-MORGAN-NDX,,Sold,Sold,,,498753.0,4284491.0,0.0
2005-05-31,2005-08-02,a2160815zn-csrs.txt,0001047469-05-020454,N-CSRS,SEC-MORGAN-NDX,,Microsoft Corp,Microsoft Corp,,,144898.0,3738368.0,0.0
2005-05-31,2005-08-02,a2160815zn-csrs.txt,0001047469-05-020454,N-CSRS,SEC-MORGAN-NDX,,"QUALCOMM, Inc","QUALCOMM, Inc",,,76808.0,2861866.0,0.0
2005-05-31,2005-08-02,a2160815zn-csrs.txt,0001047469-05-020454,N-CSRS,SEC-MORGAN-NDX,,Sold,Sold,,,331988.0,2819370.0,0.0
2005-05-31,2005-08-02,a2160815zn-csrs.txt,0001047469-05-020454,N-CSRS,SEC-MORGAN-NDX,,Conversion from Class B,Conversion from Class B,,,322876.0,2623404.0,0.0
2005-05-31,2005-08-02,a2160815zn-csrs.txt,0001047469-05-020454,N-CSRS,SEC-MORGAN-NDX,,Intel Corp,Intel Corp,,,84376.0,2272246.0,0.0
2005-05-31,2005-08-02,a2160815zn-csrs.txt,0001047469-05-020454,N-CSRS,SEC-MORGAN-NDX,,"Apple Computer, Inc","Apple Computer, Inc",,,44104.0,1751370.0,0.0
2005-05-31,2005-08-02,a2160815zn-csrs.txt,0001047469-05-020454,N-CSRS,SEC-MORGAN-NDX,,"Cisco Systems, Inc","Cisco Systems, Inc",,,89362.0,1731836.0,0.0
2005-05-31,2005-08-02,a2160815zn-csrs.txt,0001047469-05-020454,N-CSRS,SEC-MORGAN-NDX,,"eBay, Inc","eBay, Inc",,,38811.0,1475206.0,0.0
2005-05-31,2005-08-02,a2160815zn-csrs.txt,0001047469-05-020454,N-CSRS,SEC-MORGAN-NDX,,Amgen Inc,Amgen Inc,,,22725.0,1422130.0,0.0
2005-05-31,2005-08-02,a2160815zn-csrs.txt,0001047469-05-020454,N-CSRS,SEC-MORGAN-NDX,,"Dell, Inc","Dell, Inc",,,35005.0,1396349.0,0.0
2005-05-31,2005-08-02,a2160815zn-csrs.txt,0001047469-05-020454,N-CSRS,SEC-MORGAN-NDX,,"Net increase (decrease) in Fund (385,643) $ (3,045,622)","Net increase (decrease) in Fund (385,643) $ (3,045,622)",,,117562.0,1275419.0,0.0
2005-05-31,2005-08-02,a2160815zn-csrs.txt,0001047469-05-020454,N-CSRS,SEC-MORGAN-NDX,,Comcast Corp. (Class A),Comcast Corp. (Class A),,,36843.0,1186345.0,0.0
2005-05-31,2005-08-02,a2160815zn-csrs.txt,0001047469-05-020454,N-CSRS,SEC-MORGAN-NDX,,Starbucks Corp,Starbucks Corp,,,21501.0,1177180.0,0.0
2005-05-31,2005-08-02,a2160815zn-csrs.txt,0001047469-05-020454,N-CSRS,SEC-MORGAN-NDX,,Oracle Corp,Oracle Corp,,,84301.0,1080739.0,0.0
2005-05-31,2005-08-02,a2160815zn-csrs.txt,0001047469-05-020454,N-CSRS,SEC-MORGAN-NDX,,"Yahoo!, Inc","Yahoo!, Inc",,,25760.0,958272.0,0.0
2005-05-31,2005-08-02,a2160815zn-csrs.txt,0001047469-05-020454,N-CSRS,SEC-MORGAN-NDX,,Sears Holdings Corp,Sears Holdings Corp,,,6242.0,915701.0,0.0
2005-05-31,2005-08-02,a2160815zn-csrs.txt,0001047469-05-020454,N-CSRS,SEC-MORGAN-NDX,,Sold,Sold,,,105507.0,899622.0,0.0
2005-05-31,2005-08-02,a2160815zn-csrs.txt,0001047469-05-020454,N-CSRS,SEC-MORGAN-NDX,,"Net increase (decrease) -- Class C (5,524) (38,120)","Net increase (decrease) -- Class C (5,524) (38,120)",,,104414.0,876373.0,0.0
2005-05-31,2005-08-02,a2160815zn-csrs.txt,0001047469-05-020454,N-CSRS,SEC-MORGAN-NDX,,Genzyme Corp,Genzyme Corp,,,12071.0,753110.0,0.0
2005-05-31,2005-08-02,a2160815zn-csrs.txt,0001047469-05-020454,N-CSRS,SEC-MORGAN-NDX,,"Maxim Integrated Products, Inc","Maxim Integrated Products, Inc",,,17715.0,697971.0,0.0
2005-05-31,2005-08-02,a2160815zn-csrs.txt,0001047469-05-020454,N-CSRS,SEC-MORGAN-NDX,,IAC/InterActiveCorp,IAC/InterActiveCorp,,,27744.0,679728.0,0.0
2005-05-31,2005-08-02,a2160815zn-csrs.txt,0001047469-05-020454,N-CSRS,SEC-MORGAN-NDX,,"Gilead Sciences, Inc","Gilead Sciences, Inc",,,16497.0,673078.0,0.0
2005-05-31,2005-08-02,a2160815zn-csrs.txt,0001047469-05-020454,N-CSRS,SEC-MORGAN-NDX,,Symantec Corp,Symantec Corp,,,28710.0,649133.0,0.0
2005-05-31,2005-08-02,a2160815zn-csrs.txt,0001047469-05-020454,N-CSRS,SEC-MORGAN-NDX,,Bed Bath & Beyond Inc,Bed Bath & Beyond Inc,,,15747.0,640115.0,0.0
2005-05-31,2005-08-02,a2160815zn-csrs.txt,0001047469-05-020454,N-CSRS,SEC-MORGAN-NDX,,"Electronic Arts, Inc","Electronic Arts, Inc",,,12012.0,631110.0,0.0
2005-05-31,2005-08-02,a2160815zn-csrs.txt,0001047469-05-020454,N-CSRS,SEC-MORGAN-NDX,,"Adobe Systems, Inc","Adobe Systems, Inc",,,18528.0,612536.0,0.0
2005-05-31,2005-08-02,a2160815zn-csrs.txt,0001047469-05-020454,N-CSRS,SEC-MORGAN-NDX,,Linear Technology Corp,Linear Technology Corp,,,15882.0,595098.0,0.0
2005-05-31,2005-08-02,a2160815zn-csrs.txt,0001047469-05-020454,N-CSRS,SEC-MORGAN-NDX,,"Apollo Group, Inc. (Class A)","Apollo Group, Inc. (Class A)",,,7206.0,565671.0,0.0
2005-05-31,2005-08-02,a2160815zn-csrs.txt,0001047469-05-020454,N-CSRS,SEC-MORGAN-NDX,,Biogen Idec Inc,Biogen Idec Inc,,,14031.0,548612.0,0.0
2005-05-31,2005-08-02,a2160815zn-csrs.txt,0001047469-05-020454,N-CSRS,SEC-MORGAN-NDX,,"Applied Materials, Inc","Applied Materials, Inc",,,33376.0,547700.0,0.0
2005-05-31,2005-08-02,a2160815zn-csrs.txt,0001047469-05-020454,N-CSRS,SEC-MORGAN-NDX,,"PACCAR, Inc","PACCAR, Inc",,,7534.0,533031.0,0.0
2005-05-31,2005-08-02,a2160815zn-csrs.txt,0001047469-05-020454,N-CSRS,SEC-MORGAN-NDX,,"Xilinx, Inc","Xilinx, Inc",,,17890.0,496447.0,0.0
2005-05-31,2005-08-02,a2160815zn-csrs.txt,0001047469-05-020454,N-CSRS,SEC-MORGAN-NDX,,"Biomet, Inc","Biomet, Inc",,,13166.0,496226.0,0.0
2005-05-31,2005-08-02,a2160815zn-csrs.txt,0001047469-05-020454,N-CSRS,SEC-MORGAN-NDX,,Altera Corp,Altera Corp,,,20262.0,449614.0,0.0
2005-05-31,2005-08-02,a2160815zn-csrs.txt,0001047469-05-020454,N-CSRS,SEC-MORGAN-NDX,,Costco Wholesale Corp,Costco Wholesale Corp,,,9628.0,437304.0,0.0
2005-05-31,2005-08-02,a2160815zn-csrs.txt,0001047469-05-020454,N-CSRS,SEC-MORGAN-NDX,,"Network Appliance, Inc","Network Appliance, Inc",,,14815.0,426079.0,0.0
2005-05-31,2005-08-02,a2160815zn-csrs.txt,0001047469-05-020454,N-CSRS,SEC-MORGAN-NDX,,KLA-Tencor Corp,KLA-Tencor Corp,,,9217.0,418544.0,0.0
2005-05-31,2005-08-02,a2160815zn-csrs.txt,0001047469-05-020454,N-CSRS,SEC-MORGAN-NDX,,VERITAS Software Corp,VERITAS Software Corp,,,16733.0,416150.0,0.0
2005-05-31,2005-08-02,a2160815zn-csrs.txt,0001047469-05-020454,N-CSRS,SEC-MORGAN-NDX,,"Staples, Inc","Staples, Inc",,,19309.0,415723.0,0.0
2005-05-31,2005-08-02,a2160815zn-csrs.txt,0001047469-05-020454,N-CSRS,SEC-MORGAN-NDX,,"Fiserv, Inc","Fiserv, Inc",,,9369.0,402867.0,0.0
2005-05-31,2005-08-02,a2160815zn-csrs.txt,0001047469-05-020454,N-CSRS,SEC-MORGAN-NDX,,"Paychex, Inc","Paychex, Inc",,,13889.0,401114.0,0.0
2005-05-31,2005-08-02,a2160815zn-csrs.txt,0001047469-05-020454,N-CSRS,SEC-MORGAN-NDX,,Intuit Inc,Intuit Inc,,,9038.0,390622.0,0.0
2005-05-31,2005-08-02,a2160815zn-csrs.txt,0001047469-05-020454,N-CSRS,SEC-MORGAN-NDX,,Chiron Corp,Chiron Corp,,,10112.0,379604.0,0.0
2005-05-31,2005-08-02,a2160815zn-csrs.txt,0001047469-05-020454,N-CSRS,SEC-MORGAN-NDX,,"Amazon.com, Inc","Amazon.com, Inc",,,10527.0,373814.0,0.0
2005-05-31,2005-08-02,a2160815zn-csrs.txt,0001047469-05-020454,N-CSRS,SEC-MORGAN-NDX,,"Autodesk, Inc","Autodesk, Inc",,,9253.0,366234.0,0.0
2005-05-31,2005-08-02,a2160815zn-csrs.txt,0001047469-05-020454,N-CSRS,SEC-MORGAN-NDX,,"Juniper Networks, Inc","Juniper Networks, Inc",,,13827.0,354524.0,0.0
2005-05-31,2005-08-02,a2160815zn-csrs.txt,0001047469-05-020454,N-CSRS,SEC-MORGAN-NDX,,MCI Inc,MCI Inc,,,13543.0,346972.0,0.0
2005-05-31,2005-08-02,a2160815zn-csrs.txt,0001047469-05-020454,N-CSRS,SEC-MORGAN-NDX,,Broadcom Corp. (Class A),Broadcom Corp. (Class A),,,9642.0,342195.0,0.0
2005-05-31,2005-08-02,a2160815zn-csrs.txt,0001047469-05-020454,N-CSRS,SEC-MORGAN-NDX,,Cintas Corp,Cintas Corp,,,7972.0,321830.0,0.0
2005-05-31,2005-08-02,a2160815zn-csrs.txt,0001047469-05-020454,N-CSRS,SEC-MORGAN-NDX,,Sirius Satellite Radio Inc,Sirius Satellite Radio Inc,,,52926.0,319673.0,0.0
2005-05-31,2005-08-02,a2160815zn-csrs.txt,0001047469-05-020454,N-CSRS,SEC-MORGAN-NDX,,"VeriSign, Inc","VeriSign, Inc",,,9243.0,299011.0,0.0
2005-05-31,2005-08-02,a2160815zn-csrs.txt,0001047469-05-020454,N-CSRS,SEC-MORGAN-NDX,,"Whole Foods Market, Inc","Whole Foods Market, Inc",,,2446.0,291025.0,0.0
2005-05-31,2005-08-02,a2160815zn-csrs.txt,0001047469-05-020454,N-CSRS,SEC-MORGAN-NDX,,"MedImmune, Inc","MedImmune, Inc",,,10299.0,271894.0,0.0
2005-05-31,2005-08-02,a2160815zn-csrs.txt,0001047469-05-020454,N-CSRS,SEC-MORGAN-NDX,,"NTL, Inc","NTL, Inc",,,3700.0,237836.0,0.0
2005-05-31,2005-08-02,a2160815zn-csrs.txt,0001047469-05-020454,N-CSRS,SEC-MORGAN-NDX,,"Pixar, Inc","Pixar, Inc",,,4500.0,237285.0,0.0
2005-05-31,2005-08-02,a2160815zn-csrs.txt,0001047469-05-020454,N-CSRS,SEC-MORGAN-NDX,,"Express Scripts, Inc. (Class A)","Express Scripts, Inc. (Class A)",,,2534.0,234116.0,0.0
2005-05-31,2005-08-02,a2160815zn-csrs.txt,0001047469-05-020454,N-CSRS,SEC-MORGAN-NDX,,"Patterson Companies, Inc","Patterson Companies, Inc",,,5099.0,231444.0,0.0
2005-05-31,2005-08-02,a2160815zn-csrs.txt,0001047469-05-020454,N-CSRS,SEC-MORGAN-NDX,,"Sun Microsystems, Inc","Sun Microsystems, Inc",,,56859.0,216633.0,0.0
2005-05-31,2005-08-02,a2160815zn-csrs.txt,0001047469-05-020454,N-CSRS,SEC-MORGAN-NDX,,"Siebel Systems, Inc","Siebel Systems, Inc",,,23069.0,212696.0,0.0
2005-05-31,2005-08-02,a2160815zn-csrs.txt,0001047469-05-020454,N-CSRS,SEC-MORGAN-NDX,,Microchip Technology Inc,Microchip Technology Inc,,,6667.0,197610.0,0.0
2005-05-31,2005-08-02,a2160815zn-csrs.txt,0001047469-05-020454,N-CSRS,SEC-MORGAN-NDX,,"Citrix Systems, Inc","Citrix Systems, Inc",,,7788.0,195946.0,0.0
2005-05-31,2005-08-02,a2160815zn-csrs.txt,0001047469-05-020454,N-CSRS,SEC-MORGAN-NDX,,CDW Corp,CDW Corp,,,3344.0,194554.0,0.0
2005-05-31,2005-08-02,a2160815zn-csrs.txt,0001047469-05-020454,N-CSRS,SEC-MORGAN-NDX,,"Wynn Resorts, Ltd","Wynn Resorts, Ltd",,,4135.0,193725.0,0.0
2005-05-31,2005-08-02,a2160815zn-csrs.txt,0001047469-05-020454,N-CSRS,SEC-MORGAN-NDX,,"Comverse Technology, Inc","Comverse Technology, Inc",,,7940.0,186828.0,0.0
2005-05-31,2005-08-02,a2160815zn-csrs.txt,0001047469-05-020454,N-CSRS,SEC-MORGAN-NDX,,"C.H. Robinson Worldwide, Inc","C.H. Robinson Worldwide, Inc",,,3263.0,186546.0,0.0
2005-05-31,2005-08-02,a2160815zn-csrs.txt,0001047469-05-020454,N-CSRS,SEC-MORGAN-NDX,,"PETsMART, Inc","PETsMART, Inc",,,5592.0,177658.0,0.0
2005-05-31,2005-08-02,a2160815zn-csrs.txt,0001047469-05-020454,N-CSRS,SEC-MORGAN-NDX,,"Net increase (decrease) -- Class D (42,825) (374,873)","Net increase (decrease) -- Class D (42,825) (374,873)",,,17130.0,173292.0,0.0
2005-05-31,2005-08-02,a2160815zn-csrs.txt,0001047469-05-020454,N-CSRS,SEC-MORGAN-NDX,,Garmin Ltd. (Cayman Islands),Garmin Ltd. (Cayman Islands),,,3881.0,172122.0,0.0
2005-05-31,2005-08-02,a2160815zn-csrs.txt,0001047469-05-020454,N-CSRS,SEC-MORGAN-NDX,,Lam Research Corp,Lam Research Corp,,,5575.0,171041.0,0.0
2005-05-31,2005-08-02,a2160815zn-csrs.txt,0001047469-05-020454,N-CSRS,SEC-MORGAN-NDX,,"DENTSPLY International, Inc","DENTSPLY International, Inc",,,2997.0,170979.0,0.0
2005-05-31,2005-08-02,a2160815zn-csrs.txt,0001047469-05-020454,N-CSRS,SEC-MORGAN-NDX,,"Lincare Holdings, Inc","Lincare Holdings, Inc",,,3744.0,164586.0,0.0
2005-05-31,2005-08-02,a2160815zn-csrs.txt,0001047469-05-020454,N-CSRS,SEC-MORGAN-NDX,,Fastenal Co,Fastenal Co,,,2807.0,163143.0,0.0
2005-05-31,2005-08-02,a2160815zn-csrs.txt,0001047469-05-020454,N-CSRS,SEC-MORGAN-NDX,,"Ross Stores, Inc","Ross Stores, Inc",,,5593.0,157611.0,0.0
2005-05-31,2005-08-02,a2160815zn-csrs.txt,0001047469-05-020454,N-CSRS,SEC-MORGAN-NDX,,Mercury Interactive Corp,Mercury Interactive Corp,,,3487.0,157333.0,0.0
2005-05-31,2005-08-02,a2160815zn-csrs.txt,0001047469-05-020454,N-CSRS,SEC-MORGAN-NDX,,Sigma-Aldrich Corp,Sigma-Aldrich Corp,,,2566.0,153729.0,0.0
2005-05-31,2005-08-02,a2160815zn-csrs.txt,0001047469-05-020454,N-CSRS,SEC-MORGAN-NDX,,SanDisk Corp,SanDisk Corp,,,5783.0,150879.0,0.0
2005-05-31,2005-08-02,a2160815zn-csrs.txt,0001047469-05-020454,N-CSRS,SEC-MORGAN-NDX,,Invitrogen Corp,Invitrogen Corp,,,1875.0,148744.0,0.0
2005-05-31,2005-08-02,a2160815zn-csrs.txt,0001047469-05-020454,N-CSRS,SEC-MORGAN-NDX,,"Novellus Systems, Inc","Novellus Systems, Inc",,,5514.0,146948.0,0.0
2005-05-31,2005-08-02,a2160815zn-csrs.txt,0001047469-05-020454,N-CSRS,SEC-MORGAN-NDX,,ATI Technologies Inc. (Canada),ATI Technologies Inc. (Canada),,,9580.0,144371.0,0.0
2005-05-31,2005-08-02,a2160815zn-csrs.txt,0001047469-05-020454,N-CSRS,SEC-MORGAN-NDX,,Career Education Corp,Career Education Corp,,,4034.0,139859.0,0.0
2005-05-31,2005-08-02,a2160815zn-csrs.txt,0001047469-05-020454,N-CSRS,SEC-MORGAN-NDX,,"BEA Systems, Inc","BEA Systems, Inc",,,14436.0,121695.0,0.0
2005-05-31,2005-08-02,a2160815zn-csrs.txt,0001047469-05-020454,N-CSRS,SEC-MORGAN-NDX,,QLogic Corp,QLogic Corp,,,3623.0,116008.0,0.0
2005-05-31,2005-08-02,a2160815zn-csrs.txt,0001047469-05-020454,N-CSRS,SEC-MORGAN-NDX,,Sanmina-SCI Corp,Sanmina-SCI Corp,,,21620.0,110911.0,0.0
2005-05-31,2005-08-02,a2160815zn-csrs.txt,0001047469-05-020454,N-CSRS,SEC-MORGAN-NDX,,Intersil Corp. (Class A),Intersil Corp. (Class A),,,5880.0,110309.0,0.0
2005-05-31,2005-08-02,a2160815zn-csrs.txt,0001047469-05-020454,N-CSRS,SEC-MORGAN-NDX,,Smurfit-Stone Container Corp,Smurfit-Stone Container Corp,,,9631.0,104689.0,0.0
2005-05-31,2005-08-02,a2160815zn-csrs.txt,0001047469-05-020454,N-CSRS,SEC-MORGAN-NDX,,"Dollar Tree Stores, Inc","Dollar Tree Stores, Inc",,,4204.0,104259.0,0.0
2005-05-31,2005-08-02,a2160815zn-csrs.txt,0001047469-05-020454,N-CSRS,SEC-MORGAN-NDX,,Molex Inc,Molex Inc,,,3823.0,101271.0,0.0
2005-05-31,2005-08-02,a2160815zn-csrs.txt,0001047469-05-020454,N-CSRS,SEC-MORGAN-NDX,,JDS Uniphase Corp,JDS Uniphase Corp,,,63629.0,97352.0,0.0
2005-05-31,2005-08-02,a2160815zn-csrs.txt,0001047469-05-020454,N-CSRS,SEC-MORGAN-NDX,,"Synopsys, Inc","Synopsys, Inc",,,5181.0,93621.0,0.0
2005-05-31,2005-08-02,a2160815zn-csrs.txt,0001047469-05-020454,N-CSRS,SEC-MORGAN-NDX,,"Tellabs, Inc","Tellabs, Inc",,,10226.0,84058.0,0.0
2005-05-31,2005-08-02,a2160815zn-csrs.txt,0001047469-05-020454,N-CSRS,SEC-MORGAN-NDX,,"Level 3 Communications, Inc","Level 3 Communications, Inc",,,26198.0,54492.0,0.0
2005-05-31,2005-08-02,a2160815zn-csrs.txt,0001047469-05-020454,N-CSRS,SEC-MORGAN-NDX,,"SUPPLEMENTAL DATA: Net assets, end of period, in thousands","SUPPLEMENTAL DATA: Net assets, end of period, in thousands",,,30850.0,39801.0,0.0
2005-05-31,2005-08-02,a2160815zn-csrs.txt,0001047469-05-020454,N-CSRS,SEC-MORGAN-NDX,,Sold,Sold,,,3620.0,32199.0,0.0
2005-05-31,2005-08-02,a2160815zn-csrs.txt,0001047469-05-020454,N-CSRS,SEC-MORGAN-NDX,,16 Long Nasdaq-100 Index,16 Long Nasdaq-100 Index,,,2472000.0,14560.0,0.0
2005-05-31,2005-08-02,a2160815zn-csrs.txt,0001047469-05-020454,N-CSRS,SEC-MORGAN-NDX,,"SUPPLEMENTAL DATA: Net assets, end of period, in thousands","SUPPLEMENTAL DATA: Net assets, end of period, in thousands",,,10089.0,10368.0,0.0
2005-05-31,2005-08-02,a2160815zn-csrs.txt,0001047469-05-020454,N-CSRS,SEC-MORGAN-NDX,,"(Exact name of registrant as specified in charter) Avenue of the Americas, New York, New York","(Exact name of registrant as specified in charter) Avenue of the Americas, New York, New York",,,1221.0,10020.0,0.0
2005-05-31,2005-08-02,a2160815zn-csrs.txt,0001047469-05-020454,N-CSRS,SEC-MORGAN-NDX,,"(Address of principal executive offices) (Zip code) Ronald E. Robison Avenue of the Americas, New York, New York","(Address of principal executive offices) (Zip code) Ronald E. Robison Avenue of the Americas, New York, New York",,,1221.0,10020.0,0.0
2005-05-31,2005-08-02,a2160815zn-csrs.txt,0001047469-05-020454,N-CSRS,SEC-MORGAN-NDX,,"SUPPLEMENTAL DATA: Net assets, end of period, in thousands","SUPPLEMENTAL DATA: Net assets, end of period, in thousands",,,9905.0,4681.0,0.0
2005-05-31,2005-08-02,a2160815zn-csrs.txt,0001047469-05-020454,N-CSRS,SEC-MORGAN-NDX,,"1,203,037 will expire on November","1,203,037 will expire on November",,,30.0,2012.0,0.0
2005-05-31,2005-08-02,a2160815zn-csrs.txt,0001047469-05-020454,N-CSRS,SEC-MORGAN-NDX,,expire on November,expire on November,,,30.0,2011.0,0.0
2005-05-31,2005-08-02,a2160815zn-csrs.txt,0001047469-05-020454,N-CSRS,SEC-MORGAN-NDX,,"3,206,803 of which $1,306,988 will expire on November","3,206,803 of which $1,306,988 will expire on November",,,30.0,2010.0,0.0
2005-05-31,2005-08-02,a2160815zn-csrs.txt,0001047469-05-020454,N-CSRS,SEC-MORGAN-NDX,,Date of fiscal year end: November,Date of fiscal year end: November,,,30.0,2005.0,0.0
2005-05-31,2005-08-02,a2160815zn-csrs.txt,0001047469-05-020454,N-CSRS,SEC-MORGAN-NDX,,Date of reporting period: May,Date of reporting period: May,,,31.0,2005.0,0.0
2005-05-31,2005-08-02,a2160815zn-csrs.txt,0001047469-05-020454,N-CSRS,SEC-MORGAN-NDX,,MONEY INVESTING IN THIS FUND. PLEASE SEE THE PROSPECTUS FOR MORE COMPLETE INFORMATION ON INVESTMENT RISKS. FUND REPORT FOR THE SIX MONTHS ENDED MAY,MONEY INVESTING IN THIS FUND. PLEASE SEE THE PROSPECTUS FOR MORE COMPLETE INFORMATION ON INVESTMENT RISKS. FUND REPORT FOR THE SIX MONTHS ENDED MAY,,,31.0,2005.0,0.0
2005-05-31,2005-08-02,a2160815zn-csrs.txt,0001047469-05-020454,N-CSRS,SEC-MORGAN-NDX,,TOTAL RETURN FOR THE 6 MONTHS ENDED MAY,TOTAL RETURN FOR THE 6 MONTHS ENDED MAY,,,31.0,2005.0,0.0
2005-05-31,2005-08-02,a2160815zn-csrs.txt,0001047469-05-020454,N-CSRS,SEC-MORGAN-NDX,,six months ended May,six months ended May,,,31.0,2005.0,0.0
2005-05-31,2005-08-02,a2160815zn-csrs.txt,0001047469-05-020454,N-CSRS,SEC-MORGAN-NDX,,LISTED ON THE NASDAQ STOCK MARKET. AS OF FEBRUARY,LISTED ON THE NASDAQ STOCK MARKET. AS OF FEBRUARY,,,28.0,2005.0,0.0
2005-05-31,2005-08-02,a2160815zn-csrs.txt,0001047469-05-020454,N-CSRS,SEC-MORGAN-NDX,,PERFORMANCE SUMMARY AVERAGE ANNUAL TOTAL RETURNS--PERIOD ENDED MAY,PERFORMANCE SUMMARY AVERAGE ANNUAL TOTAL RETURNS--PERIOD ENDED MAY,,,31.0,2005.0,0.0
2005-05-31,2005-08-02,a2160815zn-csrs.txt,0001047469-05-020454,N-CSRS,SEC-MORGAN-NDX,,PORTFOLIO OF INVESTMENTS - MAY,PORTFOLIO OF INVESTMENTS - MAY,,,31.0,2005.0,0.0
2005-05-31,2005-08-02,a2160815zn-csrs.txt,0001047469-05-020454,N-CSRS,SEC-MORGAN-NDX,,FINANCIAL STATEMENTS STATEMENT OF ASSETS AND LIABILITIES MAY,FINANCIAL STATEMENTS STATEMENT OF ASSETS AND LIABILITIES MAY,,,31.0,2005.0,0.0
2005-05-31,2005-08-02,a2160815zn-csrs.txt,0001047469-05-020454,N-CSRS,SEC-MORGAN-NDX,,STATEMENT OF OPERATIONS FOR THE SIX MONTHS ENDED MAY,STATEMENT OF OPERATIONS FOR THE SIX MONTHS ENDED MAY,,,31.0,2005.0,0.0
2005-05-31,2005-08-02,a2160815zn-csrs.txt,0001047469-05-020454,N-CSRS,SEC-MORGAN-NDX,,NOTES TO FINANCIAL STATEMENTS - MAY,NOTES TO FINANCIAL STATEMENTS - MAY,,,31.0,2005.0,0.0
2005-05-31,2005-08-02,a2160815zn-csrs.txt,0001047469-05-020454,N-CSRS,SEC-MORGAN-NDX,,For the six months ended May,For the six months ended May,,,31.0,2005.0,0.0
2005-05-31,2005-08-02,a2160815zn-csrs.txt,0001047469-05-020454,N-CSRS,SEC-MORGAN-NDX,,"short-term investments, for the six months ended May","short-term investments, for the six months ended May",,,31.0,2005.0,0.0
2005-05-31,2005-08-02,a2160815zn-csrs.txt,0001047469-05-020454,N-CSRS,SEC-MORGAN-NDX,,"Morgan Stanley Trust, an affiliate of the Investment Adviser, Administrator and Distributor, is the Fund's transfer agent. At May","Morgan Stanley Trust, an affiliate of the Investment Adviser, Administrator and Distributor, is the Fund's transfer agent. At May",,,31.0,2005.0,0.0
2005-05-31,2005-08-02,a2160815zn-csrs.txt,0001047469-05-020454,N-CSRS,SEC-MORGAN-NDX,,At May,At May,,,31.0,2005.0,0.0
2005-05-31,2005-08-02,a2160815zn-csrs.txt,0001047469-05-020454,N-CSRS,SEC-MORGAN-NDX,,"brokers in return for their efforts to recommend these funds to investors. The complaint seeks, among other things, unspecified compensatory damages, rescissionary damages, fees and costs. The defendants have moved to dismiss the action and intend to otherwise vigorously defend it. On March","brokers in return for their efforts to recommend these funds to investors. The complaint seeks, among other things, unspecified compensatory damages, rescissionary damages, fees and costs. The defendants have moved to dismiss the action and intend to otherwise vigorously defend it. On March",,,10.0,2005.0,0.0
2005-05-31,2005-08-02,a2160815zn-csrs.txt,0001047469-05-020454,N-CSRS,SEC-MORGAN-NDX,,MAY,MAY,,,31.0,2005.0,0.0
2005-05-31,2005-08-02,a2160815zn-csrs.txt,0001047469-05-020454,N-CSRS,SEC-MORGAN-NDX,,Semiannual Report May,Semiannual Report May,,,31.0,2005.0,0.0
2005-05-31,2005-08-02,a2160815zn-csrs.txt,0001047469-05-020454,N-CSRS,SEC-MORGAN-NDX,,/s/ Ronald E. Robison Ronald E. Robison Principal Executive Officer July,/s/ Ronald E. Robison Ronald E. Robison Principal Executive Officer July,,,20.0,2005.0,0.0
2005-05-31,2005-08-02,a2160815zn-csrs.txt,0001047469-05-020454,N-CSRS,SEC-MORGAN-NDX,,/s/ Francis Smith Francis Smith Principal Financial Officer July,/s/ Francis Smith Francis Smith Principal Financial Officer July,,,20.0,2005.0,0.0
2005-05-31,2005-08-02,a2160815zn-csrs.txt,0001047469-05-020454,N-CSRS,SEC-MORGAN-NDX,,ENDED JUNE,ENDED JUNE,,,30.0,2004.0,0.0
2005-05-31,2005-08-02,a2160815zn-csrs.txt,0001047469-05-020454,N-CSRS,SEC-MORGAN-NDX,,ended November,ended November,,,30.0,2004.0,0.0
2005-05-31,2005-08-02,a2160815zn-csrs.txt,0001047469-05-020454,N-CSRS,SEC-MORGAN-NDX,,"STATEMENT OF CHANGES IN NET ASSETS FOR THE SIX FOR THE YEAR MONTHS ENDED ENDED MAY 31, 2005 NOVEMBER","STATEMENT OF CHANGES IN NET ASSETS FOR THE SIX FOR THE YEAR MONTHS ENDED ENDED MAY 31, 2005 NOVEMBER",,,30.0,2004.0,0.0
2005-05-31,2005-08-02,a2160815zn-csrs.txt,0001047469-05-020454,N-CSRS,SEC-MORGAN-NDX,,"FOR THE SIX FOR THE YEAR MONTHS ENDED ENDED MAY 31, 2005 NOVEMBER","FOR THE SIX FOR THE YEAR MONTHS ENDED ENDED MAY 31, 2005 NOVEMBER",,,30.0,2004.0,0.0
2005-05-31,2005-08-02,a2160815zn-csrs.txt,0001047469-05-020454,N-CSRS,SEC-MORGAN-NDX,,treatment; temporary differences do not require reclassification. Dividends and distributions which exceed net investment income and net realized capital gains for tax purposes are reported as distributions of paid-in-capital. As of November,treatment; temporary differences do not require reclassification. Dividends and distributions which exceed net investment income and net realized capital gains for tax purposes are reported as distributions of paid-in-capital. As of November,,,30.0,2004.0,0.0
2005-05-31,2005-08-02,a2160815zn-csrs.txt,0001047469-05-020454,N-CSRS,SEC-MORGAN-NDX,,the extent provided by regulations. As of November,the extent provided by regulations. As of November,,,30.0,2004.0,0.0
2005-05-31,2005-08-02,a2160815zn-csrs.txt,0001047469-05-020454,N-CSRS,SEC-MORGAN-NDX,,NOVEMBER,NOVEMBER,,,30.0,2004.0,0.0
2005-05-31,2005-08-02,a2160815zn-csrs.txt,0001047469-05-020454,N-CSRS,SEC-MORGAN-NDX,,NOVEMBER,NOVEMBER,,,30.0,2003.0,0.0
2005-05-31,2005-08-02,a2160815zn-csrs.txt,0001047469-05-020454,N-CSRS,SEC-MORGAN-NDX,,NOVEMBER,NOVEMBER,,,30.0,2002.0,0.0
2005-05-31,2005-08-02,a2160815zn-csrs.txt,0001047469-05-020454,N-CSRS,SEC-MORGAN-NDX,,Massachusetts business trust on April,Massachusetts business trust on April,,,10.0,2001.0,0.0
2005-05-31,2005-08-02,a2160815zn-csrs.txt,0001047469-05-020454,N-CSRS,SEC-MORGAN-NDX,,"MONTHS ENDED -------------------------------------- THROUGH MAY 31, 2005 2004 2003 2002 NOVEMBER","MONTHS ENDED -------------------------------------- THROUGH MAY 31, 2005 2004 2003 2002 NOVEMBER",,,30.0,2001.0,0.0
2005-05-31,2005-08-02,a2160815zn-csrs.txt,0001047469-05-020454,N-CSRS,SEC-MORGAN-NDX,,NOVEMBER,NOVEMBER,,,30.0,2001.0,0.0
2005-05-31,2005-08-02,a2160815zn-csrs.txt,0001047469-05-020454,N-CSRS,SEC-MORGAN-NDX,,"SUPPLEMENTAL DATA: Net assets, end of period, in thousands","SUPPLEMENTAL DATA: Net assets, end of period, in thousands",,,1444.0,1857.0,0.0
2005-06-30,2005-07-25,form_nq.txt,0000935069-05-001974,N-Q,SEC-RYDEX-NDX,,Investment in Securities Lending Short Term Investment Portfolio Held by U.S. Bank,Investment in Securities Lending Short Term Investment Portfolio Held by U.S. Bank,,,266811082.0,266811082.0,0.0
2005-06-30,2005-07-25,form_nq.txt,0000935069-05-001974,N-Q,SEC-RYDEX-NDX,,Microsoft Corp,Microsoft Corp,,,2347960.0,58323327.0,0.0
2005-06-30,2005-07-25,form_nq.txt,0000935069-05-001974,N-Q,SEC-RYDEX-NDX,,"Qualcomm, Inc","Qualcomm, Inc",,,1376450.0,45436614.0,0.0
2005-06-30,2005-07-25,form_nq.txt,0000935069-05-001974,N-Q,SEC-RYDEX-NDX,,Intel Corp,Intel Corp,,,1586610.0,41347056.0,0.0
2005-06-30,2005-07-25,form_nq.txt,0000935069-05-001974,N-Q,SEC-RYDEX-NDX,,"Amgen, Inc.*+","Amgen, Inc.*+",,,598480.0,36184101.0,0.0
2005-06-30,2005-07-25,form_nq.txt,0000935069-05-001974,N-Q,SEC-RYDEX-NDX,,"Cisco Systems, Inc","Cisco Systems, Inc",,,1698580.0,32459864.0,0.0
2005-06-30,2005-07-25,form_nq.txt,0000935069-05-001974,N-Q,SEC-RYDEX-NDX,,"Nextel Communications, Inc. -- Class A","Nextel Communications, Inc. -- Class A",,,969670.0,31330038.0,0.0
2005-06-30,2005-07-25,form_nq.txt,0000935069-05-001974,N-Q,SEC-RYDEX-NDX,,"Apple Computer, Inc.*+","Apple Computer, Inc.*+",,,821790.0,30250090.0,0.0
2005-06-30,2005-07-25,form_nq.txt,0000935069-05-001974,N-Q,SEC-RYDEX-NDX,,"Dell, Inc","Dell, Inc",,,677380.0,26763284.0,0.0
2005-06-30,2005-07-25,form_nq.txt,0000935069-05-001974,N-Q,SEC-RYDEX-NDX,,"eBay, Inc.*+","eBay, Inc.*+",,,737030.0,24329360.0,0.0
2005-06-30,2005-07-25,form_nq.txt,0000935069-05-001974,N-Q,SEC-RYDEX-NDX,,Comcast Corp. -- Class A*+,Comcast Corp. -- Class A*+,,,744770.0,22864439.0,0.0
2005-06-30,2005-07-25,form_nq.txt,0000935069-05-001974,N-Q,SEC-RYDEX-NDX,,Starbucks Corp.*+,Starbucks Corp.*+,,,414960.0,21436834.0,0.0
2005-06-30,2005-07-25,form_nq.txt,0000935069-05-001974,N-Q,SEC-RYDEX-NDX,,Oracle Corp,Oracle Corp,,,1503480.0,19845936.0,0.0
2005-06-30,2005-07-25,form_nq.txt,0000935069-05-001974,N-Q,SEC-RYDEX-NDX,,"Yahoo!, Inc","Yahoo!, Inc",,,568200.0,19688130.0,0.0
2005-06-30,2005-07-25,form_nq.txt,0000935069-05-001974,N-Q,SEC-RYDEX-NDX,,Sears Holdings Corp.*+,Sears Holdings Corp.*+,,,121240.0,18170239.0,0.0
2005-06-30,2005-07-25,form_nq.txt,0000935069-05-001974,N-Q,SEC-RYDEX-NDX,,"Applied Materials, Inc.+","Applied Materials, Inc.+",,,1042540.0,16868297.0,0.0
2005-06-30,2005-07-25,form_nq.txt,0000935069-05-001974,N-Q,SEC-RYDEX-NDX,,"Bed Bath & Beyond, Inc.*+","Bed Bath & Beyond, Inc.*+",,,335910.0,14034320.0,0.0
2005-06-30,2005-07-25,form_nq.txt,0000935069-05-001974,N-Q,SEC-RYDEX-NDX,,Lam Research Corp.*+,Lam Research Corp.*+,,,418370.0,12107628.0,0.0
2005-06-30,2005-07-25,form_nq.txt,0000935069-05-001974,N-Q,SEC-RYDEX-NDX,,Genzyme Corp,Genzyme Corp,,,199360.0,11979542.0,0.0
2005-06-30,2005-07-25,form_nq.txt,0000935069-05-001974,N-Q,SEC-RYDEX-NDX,,Symantec Corp.*+,Symantec Corp.*+,,,540960.0,11760470.0,0.0
2005-06-30,2005-07-25,form_nq.txt,0000935069-05-001974,N-Q,SEC-RYDEX-NDX,,"Fiserv, Inc.*+","Fiserv, Inc.*+",,,269470.0,11573737.0,0.0
2005-06-30,2005-07-25,form_nq.txt,0000935069-05-001974,N-Q,SEC-RYDEX-NDX,,InterActiveCorp*+,InterActiveCorp*+,,,477110.0,11474495.0,0.0
2005-06-30,2005-07-25,form_nq.txt,0000935069-05-001974,N-Q,SEC-RYDEX-NDX,,"Gilead Sciences, Inc","Gilead Sciences, Inc",,,250410.0,11015536.0,0.0
2005-06-30,2005-07-25,form_nq.txt,0000935069-05-001974,N-Q,SEC-RYDEX-NDX,,"Maxim Integrated Products, Inc","Maxim Integrated Products, Inc",,,270790.0,10346886.0,0.0
2005-06-30,2005-07-25,form_nq.txt,0000935069-05-001974,N-Q,SEC-RYDEX-NDX,,"Electronic Arts, Inc.*+","Electronic Arts, Inc.*+",,,177400.0,10042614.0,0.0
2005-06-30,2005-07-25,form_nq.txt,0000935069-05-001974,N-Q,SEC-RYDEX-NDX,,Teva Pharmaceutical Industries Ltd. -- SP ADR+,Teva Pharmaceutical Industries Ltd. -- SP ADR+,,,321360.0,10007150.0,0.0
2005-06-30,2005-07-25,form_nq.txt,0000935069-05-001974,N-Q,SEC-RYDEX-NDX,,KLA-Tencor Corp.+,KLA-Tencor Corp.+,,,225100.0,9836870.0,0.0
2005-06-30,2005-07-25,form_nq.txt,0000935069-05-001974,N-Q,SEC-RYDEX-NDX,,"Apollo Group, Inc. -- Class A*+","Apollo Group, Inc. -- Class A*+",,,119690.0,9362152.0,0.0
2005-06-30,2005-07-25,form_nq.txt,0000935069-05-001974,N-Q,SEC-RYDEX-NDX,,"Intuit, Inc.*+","Intuit, Inc.*+",,,207030.0,9339123.0,0.0
2005-06-30,2005-07-25,form_nq.txt,0000935069-05-001974,N-Q,SEC-RYDEX-NDX,,"Biogen Idec, Inc","Biogen Idec, Inc",,,270230.0,9309424.0,0.0
2005-06-30,2005-07-25,form_nq.txt,0000935069-05-001974,N-Q,SEC-RYDEX-NDX,,"Paccar, Inc","Paccar, Inc",,,131100.0,8914800.0,0.0
2005-06-30,2005-07-25,form_nq.txt,0000935069-05-001974,N-Q,SEC-RYDEX-NDX,,Research In Motion Ltd.*+,Research In Motion Ltd.*+,,,120410.0,8880238.0,0.0
2005-06-30,2005-07-25,form_nq.txt,0000935069-05-001974,N-Q,SEC-RYDEX-NDX,,"Staples, Inc","Staples, Inc",,,416230.0,8874023.0,0.0
2005-06-30,2005-07-25,form_nq.txt,0000935069-05-001974,N-Q,SEC-RYDEX-NDX,,Costco Wholesale Corp.+,Costco Wholesale Corp.+,,,196890.0,8824610.0,0.0
2005-06-30,2005-07-25,form_nq.txt,0000935069-05-001974,N-Q,SEC-RYDEX-NDX,,"Network Appliance, Inc.*+","Network Appliance, Inc.*+",,,308810.0,8730059.0,0.0
2005-06-30,2005-07-25,form_nq.txt,0000935069-05-001974,N-Q,SEC-RYDEX-NDX,,"Adobe Systems, Inc.+","Adobe Systems, Inc.+",,,304540.0,8715935.0,0.0
2005-06-30,2005-07-25,form_nq.txt,0000935069-05-001974,N-Q,SEC-RYDEX-NDX,,"Citrix Systems, Inc","Citrix Systems, Inc",,,374070.0,8102356.0,0.0
2005-06-30,2005-07-25,form_nq.txt,0000935069-05-001974,N-Q,SEC-RYDEX-NDX,,"Biomet, Inc.+","Biomet, Inc.+",,,229929.0,7964741.0,0.0
2005-06-30,2005-07-25,form_nq.txt,0000935069-05-001974,N-Q,SEC-RYDEX-NDX,,Sandisk Corp.*+,Sandisk Corp.*+,,,334240.0,7931515.0,0.0
2005-06-30,2005-07-25,form_nq.txt,0000935069-05-001974,N-Q,SEC-RYDEX-NDX,,"Liberty Global, Inc. -- Class A*+","Liberty Global, Inc. -- Class A*+",,,164410.0,7673015.0,0.0
2005-06-30,2005-07-25,form_nq.txt,0000935069-05-001974,N-Q,SEC-RYDEX-NDX,,Marvell Technology Group Ltd.*+,Marvell Technology Group Ltd.*+,,,192030.0,7304821.0,0.0
2005-06-30,2005-07-25,form_nq.txt,0000935069-05-001974,N-Q,SEC-RYDEX-NDX,,Linear Technology Corp.+,Linear Technology Corp.+,,,187530.0,6880476.0,0.0
2005-06-30,2005-07-25,form_nq.txt,0000935069-05-001974,N-Q,SEC-RYDEX-NDX,,Veritas Software Corp,Veritas Software Corp,,,269560.0,6577264.0,0.0
2005-06-30,2005-07-25,form_nq.txt,0000935069-05-001974,N-Q,SEC-RYDEX-NDX,,"Paychex, Inc","Paychex, Inc",,,190730.0,6206354.0,0.0
2005-06-30,2005-07-25,form_nq.txt,0000935069-05-001974,N-Q,SEC-RYDEX-NDX,,"Autodesk, Inc","Autodesk, Inc",,,180150.0,6191756.0,0.0
2005-06-30,2005-07-25,form_nq.txt,0000935069-05-001974,N-Q,SEC-RYDEX-NDX,,"MCI, Inc.+","MCI, Inc.+",,,239090.0,6147004.0,0.0
2005-06-30,2005-07-25,form_nq.txt,0000935069-05-001974,N-Q,SEC-RYDEX-NDX,,Pixar*+,Pixar*+,,,121920.0,6102096.0,0.0
2005-06-30,2005-07-25,form_nq.txt,0000935069-05-001974,N-Q,SEC-RYDEX-NDX,,"VeriSign, Inc.*+","VeriSign, Inc.*+",,,208750.0,6003650.0,0.0
2005-06-30,2005-07-25,form_nq.txt,0000935069-05-001974,N-Q,SEC-RYDEX-NDX,,"Amazon.com, Inc.*+","Amazon.com, Inc.*+",,,179020.0,5921982.0,0.0
2005-06-30,2005-07-25,form_nq.txt,0000935069-05-001974,N-Q,SEC-RYDEX-NDX,,"Sirius Satellite Radio, Inc.*+","Sirius Satellite Radio, Inc.*+",,,907120.0,5878137.0,0.0
2005-06-30,2005-07-25,form_nq.txt,0000935069-05-001974,N-Q,SEC-RYDEX-NDX,,"Novellus Systems, Inc.*+","Novellus Systems, Inc.*+",,,231060.0,5709493.0,0.0
2005-06-30,2005-07-25,form_nq.txt,0000935069-05-001974,N-Q,SEC-RYDEX-NDX,,"NTL, Inc.*+","NTL, Inc.*+",,,83330.0,5701439.0,0.0
2005-06-30,2005-07-25,form_nq.txt,0000935069-05-001974,N-Q,SEC-RYDEX-NDX,,Chiron Corp.*+,Chiron Corp.*+,,,161690.0,5641364.0,0.0
2005-06-30,2005-07-25,form_nq.txt,0000935069-05-001974,N-Q,SEC-RYDEX-NDX,,"ATI Technologies, Inc","ATI Technologies, Inc",,,471210.0,5583838.0,0.0
2005-06-30,2005-07-25,form_nq.txt,0000935069-05-001974,N-Q,SEC-RYDEX-NDX,,Broadcom Corp. -- Class A*+,Broadcom Corp. -- Class A*+,,,151670.0,5385802.0,0.0
2005-06-30,2005-07-25,form_nq.txt,0000935069-05-001974,N-Q,SEC-RYDEX-NDX,,Cintas Corp.+,Cintas Corp.+,,,139420.0,5381612.0,0.0
2005-06-30,2005-07-25,form_nq.txt,0000935069-05-001974,N-Q,SEC-RYDEX-NDX,,Flextronics International Ltd.*+,Flextronics International Ltd.*+,,,393610.0,5199588.0,0.0
2005-06-30,2005-07-25,form_nq.txt,0000935069-05-001974,N-Q,SEC-RYDEX-NDX,,Telefonaktiebolaget LM Ericsson -- SP ADR*+,Telefonaktiebolaget LM Ericsson -- SP ADR*+,,,159820.0,5106249.0,0.0
2005-06-30,2005-07-25,form_nq.txt,0000935069-05-001974,N-Q,SEC-RYDEX-NDX,,"XM Satellite Radio Holdings, Inc.*+","XM Satellite Radio Holdings, Inc.*+",,,149680.0,5038229.0,0.0
2005-06-30,2005-07-25,form_nq.txt,0000935069-05-001974,N-Q,SEC-RYDEX-NDX,,"Express Scripts, Inc.*+","Express Scripts, Inc.*+",,,100610.0,5028488.0,0.0
2005-06-30,2005-07-25,form_nq.txt,0000935069-05-001974,N-Q,SEC-RYDEX-NDX,,"Whole Foods Market, Inc.+","Whole Foods Market, Inc.+",,,39740.0,4701242.0,0.0
2005-06-30,2005-07-25,form_nq.txt,0000935069-05-001974,N-Q,SEC-RYDEX-NDX,,Check Point Software Technologies Ltd.*+,Check Point Software Technologies Ltd.*+,,,230270.0,4559346.0,0.0
2005-06-30,2005-07-25,form_nq.txt,0000935069-05-001974,N-Q,SEC-RYDEX-NDX,,"BEA Systems, Inc","BEA Systems, Inc",,,516830.0,4537767.0,0.0
2005-06-30,2005-07-25,form_nq.txt,0000935069-05-001974,N-Q,SEC-RYDEX-NDX,,"Patterson Cos., Inc.*+","Patterson Cos., Inc.*+",,,99440.0,4482755.0,0.0
2005-06-30,2005-07-25,form_nq.txt,0000935069-05-001974,N-Q,SEC-RYDEX-NDX,,Mercury Interactive Corp.*+,Mercury Interactive Corp.*+,,,112640.0,4320870.0,0.0
2005-06-30,2005-07-25,form_nq.txt,0000935069-05-001974,N-Q,SEC-RYDEX-NDX,,Cognizant Technology Solutions Corp.*+,Cognizant Technology Solutions Corp.*+,,,86460.0,4074860.0,0.0
2005-06-30,2005-07-25,form_nq.txt,0000935069-05-001974,N-Q,SEC-RYDEX-NDX,,"Expeditors International Washington, Inc.+","Expeditors International Washington, Inc.+",,,74870.0,3729275.0,0.0
2005-06-30,2005-07-25,form_nq.txt,0000935069-05-001974,N-Q,SEC-RYDEX-NDX,,Invitrogen Corp.*+,Invitrogen Corp.*+,,,44660.0,3719731.0,0.0
2005-06-30,2005-07-25,form_nq.txt,0000935069-05-001974,N-Q,SEC-RYDEX-NDX,,Fastenal Co.+,Fastenal Co.+,,,58540.0,3586160.0,0.0
2005-06-30,2005-07-25,form_nq.txt,0000935069-05-001974,N-Q,SEC-RYDEX-NDX,,Career Education Corp.*+,Career Education Corp.*+,,,91090.0,3334805.0,0.0
2005-06-30,2005-07-25,form_nq.txt,0000935069-05-001974,N-Q,SEC-RYDEX-NDX,,Garmin Ltd.+,Garmin Ltd.+,,,77750.0,3323812.0,0.0
2005-06-30,2005-07-25,form_nq.txt,0000935069-05-001974,N-Q,SEC-RYDEX-NDX,,"Comverse Technology, Inc.*+","Comverse Technology, Inc.*+",,,139780.0,3305797.0,0.0
2005-06-30,2005-07-25,form_nq.txt,0000935069-05-001974,N-Q,SEC-RYDEX-NDX,,"C.H. Robinson Worldwide, Inc.+","C.H. Robinson Worldwide, Inc.+",,,56020.0,3260364.0,0.0
2005-06-30,2005-07-25,form_nq.txt,0000935069-05-001974,N-Q,SEC-RYDEX-NDX,,QLogic Corp.*+,QLogic Corp.*+,,,103170.0,3184858.0,0.0
2005-06-30,2005-07-25,form_nq.txt,0000935069-05-001974,N-Q,SEC-RYDEX-NDX,,"Sun Microsystems, Inc","Sun Microsystems, Inc",,,836410.0,3119809.0,0.0
2005-06-30,2005-07-25,form_nq.txt,0000935069-05-001974,N-Q,SEC-RYDEX-NDX,,"DENTSPLY International, Inc.+","DENTSPLY International, Inc.+",,,57190.0,3088260.0,0.0
2005-06-30,2005-07-25,form_nq.txt,0000935069-05-001974,N-Q,SEC-RYDEX-NDX,,American Power Conversion Corp,American Power Conversion Corp,,,123090.0,2903693.0,0.0
2005-06-30,2005-07-25,form_nq.txt,0000935069-05-001974,N-Q,SEC-RYDEX-NDX,,"Juniper Networks, Inc.*+","Juniper Networks, Inc.*+",,,113860.0,2866995.0,0.0
2005-06-30,2005-07-25,form_nq.txt,0000935069-05-001974,N-Q,SEC-RYDEX-NDX,,Wynn Resorts Ltd.*+,Wynn Resorts Ltd.*+,,,51560.0,2437241.0,0.0
2005-06-30,2005-07-25,form_nq.txt,0000935069-05-001974,N-Q,SEC-RYDEX-NDX,,Sigma-Aldrich Corp,Sigma-Aldrich Corp,,,41690.0,2336307.0,0.0
2005-06-30,2005-07-25,form_nq.txt,0000935069-05-001974,N-Q,SEC-RYDEX-NDX,,"Lincare Holdings, Inc.*+","Lincare Holdings, Inc.*+",,,54600.0,2229864.0,0.0
2005-06-30,2005-07-25,form_nq.txt,0000935069-05-001974,N-Q,SEC-RYDEX-NDX,,Smurfit-Stone Container Corp.*+,Smurfit-Stone Container Corp.*+,,,217480.0,2211772.0,0.0
2005-06-30,2005-07-25,form_nq.txt,0000935069-05-001974,N-Q,SEC-RYDEX-NDX,,"Ross Stores, Inc.+","Ross Stores, Inc.+",,,73400.0,2121994.0,0.0
2005-06-30,2005-07-25,form_nq.txt,0000935069-05-001974,N-Q,SEC-RYDEX-NDX,,CDW Corp,CDW Corp,,,36560.0,2087211.0,0.0
2005-06-30,2005-07-25,form_nq.txt,0000935069-05-001974,N-Q,SEC-RYDEX-NDX,,JDS Uniphase Corp.*+,JDS Uniphase Corp.*+,,,1276422.0,1940161.0,0.0
2005-06-30,2005-07-25,form_nq.txt,0000935069-05-001974,N-Q,SEC-RYDEX-NDX,,Sanmina-SCI Corp,Sanmina-SCI Corp,,,252260.0,1379862.0,0.0
2005-06-30,2005-07-25,form_nq.txt,0000935069-05-001974,N-Q,SEC-RYDEX-NDX,,EchoStar Communications Corp.+,EchoStar Communications Corp.+,,,39360.0,1186704.0,0.0
2005-06-30,2005-07-25,form_nq.txt,0000935069-05-001974,N-Q,SEC-RYDEX-NDX,,Altera Corp,Altera Corp,,,55110.0,1092280.0,0.0
2005-06-30,2005-07-25,form_nq.txt,0000935069-05-001974,N-Q,SEC-RYDEX-NDX,,"Dollar Tree Stores, Inc.*+","Dollar Tree Stores, Inc.*+",,,45290.0,1086960.0,0.0
2005-06-30,2005-07-25,form_nq.txt,0000935069-05-001974,N-Q,SEC-RYDEX-NDX,,"Level 3 Communications, Inc.*+","Level 3 Communications, Inc.*+",,,529160.0,1074195.0,0.0
2005-06-30,2005-07-25,form_nq.txt,0000935069-05-001974,N-Q,SEC-RYDEX-NDX,,"Petsmart, Inc","Petsmart, Inc",,,28720.0,871652.0,0.0
2005-06-30,2005-07-25,form_nq.txt,0000935069-05-001974,N-Q,SEC-RYDEX-NDX,,Lamar Advertising Co,Lamar Advertising Co,,,4.0,171.0,0.0
2005-06-30,2005-07-25,form_nq.txt,0000935069-05-001974,N-Q,SEC-RYDEX-NDX,,"Molex, Inc","Molex, Inc",,,1.0,26.0,0.0
2005-08-31,2005-10-27,a05-17151_5nq.htm,0001104659-05-050534,N-Q,SEC-MORGAN-NDX,,Microsoft Corp,Microsoft Corp,,,141731.0,3883429.0,0.0
2005-08-31,2005-10-27,a05-17151_5nq.htm,0001104659-05-050534,N-Q,SEC-MORGAN-NDX,,QUALCOMM Inc,QUALCOMM Inc,,,75097.0,2982102.0,0.0
2005-08-31,2005-10-27,a05-17151_5nq.htm,0001104659-05-050534,N-Q,SEC-MORGAN-NDX,,Intel Corp,Intel Corp,,,82391.0,2119097.0,0.0
2005-08-31,2005-10-27,a05-17151_5nq.htm,0001104659-05-050534,N-Q,SEC-MORGAN-NDX,,"Apple Computer, Inc","Apple Computer, Inc",,,43803.0,2055675.0,0.0
2005-08-31,2005-10-27,a05-17151_5nq.htm,0001104659-05-050534,N-Q,SEC-MORGAN-NDX,,Amgen Inc,Amgen Inc,,,21984.0,1756522.0,0.0
2005-08-31,2005-10-27,a05-17151_5nq.htm,0001104659-05-050534,N-Q,SEC-MORGAN-NDX,,"eBay, Inc","eBay, Inc",,,38370.0,1553601.0,0.0
2005-08-31,2005-10-27,a05-17151_5nq.htm,0001104659-05-050534,N-Q,SEC-MORGAN-NDX,,"Cisco Systems, Inc","Cisco Systems, Inc",,,87025.0,1533380.0,0.0
2005-08-31,2005-10-27,a05-17151_5nq.htm,0001104659-05-050534,N-Q,SEC-MORGAN-NDX,,"Dell, Inc","Dell, Inc",,,33949.0,1208584.0,0.0
2005-08-31,2005-10-27,a05-17151_5nq.htm,0001104659-05-050534,N-Q,SEC-MORGAN-NDX,,Comcast Corp. (Class A),Comcast Corp. (Class A),,,36331.0,1117178.0,0.0
2005-08-31,2005-10-27,a05-17151_5nq.htm,0001104659-05-050534,N-Q,SEC-MORGAN-NDX,,Oracle Corp,Oracle Corp,,,81711.0,1059792.0,0.0
2005-08-31,2005-10-27,a05-17151_5nq.htm,0001104659-05-050534,N-Q,SEC-MORGAN-NDX,,Starbucks Corp,Starbucks Corp,,,20657.0,1013019.0,0.0
2005-08-31,2005-10-27,a05-17151_5nq.htm,0001104659-05-050534,N-Q,SEC-MORGAN-NDX,,Symantec Corp,Symantec Corp,,,47067.0,987466.0,0.0
2005-08-31,2005-10-27,a05-17151_5nq.htm,0001104659-05-050534,N-Q,SEC-MORGAN-NDX,,Sears Holdings Corp,Sears Holdings Corp,,,6573.0,893008.0,0.0
2005-08-31,2005-10-27,a05-17151_5nq.htm,0001104659-05-050534,N-Q,SEC-MORGAN-NDX,,Genzyme Corp,Genzyme Corp,,,12055.0,857954.0,0.0
2005-08-31,2005-10-27,a05-17151_5nq.htm,0001104659-05-050534,N-Q,SEC-MORGAN-NDX,,"Yahoo!, Inc","Yahoo!, Inc",,,25587.0,853070.0,0.0
2005-08-31,2005-10-27,a05-17151_5nq.htm,0001104659-05-050534,N-Q,SEC-MORGAN-NDX,,"Maxim Integrated Products, Inc","Maxim Integrated Products, Inc",,,17517.0,747100.0,0.0
2005-08-31,2005-10-27,a05-17151_5nq.htm,0001104659-05-050534,N-Q,SEC-MORGAN-NDX,,"Gilead Sciences, Inc","Gilead Sciences, Inc",,,16959.0,729237.0,0.0
2005-08-31,2005-10-27,a05-17151_5nq.htm,0001104659-05-050534,N-Q,SEC-MORGAN-NDX,,"Electronic Arts, Inc","Electronic Arts, Inc",,,11778.0,674644.0,0.0
2005-08-31,2005-10-27,a05-17151_5nq.htm,0001104659-05-050534,N-Q,SEC-MORGAN-NDX,,Bed Bath & Beyond Inc,Bed Bath & Beyond Inc,,,15143.0,614049.0,0.0
2005-08-31,2005-10-27,a05-17151_5nq.htm,0001104659-05-050534,N-Q,SEC-MORGAN-NDX,,Biogen Idec Inc,Biogen Idec Inc,,,14279.0,601860.0,0.0
2005-08-31,2005-10-27,a05-17151_5nq.htm,0001104659-05-050534,N-Q,SEC-MORGAN-NDX,,"Applied Materials, Inc","Applied Materials, Inc",,,32405.0,593336.0,0.0
2005-08-31,2005-10-27,a05-17151_5nq.htm,0001104659-05-050534,N-Q,SEC-MORGAN-NDX,,Linear Technology Corp,Linear Technology Corp,,,15588.0,591253.0,0.0
2005-08-31,2005-10-27,a05-17151_5nq.htm,0001104659-05-050534,N-Q,SEC-MORGAN-NDX,,Teva Pharmaceutical Industries Ltd. (ADR) (Israel),Teva Pharmaceutical Industries Ltd. (ADR) (Israel),,,17718.0,574772.0,0.0
2005-08-31,2005-10-27,a05-17151_5nq.htm,0001104659-05-050534,N-Q,SEC-MORGAN-NDX,,Research In Motion Ltd. (Canada),Research In Motion Ltd. (Canada),,,7248.0,567446.0,0.0
2005-08-31,2005-10-27,a05-17151_5nq.htm,0001104659-05-050534,N-Q,SEC-MORGAN-NDX,,"Apollo Group, Inc. (Class A)","Apollo Group, Inc. (Class A)",,,7002.0,550777.0,0.0
2005-08-31,2005-10-27,a05-17151_5nq.htm,0001104659-05-050534,N-Q,SEC-MORGAN-NDX,,"PACCAR, Inc","PACCAR, Inc",,,7427.0,520484.0,0.0
2005-08-31,2005-10-27,a05-17151_5nq.htm,0001104659-05-050534,N-Q,SEC-MORGAN-NDX,,"Xilinx, Inc","Xilinx, Inc",,,17739.0,498288.0,0.0
2005-08-31,2005-10-27,a05-17151_5nq.htm,0001104659-05-050534,N-Q,SEC-MORGAN-NDX,,"Adobe Systems, Inc","Adobe Systems, Inc",,,18244.0,493318.0,0.0
2005-08-31,2005-10-27,a05-17151_5nq.htm,0001104659-05-050534,N-Q,SEC-MORGAN-NDX,,Marvell Technology Group Ltd. (Bermuda),Marvell Technology Group Ltd. (Bermuda),,,10163.0,479592.0,0.0
2005-08-31,2005-10-27,a05-17151_5nq.htm,0001104659-05-050534,N-Q,SEC-MORGAN-NDX,,"Biomet, Inc","Biomet, Inc",,,12927.0,476877.0,0.0
2005-08-31,2005-10-27,a05-17151_5nq.htm,0001104659-05-050534,N-Q,SEC-MORGAN-NDX,,"Paychex, Inc","Paychex, Inc",,,13685.0,467069.0,0.0
2005-08-31,2005-10-27,a05-17151_5nq.htm,0001104659-05-050534,N-Q,SEC-MORGAN-NDX,,KLA-Tencor Corp,KLA-Tencor Corp,,,9094.0,461611.0,0.0
2005-08-31,2005-10-27,a05-17151_5nq.htm,0001104659-05-050534,N-Q,SEC-MORGAN-NDX,,"Amazon.com, Inc","Amazon.com, Inc",,,10399.0,444037.0,0.0
2005-08-31,2005-10-27,a05-17151_5nq.htm,0001104659-05-050534,N-Q,SEC-MORGAN-NDX,,Altera Corp,Altera Corp,,,19920.0,435650.0,0.0
2005-08-31,2005-10-27,a05-17151_5nq.htm,0001104659-05-050534,N-Q,SEC-MORGAN-NDX,,Broadcom Corp. (Class A),Broadcom Corp. (Class A),,,9642.0,419427.0,0.0
2005-08-31,2005-10-27,a05-17151_5nq.htm,0001104659-05-050534,N-Q,SEC-MORGAN-NDX,,Costco Wholesale Corp,Costco Wholesale Corp,,,9590.0,416590.0,0.0
2005-08-31,2005-10-27,a05-17151_5nq.htm,0001104659-05-050534,N-Q,SEC-MORGAN-NDX,,"Staples, Inc","Staples, Inc",,,18860.0,414166.0,0.0
2005-08-31,2005-10-27,a05-17151_5nq.htm,0001104659-05-050534,N-Q,SEC-MORGAN-NDX,,"Fiserv, Inc","Fiserv, Inc",,,9120.0,409214.0,0.0
2005-08-31,2005-10-27,a05-17151_5nq.htm,0001104659-05-050534,N-Q,SEC-MORGAN-NDX,,Intuit Inc,Intuit Inc,,,8702.0,398900.0,0.0
2005-08-31,2005-10-27,a05-17151_5nq.htm,0001104659-05-050534,N-Q,SEC-MORGAN-NDX,,"Autodesk, Inc","Autodesk, Inc",,,9080.0,392256.0,0.0
2005-08-31,2005-10-27,a05-17151_5nq.htm,0001104659-05-050534,N-Q,SEC-MORGAN-NDX,,Sirius Satellite Radio Inc,Sirius Satellite Radio Inc,,,54638.0,375910.0,0.0
2005-08-31,2005-10-27,a05-17151_5nq.htm,0001104659-05-050534,N-Q,SEC-MORGAN-NDX,,Chiron Corp,Chiron Corp,,,9993.0,364145.0,0.0
2005-08-31,2005-10-27,a05-17151_5nq.htm,0001104659-05-050534,N-Q,SEC-MORGAN-NDX,,"Network Appliance, Inc","Network Appliance, Inc",,,14593.0,346438.0,0.0
2005-08-31,2005-10-27,a05-17151_5nq.htm,0001104659-05-050534,N-Q,SEC-MORGAN-NDX,,MCI Inc,MCI Inc,,,13499.0,346114.0,0.0
2005-08-31,2005-10-27,a05-17151_5nq.htm,0001104659-05-050534,N-Q,SEC-MORGAN-NDX,,Liberty Global Inc. (Class A),Liberty Global Inc. (Class A),,,6633.0,336625.0,0.0
2005-08-31,2005-10-27,a05-17151_5nq.htm,0001104659-05-050534,N-Q,SEC-MORGAN-NDX,,Cintas Corp,Cintas Corp,,,7870.0,324638.0,0.0
2005-08-31,2005-10-27,a05-17151_5nq.htm,0001104659-05-050534,N-Q,SEC-MORGAN-NDX,,IAC/InterActive Corp,IAC/InterActive Corp,,,13046.0,320279.0,0.0
2005-08-31,2005-10-27,a05-17151_5nq.htm,0001104659-05-050534,N-Q,SEC-MORGAN-NDX,,"Whole Foods Market, Inc","Whole Foods Market, Inc",,,2446.0,316170.0,0.0
2005-08-31,2005-10-27,a05-17151_5nq.htm,0001104659-05-050534,N-Q,SEC-MORGAN-NDX,,"Juniper Networks, Inc","Juniper Networks, Inc",,,13651.0,310424.0,0.0
2005-08-31,2005-10-27,a05-17151_5nq.htm,0001104659-05-050534,N-Q,SEC-MORGAN-NDX,,Flextronics International Ltd. (Singapore),Flextronics International Ltd. (Singapore),,,23383.0,305382.0,0.0
2005-08-31,2005-10-27,a05-17151_5nq.htm,0001104659-05-050534,N-Q,SEC-MORGAN-NDX,,"MedImmune, Inc","MedImmune, Inc",,,10106.0,302473.0,0.0
2005-08-31,2005-10-27,a05-17151_5nq.htm,0001104659-05-050534,N-Q,SEC-MORGAN-NDX,,Celgene Corp,Celgene Corp,,,5900.0,296180.0,0.0
2005-08-31,2005-10-27,a05-17151_5nq.htm,0001104659-05-050534,N-Q,SEC-MORGAN-NDX,,XM Satellite Radio Holdings Inc. (Class A),XM Satellite Radio Holdings Inc. (Class A),,,8325.0,293456.0,0.0
2005-08-31,2005-10-27,a05-17151_5nq.htm,0001104659-05-050534,N-Q,SEC-MORGAN-NDX,,"Express Scripts, Inc","Express Scripts, Inc",,,5046.0,291962.0,0.0
2005-08-31,2005-10-27,a05-17151_5nq.htm,0001104659-05-050534,N-Q,SEC-MORGAN-NDX,,EchoStar Communications Corp. (Class A),EchoStar Communications Corp. (Class A),,,8475.0,253657.0,0.0
2005-08-31,2005-10-27,a05-17151_5nq.htm,0001104659-05-050534,N-Q,SEC-MORGAN-NDX,,SanDisk Corp,SanDisk Corp,,,6335.0,245988.0,0.0
2005-08-31,2005-10-27,a05-17151_5nq.htm,0001104659-05-050534,N-Q,SEC-MORGAN-NDX,,Cognizant Technology Solutions Corp. (Class A),Cognizant Technology Solutions Corp. (Class A),,,5014.0,228287.0,0.0
2005-08-31,2005-10-27,a05-17151_5nq.htm,0001104659-05-050534,N-Q,SEC-MORGAN-NDX,,"NTL, Inc","NTL, Inc",,,3521.0,224921.0,0.0
2005-08-31,2005-10-27,a05-17151_5nq.htm,0001104659-05-050534,N-Q,SEC-MORGAN-NDX,,Garmin Ltd. (Cayman Islands),Garmin Ltd. (Cayman Islands),,,3833.0,221931.0,0.0
2005-08-31,2005-10-27,a05-17151_5nq.htm,0001104659-05-050534,N-Q,SEC-MORGAN-NDX,,"Expeditors International of Washington, Inc","Expeditors International of Washington, Inc",,,3991.0,221540.0,0.0
2005-08-31,2005-10-27,a05-17151_5nq.htm,0001104659-05-050534,N-Q,SEC-MORGAN-NDX,,"Sun Microsystems, Inc","Sun Microsystems, Inc",,,56474.0,214601.0,0.0
2005-08-31,2005-10-27,a05-17151_5nq.htm,0001104659-05-050534,N-Q,SEC-MORGAN-NDX,,Check Point Software Technologies Ltd. (Israel),Check Point Software Technologies Ltd. (Israel),,,9346.0,210846.0,0.0
2005-08-31,2005-10-27,a05-17151_5nq.htm,0001104659-05-050534,N-Q,SEC-MORGAN-NDX,,"VeriSign, Inc","VeriSign, Inc",,,9506.0,207231.0,0.0
2005-08-31,2005-10-27,a05-17151_5nq.htm,0001104659-05-050534,N-Q,SEC-MORGAN-NDX,,Microchip Technology Inc,Microchip Technology Inc,,,6607.0,205610.0,0.0
2005-08-31,2005-10-27,a05-17151_5nq.htm,0001104659-05-050534,N-Q,SEC-MORGAN-NDX,,"Comverse Technology, Inc","Comverse Technology, Inc",,,7940.0,204693.0,0.0
2005-08-31,2005-10-27,a05-17151_5nq.htm,0001104659-05-050534,N-Q,SEC-MORGAN-NDX,,"Patterson Companies, Inc","Patterson Companies, Inc",,,5023.0,201221.0,0.0
2005-08-31,2005-10-27,a05-17151_5nq.htm,0001104659-05-050534,N-Q,SEC-MORGAN-NDX,,"Pixar, Inc","Pixar, Inc",,,4529.0,198823.0,0.0
2005-08-31,2005-10-27,a05-17151_5nq.htm,0001104659-05-050534,N-Q,SEC-MORGAN-NDX,,"Wynn Resorts, Ltd","Wynn Resorts, Ltd",,,4135.0,197322.0,0.0
2005-08-31,2005-10-27,a05-17151_5nq.htm,0001104659-05-050534,N-Q,SEC-MORGAN-NDX,,"C.H. Robinson Worldwide, Inc","C.H. Robinson Worldwide, Inc",,,3194.0,197230.0,0.0
2005-08-31,2005-10-27,a05-17151_5nq.htm,0001104659-05-050534,N-Q,SEC-MORGAN-NDX,,American Power Conversion Corp,American Power Conversion Corp,,,7391.0,193422.0,0.0
2005-08-31,2005-10-27,a05-17151_5nq.htm,0001104659-05-050534,N-Q,SEC-MORGAN-NDX,,CDW Corp,CDW Corp,,,3232.0,190947.0,0.0
2005-08-31,2005-10-27,a05-17151_5nq.htm,0001104659-05-050534,N-Q,SEC-MORGAN-NDX,,"Sepracor, Inc","Sepracor, Inc",,,3800.0,190760.0,0.0
2005-08-31,2005-10-27,a05-17151_5nq.htm,0001104659-05-050534,N-Q,SEC-MORGAN-NDX,,"Siebel Systems, Inc","Siebel Systems, Inc",,,23069.0,190319.0,0.0
2005-08-31,2005-10-27,a05-17151_5nq.htm,0001104659-05-050534,N-Q,SEC-MORGAN-NDX,,"Citrix Systems, Inc","Citrix Systems, Inc",,,7665.0,182427.0,0.0
2005-08-31,2005-10-27,a05-17151_5nq.htm,0001104659-05-050534,N-Q,SEC-MORGAN-NDX,,Lam Research Corp,Lam Research Corp,,,5455.0,172924.0,0.0
2005-08-31,2005-10-27,a05-17151_5nq.htm,0001104659-05-050534,N-Q,SEC-MORGAN-NDX,,Telefonaktiebolaget LM Ericsson (ADR) (Sweden),Telefonaktiebolaget LM Ericsson (ADR) (Sweden),,,4876.0,170172.0,0.0
2005-08-31,2005-10-27,a05-17151_5nq.htm,0001104659-05-050534,N-Q,SEC-MORGAN-NDX,,Fastenal Co,Fastenal Co,,,2765.0,167504.0,0.0
2005-08-31,2005-10-27,a05-17151_5nq.htm,0001104659-05-050534,N-Q,SEC-MORGAN-NDX,,Invitrogen Corp,Invitrogen Corp,,,1858.0,157428.0,0.0
2005-08-31,2005-10-27,a05-17151_5nq.htm,0001104659-05-050534,N-Q,SEC-MORGAN-NDX,,Sigma-Aldrich Corp,Sigma-Aldrich Corp,,,2521.0,157310.0,0.0
2005-08-31,2005-10-27,a05-17151_5nq.htm,0001104659-05-050534,N-Q,SEC-MORGAN-NDX,,Career Education Corp,Career Education Corp,,,3982.0,156095.0,0.0
2005-08-31,2005-10-27,a05-17151_5nq.htm,0001104659-05-050534,N-Q,SEC-MORGAN-NDX,,"DENTSPLY International, Inc","DENTSPLY International, Inc",,,2941.0,155785.0,0.0
2005-08-31,2005-10-27,a05-17151_5nq.htm,0001104659-05-050534,N-Q,SEC-MORGAN-NDX,,"Lincare Holdings, Inc","Lincare Holdings, Inc",,,3640.0,154118.0,0.0
2005-08-31,2005-10-27,a05-17151_5nq.htm,0001104659-05-050534,N-Q,SEC-MORGAN-NDX,,"Novellus Systems, Inc","Novellus Systems, Inc",,,5366.0,143862.0,0.0
2005-08-31,2005-10-27,a05-17151_5nq.htm,0001104659-05-050534,N-Q,SEC-MORGAN-NDX,,"PETsMART, Inc","PETsMART, Inc",,,5402.0,139209.0,0.0
2005-08-31,2005-10-27,a05-17151_5nq.htm,0001104659-05-050534,N-Q,SEC-MORGAN-NDX,,"Ross Stores, Inc","Ross Stores, Inc",,,5545.0,137960.0,0.0
2005-08-31,2005-10-27,a05-17151_5nq.htm,0001104659-05-050534,N-Q,SEC-MORGAN-NDX,,Lamar Advertising Co. (Class A),Lamar Advertising Co. (Class A),,,3291.0,132364.0,0.0
2005-08-31,2005-10-27,a05-17151_5nq.htm,0001104659-05-050534,N-Q,SEC-MORGAN-NDX,,Mercury Interactive Corp,Mercury Interactive Corp,,,3514.0,128858.0,0.0
2005-08-31,2005-10-27,a05-17151_5nq.htm,0001104659-05-050534,N-Q,SEC-MORGAN-NDX,,"Millennium Pharmaceuticals, Inc","Millennium Pharmaceuticals, Inc",,,12856.0,128688.0,0.0
2005-08-31,2005-10-27,a05-17151_5nq.htm,0001104659-05-050534,N-Q,SEC-MORGAN-NDX,,Intersil Corp. (Class A),Intersil Corp. (Class A),,,5880.0,123480.0,0.0
2005-08-31,2005-10-27,a05-17151_5nq.htm,0001104659-05-050534,N-Q,SEC-MORGAN-NDX,,QLogic Corp,QLogic Corp,,,3569.0,123345.0,0.0
2005-08-31,2005-10-27,a05-17151_5nq.htm,0001104659-05-050534,N-Q,SEC-MORGAN-NDX,,"BEA Systems, Inc","BEA Systems, Inc",,,13850.0,122157.0,0.0
2005-08-31,2005-10-27,a05-17151_5nq.htm,0001104659-05-050534,N-Q,SEC-MORGAN-NDX,,ATI Technologies Inc. (Canada),ATI Technologies Inc. (Canada),,,9458.0,115198.0,0.0
2005-08-31,2005-10-27,a05-17151_5nq.htm,0001104659-05-050534,N-Q,SEC-MORGAN-NDX,,Sanmina-SCI Corp,Sanmina-SCI Corp,,,21383.0,108412.0,0.0
2005-08-31,2005-10-27,a05-17151_5nq.htm,0001104659-05-050534,N-Q,SEC-MORGAN-NDX,,Smurfit-Stone Container Corp,Smurfit-Stone Container Corp,,,9488.0,104748.0,0.0
2005-08-31,2005-10-27,a05-17151_5nq.htm,0001104659-05-050534,N-Q,SEC-MORGAN-NDX,,Molex Inc,Molex Inc,,,3771.0,100912.0,0.0
2005-08-31,2005-10-27,a05-17151_5nq.htm,0001104659-05-050534,N-Q,SEC-MORGAN-NDX,,JDS Uniphase Corp,JDS Uniphase Corp,,,62869.0,99962.0,0.0
2005-08-31,2005-10-27,a05-17151_5nq.htm,0001104659-05-050534,N-Q,SEC-MORGAN-NDX,,"Synopsys, Inc","Synopsys, Inc",,,5050.0,95950.0,0.0
2005-08-31,2005-10-27,a05-17151_5nq.htm,0001104659-05-050534,N-Q,SEC-MORGAN-NDX,,"Dollar Tree Stores, Inc","Dollar Tree Stores, Inc",,,3998.0,91034.0,0.0
2005-08-31,2005-10-27,a05-17151_5nq.htm,0001104659-05-050534,N-Q,SEC-MORGAN-NDX,,"Tellabs, Inc","Tellabs, Inc",,,9739.0,86580.0,0.0
2005-08-31,2005-10-27,a05-17151_5nq.htm,0001104659-05-050534,N-Q,SEC-MORGAN-NDX,,"Level 3 Communications, Inc","Level 3 Communications, Inc",,,26198.0,51610.0,0.0
2005-09-30,2005-12-02,g20122_seriesfundsncsrs.txt,0000935069-05-003302,N-CSRS,SEC-RYDEX-NDX,,Investment in Securities Lending Short Term Investment Portfolio Held by U.S. Bank (Note 9),Investment in Securities Lending Short Term Investment Portfolio Held by U.S. Bank (Note 9),,,209194920.0,209194920.0,0.0
2005-09-30,2005-12-02,g20122_seriesfundsncsrs.txt,0000935069-05-003302,N-CSRS,SEC-RYDEX-NDX,,"Qualcomm, Inc.+","Qualcomm, Inc.+",,,1294040.0,57908290.0,0.0
2005-09-30,2005-12-02,g20122_seriesfundsncsrs.txt,0000935069-05-003302,N-CSRS,SEC-RYDEX-NDX,,Microsoft Corp,Microsoft Corp,,,2193950.0,56450333.0,0.0
2005-09-30,2005-12-02,g20122_seriesfundsncsrs.txt,0000935069-05-003302,N-CSRS,SEC-RYDEX-NDX,,"Apple Computer, Inc","Apple Computer, Inc",,,811370.0,43497546.0,0.0
2005-09-30,2005-12-02,g20122_seriesfundsncsrs.txt,0000935069-05-003302,N-CSRS,SEC-RYDEX-NDX,,Intel Corp,Intel Corp,,,1676157.0,41317270.0,0.0
2005-09-30,2005-12-02,g20122_seriesfundsncsrs.txt,0000935069-05-003302,N-CSRS,SEC-RYDEX-NDX,,"Cisco Systems, Inc","Cisco Systems, Inc",,,2058650.0,36911595.0,0.0
2005-09-30,2005-12-02,g20122_seriesfundsncsrs.txt,0000935069-05-003302,N-CSRS,SEC-RYDEX-NDX,,"Amgen, Inc","Amgen, Inc",,,420960.0,33537883.0,0.0
2005-09-30,2005-12-02,g20122_seriesfundsncsrs.txt,0000935069-05-003302,N-CSRS,SEC-RYDEX-NDX,,"Dell, Inc","Dell, Inc",,,870218.0,29761455.0,0.0
2005-09-30,2005-12-02,g20122_seriesfundsncsrs.txt,0000935069-05-003302,N-CSRS,SEC-RYDEX-NDX,,"eBay, Inc","eBay, Inc",,,652780.0,26894536.0,0.0
2005-09-30,2005-12-02,g20122_seriesfundsncsrs.txt,0000935069-05-003302,N-CSRS,SEC-RYDEX-NDX,,"Yahoo!, Inc.*+","Yahoo!, Inc.*+",,,621120.0,21018701.0,0.0
2005-09-30,2005-12-02,g20122_seriesfundsncsrs.txt,0000935069-05-003302,N-CSRS,SEC-RYDEX-NDX,,Starbucks Corp,Starbucks Corp,,,386980.0,19387698.0,0.0
2005-09-30,2005-12-02,g20122_seriesfundsncsrs.txt,0000935069-05-003302,N-CSRS,SEC-RYDEX-NDX,,Symantec Corp.*+,Symantec Corp.*+,,,835750.0,18938095.0,0.0
2005-09-30,2005-12-02,g20122_seriesfundsncsrs.txt,0000935069-05-003302,N-CSRS,SEC-RYDEX-NDX,,Comcast Corp. -- Class A*+,Comcast Corp. -- Class A*+,,,610010.0,17922094.0,0.0
2005-09-30,2005-12-02,g20122_seriesfundsncsrs.txt,0000935069-05-003302,N-CSRS,SEC-RYDEX-NDX,,"Applied Materials, Inc","Applied Materials, Inc",,,1005767.0,17057808.0,0.0
2005-09-30,2005-12-02,g20122_seriesfundsncsrs.txt,0000935069-05-003302,N-CSRS,SEC-RYDEX-NDX,,Oracle Corp,Oracle Corp,,,1372070.0,16999947.0,0.0
2005-09-30,2005-12-02,g20122_seriesfundsncsrs.txt,0000935069-05-003302,N-CSRS,SEC-RYDEX-NDX,,"Gilead Sciences, Inc.*+","Gilead Sciences, Inc.*+",,,332620.0,16218551.0,0.0
2005-09-30,2005-12-02,g20122_seriesfundsncsrs.txt,0000935069-05-003302,N-CSRS,SEC-RYDEX-NDX,,KLA-Tencor Corp.+,KLA-Tencor Corp.+,,,310772.0,15153243.0,0.0
2005-09-30,2005-12-02,g20122_seriesfundsncsrs.txt,0000935069-05-003302,N-CSRS,SEC-RYDEX-NDX,,Genzyme Corp,Genzyme Corp,,,209390.0,15000700.0,0.0
2005-09-30,2005-12-02,g20122_seriesfundsncsrs.txt,0000935069-05-003302,N-CSRS,SEC-RYDEX-NDX,,Sears Holdings Corp.*+,Sears Holdings Corp.*+,,,119845.0,14911115.0,0.0
2005-09-30,2005-12-02,g20122_seriesfundsncsrs.txt,0000935069-05-003302,N-CSRS,SEC-RYDEX-NDX,,"Intuit, Inc.*+","Intuit, Inc.*+",,,315776.0,14149923.0,0.0
2005-09-30,2005-12-02,g20122_seriesfundsncsrs.txt,0000935069-05-003302,N-CSRS,SEC-RYDEX-NDX,,3.24% due 10/03/05,3.24% due 10/03/05,,,13432700.0,13432700.0,0.0
2005-09-30,2005-12-02,g20122_seriesfundsncsrs.txt,0000935069-05-003302,N-CSRS,SEC-RYDEX-NDX,,IAC/InterActiveCorp*+,IAC/InterActiveCorp*+,,,499860.0,12671451.0,0.0
2005-09-30,2005-12-02,g20122_seriesfundsncsrs.txt,0000935069-05-003302,N-CSRS,SEC-RYDEX-NDX,,"Novellus Systems, Inc.*+","Novellus Systems, Inc.*+",,,496482.0,12451769.0,0.0
2005-09-30,2005-12-02,g20122_seriesfundsncsrs.txt,0000935069-05-003302,N-CSRS,SEC-RYDEX-NDX,,Teva Pharmaceutical Industries Ltd. -- SP ADR+,Teva Pharmaceutical Industries Ltd. -- SP ADR+,,,309930.0,10357861.0,0.0
2005-09-30,2005-12-02,g20122_seriesfundsncsrs.txt,0000935069-05-003302,N-CSRS,SEC-RYDEX-NDX,,"Adobe Systems, Inc.+","Adobe Systems, Inc.+",,,338269.0,10097330.0,0.0
2005-09-30,2005-12-02,g20122_seriesfundsncsrs.txt,0000935069-05-003302,N-CSRS,SEC-RYDEX-NDX,,"Electronic Arts, Inc.*+","Electronic Arts, Inc.*+",,,170290.0,9687798.0,0.0
2005-09-30,2005-12-02,g20122_seriesfundsncsrs.txt,0000935069-05-003302,N-CSRS,SEC-RYDEX-NDX,,"Staples, Inc","Staples, Inc",,,442750.0,9439430.0,0.0
2005-09-30,2005-12-02,g20122_seriesfundsncsrs.txt,0000935069-05-003302,N-CSRS,SEC-RYDEX-NDX,,"Biogen Idec, Inc","Biogen Idec, Inc",,,233470.0,9217396.0,0.0
2005-09-30,2005-12-02,g20122_seriesfundsncsrs.txt,0000935069-05-003302,N-CSRS,SEC-RYDEX-NDX,,Marvell Technology Group Ltd.*+,Marvell Technology Group Ltd.*+,,,197090.0,9087820.0,0.0
2005-09-30,2005-12-02,g20122_seriesfundsncsrs.txt,0000935069-05-003302,N-CSRS,SEC-RYDEX-NDX,,"Bed Bath & Beyond, Inc.*+","Bed Bath & Beyond, Inc.*+",,,224160.0,9006749.0,0.0
2005-09-30,2005-12-02,g20122_seriesfundsncsrs.txt,0000935069-05-003302,N-CSRS,SEC-RYDEX-NDX,,"Paccar, Inc","Paccar, Inc",,,128070.0,8694672.0,0.0
2005-09-30,2005-12-02,g20122_seriesfundsncsrs.txt,0000935069-05-003302,N-CSRS,SEC-RYDEX-NDX,,Research In Motion Ltd.*+,Research In Motion Ltd.*+,,,124030.0,8483652.0,0.0
2005-09-30,2005-12-02,g20122_seriesfundsncsrs.txt,0000935069-05-003302,N-CSRS,SEC-RYDEX-NDX,,Costco Wholesale Corp.+,Costco Wholesale Corp.+,,,195300.0,8415477.0,0.0
2005-09-30,2005-12-02,g20122_seriesfundsncsrs.txt,0000935069-05-003302,N-CSRS,SEC-RYDEX-NDX,,Lamar Advertising Co.*+,Lamar Advertising Co.*+,,,179580.0,8145749.0,0.0
2005-09-30,2005-12-02,g20122_seriesfundsncsrs.txt,0000935069-05-003302,N-CSRS,SEC-RYDEX-NDX,,"Paychex, Inc.+","Paychex, Inc.+",,,211860.0,7855769.0,0.0
2005-09-30,2005-12-02,g20122_seriesfundsncsrs.txt,0000935069-05-003302,N-CSRS,SEC-RYDEX-NDX,,"Biomet, Inc.+","Biomet, Inc.+",,,223759.0,7766675.0,0.0
2005-09-30,2005-12-02,g20122_seriesfundsncsrs.txt,0000935069-05-003302,N-CSRS,SEC-RYDEX-NDX,,Sandisk Corp.*+,Sandisk Corp.*+,,,157500.0,7599375.0,0.0
2005-09-30,2005-12-02,g20122_seriesfundsncsrs.txt,0000935069-05-003302,N-CSRS,SEC-RYDEX-NDX,,Lam Research Corp.*+,Lam Research Corp.*+,,,238300.0,7261001.0,0.0
2005-09-30,2005-12-02,g20122_seriesfundsncsrs.txt,0000935069-05-003302,N-CSRS,SEC-RYDEX-NDX,,"Autodesk, Inc","Autodesk, Inc",,,152870.0,7099283.0,0.0
2005-09-30,2005-12-02,g20122_seriesfundsncsrs.txt,0000935069-05-003302,N-CSRS,SEC-RYDEX-NDX,,"XM Satellite Radio Holdings, Inc.*+","XM Satellite Radio Holdings, Inc.*+",,,197627.0,7096785.0,0.0
2005-09-30,2005-12-02,g20122_seriesfundsncsrs.txt,0000935069-05-003302,N-CSRS,SEC-RYDEX-NDX,,Check Point Software Technologies Ltd.*+,Check Point Software Technologies Ltd.*+,,,290665.0,7068973.0,0.0
2005-09-30,2005-12-02,g20122_seriesfundsncsrs.txt,0000935069-05-003302,N-CSRS,SEC-RYDEX-NDX,,"Network Appliance, Inc","Network Appliance, Inc",,,288050.0,6838307.0,0.0
2005-09-30,2005-12-02,g20122_seriesfundsncsrs.txt,0000935069-05-003302,N-CSRS,SEC-RYDEX-NDX,,Linear Technology Corp.+,Linear Technology Corp.+,,,180860.0,6798527.0,0.0
2005-09-30,2005-12-02,g20122_seriesfundsncsrs.txt,0000935069-05-003302,N-CSRS,SEC-RYDEX-NDX,,"Medimmune, Inc","Medimmune, Inc",,,191790.0,6453733.0,0.0
2005-09-30,2005-12-02,g20122_seriesfundsncsrs.txt,0000935069-05-003302,N-CSRS,SEC-RYDEX-NDX,,"Sirius Satellite Radio, Inc.*+","Sirius Satellite Radio, Inc.*+",,,972350.0,6368892.0,0.0
2005-09-30,2005-12-02,g20122_seriesfundsncsrs.txt,0000935069-05-003302,N-CSRS,SEC-RYDEX-NDX,,"MCI, Inc","MCI, Inc",,,240980.0,6113663.0,0.0
2005-09-30,2005-12-02,g20122_seriesfundsncsrs.txt,0000935069-05-003302,N-CSRS,SEC-RYDEX-NDX,,"VeriSign, Inc.*+","VeriSign, Inc.*+",,,284511.0,6080000.0,0.0
2005-09-30,2005-12-02,g20122_seriesfundsncsrs.txt,0000935069-05-003302,N-CSRS,SEC-RYDEX-NDX,,"Express Scripts, Inc.*+","Express Scripts, Inc.*+",,,97035.0,6035577.0,0.0
2005-09-30,2005-12-02,g20122_seriesfundsncsrs.txt,0000935069-05-003302,N-CSRS,SEC-RYDEX-NDX,,"Fiserv, Inc.*+","Fiserv, Inc.*+",,,130130.0,5969063.0,0.0
2005-09-30,2005-12-02,g20122_seriesfundsncsrs.txt,0000935069-05-003302,N-CSRS,SEC-RYDEX-NDX,,"Maxim Integrated Products, Inc","Maxim Integrated Products, Inc",,,137210.0,5852007.0,0.0
2005-09-30,2005-12-02,g20122_seriesfundsncsrs.txt,0000935069-05-003302,N-CSRS,SEC-RYDEX-NDX,,Chiron Corp,Chiron Corp,,,131290.0,5726870.0,0.0
2005-09-30,2005-12-02,g20122_seriesfundsncsrs.txt,0000935069-05-003302,N-CSRS,SEC-RYDEX-NDX,,Broadcom Corp. -- Class A,Broadcom Corp. -- Class A,,,118740.0,5570093.0,0.0
2005-09-30,2005-12-02,g20122_seriesfundsncsrs.txt,0000935069-05-003302,N-CSRS,SEC-RYDEX-NDX,,"Juniper Networks, Inc.*+","Juniper Networks, Inc.*+",,,233780.0,5561626.0,0.0
2005-09-30,2005-12-02,g20122_seriesfundsncsrs.txt,0000935069-05-003302,N-CSRS,SEC-RYDEX-NDX,,Cintas Corp.+,Cintas Corp.+,,,134460.0,5519583.0,0.0
2005-09-30,2005-12-02,g20122_seriesfundsncsrs.txt,0000935069-05-003302,N-CSRS,SEC-RYDEX-NDX,,"Apollo Group, Inc. -- Class A*+","Apollo Group, Inc. -- Class A*+",,,83080.0,5515681.0,0.0
2005-09-30,2005-12-02,g20122_seriesfundsncsrs.txt,0000935069-05-003302,N-CSRS,SEC-RYDEX-NDX,,"BEA Systems, Inc","BEA Systems, Inc",,,613838.0,5512265.0,0.0
2005-09-30,2005-12-02,g20122_seriesfundsncsrs.txt,0000935069-05-003302,N-CSRS,SEC-RYDEX-NDX,,"Whole Foods Market, Inc.+","Whole Foods Market, Inc.+",,,40420.0,5434469.0,0.0
2005-09-30,2005-12-02,g20122_seriesfundsncsrs.txt,0000935069-05-003302,N-CSRS,SEC-RYDEX-NDX,,Celgene Corp.*+,Celgene Corp.*+,,,96400.0,5236448.0,0.0
2005-09-30,2005-12-02,g20122_seriesfundsncsrs.txt,0000935069-05-003302,N-CSRS,SEC-RYDEX-NDX,,Career Education Corp.*+,Career Education Corp.*+,,,143847.0,5115200.0,0.0
2005-09-30,2005-12-02,g20122_seriesfundsncsrs.txt,0000935069-05-003302,N-CSRS,SEC-RYDEX-NDX,,"NTL, Inc","NTL, Inc",,,75680.0,5055424.0,0.0
2005-09-30,2005-12-02,g20122_seriesfundsncsrs.txt,0000935069-05-003302,N-CSRS,SEC-RYDEX-NDX,,Invitrogen Corp.*+,Invitrogen Corp.*+,,,62290.0,4686077.0,0.0
2005-09-30,2005-12-02,g20122_seriesfundsncsrs.txt,0000935069-05-003302,N-CSRS,SEC-RYDEX-NDX,,"Comverse Technology, Inc.*+","Comverse Technology, Inc.*+",,,171560.0,4506881.0,0.0
2005-09-30,2005-12-02,g20122_seriesfundsncsrs.txt,0000935069-05-003302,N-CSRS,SEC-RYDEX-NDX,,"Sepracor, Inc.*+","Sepracor, Inc.*+",,,71104.0,4194425.0,0.0
2005-09-30,2005-12-02,g20122_seriesfundsncsrs.txt,0000935069-05-003302,N-CSRS,SEC-RYDEX-NDX,,Garmin Ltd.+,Garmin Ltd.+,,,61740.0,4187824.0,0.0
2005-09-30,2005-12-02,g20122_seriesfundsncsrs.txt,0000935069-05-003302,N-CSRS,SEC-RYDEX-NDX,,"Expeditors International Washington, Inc.+","Expeditors International Washington, Inc.+",,,72210.0,4100084.0,0.0
2005-09-30,2005-12-02,g20122_seriesfundsncsrs.txt,0000935069-05-003302,N-CSRS,SEC-RYDEX-NDX,,"Citrix Systems, Inc","Citrix Systems, Inc",,,159150.0,4001031.0,0.0
2005-09-30,2005-12-02,g20122_seriesfundsncsrs.txt,0000935069-05-003302,N-CSRS,SEC-RYDEX-NDX,,Mercury Interactive Corp.*+,Mercury Interactive Corp.*+,,,99591.0,3943804.0,0.0
2005-09-30,2005-12-02,g20122_seriesfundsncsrs.txt,0000935069-05-003302,N-CSRS,SEC-RYDEX-NDX,,"Liberty Global, Inc. -- Class A*+","Liberty Global, Inc. -- Class A*+",,,144020.0,3900062.0,0.0
2005-09-30,2005-12-02,g20122_seriesfundsncsrs.txt,0000935069-05-003302,N-CSRS,SEC-RYDEX-NDX,,Cognizant Technology Solutions Corp,Cognizant Technology Solutions Corp,,,83390.0,3885140.0,0.0
2005-09-30,2005-12-02,g20122_seriesfundsncsrs.txt,0000935069-05-003302,N-CSRS,SEC-RYDEX-NDX,,"Patterson Cos., Inc.*+","Patterson Cos., Inc.*+",,,95900.0,3838877.0,0.0
2005-09-30,2005-12-02,g20122_seriesfundsncsrs.txt,0000935069-05-003302,N-CSRS,SEC-RYDEX-NDX,,"Amazon.com, Inc.*+","Amazon.com, Inc.*+",,,78130.0,3539289.0,0.0
2005-09-30,2005-12-02,g20122_seriesfundsncsrs.txt,0000935069-05-003302,N-CSRS,SEC-RYDEX-NDX,,"C.H. Robinson Worldwide, Inc.+","C.H. Robinson Worldwide, Inc.+",,,54030.0,3464403.0,0.0
2005-09-30,2005-12-02,g20122_seriesfundsncsrs.txt,0000935069-05-003302,N-CSRS,SEC-RYDEX-NDX,,Fastenal Co.+,Fastenal Co.+,,,56074.0,3425561.0,0.0
2005-09-30,2005-12-02,g20122_seriesfundsncsrs.txt,0000935069-05-003302,N-CSRS,SEC-RYDEX-NDX,,American Power Conversion Corp,American Power Conversion Corp,,,130210.0,3372439.0,0.0
2005-09-30,2005-12-02,g20122_seriesfundsncsrs.txt,0000935069-05-003302,N-CSRS,SEC-RYDEX-NDX,,QLogic Corp,QLogic Corp,,,97080.0,3320136.0,0.0
2005-09-30,2005-12-02,g20122_seriesfundsncsrs.txt,0000935069-05-003302,N-CSRS,SEC-RYDEX-NDX,,"Ross Stores, Inc","Ross Stores, Inc",,,135260.0,3205662.0,0.0
2005-09-30,2005-12-02,g20122_seriesfundsncsrs.txt,0000935069-05-003302,N-CSRS,SEC-RYDEX-NDX,,Wynn Resorts Ltd.*+,Wynn Resorts Ltd.*+,,,67890.0,3065233.0,0.0
2005-09-30,2005-12-02,g20122_seriesfundsncsrs.txt,0000935069-05-003302,N-CSRS,SEC-RYDEX-NDX,,EchoStar Communications Corp,EchoStar Communications Corp,,,102310.0,3025307.0,0.0
2005-09-30,2005-12-02,g20122_seriesfundsncsrs.txt,0000935069-05-003302,N-CSRS,SEC-RYDEX-NDX,,"DENTSPLY International, Inc","DENTSPLY International, Inc",,,55150.0,2979203.0,0.0
2005-09-30,2005-12-02,g20122_seriesfundsncsrs.txt,0000935069-05-003302,N-CSRS,SEC-RYDEX-NDX,,Sigma-Aldrich Corp,Sigma-Aldrich Corp,,,40210.0,2575853.0,0.0
2005-09-30,2005-12-02,g20122_seriesfundsncsrs.txt,0000935069-05-003302,N-CSRS,SEC-RYDEX-NDX,,"Microchip Technology, Inc","Microchip Technology, Inc",,,83630.0,2518936.0,0.0
2005-09-30,2005-12-02,g20122_seriesfundsncsrs.txt,0000935069-05-003302,N-CSRS,SEC-RYDEX-NDX,,"Lincare Holdings, Inc.*+","Lincare Holdings, Inc.*+",,,56430.0,2316451.0,0.0
2005-09-30,2005-12-02,g20122_seriesfundsncsrs.txt,0000935069-05-003302,N-CSRS,SEC-RYDEX-NDX,,Smurfit-Stone Container Corp.*+,Smurfit-Stone Container Corp.*+,,,205650.0,2130534.0,0.0
2005-09-30,2005-12-02,g20122_seriesfundsncsrs.txt,0000935069-05-003302,N-CSRS,SEC-RYDEX-NDX,,CDW Corp.+,CDW Corp.+,,,29690.0,1749335.0,0.0
2005-09-30,2005-12-02,g20122_seriesfundsncsrs.txt,0000935069-05-003302,N-CSRS,SEC-RYDEX-NDX,,JDS Uniphase Corp.*+,JDS Uniphase Corp.*+,,,761170.0,1689797.0,0.0
2005-09-30,2005-12-02,g20122_seriesfundsncsrs.txt,0000935069-05-003302,N-CSRS,SEC-RYDEX-NDX,,"Petsmart, Inc","Petsmart, Inc",,,68650.0,1495197.0,0.0
2005-09-30,2005-12-02,g20122_seriesfundsncsrs.txt,0000935069-05-003302,N-CSRS,SEC-RYDEX-NDX,,Sanmina-SCI Corp,Sanmina-SCI Corp,,,277440.0,1190217.0,0.0
2005-09-30,2005-12-02,g20122_seriesfundsncsrs.txt,0000935069-05-003302,N-CSRS,SEC-RYDEX-NDX,,"Level 3 Communications, Inc.*+","Level 3 Communications, Inc.*+",,,510336.0,1183979.0,0.0
2005-09-30,2005-12-02,g20122_seriesfundsncsrs.txt,0000935069-05-003302,N-CSRS,SEC-RYDEX-NDX,,"Dollar Tree Stores, Inc.*+","Dollar Tree Stores, Inc.*+",,,49000.0,1060850.0,0.0
2005-09-30,2005-12-02,g20122_seriesfundsncsrs.txt,0000935069-05-003302,N-CSRS,SEC-RYDEX-NDX,,"Contracts $31,272,800)","Contracts $31,272,800)",,,970.0,56557.0,0.0
2005-09-30,2005-12-02,g20122_seriesfundsncsrs.txt,0000935069-05-003302,N-CSRS,SEC-RYDEX-NDX,,* NON-INCOME PRODUCING SECURITY. + ALL OR A PORTION OF THIS SECURITY IS ON LOAN AT SEPTEMBER,* NON-INCOME PRODUCING SECURITY. + ALL OR A PORTION OF THIS SECURITY IS ON LOAN AT SEPTEMBER,,,30.0,2005.0,0.0
2005-11-30,2006-02-08,a2166375zn-csr.txt,0001047469-06-001563,N-CSR,SEC-MORGAN-NDX,,RESPECTIVELY),RESPECTIVELY),,,52263563.0,56707071.0,0.0
2005-11-30,2006-02-08,a2166375zn-csr.txt,0001047469-06-001563,N-CSR,SEC-MORGAN-NDX,,NET ASSETS: Beginning of period,NET ASSETS: Beginning of period,,,56707071.0,51013086.0,0.0
2005-11-30,2006-02-08,a2166375zn-csr.txt,0001047469-06-001563,N-CSR,SEC-MORGAN-NDX,,Sold,Sold,,,720134.0,6260355.0,0.0
2005-11-30,2006-02-08,a2166375zn-csr.txt,0001047469-06-001563,N-CSR,SEC-MORGAN-NDX,,Net change in unrealized appreciation,Net change in unrealized appreciation,,,2722450.0,5823533.0,0.0
2005-11-30,2006-02-08,a2166375zn-csr.txt,0001047469-06-001563,N-CSR,SEC-MORGAN-NDX,,Net increase -- Class A,Net increase -- Class A,,,658677.0,5544380.0,0.0
2005-11-30,2006-02-08,a2166375zn-csr.txt,0001047469-06-001563,N-CSR,SEC-MORGAN-NDX,,NET INCREASE,NET INCREASE,,,2501928.0,4418566.0,0.0
2005-11-30,2006-02-08,a2166375zn-csr.txt,0001047469-06-001563,N-CSR,SEC-MORGAN-NDX,,130 Long Nasdaq-100 E-Mini December,130 Long Nasdaq-100 E-Mini December,,,2005.0,4355000.0,0.0
2005-11-30,2006-02-08,a2166375zn-csr.txt,0001047469-06-001563,N-CSR,SEC-MORGAN-NDX,,TOTAL NON-AUDIT FEES,TOTAL NON-AUDIT FEES,,,4960.0,3826295.0,0.0
2005-11-30,2006-02-08,a2166375zn-csr.txt,0001047469-06-001563,N-CSR,SEC-MORGAN-NDX,,TOTAL,TOTAL,,,30620.0,3826295.0,0.0
2005-11-30,2006-02-08,a2166375zn-csr.txt,0001047469-06-001563,N-CSR,SEC-MORGAN-NDX,,Sold,Sold,,,414380.0,3537084.0,0.0
2005-11-30,2006-02-08,a2166375zn-csr.txt,0001047469-06-001563,N-CSR,SEC-MORGAN-NDX,,Microsoft Corp,Microsoft Corp,,,127112.0,3522274.0,0.0
2005-11-30,2006-02-08,a2166375zn-csr.txt,0001047469-06-001563,N-CSR,SEC-MORGAN-NDX,,QUALCOMM Inc,QUALCOMM Inc,,,68002.0,3092051.0,0.0
2005-11-30,2006-02-08,a2166375zn-csr.txt,0001047469-06-001563,N-CSR,SEC-MORGAN-NDX,,Conversion from Class B,Conversion from Class B,,,361366.0,2969479.0,0.0
2005-11-30,2006-02-08,a2166375zn-csr.txt,0001047469-06-001563,N-CSR,SEC-MORGAN-NDX,,"Apple Computer, Inc","Apple Computer, Inc",,,39904.0,2706289.0,0.0
2005-11-30,2006-02-08,a2166375zn-csr.txt,0001047469-06-001563,N-CSR,SEC-MORGAN-NDX,,Sold,Sold,,,250710.0,2325669.0,0.0
2005-11-30,2006-02-08,a2166375zn-csr.txt,0001047469-06-001563,N-CSR,SEC-MORGAN-NDX,,Intel Corp,Intel Corp,,,73559.0,1962554.0,0.0
2005-11-30,2006-02-08,a2166375zn-csr.txt,0001047469-06-001563,N-CSR,SEC-MORGAN-NDX,,Net increase -- Class D,Net increase -- Class D,,,187248.0,1766671.0,0.0
2005-11-30,2006-02-08,a2166375zn-csr.txt,0001047469-06-001563,N-CSR,SEC-MORGAN-NDX,,Amgen Inc,Amgen Inc,,,19826.0,1604518.0,0.0
2005-11-30,2006-02-08,a2166375zn-csr.txt,0001047469-06-001563,N-CSR,SEC-MORGAN-NDX,,"eBay, Inc","eBay, Inc",,,34813.0,1559971.0,0.0
2005-11-30,2006-02-08,a2166375zn-csr.txt,0001047469-06-001563,N-CSR,SEC-MORGAN-NDX,,Sold,Sold,,,168745.0,1459330.0,0.0
2005-11-30,2006-02-08,a2166375zn-csr.txt,0001047469-06-001563,N-CSR,SEC-MORGAN-NDX,,"Cisco Systems, Inc","Cisco Systems, Inc",,,78716.0,1380679.0,0.0
2005-11-30,2006-02-08,a2166375zn-csr.txt,0001047469-06-001563,N-CSR,SEC-MORGAN-NDX,,"Net increase (decrease) in Fund (851,527) $ (6,945,436)","Net increase (decrease) in Fund (851,527) $ (6,945,436)",,,117562.0,1275419.0,0.0
2005-11-30,2006-02-08,a2166375zn-csr.txt,0001047469-06-001563,N-CSR,SEC-MORGAN-NDX,,7 Long Nasdaq-100 Index December,7 Long Nasdaq-100 Index December,,,2005.0,1172500.0,0.0
2005-11-30,2006-02-08,a2166375zn-csr.txt,0001047469-06-001563,N-CSR,SEC-MORGAN-NDX,,Starbucks Corp,Starbucks Corp,,,36838.0,1121717.0,0.0
2005-11-30,2006-02-08,a2166375zn-csr.txt,0001047469-06-001563,N-CSR,SEC-MORGAN-NDX,,"Yahoo!, Inc","Yahoo!, Inc",,,23351.0,939411.0,0.0
2005-11-30,2006-02-08,a2166375zn-csr.txt,0001047469-06-001563,N-CSR,SEC-MORGAN-NDX,,Oracle Corp,Oracle Corp,,,74266.0,933524.0,0.0
2005-11-30,2006-02-08,a2166375zn-csr.txt,0001047469-06-001563,N-CSR,SEC-MORGAN-NDX,,"Dell, Inc","Dell, Inc",,,30408.0,917105.0,0.0
2005-11-30,2006-02-08,a2166375zn-csr.txt,0001047469-06-001563,N-CSR,SEC-MORGAN-NDX,,"Net increase (decrease) -- Class C (148,516) (1,282,357)","Net increase (decrease) -- Class C (148,516) (1,282,357)",,,104414.0,876373.0,0.0
2005-11-30,2006-02-08,a2166375zn-csr.txt,0001047469-06-001563,N-CSR,SEC-MORGAN-NDX,,Comcast Corp. (Class A),Comcast Corp. (Class A),,,32881.0,868058.0,0.0
2005-11-30,2006-02-08,a2166375zn-csr.txt,0001047469-06-001563,N-CSR,SEC-MORGAN-NDX,,Genzyme Corp,Genzyme Corp,,,11094.0,824728.0,0.0
2005-11-30,2006-02-08,a2166375zn-csr.txt,0001047469-06-001563,N-CSR,SEC-MORGAN-NDX,,"Gilead Sciences, Inc","Gilead Sciences, Inc",,,15480.0,784681.0,0.0
2005-11-30,2006-02-08,a2166375zn-csr.txt,0001047469-06-001563,N-CSR,SEC-MORGAN-NDX,,Symantec Corp,Symantec Corp,,,38982.0,688812.0,0.0
2005-11-30,2006-02-08,a2166375zn-csr.txt,0001047469-06-001563,N-CSR,SEC-MORGAN-NDX,,Sears Holdings Corp,Sears Holdings Corp,,,5946.0,683909.0,0.0
2005-11-30,2006-02-08,a2166375zn-csr.txt,0001047469-06-001563,N-CSR,SEC-MORGAN-NDX,,Teva Pharmaceutical Industries Ltd. (ADR) (Israel),Teva Pharmaceutical Industries Ltd. (ADR) (Israel),,,16538.0,676073.0,0.0
2005-11-30,2006-02-08,a2166375zn-csr.txt,0001047469-06-001563,N-CSR,SEC-MORGAN-NDX,,"Electronic Arts, Inc","Electronic Arts, Inc",,,10549.0,594542.0,0.0
2005-11-30,2006-02-08,a2166375zn-csr.txt,0001047469-06-001563,N-CSR,SEC-MORGAN-NDX,,Bed Bath & Beyond Inc,Bed Bath & Beyond Inc,,,13712.0,584954.0,0.0
2005-11-30,2006-02-08,a2166375zn-csr.txt,0001047469-06-001563,N-CSR,SEC-MORGAN-NDX,,"Maxim Integrated Products, Inc","Maxim Integrated Products, Inc",,,15844.0,579098.0,0.0
2005-11-30,2006-02-08,a2166375zn-csr.txt,0001047469-06-001563,N-CSR,SEC-MORGAN-NDX,,Biogen Idec Inc,Biogen Idec Inc,,,12680.0,542831.0,0.0
2005-11-30,2006-02-08,a2166375zn-csr.txt,0001047469-06-001563,N-CSR,SEC-MORGAN-NDX,,"Adobe Systems, Inc","Adobe Systems, Inc",,,16633.0,542402.0,0.0
2005-11-30,2006-02-08,a2166375zn-csr.txt,0001047469-06-001563,N-CSR,SEC-MORGAN-NDX,,Linear Technology Corp,Linear Technology Corp,,,14137.0,527451.0,0.0
2005-11-30,2006-02-08,a2166375zn-csr.txt,0001047469-06-001563,N-CSR,SEC-MORGAN-NDX,,"Paychex, Inc","Paychex, Inc",,,12395.0,525672.0,0.0
2005-11-30,2006-02-08,a2166375zn-csr.txt,0001047469-06-001563,N-CSR,SEC-MORGAN-NDX,,"Applied Materials, Inc","Applied Materials, Inc",,,28928.0,523886.0,0.0
2005-11-30,2006-02-08,a2166375zn-csr.txt,0001047469-06-001563,N-CSR,SEC-MORGAN-NDX,,"Marvell Technology Group, Ltd. (Bermuda)","Marvell Technology Group, Ltd. (Bermuda)",,,9221.0,512134.0,0.0
2005-11-30,2006-02-08,a2166375zn-csr.txt,0001047469-06-001563,N-CSR,SEC-MORGAN-NDX,,"PACCAR, Inc","PACCAR, Inc",,,6625.0,476073.0,0.0
2005-11-30,2006-02-08,a2166375zn-csr.txt,0001047469-06-001563,N-CSR,SEC-MORGAN-NDX,,"Amazon.com, Inc","Amazon.com, Inc",,,9429.0,456929.0,0.0
2005-11-30,2006-02-08,a2166375zn-csr.txt,0001047469-06-001563,N-CSR,SEC-MORGAN-NDX,,"Apollo Group, Inc. (Class A)","Apollo Group, Inc. (Class A)",,,6295.0,448204.0,0.0
2005-11-30,2006-02-08,a2166375zn-csr.txt,0001047469-06-001563,N-CSR,SEC-MORGAN-NDX,,Costco Wholesale Corp,Costco Wholesale Corp,,,8702.0,434926.0,0.0
2005-11-30,2006-02-08,a2166375zn-csr.txt,0001047469-06-001563,N-CSR,SEC-MORGAN-NDX,,"Xilinx, Inc","Xilinx, Inc",,,15985.0,422643.0,0.0
2005-11-30,2006-02-08,a2166375zn-csr.txt,0001047469-06-001563,N-CSR,SEC-MORGAN-NDX,,KLA-Tencor Corp,KLA-Tencor Corp,,,8255.0,422573.0,0.0
2005-11-30,2006-02-08,a2166375zn-csr.txt,0001047469-06-001563,N-CSR,SEC-MORGAN-NDX,,Intuit Inc,Intuit Inc,,,7871.0,421649.0,0.0
2005-11-30,2006-02-08,a2166375zn-csr.txt,0001047469-06-001563,N-CSR,SEC-MORGAN-NDX,,Broadcom Corp. (Class A),Broadcom Corp. (Class A),,,8878.0,413182.0,0.0
2005-11-30,2006-02-08,a2166375zn-csr.txt,0001047469-06-001563,N-CSR,SEC-MORGAN-NDX,,"Biomet, Inc","Biomet, Inc",,,11586.0,412693.0,0.0
2005-11-30,2006-02-08,a2166375zn-csr.txt,0001047469-06-001563,N-CSR,SEC-MORGAN-NDX,,Research In Motion Ltd. (Canada),Research In Motion Ltd. (Canada),,,6581.0,402297.0,0.0
2005-11-30,2006-02-08,a2166375zn-csr.txt,0001047469-06-001563,N-CSR,SEC-MORGAN-NDX,,Chiron Corp,Chiron Corp,,,9059.0,401314.0,0.0
2005-11-30,2006-02-08,a2166375zn-csr.txt,0001047469-06-001563,N-CSR,SEC-MORGAN-NDX,,"Staples, Inc","Staples, Inc",,,17018.0,393116.0,0.0
2005-11-30,2006-02-08,a2166375zn-csr.txt,0001047469-06-001563,N-CSR,SEC-MORGAN-NDX,,"Network Appliance, Inc","Network Appliance, Inc",,,13264.0,386248.0,0.0
2005-11-30,2006-02-08,a2166375zn-csr.txt,0001047469-06-001563,N-CSR,SEC-MORGAN-NDX,,"Express Scripts, Inc","Express Scripts, Inc",,,4573.0,386236.0,0.0
2005-11-30,2006-02-08,a2166375zn-csr.txt,0001047469-06-001563,N-CSR,SEC-MORGAN-NDX,,"Fiserv, Inc","Fiserv, Inc",,,8113.0,369223.0,0.0
2005-11-30,2006-02-08,a2166375zn-csr.txt,0001047469-06-001563,N-CSR,SEC-MORGAN-NDX,,Sirius Satellite Radio Inc,Sirius Satellite Radio Inc,,,49575.0,354461.0,0.0
2005-11-30,2006-02-08,a2166375zn-csr.txt,0001047469-06-001563,N-CSR,SEC-MORGAN-NDX,,Celgene Corp,Celgene Corp,,,5739.0,349620.0,0.0
2005-11-30,2006-02-08,a2166375zn-csr.txt,0001047469-06-001563,N-CSR,SEC-MORGAN-NDX,,"Autodesk, Inc","Autodesk, Inc",,,8205.0,342313.0,0.0
2005-11-30,2006-02-08,a2166375zn-csr.txt,0001047469-06-001563,N-CSR,SEC-MORGAN-NDX,,IAC/InterActiveCorp,IAC/InterActiveCorp,,,12140.0,335185.0,0.0
2005-11-30,2006-02-08,a2166375zn-csr.txt,0001047469-06-001563,N-CSR,SEC-MORGAN-NDX,,"Whole Foods Market, Inc","Whole Foods Market, Inc",,,2275.0,335062.0,0.0
2005-11-30,2006-02-08,a2166375zn-csr.txt,0001047469-06-001563,N-CSR,SEC-MORGAN-NDX,,Altera Corp,Altera Corp,,,18065.0,329867.0,0.0
2005-11-30,2006-02-08,a2166375zn-csr.txt,0001047469-06-001563,N-CSR,SEC-MORGAN-NDX,,"MedImmune, Inc","MedImmune, Inc",,,9088.0,326350.0,0.0
2005-11-30,2006-02-08,a2166375zn-csr.txt,0001047469-06-001563,N-CSR,SEC-MORGAN-NDX,,Cintas Corp,Cintas Corp,,,6964.0,311430.0,0.0
2005-11-30,2006-02-08,a2166375zn-csr.txt,0001047469-06-001563,N-CSR,SEC-MORGAN-NDX,,SanDisk Corp,SanDisk Corp,,,5749.0,293544.0,0.0
2005-11-30,2006-02-08,a2166375zn-csr.txt,0001047469-06-001563,N-CSR,SEC-MORGAN-NDX,,"Juniper Networks, Inc","Juniper Networks, Inc",,,12706.0,285758.0,0.0
2005-11-30,2006-02-08,a2166375zn-csr.txt,0001047469-06-001563,N-CSR,SEC-MORGAN-NDX,,"Expeditors International of Washington, Inc","Expeditors International of Washington, Inc",,,3609.0,256275.0,0.0
2005-11-30,2006-02-08,a2166375zn-csr.txt,0001047469-06-001563,N-CSR,SEC-MORGAN-NDX,,MCI Inc,MCI Inc,,,12255.0,243384.0,0.0
2005-11-30,2006-02-08,a2166375zn-csr.txt,0001047469-06-001563,N-CSR,SEC-MORGAN-NDX,,"C.H. Robinson Worldwide, Inc","C.H. Robinson Worldwide, Inc",,,5833.0,235945.0,0.0
2005-11-30,2006-02-08,a2166375zn-csr.txt,0001047469-06-001563,N-CSR,SEC-MORGAN-NDX,,"Pixar, Inc","Pixar, Inc",,,4113.0,228025.0,0.0
2005-11-30,2006-02-08,a2166375zn-csr.txt,0001047469-06-001563,N-CSR,SEC-MORGAN-NDX,,Cognizant Technology Solutions Corp. (Class A),Cognizant Technology Solutions Corp. (Class A),,,4590.0,223028.0,0.0
2005-11-30,2006-02-08,a2166375zn-csr.txt,0001047469-06-001563,N-CSR,SEC-MORGAN-NDX,,"Siebel Systems, Inc","Siebel Systems, Inc",,,21094.0,221487.0,0.0
2005-11-30,2006-02-08,a2166375zn-csr.txt,0001047469-06-001563,N-CSR,SEC-MORGAN-NDX,,Flextronics International Ltd. (Singapore),Flextronics International Ltd. (Singapore),,,21406.0,220910.0,0.0
2005-11-30,2006-02-08,a2166375zn-csr.txt,0001047469-06-001563,N-CSR,SEC-MORGAN-NDX,,"Wynn Resorts, Ltd","Wynn Resorts, Ltd",,,3740.0,208804.0,0.0
2005-11-30,2006-02-08,a2166375zn-csr.txt,0001047469-06-001563,N-CSR,SEC-MORGAN-NDX,,Microchip Technology Inc,Microchip Technology Inc,,,5996.0,200027.0,0.0
2005-11-30,2006-02-08,a2166375zn-csr.txt,0001047469-06-001563,N-CSR,SEC-MORGAN-NDX,,Fastenal Co,Fastenal Co,,,4978.0,197627.0,0.0
2005-11-30,2006-02-08,a2166375zn-csr.txt,0001047469-06-001563,N-CSR,SEC-MORGAN-NDX,,"Sepracor, Inc","Sepracor, Inc",,,3528.0,193969.0,0.0
2005-11-30,2006-02-08,a2166375zn-csr.txt,0001047469-06-001563,N-CSR,SEC-MORGAN-NDX,,"Sun Microsystems, Inc","Sun Microsystems, Inc",,,51142.0,192805.0,0.0
2005-11-30,2006-02-08,a2166375zn-csr.txt,0001047469-06-001563,N-CSR,SEC-MORGAN-NDX,,"VeriSign, Inc","VeriSign, Inc",,,8617.0,191556.0,0.0
2005-11-30,2006-02-08,a2166375zn-csr.txt,0001047469-06-001563,N-CSR,SEC-MORGAN-NDX,,Garmin Ltd. (Cayman Islands),Garmin Ltd. (Cayman Islands),,,3448.0,189985.0,0.0
2005-11-30,2006-02-08,a2166375zn-csr.txt,0001047469-06-001563,N-CSR,SEC-MORGAN-NDX,,"Citrix Systems, Inc","Citrix Systems, Inc",,,6979.0,189410.0,0.0
2005-11-30,2006-02-08,a2166375zn-csr.txt,0001047469-06-001563,N-CSR,SEC-MORGAN-NDX,,"Comverse Technology, Inc","Comverse Technology, Inc",,,7168.0,187873.0,0.0
2005-11-30,2006-02-08,a2166375zn-csr.txt,0001047469-06-001563,N-CSR,SEC-MORGAN-NDX,,"NTL, Inc","NTL, Inc",,,3201.0,186394.0,0.0
2005-11-30,2006-02-08,a2166375zn-csr.txt,0001047469-06-001563,N-CSR,SEC-MORGAN-NDX,,Liberty Global Inc. (Class A),Liberty Global Inc. (Class A),,,8324.0,185708.0,0.0
2005-11-30,2006-02-08,a2166375zn-csr.txt,0001047469-06-001563,N-CSR,SEC-MORGAN-NDX,,Lam Research Corp,Lam Research Corp,,,4858.0,182369.0,0.0
2005-11-30,2006-02-08,a2166375zn-csr.txt,0001047469-06-001563,N-CSR,SEC-MORGAN-NDX,,Check Point Software Technologies Ltd. (Israel),Check Point Software Technologies Ltd. (Israel),,,8311.0,176941.0,0.0
2005-11-30,2006-02-08,a2166375zn-csr.txt,0001047469-06-001563,N-CSR,SEC-MORGAN-NDX,,CDW Corp,CDW Corp,,,2888.0,169381.0,0.0
2005-11-30,2006-02-08,a2166375zn-csr.txt,0001047469-06-001563,N-CSR,SEC-MORGAN-NDX,,JDS Uniphase Corp,JDS Uniphase Corp,,,65068.0,167225.0,0.0
2005-11-30,2006-02-08,a2166375zn-csr.txt,0001047469-06-001563,N-CSR,SEC-MORGAN-NDX,,"Patterson Companies, Inc","Patterson Companies, Inc",,,4558.0,159257.0,0.0
2005-11-30,2006-02-08,a2166375zn-csr.txt,0001047469-06-001563,N-CSR,SEC-MORGAN-NDX,,American Power Conversion Corp,American Power Conversion Corp,,,6735.0,150931.0,0.0
2005-11-30,2006-02-08,a2166375zn-csr.txt,0001047469-06-001563,N-CSR,SEC-MORGAN-NDX,,Sigma-Aldrich Corp,Sigma-Aldrich Corp,,,2235.0,147599.0,0.0
2005-11-30,2006-02-08,a2166375zn-csr.txt,0001047469-06-001563,N-CSR,SEC-MORGAN-NDX,,"DENTSPLY International, Inc","DENTSPLY International, Inc",,,2624.0,145973.0,0.0
2005-11-30,2006-02-08,a2166375zn-csr.txt,0001047469-06-001563,N-CSR,SEC-MORGAN-NDX,,Telefonaktiebolaget LM Ericsson (ADR) (Sweden),Telefonaktiebolaget LM Ericsson (ADR) (Sweden),,,4427.0,144232.0,0.0
2005-11-30,2006-02-08,a2166375zn-csr.txt,0001047469-06-001563,N-CSR,SEC-MORGAN-NDX,,ATI Technologies Inc. (Canada),ATI Technologies Inc. (Canada),,,8571.0,140221.0,0.0
2005-11-30,2006-02-08,a2166375zn-csr.txt,0001047469-06-001563,N-CSR,SEC-MORGAN-NDX,,"Lincare Holdings, Inc","Lincare Holdings, Inc",,,3265.0,140166.0,0.0
2005-11-30,2006-02-08,a2166375zn-csr.txt,0001047469-06-001563,N-CSR,SEC-MORGAN-NDX,,Lamar Advertising Co. (Class A),Lamar Advertising Co. (Class A),,,2978.0,138030.0,0.0
2005-11-30,2006-02-08,a2166375zn-csr.txt,0001047469-06-001563,N-CSR,SEC-MORGAN-NDX,,Intersil Corp. (Class A),Intersil Corp. (Class A),,,5338.0,136920.0,0.0
2005-11-30,2006-02-08,a2166375zn-csr.txt,0001047469-06-001563,N-CSR,SEC-MORGAN-NDX,,"Ross Stores, Inc","Ross Stores, Inc",,,4963.0,136483.0,0.0
2005-11-30,2006-02-08,a2166375zn-csr.txt,0001047469-06-001563,N-CSR,SEC-MORGAN-NDX,,Career Education Corp,Career Education Corp,,,3610.0,134653.0,0.0
2005-11-30,2006-02-08,a2166375zn-csr.txt,0001047469-06-001563,N-CSR,SEC-MORGAN-NDX,,"Millennium Pharmaceuticals, Inc","Millennium Pharmaceuticals, Inc",,,11667.0,122620.0,0.0
2005-11-30,2006-02-08,a2166375zn-csr.txt,0001047469-06-001563,N-CSR,SEC-MORGAN-NDX,,"Novellus Systems, Inc","Novellus Systems, Inc",,,4871.0,120168.0,0.0
2005-11-30,2006-02-08,a2166375zn-csr.txt,0001047469-06-001563,N-CSR,SEC-MORGAN-NDX,,"PETsMART, Inc","PETsMART, Inc",,,4902.0,116766.0,0.0
2005-11-30,2006-02-08,a2166375zn-csr.txt,0001047469-06-001563,N-CSR,SEC-MORGAN-NDX,,Invitrogen Corp,Invitrogen Corp,,,1717.0,114438.0,0.0
2005-11-30,2006-02-08,a2166375zn-csr.txt,0001047469-06-001563,N-CSR,SEC-MORGAN-NDX,,"BEA Systems, Inc","BEA Systems, Inc",,,12561.0,110160.0,0.0
2005-11-30,2006-02-08,a2166375zn-csr.txt,0001047469-06-001563,N-CSR,SEC-MORGAN-NDX,,Smurfit-Stone Container Corp,Smurfit-Stone Container Corp,,,8582.0,108734.0,0.0
2005-11-30,2006-02-08,a2166375zn-csr.txt,0001047469-06-001563,N-CSR,SEC-MORGAN-NDX,,QLogic Corp,QLogic Corp,,,2828.0,93494.0,0.0
2005-11-30,2006-02-08,a2166375zn-csr.txt,0001047469-06-001563,N-CSR,SEC-MORGAN-NDX,,Molex Inc,Molex Inc,,,3411.0,91381.0,0.0
2005-11-30,2006-02-08,a2166375zn-csr.txt,0001047469-06-001563,N-CSR,SEC-MORGAN-NDX,,"Tellabs, Inc","Tellabs, Inc",,,8793.0,90216.0,0.0
2005-11-30,2006-02-08,a2166375zn-csr.txt,0001047469-06-001563,N-CSR,SEC-MORGAN-NDX,,"Synopsys, Inc","Synopsys, Inc",,,4588.0,89558.0,0.0
2005-11-30,2006-02-08,a2166375zn-csr.txt,0001047469-06-001563,N-CSR,SEC-MORGAN-NDX,,Mercury Interactive Corp,Mercury Interactive Corp,,,3179.0,88376.0,0.0
2005-11-30,2006-02-08,a2166375zn-csr.txt,0001047469-06-001563,N-CSR,SEC-MORGAN-NDX,,"Dollar Tree Stores, Inc","Dollar Tree Stores, Inc",,,3597.0,82587.0,0.0
2005-11-30,2006-02-08,a2166375zn-csr.txt,0001047469-06-001563,N-CSR,SEC-MORGAN-NDX,,"Level 3 Communications, Inc","Level 3 Communications, Inc",,,23782.0,80859.0,0.0
2005-11-30,2006-02-08,a2166375zn-csr.txt,0001047469-06-001563,N-CSR,SEC-MORGAN-NDX,,Sanmina-SCI Corp,Sanmina-SCI Corp,,,19344.0,80084.0,0.0
2005-11-30,2006-02-08,a2166375zn-csr.txt,0001047469-06-001563,N-CSR,SEC-MORGAN-NDX,,"SUPPLEMENTAL DATA: Net assets, end of period, in thousands","SUPPLEMENTAL DATA: Net assets, end of period, in thousands",,,27681.0,39801.0,0.0
2005-11-30,2006-02-08,a2166375zn-csr.txt,0001047469-06-001563,N-CSR,SEC-MORGAN-NDX,,"SUPPLEMENTAL DATA: Net assets, end of period, in thousands","SUPPLEMENTAL DATA: Net assets, end of period, in thousands",,,9563.0,10368.0,0.0
2005-11-30,2006-02-08,a2166375zn-csr.txt,0001047469-06-001563,N-CSR,SEC-MORGAN-NDX,,"(Exact name of registrant as specified in charter) Avenue of the Americas, New York, New York","(Exact name of registrant as specified in charter) Avenue of the Americas, New York, New York",,,1221.0,10020.0,0.0
2005-11-30,2006-02-08,a2166375zn-csr.txt,0001047469-06-001563,N-CSR,SEC-MORGAN-NDX,,"(Address of principal executive offices) (Zip code) Ronald E. Robison Avenue of the Americas, New York, New York","(Address of principal executive offices) (Zip code) Ronald E. Robison Avenue of the Americas, New York, New York",,,1221.0,10020.0,0.0
2005-11-30,2006-02-08,a2166375zn-csr.txt,0001047469-06-001563,N-CSR,SEC-MORGAN-NDX,,Jul-2001,Jul-2001,,,9475.0,10000.0,0.0
2005-11-30,2006-02-08,a2166375zn-csr.txt,0001047469-06-001563,N-CSR,SEC-MORGAN-NDX,,Nov-2001,Nov-2001,,,8651.0,9100.0,0.0
2005-11-30,2006-02-08,a2166375zn-csr.txt,0001047469-06-001563,N-CSR,SEC-MORGAN-NDX,,Nov-2005,Nov-2005,,,9096.0,9093.0,0.0
2005-11-30,2006-02-08,a2166375zn-csr.txt,0001047469-06-001563,N-CSR,SEC-MORGAN-NDX,,Nov-2004,Nov-2004,,,8570.0,8804.0,0.0
2005-11-30,2006-02-08,a2166375zn-csr.txt,0001047469-06-001563,N-CSR,SEC-MORGAN-NDX,,Aug-2005,Aug-2005,,,8618.0,8804.0,0.0
2005-11-30,2006-02-08,a2166375zn-csr.txt,0001047469-06-001563,N-CSR,SEC-MORGAN-NDX,,May-2005,May-2005,,,8408.0,8602.0,0.0
2005-11-30,2006-02-08,a2166375zn-csr.txt,0001047469-06-001563,N-CSR,SEC-MORGAN-NDX,,Feb-2005,Feb-2005,,,8236.0,8451.0,0.0
2005-11-30,2006-02-08,a2166375zn-csr.txt,0001047469-06-001563,N-CSR,SEC-MORGAN-NDX,,Aug-2001,Aug-2001,,,7968.0,8400.0,0.0
2005-11-30,2006-02-08,a2166375zn-csr.txt,0001047469-06-001563,N-CSR,SEC-MORGAN-NDX,,Feb-2004,Feb-2004,,,8035.0,8309.0,0.0
2005-11-30,2006-02-08,a2166375zn-csr.txt,0001047469-06-001563,N-CSR,SEC-MORGAN-NDX,,May-2004,May-2004,,,8006.0,8259.0,0.0
2005-11-30,2006-02-08,a2166375zn-csr.txt,0001047469-06-001563,N-CSR,SEC-MORGAN-NDX,,Nov-2003,Nov-2003,,,7806.0,8077.0,0.0
2005-11-30,2006-02-08,a2166375zn-csr.txt,0001047469-06-001563,N-CSR,SEC-MORGAN-NDX,,Feb-2002,Feb-2002,,,7372.0,7740.0,0.0
2005-11-30,2006-02-08,a2166375zn-csr.txt,0001047469-06-001563,N-CSR,SEC-MORGAN-NDX,,Aug-2004,Aug-2004,,,7471.0,7684.0,0.0
2005-11-30,2006-02-08,a2166375zn-csr.txt,0001047469-06-001563,N-CSR,SEC-MORGAN-NDX,,Aug-2003,Aug-2003,,,7347.0,7624.0,0.0
2005-11-30,2006-02-08,a2166375zn-csr.txt,0001047469-06-001563,N-CSR,SEC-MORGAN-NDX,,May-2002,May-2002,,,6547.0,6860.0,0.0
2005-11-30,2006-02-08,a2166375zn-csr.txt,0001047469-06-001563,N-CSR,SEC-MORGAN-NDX,,May-2003,May-2003,,,6554.0,6817.0,0.0
2005-11-30,2006-02-08,a2166375zn-csr.txt,0001047469-06-001563,N-CSR,SEC-MORGAN-NDX,,Nov-2002,Nov-2002,,,6115.0,6383.0,0.0
2005-11-30,2006-02-08,a2166375zn-csr.txt,0001047469-06-001563,N-CSR,SEC-MORGAN-NDX,,Feb-2003,Feb-2003,,,5532.0,5758.0,0.0
2005-11-30,2006-02-08,a2166375zn-csr.txt,0001047469-06-001563,N-CSR,SEC-MORGAN-NDX,,Aug-2002,Aug-2002,,,5140.0,5375.0,0.0
2005-11-30,2006-02-08,a2166375zn-csr.txt,0001047469-06-001563,N-CSR,SEC-MORGAN-NDX,,"SUPPLEMENTAL DATA: Net assets, end of period, in thousands","SUPPLEMENTAL DATA: Net assets, end of period, in thousands",,,11243.0,4681.0,0.0
2005-11-30,2006-02-08,a2166375zn-csr.txt,0001047469-06-001563,N-CSR,SEC-MORGAN-NDX,,November,November,,,30.0,2012.0,0.0
2005-11-30,2006-02-08,a2166375zn-csr.txt,0001047469-06-001563,N-CSR,SEC-MORGAN-NDX,,"2010, $696,778 will expire on November","2010, $696,778 will expire on November",,,30.0,2011.0,0.0
2005-11-30,2006-02-08,a2166375zn-csr.txt,0001047469-06-001563,N-CSR,SEC-MORGAN-NDX,,"accepted in the United States of America. Deloitte & Touche LLP NEW YORK, NEW YORK JANUARY","accepted in the United States of America. Deloitte & Touche LLP NEW YORK, NEW YORK JANUARY",,,20.0,2006.0,0.0
2005-11-30,2006-02-08,a2166375zn-csr.txt,0001047469-06-001563,N-CSR,SEC-MORGAN-NDX,,/s/ Ronald E. Robison Ronald E. Robison Principal Executive Officer January,/s/ Ronald E. Robison Ronald E. Robison Principal Executive Officer January,,,19.0,2006.0,0.0
2005-11-30,2006-02-08,a2166375zn-csr.txt,0001047469-06-001563,N-CSR,SEC-MORGAN-NDX,,/s/ Francis Smith Francis Smith Principal Financial Officer January,/s/ Francis Smith Francis Smith Principal Financial Officer January,,,19.0,2006.0,0.0
2005-11-30,2006-02-08,a2166375zn-csr.txt,0001047469-06-001563,N-CSR,SEC-MORGAN-NDX,,Date of fiscal year end: November,Date of fiscal year end: November,,,30.0,2005.0,0.0
2005-11-30,2006-02-08,a2166375zn-csr.txt,0001047469-06-001563,N-CSR,SEC-MORGAN-NDX,,Date of reporting period: November,Date of reporting period: November,,,30.0,2005.0,0.0
2005-11-30,2006-02-08,a2166375zn-csr.txt,0001047469-06-001563,N-CSR,SEC-MORGAN-NDX,,MONEY INVESTING IN THIS FUND. PLEASE SEE THE PROSPECTUS FOR MORE COMPLETE INFORMATION ON INVESTMENT RISKS. FUND REPORT For the year ended November,MONEY INVESTING IN THIS FUND. PLEASE SEE THE PROSPECTUS FOR MORE COMPLETE INFORMATION ON INVESTMENT RISKS. FUND REPORT For the year ended November,,,30.0,2005.0,0.0
2005-11-30,2006-02-08,a2166375zn-csr.txt,0001047469-06-001563,N-CSR,SEC-MORGAN-NDX,,TOTAL RETURN FOR THE 12 MONTHS ENDED NOVEMBER,TOTAL RETURN FOR THE 12 MONTHS ENDED NOVEMBER,,,30.0,2005.0,0.0
2005-11-30,2006-02-08,a2166375zn-csr.txt,0001047469-06-001563,N-CSR,SEC-MORGAN-NDX,,NASDAQ STOCK MARKET. AS OF FEBRUARY,NASDAQ STOCK MARKET. AS OF FEBRUARY,,,28.0,2005.0,0.0
2005-11-30,2006-02-08,a2166375zn-csr.txt,0001047469-06-001563,N-CSR,SEC-MORGAN-NDX,,AVERAGE ANNUAL TOTAL RETURNS--PERIOD ENDED NOVEMBER,AVERAGE ANNUAL TOTAL RETURNS--PERIOD ENDED NOVEMBER,,,30.0,2005.0,0.0
2005-11-30,2006-02-08,a2166375zn-csr.txt,0001047469-06-001563,N-CSR,SEC-MORGAN-NDX,,PORTFOLIO OF INVESTMENTS - NOVEMBER,PORTFOLIO OF INVESTMENTS - NOVEMBER,,,30.0,2005.0,0.0
2005-11-30,2006-02-08,a2166375zn-csr.txt,0001047469-06-001563,N-CSR,SEC-MORGAN-NDX,,FINANCIAL STATEMENTS STATEMENT OF ASSETS AND LIABILITIES NOVEMBER,FINANCIAL STATEMENTS STATEMENT OF ASSETS AND LIABILITIES NOVEMBER,,,30.0,2005.0,0.0
2005-11-30,2006-02-08,a2166375zn-csr.txt,0001047469-06-001563,N-CSR,SEC-MORGAN-NDX,,STATEMENT OF OPERATIONS FOR THE YEAR ENDED NOVEMBER,STATEMENT OF OPERATIONS FOR THE YEAR ENDED NOVEMBER,,,30.0,2005.0,0.0
2005-11-30,2006-02-08,a2166375zn-csr.txt,0001047469-06-001563,N-CSR,SEC-MORGAN-NDX,,NOTES TO FINANCIAL STATEMENTS - NOVEMBER,NOTES TO FINANCIAL STATEMENTS - NOVEMBER,,,30.0,2005.0,0.0
2005-11-30,2006-02-08,a2166375zn-csr.txt,0001047469-06-001563,N-CSR,SEC-MORGAN-NDX,,incur distribution expenses. Effective August,incur distribution expenses. Effective August,,,29.0,2005.0,0.0
2005-11-30,2006-02-08,a2166375zn-csr.txt,0001047469-06-001563,N-CSR,SEC-MORGAN-NDX,,At November,At November,,,30.0,2005.0,0.0
2005-11-30,2006-02-08,a2166375zn-csr.txt,0001047469-06-001563,N-CSR,SEC-MORGAN-NDX,,For the year ended November,For the year ended November,,,30.0,2005.0,0.0
2005-11-30,2006-02-08,a2166375zn-csr.txt,0001047469-06-001563,N-CSR,SEC-MORGAN-NDX,,The Distributor has informed the Fund that for the year ended November,The Distributor has informed the Fund that for the year ended November,,,30.0,2005.0,0.0
2005-11-30,2006-02-08,a2166375zn-csr.txt,0001047469-06-001563,N-CSR,SEC-MORGAN-NDX,,"short-term investments, for the year ended November","short-term investments, for the year ended November",,,30.0,2005.0,0.0
2005-11-30,2006-02-08,a2166375zn-csr.txt,0001047469-06-001563,N-CSR,SEC-MORGAN-NDX,,"Morgan Stanley Trust, an affiliate of the Investment Adviser, Administrator and Distributor, is the Fund's transfer agent. At November","Morgan Stanley Trust, an affiliate of the Investment Adviser, Administrator and Distributor, is the Fund's transfer agent. At November",,,30.0,2005.0,0.0
2005-11-30,2006-02-08,a2166375zn-csr.txt,0001047469-06-001563,N-CSR,SEC-MORGAN-NDX,,As of November,As of November,,,30.0,2005.0,0.0
2005-11-30,2006-02-08,a2166375zn-csr.txt,0001047469-06-001563,N-CSR,SEC-MORGAN-NDX,,*During the year ended November,*During the year ended November,,,30.0,2005.0,0.0
2005-11-30,2006-02-08,a2166375zn-csr.txt,0001047469-06-001563,N-CSR,SEC-MORGAN-NDX,,capital loss carryforward. As of November,capital loss carryforward. As of November,,,30.0,2005.0,0.0
2005-11-30,2006-02-08,a2166375zn-csr.txt,0001047469-06-001563,N-CSR,SEC-MORGAN-NDX,,regulations. As of November,regulations. As of November,,,30.0,2005.0,0.0
2005-11-30,2006-02-08,a2166375zn-csr.txt,0001047469-06-001563,N-CSR,SEC-MORGAN-NDX,,"for their efforts to recommend these funds to investors. The complaint seeks, among other things, unspecified compensatory damages, rescissionary damages, fees and costs. The defendants have moved to dismiss the action and intend to otherwise vigorously defend it. On March","for their efforts to recommend these funds to investors. The complaint seeks, among other things, unspecified compensatory damages, rescissionary damages, fees and costs. The defendants have moved to dismiss the action and intend to otherwise vigorously defend it. On March",,,9.0,2005.0,0.0
2005-11-30,2006-02-08,a2166375zn-csr.txt,0001047469-06-001563,N-CSR,SEC-MORGAN-NDX,,NOVEMBER,NOVEMBER,,,30.0,2005.0,0.0
2005-11-30,2006-02-08,a2166375zn-csr.txt,0001047469-06-001563,N-CSR,SEC-MORGAN-NDX,,"investments, as of November","investments, as of November",,,30.0,2005.0,0.0
2005-11-30,2006-02-08,a2166375zn-csr.txt,0001047469-06-001563,N-CSR,SEC-MORGAN-NDX,,"disclosures in the financial statements, assessing the accounting principles used and significant estimates made by management, as well as evaluating the overall financial statement presentation. Our procedures included confirmation of securities owned as of November","disclosures in the financial statements, assessing the accounting principles used and significant estimates made by management, as well as evaluating the overall financial statement presentation. Our procedures included confirmation of securities owned as of November",,,30.0,2005.0,0.0
2005-11-30,2006-02-08,a2166375zn-csr.txt,0001047469-06-001563,N-CSR,SEC-MORGAN-NDX,,Stanley Nasdaq-100 Index Fund as of November,Stanley Nasdaq-100 Index Fund as of November,,,30.0,2005.0,0.0
2005-11-30,2006-02-08,a2166375zn-csr.txt,0001047469-06-001563,N-CSR,SEC-MORGAN-NDX,,ANNUAL REPORT NOVEMBER,ANNUAL REPORT NOVEMBER,,,30.0,2005.0,0.0
2005-11-30,2006-02-08,a2166375zn-csr.txt,0001047469-06-001563,N-CSR,SEC-MORGAN-NDX,,"STATEMENT OF CHANGES IN NET ASSETS FOR THE YEAR FOR THE YEAR ENDED ENDED NOVEMBER 30, 2005 NOVEMBER","STATEMENT OF CHANGES IN NET ASSETS FOR THE YEAR FOR THE YEAR ENDED ENDED NOVEMBER 30, 2005 NOVEMBER",,,30.0,2004.0,0.0
2005-11-30,2006-02-08,a2166375zn-csr.txt,0001047469-06-001563,N-CSR,SEC-MORGAN-NDX,,"FOR THE YEAR FOR THE YEAR ENDED ENDED NOVEMBER 30, 2005 NOVEMBER","FOR THE YEAR FOR THE YEAR ENDED ENDED NOVEMBER 30, 2005 NOVEMBER",,,30.0,2004.0,0.0
2005-11-30,2006-02-08,a2166375zn-csr.txt,0001047469-06-001563,N-CSR,SEC-MORGAN-NDX,,"defendants in a consolidated class action. This consolidated action also names as defendants certain individual Trustees and Directors of the Morgan Stanley funds. The consolidated amended complaint, filed in the United States District Court Southern District of New York on April","defendants in a consolidated class action. This consolidated action also names as defendants certain individual Trustees and Directors of the Morgan Stanley funds. The consolidated amended complaint, filed in the United States District Court Southern District of New York on April",,,16.0,2004.0,0.0
2005-11-30,2006-02-08,a2166375zn-csr.txt,0001047469-06-001563,N-CSR,SEC-MORGAN-NDX,,NOVEMBER,NOVEMBER,,,30.0,2004.0,0.0
2005-11-30,2006-02-08,a2166375zn-csr.txt,0001047469-06-001563,N-CSR,SEC-MORGAN-NDX,,Avenue of the July,Avenue of the July,,,1221.0,2004.0,0.0
2005-11-30,2006-02-08,a2166375zn-csr.txt,0001047469-06-001563,N-CSR,SEC-MORGAN-NDX,,Avenue of the Officer October,Avenue of the Officer October,,,1221.0,2004.0,0.0
2005-11-30,2006-02-08,a2166375zn-csr.txt,0001047469-06-001563,N-CSR,SEC-MORGAN-NDX,,NOVEMBER,NOVEMBER,,,30.0,2003.0,0.0
2005-11-30,2006-02-08,a2166375zn-csr.txt,0001047469-06-001563,N-CSR,SEC-MORGAN-NDX,,Avenue of the July,Avenue of the July,,,1221.0,2003.0,0.0
2005-11-30,2006-02-08,a2166375zn-csr.txt,0001047469-06-001563,N-CSR,SEC-MORGAN-NDX,,"Covered Entities include the Fund's investment adviser(s) and any entity controlling, controlled by or under common control with the Fund's investment adviser(s) that provides ongoing services to the Fund(s). Beginning with non-audit service contracts entered into on or after May","Covered Entities include the Fund's investment adviser(s) and any entity controlling, controlled by or under common control with the Fund's investment adviser(s) that provides ongoing services to the Fund(s). Beginning with non-audit service contracts entered into on or after May",,,6.0,2003.0,0.0
2005-11-30,2006-02-08,a2166375zn-csr.txt,0001047469-06-001563,N-CSR,SEC-MORGAN-NDX,,NOVEMBER,NOVEMBER,,,30.0,2002.0,0.0
2005-11-30,2006-02-08,a2166375zn-csr.txt,0001047469-06-001563,N-CSR,SEC-MORGAN-NDX,,Massachusetts business trust on April,Massachusetts business trust on April,,,10.0,2001.0,0.0
2005-11-30,2006-02-08,a2166375zn-csr.txt,0001047469-06-001563,N-CSR,SEC-MORGAN-NDX,,THROUGH 2005 2004 2003 2002 NOVEMBER,THROUGH 2005 2004 2003 2002 NOVEMBER,,,30.0,2001.0,0.0
2005-11-30,2006-02-08,a2166375zn-csr.txt,0001047469-06-001563,N-CSR,SEC-MORGAN-NDX,,NOVEMBER,NOVEMBER,,,30.0,2001.0,0.0
2005-11-30,2006-02-08,a2166375zn-csr.txt,0001047469-06-001563,N-CSR,SEC-MORGAN-NDX,,Avenue of the February,Avenue of the February,,,1221.0,1997.0,0.0
2005-11-30,2006-02-08,a2166375zn-csr.txt,0001047469-06-001563,N-CSR,SEC-MORGAN-NDX,,Avenue of the July,Avenue of the July,,,1221.0,1995.0,0.0
2005-11-30,2006-02-08,a2166375zn-csr.txt,0001047469-06-001563,N-CSR,SEC-MORGAN-NDX,,N. Chartwell Court January,N. Chartwell Court January,,,1031.0,1993.0,0.0
2005-11-30,2006-02-08,a2166375zn-csr.txt,0001047469-06-001563,N-CSR,SEC-MORGAN-NDX,,"SUPPLEMENTAL DATA: Net assets, end of period, in thousands","SUPPLEMENTAL DATA: Net assets, end of period, in thousands",,,3776.0,1857.0,0.0
2005-12-31,2006-02-28,g31697_rydexnq.txt,0000935069-06-000485,N-Q,SEC-RYDEX-NDX,,Investment in Securities Lending Short Term Investment Portfolio Held by U.S. Bank,Investment in Securities Lending Short Term Investment Portfolio Held by U.S. Bank,,,218145596.0,218145596.0,0.0
2005-12-31,2006-02-28,g31697_rydexnq.txt,0000935069-06-000485,N-Q,SEC-RYDEX-NDX,,"Qualcomm, Inc","Qualcomm, Inc",,,1443620.0,62191150.0,0.0
2005-12-31,2006-02-28,g31697_rydexnq.txt,0000935069-06-000485,N-Q,SEC-RYDEX-NDX,,"Apple Computer, Inc","Apple Computer, Inc",,,859313.0,61776012.0,0.0
2005-12-31,2006-02-28,g31697_rydexnq.txt,0000935069-06-000485,N-Q,SEC-RYDEX-NDX,,Microsoft Corp,Microsoft Corp,,,2276532.0,59531312.0,0.0
2005-12-31,2006-02-28,g31697_rydexnq.txt,0000935069-06-000485,N-Q,SEC-RYDEX-NDX,,Intel Corp,Intel Corp,,,2006571.0,50084012.0,0.0
2005-12-31,2006-02-28,g31697_rydexnq.txt,0000935069-06-000485,N-Q,SEC-RYDEX-NDX,,"Amgen, Inc.*+","Amgen, Inc.*+",,,483483.0,38127469.0,0.0
2005-12-31,2006-02-28,g31697_rydexnq.txt,0000935069-06-000485,N-Q,SEC-RYDEX-NDX,,"Cisco Systems, Inc","Cisco Systems, Inc",,,2218184.0,37975310.0,0.0
2005-12-31,2006-02-28,g31697_rydexnq.txt,0000935069-06-000485,N-Q,SEC-RYDEX-NDX,,"eBay, Inc.*+","eBay, Inc.*+",,,729556.0,31553297.0,0.0
2005-12-31,2006-02-28,g31697_rydexnq.txt,0000935069-06-000485,N-Q,SEC-RYDEX-NDX,,"Dell, Inc","Dell, Inc",,,824194.0,24717578.0,0.0
2005-12-31,2006-02-28,g31697_rydexnq.txt,0000935069-06-000485,N-Q,SEC-RYDEX-NDX,,Starbucks Corp,Starbucks Corp,,,804342.0,24138303.0,0.0
2005-12-31,2006-02-28,g31697_rydexnq.txt,0000935069-06-000485,N-Q,SEC-RYDEX-NDX,,Oracle Corp,Oracle Corp,,,1574401.0,19223436.0,0.0
2005-12-31,2006-02-28,g31697_rydexnq.txt,0000935069-06-000485,N-Q,SEC-RYDEX-NDX,,Comcast Corp. -- Class A*+,Comcast Corp. -- Class A*+,,,657631.0,17072101.0,0.0
2005-12-31,2006-02-28,g31697_rydexnq.txt,0000935069-06-000485,N-Q,SEC-RYDEX-NDX,,Sears Holdings Corp.*+,Sears Holdings Corp.*+,,,147595.0,17051650.0,0.0
2005-12-31,2006-02-28,g31697_rydexnq.txt,0000935069-06-000485,N-Q,SEC-RYDEX-NDX,,"Gilead Sciences, Inc.*+","Gilead Sciences, Inc.*+",,,319681.0,16824811.0,0.0
2005-12-31,2006-02-28,g31697_rydexnq.txt,0000935069-06-000485,N-Q,SEC-RYDEX-NDX,,"BEA Systems, Inc","BEA Systems, Inc",,,1749230.0,16442762.0,0.0
2005-12-31,2006-02-28,g31697_rydexnq.txt,0000935069-06-000485,N-Q,SEC-RYDEX-NDX,,Genzyme Corp,Genzyme Corp,,,231886.0,16412891.0,0.0
2005-12-31,2006-02-28,g31697_rydexnq.txt,0000935069-06-000485,N-Q,SEC-RYDEX-NDX,,Collateralized by U.S. Treasury Obligations Credit Suisse First Boston at 3.45% due 01/03/06,Collateralized by U.S. Treasury Obligations Credit Suisse First Boston at 3.45% due 01/03/06,,,15239128.0,15239128.0,0.0
2005-12-31,2006-02-28,g31697_rydexnq.txt,0000935069-06-000485,N-Q,SEC-RYDEX-NDX,,Teva Pharmaceutical Industries Ltd. -- SP ADR+,Teva Pharmaceutical Industries Ltd. -- SP ADR+,,,353305.0,15195648.0,0.0
2005-12-31,2006-02-28,g31697_rydexnq.txt,0000935069-06-000485,N-Q,SEC-RYDEX-NDX,,Lam Research Corp.*+,Lam Research Corp.*+,,,419031.0,14951026.0,0.0
2005-12-31,2006-02-28,g31697_rydexnq.txt,0000935069-06-000485,N-Q,SEC-RYDEX-NDX,,Check Point Software Technologies Ltd.*+,Check Point Software Technologies Ltd.*+,,,734935.0,14772194.0,0.0
2005-12-31,2006-02-28,g31697_rydexnq.txt,0000935069-06-000485,N-Q,SEC-RYDEX-NDX,,Symantec Corp,Symantec Corp,,,837940.0,14663950.0,0.0
2005-12-31,2006-02-28,g31697_rydexnq.txt,0000935069-06-000485,N-Q,SEC-RYDEX-NDX,,"Novellus Systems, Inc.*+","Novellus Systems, Inc.*+",,,581136.0,14017001.0,0.0
2005-12-31,2006-02-28,g31697_rydexnq.txt,0000935069-06-000485,N-Q,SEC-RYDEX-NDX,,"Adobe Systems, Inc","Adobe Systems, Inc",,,347864.0,12857053.0,0.0
2005-12-31,2006-02-28,g31697_rydexnq.txt,0000935069-06-000485,N-Q,SEC-RYDEX-NDX,,"Maxim Integrated Products, Inc.+","Maxim Integrated Products, Inc.+",,,351184.0,12726908.0,0.0
2005-12-31,2006-02-28,g31697_rydexnq.txt,0000935069-06-000485,N-Q,SEC-RYDEX-NDX,,"Bear Stearns Cos., Inc. at 3.10% due 01/03/06","Bear Stearns Cos., Inc. at 3.10% due 01/03/06",,,12455402.0,12455402.0,0.0
2005-12-31,2006-02-28,g31697_rydexnq.txt,0000935069-06-000485,N-Q,SEC-RYDEX-NDX,,EchoStar Communications Corp.*+,EchoStar Communications Corp.*+,,,442482.0,12022236.0,0.0
2005-12-31,2006-02-28,g31697_rydexnq.txt,0000935069-06-000485,N-Q,SEC-RYDEX-NDX,,Marvell Technology Group Ltd.*+,Marvell Technology Group Ltd.*+,,,208757.0,11709180.0,0.0
2005-12-31,2006-02-28,g31697_rydexnq.txt,0000935069-06-000485,N-Q,SEC-RYDEX-NDX,,"Fiserv, Inc.*+","Fiserv, Inc.*+",,,266098.0,11514060.0,0.0
2005-12-31,2006-02-28,g31697_rydexnq.txt,0000935069-06-000485,N-Q,SEC-RYDEX-NDX,,"Biogen Idec, Inc.*+","Biogen Idec, Inc.*+",,,252753.0,11457294.0,0.0
2005-12-31,2006-02-28,g31697_rydexnq.txt,0000935069-06-000485,N-Q,SEC-RYDEX-NDX,,Research In Motion Ltd.*+,Research In Motion Ltd.*+,,,167851.0,11079845.0,0.0
2005-12-31,2006-02-28,g31697_rydexnq.txt,0000935069-06-000485,N-Q,SEC-RYDEX-NDX,,Broadcom Corp. -- Class A*+,Broadcom Corp. -- Class A*+,,,232602.0,10967184.0,0.0
2005-12-31,2006-02-28,g31697_rydexnq.txt,0000935069-06-000485,N-Q,SEC-RYDEX-NDX,,"Autodesk, Inc","Autodesk, Inc",,,254095.0,10913380.0,0.0
2005-12-31,2006-02-28,g31697_rydexnq.txt,0000935069-06-000485,N-Q,SEC-RYDEX-NDX,,"Staples, Inc","Staples, Inc",,,474285.0,10771012.0,0.0
2005-12-31,2006-02-28,g31697_rydexnq.txt,0000935069-06-000485,N-Q,SEC-RYDEX-NDX,,"Electronic Arts, Inc.*+","Electronic Arts, Inc.*+",,,197812.0,10347546.0,0.0
2005-12-31,2006-02-28,g31697_rydexnq.txt,0000935069-06-000485,N-Q,SEC-RYDEX-NDX,,"Yahoo!, Inc.*+","Yahoo!, Inc.*+",,,245891.0,9634010.0,0.0
2005-12-31,2006-02-28,g31697_rydexnq.txt,0000935069-06-000485,N-Q,SEC-RYDEX-NDX,,"Paccar, Inc.+","Paccar, Inc.+",,,138065.0,9558240.0,0.0
2005-12-31,2006-02-28,g31697_rydexnq.txt,0000935069-06-000485,N-Q,SEC-RYDEX-NDX,,Sandisk Corp.*+,Sandisk Corp.*+,,,148903.0,9354086.0,0.0
2005-12-31,2006-02-28,g31697_rydexnq.txt,0000935069-06-000485,N-Q,SEC-RYDEX-NDX,,Morgan Stanley at 3.30% due 01/03/06,Morgan Stanley at 3.30% due 01/03/06,,,9133962.0,9133962.0,0.0
2005-12-31,2006-02-28,g31697_rydexnq.txt,0000935069-06-000485,N-Q,SEC-RYDEX-NDX,,"Biomet, Inc.+","Biomet, Inc.+",,,241238.0,8822074.0,0.0
2005-12-31,2006-02-28,g31697_rydexnq.txt,0000935069-06-000485,N-Q,SEC-RYDEX-NDX,,"Amazon.com, Inc.*+","Amazon.com, Inc.*+",,,182685.0,8613598.0,0.0
2005-12-31,2006-02-28,g31697_rydexnq.txt,0000935069-06-000485,N-Q,SEC-RYDEX-NDX,,"Bed Bath & Beyond, Inc","Bed Bath & Beyond, Inc",,,235483.0,8512710.0,0.0
2005-12-31,2006-02-28,g31697_rydexnq.txt,0000935069-06-000485,N-Q,SEC-RYDEX-NDX,,Costco Wholesale Corp.+,Costco Wholesale Corp.+,,,170335.0,8426472.0,0.0
2005-12-31,2006-02-28,g31697_rydexnq.txt,0000935069-06-000485,N-Q,SEC-RYDEX-NDX,,"Express Scripts, Inc.*+","Express Scripts, Inc.*+",,,97725.0,8189355.0,0.0
2005-12-31,2006-02-28,g31697_rydexnq.txt,0000935069-06-000485,N-Q,SEC-RYDEX-NDX,,Celgene Corp.*+,Celgene Corp.*+,,,121386.0,7865813.0,0.0
2005-12-31,2006-02-28,g31697_rydexnq.txt,0000935069-06-000485,N-Q,SEC-RYDEX-NDX,,"Whole Foods Market, Inc.+","Whole Foods Market, Inc.+",,,100194.0,7754014.0,0.0
2005-12-31,2006-02-28,g31697_rydexnq.txt,0000935069-06-000485,N-Q,SEC-RYDEX-NDX,,"Apollo Group, Inc. -- Class A*+","Apollo Group, Inc. -- Class A*+",,,124607.0,7533739.0,0.0
2005-12-31,2006-02-28,g31697_rydexnq.txt,0000935069-06-000485,N-Q,SEC-RYDEX-NDX,,IAC/InterActiveCorp*+,IAC/InterActiveCorp*+,,,258355.0,7314030.0,0.0
2005-12-31,2006-02-28,g31697_rydexnq.txt,0000935069-06-000485,N-Q,SEC-RYDEX-NDX,,Chiron Corp.*+,Chiron Corp.*+,,,164451.0,7311491.0,0.0
2005-12-31,2006-02-28,g31697_rydexnq.txt,0000935069-06-000485,N-Q,SEC-RYDEX-NDX,,"Paychex, Inc.+","Paychex, Inc.+",,,189293.0,7215849.0,0.0
2005-12-31,2006-02-28,g31697_rydexnq.txt,0000935069-06-000485,N-Q,SEC-RYDEX-NDX,,"Juniper Networks, Inc.*+","Juniper Networks, Inc.*+",,,318338.0,7098937.0,0.0
2005-12-31,2006-02-28,g31697_rydexnq.txt,0000935069-06-000485,N-Q,SEC-RYDEX-NDX,,"Microchip Technology, Inc.+","Microchip Technology, Inc.+",,,211942.0,6813935.0,0.0
2005-12-31,2006-02-28,g31697_rydexnq.txt,0000935069-06-000485,N-Q,SEC-RYDEX-NDX,,QLogic Corp.*+,QLogic Corp.*+,,,194700.0,6329697.0,0.0
2005-12-31,2006-02-28,g31697_rydexnq.txt,0000935069-06-000485,N-Q,SEC-RYDEX-NDX,,"Intuit, Inc.*+","Intuit, Inc.*+",,,118440.0,6312852.0,0.0
2005-12-31,2006-02-28,g31697_rydexnq.txt,0000935069-06-000485,N-Q,SEC-RYDEX-NDX,,Cintas Corp,Cintas Corp,,,144960.0,5969453.0,0.0
2005-12-31,2006-02-28,g31697_rydexnq.txt,0000935069-06-000485,N-Q,SEC-RYDEX-NDX,,"Sirius Satellite Radio, Inc.*+","Sirius Satellite Radio, Inc.*+",,,887277.0,5944756.0,0.0
2005-12-31,2006-02-28,g31697_rydexnq.txt,0000935069-06-000485,N-Q,SEC-RYDEX-NDX,,"Citrix Systems, Inc.*+","Citrix Systems, Inc.*+",,,204957.0,5898663.0,0.0
2005-12-31,2006-02-28,g31697_rydexnq.txt,0000935069-06-000485,N-Q,SEC-RYDEX-NDX,,Garmin Ltd.+,Garmin Ltd.+,,,82667.0,5484955.0,0.0
2005-12-31,2006-02-28,g31697_rydexnq.txt,0000935069-06-000485,N-Q,SEC-RYDEX-NDX,,"Expeditors International Washington, Inc.+","Expeditors International Washington, Inc.+",,,77857.0,5256126.0,0.0
2005-12-31,2006-02-28,g31697_rydexnq.txt,0000935069-06-000485,N-Q,SEC-RYDEX-NDX,,Mercury Interactive Corp,Mercury Interactive Corp,,,184760.0,5134480.0,0.0
2005-12-31,2006-02-28,g31697_rydexnq.txt,0000935069-06-000485,N-Q,SEC-RYDEX-NDX,,"MCI, Inc.+","MCI, Inc.+",,,259813.0,5126111.0,0.0
2005-12-31,2006-02-28,g31697_rydexnq.txt,0000935069-06-000485,N-Q,SEC-RYDEX-NDX,,Invitrogen Corp.*+,Invitrogen Corp.*+,,,74970.0,4996001.0,0.0
2005-12-31,2006-02-28,g31697_rydexnq.txt,0000935069-06-000485,N-Q,SEC-RYDEX-NDX,,Lamar Advertising Co,Lamar Advertising Co,,,104951.0,4842439.0,0.0
2005-12-31,2006-02-28,g31697_rydexnq.txt,0000935069-06-000485,N-Q,SEC-RYDEX-NDX,,"VeriSign, Inc.*+","VeriSign, Inc.*+",,,212961.0,4668105.0,0.0
2005-12-31,2006-02-28,g31697_rydexnq.txt,0000935069-06-000485,N-Q,SEC-RYDEX-NDX,,"Medimmune, Inc","Medimmune, Inc",,,132856.0,4652617.0,0.0
2005-12-31,2006-02-28,g31697_rydexnq.txt,0000935069-06-000485,N-Q,SEC-RYDEX-NDX,,"NTL, Inc.*+","NTL, Inc.*+",,,66687.0,4540051.0,0.0
2005-12-31,2006-02-28,g31697_rydexnq.txt,0000935069-06-000485,N-Q,SEC-RYDEX-NDX,,"Lehman Brothers, Inc. at 3.40% due 01/03/06","Lehman Brothers, Inc. at 3.40% due 01/03/06",,,4425878.0,4425878.0,0.0
2005-12-31,2006-02-28,g31697_rydexnq.txt,0000935069-06-000485,N-Q,SEC-RYDEX-NDX,,Cognizant Technology Solutions Corp,Cognizant Technology Solutions Corp,,,87236.0,4392333.0,0.0
2005-12-31,2006-02-28,g31697_rydexnq.txt,0000935069-06-000485,N-Q,SEC-RYDEX-NDX,,Flextronics International Ltd.*+,Flextronics International Ltd.*+,,,417818.0,4362020.0,0.0
2005-12-31,2006-02-28,g31697_rydexnq.txt,0000935069-06-000485,N-Q,SEC-RYDEX-NDX,,"CH Robinson Worldwide, Inc","CH Robinson Worldwide, Inc",,,116493.0,4313736.0,0.0
2005-12-31,2006-02-28,g31697_rydexnq.txt,0000935069-06-000485,N-Q,SEC-RYDEX-NDX,,Fastenal Co.+,Fastenal Co.+,,,108129.0,4237575.0,0.0
2005-12-31,2006-02-28,g31697_rydexnq.txt,0000935069-06-000485,N-Q,SEC-RYDEX-NDX,,"Sepracor, Inc.*+","Sepracor, Inc.*+",,,76665.0,3955914.0,0.0
2005-12-31,2006-02-28,g31697_rydexnq.txt,0000935069-06-000485,N-Q,SEC-RYDEX-NDX,,Pixar*+,Pixar*+,,,74438.0,3924371.0,0.0
2005-12-31,2006-02-28,g31697_rydexnq.txt,0000935069-06-000485,N-Q,SEC-RYDEX-NDX,,Career Education Corp.*+,Career Education Corp.*+,,,106524.0,3591990.0,0.0
2005-12-31,2006-02-28,g31697_rydexnq.txt,0000935069-06-000485,N-Q,SEC-RYDEX-NDX,,Linear Technology Corp,Linear Technology Corp,,,99500.0,3588965.0,0.0
2005-12-31,2006-02-28,g31697_rydexnq.txt,0000935069-06-000485,N-Q,SEC-RYDEX-NDX,,Wynn Resorts Ltd.*+,Wynn Resorts Ltd.*+,,,64436.0,3534315.0,0.0
2005-12-31,2006-02-28,g31697_rydexnq.txt,0000935069-06-000485,N-Q,SEC-RYDEX-NDX,,"Ross Stores, Inc","Ross Stores, Inc",,,121605.0,3514385.0,0.0
2005-12-31,2006-02-28,g31697_rydexnq.txt,0000935069-06-000485,N-Q,SEC-RYDEX-NDX,,CDW Corp.+,CDW Corp.+,,,60190.0,3465138.0,0.0
2005-12-31,2006-02-28,g31697_rydexnq.txt,0000935069-06-000485,N-Q,SEC-RYDEX-NDX,,"Patterson Cos., Inc.*+","Patterson Cos., Inc.*+",,,102082.0,3409539.0,0.0
2005-12-31,2006-02-28,g31697_rydexnq.txt,0000935069-06-000485,N-Q,SEC-RYDEX-NDX,,"DENTSPLY International, Inc","DENTSPLY International, Inc",,,57657.0,3095604.0,0.0
2005-12-31,2006-02-28,g31697_rydexnq.txt,0000935069-06-000485,N-Q,SEC-RYDEX-NDX,,American Power Conversion Corp,American Power Conversion Corp,,,140374.0,3088228.0,0.0
2005-12-31,2006-02-28,g31697_rydexnq.txt,0000935069-06-000485,N-Q,SEC-RYDEX-NDX,,"Liberty Global, Inc. -- Class A","Liberty Global, Inc. -- Class A",,,137144.0,3085740.0,0.0
2005-12-31,2006-02-28,g31697_rydexnq.txt,0000935069-06-000485,N-Q,SEC-RYDEX-NDX,,Smurfit-Stone Container Corp.*+,Smurfit-Stone Container Corp.*+,,,196626.0,2786190.0,0.0
2005-12-31,2006-02-28,g31697_rydexnq.txt,0000935069-06-000485,N-Q,SEC-RYDEX-NDX,,"Lincare Holdings, Inc","Lincare Holdings, Inc",,,61369.0,2571975.0,0.0
2005-12-31,2006-02-28,g31697_rydexnq.txt,0000935069-06-000485,N-Q,SEC-RYDEX-NDX,,Sigma-Aldrich Corp.+,Sigma-Aldrich Corp.+,,,39634.0,2508436.0,0.0
2005-12-31,2006-02-28,g31697_rydexnq.txt,0000935069-06-000485,N-Q,SEC-RYDEX-NDX,,Intersil Corp. -- Class A,Intersil Corp. -- Class A,,,98558.0,2452123.0,0.0
2005-12-31,2006-02-28,g31697_rydexnq.txt,0000935069-06-000485,N-Q,SEC-RYDEX-NDX,,Altera Corp.*+,Altera Corp.*+,,,122860.0,2276596.0,0.0
2005-12-31,2006-02-28,g31697_rydexnq.txt,0000935069-06-000485,N-Q,SEC-RYDEX-NDX,,"Xilinx, Inc","Xilinx, Inc",,,83180.0,2096968.0,0.0
2005-12-31,2006-02-28,g31697_rydexnq.txt,0000935069-06-000485,N-Q,SEC-RYDEX-NDX,,JDS Uniphase Corp.*+,JDS Uniphase Corp.*+,,,809200.0,1909712.0,0.0
2005-12-31,2006-02-28,g31697_rydexnq.txt,0000935069-06-000485,N-Q,SEC-RYDEX-NDX,,Telefonaktiebolaget LM Ericsson -- SP ADR+,Telefonaktiebolaget LM Ericsson -- SP ADR+,,,47968.0,1650099.0,0.0
2005-12-31,2006-02-28,g31697_rydexnq.txt,0000935069-06-000485,N-Q,SEC-RYDEX-NDX,,"Level 3 Communications, Inc.*+","Level 3 Communications, Inc.*+",,,550730.0,1580595.0,0.0
2005-12-31,2006-02-28,g31697_rydexnq.txt,0000935069-06-000485,N-Q,SEC-RYDEX-NDX,,Sanmina-SCI Corp.*+,Sanmina-SCI Corp.*+,,,299443.0,1275627.0,0.0
2005-12-31,2006-02-28,g31697_rydexnq.txt,0000935069-06-000485,N-Q,SEC-RYDEX-NDX,,"Petsmart, Inc.+","Petsmart, Inc.+",,,46750.0,1199605.0,0.0
2005-12-31,2006-02-28,g31697_rydexnq.txt,0000935069-06-000485,N-Q,SEC-RYDEX-NDX,,"Citigroup, Inc. at 2.90% due 01/03/06","Citigroup, Inc. at 2.90% due 01/03/06",,,830360.0,830360.0,0.0
2006-02-28,2006-04-25,a06-8550_2nq.htm,0001104659-06-027395,N-Q,SEC-MORGAN-NDX,,Microsoft Corp,Microsoft Corp,,,120587.0,3243790.0,0.0
2006-02-28,2006-04-25,a06-8550_2nq.htm,0001104659-06-027395,N-Q,SEC-MORGAN-NDX,,QUALCOMM Inc,QUALCOMM Inc,,,65273.0,3081538.0,0.0
2006-02-28,2006-04-25,a06-8550_2nq.htm,0001104659-06-027395,N-Q,SEC-MORGAN-NDX,,"Apple Computer, Inc","Apple Computer, Inc",,,38692.0,2651950.0,0.0
2006-02-28,2006-04-25,a06-8550_2nq.htm,0001104659-06-027395,N-Q,SEC-MORGAN-NDX,,"Joint repurchase agreement account 4.555% due 03/01/06 (dated 02/28/06; proceeds $1,779,225) (a) (Cost $1,779,000)","Joint repurchase agreement account 4.555% due 03/01/06 (dated 02/28/06; proceeds $1,779,225) (a) (Cost $1,779,000)",,,1779.0,1779000.0,0.0
2006-02-28,2006-04-25,a06-8550_2nq.htm,0001104659-06-027395,N-Q,SEC-MORGAN-NDX,,"Cisco Systems, Inc","Cisco Systems, Inc",,,72235.0,1462036.0,0.0
2006-02-28,2006-04-25,a06-8550_2nq.htm,0001104659-06-027395,N-Q,SEC-MORGAN-NDX,,"Google, Inc. (Class A)","Google, Inc. (Class A)",,,3995.0,1448667.0,0.0
2006-02-28,2006-04-25,a06-8550_2nq.htm,0001104659-06-027395,N-Q,SEC-MORGAN-NDX,,Intel Corp,Intel Corp,,,69491.0,1431515.0,0.0
2006-02-28,2006-04-25,a06-8550_2nq.htm,0001104659-06-027395,N-Q,SEC-MORGAN-NDX,,Amgen Inc,Amgen Inc,,,18937.0,1429554.0,0.0
2006-02-28,2006-04-25,a06-8550_2nq.htm,0001104659-06-027395,N-Q,SEC-MORGAN-NDX,,"eBay, Inc","eBay, Inc",,,34329.0,1375220.0,0.0
2006-02-28,2006-04-25,a06-8550_2nq.htm,0001104659-06-027395,N-Q,SEC-MORGAN-NDX,,Starbucks Corp,Starbucks Corp,,,35187.0,1277992.0,0.0
2006-02-28,2006-04-25,a06-8550_2nq.htm,0001104659-06-027395,N-Q,SEC-MORGAN-NDX,,"Gilead Sciences, Inc","Gilead Sciences, Inc",,,14844.0,924336.0,0.0
2006-02-28,2006-04-25,a06-8550_2nq.htm,0001104659-06-027395,N-Q,SEC-MORGAN-NDX,,Oracle Corp,Oracle Corp,,,70707.0,878181.0,0.0
2006-02-28,2006-04-25,a06-8550_2nq.htm,0001104659-06-027395,N-Q,SEC-MORGAN-NDX,,Comcast Corp. (Class A),Comcast Corp. (Class A),,,31408.0,842677.0,0.0
2006-02-28,2006-04-25,a06-8550_2nq.htm,0001104659-06-027395,N-Q,SEC-MORGAN-NDX,,"Dell, Inc","Dell, Inc",,,28500.0,826500.0,0.0
2006-02-28,2006-04-25,a06-8550_2nq.htm,0001104659-06-027395,N-Q,SEC-MORGAN-NDX,,"Adobe Systems, Inc","Adobe Systems, Inc",,,19284.0,744748.0,0.0
2006-02-28,2006-04-25,a06-8550_2nq.htm,0001104659-06-027395,N-Q,SEC-MORGAN-NDX,,Genzyme Corp,Genzyme Corp,,,10656.0,738887.0,0.0
2006-02-28,2006-04-25,a06-8550_2nq.htm,0001104659-06-027395,N-Q,SEC-MORGAN-NDX,,"Yahoo!, Inc","Yahoo!, Inc",,,22449.0,719715.0,0.0
2006-02-28,2006-04-25,a06-8550_2nq.htm,0001104659-06-027395,N-Q,SEC-MORGAN-NDX,,Teva Pharmaceutical Industries Ltd. (ADR) (Israel),Teva Pharmaceutical Industries Ltd. (ADR) (Israel),,,15926.0,668733.0,0.0
2006-02-28,2006-04-25,a06-8550_2nq.htm,0001104659-06-027395,N-Q,SEC-MORGAN-NDX,,Sears Holdings Corp,Sears Holdings Corp,,,5541.0,667413.0,0.0
2006-02-28,2006-04-25,a06-8550_2nq.htm,0001104659-06-027395,N-Q,SEC-MORGAN-NDX,,Symantec Corp,Symantec Corp,,,37223.0,628697.0,0.0
2006-02-28,2006-04-25,a06-8550_2nq.htm,0001104659-06-027395,N-Q,SEC-MORGAN-NDX,,Broadcom Corp. (Class A),Broadcom Corp. (Class A),,,13127.0,591874.0,0.0
2006-02-28,2006-04-25,a06-8550_2nq.htm,0001104659-06-027395,N-Q,SEC-MORGAN-NDX,,"Maxim Integrated Products, Inc","Maxim Integrated Products, Inc",,,15120.0,591041.0,0.0
2006-02-28,2006-04-25,a06-8550_2nq.htm,0001104659-06-027395,N-Q,SEC-MORGAN-NDX,,Biogen Idec Inc,Biogen Idec Inc,,,12145.0,573851.0,0.0
2006-02-28,2006-04-25,a06-8550_2nq.htm,0001104659-06-027395,N-Q,SEC-MORGAN-NDX,,"Marvell Technology Group, Ltd. (Bermuda)","Marvell Technology Group, Ltd. (Bermuda)",,,8929.0,546633.0,0.0
2006-02-28,2006-04-25,a06-8550_2nq.htm,0001104659-06-027395,N-Q,SEC-MORGAN-NDX,,"Electronic Arts, Inc","Electronic Arts, Inc",,,9974.0,518349.0,0.0
2006-02-28,2006-04-25,a06-8550_2nq.htm,0001104659-06-027395,N-Q,SEC-MORGAN-NDX,,"Applied Materials, Inc","Applied Materials, Inc",,,27619.0,506533.0,0.0
2006-02-28,2006-04-25,a06-8550_2nq.htm,0001104659-06-027395,N-Q,SEC-MORGAN-NDX,,Linear Technology Corp,Linear Technology Corp,,,13408.0,494219.0,0.0
2006-02-28,2006-04-25,a06-8550_2nq.htm,0001104659-06-027395,N-Q,SEC-MORGAN-NDX,,"Paychex, Inc","Paychex, Inc",,,11835.0,473992.0,0.0
2006-02-28,2006-04-25,a06-8550_2nq.htm,0001104659-06-027395,N-Q,SEC-MORGAN-NDX,,Bed Bath & Beyond Inc,Bed Bath & Beyond Inc,,,13141.0,473602.0,0.0
2006-02-28,2006-04-25,a06-8550_2nq.htm,0001104659-06-027395,N-Q,SEC-MORGAN-NDX,,Research In Motion Ltd. (Canada),Research In Motion Ltd. (Canada),,,6293.0,443845.0,0.0
2006-02-28,2006-04-25,a06-8550_2nq.htm,0001104659-06-027395,N-Q,SEC-MORGAN-NDX,,"PACCAR, Inc","PACCAR, Inc",,,6246.0,436408.0,0.0
2006-02-28,2006-04-25,a06-8550_2nq.htm,0001104659-06-027395,N-Q,SEC-MORGAN-NDX,,"Network Appliance, Inc","Network Appliance, Inc",,,12807.0,424680.0,0.0
2006-02-28,2006-04-25,a06-8550_2nq.htm,0001104659-06-027395,N-Q,SEC-MORGAN-NDX,,Celgene Corp,Celgene Corp,,,11072.0,420736.0,0.0
2006-02-28,2006-04-25,a06-8550_2nq.htm,0001104659-06-027395,N-Q,SEC-MORGAN-NDX,,Costco Wholesale Corp,Costco Wholesale Corp,,,8185.0,419727.0,0.0
2006-02-28,2006-04-25,a06-8550_2nq.htm,0001104659-06-027395,N-Q,SEC-MORGAN-NDX,,"Xilinx, Inc","Xilinx, Inc",,,15219.0,415174.0,0.0
2006-02-28,2006-04-25,a06-8550_2nq.htm,0001104659-06-027395,N-Q,SEC-MORGAN-NDX,,KLA-Tencor Corp,KLA-Tencor Corp,,,7874.0,411259.0,0.0
2006-02-28,2006-04-25,a06-8550_2nq.htm,0001104659-06-027395,N-Q,SEC-MORGAN-NDX,,"Biomet, Inc","Biomet, Inc",,,11040.0,401856.0,0.0
2006-02-28,2006-04-25,a06-8550_2nq.htm,0001104659-06-027395,N-Q,SEC-MORGAN-NDX,,"Staples, Inc","Staples, Inc",,,16171.0,396836.0,0.0
2006-02-28,2006-04-25,a06-8550_2nq.htm,0001104659-06-027395,N-Q,SEC-MORGAN-NDX,,Chiron Corp,Chiron Corp,,,8681.0,396461.0,0.0
2006-02-28,2006-04-25,a06-8550_2nq.htm,0001104659-06-027395,N-Q,SEC-MORGAN-NDX,,"Express Scripts, Inc","Express Scripts, Inc",,,4278.0,373341.0,0.0
2006-02-28,2006-04-25,a06-8550_2nq.htm,0001104659-06-027395,N-Q,SEC-MORGAN-NDX,,Intuit Inc,Intuit Inc,,,7337.0,356431.0,0.0
2006-02-28,2006-04-25,a06-8550_2nq.htm,0001104659-06-027395,N-Q,SEC-MORGAN-NDX,,"Amazon.com, Inc","Amazon.com, Inc",,,9058.0,339584.0,0.0
2006-02-28,2006-04-25,a06-8550_2nq.htm,0001104659-06-027395,N-Q,SEC-MORGAN-NDX,,Altera Corp,Altera Corp,,,16780.0,336271.0,0.0
2006-02-28,2006-04-25,a06-8550_2nq.htm,0001104659-06-027395,N-Q,SEC-MORGAN-NDX,,SanDisk Corp,SanDisk Corp,,,5560.0,335490.0,0.0
2006-02-28,2006-04-25,a06-8550_2nq.htm,0001104659-06-027395,N-Q,SEC-MORGAN-NDX,,IAC/InterActiveCorp,IAC/InterActiveCorp,,,10989.0,321318.0,0.0
2006-02-28,2006-04-25,a06-8550_2nq.htm,0001104659-06-027395,N-Q,SEC-MORGAN-NDX,,"MedImmune, Inc","MedImmune, Inc",,,8667.0,316259.0,0.0
2006-02-28,2006-04-25,a06-8550_2nq.htm,0001104659-06-027395,N-Q,SEC-MORGAN-NDX,,"Fiserv, Inc","Fiserv, Inc",,,7596.0,315234.0,0.0
2006-02-28,2006-04-25,a06-8550_2nq.htm,0001104659-06-027395,N-Q,SEC-MORGAN-NDX,,"Autodesk, Inc","Autodesk, Inc",,,7930.0,298565.0,0.0
2006-02-28,2006-04-25,a06-8550_2nq.htm,0001104659-06-027395,N-Q,SEC-MORGAN-NDX,,"Apollo Group, Inc. (Class A)","Apollo Group, Inc. (Class A)",,,5872.0,289959.0,0.0
2006-02-28,2006-04-25,a06-8550_2nq.htm,0001104659-06-027395,N-Q,SEC-MORGAN-NDX,,"Whole Foods Market, Inc","Whole Foods Market, Inc",,,4387.0,280242.0,0.0
2006-02-28,2006-04-25,a06-8550_2nq.htm,0001104659-06-027395,N-Q,SEC-MORGAN-NDX,,Cintas Corp,Cintas Corp,,,6633.0,272550.0,0.0
2006-02-28,2006-04-25,a06-8550_2nq.htm,0001104659-06-027395,N-Q,SEC-MORGAN-NDX,,"Expeditors International of Washington, Inc","Expeditors International of Washington, Inc",,,3446.0,268064.0,0.0
2006-02-28,2006-04-25,a06-8550_2nq.htm,0001104659-06-027395,N-Q,SEC-MORGAN-NDX,,NVIDIA Corp,NVIDIA Corp,,,5533.0,260770.0,0.0
2006-02-28,2006-04-25,a06-8550_2nq.htm,0001104659-06-027395,N-Q,SEC-MORGAN-NDX,,Cognizant Technology Solutions Corp. (Class A),Cognizant Technology Solutions Corp. (Class A),,,4434.0,255443.0,0.0
2006-02-28,2006-04-25,a06-8550_2nq.htm,0001104659-06-027395,N-Q,SEC-MORGAN-NDX,,"Pixar, Inc","Pixar, Inc",,,3937.0,251181.0,0.0
2006-02-28,2006-04-25,a06-8550_2nq.htm,0001104659-06-027395,N-Q,SEC-MORGAN-NDX,,"C.H. Robinson Worldwide, Inc","C.H. Robinson Worldwide, Inc",,,5563.0,249334.0,0.0
2006-02-28,2006-04-25,a06-8550_2nq.htm,0001104659-06-027395,N-Q,SEC-MORGAN-NDX,,"NII Holdings, Inc. (Class B)","NII Holdings, Inc. (Class B)",,,4837.0,247751.0,0.0
2006-02-28,2006-04-25,a06-8550_2nq.htm,0001104659-06-027395,N-Q,SEC-MORGAN-NDX,,Sirius Satellite Radio Inc,Sirius Satellite Radio Inc,,,47457.0,242505.0,0.0
2006-02-28,2006-04-25,a06-8550_2nq.htm,0001104659-06-027395,N-Q,SEC-MORGAN-NDX,,"Wynn Resorts, Ltd","Wynn Resorts, Ltd",,,3571.0,237293.0,0.0
2006-02-28,2006-04-25,a06-8550_2nq.htm,0001104659-06-027395,N-Q,SEC-MORGAN-NDX,,Garmin Ltd. (Cayman Islands),Garmin Ltd. (Cayman Islands),,,3295.0,226762.0,0.0
2006-02-28,2006-04-25,a06-8550_2nq.htm,0001104659-06-027395,N-Q,SEC-MORGAN-NDX,,"Juniper Networks, Inc","Juniper Networks, Inc",,,12217.0,224671.0,0.0
2006-02-28,2006-04-25,a06-8550_2nq.htm,0001104659-06-027395,N-Q,SEC-MORGAN-NDX,,"Citrix Systems, Inc","Citrix Systems, Inc",,,6896.0,223154.0,0.0
2006-02-28,2006-04-25,a06-8550_2nq.htm,0001104659-06-027395,N-Q,SEC-MORGAN-NDX,,Flextronics International Ltd. (Singapore),Flextronics International Ltd. (Singapore),,,20482.0,221001.0,0.0
2006-02-28,2006-04-25,a06-8550_2nq.htm,0001104659-06-027395,N-Q,SEC-MORGAN-NDX,,"Expedia, Inc","Expedia, Inc",,,11282.0,214019.0,0.0
2006-02-28,2006-04-25,a06-8550_2nq.htm,0001104659-06-027395,N-Q,SEC-MORGAN-NDX,,EchoStar Communications Corp. (Class A),EchoStar Communications Corp. (Class A),,,7189.0,211141.0,0.0
2006-02-28,2006-04-25,a06-8550_2nq.htm,0001104659-06-027395,N-Q,SEC-MORGAN-NDX,,"NTL, Inc","NTL, Inc",,,3201.0,210786.0,0.0
2006-02-28,2006-04-25,a06-8550_2nq.htm,0001104659-06-027395,N-Q,SEC-MORGAN-NDX,,Fastenal Co,Fastenal Co,,,4753.0,208704.0,0.0
2006-02-28,2006-04-25,a06-8550_2nq.htm,0001104659-06-027395,N-Q,SEC-MORGAN-NDX,,"Sun Microsystems, Inc","Sun Microsystems, Inc",,,48888.0,203863.0,0.0
2006-02-28,2006-04-25,a06-8550_2nq.htm,0001104659-06-027395,N-Q,SEC-MORGAN-NDX,,Joy Global Inc,Joy Global Inc,,,3928.0,202528.0,0.0
2006-02-28,2006-04-25,a06-8550_2nq.htm,0001104659-06-027395,N-Q,SEC-MORGAN-NDX,,Microchip Technology Inc,Microchip Technology Inc,,,5752.0,202470.0,0.0
2006-02-28,2006-04-25,a06-8550_2nq.htm,0001104659-06-027395,N-Q,SEC-MORGAN-NDX,,"Monster Worldwide, Inc","Monster Worldwide, Inc",,,4134.0,202401.0,0.0
2006-02-28,2006-04-25,a06-8550_2nq.htm,0001104659-06-027395,N-Q,SEC-MORGAN-NDX,,Lam Research Corp,Lam Research Corp,,,4622.0,199208.0,0.0
2006-02-28,2006-04-25,a06-8550_2nq.htm,0001104659-06-027395,N-Q,SEC-MORGAN-NDX,,"Comverse Technology, Inc","Comverse Technology, Inc",,,6879.0,197840.0,0.0
2006-02-28,2006-04-25,a06-8550_2nq.htm,0001104659-06-027395,N-Q,SEC-MORGAN-NDX,,"Sepracor, Inc","Sepracor, Inc",,,3391.0,194338.0,0.0
2006-02-28,2006-04-25,a06-8550_2nq.htm,0001104659-06-027395,N-Q,SEC-MORGAN-NDX,,JDS Uniphase Corp,JDS Uniphase Corp,,,62272.0,189307.0,0.0
2006-02-28,2006-04-25,a06-8550_2nq.htm,0001104659-06-027395,N-Q,SEC-MORGAN-NDX,,"VeriSign, Inc","VeriSign, Inc",,,7955.0,188215.0,0.0
2006-02-28,2006-04-25,a06-8550_2nq.htm,0001104659-06-027395,N-Q,SEC-MORGAN-NDX,,"Cadence Design Systems, Inc","Cadence Design Systems, Inc",,,9784.0,173666.0,0.0
2006-02-28,2006-04-25,a06-8550_2nq.htm,0001104659-06-027395,N-Q,SEC-MORGAN-NDX,,Check Point Software Technologies Ltd. (Israel),Check Point Software Technologies Ltd. (Israel),,,7935.0,168698.0,0.0
2006-02-28,2006-04-25,a06-8550_2nq.htm,0001104659-06-027395,N-Q,SEC-MORGAN-NDX,,XM Satellite Radio Holdings Inc. (Class A),XM Satellite Radio Holdings Inc. (Class A),,,7542.0,166603.0,0.0
2006-02-28,2006-04-25,a06-8550_2nq.htm,0001104659-06-027395,N-Q,SEC-MORGAN-NDX,,Liberty Global Inc. (Class A),Liberty Global Inc. (Class A),,,7950.0,161464.0,0.0
2006-02-28,2006-04-25,a06-8550_2nq.htm,0001104659-06-027395,N-Q,SEC-MORGAN-NDX,,"Urban Outfitters, Inc","Urban Outfitters, Inc",,,5665.0,159186.0,0.0
2006-02-28,2006-04-25,a06-8550_2nq.htm,0001104659-06-027395,N-Q,SEC-MORGAN-NDX,,"Patterson-UTI Energy, Inc","Patterson-UTI Energy, Inc",,,5745.0,158275.0,0.0
2006-02-28,2006-04-25,a06-8550_2nq.htm,0001104659-06-027395,N-Q,SEC-MORGAN-NDX,,"Patterson Companies, Inc","Patterson Companies, Inc",,,4354.0,156918.0,0.0
2006-02-28,2006-04-25,a06-8550_2nq.htm,0001104659-06-027395,N-Q,SEC-MORGAN-NDX,,CDW Corp,CDW Corp,,,2734.0,155455.0,0.0
2006-02-28,2006-04-25,a06-8550_2nq.htm,0001104659-06-027395,N-Q,SEC-MORGAN-NDX,,"Red Hat, Inc","Red Hat, Inc",,,5728.0,153911.0,0.0
2006-02-28,2006-04-25,a06-8550_2nq.htm,0001104659-06-027395,N-Q,SEC-MORGAN-NDX,,"BEA Systems, Inc","BEA Systems, Inc",,,13402.0,153721.0,0.0
2006-02-28,2006-04-25,a06-8550_2nq.htm,0001104659-06-027395,N-Q,SEC-MORGAN-NDX,,"Amylin Pharmaceuticals, Inc","Amylin Pharmaceuticals, Inc",,,3494.0,151570.0,0.0
2006-02-28,2006-04-25,a06-8550_2nq.htm,0001104659-06-027395,N-Q,SEC-MORGAN-NDX,,Lamar Advertising Co. (Class A),Lamar Advertising Co. (Class A),,,2849.0,145356.0,0.0
2006-02-28,2006-04-25,a06-8550_2nq.htm,0001104659-06-027395,N-Q,SEC-MORGAN-NDX,,"DENTSPLY International, Inc","DENTSPLY International, Inc",,,2485.0,141620.0,0.0
2006-02-28,2006-04-25,a06-8550_2nq.htm,0001104659-06-027395,N-Q,SEC-MORGAN-NDX,,CheckFree Corp,CheckFree Corp,,,2847.0,140813.0,0.0
2006-02-28,2006-04-25,a06-8550_2nq.htm,0001104659-06-027395,N-Q,SEC-MORGAN-NDX,,Sigma-Aldrich Corp,Sigma-Aldrich Corp,,,2126.0,136936.0,0.0
2006-02-28,2006-04-25,a06-8550_2nq.htm,0001104659-06-027395,N-Q,SEC-MORGAN-NDX,,Telefonaktiebolaget LM Ericsson (ADR) (Sweden),Telefonaktiebolaget LM Ericsson (ADR) (Sweden),,,3944.0,134491.0,0.0
2006-02-28,2006-04-25,a06-8550_2nq.htm,0001104659-06-027395,N-Q,SEC-MORGAN-NDX,,"Ross Stores, Inc","Ross Stores, Inc",,,4690.0,132821.0,0.0
2006-02-28,2006-04-25,a06-8550_2nq.htm,0001104659-06-027395,N-Q,SEC-MORGAN-NDX,,American Power Conversion Corp,American Power Conversion Corp,,,6462.0,132019.0,0.0
2006-02-28,2006-04-25,a06-8550_2nq.htm,0001104659-06-027395,N-Q,SEC-MORGAN-NDX,,ATI Technologies Inc. (Canada),ATI Technologies Inc. (Canada),,,8137.0,129216.0,0.0
2006-02-28,2006-04-25,a06-8550_2nq.htm,0001104659-06-027395,N-Q,SEC-MORGAN-NDX,,"Lincare Holdings, Inc","Lincare Holdings, Inc",,,3087.0,126258.0,0.0
2006-02-28,2006-04-25,a06-8550_2nq.htm,0001104659-06-027395,N-Q,SEC-MORGAN-NDX,,"Tellabs, Inc","Tellabs, Inc",,,8413.0,123587.0,0.0
2006-02-28,2006-04-25,a06-8550_2nq.htm,0001104659-06-027395,N-Q,SEC-MORGAN-NDX,,"PETsMART, Inc","PETsMART, Inc",,,4671.0,121259.0,0.0
2006-02-28,2006-04-25,a06-8550_2nq.htm,0001104659-06-027395,N-Q,SEC-MORGAN-NDX,,Discovery Holding Company (Class A),Discovery Holding Company (Class A),,,7835.0,114391.0,0.0
2006-02-28,2006-04-25,a06-8550_2nq.htm,0001104659-06-027395,N-Q,SEC-MORGAN-NDX,,"Intuitive Surgical, Inc","Intuitive Surgical, Inc",,,1166.0,105173.0,0.0
2006-02-28,2006-04-25,a06-8550_2nq.htm,0001104659-06-027395,N-Q,SEC-MORGAN-NDX,,"Activision, Inc","Activision, Inc",,,8044.0,100550.0,0.0
2006-02-28,2006-04-25,a06-8550_2nq.htm,0001104659-06-027395,N-Q,SEC-MORGAN-NDX,,Long Nasdaq-100 Index March 2006,Long Nasdaq-100 Index March 2006,,,4.0,17280.0,0.0
2006-02-28,2006-04-25,a06-8550_2nq.htm,0001104659-06-027395,N-Q,SEC-MORGAN-NDX,,Long Nasdaq-100 E-Mini March 2006,Long Nasdaq-100 E-Mini March 2006,,,25.0,4884.0,0.0
2006-02-28,2006-04-25,a06-8550_2nq.htm,0001104659-06-027395,N-Q,SEC-MORGAN-NDX,,Long Nasdaq-100 E-Mini March 2006,Long Nasdaq-100 E-Mini March 2006,,,5.0,662.0,0.0
2006-03-31,2006-06-05,g32070_rydexseriesfundsncsr.txt,0000935069-06-001608,N-CSR,SEC-RYDEX-NDX,,Investment in Securities Lending Short Term Investment Portfolio Held by U.S. Bank (Note 9),Investment in Securities Lending Short Term Investment Portfolio Held by U.S. Bank (Note 9),,,197950960.0,197950960.0,0.0
2006-03-31,2006-06-05,g32070_rydexseriesfundsncsr.txt,0000935069-06-001608,N-CSR,SEC-RYDEX-NDX,,"Qualcomm, Inc","Qualcomm, Inc",,,1286680.0,65118875.0,0.0
2006-03-31,2006-06-05,g32070_rydexseriesfundsncsr.txt,0000935069-06-001608,N-CSR,SEC-RYDEX-NDX,,Microsoft Corp,Microsoft Corp,,,2226070.0,60571365.0,0.0
2006-03-31,2006-06-05,g32070_rydexseriesfundsncsr.txt,0000935069-06-001608,N-CSR,SEC-RYDEX-NDX,,"Apple Computer, Inc","Apple Computer, Inc",,,771890.0,48412941.0,0.0
2006-03-31,2006-06-05,g32070_rydexseriesfundsncsr.txt,0000935069-06-001608,N-CSR,SEC-RYDEX-NDX,,Intel Corp,Intel Corp,,,1850360.0,35804466.0,0.0
2006-03-31,2006-06-05,g32070_rydexseriesfundsncsr.txt,0000935069-06-001608,N-CSR,SEC-RYDEX-NDX,,"Google, Inc. -- Class A","Google, Inc. -- Class A",,,82850.0,32311500.0,0.0
2006-03-31,2006-06-05,g32070_rydexseriesfundsncsr.txt,0000935069-06-001608,N-CSR,SEC-RYDEX-NDX,,"Cisco Systems, Inc","Cisco Systems, Inc",,,1443790.0,31286929.0,0.0
2006-03-31,2006-06-05,g32070_rydexseriesfundsncsr.txt,0000935069-06-001608,N-CSR,SEC-RYDEX-NDX,,"Amgen, Inc","Amgen, Inc",,,382250.0,27808688.0,0.0
2006-03-31,2006-06-05,g32070_rydexseriesfundsncsr.txt,0000935069-06-001608,N-CSR,SEC-RYDEX-NDX,,"eBay, Inc.*+","eBay, Inc.*+",,,667820.0,26085049.0,0.0
2006-03-31,2006-06-05,g32070_rydexseriesfundsncsr.txt,0000935069-06-001608,N-CSR,SEC-RYDEX-NDX,,Starbucks Corp,Starbucks Corp,,,679500.0,25576380.0,0.0
2006-03-31,2006-06-05,g32070_rydexseriesfundsncsr.txt,0000935069-06-001608,N-CSR,SEC-RYDEX-NDX,,"Yahoo!, Inc.*+","Yahoo!, Inc.*+",,,658890.0,21255791.0,0.0
2006-03-31,2006-06-05,g32070_rydexseriesfundsncsr.txt,0000935069-06-001608,N-CSR,SEC-RYDEX-NDX,,Genzyme Corp,Genzyme Corp,,,306400.0,20596208.0,0.0
2006-03-31,2006-06-05,g32070_rydexseriesfundsncsr.txt,0000935069-06-001608,N-CSR,SEC-RYDEX-NDX,,"Dell, Inc","Dell, Inc",,,587870.0,17495011.0,0.0
2006-03-31,2006-06-05,g32070_rydexseriesfundsncsr.txt,0000935069-06-001608,N-CSR,SEC-RYDEX-NDX,,"Gilead Sciences, Inc","Gilead Sciences, Inc",,,280700.0,17465154.0,0.0
2006-03-31,2006-06-05,g32070_rydexseriesfundsncsr.txt,0000935069-06-001608,N-CSR,SEC-RYDEX-NDX,,"Fiserv, Inc.*+","Fiserv, Inc.*+",,,408687.0,17389632.0,0.0
2006-03-31,2006-06-05,g32070_rydexseriesfundsncsr.txt,0000935069-06-001608,N-CSR,SEC-RYDEX-NDX,,Sears Holdings Corp.*+,Sears Holdings Corp.*+,,,110290.0,14584750.0,0.0
2006-03-31,2006-06-05,g32070_rydexseriesfundsncsr.txt,0000935069-06-001608,N-CSR,SEC-RYDEX-NDX,,CDW Corp.+,CDW Corp.+,,,244648.0,14397535.0,0.0
2006-03-31,2006-06-05,g32070_rydexseriesfundsncsr.txt,0000935069-06-001608,N-CSR,SEC-RYDEX-NDX,,Check Point Software Technologies Ltd,Check Point Software Technologies Ltd,,,668550.0,13384371.0,0.0
2006-03-31,2006-06-05,g32070_rydexseriesfundsncsr.txt,0000935069-06-001608,N-CSR,SEC-RYDEX-NDX,,"Adobe Systems, Inc","Adobe Systems, Inc",,,380830.0,13298584.0,0.0
2006-03-31,2006-06-05,g32070_rydexseriesfundsncsr.txt,0000935069-06-001608,N-CSR,SEC-RYDEX-NDX,,Comcast Corp. -- Class A*+,Comcast Corp. -- Class A*+,,,506390.0,13247163.0,0.0
2006-03-31,2006-06-05,g32070_rydexseriesfundsncsr.txt,0000935069-06-001608,N-CSR,SEC-RYDEX-NDX,,Teva Pharmaceutical Industries Ltd. -- SP ADR+,Teva Pharmaceutical Industries Ltd. -- SP ADR+,,,303337.0,12491418.0,0.0
2006-03-31,2006-06-05,g32070_rydexseriesfundsncsr.txt,0000935069-06-001608,N-CSR,SEC-RYDEX-NDX,,Broadcom Corp. -- Class A*+,Broadcom Corp. -- Class A*+,,,266410.0,11498255.0,0.0
2006-03-31,2006-06-05,g32070_rydexseriesfundsncsr.txt,0000935069-06-001608,N-CSR,SEC-RYDEX-NDX,,"Biogen Idec, Inc","Biogen Idec, Inc",,,225130.0,10603623.0,0.0
2006-03-31,2006-06-05,g32070_rydexseriesfundsncsr.txt,0000935069-06-001608,N-CSR,SEC-RYDEX-NDX,,Marvell Technology Group Ltd.*+,Marvell Technology Group Ltd.*+,,,191091.0,10338023.0,0.0
2006-03-31,2006-06-05,g32070_rydexseriesfundsncsr.txt,0000935069-06-001608,N-CSR,SEC-RYDEX-NDX,,"Research In Motion, Ltd.*+","Research In Motion, Ltd.*+",,,119930.0,10179658.0,0.0
2006-03-31,2006-06-05,g32070_rydexseriesfundsncsr.txt,0000935069-06-001608,N-CSR,SEC-RYDEX-NDX,,Oracle Corp,Oracle Corp,,,709350.0,9711001.0,0.0
2006-03-31,2006-06-05,g32070_rydexseriesfundsncsr.txt,0000935069-06-001608,N-CSR,SEC-RYDEX-NDX,,Celgene Corp.*+,Celgene Corp.*+,,,216770.0,9585569.0,0.0
2006-03-31,2006-06-05,g32070_rydexseriesfundsncsr.txt,0000935069-06-001608,N-CSR,SEC-RYDEX-NDX,,4.40% due 04/03/06,4.40% due 04/03/06,,,9344592.0,9344592.0,0.0
2006-03-31,2006-06-05,g32070_rydexseriesfundsncsr.txt,0000935069-06-001608,N-CSR,SEC-RYDEX-NDX,,Symantec Corp,Symantec Corp,,,550560.0,9265925.0,0.0
2006-03-31,2006-06-05,g32070_rydexseriesfundsncsr.txt,0000935069-06-001608,N-CSR,SEC-RYDEX-NDX,,"Intuit, Inc","Intuit, Inc",,,173350.0,9220486.0,0.0
2006-03-31,2006-06-05,g32070_rydexseriesfundsncsr.txt,0000935069-06-001608,N-CSR,SEC-RYDEX-NDX,,Nvidia Corp.*+,Nvidia Corp.*+,,,159970.0,9159882.0,0.0
2006-03-31,2006-06-05,g32070_rydexseriesfundsncsr.txt,0000935069-06-001608,N-CSR,SEC-RYDEX-NDX,,Costco Wholesale Corp,Costco Wholesale Corp,,,168925.0,9148978.0,0.0
2006-03-31,2006-06-05,g32070_rydexseriesfundsncsr.txt,0000935069-06-001608,N-CSR,SEC-RYDEX-NDX,,"NTL, Inc","NTL, Inc",,,311840.0,9077662.0,0.0
2006-03-31,2006-06-05,g32070_rydexseriesfundsncsr.txt,0000935069-06-001608,N-CSR,SEC-RYDEX-NDX,,"Paccar, Inc.+","Paccar, Inc.+",,,120510.0,8493545.0,0.0
2006-03-31,2006-06-05,g32070_rydexseriesfundsncsr.txt,0000935069-06-001608,N-CSR,SEC-RYDEX-NDX,,Linear Technology Corp,Linear Technology Corp,,,240820.0,8447966.0,0.0
2006-03-31,2006-06-05,g32070_rydexseriesfundsncsr.txt,0000935069-06-001608,N-CSR,SEC-RYDEX-NDX,,"Amazon.com, Inc.*+","Amazon.com, Inc.*+",,,229505.0,8379227.0,0.0
2006-03-31,2006-06-05,g32070_rydexseriesfundsncsr.txt,0000935069-06-001608,N-CSR,SEC-RYDEX-NDX,,"Bed Bath & Beyond, Inc.*+","Bed Bath & Beyond, Inc.*+",,,214630.0,8241792.0,0.0
2006-03-31,2006-06-05,g32070_rydexseriesfundsncsr.txt,0000935069-06-001608,N-CSR,SEC-RYDEX-NDX,,"Electronic Arts, Inc.*+","Electronic Arts, Inc.*+",,,148546.0,8128437.0,0.0
2006-03-31,2006-06-05,g32070_rydexseriesfundsncsr.txt,0000935069-06-001608,N-CSR,SEC-RYDEX-NDX,,Altera Corp.*+,Altera Corp.*+,,,391790.0,8086546.0,0.0
2006-03-31,2006-06-05,g32070_rydexseriesfundsncsr.txt,0000935069-06-001608,N-CSR,SEC-RYDEX-NDX,,"Biomet, Inc.+","Biomet, Inc.+",,,220816.0,7843384.0,0.0
2006-03-31,2006-06-05,g32070_rydexseriesfundsncsr.txt,0000935069-06-001608,N-CSR,SEC-RYDEX-NDX,,Pixar*+,Pixar*+,,,117285.0,7522660.0,0.0
2006-03-31,2006-06-05,g32070_rydexseriesfundsncsr.txt,0000935069-06-001608,N-CSR,SEC-RYDEX-NDX,,Sandisk Corp.*+,Sandisk Corp.*+,,,130030.0,7479326.0,0.0
2006-03-31,2006-06-05,g32070_rydexseriesfundsncsr.txt,0000935069-06-001608,N-CSR,SEC-RYDEX-NDX,,"Apollo Group, Inc. -- Class A*+","Apollo Group, Inc. -- Class A*+",,,141888.0,7450539.0,0.0
2006-03-31,2006-06-05,g32070_rydexseriesfundsncsr.txt,0000935069-06-001608,N-CSR,SEC-RYDEX-NDX,,"Paychex, Inc.+","Paychex, Inc.+",,,175870.0,7326744.0,0.0
2006-03-31,2006-06-05,g32070_rydexseriesfundsncsr.txt,0000935069-06-001608,N-CSR,SEC-RYDEX-NDX,,EchoStar Communications Corp.*+,EchoStar Communications Corp.*+,,,243909.0,7285562.0,0.0
2006-03-31,2006-06-05,g32070_rydexseriesfundsncsr.txt,0000935069-06-001608,N-CSR,SEC-RYDEX-NDX,,"Express Scripts, Inc.*+","Express Scripts, Inc.*+",,,81030.0,7122537.0,0.0
2006-03-31,2006-06-05,g32070_rydexseriesfundsncsr.txt,0000935069-06-001608,N-CSR,SEC-RYDEX-NDX,,"Xilinx, Inc.+","Xilinx, Inc.+",,,279720.0,7121671.0,0.0
2006-03-31,2006-06-05,g32070_rydexseriesfundsncsr.txt,0000935069-06-001608,N-CSR,SEC-RYDEX-NDX,,"Autodesk, Inc","Autodesk, Inc",,,181550.0,6993306.0,0.0
2006-03-31,2006-06-05,g32070_rydexseriesfundsncsr.txt,0000935069-06-001608,N-CSR,SEC-RYDEX-NDX,,"Ross Stores, Inc","Ross Stores, Inc",,,223275.0,6517397.0,0.0
2006-03-31,2006-06-05,g32070_rydexseriesfundsncsr.txt,0000935069-06-001608,N-CSR,SEC-RYDEX-NDX,,"Expeditors International Washington, Inc.+","Expeditors International Washington, Inc.+",,,67690.0,5847739.0,0.0
2006-03-31,2006-06-05,g32070_rydexseriesfundsncsr.txt,0000935069-06-001608,N-CSR,SEC-RYDEX-NDX,,Chiron Corp,Chiron Corp,,,122910.0,5630507.0,0.0
2006-03-31,2006-06-05,g32070_rydexseriesfundsncsr.txt,0000935069-06-001608,N-CSR,SEC-RYDEX-NDX,,Garmin Ltd.+,Garmin Ltd.+,,,70770.0,5621261.0,0.0
2006-03-31,2006-06-05,g32070_rydexseriesfundsncsr.txt,0000935069-06-001608,N-CSR,SEC-RYDEX-NDX,,"NII Holdings, Inc. -- Class B*+","NII Holdings, Inc. -- Class B*+",,,92300.0,5442931.0,0.0
2006-03-31,2006-06-05,g32070_rydexseriesfundsncsr.txt,0000935069-06-001608,N-CSR,SEC-RYDEX-NDX,,"Whole Foods Market, Inc.+","Whole Foods Market, Inc.+",,,81710.0,5428812.0,0.0
2006-03-31,2006-06-05,g32070_rydexseriesfundsncsr.txt,0000935069-06-001608,N-CSR,SEC-RYDEX-NDX,,Cintas Corp,Cintas Corp,,,125650.0,5355203.0,0.0
2006-03-31,2006-06-05,g32070_rydexseriesfundsncsr.txt,0000935069-06-001608,N-CSR,SEC-RYDEX-NDX,,"Microchip Technology, Inc.+","Microchip Technology, Inc.+",,,144700.0,5252610.0,0.0
2006-03-31,2006-06-05,g32070_rydexseriesfundsncsr.txt,0000935069-06-001608,N-CSR,SEC-RYDEX-NDX,,"CH Robinson Worldwide, Inc","CH Robinson Worldwide, Inc",,,106640.0,5234958.0,0.0
2006-03-31,2006-06-05,g32070_rydexseriesfundsncsr.txt,0000935069-06-001608,N-CSR,SEC-RYDEX-NDX,,"Juniper Networks, Inc.*+","Juniper Networks, Inc.*+",,,265680.0,5079802.0,0.0
2006-03-31,2006-06-05,g32070_rydexseriesfundsncsr.txt,0000935069-06-001608,N-CSR,SEC-RYDEX-NDX,,Lamar Advertising Co. -- Class A,Lamar Advertising Co. -- Class A,,,95360.0,5017843.0,0.0
2006-03-31,2006-06-05,g32070_rydexseriesfundsncsr.txt,0000935069-06-001608,N-CSR,SEC-RYDEX-NDX,,Lam Research Corp.*+,Lam Research Corp.*+,,,116300.0,5000900.0,0.0
2006-03-31,2006-06-05,g32070_rydexseriesfundsncsr.txt,0000935069-06-001608,N-CSR,SEC-RYDEX-NDX,,JDS Uniphase Corp.*+,JDS Uniphase Corp.*+,,,1134940.0,4732700.0,0.0
2006-03-31,2006-06-05,g32070_rydexseriesfundsncsr.txt,0000935069-06-001608,N-CSR,SEC-RYDEX-NDX,,"Staples, Inc.+","Staples, Inc.+",,,184260.0,4702315.0,0.0
2006-03-31,2006-06-05,g32070_rydexseriesfundsncsr.txt,0000935069-06-001608,N-CSR,SEC-RYDEX-NDX,,Wynn Resorts Ltd.*+,Wynn Resorts Ltd.*+,,,60573.0,4655035.0,0.0
2006-03-31,2006-06-05,g32070_rydexseriesfundsncsr.txt,0000935069-06-001608,N-CSR,SEC-RYDEX-NDX,,"Joy Global, Inc","Joy Global, Inc",,,76860.0,4593922.0,0.0
2006-03-31,2006-06-05,g32070_rydexseriesfundsncsr.txt,0000935069-06-001608,N-CSR,SEC-RYDEX-NDX,,"Maxim Integrated Products, Inc.+","Maxim Integrated Products, Inc.+",,,123600.0,4591740.0,0.0
2006-03-31,2006-06-05,g32070_rydexseriesfundsncsr.txt,0000935069-06-001608,N-CSR,SEC-RYDEX-NDX,,4.15% due 04/03/06,4.15% due 04/03/06,,,4573086.0,4573086.0,0.0
2006-03-31,2006-06-05,g32070_rydexseriesfundsncsr.txt,0000935069-06-001608,N-CSR,SEC-RYDEX-NDX,,Fastenal Co.+,Fastenal Co.+,,,96216.0,4554865.0,0.0
2006-03-31,2006-06-05,g32070_rydexseriesfundsncsr.txt,0000935069-06-001608,N-CSR,SEC-RYDEX-NDX,,"Applied Materials, Inc","Applied Materials, Inc",,,256490.0,4491140.0,0.0
2006-03-31,2006-06-05,g32070_rydexseriesfundsncsr.txt,0000935069-06-001608,N-CSR,SEC-RYDEX-NDX,,InterActiveCorp*+,InterActiveCorp*+,,,142060.0,4186508.0,0.0
2006-03-31,2006-06-05,g32070_rydexseriesfundsncsr.txt,0000935069-06-001608,N-CSR,SEC-RYDEX-NDX,,Telefonaktiebolaget LM Ericsson -- SP ADR,Telefonaktiebolaget LM Ericsson -- SP ADR,,,110780.0,4178622.0,0.0
2006-03-31,2006-06-05,g32070_rydexseriesfundsncsr.txt,0000935069-06-001608,N-CSR,SEC-RYDEX-NDX,,"Sirius Satellite Radio, Inc.*+","Sirius Satellite Radio, Inc.*+",,,812200.0,4125976.0,0.0
2006-03-31,2006-06-05,g32070_rydexseriesfundsncsr.txt,0000935069-06-001608,N-CSR,SEC-RYDEX-NDX,,"Expedia, Inc.*+","Expedia, Inc.*+",,,197910.0,4011636.0,0.0
2006-03-31,2006-06-05,g32070_rydexseriesfundsncsr.txt,0000935069-06-001608,N-CSR,SEC-RYDEX-NDX,,"Urban Outfitters, Inc.*+","Urban Outfitters, Inc.*+",,,162080.0,3977443.0,0.0
2006-03-31,2006-06-05,g32070_rydexseriesfundsncsr.txt,0000935069-06-001608,N-CSR,SEC-RYDEX-NDX,,"Novellus Systems, Inc.*+","Novellus Systems, Inc.*+",,,162960.0,3911040.0,0.0
2006-03-31,2006-06-05,g32070_rydexseriesfundsncsr.txt,0000935069-06-001608,N-CSR,SEC-RYDEX-NDX,,"BEA Systems, Inc","BEA Systems, Inc",,,290400.0,3812952.0,0.0
2006-03-31,2006-06-05,g32070_rydexseriesfundsncsr.txt,0000935069-06-001608,N-CSR,SEC-RYDEX-NDX,,"Monster Worldwide, Inc.*+","Monster Worldwide, Inc.*+",,,75730.0,3775898.0,0.0
2006-03-31,2006-06-05,g32070_rydexseriesfundsncsr.txt,0000935069-06-001608,N-CSR,SEC-RYDEX-NDX,,"Red Hat, Inc.*+","Red Hat, Inc.*+",,,130020.0,3637960.0,0.0
2006-03-31,2006-06-05,g32070_rydexseriesfundsncsr.txt,0000935069-06-001608,N-CSR,SEC-RYDEX-NDX,,"Patterson-UTI Energy, Inc","Patterson-UTI Energy, Inc",,,103506.0,3308052.0,0.0
2006-03-31,2006-06-05,g32070_rydexseriesfundsncsr.txt,0000935069-06-001608,N-CSR,SEC-RYDEX-NDX,,"Patterson Cos., Inc.*+","Patterson Cos., Inc.*+",,,92620.0,3260224.0,0.0
2006-03-31,2006-06-05,g32070_rydexseriesfundsncsr.txt,0000935069-06-001608,N-CSR,SEC-RYDEX-NDX,,"Amylin Pharmaceuticals, Inc.*+","Amylin Pharmaceuticals, Inc.*+",,,64450.0,3154828.0,0.0
2006-03-31,2006-06-05,g32070_rydexseriesfundsncsr.txt,0000935069-06-001608,N-CSR,SEC-RYDEX-NDX,,"Sepracor, Inc.*+","Sepracor, Inc.*+",,,62890.0,3069661.0,0.0
2006-03-31,2006-06-05,g32070_rydexseriesfundsncsr.txt,0000935069-06-001608,N-CSR,SEC-RYDEX-NDX,,"Citrix Systems, Inc.*+","Citrix Systems, Inc.*+",,,78460.0,2973634.0,0.0
2006-03-31,2006-06-05,g32070_rydexseriesfundsncsr.txt,0000935069-06-001608,N-CSR,SEC-RYDEX-NDX,,American Power Conversion Corp,American Power Conversion Corp,,,128502.0,2969681.0,0.0
2006-03-31,2006-06-05,g32070_rydexseriesfundsncsr.txt,0000935069-06-001608,N-CSR,SEC-RYDEX-NDX,,"Intuitive Surgical, Inc.*+","Intuitive Surgical, Inc.*+",,,22380.0,2640840.0,0.0
2006-03-31,2006-06-05,g32070_rydexseriesfundsncsr.txt,0000935069-06-001608,N-CSR,SEC-RYDEX-NDX,,"Comverse Technology, Inc.*+","Comverse Technology, Inc.*+",,,109550.0,2577711.0,0.0
2006-03-31,2006-06-05,g32070_rydexseriesfundsncsr.txt,0000935069-06-001608,N-CSR,SEC-RYDEX-NDX,,Sigma-Aldrich Corp.+,Sigma-Aldrich Corp.+,,,34412.0,2263966.0,0.0
2006-03-31,2006-06-05,g32070_rydexseriesfundsncsr.txt,0000935069-06-001608,N-CSR,SEC-RYDEX-NDX,,"DENTSPLY International, Inc","DENTSPLY International, Inc",,,38590.0,2244009.0,0.0
2006-03-31,2006-06-05,g32070_rydexseriesfundsncsr.txt,0000935069-06-001608,N-CSR,SEC-RYDEX-NDX,,CheckFree Corp.*+,CheckFree Corp.*+,,,42410.0,2141705.0,0.0
2006-03-31,2006-06-05,g32070_rydexseriesfundsncsr.txt,0000935069-06-001608,N-CSR,SEC-RYDEX-NDX,,"Tellabs, Inc.*+","Tellabs, Inc.*+",,,130800.0,2079720.0,0.0
2006-03-31,2006-06-05,g32070_rydexseriesfundsncsr.txt,0000935069-06-001608,N-CSR,SEC-RYDEX-NDX,,"Lincare Holdings, Inc.*+","Lincare Holdings, Inc.*+",,,51515.0,2007024.0,0.0
2006-03-31,2006-06-05,g32070_rydexseriesfundsncsr.txt,0000935069-06-001608,N-CSR,SEC-RYDEX-NDX,,Cognizant Technology Solutions Corp. -- Class A,Cognizant Technology Solutions Corp. -- Class A,,,28690.0,1706768.0,0.0
2006-03-31,2006-06-05,g32070_rydexseriesfundsncsr.txt,0000935069-06-001608,N-CSR,SEC-RYDEX-NDX,,"Petsmart, Inc.+","Petsmart, Inc.+",,,56790.0,1598071.0,0.0
2006-03-31,2006-06-05,g32070_rydexseriesfundsncsr.txt,0000935069-06-001608,N-CSR,SEC-RYDEX-NDX,,"Medimmune, Inc.*+","Medimmune, Inc.*+",,,42190.0,1543310.0,0.0
2006-03-31,2006-06-05,g32070_rydexseriesfundsncsr.txt,0000935069-06-001608,N-CSR,SEC-RYDEX-NDX,,"Liberty Global, Inc. -- Class A","Liberty Global, Inc. -- Class A",,,44820.0,917465.0,0.0
2006-03-31,2006-06-05,g32070_rydexseriesfundsncsr.txt,0000935069-06-001608,N-CSR,SEC-RYDEX-NDX,,4.50% due 04/03/06++,4.50% due 04/03/06++,,,721674.0,721674.0,0.0
2006-03-31,2006-06-05,g32070_rydexseriesfundsncsr.txt,0000935069-06-001608,N-CSR,SEC-RYDEX-NDX,,+ ALL OR A PORTION OF THIS SECURITY IS ON LOAN AT MARCH,+ ALL OR A PORTION OF THIS SECURITY IS ON LOAN AT MARCH,,,31.0,2006.0,0.0
2006-05-31,2006-08-09,a2171793zn-csrs.txt,0001047469-06-010612,N-CSRS,SEC-MORGAN-NDX,,NET ASSETS: Beginning of period,NET ASSETS: Beginning of period,,,52263563.0,56707071.0,0.0
2006-05-31,2006-08-09,a2171793zn-csrs.txt,0001047469-06-010612,N-CSRS,SEC-MORGAN-NDX,,RESPECTIVELY),RESPECTIVELY),,,42119660.0,52263563.0,0.0
2006-05-31,2006-08-09,a2171793zn-csrs.txt,0001047469-06-010612,N-CSRS,SEC-MORGAN-NDX,,"QUALCOMM, Inc","QUALCOMM, Inc",,,58376.0,2639179.0,0.0
2006-05-31,2006-08-09,a2171793zn-csrs.txt,0001047469-06-010612,N-CSRS,SEC-MORGAN-NDX,,Microsoft Corp,Microsoft Corp,,,103928.0,2353969.0,0.0
2006-05-31,2006-08-09,a2171793zn-csrs.txt,0001047469-06-010612,N-CSRS,SEC-MORGAN-NDX,,"Apple Computer, Inc","Apple Computer, Inc",,,34589.0,2067385.0,0.0
2006-05-31,2006-08-09,a2171793zn-csrs.txt,0001047469-06-010612,N-CSRS,SEC-MORGAN-NDX,,Sold,Sold,,,214142.0,2053467.0,0.0
2006-05-31,2006-08-09,a2171793zn-csrs.txt,0001047469-06-010612,N-CSRS,SEC-MORGAN-NDX,,"Net increase (decrease) -- Class D (284,137) (2,691,676)","Net increase (decrease) -- Class D (284,137) (2,691,676)",,,187248.0,1766671.0,0.0
2006-05-31,2006-08-09,a2171793zn-csrs.txt,0001047469-06-010612,N-CSRS,SEC-MORGAN-NDX,,June,June,,,2006.0,1741300.0,0.0
2006-05-31,2006-08-09,a2171793zn-csrs.txt,0001047469-06-010612,N-CSRS,SEC-MORGAN-NDX,,"Google, Inc. (Class A)","Google, Inc. (Class A)",,,3546.0,1318474.0,0.0
2006-05-31,2006-08-09,a2171793zn-csrs.txt,0001047469-06-010612,N-CSRS,SEC-MORGAN-NDX,,"Cisco Systems, Inc","Cisco Systems, Inc",,,64215.0,1263751.0,0.0
2006-05-31,2006-08-09,a2171793zn-csrs.txt,0001047469-06-010612,N-CSRS,SEC-MORGAN-NDX,,Amgen Inc,Amgen Inc,,,16671.0,1126793.0,0.0
2006-05-31,2006-08-09,a2171793zn-csrs.txt,0001047469-06-010612,N-CSRS,SEC-MORGAN-NDX,,June,June,,,2006.0,1108100.0,0.0
2006-05-31,2006-08-09,a2171793zn-csrs.txt,0001047469-06-010612,N-CSRS,SEC-MORGAN-NDX,,Starbucks Corp,Starbucks Corp,,,31016.0,1105720.0,0.0
2006-05-31,2006-08-09,a2171793zn-csrs.txt,0001047469-06-010612,N-CSRS,SEC-MORGAN-NDX,,Intel Corp,Intel Corp,,,60201.0,1084822.0,0.0
2006-05-31,2006-08-09,a2171793zn-csrs.txt,0001047469-06-010612,N-CSRS,SEC-MORGAN-NDX,,"eBay, Inc","eBay, Inc",,,30659.0,1005922.0,0.0
2006-05-31,2006-08-09,a2171793zn-csrs.txt,0001047469-06-010612,N-CSRS,SEC-MORGAN-NDX,,Comcast Corp. (Class A),Comcast Corp. (Class A),,,27899.0,896395.0,0.0
2006-05-31,2006-08-09,a2171793zn-csrs.txt,0001047469-06-010612,N-CSRS,SEC-MORGAN-NDX,,Oracle Corp,Oracle Corp,,,62899.0,894424.0,0.0
2006-05-31,2006-08-09,a2171793zn-csrs.txt,0001047469-06-010612,N-CSRS,SEC-MORGAN-NDX,,"Gilead Sciences, Inc","Gilead Sciences, Inc",,,13304.0,762718.0,0.0
2006-05-31,2006-08-09,a2171793zn-csrs.txt,0001047469-06-010612,N-CSRS,SEC-MORGAN-NDX,,Sears Holdings Corp,Sears Holdings Corp,,,4919.0,747049.0,0.0
2006-05-31,2006-08-09,a2171793zn-csrs.txt,0001047469-06-010612,N-CSRS,SEC-MORGAN-NDX,,Teva Pharmaceutical Industries Ltd. (ADR) (Israel),Teva Pharmaceutical Industries Ltd. (ADR) (Israel),,,18377.0,669107.0,0.0
2006-05-31,2006-08-09,a2171793zn-csrs.txt,0001047469-06-010612,N-CSRS,SEC-MORGAN-NDX,,"Dell, Inc","Dell, Inc",,,25302.0,642165.0,0.0
2006-05-31,2006-08-09,a2171793zn-csrs.txt,0001047469-06-010612,N-CSRS,SEC-MORGAN-NDX,,"Yahoo!, Inc","Yahoo!, Inc",,,19917.0,629178.0,0.0
2006-05-31,2006-08-09,a2171793zn-csrs.txt,0001047469-06-010612,N-CSRS,SEC-MORGAN-NDX,,Conversion from Class B,Conversion from Class B,,,59454.0,569930.0,0.0
2006-05-31,2006-08-09,a2171793zn-csrs.txt,0001047469-06-010612,N-CSRS,SEC-MORGAN-NDX,,Genzyme Corp,Genzyme Corp,,,9460.0,562870.0,0.0
2006-05-31,2006-08-09,a2171793zn-csrs.txt,0001047469-06-010612,N-CSRS,SEC-MORGAN-NDX,,Biogen Idec Inc,Biogen Idec Inc,,,10931.0,509713.0,0.0
2006-05-31,2006-08-09,a2171793zn-csrs.txt,0001047469-06-010612,N-CSRS,SEC-MORGAN-NDX,,Symantec Corp,Symantec Corp,,,31881.0,497344.0,0.0
2006-05-31,2006-08-09,a2171793zn-csrs.txt,0001047469-06-010612,N-CSRS,SEC-MORGAN-NDX,,"Adobe Systems, Inc","Adobe Systems, Inc",,,17221.0,493037.0,0.0
2006-05-31,2006-08-09,a2171793zn-csrs.txt,0001047469-06-010612,N-CSRS,SEC-MORGAN-NDX,,Sold,Sold,,,51819.0,480148.0,0.0
2006-05-31,2006-08-09,a2171793zn-csrs.txt,0001047469-06-010612,N-CSRS,SEC-MORGAN-NDX,,Sold,Sold,,,42475.0,428010.0,0.0
2006-05-31,2006-08-09,a2171793zn-csrs.txt,0001047469-06-010612,N-CSRS,SEC-MORGAN-NDX,,"PACCAR, Inc","PACCAR, Inc",,,5530.0,424981.0,0.0
2006-05-31,2006-08-09,a2171793zn-csrs.txt,0001047469-06-010612,N-CSRS,SEC-MORGAN-NDX,,Broadcom Corp. (Class A),Broadcom Corp. (Class A),,,12382.0,418635.0,0.0
2006-05-31,2006-08-09,a2171793zn-csrs.txt,0001047469-06-010612,N-CSRS,SEC-MORGAN-NDX,,Celgene Corp,Celgene Corp,,,10027.0,415619.0,0.0
2006-05-31,2006-08-09,a2171793zn-csrs.txt,0001047469-06-010612,N-CSRS,SEC-MORGAN-NDX,,Bed Bath & Beyond Inc,Bed Bath & Beyond Inc,,,11681.0,410821.0,0.0
2006-05-31,2006-08-09,a2171793zn-csrs.txt,0001047469-06-010612,N-CSRS,SEC-MORGAN-NDX,,"Applied Materials, Inc","Applied Materials, Inc",,,23977.0,405451.0,0.0
2006-05-31,2006-08-09,a2171793zn-csrs.txt,0001047469-06-010612,N-CSRS,SEC-MORGAN-NDX,,"Maxim Integrated Products, Inc","Maxim Integrated Products, Inc",,,13128.0,403423.0,0.0
2006-05-31,2006-08-09,a2171793zn-csrs.txt,0001047469-06-010612,N-CSRS,SEC-MORGAN-NDX,,Linear Technology Corp,Linear Technology Corp,,,11940.0,402975.0,0.0
2006-05-31,2006-08-09,a2171793zn-csrs.txt,0001047469-06-010612,N-CSRS,SEC-MORGAN-NDX,,"Paychex, Inc","Paychex, Inc",,,10523.0,386299.0,0.0
2006-05-31,2006-08-09,a2171793zn-csrs.txt,0001047469-06-010612,N-CSRS,SEC-MORGAN-NDX,,Costco Wholesale Corp,Costco Wholesale Corp,,,7283.0,385489.0,0.0
2006-05-31,2006-08-09,a2171793zn-csrs.txt,0001047469-06-010612,N-CSRS,SEC-MORGAN-NDX,,"Marvell Technology Group, Ltd. (Bermuda)","Marvell Technology Group, Ltd. (Bermuda)",,,8000.0,381360.0,0.0
2006-05-31,2006-08-09,a2171793zn-csrs.txt,0001047469-06-010612,N-CSRS,SEC-MORGAN-NDX,,Sold,Sold,,,40962.0,378034.0,0.0
2006-05-31,2006-08-09,a2171793zn-csrs.txt,0001047469-06-010612,N-CSRS,SEC-MORGAN-NDX,,"Electronic Arts, Inc","Electronic Arts, Inc",,,8949.0,376484.0,0.0
2006-05-31,2006-08-09,a2171793zn-csrs.txt,0001047469-06-010612,N-CSRS,SEC-MORGAN-NDX,,"Network Appliance, Inc","Network Appliance, Inc",,,11433.0,365856.0,0.0
2006-05-31,2006-08-09,a2171793zn-csrs.txt,0001047469-06-010612,N-CSRS,SEC-MORGAN-NDX,,Intuit Inc,Intuit Inc,,,6513.0,360104.0,0.0
2006-05-31,2006-08-09,a2171793zn-csrs.txt,0001047469-06-010612,N-CSRS,SEC-MORGAN-NDX,,Research In Motion Ltd. (Canada),Research In Motion Ltd. (Canada),,,5414.0,351314.0,0.0
2006-05-31,2006-08-09,a2171793zn-csrs.txt,0001047469-06-010612,N-CSRS,SEC-MORGAN-NDX,,"Xilinx, Inc","Xilinx, Inc",,,13365.0,347490.0,0.0
2006-05-31,2006-08-09,a2171793zn-csrs.txt,0001047469-06-010612,N-CSRS,SEC-MORGAN-NDX,,"Biomet, Inc","Biomet, Inc",,,9740.0,342945.0,0.0
2006-05-31,2006-08-09,a2171793zn-csrs.txt,0001047469-06-010612,N-CSRS,SEC-MORGAN-NDX,,"Staples, Inc","Staples, Inc",,,14303.0,335977.0,0.0
2006-05-31,2006-08-09,a2171793zn-csrs.txt,0001047469-06-010612,N-CSRS,SEC-MORGAN-NDX,,SanDisk Corp,SanDisk Corp,,,5201.0,292660.0,0.0
2006-05-31,2006-08-09,a2171793zn-csrs.txt,0001047469-06-010612,N-CSRS,SEC-MORGAN-NDX,,Altera Corp,Altera Corp,,,14897.0,291385.0,0.0
2006-05-31,2006-08-09,a2171793zn-csrs.txt,0001047469-06-010612,N-CSRS,SEC-MORGAN-NDX,,"Fiserv, Inc","Fiserv, Inc",,,6744.0,291004.0,0.0
2006-05-31,2006-08-09,a2171793zn-csrs.txt,0001047469-06-010612,N-CSRS,SEC-MORGAN-NDX,,KLA-Tencor Corp,KLA-Tencor Corp,,,7066.0,289989.0,0.0
2006-05-31,2006-08-09,a2171793zn-csrs.txt,0001047469-06-010612,N-CSRS,SEC-MORGAN-NDX,,"Amazon.com, Inc","Amazon.com, Inc",,,8089.0,279960.0,0.0
2006-05-31,2006-08-09,a2171793zn-csrs.txt,0001047469-06-010612,N-CSRS,SEC-MORGAN-NDX,,"Express Scripts, Inc","Express Scripts, Inc",,,3816.0,279637.0,0.0
2006-05-31,2006-08-09,a2171793zn-csrs.txt,0001047469-06-010612,N-CSRS,SEC-MORGAN-NDX,,Garmin Ltd. (Cayman Islands),Garmin Ltd. (Cayman Islands),,,2933.0,273620.0,0.0
2006-05-31,2006-08-09,a2171793zn-csrs.txt,0001047469-06-010612,N-CSRS,SEC-MORGAN-NDX,,"Apollo Group, Inc. (Class A)","Apollo Group, Inc. (Class A)",,,5129.0,268298.0,0.0
2006-05-31,2006-08-09,a2171793zn-csrs.txt,0001047469-06-010612,N-CSRS,SEC-MORGAN-NDX,,"Whole Foods Market, Inc","Whole Foods Market, Inc",,,3981.0,258765.0,0.0
2006-05-31,2006-08-09,a2171793zn-csrs.txt,0001047469-06-010612,N-CSRS,SEC-MORGAN-NDX,,"Autodesk, Inc","Autodesk, Inc",,,7027.0,255713.0,0.0
2006-05-31,2006-08-09,a2171793zn-csrs.txt,0001047469-06-010612,N-CSRS,SEC-MORGAN-NDX,,IAC/InterActiveCorp,IAC/InterActiveCorp,,,9756.0,251997.0,0.0
2006-05-31,2006-08-09,a2171793zn-csrs.txt,0001047469-06-010612,N-CSRS,SEC-MORGAN-NDX,,Cintas Corp,Cintas Corp,,,5890.0,249500.0,0.0
2006-05-31,2006-08-09,a2171793zn-csrs.txt,0001047469-06-010612,N-CSRS,SEC-MORGAN-NDX,,"MedImmune, Inc","MedImmune, Inc",,,7694.0,244823.0,0.0
2006-05-31,2006-08-09,a2171793zn-csrs.txt,0001047469-06-010612,N-CSRS,SEC-MORGAN-NDX,,"NII Holdings, Inc. (Class B)","NII Holdings, Inc. (Class B)",,,4320.0,235267.0,0.0
2006-05-31,2006-08-09,a2171793zn-csrs.txt,0001047469-06-010612,N-CSRS,SEC-MORGAN-NDX,,Cognizant Technology Solutions Corp. (Class A),Cognizant Technology Solutions Corp. (Class A),,,3936.0,232224.0,0.0
2006-05-31,2006-08-09,a2171793zn-csrs.txt,0001047469-06-010612,N-CSRS,SEC-MORGAN-NDX,,"Citrix Systems, Inc","Citrix Systems, Inc",,,6122.0,230065.0,0.0
2006-05-31,2006-08-09,a2171793zn-csrs.txt,0001047469-06-010612,N-CSRS,SEC-MORGAN-NDX,,NVIDIA Corp,NVIDIA Corp,,,9824.0,225756.0,0.0
2006-05-31,2006-08-09,a2171793zn-csrs.txt,0001047469-06-010612,N-CSRS,SEC-MORGAN-NDX,,"Wynn Resorts, Ltd","Wynn Resorts, Ltd",,,3170.0,225704.0,0.0
2006-05-31,2006-08-09,a2171793zn-csrs.txt,0001047469-06-010612,N-CSRS,SEC-MORGAN-NDX,,"C.H. Robinson Worldwide, Inc","C.H. Robinson Worldwide, Inc",,,4892.0,215444.0,0.0
2006-05-31,2006-08-09,a2171793zn-csrs.txt,0001047469-06-010612,N-CSRS,SEC-MORGAN-NDX,,NTL INC,NTL INC,,,8002.0,213493.0,0.0
2006-05-31,2006-08-09,a2171793zn-csrs.txt,0001047469-06-010612,N-CSRS,SEC-MORGAN-NDX,,Flextronics International Ltd. (Singapore),Flextronics International Ltd. (Singapore),,,18309.0,206159.0,0.0
2006-05-31,2006-08-09,a2171793zn-csrs.txt,0001047469-06-010612,N-CSRS,SEC-MORGAN-NDX,,"Sun Microsystems, Inc","Sun Microsystems, Inc",,,43997.0,205026.0,0.0
2006-05-31,2006-08-09,a2171793zn-csrs.txt,0001047469-06-010612,N-CSRS,SEC-MORGAN-NDX,,Sirius Satellite Radio Inc,Sirius Satellite Radio Inc,,,44360.0,200951.0,0.0
2006-05-31,2006-08-09,a2171793zn-csrs.txt,0001047469-06-010612,N-CSRS,SEC-MORGAN-NDX,,"Monster Worldwide, Inc","Monster Worldwide, Inc",,,3921.0,191619.0,0.0
2006-05-31,2006-08-09,a2171793zn-csrs.txt,0001047469-06-010612,N-CSRS,SEC-MORGAN-NDX,,EchoStar Communications Corp. (Class A),EchoStar Communications Corp. (Class A),,,6382.0,191013.0,0.0
2006-05-31,2006-08-09,a2171793zn-csrs.txt,0001047469-06-010612,N-CSRS,SEC-MORGAN-NDX,,Joy Global Inc,Joy Global Inc,,,3531.0,189756.0,0.0
2006-05-31,2006-08-09,a2171793zn-csrs.txt,0001047469-06-010612,N-CSRS,SEC-MORGAN-NDX,,Lam Research Corp,Lam Research Corp,,,4220.0,189014.0,0.0
2006-05-31,2006-08-09,a2171793zn-csrs.txt,0001047469-06-010612,N-CSRS,SEC-MORGAN-NDX,,Fastenal Co,Fastenal Co,,,4220.0,181460.0,0.0
2006-05-31,2006-08-09,a2171793zn-csrs.txt,0001047469-06-010612,N-CSRS,SEC-MORGAN-NDX,,Microchip Technology Inc,Microchip Technology Inc,,,5176.0,177537.0,0.0
2006-05-31,2006-08-09,a2171793zn-csrs.txt,0001047469-06-010612,N-CSRS,SEC-MORGAN-NDX,,"Juniper Networks, Inc","Juniper Networks, Inc",,,10810.0,172203.0,0.0
2006-05-31,2006-08-09,a2171793zn-csrs.txt,0001047469-06-010612,N-CSRS,SEC-MORGAN-NDX,,JDS Uniphase Corp,JDS Uniphase Corp,,,56129.0,170071.0,0.0
2006-05-31,2006-08-09,a2171793zn-csrs.txt,0001047469-06-010612,N-CSRS,SEC-MORGAN-NDX,,Liberty Global Inc. (Class A),Liberty Global Inc. (Class A),,,7058.0,161840.0,0.0
2006-05-31,2006-08-09,a2171793zn-csrs.txt,0001047469-06-010612,N-CSRS,SEC-MORGAN-NDX,,"Cadence Design Systems, Inc","Cadence Design Systems, Inc",,,8686.0,156695.0,0.0
2006-05-31,2006-08-09,a2171793zn-csrs.txt,0001047469-06-010612,N-CSRS,SEC-MORGAN-NDX,,"Amylin Pharmaceuticals, Inc","Amylin Pharmaceuticals, Inc",,,3430.0,155894.0,0.0
2006-05-31,2006-08-09,a2171793zn-csrs.txt,0001047469-06-010612,N-CSRS,SEC-MORGAN-NDX,,"Sepracor, Inc","Sepracor, Inc",,,3010.0,155828.0,0.0
2006-05-31,2006-08-09,a2171793zn-csrs.txt,0001047469-06-010612,N-CSRS,SEC-MORGAN-NDX,,"Patterson-UTI Energy, Inc","Patterson-UTI Energy, Inc",,,5100.0,152490.0,0.0
2006-05-31,2006-08-09,a2171793zn-csrs.txt,0001047469-06-010612,N-CSRS,SEC-MORGAN-NDX,,"VeriSign, Inc","VeriSign, Inc",,,6789.0,152413.0,0.0
2006-05-31,2006-08-09,a2171793zn-csrs.txt,0001047469-06-010612,N-CSRS,SEC-MORGAN-NDX,,"BEA Systems, Inc","BEA Systems, Inc",,,10553.0,143099.0,0.0
2006-05-31,2006-08-09,a2171793zn-csrs.txt,0001047469-06-010612,N-CSRS,SEC-MORGAN-NDX,,"Expedia, Inc","Expedia, Inc",,,10016.0,142327.0,0.0
2006-05-31,2006-08-09,a2171793zn-csrs.txt,0001047469-06-010612,N-CSRS,SEC-MORGAN-NDX,,"Comverse Technology, Inc","Comverse Technology, Inc",,,6128.0,138003.0,0.0
2006-05-31,2006-08-09,a2171793zn-csrs.txt,0001047469-06-010612,N-CSRS,SEC-MORGAN-NDX,,CDW Corp,CDW Corp,,,2440.0,136469.0,0.0
2006-05-31,2006-08-09,a2171793zn-csrs.txt,0001047469-06-010612,N-CSRS,SEC-MORGAN-NDX,,Check Point Software Technologies Ltd. (Israel),Check Point Software Technologies Ltd. (Israel),,,7045.0,136109.0,0.0
2006-05-31,2006-08-09,a2171793zn-csrs.txt,0001047469-06-010612,N-CSRS,SEC-MORGAN-NDX,,"Akamai Technologies, Inc","Akamai Technologies, Inc",,,4317.0,135079.0,0.0
2006-05-31,2006-08-09,a2171793zn-csrs.txt,0001047469-06-010612,N-CSRS,SEC-MORGAN-NDX,,"Red Hat, Inc","Red Hat, Inc",,,5135.0,134640.0,0.0
2006-05-31,2006-08-09,a2171793zn-csrs.txt,0001047469-06-010612,N-CSRS,SEC-MORGAN-NDX,,"Patterson Companies, Inc","Patterson Companies, Inc",,,3875.0,132719.0,0.0
2006-05-31,2006-08-09,a2171793zn-csrs.txt,0001047469-06-010612,N-CSRS,SEC-MORGAN-NDX,,"DENTSPLY International, Inc","DENTSPLY International, Inc",,,2205.0,131859.0,0.0
2006-05-31,2006-08-09,a2171793zn-csrs.txt,0001047469-06-010612,N-CSRS,SEC-MORGAN-NDX,,Sigma-Aldrich Corp,Sigma-Aldrich Corp,,,1888.0,131065.0,0.0
2006-05-31,2006-08-09,a2171793zn-csrs.txt,0001047469-06-010612,N-CSRS,SEC-MORGAN-NDX,,CheckFree Corp,CheckFree Corp,,,2542.0,126922.0,0.0
2006-05-31,2006-08-09,a2171793zn-csrs.txt,0001047469-06-010612,N-CSRS,SEC-MORGAN-NDX,,ATI Technologies Inc. (Canada),ATI Technologies Inc. (Canada),,,7232.0,119400.0,0.0
2006-05-31,2006-08-09,a2171793zn-csrs.txt,0001047469-06-010612,N-CSRS,SEC-MORGAN-NDX,,"Ross Stores, Inc","Ross Stores, Inc",,,4159.0,117492.0,0.0
2006-05-31,2006-08-09,a2171793zn-csrs.txt,0001047469-06-010612,N-CSRS,SEC-MORGAN-NDX,,"Intuitive Surgical, Inc","Intuitive Surgical, Inc",,,1035.0,115185.0,0.0
2006-05-31,2006-08-09,a2171793zn-csrs.txt,0001047469-06-010612,N-CSRS,SEC-MORGAN-NDX,,American Power Conversion Corp,American Power Conversion Corp,,,5737.0,112904.0,0.0
2006-05-31,2006-08-09,a2171793zn-csrs.txt,0001047469-06-010612,N-CSRS,SEC-MORGAN-NDX,,XM Satellite Radio Holdings Inc. (Class A),XM Satellite Radio Holdings Inc. (Class A),,,7772.0,112072.0,0.0
2006-05-31,2006-08-09,a2171793zn-csrs.txt,0001047469-06-010612,N-CSRS,SEC-MORGAN-NDX,,"PETsMART, Inc","PETsMART, Inc",,,4063.0,108401.0,0.0
2006-05-31,2006-08-09,a2171793zn-csrs.txt,0001047469-06-010612,N-CSRS,SEC-MORGAN-NDX,,"Tellabs, Inc","Tellabs, Inc",,,7484.0,107021.0,0.0
2006-05-31,2006-08-09,a2171793zn-csrs.txt,0001047469-06-010612,N-CSRS,SEC-MORGAN-NDX,,Telefonaktiebolaget LM Ericsson (ADR) (Sweden),Telefonaktiebolaget LM Ericsson (ADR) (Sweden),,,3211.0,102848.0,0.0
2006-05-31,2006-08-09,a2171793zn-csrs.txt,0001047469-06-010612,N-CSRS,SEC-MORGAN-NDX,,"Lincare Holdings, Inc","Lincare Holdings, Inc",,,2740.0,102202.0,0.0
2006-05-31,2006-08-09,a2171793zn-csrs.txt,0001047469-06-010612,N-CSRS,SEC-MORGAN-NDX,,Discovery Holding Company (Class A),Discovery Holding Company (Class A),,,6955.0,96466.0,0.0
2006-05-31,2006-08-09,a2171793zn-csrs.txt,0001047469-06-010612,N-CSRS,SEC-MORGAN-NDX,,"Activision, Inc","Activision, Inc",,,7216.0,94313.0,0.0
2006-05-31,2006-08-09,a2171793zn-csrs.txt,0001047469-06-010612,N-CSRS,SEC-MORGAN-NDX,,"Urban Outfitters, Inc","Urban Outfitters, Inc",,,5037.0,93537.0,0.0
2006-05-31,2006-08-09,a2171793zn-csrs.txt,0001047469-06-010612,N-CSRS,SEC-MORGAN-NDX,,Net realized gain,Net realized gain,,,420267.0,66365.0,0.0
2006-05-31,2006-08-09,a2171793zn-csrs.txt,0001047469-06-010612,N-CSRS,SEC-MORGAN-NDX,,Net increase -- Class A,Net increase -- Class A,,,5196.0,56651.0,0.0
2006-05-31,2006-08-09,a2171793zn-csrs.txt,0001047469-06-010612,N-CSRS,SEC-MORGAN-NDX,,"SUPPLEMENTAL DATA: Net assets, end of period, in thousands","SUPPLEMENTAL DATA: Net assets, end of period, in thousands",,,10656.0,11243.0,0.0
2006-05-31,2006-08-09,a2171793zn-csrs.txt,0001047469-06-010612,N-CSRS,SEC-MORGAN-NDX,,"(Exact name of registrant as specified in charter) Avenue of the Americas, New York, New York","(Exact name of registrant as specified in charter) Avenue of the Americas, New York, New York",,,1221.0,10020.0,0.0
2006-05-31,2006-08-09,a2171793zn-csrs.txt,0001047469-06-010612,N-CSRS,SEC-MORGAN-NDX,,"(Address of principal executive offices) (Zip code) Ronald E. Robison Avenue of the Americas, New York, New York","(Address of principal executive offices) (Zip code) Ronald E. Robison Avenue of the Americas, New York, New York",,,1221.0,10020.0,0.0
2006-05-31,2006-08-09,a2171793zn-csrs.txt,0001047469-06-010612,N-CSRS,SEC-MORGAN-NDX,,"SUPPLEMENTAL DATA: Net assets, end of period, in thousands","SUPPLEMENTAL DATA: Net assets, end of period, in thousands",,,8620.0,9563.0,0.0
2006-05-31,2006-08-09,a2171793zn-csrs.txt,0001047469-06-010612,N-CSRS,SEC-MORGAN-NDX,,"SUPPLEMENTAL DATA: Net assets, end of period, in thousands","SUPPLEMENTAL DATA: Net assets, end of period, in thousands",,,987.0,3776.0,0.0
2006-05-31,2006-08-09,a2171793zn-csrs.txt,0001047469-06-010612,N-CSRS,SEC-MORGAN-NDX,,"expire on November 30, 2011 and $1,203,027 will expire on November","expire on November 30, 2011 and $1,203,027 will expire on November",,,30.0,2012.0,0.0
2006-05-31,2006-08-09,a2171793zn-csrs.txt,0001047469-06-010612,N-CSRS,SEC-MORGAN-NDX,,"3,094,274 of which $1,194,469 will expire on November","3,094,274 of which $1,194,469 will expire on November",,,30.0,2010.0,0.0
2006-05-31,2006-08-09,a2171793zn-csrs.txt,0001047469-06-010612,N-CSRS,SEC-MORGAN-NDX,,Date of fiscal year end: November,Date of fiscal year end: November,,,30.0,2006.0,0.0
2006-05-31,2006-08-09,a2171793zn-csrs.txt,0001047469-06-010612,N-CSRS,SEC-MORGAN-NDX,,Date of reporting period: May,Date of reporting period: May,,,31.0,2006.0,0.0
2006-05-31,2006-08-09,a2171793zn-csrs.txt,0001047469-06-010612,N-CSRS,SEC-MORGAN-NDX,,MONEY INVESTING IN THIS FUND. PLEASE SEE THE PROSPECTUS FOR MORE COMPLETE INFORMATION ON INVESTMENT RISKS. FUND REPORT For the six months ended May,MONEY INVESTING IN THIS FUND. PLEASE SEE THE PROSPECTUS FOR MORE COMPLETE INFORMATION ON INVESTMENT RISKS. FUND REPORT For the six months ended May,,,31.0,2006.0,0.0
2006-05-31,2006-08-09,a2171793zn-csrs.txt,0001047469-06-010612,N-CSRS,SEC-MORGAN-NDX,,TOTAL RETURN FOR THE 6 MONTHS ENDED MAY,TOTAL RETURN FOR THE 6 MONTHS ENDED MAY,,,31.0,2006.0,0.0
2006-05-31,2006-08-09,a2171793zn-csrs.txt,0001047469-06-010612,N-CSRS,SEC-MORGAN-NDX,,the Lipper Multi-Cap Growth Funds Index for the six months ended May,the Lipper Multi-Cap Growth Funds Index for the six months ended May,,,31.0,2006.0,0.0
2006-05-31,2006-08-09,a2171793zn-csrs.txt,0001047469-06-010612,N-CSRS,SEC-MORGAN-NDX,,Stock Market. As of February,Stock Market. As of February,,,28.0,2006.0,0.0
2006-05-31,2006-08-09,a2171793zn-csrs.txt,0001047469-06-010612,N-CSRS,SEC-MORGAN-NDX,,PERFORMANCE SUMMARY AVERAGE ANNUAL TOTAL RETURNS--PERIOD ENDED MAY,PERFORMANCE SUMMARY AVERAGE ANNUAL TOTAL RETURNS--PERIOD ENDED MAY,,,31.0,2006.0,0.0
2006-05-31,2006-08-09,a2171793zn-csrs.txt,0001047469-06-010612,N-CSRS,SEC-MORGAN-NDX,,PORTFOLIO OF INVESTMENTS - MAY,PORTFOLIO OF INVESTMENTS - MAY,,,31.0,2006.0,0.0
2006-05-31,2006-08-09,a2171793zn-csrs.txt,0001047469-06-010612,N-CSRS,SEC-MORGAN-NDX,,FINANCIAL STATEMENTS STATEMENT OF ASSETS AND LIABILITIES MAY,FINANCIAL STATEMENTS STATEMENT OF ASSETS AND LIABILITIES MAY,,,31.0,2006.0,0.0
2006-05-31,2006-08-09,a2171793zn-csrs.txt,0001047469-06-010612,N-CSRS,SEC-MORGAN-NDX,,STATEMENT OF OPERATIONS FOR THE SIX MONTHS ENDED MAY,STATEMENT OF OPERATIONS FOR THE SIX MONTHS ENDED MAY,,,31.0,2006.0,0.0
2006-05-31,2006-08-09,a2171793zn-csrs.txt,0001047469-06-010612,N-CSRS,SEC-MORGAN-NDX,,NOTES TO FINANCIAL STATEMENTS - MAY,NOTES TO FINANCIAL STATEMENTS - MAY,,,31.0,2006.0,0.0
2006-05-31,2006-08-09,a2171793zn-csrs.txt,0001047469-06-010612,N-CSRS,SEC-MORGAN-NDX,,For the six months ended May,For the six months ended May,,,31.0,2006.0,0.0
2006-05-31,2006-08-09,a2171793zn-csrs.txt,0001047469-06-010612,N-CSRS,SEC-MORGAN-NDX,,"short-term investments, for the six months ended May","short-term investments, for the six months ended May",,,31.0,2006.0,0.0
2006-05-31,2006-08-09,a2171793zn-csrs.txt,0001047469-06-010612,N-CSRS,SEC-MORGAN-NDX,,"Morgan Stanley Trust, an affiliate of the Investment Adviser, Administrator and Distributor, is the Fund's transfer agent. At May","Morgan Stanley Trust, an affiliate of the Investment Adviser, Administrator and Distributor, is the Fund's transfer agent. At May",,,31.0,2006.0,0.0
2006-05-31,2006-08-09,a2171793zn-csrs.txt,0001047469-06-010612,N-CSRS,SEC-MORGAN-NDX,,"to assert claims on behalf of other investors, which motion defendants opposed. On April","to assert claims on behalf of other investors, which motion defendants opposed. On April",,,14.0,2006.0,0.0
2006-05-31,2006-08-09,a2171793zn-csrs.txt,0001047469-06-010612,N-CSRS,SEC-MORGAN-NDX,,MAY,MAY,,,31.0,2006.0,0.0
2006-05-31,2006-08-09,a2171793zn-csrs.txt,0001047469-06-010612,N-CSRS,SEC-MORGAN-NDX,,SEMIANNUAL REPORT MAY,SEMIANNUAL REPORT MAY,,,31.0,2006.0,0.0
2006-05-31,2006-08-09,a2171793zn-csrs.txt,0001047469-06-010612,N-CSRS,SEC-MORGAN-NDX,,Ronald E. Robison Principal Executive Officer July,Ronald E. Robison Principal Executive Officer July,,,20.0,2006.0,0.0
2006-05-31,2006-08-09,a2171793zn-csrs.txt,0001047469-06-010612,N-CSRS,SEC-MORGAN-NDX,,Francis Smith Principal Financial Officer July,Francis Smith Principal Financial Officer July,,,20.0,2006.0,0.0
2006-05-31,2006-08-09,a2171793zn-csrs.txt,0001047469-06-010612,N-CSRS,SEC-MORGAN-NDX,,"Stanley Fund Complex, including the Fund, compared to their peers, paying specific attention to the underperforming funds. In addition, the Board specifically reviewed the Fund's performance for the one-, three- and five-year periods ended November","Stanley Fund Complex, including the Fund, compared to their peers, paying specific attention to the underperforming funds. In addition, the Board specifically reviewed the Fund's performance for the one-, three- and five-year periods ended November",,,30.0,2005.0,0.0
2006-05-31,2006-08-09,a2171793zn-csrs.txt,0001047469-06-010612,N-CSRS,SEC-MORGAN-NDX,,"STATEMENTS OF CHANGES IN NET ASSETS FOR THE SIX FOR THE YEAR MONTHS ENDED ENDED MAY 31, 2006 NOVEMBER","STATEMENTS OF CHANGES IN NET ASSETS FOR THE SIX FOR THE YEAR MONTHS ENDED ENDED MAY 31, 2006 NOVEMBER",,,30.0,2005.0,0.0
2006-05-31,2006-08-09,a2171793zn-csrs.txt,0001047469-06-010612,N-CSRS,SEC-MORGAN-NDX,,"FOR THE SIX FOR THE YEAR MONTHS ENDED ENDED MAY 31, 2006 NOVEMBER","FOR THE SIX FOR THE YEAR MONTHS ENDED ENDED MAY 31, 2006 NOVEMBER",,,30.0,2005.0,0.0
2006-05-31,2006-08-09,a2171793zn-csrs.txt,0001047469-06-010612,N-CSRS,SEC-MORGAN-NDX,,As of November,As of November,,,30.0,2005.0,0.0
2006-05-31,2006-08-09,a2171793zn-csrs.txt,0001047469-06-010612,N-CSRS,SEC-MORGAN-NDX,,offset future capital gains to the extent provided by regulations. As of November,offset future capital gains to the extent provided by regulations. As of November,,,30.0,2005.0,0.0
2006-05-31,2006-08-09,a2171793zn-csrs.txt,0001047469-06-010612,N-CSRS,SEC-MORGAN-NDX,,"brokers in return for their efforts to recommend these funds to investors. The complaint seeks, among other things, unspecified compensatory damages, rescissionary damages, fees and costs. The defendants have moved to dismiss the action. On March","brokers in return for their efforts to recommend these funds to investors. The complaint seeks, among other things, unspecified compensatory damages, rescissionary damages, fees and costs. The defendants have moved to dismiss the action. On March",,,9.0,2005.0,0.0
2006-05-31,2006-08-09,a2171793zn-csrs.txt,0001047469-06-010612,N-CSRS,SEC-MORGAN-NDX,,NOVEMBER,NOVEMBER,,,30.0,2005.0,0.0
2006-05-31,2006-08-09,a2171793zn-csrs.txt,0001047469-06-010612,N-CSRS,SEC-MORGAN-NDX,,"defendants in a consolidated class action. This consolidated action also names as defendants certain individual Trustees and Directors of the Morgan Stanley funds. The consolidated amended complaint, filed in the United States District Court Southern District of New York on April","defendants in a consolidated class action. This consolidated action also names as defendants certain individual Trustees and Directors of the Morgan Stanley funds. The consolidated amended complaint, filed in the United States District Court Southern District of New York on April",,,16.0,2004.0,0.0
2006-05-31,2006-08-09,a2171793zn-csrs.txt,0001047469-06-010612,N-CSRS,SEC-MORGAN-NDX,,NOVEMBER,NOVEMBER,,,30.0,2004.0,0.0
2006-05-31,2006-08-09,a2171793zn-csrs.txt,0001047469-06-010612,N-CSRS,SEC-MORGAN-NDX,,NOVEMBER,NOVEMBER,,,30.0,2003.0,0.0
2006-05-31,2006-08-09,a2171793zn-csrs.txt,0001047469-06-010612,N-CSRS,SEC-MORGAN-NDX,,NOVEMBER,NOVEMBER,,,30.0,2002.0,0.0
2006-05-31,2006-08-09,a2171793zn-csrs.txt,0001047469-06-010612,N-CSRS,SEC-MORGAN-NDX,,Massachusetts business trust on April,Massachusetts business trust on April,,,10.0,2001.0,0.0
2006-05-31,2006-08-09,a2171793zn-csrs.txt,0001047469-06-010612,N-CSRS,SEC-MORGAN-NDX,,"MONTHS ENDED ----------------------------------------------------- THROUGH MAY 31, 2006 2005 2004 2003 2002 NOVEMBER","MONTHS ENDED ----------------------------------------------------- THROUGH MAY 31, 2006 2005 2004 2003 2002 NOVEMBER",,,30.0,2001.0,0.0
2006-05-31,2006-08-09,a2171793zn-csrs.txt,0001047469-06-010612,N-CSRS,SEC-MORGAN-NDX,,NOVEMBER,NOVEMBER,,,30.0,2001.0,0.0
2006-06-30,2006-08-22,g35045_benchmarknq.txt,0000935069-06-002253,N-Q,SEC-RYDEX-NDX,,Microsoft Corp,Microsoft Corp,,,1843280.0,42948424.0,0.0
2006-06-30,2006-08-22,g35045_benchmarknq.txt,0000935069-06-002253,N-Q,SEC-RYDEX-NDX,,"Qualcomm, Inc","Qualcomm, Inc",,,990030.0,39670502.0,0.0
2006-06-30,2006-08-22,g35045_benchmarknq.txt,0000935069-06-002253,N-Q,SEC-RYDEX-NDX,,"Apple Computer, Inc","Apple Computer, Inc",,,602640.0,34422797.0,0.0
2006-06-30,2006-08-22,g35045_benchmarknq.txt,0000935069-06-002253,N-Q,SEC-RYDEX-NDX,,"Google, Inc. -- Class A*+","Google, Inc. -- Class A*+",,,64930.0,27227097.0,0.0
2006-06-30,2006-08-22,g35045_benchmarknq.txt,0000935069-06-002253,N-Q,SEC-RYDEX-NDX,,"Cisco Systems, Inc.*+","Cisco Systems, Inc.*+",,,1371296.0,26781411.0,0.0
2006-06-30,2006-08-22,g35045_benchmarknq.txt,0000935069-06-002253,N-Q,SEC-RYDEX-NDX,,"Amgen, Inc.*+","Amgen, Inc.*+",,,316022.0,20614115.0,0.0
2006-06-30,2006-08-22,g35045_benchmarknq.txt,0000935069-06-002253,N-Q,SEC-RYDEX-NDX,,Starbucks Corp.*+,Starbucks Corp.*+,,,509230.0,19228525.0,0.0
2006-06-30,2006-08-22,g35045_benchmarknq.txt,0000935069-06-002253,N-Q,SEC-RYDEX-NDX,,Intel Corp.+,Intel Corp.+,,,985540.0,18675983.0,0.0
2006-06-30,2006-08-22,g35045_benchmarknq.txt,0000935069-06-002253,N-Q,SEC-RYDEX-NDX,,"Gilead Sciences, Inc.*+","Gilead Sciences, Inc.*+",,,241500.0,14287140.0,0.0
2006-06-30,2006-08-22,g35045_benchmarknq.txt,0000935069-06-002253,N-Q,SEC-RYDEX-NDX,,Oracle Corp.*+,Oracle Corp.*+,,,962027.0,13939771.0,0.0
2006-06-30,2006-08-22,g35045_benchmarknq.txt,0000935069-06-002253,N-Q,SEC-RYDEX-NDX,,"Fiserv, Inc","Fiserv, Inc",,,299728.0,13595662.0,0.0
2006-06-30,2006-08-22,g35045_benchmarknq.txt,0000935069-06-002253,N-Q,SEC-RYDEX-NDX,,"Electronic Arts, Inc.*+","Electronic Arts, Inc.*+",,,311180.0,13393187.0,0.0
2006-06-30,2006-08-22,g35045_benchmarknq.txt,0000935069-06-002253,N-Q,SEC-RYDEX-NDX,,Sears Holdings Corp.*+,Sears Holdings Corp.*+,,,84615.0,13101787.0,0.0
2006-06-30,2006-08-22,g35045_benchmarknq.txt,0000935069-06-002253,N-Q,SEC-RYDEX-NDX,,"eBay, Inc.*+","eBay, Inc.*+",,,415880.0,12181125.0,0.0
2006-06-30,2006-08-22,g35045_benchmarknq.txt,0000935069-06-002253,N-Q,SEC-RYDEX-NDX,,"Dell, Inc.*+","Dell, Inc.*+",,,405220.0,9891420.0,0.0
2006-06-30,2006-08-22,g35045_benchmarknq.txt,0000935069-06-002253,N-Q,SEC-RYDEX-NDX,,Teva Pharmaceutical Industries Ltd. -- SP ADR+,Teva Pharmaceutical Industries Ltd. -- SP ADR+,,,311160.0,9829544.0,0.0
2006-06-30,2006-08-22,g35045_benchmarknq.txt,0000935069-06-002253,N-Q,SEC-RYDEX-NDX,,"Adobe Systems, Inc.*+","Adobe Systems, Inc.*+",,,313520.0,9518467.0,0.0
2006-06-30,2006-08-22,g35045_benchmarknq.txt,0000935069-06-002253,N-Q,SEC-RYDEX-NDX,,IAC/InterActiveCorp*+,IAC/InterActiveCorp*+,,,351590.0,9313619.0,0.0
2006-06-30,2006-08-22,g35045_benchmarknq.txt,0000935069-06-002253,N-Q,SEC-RYDEX-NDX,,EchoStar Communications Corp.*+,EchoStar Communications Corp.*+,,,300586.0,9261055.0,0.0
2006-06-30,2006-08-22,g35045_benchmarknq.txt,0000935069-06-002253,N-Q,SEC-RYDEX-NDX,,Comcast Corp. -- Class A*+,Comcast Corp. -- Class A*+,,,278010.0,9102047.0,0.0
2006-06-30,2006-08-22,g35045_benchmarknq.txt,0000935069-06-002253,N-Q,SEC-RYDEX-NDX,,Altera Corp.*+,Altera Corp.*+,,,506624.0,8891251.0,0.0
2006-06-30,2006-08-22,g35045_benchmarknq.txt,0000935069-06-002253,N-Q,SEC-RYDEX-NDX,,Genzyme Corp.*+,Genzyme Corp.*+,,,139020.0,8487171.0,0.0
2006-06-30,2006-08-22,g35045_benchmarknq.txt,0000935069-06-002253,N-Q,SEC-RYDEX-NDX,,Celgene Corp.*+,Celgene Corp.*+,,,178381.0,8460611.0,0.0
2006-06-30,2006-08-22,g35045_benchmarknq.txt,0000935069-06-002253,N-Q,SEC-RYDEX-NDX,,"Staples, Inc.+","Staples, Inc.+",,,334885.0,8144403.0,0.0
2006-06-30,2006-08-22,g35045_benchmarknq.txt,0000935069-06-002253,N-Q,SEC-RYDEX-NDX,,"Applied Materials, Inc","Applied Materials, Inc",,,497030.0,8091648.0,0.0
2006-06-30,2006-08-22,g35045_benchmarknq.txt,0000935069-06-002253,N-Q,SEC-RYDEX-NDX,,"Biogen Idec, Inc.*+","Biogen Idec, Inc.*+",,,166410.0,7709775.0,0.0
2006-06-30,2006-08-22,g35045_benchmarknq.txt,0000935069-06-002253,N-Q,SEC-RYDEX-NDX,,"Paccar, Inc.+","Paccar, Inc.+",,,93083.0,7668178.0,0.0
2006-06-30,2006-08-22,g35045_benchmarknq.txt,0000935069-06-002253,N-Q,SEC-RYDEX-NDX,,"Paychex, Inc.+","Paychex, Inc.+",,,190364.0,7420389.0,0.0
2006-06-30,2006-08-22,g35045_benchmarknq.txt,0000935069-06-002253,N-Q,SEC-RYDEX-NDX,,Costco Wholesale Corp,Costco Wholesale Corp,,,125940.0,7194952.0,0.0
2006-06-30,2006-08-22,g35045_benchmarknq.txt,0000935069-06-002253,N-Q,SEC-RYDEX-NDX,,"Network Appliance, Inc.*+","Network Appliance, Inc.*+",,,203090.0,7169077.0,0.0
2006-06-30,2006-08-22,g35045_benchmarknq.txt,0000935069-06-002253,N-Q,SEC-RYDEX-NDX,,Broadcom Corp. -- Class A*+,Broadcom Corp. -- Class A*+,,,223253.0,6708753.0,0.0
2006-06-30,2006-08-22,g35045_benchmarknq.txt,0000935069-06-002253,N-Q,SEC-RYDEX-NDX,,Marvell Technology Group Ltd,Marvell Technology Group Ltd,,,145707.0,6459191.0,0.0
2006-06-30,2006-08-22,g35045_benchmarknq.txt,0000935069-06-002253,N-Q,SEC-RYDEX-NDX,,"Yahoo!, Inc.*+","Yahoo!, Inc.*+",,,188970.0,6236010.0,0.0
2006-06-30,2006-08-22,g35045_benchmarknq.txt,0000935069-06-002253,N-Q,SEC-RYDEX-NDX,,"Sirius Satellite Radio, Inc.*+","Sirius Satellite Radio, Inc.*+",,,1293226.0,6142824.0,0.0
2006-06-30,2006-08-22,g35045_benchmarknq.txt,0000935069-06-002253,N-Q,SEC-RYDEX-NDX,,Symantec Corp.*+,Symantec Corp.*+,,,386830.0,6011338.0,0.0
2006-06-30,2006-08-22,g35045_benchmarknq.txt,0000935069-06-002253,N-Q,SEC-RYDEX-NDX,,"Expeditors International Washington, Inc","Expeditors International Washington, Inc",,,104536.0,5855061.0,0.0
2006-06-30,2006-08-22,g35045_benchmarknq.txt,0000935069-06-002253,N-Q,SEC-RYDEX-NDX,,Lam Research Corp,Lam Research Corp,,,123359.0,5750997.0,0.0
2006-06-30,2006-08-22,g35045_benchmarknq.txt,0000935069-06-002253,N-Q,SEC-RYDEX-NDX,,CDW Corp.+,CDW Corp.+,,,104080.0,5687972.0,0.0
2006-06-30,2006-08-22,g35045_benchmarknq.txt,0000935069-06-002253,N-Q,SEC-RYDEX-NDX,,Garmin Ltd.+,Garmin Ltd.+,,,52610.0,5547198.0,0.0
2006-06-30,2006-08-22,g35045_benchmarknq.txt,0000935069-06-002253,N-Q,SEC-RYDEX-NDX,,"Biomet, Inc.+","Biomet, Inc.+",,,170586.0,5337636.0,0.0
2006-06-30,2006-08-22,g35045_benchmarknq.txt,0000935069-06-002253,N-Q,SEC-RYDEX-NDX,,"Bed Bath & Beyond, Inc","Bed Bath & Beyond, Inc",,,151280.0,5017957.0,0.0
2006-06-30,2006-08-22,g35045_benchmarknq.txt,0000935069-06-002253,N-Q,SEC-RYDEX-NDX,,Check Point Software Technologies Ltd.*+,Check Point Software Technologies Ltd.*+,,,281804.0,4954115.0,0.0
2006-06-30,2006-08-22,g35045_benchmarknq.txt,0000935069-06-002253,N-Q,SEC-RYDEX-NDX,,SanDisk Corp.*+,SanDisk Corp.*+,,,96710.0,4930276.0,0.0
2006-06-30,2006-08-22,g35045_benchmarknq.txt,0000935069-06-002253,N-Q,SEC-RYDEX-NDX,,"NTL, Inc.+","NTL, Inc.+",,,197650.0,4921485.0,0.0
2006-06-30,2006-08-22,g35045_benchmarknq.txt,0000935069-06-002253,N-Q,SEC-RYDEX-NDX,,"Intuit, Inc","Intuit, Inc",,,80380.0,4854148.0,0.0
2006-06-30,2006-08-22,g35045_benchmarknq.txt,0000935069-06-002253,N-Q,SEC-RYDEX-NDX,,"Xilinx, Inc.+","Xilinx, Inc.+",,,213090.0,4826488.0,0.0
2006-06-30,2006-08-22,g35045_benchmarknq.txt,0000935069-06-002253,N-Q,SEC-RYDEX-NDX,,"Autodesk, Inc","Autodesk, Inc",,,132630.0,4570430.0,0.0
2006-06-30,2006-08-22,g35045_benchmarknq.txt,0000935069-06-002253,N-Q,SEC-RYDEX-NDX,,"Citrix Systems, Inc","Citrix Systems, Inc",,,113632.0,4561189.0,0.0
2006-06-30,2006-08-22,g35045_benchmarknq.txt,0000935069-06-002253,N-Q,SEC-RYDEX-NDX,,"Express Scripts, Inc","Express Scripts, Inc",,,63457.0,4552405.0,0.0
2006-06-30,2006-08-22,g35045_benchmarknq.txt,0000935069-06-002253,N-Q,SEC-RYDEX-NDX,,Nvidia Corp,Nvidia Corp,,,210816.0,4488273.0,0.0
2006-06-30,2006-08-22,g35045_benchmarknq.txt,0000935069-06-002253,N-Q,SEC-RYDEX-NDX,,"Apollo Group, Inc. -- Class A*+","Apollo Group, Inc. -- Class A*+",,,86000.0,4443620.0,0.0
2006-06-30,2006-08-22,g35045_benchmarknq.txt,0000935069-06-002253,N-Q,SEC-RYDEX-NDX,,"CH Robinson Worldwide, Inc.+","CH Robinson Worldwide, Inc.+",,,82373.0,4390481.0,0.0
2006-06-30,2006-08-22,g35045_benchmarknq.txt,0000935069-06-002253,N-Q,SEC-RYDEX-NDX,,Wynn Resorts Ltd.*+,Wynn Resorts Ltd.*+,,,59661.0,4373151.0,0.0
2006-06-30,2006-08-22,g35045_benchmarknq.txt,0000935069-06-002253,N-Q,SEC-RYDEX-NDX,,Lamar Advertising Co. -- Class A*+,Lamar Advertising Co. -- Class A*+,,,77136.0,4154545.0,0.0
2006-06-30,2006-08-22,g35045_benchmarknq.txt,0000935069-06-002253,N-Q,SEC-RYDEX-NDX,,"Whole Foods Market, Inc.+","Whole Foods Market, Inc.+",,,63598.0,4110975.0,0.0
2006-06-30,2006-08-22,g35045_benchmarknq.txt,0000935069-06-002253,N-Q,SEC-RYDEX-NDX,,"NII Holdings, Inc. -- Class B*+","NII Holdings, Inc. -- Class B*+",,,71292.0,4019443.0,0.0
2006-06-30,2006-08-22,g35045_benchmarknq.txt,0000935069-06-002253,N-Q,SEC-RYDEX-NDX,,"Akamai Technologies, Inc.*+","Akamai Technologies, Inc.*+",,,110230.0,3989224.0,0.0
2006-06-30,2006-08-22,g35045_benchmarknq.txt,0000935069-06-002253,N-Q,SEC-RYDEX-NDX,,Cintas Corp.+,Cintas Corp.+,,,97065.0,3859304.0,0.0
2006-06-30,2006-08-22,g35045_benchmarknq.txt,0000935069-06-002253,N-Q,SEC-RYDEX-NDX,,"Maxim Integrated Products, Inc","Maxim Integrated Products, Inc",,,116220.0,3731824.0,0.0
2006-06-30,2006-08-22,g35045_benchmarknq.txt,0000935069-06-002253,N-Q,SEC-RYDEX-NDX,,"BEA Systems, Inc.*+","BEA Systems, Inc.*+",,,251000.0,3285590.0,0.0
2006-06-30,2006-08-22,g35045_benchmarknq.txt,0000935069-06-002253,N-Q,SEC-RYDEX-NDX,,"Novellus Systems, Inc.*+","Novellus Systems, Inc.*+",,,127570.0,3150979.0,0.0
2006-06-30,2006-08-22,g35045_benchmarknq.txt,0000935069-06-002253,N-Q,SEC-RYDEX-NDX,,"Microchip Technology, Inc.+","Microchip Technology, Inc.+",,,89981.0,3018863.0,0.0
2006-06-30,2006-08-22,g35045_benchmarknq.txt,0000935069-06-002253,N-Q,SEC-RYDEX-NDX,,"Joy Global, Inc.+","Joy Global, Inc.+",,,57100.0,2974339.0,0.0
2006-06-30,2006-08-22,g35045_benchmarknq.txt,0000935069-06-002253,N-Q,SEC-RYDEX-NDX,,"Amylin Pharmaceuticals, Inc.*+","Amylin Pharmaceuticals, Inc.*+",,,60210.0,2972568.0,0.0
2006-06-30,2006-08-22,g35045_benchmarknq.txt,0000935069-06-002253,N-Q,SEC-RYDEX-NDX,,Fastenal Co.+,Fastenal Co.+,,,72980.0,2940364.0,0.0
2006-06-30,2006-08-22,g35045_benchmarknq.txt,0000935069-06-002253,N-Q,SEC-RYDEX-NDX,,"Tellabs, Inc.*+","Tellabs, Inc.*+",,,216289.0,2878806.0,0.0
2006-06-30,2006-08-22,g35045_benchmarknq.txt,0000935069-06-002253,N-Q,SEC-RYDEX-NDX,,"Sepracor, Inc.*+","Sepracor, Inc.*+",,,50203.0,2868599.0,0.0
2006-06-30,2006-08-22,g35045_benchmarknq.txt,0000935069-06-002253,N-Q,SEC-RYDEX-NDX,,"Monster Worldwide, Inc.*+","Monster Worldwide, Inc.*+",,,66566.0,2839706.0,0.0
2006-06-30,2006-08-22,g35045_benchmarknq.txt,0000935069-06-002253,N-Q,SEC-RYDEX-NDX,,KLA-Tencor Corp.+,KLA-Tencor Corp.+,,,65040.0,2703713.0,0.0
2006-06-30,2006-08-22,g35045_benchmarknq.txt,0000935069-06-002253,N-Q,SEC-RYDEX-NDX,,"Red Hat, Inc.*+","Red Hat, Inc.*+",,,113368.0,2652811.0,0.0
2006-06-30,2006-08-22,g35045_benchmarknq.txt,0000935069-06-002253,N-Q,SEC-RYDEX-NDX,,"Patterson Cos., Inc.*+","Patterson Cos., Inc.*+",,,71130.0,2484571.0,0.0
2006-06-30,2006-08-22,g35045_benchmarknq.txt,0000935069-06-002253,N-Q,SEC-RYDEX-NDX,,"Ross Stores, Inc.+","Ross Stores, Inc.+",,,86200.0,2417910.0,0.0
2006-06-30,2006-08-22,g35045_benchmarknq.txt,0000935069-06-002253,N-Q,SEC-RYDEX-NDX,,"Juniper Networks, Inc.*+","Juniper Networks, Inc.*+",,,146500.0,2342535.0,0.0
2006-06-30,2006-08-22,g35045_benchmarknq.txt,0000935069-06-002253,N-Q,SEC-RYDEX-NDX,,"Patterson-UTI Energy, Inc.+","Patterson-UTI Energy, Inc.+",,,79939.0,2263073.0,0.0
2006-06-30,2006-08-22,g35045_benchmarknq.txt,0000935069-06-002253,N-Q,SEC-RYDEX-NDX,,JDS Uniphase Corp.*+,JDS Uniphase Corp.*+,,,887589.0,2245600.0,0.0
2006-06-30,2006-08-22,g35045_benchmarknq.txt,0000935069-06-002253,N-Q,SEC-RYDEX-NDX,,CheckFree Corp.*+,CheckFree Corp.*+,,,45198.0,2240013.0,0.0
2006-06-30,2006-08-22,g35045_benchmarknq.txt,0000935069-06-002253,N-Q,SEC-RYDEX-NDX,,"Amazon.com, Inc.*+","Amazon.com, Inc.*+",,,56510.0,2185807.0,0.0
2006-06-30,2006-08-22,g35045_benchmarknq.txt,0000935069-06-002253,N-Q,SEC-RYDEX-NDX,,Millicom International Cellular SA*+,Millicom International Cellular SA*+,,,47200.0,2144296.0,0.0
2006-06-30,2006-08-22,g35045_benchmarknq.txt,0000935069-06-002253,N-Q,SEC-RYDEX-NDX,,"Sun Microsystems, Inc","Sun Microsystems, Inc",,,479110.0,1988306.0,0.0
2006-06-30,2006-08-22,g35045_benchmarknq.txt,0000935069-06-002253,N-Q,SEC-RYDEX-NDX,,"Intuitive Surgical, Inc.*+","Intuitive Surgical, Inc.*+",,,16800.0,1981896.0,0.0
2006-06-30,2006-08-22,g35045_benchmarknq.txt,0000935069-06-002253,N-Q,SEC-RYDEX-NDX,,Sigma-Aldrich Corp.+,Sigma-Aldrich Corp.+,,,26866.0,1951546.0,0.0
2006-06-30,2006-08-22,g35045_benchmarknq.txt,0000935069-06-002253,N-Q,SEC-RYDEX-NDX,,American Power Conversion Corp.+,American Power Conversion Corp.+,,,99271.0,1934792.0,0.0
2006-06-30,2006-08-22,g35045_benchmarknq.txt,0000935069-06-002253,N-Q,SEC-RYDEX-NDX,,Telefonaktiebolaget LM Ericsson -- SP ADR+,Telefonaktiebolaget LM Ericsson -- SP ADR+,,,54970.0,1816209.0,0.0
2006-06-30,2006-08-22,g35045_benchmarknq.txt,0000935069-06-002253,N-Q,SEC-RYDEX-NDX,,"DENTSPLY International, Inc","DENTSPLY International, Inc",,,29800.0,1805880.0,0.0
2006-06-30,2006-08-22,g35045_benchmarknq.txt,0000935069-06-002253,N-Q,SEC-RYDEX-NDX,,"Bear Stearns Cos., Inc. at 4.40% due 07/03/06","Bear Stearns Cos., Inc. at 4.40% due 07/03/06",,,1568684.0,1568684.0,0.0
2006-06-30,2006-08-22,g35045_benchmarknq.txt,0000935069-06-002253,N-Q,SEC-RYDEX-NDX,,"Lincare Holdings, Inc","Lincare Holdings, Inc",,,39795.0,1505843.0,0.0
2006-06-30,2006-08-22,g35045_benchmarknq.txt,0000935069-06-002253,N-Q,SEC-RYDEX-NDX,,"Medimmune, Inc.*+","Medimmune, Inc.*+",,,50480.0,1368008.0,0.0
2006-06-30,2006-08-22,g35045_benchmarknq.txt,0000935069-06-002253,N-Q,SEC-RYDEX-NDX,,"Urban Outfitters, Inc.*+","Urban Outfitters, Inc.*+",,,75140.0,1314199.0,0.0
2006-06-30,2006-08-22,g35045_benchmarknq.txt,0000935069-06-002253,N-Q,SEC-RYDEX-NDX,,"Research In Motion, Ltd.*+","Research In Motion, Ltd.*+",,,15210.0,1061202.0,0.0
2006-06-30,2006-08-22,g35045_benchmarknq.txt,0000935069-06-002253,N-Q,SEC-RYDEX-NDX,,"Citigroup, Inc. at 4.10% due 07/03/06","Citigroup, Inc. at 4.10% due 07/03/06",,,915066.0,915066.0,0.0
2006-06-30,2006-08-22,g35045_benchmarknq.txt,0000935069-06-002253,N-Q,SEC-RYDEX-NDX,,"Comverse Technology, Inc","Comverse Technology, Inc",,,44830.0,886289.0,0.0
2006-06-30,2006-08-22,g35045_benchmarknq.txt,0000935069-06-002253,N-Q,SEC-RYDEX-NDX,,"Petsmart, Inc.+","Petsmart, Inc.+",,,31270.0,800512.0,0.0
2006-06-30,2006-08-22,g35045_benchmarknq.txt,0000935069-06-002253,N-Q,SEC-RYDEX-NDX,,"Liberty Global, Inc. -- Class A","Liberty Global, Inc. -- Class A",,,34864.0,749576.0,0.0
2006-06-30,2006-08-22,g35045_benchmarknq.txt,0000935069-06-002253,N-Q,SEC-RYDEX-NDX,,"VeriSign, Inc.*+","VeriSign, Inc.*+",,,30190.0,699502.0,0.0
2006-06-30,2006-08-22,g35045_benchmarknq.txt,0000935069-06-002253,N-Q,SEC-RYDEX-NDX,,Collateralized by U.S. Treasury Obligations U.S. Bancorp at 5.17% due 07/03/06,Collateralized by U.S. Treasury Obligations U.S. Bancorp at 5.17% due 07/03/06,,,491245.0,491245.0,0.0
2006-06-30,2006-08-22,g35045_benchmarknq.txt,0000935069-06-002253,N-Q,SEC-RYDEX-NDX,,"Expedia, Inc","Expedia, Inc",,,15640.0,234131.0,0.0
2006-06-30,2006-08-22,g35045_benchmarknq.txt,0000935069-06-002253,N-Q,SEC-RYDEX-NDX,,Credit Suisse at 4.55% due 07/03/06+,Credit Suisse at 4.55% due 07/03/06+,,,114864.0,114864.0,0.0
2006-06-30,2006-08-22,g35045_benchmarknq.txt,0000935069-06-002253,N-Q,SEC-RYDEX-NDX,,Morgan Stanley at 4.40% due 07/03/06,Morgan Stanley at 4.40% due 07/03/06,,,888921.0,88921.0,0.0
2006-06-30,2006-08-22,g35045_benchmarknq.txt,0000935069-06-002253,N-Q,SEC-RYDEX-NDX,,"Contracts 8,768,375 )","Contracts 8,768,375 )",,,275.0,55762.0,0.0
2006-06-30,2006-08-22,g35045_benchmarknq.txt,0000935069-06-002253,N-Q,SEC-RYDEX-NDX,,"Lehman Brothers, Inc. at 4.45% due 07/03/06","Lehman Brothers, Inc. at 4.45% due 07/03/06",,,470.0,470.0,0.0
2006-08-31,2006-10-26,a06-21154_1nq.htm,0001104659-06-068781,N-Q,SEC-MORGAN-NDX,,Microsoft Corp,Microsoft Corp,,,99778.0,2563297.0,0.0
2006-08-31,2006-10-26,a06-21154_1nq.htm,0001104659-06-068781,N-Q,SEC-MORGAN-NDX,,"Apple Computer, Inc","Apple Computer, Inc",,,33713.0,2287427.0,0.0
2006-08-31,2006-10-26,a06-21154_1nq.htm,0001104659-06-068781,N-Q,SEC-MORGAN-NDX,,"Joint repurchase agreement account 5.27% due 09/01/06 (dated 08/31/06; proceeds $2,250,329) (a) (Cost $2,250,000)","Joint repurchase agreement account 5.27% due 09/01/06 (dated 08/31/06; proceeds $2,250,329) (a) (Cost $2,250,000)",,,2250.0,2250000.0,0.0
2006-08-31,2006-10-26,a06-21154_1nq.htm,0001104659-06-068781,N-Q,SEC-MORGAN-NDX,,"QUALCOMM, Inc","QUALCOMM, Inc",,,57452.0,2164217.0,0.0
2006-08-31,2006-10-26,a06-21154_1nq.htm,0001104659-06-068781,N-Q,SEC-MORGAN-NDX,,"Google, Inc. (Class A)","Google, Inc. (Class A)",,,3716.0,1406617.0,0.0
2006-08-31,2006-10-26,a06-21154_1nq.htm,0001104659-06-068781,N-Q,SEC-MORGAN-NDX,,"Cisco Systems, Inc","Cisco Systems, Inc",,,61983.0,1363006.0,0.0
2006-08-31,2006-10-26,a06-21154_1nq.htm,0001104659-06-068781,N-Q,SEC-MORGAN-NDX,,Intel Corp,Intel Corp,,,57889.0,1131151.0,0.0
2006-08-31,2006-10-26,a06-21154_1nq.htm,0001104659-06-068781,N-Q,SEC-MORGAN-NDX,,Amgen Inc,Amgen Inc,,,15620.0,1061067.0,0.0
2006-08-31,2006-10-26,a06-21154_1nq.htm,0001104659-06-068781,N-Q,SEC-MORGAN-NDX,,Oracle Corp,Oracle Corp,,,63215.0,989315.0,0.0
2006-08-31,2006-10-26,a06-21154_1nq.htm,0001104659-06-068781,N-Q,SEC-MORGAN-NDX,,Comcast Corp. (Class A),Comcast Corp. (Class A),,,27152.0,950320.0,0.0
2006-08-31,2006-10-26,a06-21154_1nq.htm,0001104659-06-068781,N-Q,SEC-MORGAN-NDX,,Starbucks Corp,Starbucks Corp,,,30327.0,940440.0,0.0
2006-08-31,2006-10-26,a06-21154_1nq.htm,0001104659-06-068781,N-Q,SEC-MORGAN-NDX,,eBay Inc,eBay Inc,,,29888.0,832680.0,0.0
2006-08-31,2006-10-26,a06-21154_1nq.htm,0001104659-06-068781,N-Q,SEC-MORGAN-NDX,,"Gilead Sciences, Inc","Gilead Sciences, Inc",,,12735.0,807399.0,0.0
2006-08-31,2006-10-26,a06-21154_1nq.htm,0001104659-06-068781,N-Q,SEC-MORGAN-NDX,,Sears Holdings Corp,Sears Holdings Corp,,,4651.0,670256.0,0.0
2006-08-31,2006-10-26,a06-21154_1nq.htm,0001104659-06-068781,N-Q,SEC-MORGAN-NDX,,Teva Pharmaceutical Industries Ltd. (ADR) (Israel),Teva Pharmaceutical Industries Ltd. (ADR) (Israel),,,17872.0,621231.0,0.0
2006-08-31,2006-10-26,a06-21154_1nq.htm,0001104659-06-068781,N-Q,SEC-MORGAN-NDX,,Genzyme Corp,Genzyme Corp,,,9276.0,614349.0,0.0
2006-08-31,2006-10-26,a06-21154_1nq.htm,0001104659-06-068781,N-Q,SEC-MORGAN-NDX,,"Yahoo!, Inc","Yahoo!, Inc",,,19246.0,554670.0,0.0
2006-08-31,2006-10-26,a06-21154_1nq.htm,0001104659-06-068781,N-Q,SEC-MORGAN-NDX,,Symantec Corp,Symantec Corp,,,29356.0,547196.0,0.0
2006-08-31,2006-10-26,a06-21154_1nq.htm,0001104659-06-068781,N-Q,SEC-MORGAN-NDX,,"Adobe Systems, Inc","Adobe Systems, Inc",,,16676.0,540969.0,0.0
2006-08-31,2006-10-26,a06-21154_1nq.htm,0001104659-06-068781,N-Q,SEC-MORGAN-NDX,,Dell Inc,Dell Inc,,,23905.0,539058.0,0.0
2006-08-31,2006-10-26,a06-21154_1nq.htm,0001104659-06-068781,N-Q,SEC-MORGAN-NDX,,Biogen Idec Inc,Biogen Idec Inc,,,10623.0,468899.0,0.0
2006-08-31,2006-10-26,a06-21154_1nq.htm,0001104659-06-068781,N-Q,SEC-MORGAN-NDX,,Electronic Arts Inc,Electronic Arts Inc,,,8704.0,443643.0,0.0
2006-08-31,2006-10-26,a06-21154_1nq.htm,0001104659-06-068781,N-Q,SEC-MORGAN-NDX,,Research In Motion Ltd. (Canada),Research In Motion Ltd. (Canada),,,5300.0,437250.0,0.0
2006-08-31,2006-10-26,a06-21154_1nq.htm,0001104659-06-068781,N-Q,SEC-MORGAN-NDX,,"PACCAR, Inc","PACCAR, Inc",,,7966.0,435501.0,0.0
2006-08-31,2006-10-26,a06-21154_1nq.htm,0001104659-06-068781,N-Q,SEC-MORGAN-NDX,,Celgene Corp,Celgene Corp,,,9790.0,398355.0,0.0
2006-08-31,2006-10-26,a06-21154_1nq.htm,0001104659-06-068781,N-Q,SEC-MORGAN-NDX,,Linear Technology Corp,Linear Technology Corp,,,11533.0,392237.0,0.0
2006-08-31,2006-10-26,a06-21154_1nq.htm,0001104659-06-068781,N-Q,SEC-MORGAN-NDX,,"Applied Materials, Inc","Applied Materials, Inc",,,22984.0,387970.0,0.0
2006-08-31,2006-10-26,a06-21154_1nq.htm,0001104659-06-068781,N-Q,SEC-MORGAN-NDX,,"Network Appliance, Inc","Network Appliance, Inc",,,11119.0,380714.0,0.0
2006-08-31,2006-10-26,a06-21154_1nq.htm,0001104659-06-068781,N-Q,SEC-MORGAN-NDX,,Intuit Inc,Intuit Inc,,,12466.0,376723.0,0.0
2006-08-31,2006-10-26,a06-21154_1nq.htm,0001104659-06-068781,N-Q,SEC-MORGAN-NDX,,"Maxim Integrated Products, Inc","Maxim Integrated Products, Inc",,,12771.0,371636.0,0.0
2006-08-31,2006-10-26,a06-21154_1nq.htm,0001104659-06-068781,N-Q,SEC-MORGAN-NDX,,"Paychex, Inc","Paychex, Inc",,,10239.0,367682.0,0.0
2006-08-31,2006-10-26,a06-21154_1nq.htm,0001104659-06-068781,N-Q,SEC-MORGAN-NDX,,Bed Bath & Beyond Inc,Bed Bath & Beyond Inc,,,10787.0,363846.0,0.0
2006-08-31,2006-10-26,a06-21154_1nq.htm,0001104659-06-068781,N-Q,SEC-MORGAN-NDX,,Broadcom Corp. (Class A),Broadcom Corp. (Class A),,,12155.0,357843.0,0.0
2006-08-31,2006-10-26,a06-21154_1nq.htm,0001104659-06-068781,N-Q,SEC-MORGAN-NDX,,Costco Wholesale Corp,Costco Wholesale Corp,,,7054.0,330057.0,0.0
2006-08-31,2006-10-26,a06-21154_1nq.htm,0001104659-06-068781,N-Q,SEC-MORGAN-NDX,,"Staples, Inc","Staples, Inc",,,13900.0,313584.0,0.0
2006-08-31,2006-10-26,a06-21154_1nq.htm,0001104659-06-068781,N-Q,SEC-MORGAN-NDX,,"Biomet, Inc","Biomet, Inc",,,9417.0,308030.0,0.0
2006-08-31,2006-10-26,a06-21154_1nq.htm,0001104659-06-068781,N-Q,SEC-MORGAN-NDX,,KLA-Tencor Corp,KLA-Tencor Corp,,,6847.0,300652.0,0.0
2006-08-31,2006-10-26,a06-21154_1nq.htm,0001104659-06-068781,N-Q,SEC-MORGAN-NDX,,SanDisk Corp,SanDisk Corp,,,5093.0,300080.0,0.0
2006-08-31,2006-10-26,a06-21154_1nq.htm,0001104659-06-068781,N-Q,SEC-MORGAN-NDX,,"Xilinx, Inc","Xilinx, Inc",,,12951.0,296189.0,0.0
2006-08-31,2006-10-26,a06-21154_1nq.htm,0001104659-06-068781,N-Q,SEC-MORGAN-NDX,,"Express Scripts, Inc","Express Scripts, Inc",,,3493.0,293691.0,0.0
2006-08-31,2006-10-26,a06-21154_1nq.htm,0001104659-06-068781,N-Q,SEC-MORGAN-NDX,,Altera Corp,Altera Corp,,,14353.0,290361.0,0.0
2006-08-31,2006-10-26,a06-21154_1nq.htm,0001104659-06-068781,N-Q,SEC-MORGAN-NDX,,NVIDIA Corp,NVIDIA Corp,,,9838.0,286384.0,0.0
2006-08-31,2006-10-26,a06-21154_1nq.htm,0001104659-06-068781,N-Q,SEC-MORGAN-NDX,,"Marvell Technology Group, Ltd. (Bermuda)","Marvell Technology Group, Ltd. (Bermuda)",,,15848.0,277498.0,0.0
2006-08-31,2006-10-26,a06-21154_1nq.htm,0001104659-06-068781,N-Q,SEC-MORGAN-NDX,,"Fiserv, Inc","Fiserv, Inc",,,6246.0,275886.0,0.0
2006-08-31,2006-10-26,a06-21154_1nq.htm,0001104659-06-068781,N-Q,SEC-MORGAN-NDX,,Cognizant Technology Solutions Corp. (Class A),Cognizant Technology Solutions Corp. (Class A),,,3889.0,271880.0,0.0
2006-08-31,2006-10-26,a06-21154_1nq.htm,0001104659-06-068781,N-Q,SEC-MORGAN-NDX,,Garmin Ltd. (Cayman Islands),Garmin Ltd. (Cayman Islands),,,5716.0,267280.0,0.0
2006-08-31,2006-10-26,a06-21154_1nq.htm,0001104659-06-068781,N-Q,SEC-MORGAN-NDX,,NTL INC,NTL INC,,,10037.0,265880.0,0.0
2006-08-31,2006-10-26,a06-21154_1nq.htm,0001104659-06-068781,N-Q,SEC-MORGAN-NDX,,IAC/InterActiveCorp,IAC/InterActiveCorp,,,8952.0,254953.0,0.0
2006-08-31,2006-10-26,a06-21154_1nq.htm,0001104659-06-068781,N-Q,SEC-MORGAN-NDX,,"Apollo Group, Inc. (Class A)","Apollo Group, Inc. (Class A)",,,4965.0,249293.0,0.0
2006-08-31,2006-10-26,a06-21154_1nq.htm,0001104659-06-068781,N-Q,SEC-MORGAN-NDX,,"Amazon.com, Inc","Amazon.com, Inc",,,7885.0,243095.0,0.0
2006-08-31,2006-10-26,a06-21154_1nq.htm,0001104659-06-068781,N-Q,SEC-MORGAN-NDX,,"Wynn Resorts, Ltd","Wynn Resorts, Ltd",,,3116.0,241209.0,0.0
2006-08-31,2006-10-26,a06-21154_1nq.htm,0001104659-06-068781,N-Q,SEC-MORGAN-NDX,,"Autodesk, Inc","Autodesk, Inc",,,6861.0,238488.0,0.0
2006-08-31,2006-10-26,a06-21154_1nq.htm,0001104659-06-068781,N-Q,SEC-MORGAN-NDX,,"Expeditors International of Washington, Inc","Expeditors International of Washington, Inc",,,5953.0,237346.0,0.0
2006-08-31,2006-10-26,a06-21154_1nq.htm,0001104659-06-068781,N-Q,SEC-MORGAN-NDX,,"NII Holdings, Inc","NII Holdings, Inc",,,4212.0,224710.0,0.0
2006-08-31,2006-10-26,a06-21154_1nq.htm,0001104659-06-068781,N-Q,SEC-MORGAN-NDX,,"C.H. Robinson Worldwide, Inc","C.H. Robinson Worldwide, Inc",,,4769.0,218516.0,0.0
2006-08-31,2006-10-26,a06-21154_1nq.htm,0001104659-06-068781,N-Q,SEC-MORGAN-NDX,,"Sun Microsystems, Inc","Sun Microsystems, Inc",,,43241.0,215773.0,0.0
2006-08-31,2006-10-26,a06-21154_1nq.htm,0001104659-06-068781,N-Q,SEC-MORGAN-NDX,,Cintas Corp,Cintas Corp,,,5733.0,212293.0,0.0
2006-08-31,2006-10-26,a06-21154_1nq.htm,0001104659-06-068781,N-Q,SEC-MORGAN-NDX,,Flextronics International Ltd. (Singapore),Flextronics International Ltd. (Singapore),,,17838.0,210488.0,0.0
2006-08-31,2006-10-26,a06-21154_1nq.htm,0001104659-06-068781,N-Q,SEC-MORGAN-NDX,,"Whole Foods Market, Inc","Whole Foods Market, Inc",,,3904.0,209332.0,0.0
2006-08-31,2006-10-26,a06-21154_1nq.htm,0001104659-06-068781,N-Q,SEC-MORGAN-NDX,,"MedImmune, Inc","MedImmune, Inc",,,7565.0,209097.0,0.0
2006-08-31,2006-10-26,a06-21154_1nq.htm,0001104659-06-068781,N-Q,SEC-MORGAN-NDX,,EchoStar Communications Corp. (Class A),EchoStar Communications Corp. (Class A),,,6044.0,191897.0,0.0
2006-08-31,2006-10-26,a06-21154_1nq.htm,0001104659-06-068781,N-Q,SEC-MORGAN-NDX,,"Citrix Systems, Inc","Citrix Systems, Inc",,,6150.0,188682.0,0.0
2006-08-31,2006-10-26,a06-21154_1nq.htm,0001104659-06-068781,N-Q,SEC-MORGAN-NDX,,Sirius Satellite Radio Inc,Sirius Satellite Radio Inc,,,43211.0,176733.0,0.0
2006-08-31,2006-10-26,a06-21154_1nq.htm,0001104659-06-068781,N-Q,SEC-MORGAN-NDX,,Lam Research Corp,Lam Research Corp,,,4127.0,176594.0,0.0
2006-08-31,2006-10-26,a06-21154_1nq.htm,0001104659-06-068781,N-Q,SEC-MORGAN-NDX,,Microchip Technology Inc,Microchip Technology Inc,,,5065.0,173020.0,0.0
2006-08-31,2006-10-26,a06-21154_1nq.htm,0001104659-06-068781,N-Q,SEC-MORGAN-NDX,,"Akamai Technologies, Inc","Akamai Technologies, Inc",,,4208.0,164954.0,0.0
2006-08-31,2006-10-26,a06-21154_1nq.htm,0001104659-06-068781,N-Q,SEC-MORGAN-NDX,,Liberty Global Inc. (Class A),Liberty Global Inc. (Class A),,,6738.0,159084.0,0.0
2006-08-31,2006-10-26,a06-21154_1nq.htm,0001104659-06-068781,N-Q,SEC-MORGAN-NDX,,"Juniper Networks, Inc","Juniper Networks, Inc",,,10567.0,155018.0,0.0
2006-08-31,2006-10-26,a06-21154_1nq.htm,0001104659-06-068781,N-Q,SEC-MORGAN-NDX,,"Expedia, Inc","Expedia, Inc",,,9436.0,153996.0,0.0
2006-08-31,2006-10-26,a06-21154_1nq.htm,0001104659-06-068781,N-Q,SEC-MORGAN-NDX,,"Amylin Pharmaceuticals, Inc","Amylin Pharmaceuticals, Inc",,,3383.0,153351.0,0.0
2006-08-31,2006-10-26,a06-21154_1nq.htm,0001104659-06-068781,N-Q,SEC-MORGAN-NDX,,ATI Technologies Inc. (Canada),ATI Technologies Inc. (Canada),,,7086.0,152278.0,0.0
2006-08-31,2006-10-26,a06-21154_1nq.htm,0001104659-06-068781,N-Q,SEC-MORGAN-NDX,,"Monster Worldwide, Inc","Monster Worldwide, Inc",,,3728.0,151879.0,0.0
2006-08-31,2006-10-26,a06-21154_1nq.htm,0001104659-06-068781,N-Q,SEC-MORGAN-NDX,,Fastenal Co,Fastenal Co,,,4104.0,150535.0,0.0
2006-08-31,2006-10-26,a06-21154_1nq.htm,0001104659-06-068781,N-Q,SEC-MORGAN-NDX,,Joy Global Inc,Joy Global Inc,,,3450.0,150213.0,0.0
2006-08-31,2006-10-26,a06-21154_1nq.htm,0001104659-06-068781,N-Q,SEC-MORGAN-NDX,,"Sepracor, Inc","Sepracor, Inc",,,3001.0,141077.0,0.0
2006-08-31,2006-10-26,a06-21154_1nq.htm,0001104659-06-068781,N-Q,SEC-MORGAN-NDX,,"BEA Systems, Inc","BEA Systems, Inc",,,10264.0,140925.0,0.0
2006-08-31,2006-10-26,a06-21154_1nq.htm,0001104659-06-068781,N-Q,SEC-MORGAN-NDX,,"DENTSPLY International, Inc","DENTSPLY International, Inc",,,4308.0,140355.0,0.0
2006-08-31,2006-10-26,a06-21154_1nq.htm,0001104659-06-068781,N-Q,SEC-MORGAN-NDX,,"Cadence Design Systems, Inc","Cadence Design Systems, Inc",,,8412.0,138209.0,0.0
2006-08-31,2006-10-26,a06-21154_1nq.htm,0001104659-06-068781,N-Q,SEC-MORGAN-NDX,,CDW Corp,CDW Corp,,,2347.0,136830.0,0.0
2006-08-31,2006-10-26,a06-21154_1nq.htm,0001104659-06-068781,N-Q,SEC-MORGAN-NDX,,"Patterson-UTI Energy, Inc","Patterson-UTI Energy, Inc",,,4923.0,134890.0,0.0
2006-08-31,2006-10-26,a06-21154_1nq.htm,0001104659-06-068781,N-Q,SEC-MORGAN-NDX,,"VeriSign, Inc","VeriSign, Inc",,,6569.0,132957.0,0.0
2006-08-31,2006-10-26,a06-21154_1nq.htm,0001104659-06-068781,N-Q,SEC-MORGAN-NDX,,Sigma-Aldrich Corp,Sigma-Aldrich Corp,,,1827.0,132695.0,0.0
2006-08-31,2006-10-26,a06-21154_1nq.htm,0001104659-06-068781,N-Q,SEC-MORGAN-NDX,,Check Point Software Technologies Ltd. (Israel),Check Point Software Technologies Ltd. (Israel),,,6859.0,127509.0,0.0
2006-08-31,2006-10-26,a06-21154_1nq.htm,0001104659-06-068781,N-Q,SEC-MORGAN-NDX,,JDS Uniphase Corp,JDS Uniphase Corp,,,55049.0,124961.0,0.0
2006-08-31,2006-10-26,a06-21154_1nq.htm,0001104659-06-068781,N-Q,SEC-MORGAN-NDX,,Lamar Advertising Co. (Class A),Lamar Advertising Co. (Class A),,,2388.0,124892.0,0.0
2006-08-31,2006-10-26,a06-21154_1nq.htm,0001104659-06-068781,N-Q,SEC-MORGAN-NDX,,"Comverse Technology, Inc","Comverse Technology, Inc",,,5960.0,124564.0,0.0
2006-08-31,2006-10-26,a06-21154_1nq.htm,0001104659-06-068781,N-Q,SEC-MORGAN-NDX,,"Red Hat, Inc","Red Hat, Inc",,,5139.0,119430.0,0.0
2006-08-31,2006-10-26,a06-21154_1nq.htm,0001104659-06-068781,N-Q,SEC-MORGAN-NDX,,"Patterson Companies, Inc","Patterson Companies, Inc",,,3779.0,116469.0,0.0
2006-08-31,2006-10-26,a06-21154_1nq.htm,0001104659-06-068781,N-Q,SEC-MORGAN-NDX,,Millicom Intl Cellular S.A,Millicom Intl Cellular S.A,,,2830.0,110427.0,0.0
2006-08-31,2006-10-26,a06-21154_1nq.htm,0001104659-06-068781,N-Q,SEC-MORGAN-NDX,,Telefonaktiebolaget LM Ericsson (ADR) (Sweden),Telefonaktiebolaget LM Ericsson (ADR) (Sweden),,,3124.0,104342.0,0.0
2006-08-31,2006-10-26,a06-21154_1nq.htm,0001104659-06-068781,N-Q,SEC-MORGAN-NDX,,"PETsMART, Inc","PETsMART, Inc",,,3943.0,98969.0,0.0
2006-08-31,2006-10-26,a06-21154_1nq.htm,0001104659-06-068781,N-Q,SEC-MORGAN-NDX,,"Ross Stores, Inc","Ross Stores, Inc",,,4016.0,98352.0,0.0
2006-08-31,2006-10-26,a06-21154_1nq.htm,0001104659-06-068781,N-Q,SEC-MORGAN-NDX,,XM Satellite Radio Holdings Inc. (Class A),XM Satellite Radio Holdings Inc. (Class A),,,7571.0,98120.0,0.0
2006-08-31,2006-10-26,a06-21154_1nq.htm,0001104659-06-068781,N-Q,SEC-MORGAN-NDX,,"Intuitive Surgical, Inc","Intuitive Surgical, Inc",,,1038.0,97987.0,0.0
2006-08-31,2006-10-26,a06-21154_1nq.htm,0001104659-06-068781,N-Q,SEC-MORGAN-NDX,,"Lincare Holdings, Inc","Lincare Holdings, Inc",,,2621.0,97056.0,0.0
2006-08-31,2006-10-26,a06-21154_1nq.htm,0001104659-06-068781,N-Q,SEC-MORGAN-NDX,,American Power Conversion Corp,American Power Conversion Corp,,,5507.0,96758.0,0.0
2006-08-31,2006-10-26,a06-21154_1nq.htm,0001104659-06-068781,N-Q,SEC-MORGAN-NDX,,Discovery Holding Company (Class A),Discovery Holding Company (Class A),,,6765.0,94778.0,0.0
2006-08-31,2006-10-26,a06-21154_1nq.htm,0001104659-06-068781,N-Q,SEC-MORGAN-NDX,,"Activision, Inc","Activision, Inc",,,7018.0,90532.0,0.0
2006-08-31,2006-10-26,a06-21154_1nq.htm,0001104659-06-068781,N-Q,SEC-MORGAN-NDX,,CheckFree Corp,CheckFree Corp,,,2476.0,88641.0,0.0
2006-08-31,2006-10-26,a06-21154_1nq.htm,0001104659-06-068781,N-Q,SEC-MORGAN-NDX,,"Urban Outfitters, Inc","Urban Outfitters, Inc",,,4912.0,77069.0,0.0
2006-08-31,2006-10-26,a06-21154_1nq.htm,0001104659-06-068781,N-Q,SEC-MORGAN-NDX,,"Tellabs, Inc","Tellabs, Inc",,,7258.0,73959.0,0.0
2006-08-31,2006-10-26,a06-21154_1nq.htm,0001104659-06-068781,N-Q,SEC-MORGAN-NDX,,Long Nasdaq-100 E-Mini September 2006,Long Nasdaq-100 E-Mini September 2006,,,35.0,20225.0,0.0
2006-08-31,2006-10-26,a06-21154_1nq.htm,0001104659-06-068781,N-Q,SEC-MORGAN-NDX,,Long Nasdaq-100 Index September 2006,Long Nasdaq-100 Index September 2006,,,7.0,10850.0,0.0
2006-09-30,2007-06-08,g38552_seriesncsr.txt,0000935069-07-001367,N-CSR,SEC-RYDEX-NDX,,Investment in Securities Lending Short Term Investment Portfolio Held by U.S. Bank (Note 9),Investment in Securities Lending Short Term Investment Portfolio Held by U.S. Bank (Note 9),,,154266009.0,154266009.0,0.0
2006-09-30,2007-06-08,g38552_seriesncsr.txt,0000935069-07-001367,N-CSR,SEC-RYDEX-NDX,,"Apple Computer, Inc","Apple Computer, Inc",,,500446.0,46496438.0,0.0
2006-09-30,2007-06-08,g38552_seriesncsr.txt,0000935069-07-001367,N-CSR,SEC-RYDEX-NDX,,Microsoft Corp,Microsoft Corp,,,1320832.0,36811588.0,0.0
2006-09-30,2007-06-08,g38552_seriesncsr.txt,0000935069-07-001367,N-CSR,SEC-RYDEX-NDX,,"Qualcomm, Inc","Qualcomm, Inc",,,811030.0,34598540.0,0.0
2006-09-30,2007-06-08,g38552_seriesncsr.txt,0000935069-07-001367,N-CSR,SEC-RYDEX-NDX,,"Google, Inc. -- Class A","Google, Inc. -- Class A",,,55580.0,25464533.0,0.0
2006-09-30,2007-06-08,g38552_seriesncsr.txt,0000935069-07-001367,N-CSR,SEC-RYDEX-NDX,,"Cisco Systems, Inc.*+","Cisco Systems, Inc.*+",,,949000.0,24227970.0,0.0
2006-09-30,2007-06-08,g38552_seriesncsr.txt,0000935069-07-001367,N-CSR,SEC-RYDEX-NDX,,Comcast Corp. -- Class A*+,Comcast Corp. -- Class A*+,,,704862.0,18291169.0,0.0
2006-09-30,2007-06-08,g38552_seriesncsr.txt,0000935069-07-001367,N-CSR,SEC-RYDEX-NDX,,Oracle Corp,Oracle Corp,,,948857.0,17202777.0,0.0
2006-09-30,2007-06-08,g38552_seriesncsr.txt,0000935069-07-001367,N-CSR,SEC-RYDEX-NDX,,"Gilead Sciences, Inc","Gilead Sciences, Inc",,,205550.0,15724575.0,0.0
2006-09-30,2007-06-08,g38552_seriesncsr.txt,0000935069-07-001367,N-CSR,SEC-RYDEX-NDX,,"Amgen, Inc.*+","Amgen, Inc.*+",,,264236.0,14765508.0,0.0
2006-09-30,2007-06-08,g38552_seriesncsr.txt,0000935069-07-001367,N-CSR,SEC-RYDEX-NDX,,Intel Corp,Intel Corp,,,727070.0,13908849.0,0.0
2006-09-30,2007-06-08,g38552_seriesncsr.txt,0000935069-07-001367,N-CSR,SEC-RYDEX-NDX,,"eBay, Inc.*+","eBay, Inc.*+",,,417404.0,13836942.0,0.0
2006-09-30,2007-06-08,g38552_seriesncsr.txt,0000935069-07-001367,N-CSR,SEC-RYDEX-NDX,,"Applied Materials, Inc.+","Applied Materials, Inc.+",,,707165.0,12955263.0,0.0
2006-09-30,2007-06-08,g38552_seriesncsr.txt,0000935069-07-001367,N-CSR,SEC-RYDEX-NDX,,Sears Holdings Corp.*+,Sears Holdings Corp.*+,,,68900.0,12413024.0,0.0
2006-09-30,2007-06-08,g38552_seriesncsr.txt,0000935069-07-001367,N-CSR,SEC-RYDEX-NDX,,Starbucks Corp.*+,Starbucks Corp.*+,,,391620.0,12281203.0,0.0
2006-09-30,2007-06-08,g38552_seriesncsr.txt,0000935069-07-001367,N-CSR,SEC-RYDEX-NDX,,Lam Research Corp.*+,Lam Research Corp.*+,,,231269.0,10948274.0,0.0
2006-09-30,2007-06-08,g38552_seriesncsr.txt,0000935069-07-001367,N-CSR,SEC-RYDEX-NDX,,due 04/02/07,due 04/02/07,,,10679677.0,10679677.0,0.0
2006-09-30,2007-06-08,g38552_seriesncsr.txt,0000935069-07-001367,N-CSR,SEC-RYDEX-NDX,,"Cadence Design Systems, Inc.*+","Cadence Design Systems, Inc.*+",,,478960.0,10086898.0,0.0
2006-09-30,2007-06-08,g38552_seriesncsr.txt,0000935069-07-001367,N-CSR,SEC-RYDEX-NDX,,"VeriSign, Inc.*+","VeriSign, Inc.*+",,,400380.0,10057546.0,0.0
2006-09-30,2007-06-08,g38552_seriesncsr.txt,0000935069-07-001367,N-CSR,SEC-RYDEX-NDX,,Research In Motion Ltd.*+,Research In Motion Ltd.*+,,,73540.0,10037475.0,0.0
2006-09-30,2007-06-08,g38552_seriesncsr.txt,0000935069-07-001367,N-CSR,SEC-RYDEX-NDX,,due 04/02/07,due 04/02/07,,,9789704.0,9789704.0,0.0
2006-09-30,2007-06-08,g38552_seriesncsr.txt,0000935069-07-001367,N-CSR,SEC-RYDEX-NDX,,Teva Pharmaceutical Industries Ltd. -- SP ADR+,Teva Pharmaceutical Industries Ltd. -- SP ADR+,,,260163.0,9737901.0,0.0
2006-09-30,2007-06-08,g38552_seriesncsr.txt,0000935069-07-001367,N-CSR,SEC-RYDEX-NDX,,"Adobe Systems, Inc.*+","Adobe Systems, Inc.*+",,,223085.0,9302644.0,0.0
2006-09-30,2007-06-08,g38552_seriesncsr.txt,0000935069-07-001367,N-CSR,SEC-RYDEX-NDX,,Symantec Corp.*+,Symantec Corp.*+,,,536843.0,9287384.0,0.0
2006-09-30,2007-06-08,g38552_seriesncsr.txt,0000935069-07-001367,N-CSR,SEC-RYDEX-NDX,,"Fiserv, Inc","Fiserv, Inc",,,162730.0,8634454.0,0.0
2006-09-30,2007-06-08,g38552_seriesncsr.txt,0000935069-07-001367,N-CSR,SEC-RYDEX-NDX,,"Paccar, Inc.+","Paccar, Inc.+",,,115362.0,8467571.0,0.0
2006-09-30,2007-06-08,g38552_seriesncsr.txt,0000935069-07-001367,N-CSR,SEC-RYDEX-NDX,,Liberty Media Corp - Interactive,Liberty Media Corp - Interactive,,,354270.0,8438711.0,0.0
2006-09-30,2007-06-08,g38552_seriesncsr.txt,0000935069-07-001367,N-CSR,SEC-RYDEX-NDX,,Celgene Corp.*+,Celgene Corp.*+,,,160664.0,8428433.0,0.0
2006-09-30,2007-06-08,g38552_seriesncsr.txt,0000935069-07-001367,N-CSR,SEC-RYDEX-NDX,,KLA-Tencor Corp.+,KLA-Tencor Corp.+,,,151500.0,8077980.0,0.0
2006-09-30,2007-06-08,g38552_seriesncsr.txt,0000935069-07-001367,N-CSR,SEC-RYDEX-NDX,,"Dell, Inc","Dell, Inc",,,340900.0,7912289.0,0.0
2006-09-30,2007-06-08,g38552_seriesncsr.txt,0000935069-07-001367,N-CSR,SEC-RYDEX-NDX,,Genzyme Corp.*+,Genzyme Corp.*+,,,130380.0,7825407.0,0.0
2006-09-30,2007-06-08,g38552_seriesncsr.txt,0000935069-07-001367,N-CSR,SEC-RYDEX-NDX,,"Staples, Inc","Staples, Inc",,,276568.0,7146517.0,0.0
2006-09-30,2007-06-08,g38552_seriesncsr.txt,0000935069-07-001367,N-CSR,SEC-RYDEX-NDX,,"Biomet, Inc.+","Biomet, Inc.+",,,144002.0,6118645.0,0.0
2006-09-30,2007-06-08,g38552_seriesncsr.txt,0000935069-07-001367,N-CSR,SEC-RYDEX-NDX,,Wynn Resorts Ltd.+,Wynn Resorts Ltd.+,,,57880.0,5490497.0,0.0
2006-09-30,2007-06-08,g38552_seriesncsr.txt,0000935069-07-001367,N-CSR,SEC-RYDEX-NDX,,"Biogen Idec, Inc","Biogen Idec, Inc",,,120358.0,5341488.0,0.0
2006-09-30,2007-06-08,g38552_seriesncsr.txt,0000935069-07-001367,N-CSR,SEC-RYDEX-NDX,,IAC/InterActiveCorp*+,IAC/InterActiveCorp*+,,,139180.0,5248478.0,0.0
2006-09-30,2007-06-08,g38552_seriesncsr.txt,0000935069-07-001367,N-CSR,SEC-RYDEX-NDX,,"Network Appliance, Inc","Network Appliance, Inc",,,142790.0,5214691.0,0.0
2006-09-30,2007-06-08,g38552_seriesncsr.txt,0000935069-07-001367,N-CSR,SEC-RYDEX-NDX,,Costco Wholesale Corp.+,Costco Wholesale Corp.+,,,95060.0,5118030.0,0.0
2006-09-30,2007-06-08,g38552_seriesncsr.txt,0000935069-07-001367,N-CSR,SEC-RYDEX-NDX,,Broadcom Corp. -- Class A*+,Broadcom Corp. -- Class A*+,,,149510.0,4794786.0,0.0
2006-09-30,2007-06-08,g38552_seriesncsr.txt,0000935069-07-001367,N-CSR,SEC-RYDEX-NDX,,Garmin Ltd.+,Garmin Ltd.+,,,87091.0,4715978.0,0.0
2006-09-30,2007-06-08,g38552_seriesncsr.txt,0000935069-07-001367,N-CSR,SEC-RYDEX-NDX,,"NII Holdings, Inc. -- Class B*+","NII Holdings, Inc. -- Class B*+",,,63217.0,4689437.0,0.0
2006-09-30,2007-06-08,g38552_seriesncsr.txt,0000935069-07-001367,N-CSR,SEC-RYDEX-NDX,,"Xilinx, Inc.+","Xilinx, Inc.+",,,178180.0,4584571.0,0.0
2006-09-30,2007-06-08,g38552_seriesncsr.txt,0000935069-07-001367,N-CSR,SEC-RYDEX-NDX,,Nvidia Corp,Nvidia Corp,,,156620.0,4507523.0,0.0
2006-09-30,2007-06-08,g38552_seriesncsr.txt,0000935069-07-001367,N-CSR,SEC-RYDEX-NDX,,Cognizant Technology Solutions Corp. -- Class A,Cognizant Technology Solutions Corp. -- Class A,,,50671.0,4472729.0,0.0
2006-09-30,2007-06-08,g38552_seriesncsr.txt,0000935069-07-001367,N-CSR,SEC-RYDEX-NDX,,"Intuit, Inc","Intuit, Inc",,,156410.0,4279378.0,0.0
2006-09-30,2007-06-08,g38552_seriesncsr.txt,0000935069-07-001367,N-CSR,SEC-RYDEX-NDX,,"Express Scripts, Inc","Express Scripts, Inc",,,52116.0,4206804.0,0.0
2006-09-30,2007-06-08,g38552_seriesncsr.txt,0000935069-07-001367,N-CSR,SEC-RYDEX-NDX,,"Bed Bath & Beyond, Inc.*+","Bed Bath & Beyond, Inc.*+",,,101250.0,4067213.0,0.0
2006-09-30,2007-06-08,g38552_seriesncsr.txt,0000935069-07-001367,N-CSR,SEC-RYDEX-NDX,,CDW Corp.+,CDW Corp.+,,,64925.0,3988343.0,0.0
2006-09-30,2007-06-08,g38552_seriesncsr.txt,0000935069-07-001367,N-CSR,SEC-RYDEX-NDX,,SanDisk Corp.*+,SanDisk Corp.*+,,,86041.0,3768596.0,0.0
2006-09-30,2007-06-08,g38552_seriesncsr.txt,0000935069-07-001367,N-CSR,SEC-RYDEX-NDX,,Check Point Software Technologies Ltd.*+,Check Point Software Technologies Ltd.*+,,,168570.0,3755740.0,0.0
2006-09-30,2007-06-08,g38552_seriesncsr.txt,0000935069-07-001367,N-CSR,SEC-RYDEX-NDX,,EchoStar Communications Corp,EchoStar Communications Corp,,,84600.0,3674178.0,0.0
2006-09-30,2007-06-08,g38552_seriesncsr.txt,0000935069-07-001367,N-CSR,SEC-RYDEX-NDX,,"Expedia, Inc.*+","Expedia, Inc.*+",,,158321.0,3669881.0,0.0
2006-09-30,2007-06-08,g38552_seriesncsr.txt,0000935069-07-001367,N-CSR,SEC-RYDEX-NDX,,"Expeditors International Washington, Inc.+","Expeditors International Washington, Inc.+",,,86400.0,3570048.0,0.0
2006-09-30,2007-06-08,g38552_seriesncsr.txt,0000935069-07-001367,N-CSR,SEC-RYDEX-NDX,,due 04/02/07,due 04/02/07,,,3559892.0,3559892.0,0.0
2006-09-30,2007-06-08,g38552_seriesncsr.txt,0000935069-07-001367,N-CSR,SEC-RYDEX-NDX,,"Apollo Group, Inc. -- Class A*+","Apollo Group, Inc. -- Class A*+",,,79760.0,3501464.0,0.0
2006-09-30,2007-06-08,g38552_seriesncsr.txt,0000935069-07-001367,N-CSR,SEC-RYDEX-NDX,,Altera Corp.*+,Altera Corp.*+,,,170330.0,3404897.0,0.0
2006-09-30,2007-06-08,g38552_seriesncsr.txt,0000935069-07-001367,N-CSR,SEC-RYDEX-NDX,,"Juniper Networks, Inc.*+","Juniper Networks, Inc.*+",,,172762.0,3399956.0,0.0
2006-09-30,2007-06-08,g38552_seriesncsr.txt,0000935069-07-001367,N-CSR,SEC-RYDEX-NDX,,"CH Robinson Worldwide, Inc.+","CH Robinson Worldwide, Inc.+",,,69486.0,3317956.0,0.0
2006-09-30,2007-06-08,g38552_seriesncsr.txt,0000935069-07-001367,N-CSR,SEC-RYDEX-NDX,,"Level 3 Communications, Inc.*+","Level 3 Communications, Inc.*+",,,539320.0,3289852.0,0.0
2006-09-30,2007-06-08,g38552_seriesncsr.txt,0000935069-07-001367,N-CSR,SEC-RYDEX-NDX,,"Sirius Satellite Radio, Inc.*+","Sirius Satellite Radio, Inc.*+",,,1020440.0,3265408.0,0.0
2006-09-30,2007-06-08,g38552_seriesncsr.txt,0000935069-07-001367,N-CSR,SEC-RYDEX-NDX,,Lamar Advertising Co. -- Class A+,Lamar Advertising Co. -- Class A+,,,51077.0,3216319.0,0.0
2006-09-30,2007-06-08,g38552_seriesncsr.txt,0000935069-07-001367,N-CSR,SEC-RYDEX-NDX,,"Medimmune, Inc.*+","Medimmune, Inc.*+",,,87940.0,3200137.0,0.0
2006-09-30,2007-06-08,g38552_seriesncsr.txt,0000935069-07-001367,N-CSR,SEC-RYDEX-NDX,,Millicom International Cellular SA*+,Millicom International Cellular SA*+,,,40168.0,3147564.0,0.0
2006-09-30,2007-06-08,g38552_seriesncsr.txt,0000935069-07-001367,N-CSR,SEC-RYDEX-NDX,,"Citrix Systems, Inc.*+","Citrix Systems, Inc.*+",,,94861.0,3038398.0,0.0
2006-09-30,2007-06-08,g38552_seriesncsr.txt,0000935069-07-001367,N-CSR,SEC-RYDEX-NDX,,"Ross Stores, Inc","Ross Stores, Inc",,,87253.0,3001503.0,0.0
2006-09-30,2007-06-08,g38552_seriesncsr.txt,0000935069-07-001367,N-CSR,SEC-RYDEX-NDX,,"Liberty Global, Inc. -- Class A","Liberty Global, Inc. -- Class A",,,90210.0,2970615.0,0.0
2006-09-30,2007-06-08,g38552_seriesncsr.txt,0000935069-07-001367,N-CSR,SEC-RYDEX-NDX,,Cintas Corp.+,Cintas Corp.+,,,81877.0,2955760.0,0.0
2006-09-30,2007-06-08,g38552_seriesncsr.txt,0000935069-07-001367,N-CSR,SEC-RYDEX-NDX,,"Akamai Technologies, Inc.*+","Akamai Technologies, Inc.*+",,,57160.0,2853427.0,0.0
2006-09-30,2007-06-08,g38552_seriesncsr.txt,0000935069-07-001367,N-CSR,SEC-RYDEX-NDX,,"BEA Systems, Inc","BEA Systems, Inc",,,243785.0,2825468.0,0.0
2006-09-30,2007-06-08,g38552_seriesncsr.txt,0000935069-07-001367,N-CSR,SEC-RYDEX-NDX,,"Whole Foods Market, Inc.+","Whole Foods Market, Inc.+",,,60126.0,2696651.0,0.0
2006-09-30,2007-06-08,g38552_seriesncsr.txt,0000935069-07-001367,N-CSR,SEC-RYDEX-NDX,,Marvell Technology Group Ltd.*+,Marvell Technology Group Ltd.*+,,,159770.0,2685734.0,0.0
2006-09-30,2007-06-08,g38552_seriesncsr.txt,0000935069-07-001367,N-CSR,SEC-RYDEX-NDX,,"Monster Worldwide, Inc","Monster Worldwide, Inc",,,56146.0,2659636.0,0.0
2006-09-30,2007-06-08,g38552_seriesncsr.txt,0000935069-07-001367,N-CSR,SEC-RYDEX-NDX,,"Sun Microsystems, Inc.*+","Sun Microsystems, Inc.*+",,,436430.0,2622944.0,0.0
2006-09-30,2007-06-08,g38552_seriesncsr.txt,0000935069-07-001367,N-CSR,SEC-RYDEX-NDX,,Flextronics International Ltd,Flextronics International Ltd,,,232620.0,2544863.0,0.0
2006-09-30,2007-06-08,g38552_seriesncsr.txt,0000935069-07-001367,N-CSR,SEC-RYDEX-NDX,,"Yahoo!, Inc.*+","Yahoo!, Inc.*+",,,78740.0,2463775.0,0.0
2006-09-30,2007-06-08,g38552_seriesncsr.txt,0000935069-07-001367,N-CSR,SEC-RYDEX-NDX,,"Electronic Arts, Inc","Electronic Arts, Inc",,,48921.0,2463661.0,0.0
2006-09-30,2007-06-08,g38552_seriesncsr.txt,0000935069-07-001367,N-CSR,SEC-RYDEX-NDX,,"Autodesk, Inc","Autodesk, Inc",,,64170.0,2412792.0,0.0
2006-09-30,2007-06-08,g38552_seriesncsr.txt,0000935069-07-001367,N-CSR,SEC-RYDEX-NDX,,"Maxim Integrated Products, Inc","Maxim Integrated Products, Inc",,,76320.0,2243808.0,0.0
2006-09-30,2007-06-08,g38552_seriesncsr.txt,0000935069-07-001367,N-CSR,SEC-RYDEX-NDX,,Fastenal Co.+,Fastenal Co.+,,,61557.0,2157573.0,0.0
2006-09-30,2007-06-08,g38552_seriesncsr.txt,0000935069-07-001367,N-CSR,SEC-RYDEX-NDX,,"Patterson Cos., Inc.*+","Patterson Cos., Inc.*+",,,60068.0,2131813.0,0.0
2006-09-30,2007-06-08,g38552_seriesncsr.txt,0000935069-07-001367,N-CSR,SEC-RYDEX-NDX,,Ryanair Holdings PLC -- SP ADR*+,Ryanair Holdings PLC -- SP ADR*+,,,46570.0,2085870.0,0.0
2006-09-30,2007-06-08,g38552_seriesncsr.txt,0000935069-07-001367,N-CSR,SEC-RYDEX-NDX,,"Joy Global, Inc.+","Joy Global, Inc.+",,,48512.0,2081165.0,0.0
2006-09-30,2007-06-08,g38552_seriesncsr.txt,0000935069-07-001367,N-CSR,SEC-RYDEX-NDX,,Infosys Technologies Ltd. -- SP ADR,Infosys Technologies Ltd. -- SP ADR,,,41360.0,2078340.0,0.0
2006-09-30,2007-06-08,g38552_seriesncsr.txt,0000935069-07-001367,N-CSR,SEC-RYDEX-NDX,,"Tellabs, Inc.*+","Tellabs, Inc.*+",,,202240.0,2002176.0,0.0
2006-09-30,2007-06-08,g38552_seriesncsr.txt,0000935069-07-001367,N-CSR,SEC-RYDEX-NDX,,"Sepracor, Inc.*+","Sepracor, Inc.*+",,,42330.0,1973848.0,0.0
2006-09-30,2007-06-08,g38552_seriesncsr.txt,0000935069-07-001367,N-CSR,SEC-RYDEX-NDX,,Sigma-Aldrich Corp,Sigma-Aldrich Corp,,,45980.0,1909090.0,0.0
2006-09-30,2007-06-08,g38552_seriesncsr.txt,0000935069-07-001367,N-CSR,SEC-RYDEX-NDX,,"Intuitive Surgical, Inc.*+","Intuitive Surgical, Inc.*+",,,15236.0,1852240.0,0.0
2006-09-30,2007-06-08,g38552_seriesncsr.txt,0000935069-07-001367,N-CSR,SEC-RYDEX-NDX,,Logitech International SA*+,Logitech International SA*+,,,63071.0,1755266.0,0.0
2006-09-30,2007-06-08,g38552_seriesncsr.txt,0000935069-07-001367,N-CSR,SEC-RYDEX-NDX,,Telefonaktiebolaget LM Ericsson -- SP ADR,Telefonaktiebolaget LM Ericsson -- SP ADR,,,45150.0,1674613.0,0.0
2006-09-30,2007-06-08,g38552_seriesncsr.txt,0000935069-07-001367,N-CSR,SEC-RYDEX-NDX,,UAL Corp.*+,UAL Corp.*+,,,43610.0,1664594.0,0.0
2006-09-30,2007-06-08,g38552_seriesncsr.txt,0000935069-07-001367,N-CSR,SEC-RYDEX-NDX,,"DENTSPLY International, Inc","DENTSPLY International, Inc",,,50240.0,1645360.0,0.0
2006-09-30,2007-06-08,g38552_seriesncsr.txt,0000935069-07-001367,N-CSR,SEC-RYDEX-NDX,,"Patterson-UTI Energy, Inc.+","Patterson-UTI Energy, Inc.+",,,67396.0,1512366.0,0.0
2006-09-30,2007-06-08,g38552_seriesncsr.txt,0000935069-07-001367,N-CSR,SEC-RYDEX-NDX,,CheckFree Corp,CheckFree Corp,,,39850.0,1478036.0,0.0
2006-09-30,2007-06-08,g38552_seriesncsr.txt,0000935069-07-001367,N-CSR,SEC-RYDEX-NDX,,"Amazon.com, Inc.*+","Amazon.com, Inc.*+",,,31520.0,1254181.0,0.0
2006-09-30,2007-06-08,g38552_seriesncsr.txt,0000935069-07-001367,N-CSR,SEC-RYDEX-NDX,,"Vertex Pharmaceuticals, Inc","Vertex Pharmaceuticals, Inc",,,44290.0,1241892.0,0.0
2006-09-30,2007-06-08,g38552_seriesncsr.txt,0000935069-07-001367,N-CSR,SEC-RYDEX-NDX,,"Amylin Pharmaceuticals, Inc.*+","Amylin Pharmaceuticals, Inc.*+",,,31610.0,1180950.0,0.0
2006-09-30,2007-06-08,g38552_seriesncsr.txt,0000935069-07-001367,N-CSR,SEC-RYDEX-NDX,,due 04/02/07++,due 04/02/07++,,,1135963.0,1135963.0,0.0
2006-09-30,2007-06-08,g38552_seriesncsr.txt,0000935069-07-001367,N-CSR,SEC-RYDEX-NDX,,"Virgin Media, Inc.+","Virgin Media, Inc.+",,,43870.0,1107717.0,0.0
2006-09-30,2007-06-08,g38552_seriesncsr.txt,0000935069-07-001367,N-CSR,SEC-RYDEX-NDX,,"XM Satellite Radio Holdings, Inc.*+","XM Satellite Radio Holdings, Inc.*+",,,64400.0,832048.0,0.0
2006-09-30,2007-06-08,g38552_seriesncsr.txt,0000935069-07-001367,N-CSR,SEC-RYDEX-NDX,,"Activision, Inc.*+","Activision, Inc.*+",,,37330.0,707030.0,0.0
2006-09-30,2007-06-08,g38552_seriesncsr.txt,0000935069-07-001367,N-CSR,SEC-RYDEX-NDX,,due 04/02/07++,due 04/02/07++,,,310701.0,310701.0,0.0
2006-09-30,2007-06-08,g38552_seriesncsr.txt,0000935069-07-001367,N-CSR,SEC-RYDEX-NDX,,"of Contracts $11,625,250)","of Contracts $11,625,250)",,,325.0,23564.0,0.0
2006-09-30,2007-06-08,g38552_seriesncsr.txt,0000935069-07-001367,N-CSR,SEC-RYDEX-NDX,,+ ALL OR A PORTION OF THIS SECURITY IS ON LOAN AT MARCH,+ ALL OR A PORTION OF THIS SECURITY IS ON LOAN AT MARCH,,,31.0,2007.0,0.0
2006-09-30,2007-06-08,g38552_seriesncsr.txt,0000935069-07-001367,N-CSR,SEC-RYDEX-NDX,,++ ALL OR A PORTION OF THIS SECURITY IS PLEDGED AS EQUITY INDEX SWAP COLLATERAL AT MARCH,++ ALL OR A PORTION OF THIS SECURITY IS PLEDGED AS EQUITY INDEX SWAP COLLATERAL AT MARCH,,,31.0,2007.0,0.0
2006-11-30,2007-02-08,a06-26030_1ncsr.htm,0001104659-07-008447,N-CSR,SEC-MORGAN-NDX,,"Apple Computer, Inc","Apple Computer, Inc",,,32918.0,3017922.0,0.0
2006-11-30,2007-02-08,a06-26030_1ncsr.htm,0001104659-07-008447,N-CSR,SEC-MORGAN-NDX,,Microsoft Corp,Microsoft Corp,,,94937.0,2784502.0,0.0
2006-11-30,2007-02-08,a06-26030_1ncsr.htm,0001104659-07-008447,N-CSR,SEC-MORGAN-NDX,,"QUALCOMM, Inc","QUALCOMM, Inc",,,55123.0,2016951.0,0.0
2006-11-30,2007-02-08,a06-26030_1ncsr.htm,0001104659-07-008447,N-CSR,SEC-MORGAN-NDX,,"Google, Inc. (Class A)","Google, Inc. (Class A)",,,3690.0,1789355.0,0.0
2006-11-30,2007-02-08,a06-26030_1ncsr.htm,0001104659-07-008447,N-CSR,SEC-MORGAN-NDX,,"Cisco Systems, Inc","Cisco Systems, Inc",,,60343.0,1622020.0,0.0
2006-11-30,2007-02-08,a06-26030_1ncsr.htm,0001104659-07-008447,N-CSR,SEC-MORGAN-NDX,,"Joint repurchase agreement account 5.295% due 12/01/06 (dated 11/30/06; proceeds $1,555,229) (a) (Cost $1,555,000)","Joint repurchase agreement account 5.295% due 12/01/06 (dated 11/30/06; proceeds $1,555,229) (a) (Cost $1,555,000)",,,1555.0,1555000.0,0.0
2006-11-30,2007-02-08,a06-26030_1ncsr.htm,0001104659-07-008447,N-CSR,SEC-MORGAN-NDX,,Intel Corp,Intel Corp,,,55883.0,1193102.0,0.0
2006-11-30,2007-02-08,a06-26030_1ncsr.htm,0001104659-07-008447,N-CSR,SEC-MORGAN-NDX,,Oracle Corp,Oracle Corp,,,60497.0,1151258.0,0.0
2006-11-30,2007-02-08,a06-26030_1ncsr.htm,0001104659-07-008447,N-CSR,SEC-MORGAN-NDX,,Amgen Inc,Amgen Inc,,,15096.0,1071816.0,0.0
2006-11-30,2007-02-08,a06-26030_1ncsr.htm,0001104659-07-008447,N-CSR,SEC-MORGAN-NDX,,Comcast Corp. (Class A),Comcast Corp. (Class A),,,26466.0,1070814.0,0.0
2006-11-30,2007-02-08,a06-26030_1ncsr.htm,0001104659-07-008447,N-CSR,SEC-MORGAN-NDX,,Starbucks Corp,Starbucks Corp,,,29086.0,1026445.0,0.0
2006-11-30,2007-02-08,a06-26030_1ncsr.htm,0001104659-07-008447,N-CSR,SEC-MORGAN-NDX,,eBay Inc,eBay Inc,,,29207.0,944846.0,0.0
2006-11-30,2007-02-08,a06-26030_1ncsr.htm,0001104659-07-008447,N-CSR,SEC-MORGAN-NDX,,"Gilead Sciences, Inc","Gilead Sciences, Inc",,,12448.0,820572.0,0.0
2006-11-30,2007-02-08,a06-26030_1ncsr.htm,0001104659-07-008447,N-CSR,SEC-MORGAN-NDX,,Sears Holdings Corp,Sears Holdings Corp,,,4457.0,764019.0,0.0
2006-11-30,2007-02-08,a06-26030_1ncsr.htm,0001104659-07-008447,N-CSR,SEC-MORGAN-NDX,,Research In Motion Ltd. (Canada),Research In Motion Ltd. (Canada),,,5163.0,716779.0,0.0
2006-11-30,2007-02-08,a06-26030_1ncsr.htm,0001104659-07-008447,N-CSR,SEC-MORGAN-NDX,,"Adobe Systems, Inc","Adobe Systems, Inc",,,15705.0,630242.0,0.0
2006-11-30,2007-02-08,a06-26030_1ncsr.htm,0001104659-07-008447,N-CSR,SEC-MORGAN-NDX,,Dell Inc,Dell Inc,,,23122.0,629843.0,0.0
2006-11-30,2007-02-08,a06-26030_1ncsr.htm,0001104659-07-008447,N-CSR,SEC-MORGAN-NDX,,Symantec Corp,Symantec Corp,,,28619.0,606723.0,0.0
2006-11-30,2007-02-08,a06-26030_1ncsr.htm,0001104659-07-008447,N-CSR,SEC-MORGAN-NDX,,Genzyme Corp,Genzyme Corp,,,9066.0,583850.0,0.0
2006-11-30,2007-02-08,a06-26030_1ncsr.htm,0001104659-07-008447,N-CSR,SEC-MORGAN-NDX,,Teva Pharmaceutical Industries Ltd. (ADR) (Israel),Teva Pharmaceutical Industries Ltd. (ADR) (Israel),,,17042.0,546367.0,0.0
2006-11-30,2007-02-08,a06-26030_1ncsr.htm,0001104659-07-008447,N-CSR,SEC-MORGAN-NDX,,Biogen Idec Inc,Biogen Idec Inc,,,10334.0,540055.0,0.0
2006-11-30,2007-02-08,a06-26030_1ncsr.htm,0001104659-07-008447,N-CSR,SEC-MORGAN-NDX,,Celgene Corp,Celgene Corp,,,9622.0,536234.0,0.0
2006-11-30,2007-02-08,a06-26030_1ncsr.htm,0001104659-07-008447,N-CSR,SEC-MORGAN-NDX,,"PACCAR, Inc","PACCAR, Inc",,,7732.0,504900.0,0.0
2006-11-30,2007-02-08,a06-26030_1ncsr.htm,0001104659-07-008447,N-CSR,SEC-MORGAN-NDX,,"Yahoo!, Inc","Yahoo!, Inc",,,18370.0,495806.0,0.0
2006-11-30,2007-02-08,a06-26030_1ncsr.htm,0001104659-07-008447,N-CSR,SEC-MORGAN-NDX,,Electronic Arts Inc,Electronic Arts Inc,,,8554.0,477741.0,0.0
2006-11-30,2007-02-08,a06-26030_1ncsr.htm,0001104659-07-008447,N-CSR,SEC-MORGAN-NDX,,"Network Appliance, Inc","Network Appliance, Inc",,,10751.0,421547.0,0.0
2006-11-30,2007-02-08,a06-26030_1ncsr.htm,0001104659-07-008447,N-CSR,SEC-MORGAN-NDX,,Bed Bath & Beyond Inc,Bed Bath & Beyond Inc,,,10501.0,406914.0,0.0
2006-11-30,2007-02-08,a06-26030_1ncsr.htm,0001104659-07-008447,N-CSR,SEC-MORGAN-NDX,,"Paychex, Inc","Paychex, Inc",,,9987.0,393588.0,0.0
2006-11-30,2007-02-08,a06-26030_1ncsr.htm,0001104659-07-008447,N-CSR,SEC-MORGAN-NDX,,"Maxim Integrated Products, Inc","Maxim Integrated Products, Inc",,,12433.0,391391.0,0.0
2006-11-30,2007-02-08,a06-26030_1ncsr.htm,0001104659-07-008447,N-CSR,SEC-MORGAN-NDX,,Liberty Media Corp - Interactive (Class A),Liberty Media Corp - Interactive (Class A),,,17151.0,390357.0,0.0
2006-11-30,2007-02-08,a06-26030_1ncsr.htm,0001104659-07-008447,N-CSR,SEC-MORGAN-NDX,,Broadcom Corp. (Class A),Broadcom Corp. (Class A),,,11834.0,388510.0,0.0
2006-11-30,2007-02-08,a06-26030_1ncsr.htm,0001104659-07-008447,N-CSR,SEC-MORGAN-NDX,,Intuit Inc,Intuit Inc,,,11980.0,377130.0,0.0
2006-11-30,2007-02-08,a06-26030_1ncsr.htm,0001104659-07-008447,N-CSR,SEC-MORGAN-NDX,,Linear Technology Corp,Linear Technology Corp,,,11228.0,360868.0,0.0
2006-11-30,2007-02-08,a06-26030_1ncsr.htm,0001104659-07-008447,N-CSR,SEC-MORGAN-NDX,,"Applied Materials, Inc","Applied Materials, Inc",,,19826.0,356471.0,0.0
2006-11-30,2007-02-08,a06-26030_1ncsr.htm,0001104659-07-008447,N-CSR,SEC-MORGAN-NDX,,Costco Wholesale Corp,Costco Wholesale Corp,,,6820.0,356413.0,0.0
2006-11-30,2007-02-08,a06-26030_1ncsr.htm,0001104659-07-008447,N-CSR,SEC-MORGAN-NDX,,NVIDIA Corp,NVIDIA Corp,,,9578.0,354290.0,0.0
2006-11-30,2007-02-08,a06-26030_1ncsr.htm,0001104659-07-008447,N-CSR,SEC-MORGAN-NDX,,"Biomet, Inc","Biomet, Inc",,,9121.0,344865.0,0.0
2006-11-30,2007-02-08,a06-26030_1ncsr.htm,0001104659-07-008447,N-CSR,SEC-MORGAN-NDX,,KLA-Tencor Corp,KLA-Tencor Corp,,,6666.0,344432.0,0.0
2006-11-30,2007-02-08,a06-26030_1ncsr.htm,0001104659-07-008447,N-CSR,SEC-MORGAN-NDX,,"Staples, Inc","Staples, Inc",,,13502.0,343896.0,0.0
2006-11-30,2007-02-08,a06-26030_1ncsr.htm,0001104659-07-008447,N-CSR,SEC-MORGAN-NDX,,"Xilinx, Inc","Xilinx, Inc",,,12475.0,334330.0,0.0
2006-11-30,2007-02-08,a06-26030_1ncsr.htm,0001104659-07-008447,N-CSR,SEC-MORGAN-NDX,,"Marvell Technology Group, Ltd. (Bermuda)","Marvell Technology Group, Ltd. (Bermuda)",,,15451.0,318909.0,0.0
2006-11-30,2007-02-08,a06-26030_1ncsr.htm,0001104659-07-008447,N-CSR,SEC-MORGAN-NDX,,IAC/InterActiveCorp,IAC/InterActiveCorp,,,8614.0,314325.0,0.0
2006-11-30,2007-02-08,a06-26030_1ncsr.htm,0001104659-07-008447,N-CSR,SEC-MORGAN-NDX,,"Amazon.com, Inc","Amazon.com, Inc",,,7696.0,310457.0,0.0
2006-11-30,2007-02-08,a06-26030_1ncsr.htm,0001104659-07-008447,N-CSR,SEC-MORGAN-NDX,,Cognizant Technology Solutions Corp. (Class A),Cognizant Technology Solutions Corp. (Class A),,,3799.0,309846.0,0.0
2006-11-30,2007-02-08,a06-26030_1ncsr.htm,0001104659-07-008447,N-CSR,SEC-MORGAN-NDX,,"Fiserv, Inc","Fiserv, Inc",,,6030.0,308193.0,0.0
2006-11-30,2007-02-08,a06-26030_1ncsr.htm,0001104659-07-008447,N-CSR,SEC-MORGAN-NDX,,Garmin Ltd. (Cayman Islands),Garmin Ltd. (Cayman Islands),,,5567.0,283305.0,0.0
2006-11-30,2007-02-08,a06-26030_1ncsr.htm,0001104659-07-008447,N-CSR,SEC-MORGAN-NDX,,Altera Corp,Altera Corp,,,13973.0,277923.0,0.0
2006-11-30,2007-02-08,a06-26030_1ncsr.htm,0001104659-07-008447,N-CSR,SEC-MORGAN-NDX,,"Autodesk, Inc","Autodesk, Inc",,,6631.0,273065.0,0.0
2006-11-30,2007-02-08,a06-26030_1ncsr.htm,0001104659-07-008447,N-CSR,SEC-MORGAN-NDX,,"NII Holdings, Inc","NII Holdings, Inc",,,4154.0,269719.0,0.0
2006-11-30,2007-02-08,a06-26030_1ncsr.htm,0001104659-07-008447,N-CSR,SEC-MORGAN-NDX,,"Wynn Resorts, Ltd","Wynn Resorts, Ltd",,,3043.0,267328.0,0.0
2006-11-30,2007-02-08,a06-26030_1ncsr.htm,0001104659-07-008447,N-CSR,SEC-MORGAN-NDX,,"Expeditors International of Washington, Inc","Expeditors International of Washington, Inc",,,5794.0,262121.0,0.0
2006-11-30,2007-02-08,a06-26030_1ncsr.htm,0001104659-07-008447,N-CSR,SEC-MORGAN-NDX,,NTL Inc,NTL Inc,,,9809.0,236299.0,0.0
2006-11-30,2007-02-08,a06-26030_1ncsr.htm,0001104659-07-008447,N-CSR,SEC-MORGAN-NDX,,"Express Scripts, Inc","Express Scripts, Inc",,,3401.0,231948.0,0.0
2006-11-30,2007-02-08,a06-26030_1ncsr.htm,0001104659-07-008447,N-CSR,SEC-MORGAN-NDX,,"MedImmune, Inc","MedImmune, Inc",,,7089.0,231739.0,0.0
2006-11-30,2007-02-08,a06-26030_1ncsr.htm,0001104659-07-008447,N-CSR,SEC-MORGAN-NDX,,"Sun Microsystems, Inc","Sun Microsystems, Inc",,,42186.0,228648.0,0.0
2006-11-30,2007-02-08,a06-26030_1ncsr.htm,0001104659-07-008447,N-CSR,SEC-MORGAN-NDX,,Cintas Corp,Cintas Corp,,,5334.0,225095.0,0.0
2006-11-30,2007-02-08,a06-26030_1ncsr.htm,0001104659-07-008447,N-CSR,SEC-MORGAN-NDX,,SanDisk Corp,SanDisk Corp,,,4989.0,221512.0,0.0
2006-11-30,2007-02-08,a06-26030_1ncsr.htm,0001104659-07-008447,N-CSR,SEC-MORGAN-NDX,,"Juniper Networks, Inc","Juniper Networks, Inc",,,10287.0,219010.0,0.0
2006-11-30,2007-02-08,a06-26030_1ncsr.htm,0001104659-07-008447,N-CSR,SEC-MORGAN-NDX,,Lam Research Corp,Lam Research Corp,,,4053.0,213188.0,0.0
2006-11-30,2007-02-08,a06-26030_1ncsr.htm,0001104659-07-008447,N-CSR,SEC-MORGAN-NDX,,EchoStar Communications Corp. (Class A),EchoStar Communications Corp. (Class A),,,5894.0,212243.0,0.0
2006-11-30,2007-02-08,a06-26030_1ncsr.htm,0001104659-07-008447,N-CSR,SEC-MORGAN-NDX,,"C.H. Robinson Worldwide, Inc","C.H. Robinson Worldwide, Inc",,,4635.0,203940.0,0.0
2006-11-30,2007-02-08,a06-26030_1ncsr.htm,0001104659-07-008447,N-CSR,SEC-MORGAN-NDX,,"Akamai Technologies, Inc","Akamai Technologies, Inc",,,4126.0,201638.0,0.0
2006-11-30,2007-02-08,a06-26030_1ncsr.htm,0001104659-07-008447,N-CSR,SEC-MORGAN-NDX,,Flextronics International Ltd. (Singapore),Flextronics International Ltd. (Singapore),,,17373.0,195446.0,0.0
2006-11-30,2007-02-08,a06-26030_1ncsr.htm,0001104659-07-008447,N-CSR,SEC-MORGAN-NDX,,"Apollo Group, Inc. (Class A)","Apollo Group, Inc. (Class A)",,,4838.0,187666.0,0.0
2006-11-30,2007-02-08,a06-26030_1ncsr.htm,0001104659-07-008447,N-CSR,SEC-MORGAN-NDX,,"Whole Foods Market, Inc","Whole Foods Market, Inc",,,3831.0,186953.0,0.0
2006-11-30,2007-02-08,a06-26030_1ncsr.htm,0001104659-07-008447,N-CSR,SEC-MORGAN-NDX,,Sirius Satellite Radio Inc,Sirius Satellite Radio Inc,,,42097.0,179333.0,0.0
2006-11-30,2007-02-08,a06-26030_1ncsr.htm,0001104659-07-008447,N-CSR,SEC-MORGAN-NDX,,"Citrix Systems, Inc","Citrix Systems, Inc",,,6042.0,173647.0,0.0
2006-11-30,2007-02-08,a06-26030_1ncsr.htm,0001104659-07-008447,N-CSR,SEC-MORGAN-NDX,,Microchip Technology Inc,Microchip Technology Inc,,,4944.0,168640.0,0.0
2006-11-30,2007-02-08,a06-26030_1ncsr.htm,0001104659-07-008447,N-CSR,SEC-MORGAN-NDX,,"VeriSign, Inc","VeriSign, Inc",,,6336.0,165433.0,0.0
2006-11-30,2007-02-08,a06-26030_1ncsr.htm,0001104659-07-008447,N-CSR,SEC-MORGAN-NDX,,"Expedia, Inc","Expedia, Inc",,,9100.0,165347.0,0.0
2006-11-30,2007-02-08,a06-26030_1ncsr.htm,0001104659-07-008447,N-CSR,SEC-MORGAN-NDX,,"Sepracor, Inc","Sepracor, Inc",,,2936.0,163858.0,0.0
2006-11-30,2007-02-08,a06-26030_1ncsr.htm,0001104659-07-008447,N-CSR,SEC-MORGAN-NDX,,American Power Conversion Corp,American Power Conversion Corp,,,5297.0,160764.0,0.0
2006-11-30,2007-02-08,a06-26030_1ncsr.htm,0001104659-07-008447,N-CSR,SEC-MORGAN-NDX,,"Monster Worldwide, Inc","Monster Worldwide, Inc",,,3630.0,158450.0,0.0
2006-11-30,2007-02-08,a06-26030_1ncsr.htm,0001104659-07-008447,N-CSR,SEC-MORGAN-NDX,,CDW Corp,CDW Corp,,,2242.0,158061.0,0.0
2006-11-30,2007-02-08,a06-26030_1ncsr.htm,0001104659-07-008447,N-CSR,SEC-MORGAN-NDX,,Liberty Global Inc. (Class A),Liberty Global Inc. (Class A),,,5734.0,154646.0,0.0
2006-11-30,2007-02-08,a06-26030_1ncsr.htm,0001104659-07-008447,N-CSR,SEC-MORGAN-NDX,,Millicom International Cellular S.A. (Luxembourg),Millicom International Cellular S.A. (Luxembourg),,,2689.0,153972.0,0.0
2006-11-30,2007-02-08,a06-26030_1ncsr.htm,0001104659-07-008447,N-CSR,SEC-MORGAN-NDX,,"Cadence Design Systems, Inc","Cadence Design Systems, Inc",,,8133.0,149484.0,0.0
2006-11-30,2007-02-08,a06-26030_1ncsr.htm,0001104659-07-008447,N-CSR,SEC-MORGAN-NDX,,Check Point Software Technologies Ltd. (Israel),Check Point Software Technologies Ltd. (Israel),,,6518.0,149262.0,0.0
2006-11-30,2007-02-08,a06-26030_1ncsr.htm,0001104659-07-008447,N-CSR,SEC-MORGAN-NDX,,Fastenal Co,Fastenal Co,,,3992.0,143672.0,0.0
2006-11-30,2007-02-08,a06-26030_1ncsr.htm,0001104659-07-008447,N-CSR,SEC-MORGAN-NDX,,Joy Global Inc,Joy Global Inc,,,3225.0,141578.0,0.0
2006-11-30,2007-02-08,a06-26030_1ncsr.htm,0001104659-07-008447,N-CSR,SEC-MORGAN-NDX,,"BEA Systems, Inc","BEA Systems, Inc",,,10055.0,138457.0,0.0
2006-11-30,2007-02-08,a06-26030_1ncsr.htm,0001104659-07-008447,N-CSR,SEC-MORGAN-NDX,,Lamar Advertising Co. (Class A),Lamar Advertising Co. (Class A),,,2291.0,138262.0,0.0
2006-11-30,2007-02-08,a06-26030_1ncsr.htm,0001104659-07-008447,N-CSR,SEC-MORGAN-NDX,,"Patterson Companies, Inc","Patterson Companies, Inc",,,3686.0,136787.0,0.0
2006-11-30,2007-02-08,a06-26030_1ncsr.htm,0001104659-07-008447,N-CSR,SEC-MORGAN-NDX,,Sigma-Aldrich Corp,Sigma-Aldrich Corp,,,1764.0,134258.0,0.0
2006-11-30,2007-02-08,a06-26030_1ncsr.htm,0001104659-07-008447,N-CSR,SEC-MORGAN-NDX,,"Amylin Pharmaceuticals, Inc","Amylin Pharmaceuticals, Inc",,,3307.0,132280.0,0.0
2006-11-30,2007-02-08,a06-26030_1ncsr.htm,0001104659-07-008447,N-CSR,SEC-MORGAN-NDX,,"DENTSPLY International, Inc","DENTSPLY International, Inc",,,4086.0,130466.0,0.0
2006-11-30,2007-02-08,a06-26030_1ncsr.htm,0001104659-07-008447,N-CSR,SEC-MORGAN-NDX,,"Patterson-UTI Energy, Inc","Patterson-UTI Energy, Inc",,,4640.0,128574.0,0.0
2006-11-30,2007-02-08,a06-26030_1ncsr.htm,0001104659-07-008447,N-CSR,SEC-MORGAN-NDX,,JDS Uniphase Corp,JDS Uniphase Corp,,,6699.0,123798.0,0.0
2006-11-30,2007-02-08,a06-26030_1ncsr.htm,0001104659-07-008447,N-CSR,SEC-MORGAN-NDX,,"Ross Stores, Inc","Ross Stores, Inc",,,3893.0,120644.0,0.0
2006-11-30,2007-02-08,a06-26030_1ncsr.htm,0001104659-07-008447,N-CSR,SEC-MORGAN-NDX,,"Activision, Inc","Activision, Inc",,,6927.0,118105.0,0.0
2006-11-30,2007-02-08,a06-26030_1ncsr.htm,0001104659-07-008447,N-CSR,SEC-MORGAN-NDX,,"PETsMART, Inc","PETsMART, Inc",,,3840.0,113587.0,0.0
2006-11-30,2007-02-08,a06-26030_1ncsr.htm,0001104659-07-008447,N-CSR,SEC-MORGAN-NDX,,"Comverse Technology, Inc","Comverse Technology, Inc",,,5802.0,113255.0,0.0
2006-11-30,2007-02-08,a06-26030_1ncsr.htm,0001104659-07-008447,N-CSR,SEC-MORGAN-NDX,,Telefonaktiebolaget LM Ericsson (ADR) (Sweden),Telefonaktiebolaget LM Ericsson (ADR) (Sweden),,,2888.0,112257.0,0.0
2006-11-30,2007-02-08,a06-26030_1ncsr.htm,0001104659-07-008447,N-CSR,SEC-MORGAN-NDX,,XM Satellite Radio Holdings Inc. (Class A),XM Satellite Radio Holdings Inc. (Class A),,,7652.0,110495.0,0.0
2006-11-30,2007-02-08,a06-26030_1ncsr.htm,0001104659-07-008447,N-CSR,SEC-MORGAN-NDX,,"Urban Outfitters, Inc","Urban Outfitters, Inc",,,4793.0,106788.0,0.0
2006-11-30,2007-02-08,a06-26030_1ncsr.htm,0001104659-07-008447,N-CSR,SEC-MORGAN-NDX,,"Intuitive Surgical, Inc","Intuitive Surgical, Inc",,,1017.0,103348.0,0.0
2006-11-30,2007-02-08,a06-26030_1ncsr.htm,0001104659-07-008447,N-CSR,SEC-MORGAN-NDX,,Discovery Holding Company (Class A),Discovery Holding Company (Class A),,,6586.0,101029.0,0.0
2006-11-30,2007-02-08,a06-26030_1ncsr.htm,0001104659-07-008447,N-CSR,SEC-MORGAN-NDX,,CheckFree Corp,CheckFree Corp,,,2411.0,100804.0,0.0
2006-11-30,2007-02-08,a06-26030_1ncsr.htm,0001104659-07-008447,N-CSR,SEC-MORGAN-NDX,,Long Nasdaq-100 Index December 2006,Long Nasdaq-100 Index December 2006,,,5.0,100250.0,0.0
2006-11-30,2007-02-08,a06-26030_1ncsr.htm,0001104659-07-008447,N-CSR,SEC-MORGAN-NDX,,"Lincare Holdings, Inc","Lincare Holdings, Inc",,,2499.0,94137.0,0.0
2006-11-30,2007-02-08,a06-26030_1ncsr.htm,0001104659-07-008447,N-CSR,SEC-MORGAN-NDX,,"Red Hat, Inc","Red Hat, Inc",,,5187.0,90254.0,0.0
2006-11-30,2007-02-08,a06-26030_1ncsr.htm,0001104659-07-008447,N-CSR,SEC-MORGAN-NDX,,"Tellabs, Inc","Tellabs, Inc",,,7060.0,70882.0,0.0
2006-11-30,2007-02-08,a06-26030_1ncsr.htm,0001104659-07-008447,N-CSR,SEC-MORGAN-NDX,,Long Nasdaq-100 E-Mini December 2006,Long Nasdaq-100 E-Mini December 2006,,,18.0,19499.0,0.0
2006-12-31,2007-02-14,g38299_seriesnq.txt,0000935069-07-000275,N-Q,SEC-RYDEX-NDX,,Investment in Securities Lending Short Term Investment Portfolio Held by U.S. Bancorp,Investment in Securities Lending Short Term Investment Portfolio Held by U.S. Bancorp,,,219061233.0,219061233.0,0.0
2006-12-31,2007-02-14,g38299_seriesnq.txt,0000935069-07-000275,N-Q,SEC-RYDEX-NDX,,"Apple Computer, Inc.*+","Apple Computer, Inc.*+",,,537762.0,45623728.0,0.0
2006-12-31,2007-02-14,g38299_seriesnq.txt,0000935069-07-000275,N-Q,SEC-RYDEX-NDX,,Microsoft Corp.+,Microsoft Corp.+,,,1499002.0,44760200.0,0.0
2006-12-31,2007-02-14,g38299_seriesnq.txt,0000935069-07-000275,N-Q,SEC-RYDEX-NDX,,"Qualcomm, Inc","Qualcomm, Inc",,,914423.0,34556045.0,0.0
2006-12-31,2007-02-14,g38299_seriesnq.txt,0000935069-07-000275,N-Q,SEC-RYDEX-NDX,,"Cisco Systems, Inc","Cisco Systems, Inc",,,1103742.0,30165269.0,0.0
2006-12-31,2007-02-14,g38299_seriesnq.txt,0000935069-07-000275,N-Q,SEC-RYDEX-NDX,,"Google, Inc. -- Class A*+","Google, Inc. -- Class A*+",,,58680.0,27020966.0,0.0
2006-12-31,2007-02-14,g38299_seriesnq.txt,0000935069-07-000275,N-Q,SEC-RYDEX-NDX,,"Amgen, Inc.*+","Amgen, Inc.*+",,,332822.0,22735071.0,0.0
2006-12-31,2007-02-14,g38299_seriesnq.txt,0000935069-07-000275,N-Q,SEC-RYDEX-NDX,,Comcast Corp. -- Class A*+,Comcast Corp. -- Class A*+,,,470483.0,19915545.0,0.0
2006-12-31,2007-02-14,g38299_seriesnq.txt,0000935069-07-000275,N-Q,SEC-RYDEX-NDX,,Oracle Corp,Oracle Corp,,,1045067.0,17912448.0,0.0
2006-12-31,2007-02-14,g38299_seriesnq.txt,0000935069-07-000275,N-Q,SEC-RYDEX-NDX,,"Gilead Sciences, Inc","Gilead Sciences, Inc",,,274156.0,17800949.0,0.0
2006-12-31,2007-02-14,g38299_seriesnq.txt,0000935069-07-000275,N-Q,SEC-RYDEX-NDX,,Intel Corp,Intel Corp,,,868140.0,17579835.0,0.0
2006-12-31,2007-02-14,g38299_seriesnq.txt,0000935069-07-000275,N-Q,SEC-RYDEX-NDX,,Starbucks Corp.*+,Starbucks Corp.*+,,,460290.0,16303472.0,0.0
2006-12-31,2007-02-14,g38299_seriesnq.txt,0000935069-07-000275,N-Q,SEC-RYDEX-NDX,,"eBay, Inc","eBay, Inc",,,459950.0,13830697.0,0.0
2006-12-31,2007-02-14,g38299_seriesnq.txt,0000935069-07-000275,N-Q,SEC-RYDEX-NDX,,"Fiserv, Inc.*+","Fiserv, Inc.*+",,,261182.0,13691161.0,0.0
2006-12-31,2007-02-14,g38299_seriesnq.txt,0000935069-07-000275,N-Q,SEC-RYDEX-NDX,,Sears Holdings Corp.*+,Sears Holdings Corp.*+,,,76320.0,12816418.0,0.0
2006-12-31,2007-02-14,g38299_seriesnq.txt,0000935069-07-000275,N-Q,SEC-RYDEX-NDX,,Lam Research Corp,Lam Research Corp,,,227952.0,11538930.0,0.0
2006-12-31,2007-02-14,g38299_seriesnq.txt,0000935069-07-000275,N-Q,SEC-RYDEX-NDX,,"Research In Motion, Ltd","Research In Motion, Ltd",,,86044.0,10994702.0,0.0
2006-12-31,2007-02-14,g38299_seriesnq.txt,0000935069-07-000275,N-Q,SEC-RYDEX-NDX,,"VeriSign, Inc","VeriSign, Inc",,,429237.0,10323150.0,0.0
2006-12-31,2007-02-14,g38299_seriesnq.txt,0000935069-07-000275,N-Q,SEC-RYDEX-NDX,,Celgene Corp.*+,Celgene Corp.*+,,,178375.0,10261914.0,0.0
2006-12-31,2007-02-14,g38299_seriesnq.txt,0000935069-07-000275,N-Q,SEC-RYDEX-NDX,,"Adobe Systems, Inc","Adobe Systems, Inc",,,233620.0,9606454.0,0.0
2006-12-31,2007-02-14,g38299_seriesnq.txt,0000935069-07-000275,N-Q,SEC-RYDEX-NDX,,Symantec Corp.*+,Symantec Corp.*+,,,453342.0,9452181.0,0.0
2006-12-31,2007-02-14,g38299_seriesnq.txt,0000935069-07-000275,N-Q,SEC-RYDEX-NDX,,"Applied Materials, Inc","Applied Materials, Inc",,,508189.0,9376087.0,0.0
2006-12-31,2007-02-14,g38299_seriesnq.txt,0000935069-07-000275,N-Q,SEC-RYDEX-NDX,,"Dell, Inc.*+","Dell, Inc.*+",,,368900.0,9255701.0,0.0
2006-12-31,2007-02-14,g38299_seriesnq.txt,0000935069-07-000275,N-Q,SEC-RYDEX-NDX,,Teva Pharmaceutical Industries Ltd. -- SP ADR+,Teva Pharmaceutical Industries Ltd. -- SP ADR+,,,286612.0,8907901.0,0.0
2006-12-31,2007-02-14,g38299_seriesnq.txt,0000935069-07-000275,N-Q,SEC-RYDEX-NDX,,Genzyme Corp.*+,Genzyme Corp.*+,,,143670.0,8847198.0,0.0
2006-12-31,2007-02-14,g38299_seriesnq.txt,0000935069-07-000275,N-Q,SEC-RYDEX-NDX,,"Network Appliance, Inc.*+","Network Appliance, Inc.*+",,,213042.0,8368290.0,0.0
2006-12-31,2007-02-14,g38299_seriesnq.txt,0000935069-07-000275,N-Q,SEC-RYDEX-NDX,,"Paccar, Inc.+","Paccar, Inc.+",,,127126.0,8250477.0,0.0
2006-12-31,2007-02-14,g38299_seriesnq.txt,0000935069-07-000275,N-Q,SEC-RYDEX-NDX,,"Intuit, Inc","Intuit, Inc",,,228958.0,6985508.0,0.0
2006-12-31,2007-02-14,g38299_seriesnq.txt,0000935069-07-000275,N-Q,SEC-RYDEX-NDX,,Liberty Media Corp - Interactive,Liberty Media Corp - Interactive,,,316513.0,6827185.0,0.0
2006-12-31,2007-02-14,g38299_seriesnq.txt,0000935069-07-000275,N-Q,SEC-RYDEX-NDX,,"Biomet, Inc","Biomet, Inc",,,158606.0,6545670.0,0.0
2006-12-31,2007-02-14,g38299_seriesnq.txt,0000935069-07-000275,N-Q,SEC-RYDEX-NDX,,"Yahoo!, Inc.*+","Yahoo!, Inc.*+",,,253000.0,6461620.0,0.0
2006-12-31,2007-02-14,g38299_seriesnq.txt,0000935069-07-000275,N-Q,SEC-RYDEX-NDX,,EchoStar Communications Corp,EchoStar Communications Corp,,,162523.0,6180750.0,0.0
2006-12-31,2007-02-14,g38299_seriesnq.txt,0000935069-07-000275,N-Q,SEC-RYDEX-NDX,,Broadcom Corp. -- Class A*+,Broadcom Corp. -- Class A*+,,,190290.0,6148270.0,0.0
2006-12-31,2007-02-14,g38299_seriesnq.txt,0000935069-07-000275,N-Q,SEC-RYDEX-NDX,,"Bed Bath & Beyond, Inc.*+","Bed Bath & Beyond, Inc.*+",,,156380.0,5958078.0,0.0
2006-12-31,2007-02-14,g38299_seriesnq.txt,0000935069-07-000275,N-Q,SEC-RYDEX-NDX,,Nvidia Corp.*+,Nvidia Corp.*+,,,158448.0,5864161.0,0.0
2006-12-31,2007-02-14,g38299_seriesnq.txt,0000935069-07-000275,N-Q,SEC-RYDEX-NDX,,Wynn Resorts Ltd.+,Wynn Resorts Ltd.+,,,62455.0,5861401.0,0.0
2006-12-31,2007-02-14,g38299_seriesnq.txt,0000935069-07-000275,N-Q,SEC-RYDEX-NDX,,"Petsmart, Inc.+","Petsmart, Inc.+",,,196315.0,5665651.0,0.0
2006-12-31,2007-02-14,g38299_seriesnq.txt,0000935069-07-000275,N-Q,SEC-RYDEX-NDX,,Garmin Ltd.+,Garmin Ltd.+,,,99734.0,5551194.0,0.0
2006-12-31,2007-02-14,g38299_seriesnq.txt,0000935069-07-000275,N-Q,SEC-RYDEX-NDX,,Costco Wholesale Corp.+,Costco Wholesale Corp.+,,,104760.0,5538661.0,0.0
2006-12-31,2007-02-14,g38299_seriesnq.txt,0000935069-07-000275,N-Q,SEC-RYDEX-NDX,,Altera Corp,Altera Corp,,,278753.0,5485859.0,0.0
2006-12-31,2007-02-14,g38299_seriesnq.txt,0000935069-07-000275,N-Q,SEC-RYDEX-NDX,,IAC/InterActiveCorp*+,IAC/InterActiveCorp*+,,,147014.0,5463040.0,0.0
2006-12-31,2007-02-14,g38299_seriesnq.txt,0000935069-07-000275,N-Q,SEC-RYDEX-NDX,,Cognizant Technology Solutions Corp. -- Class A*+,Cognizant Technology Solutions Corp. -- Class A*+,,,68276.0,5268176.0,0.0
2006-12-31,2007-02-14,g38299_seriesnq.txt,0000935069-07-000275,N-Q,SEC-RYDEX-NDX,,"Xilinx, Inc.+","Xilinx, Inc.+",,,221006.0,5262153.0,0.0
2006-12-31,2007-02-14,g38299_seriesnq.txt,0000935069-07-000275,N-Q,SEC-RYDEX-NDX,,CDW Corp.+,CDW Corp.+,,,71879.0,5054531.0,0.0
2006-12-31,2007-02-14,g38299_seriesnq.txt,0000935069-07-000275,N-Q,SEC-RYDEX-NDX,,SanDisk Corp.*+,SanDisk Corp.*+,,,110465.0,4753309.0,0.0
2006-12-31,2007-02-14,g38299_seriesnq.txt,0000935069-07-000275,N-Q,SEC-RYDEX-NDX,,"Electronic Arts, Inc","Electronic Arts, Inc",,,94300.0,4748948.0,0.0
2006-12-31,2007-02-14,g38299_seriesnq.txt,0000935069-07-000275,N-Q,SEC-RYDEX-NDX,,"Amazon.com, Inc.*+","Amazon.com, Inc.*+",,,111310.0,4392293.0,0.0
2006-12-31,2007-02-14,g38299_seriesnq.txt,0000935069-07-000275,N-Q,SEC-RYDEX-NDX,,"Akamai Technologies, Inc.*+","Akamai Technologies, Inc.*+",,,81024.0,4303995.0,0.0
2006-12-31,2007-02-14,g38299_seriesnq.txt,0000935069-07-000275,N-Q,SEC-RYDEX-NDX,,"NII Holdings, Inc. -- Class B*+","NII Holdings, Inc. -- Class B*+",,,66250.0,4269150.0,0.0
2006-12-31,2007-02-14,g38299_seriesnq.txt,0000935069-07-000275,N-Q,SEC-RYDEX-NDX,,"Express Scripts, Inc.*+","Express Scripts, Inc.*+",,,57428.0,4111845.0,0.0
2006-12-31,2007-02-14,g38299_seriesnq.txt,0000935069-07-000275,N-Q,SEC-RYDEX-NDX,,"Biogen Idec, Inc.*+","Biogen Idec, Inc.*+",,,81640.0,4015872.0,0.0
2006-12-31,2007-02-14,g38299_seriesnq.txt,0000935069-07-000275,N-Q,SEC-RYDEX-NDX,,"Sirius Satellite Radio, Inc.*+","Sirius Satellite Radio, Inc.*+",,,1121140.0,3968836.0,0.0
2006-12-31,2007-02-14,g38299_seriesnq.txt,0000935069-07-000275,N-Q,SEC-RYDEX-NDX,,"Maxim Integrated Products, Inc","Maxim Integrated Products, Inc",,,128120.0,3923034.0,0.0
2006-12-31,2007-02-14,g38299_seriesnq.txt,0000935069-07-000275,N-Q,SEC-RYDEX-NDX,,"Microchip Technology, Inc.+","Microchip Technology, Inc.+",,,118881.0,3887409.0,0.0
2006-12-31,2007-02-14,g38299_seriesnq.txt,0000935069-07-000275,N-Q,SEC-RYDEX-NDX,,"Expeditors International Washington, Inc.+","Expeditors International Washington, Inc.+",,,95200.0,3855600.0,0.0
2006-12-31,2007-02-14,g38299_seriesnq.txt,0000935069-07-000275,N-Q,SEC-RYDEX-NDX,,"Autodesk, Inc.*+","Autodesk, Inc.*+",,,93410.0,3779369.0,0.0
2006-12-31,2007-02-14,g38299_seriesnq.txt,0000935069-07-000275,N-Q,SEC-RYDEX-NDX,,Marvell Technology Group Ltd.*+,Marvell Technology Group Ltd.*+,,,190060.0,3647251.0,0.0
2006-12-31,2007-02-14,g38299_seriesnq.txt,0000935069-07-000275,N-Q,SEC-RYDEX-NDX,,"Staples, Inc.+","Staples, Inc.+",,,135620.0,3621054.0,0.0
2006-12-31,2007-02-14,g38299_seriesnq.txt,0000935069-07-000275,N-Q,SEC-RYDEX-NDX,,Cintas Corp.+,Cintas Corp.+,,,90213.0,3582358.0,0.0
2006-12-31,2007-02-14,g38299_seriesnq.txt,0000935069-07-000275,N-Q,SEC-RYDEX-NDX,,"Citrix Systems, Inc.*+","Citrix Systems, Inc.*+",,,126241.0,3414819.0,0.0
2006-12-31,2007-02-14,g38299_seriesnq.txt,0000935069-07-000275,N-Q,SEC-RYDEX-NDX,,"BEA Systems, Inc","BEA Systems, Inc",,,267821.0,3369188.0,0.0
2006-12-31,2007-02-14,g38299_seriesnq.txt,0000935069-07-000275,N-Q,SEC-RYDEX-NDX,,"American Eagle Outfitters, Inc","American Eagle Outfitters, Inc",,,107910.0,3367871.0,0.0
2006-12-31,2007-02-14,g38299_seriesnq.txt,0000935069-07-000275,N-Q,SEC-RYDEX-NDX,,Linear Technology Corp.+,Linear Technology Corp.+,,,109590.0,3322769.0,0.0
2006-12-31,2007-02-14,g38299_seriesnq.txt,0000935069-07-000275,N-Q,SEC-RYDEX-NDX,,"CH Robinson Worldwide, Inc.+","CH Robinson Worldwide, Inc.+",,,76586.0,3131602.0,0.0
2006-12-31,2007-02-14,g38299_seriesnq.txt,0000935069-07-000275,N-Q,SEC-RYDEX-NDX,,"Apollo Group, Inc. -- Class A*+","Apollo Group, Inc. -- Class A*+",,,80132.0,3122744.0,0.0
2006-12-31,2007-02-14,g38299_seriesnq.txt,0000935069-07-000275,N-Q,SEC-RYDEX-NDX,,"Whole Foods Market, Inc.+","Whole Foods Market, Inc.+",,,66248.0,3109019.0,0.0
2006-12-31,2007-02-14,g38299_seriesnq.txt,0000935069-07-000275,N-Q,SEC-RYDEX-NDX,,"Paychex, Inc.+","Paychex, Inc.+",,,76182.0,3012236.0,0.0
2006-12-31,2007-02-14,g38299_seriesnq.txt,0000935069-07-000275,N-Q,SEC-RYDEX-NDX,,Lamar Advertising Co. -- Class A*+,Lamar Advertising Co. -- Class A*+,,,45639.0,2984334.0,0.0
2006-12-31,2007-02-14,g38299_seriesnq.txt,0000935069-07-000275,N-Q,SEC-RYDEX-NDX,,"Bear Stearns Cos., Inc. at 4.70% due 01/02/07","Bear Stearns Cos., Inc. at 4.70% due 01/02/07",,,2899787.0,2899787.0,0.0
2006-12-31,2007-02-14,g38299_seriesnq.txt,0000935069-07-000275,N-Q,SEC-RYDEX-NDX,,"Monster Worldwide, Inc.*+","Monster Worldwide, Inc.*+",,,61864.0,2885337.0,0.0
2006-12-31,2007-02-14,g38299_seriesnq.txt,0000935069-07-000275,N-Q,SEC-RYDEX-NDX,,"Sepracor, Inc.*+","Sepracor, Inc.*+",,,46640.0,2872091.0,0.0
2006-12-31,2007-02-14,g38299_seriesnq.txt,0000935069-07-000275,N-Q,SEC-RYDEX-NDX,,American Power Conversion Corp.+,American Power Conversion Corp.+,,,92720.0,2836305.0,0.0
2006-12-31,2007-02-14,g38299_seriesnq.txt,0000935069-07-000275,N-Q,SEC-RYDEX-NDX,,Millicom International Cellular SA*+,Millicom International Cellular SA*+,,,44158.0,2721899.0,0.0
2006-12-31,2007-02-14,g38299_seriesnq.txt,0000935069-07-000275,N-Q,SEC-RYDEX-NDX,,"Expedia, Inc","Expedia, Inc",,,126260.0,2648935.0,0.0
2006-12-31,2007-02-14,g38299_seriesnq.txt,0000935069-07-000275,N-Q,SEC-RYDEX-NDX,,"Joy Global, Inc.+","Joy Global, Inc.+",,,53456.0,2584063.0,0.0
2006-12-31,2007-02-14,g38299_seriesnq.txt,0000935069-07-000275,N-Q,SEC-RYDEX-NDX,,Fastenal Co.+,Fastenal Co.+,,,67847.0,2434350.0,0.0
2006-12-31,2007-02-14,g38299_seriesnq.txt,0000935069-07-000275,N-Q,SEC-RYDEX-NDX,,"NTL, Inc","NTL, Inc",,,95970.0,2422283.0,0.0
2006-12-31,2007-02-14,g38299_seriesnq.txt,0000935069-07-000275,N-Q,SEC-RYDEX-NDX,,"Sun Microsystems, Inc.*+","Sun Microsystems, Inc.*+",,,445130.0,2412605.0,0.0
2006-12-31,2007-02-14,g38299_seriesnq.txt,0000935069-07-000275,N-Q,SEC-RYDEX-NDX,,"Patterson Cos., Inc.*+","Patterson Cos., Inc.*+",,,66151.0,2349022.0,0.0
2006-12-31,2007-02-14,g38299_seriesnq.txt,0000935069-07-000275,N-Q,SEC-RYDEX-NDX,,"Comverse Technology, Inc.*+","Comverse Technology, Inc.*+",,,108187.0,2283828.0,0.0
2006-12-31,2007-02-14,g38299_seriesnq.txt,0000935069-07-000275,N-Q,SEC-RYDEX-NDX,,"Juniper Networks, Inc.*+","Juniper Networks, Inc.*+",,,115450.0,2186623.0,0.0
2006-12-31,2007-02-14,g38299_seriesnq.txt,0000935069-07-000275,N-Q,SEC-RYDEX-NDX,,"Tellabs, Inc","Tellabs, Inc",,,211387.0,2168831.0,0.0
2006-12-31,2007-02-14,g38299_seriesnq.txt,0000935069-07-000275,N-Q,SEC-RYDEX-NDX,,"Ross Stores, Inc","Ross Stores, Inc",,,73290.0,2147397.0,0.0
2006-12-31,2007-02-14,g38299_seriesnq.txt,0000935069-07-000275,N-Q,SEC-RYDEX-NDX,,"Mizuho, Inc. at 4.80% due 01/02/07","Mizuho, Inc. at 4.80% due 01/02/07",,,2078181.0,2078181.0,0.0
2006-12-31,2007-02-14,g38299_seriesnq.txt,0000935069-07-000275,N-Q,SEC-RYDEX-NDX,,Sigma-Aldrich Corp,Sigma-Aldrich Corp,,,25330.0,1968648.0,0.0
2006-12-31,2007-02-14,g38299_seriesnq.txt,0000935069-07-000275,N-Q,SEC-RYDEX-NDX,,"Patterson-UTI Energy, Inc.+","Patterson-UTI Energy, Inc.+",,,74270.0,1725292.0,0.0
2006-12-31,2007-02-14,g38299_seriesnq.txt,0000935069-07-000275,N-Q,SEC-RYDEX-NDX,,Telefonaktiebolaget LM Ericsson -- SP ADR,Telefonaktiebolaget LM Ericsson -- SP ADR,,,42670.0,1716614.0,0.0
2006-12-31,2007-02-14,g38299_seriesnq.txt,0000935069-07-000275,N-Q,SEC-RYDEX-NDX,,"DENTSPLY International, Inc","DENTSPLY International, Inc",,,55360.0,1652496.0,0.0
2006-12-31,2007-02-14,g38299_seriesnq.txt,0000935069-07-000275,N-Q,SEC-RYDEX-NDX,,"Intuitive Surgical, Inc.*+","Intuitive Surgical, Inc.*+",,,16800.0,1611120.0,0.0
2006-12-31,2007-02-14,g38299_seriesnq.txt,0000935069-07-000275,N-Q,SEC-RYDEX-NDX,,"Lincare Holdings, Inc","Lincare Holdings, Inc",,,36960.0,1472486.0,0.0
2006-12-31,2007-02-14,g38299_seriesnq.txt,0000935069-07-000275,N-Q,SEC-RYDEX-NDX,,JDS Uniphase Corp.*+,JDS Uniphase Corp.*+,,,78090.0,1300979.0,0.0
2006-12-31,2007-02-14,g38299_seriesnq.txt,0000935069-07-000275,N-Q,SEC-RYDEX-NDX,,Check Point Software Technologies Ltd.*+,Check Point Software Technologies Ltd.*+,,,51780.0,1135018.0,0.0
2006-12-31,2007-02-14,g38299_seriesnq.txt,0000935069-07-000275,N-Q,SEC-RYDEX-NDX,,CheckFree Corp,CheckFree Corp,,,27070.0,1087131.0,0.0
2006-12-31,2007-02-14,g38299_seriesnq.txt,0000935069-07-000275,N-Q,SEC-RYDEX-NDX,,"Amylin Pharmaceuticals, Inc.*+","Amylin Pharmaceuticals, Inc.*+",,,29620.0,1068393.0,0.0
2006-12-31,2007-02-14,g38299_seriesnq.txt,0000935069-07-000275,N-Q,SEC-RYDEX-NDX,,"XM Satellite Radio Holdings, Inc.*+","XM Satellite Radio Holdings, Inc.*+",,,70270.0,1015401.0,0.0
2006-12-31,2007-02-14,g38299_seriesnq.txt,0000935069-07-000275,N-Q,SEC-RYDEX-NDX,,"Urban Outfitters, Inc.*+","Urban Outfitters, Inc.*+",,,43920.0,1011478.0,0.0
2006-12-31,2007-02-14,g38299_seriesnq.txt,0000935069-07-000275,N-Q,SEC-RYDEX-NDX,,Morgan Stanley at 4.65% due 01/02/07,Morgan Stanley at 4.65% due 01/02/07,,,966596.0,966596.0,0.0
2006-12-31,2007-02-14,g38299_seriesnq.txt,0000935069-07-000275,N-Q,SEC-RYDEX-NDX,,"Liberty Global, Inc. -- Class A","Liberty Global, Inc. -- Class A",,,32280.0,940962.0,0.0
2006-12-31,2007-02-14,g38299_seriesnq.txt,0000935069-07-000275,N-Q,SEC-RYDEX-NDX,,Credit Suisse at 4.90% due 01/02/07,Credit Suisse at 4.90% due 01/02/07,,,417502.0,417502.0,0.0
2006-12-31,2007-02-14,g38299_seriesnq.txt,0000935069-07-000275,N-Q,SEC-RYDEX-NDX,,+ All or a portion of this security is on loan at December,+ All or a portion of this security is on loan at December,,,31.0,2006.0,0.0
2007-02-28,2007-04-25,a07-9893_4nq.htm,0001104659-07-031211,N-Q,SEC-MORGAN-NDX,,"Apple Computer, Inc","Apple Computer, Inc",,,31808.0,2691275.0,0.0
2007-02-28,2007-04-25,a07-9893_4nq.htm,0001104659-07-031211,N-Q,SEC-MORGAN-NDX,,Microsoft Corp,Microsoft Corp,,,90628.0,2552991.0,0.0
2007-02-28,2007-04-25,a07-9893_4nq.htm,0001104659-07-031211,N-Q,SEC-MORGAN-NDX,,"QUALCOMM, Inc","QUALCOMM, Inc",,,53784.0,2166419.0,0.0
2007-02-28,2007-04-25,a07-9893_4nq.htm,0001104659-07-031211,N-Q,SEC-MORGAN-NDX,,Google Inc. (Class A),Google Inc. (Class A),,,3584.0,1610829.0,0.0
2007-02-28,2007-04-25,a07-9893_4nq.htm,0001104659-07-031211,N-Q,SEC-MORGAN-NDX,,"Cisco Systems, Inc","Cisco Systems, Inc",,,57241.0,1484831.0,0.0
2007-02-28,2007-04-25,a07-9893_4nq.htm,0001104659-07-031211,N-Q,SEC-MORGAN-NDX,,"Joint repurchase agreement account 5.315% due 3/01/07 (dated 2/28/07; proceeds $1,249,184) (a) (Cost $1,249,000)","Joint repurchase agreement account 5.315% due 3/01/07 (dated 2/28/07; proceeds $1,249,184) (a) (Cost $1,249,000)",,,1249.0,1249000.0,0.0
2007-02-28,2007-04-25,a07-9893_4nq.htm,0001104659-07-031211,N-Q,SEC-MORGAN-NDX,,Intel Corp,Intel Corp,,,53849.0,1068903.0,0.0
2007-02-28,2007-04-25,a07-9893_4nq.htm,0001104659-07-031211,N-Q,SEC-MORGAN-NDX,,Comcast Corp. (Class A),Comcast Corp. (Class A),,,38364.0,986722.0,0.0
2007-02-28,2007-04-25,a07-9893_4nq.htm,0001104659-07-031211,N-Q,SEC-MORGAN-NDX,,Oracle Corp,Oracle Corp,,,57795.0,949572.0,0.0
2007-02-28,2007-04-25,a07-9893_4nq.htm,0001104659-07-031211,N-Q,SEC-MORGAN-NDX,,Amgen Inc,Amgen Inc,,,14395.0,925023.0,0.0
2007-02-28,2007-04-25,a07-9893_4nq.htm,0001104659-07-031211,N-Q,SEC-MORGAN-NDX,,Starbucks Corp,Starbucks Corp,,,28297.0,874377.0,0.0
2007-02-28,2007-04-25,a07-9893_4nq.htm,0001104659-07-031211,N-Q,SEC-MORGAN-NDX,,eBay Inc,eBay Inc,,,27129.0,869756.0,0.0
2007-02-28,2007-04-25,a07-9893_4nq.htm,0001104659-07-031211,N-Q,SEC-MORGAN-NDX,,"Gilead Sciences, Inc","Gilead Sciences, Inc",,,12061.0,863085.0,0.0
2007-02-28,2007-04-25,a07-9893_4nq.htm,0001104659-07-031211,N-Q,SEC-MORGAN-NDX,,Sears Holdings Corp,Sears Holdings Corp,,,4255.0,766964.0,0.0
2007-02-28,2007-04-25,a07-9893_4nq.htm,0001104659-07-031211,N-Q,SEC-MORGAN-NDX,,Research In Motion Ltd. (Canada),Research In Motion Ltd. (Canada),,,4863.0,683786.0,0.0
2007-02-28,2007-04-25,a07-9893_4nq.htm,0001104659-07-031211,N-Q,SEC-MORGAN-NDX,,"Adobe Systems, Inc","Adobe Systems, Inc",,,15051.0,590752.0,0.0
2007-02-28,2007-04-25,a07-9893_4nq.htm,0001104659-07-031211,N-Q,SEC-MORGAN-NDX,,Teva Pharmaceutical Industries Ltd. (ADR) (Israel),Teva Pharmaceutical Industries Ltd. (ADR) (Israel),,,16446.0,584820.0,0.0
2007-02-28,2007-04-25,a07-9893_4nq.htm,0001104659-07-031211,N-Q,SEC-MORGAN-NDX,,Genzyme Corp,Genzyme Corp,,,8832.0,545818.0,0.0
2007-02-28,2007-04-25,a07-9893_4nq.htm,0001104659-07-031211,N-Q,SEC-MORGAN-NDX,,Yahoo! Inc,Yahoo! Inc,,,17285.0,533415.0,0.0
2007-02-28,2007-04-25,a07-9893_4nq.htm,0001104659-07-031211,N-Q,SEC-MORGAN-NDX,,Celgene Corp,Celgene Corp,,,9803.0,522500.0,0.0
2007-02-28,2007-04-25,a07-9893_4nq.htm,0001104659-07-031211,N-Q,SEC-MORGAN-NDX,,"PACCAR, Inc","PACCAR, Inc",,,7377.0,512628.0,0.0
2007-02-28,2007-04-25,a07-9893_4nq.htm,0001104659-07-031211,N-Q,SEC-MORGAN-NDX,,Dell Inc,Dell Inc,,,22278.0,509052.0,0.0
2007-02-28,2007-04-25,a07-9893_4nq.htm,0001104659-07-031211,N-Q,SEC-MORGAN-NDX,,Symantec Corp,Symantec Corp,,,26506.0,453253.0,0.0
2007-02-28,2007-04-25,a07-9893_4nq.htm,0001104659-07-031211,N-Q,SEC-MORGAN-NDX,,Biogen Idec Inc,Biogen Idec Inc,,,9832.0,444308.0,0.0
2007-02-28,2007-04-25,a07-9893_4nq.htm,0001104659-07-031211,N-Q,SEC-MORGAN-NDX,,Electronic Arts Inc,Electronic Arts Inc,,,8340.0,420503.0,0.0
2007-02-28,2007-04-25,a07-9893_4nq.htm,0001104659-07-031211,N-Q,SEC-MORGAN-NDX,,Bed Bath & Beyond Inc,Bed Bath & Beyond Inc,,,10137.0,404365.0,0.0
2007-02-28,2007-04-25,a07-9893_4nq.htm,0001104659-07-031211,N-Q,SEC-MORGAN-NDX,,"Network Appliance, Inc","Network Appliance, Inc",,,10436.0,403560.0,0.0
2007-02-28,2007-04-25,a07-9893_4nq.htm,0001104659-07-031211,N-Q,SEC-MORGAN-NDX,,"Maxim Integrated Products, Inc","Maxim Integrated Products, Inc",,,12048.0,394572.0,0.0
2007-02-28,2007-04-25,a07-9893_4nq.htm,0001104659-07-031211,N-Q,SEC-MORGAN-NDX,,"Paychex, Inc","Paychex, Inc",,,9513.0,386513.0,0.0
2007-02-28,2007-04-25,a07-9893_4nq.htm,0001104659-07-031211,N-Q,SEC-MORGAN-NDX,,Broadcom Corp. (Class A),Broadcom Corp. (Class A),,,11329.0,386206.0,0.0
2007-02-28,2007-04-25,a07-9893_4nq.htm,0001104659-07-031211,N-Q,SEC-MORGAN-NDX,,Liberty Media Corp - Interactive,Liberty Media Corp - Interactive,,,15934.0,375564.0,0.0
2007-02-28,2007-04-25,a07-9893_4nq.htm,0001104659-07-031211,N-Q,SEC-MORGAN-NDX,,"Biomet, Inc","Biomet, Inc",,,8779.0,371615.0,0.0
2007-02-28,2007-04-25,a07-9893_4nq.htm,0001104659-07-031211,N-Q,SEC-MORGAN-NDX,,Costco Wholesale Corp,Costco Wholesale Corp,,,6446.0,360267.0,0.0
2007-02-28,2007-04-25,a07-9893_4nq.htm,0001104659-07-031211,N-Q,SEC-MORGAN-NDX,,"Applied Materials, Inc","Applied Materials, Inc",,,19103.0,354743.0,0.0
2007-02-28,2007-04-25,a07-9893_4nq.htm,0001104659-07-031211,N-Q,SEC-MORGAN-NDX,,Linear Technology Corp,Linear Technology Corp,,,10636.0,353009.0,0.0
2007-02-28,2007-04-25,a07-9893_4nq.htm,0001104659-07-031211,N-Q,SEC-MORGAN-NDX,,Intuit Inc,Intuit Inc,,,11773.0,347421.0,0.0
2007-02-28,2007-04-25,a07-9893_4nq.htm,0001104659-07-031211,N-Q,SEC-MORGAN-NDX,,"Staples, Inc","Staples, Inc",,,12946.0,336855.0,0.0
2007-02-28,2007-04-25,a07-9893_4nq.htm,0001104659-07-031211,N-Q,SEC-MORGAN-NDX,,KLA-Tencor Corp,KLA-Tencor Corp,,,6408.0,331550.0,0.0
2007-02-28,2007-04-25,a07-9893_4nq.htm,0001104659-07-031211,N-Q,SEC-MORGAN-NDX,,Cognizant Technology Solutions Corp. (Class A),Cognizant Technology Solutions Corp. (Class A),,,3632.0,327606.0,0.0
2007-02-28,2007-04-25,a07-9893_4nq.htm,0001104659-07-031211,N-Q,SEC-MORGAN-NDX,,IAC/InterActiveCorp,IAC/InterActiveCorp,,,8215.0,322028.0,0.0
2007-02-28,2007-04-25,a07-9893_4nq.htm,0001104659-07-031211,N-Q,SEC-MORGAN-NDX,,"Fiserv, Inc","Fiserv, Inc",,,5751.0,304573.0,0.0
2007-02-28,2007-04-25,a07-9893_4nq.htm,0001104659-07-031211,N-Q,SEC-MORGAN-NDX,,"Xilinx, Inc","Xilinx, Inc",,,11746.0,300932.0,0.0
2007-02-28,2007-04-25,a07-9893_4nq.htm,0001104659-07-031211,N-Q,SEC-MORGAN-NDX,,"Marvell Technology Group, Ltd. (Bermuda)","Marvell Technology Group, Ltd. (Bermuda)",,,14642.0,300454.0,0.0
2007-02-28,2007-04-25,a07-9893_4nq.htm,0001104659-07-031211,N-Q,SEC-MORGAN-NDX,,Garmin Ltd. (Cayman Islands),Garmin Ltd. (Cayman Islands),,,5325.0,291597.0,0.0
2007-02-28,2007-04-25,a07-9893_4nq.htm,0001104659-07-031211,N-Q,SEC-MORGAN-NDX,,NVIDIA Corp,NVIDIA Corp,,,9353.0,289943.0,0.0
2007-02-28,2007-04-25,a07-9893_4nq.htm,0001104659-07-031211,N-Q,SEC-MORGAN-NDX,,"Amazon.com, Inc","Amazon.com, Inc",,,7285.0,285135.0,0.0
2007-02-28,2007-04-25,a07-9893_4nq.htm,0001104659-07-031211,N-Q,SEC-MORGAN-NDX,,Altera Corp,Altera Corp,,,13424.0,283381.0,0.0
2007-02-28,2007-04-25,a07-9893_4nq.htm,0001104659-07-031211,N-Q,SEC-MORGAN-NDX,,"Wynn Resorts, Ltd","Wynn Resorts, Ltd",,,2877.0,282004.0,0.0
2007-02-28,2007-04-25,a07-9893_4nq.htm,0001104659-07-031211,N-Q,SEC-MORGAN-NDX,,"NII Holdings, Inc","NII Holdings, Inc",,,3861.0,273513.0,0.0
2007-02-28,2007-04-25,a07-9893_4nq.htm,0001104659-07-031211,N-Q,SEC-MORGAN-NDX,,"Autodesk, Inc","Autodesk, Inc",,,6500.0,267475.0,0.0
2007-02-28,2007-04-25,a07-9893_4nq.htm,0001104659-07-031211,N-Q,SEC-MORGAN-NDX,,"Expeditors International of Washington, Inc","Expeditors International of Washington, Inc",,,5586.0,250532.0,0.0
2007-02-28,2007-04-25,a07-9893_4nq.htm,0001104659-07-031211,N-Q,SEC-MORGAN-NDX,,"Virgin Media, Inc","Virgin Media, Inc",,,9527.0,249703.0,0.0
2007-02-28,2007-04-25,a07-9893_4nq.htm,0001104659-07-031211,N-Q,SEC-MORGAN-NDX,,"Sun Microsystems, Inc","Sun Microsystems, Inc",,,40135.0,246028.0,0.0
2007-02-28,2007-04-25,a07-9893_4nq.htm,0001104659-07-031211,N-Q,SEC-MORGAN-NDX,,"Express Scripts, Inc","Express Scripts, Inc",,,3217.0,242594.0,0.0
2007-02-28,2007-04-25,a07-9893_4nq.htm,0001104659-07-031211,N-Q,SEC-MORGAN-NDX,,EchoStar Communications Corp. (Class A),EchoStar Communications Corp. (Class A),,,5652.0,229471.0,0.0
2007-02-28,2007-04-25,a07-9893_4nq.htm,0001104659-07-031211,N-Q,SEC-MORGAN-NDX,,"C.H. Robinson Worldwide, Inc","C.H. Robinson Worldwide, Inc",,,4463.0,227434.0,0.0
2007-02-28,2007-04-25,a07-9893_4nq.htm,0001104659-07-031211,N-Q,SEC-MORGAN-NDX,,"Apollo Group, Inc. (Class A)","Apollo Group, Inc. (Class A)",,,4645.0,219662.0,0.0
2007-02-28,2007-04-25,a07-9893_4nq.htm,0001104659-07-031211,N-Q,SEC-MORGAN-NDX,,"MedImmune, Inc","MedImmune, Inc",,,6828.0,217881.0,0.0
2007-02-28,2007-04-25,a07-9893_4nq.htm,0001104659-07-031211,N-Q,SEC-MORGAN-NDX,,Cintas Corp,Cintas Corp,,,5176.0,209007.0,0.0
2007-02-28,2007-04-25,a07-9893_4nq.htm,0001104659-07-031211,N-Q,SEC-MORGAN-NDX,,SanDisk Corp,SanDisk Corp,,,5591.0,203624.0,0.0
2007-02-28,2007-04-25,a07-9893_4nq.htm,0001104659-07-031211,N-Q,SEC-MORGAN-NDX,,"Akamai Technologies, Inc","Akamai Technologies, Inc",,,3901.0,201174.0,0.0
2007-02-28,2007-04-25,a07-9893_4nq.htm,0001104659-07-031211,N-Q,SEC-MORGAN-NDX,,"Level 3 Communications, Inc","Level 3 Communications, Inc",,,30522.0,200530.0,0.0
2007-02-28,2007-04-25,a07-9893_4nq.htm,0001104659-07-031211,N-Q,SEC-MORGAN-NDX,,"American Eagle Outfitters, Inc","American Eagle Outfitters, Inc",,,6123.0,190119.0,0.0
2007-02-28,2007-04-25,a07-9893_4nq.htm,0001104659-07-031211,N-Q,SEC-MORGAN-NDX,,"Juniper Networks, Inc","Juniper Networks, Inc",,,9954.0,188230.0,0.0
2007-02-28,2007-04-25,a07-9893_4nq.htm,0001104659-07-031211,N-Q,SEC-MORGAN-NDX,,"Citrix Systems, Inc","Citrix Systems, Inc",,,5830.0,187726.0,0.0
2007-02-28,2007-04-25,a07-9893_4nq.htm,0001104659-07-031211,N-Q,SEC-MORGAN-NDX,,"Expedia, Inc","Expedia, Inc",,,8715.0,185281.0,0.0
2007-02-28,2007-04-25,a07-9893_4nq.htm,0001104659-07-031211,N-Q,SEC-MORGAN-NDX,,Flextronics International Ltd. (Singapore),Flextronics International Ltd. (Singapore),,,16848.0,184149.0,0.0
2007-02-28,2007-04-25,a07-9893_4nq.htm,0001104659-07-031211,N-Q,SEC-MORGAN-NDX,,Millicom International Cellular S.A. (Luxembourg),Millicom International Cellular S.A. (Luxembourg),,,2553.0,183561.0,0.0
2007-02-28,2007-04-25,a07-9893_4nq.htm,0001104659-07-031211,N-Q,SEC-MORGAN-NDX,,"Whole Foods Market, Inc","Whole Foods Market, Inc",,,3662.0,174934.0,0.0
2007-02-28,2007-04-25,a07-9893_4nq.htm,0001104659-07-031211,N-Q,SEC-MORGAN-NDX,,"Monster Worldwide, Inc","Monster Worldwide, Inc",,,3496.0,174311.0,0.0
2007-02-28,2007-04-25,a07-9893_4nq.htm,0001104659-07-031211,N-Q,SEC-MORGAN-NDX,,Lam Research Corp,Lam Research Corp,,,3876.0,173102.0,0.0
2007-02-28,2007-04-25,a07-9893_4nq.htm,0001104659-07-031211,N-Q,SEC-MORGAN-NDX,,Microchip Technology Inc,Microchip Technology Inc,,,4770.0,169812.0,0.0
2007-02-28,2007-04-25,a07-9893_4nq.htm,0001104659-07-031211,N-Q,SEC-MORGAN-NDX,,"Infosys Technologies, Ltd. (ADR) (India)","Infosys Technologies, Ltd. (ADR) (India)",,,2932.0,159090.0,0.0
2007-02-28,2007-04-25,a07-9893_4nq.htm,0001104659-07-031211,N-Q,SEC-MORGAN-NDX,,Liberty Global Inc. (Class A),Liberty Global Inc. (Class A),,,5518.0,158863.0,0.0
2007-02-28,2007-04-25,a07-9893_4nq.htm,0001104659-07-031211,N-Q,SEC-MORGAN-NDX,,"VeriSign, Inc","VeriSign, Inc",,,6099.0,154305.0,0.0
2007-02-28,2007-04-25,a07-9893_4nq.htm,0001104659-07-031211,N-Q,SEC-MORGAN-NDX,,"Cadence Design Systems, Inc","Cadence Design Systems, Inc",,,7707.0,153678.0,0.0
2007-02-28,2007-04-25,a07-9893_4nq.htm,0001104659-07-031211,N-Q,SEC-MORGAN-NDX,,Sirius Satellite Radio Inc,Sirius Satellite Radio Inc,,,41002.0,149657.0,0.0
2007-02-28,2007-04-25,a07-9893_4nq.htm,0001104659-07-031211,N-Q,SEC-MORGAN-NDX,,"Sepracor, Inc","Sepracor, Inc",,,2822.0,148324.0,0.0
2007-02-28,2007-04-25,a07-9893_4nq.htm,0001104659-07-031211,N-Q,SEC-MORGAN-NDX,,Check Point Software Technologies Ltd. (Israel),Check Point Software Technologies Ltd. (Israel),,,6300.0,142254.0,0.0
2007-02-28,2007-04-25,a07-9893_4nq.htm,0001104659-07-031211,N-Q,SEC-MORGAN-NDX,,Lamar Advertising Co. (Class A),Lamar Advertising Co. (Class A),,,2193.0,140462.0,0.0
2007-02-28,2007-04-25,a07-9893_4nq.htm,0001104659-07-031211,N-Q,SEC-MORGAN-NDX,,Sigma-Aldrich Corp,Sigma-Aldrich Corp,,,3388.0,138908.0,0.0
2007-02-28,2007-04-25,a07-9893_4nq.htm,0001104659-07-031211,N-Q,SEC-MORGAN-NDX,,Fastenal Co,Fastenal Co,,,3846.0,135648.0,0.0
2007-02-28,2007-04-25,a07-9893_4nq.htm,0001104659-07-031211,N-Q,SEC-MORGAN-NDX,,Joy Global Inc,Joy Global Inc,,,3058.0,135592.0,0.0
2007-02-28,2007-04-25,a07-9893_4nq.htm,0001104659-07-031211,N-Q,SEC-MORGAN-NDX,,CDW Corp,CDW Corp,,,2182.0,135459.0,0.0
2007-02-28,2007-04-25,a07-9893_4nq.htm,0001104659-07-031211,N-Q,SEC-MORGAN-NDX,,Ryanair Holdings PLC (ADR) (Ireland),Ryanair Holdings PLC (ADR) (Ireland),,,3000.0,134550.0,0.0
2007-02-28,2007-04-25,a07-9893_4nq.htm,0001104659-07-031211,N-Q,SEC-MORGAN-NDX,,"Amylin Pharmaceuticals, Inc","Amylin Pharmaceuticals, Inc",,,3319.0,129142.0,0.0
2007-02-28,2007-04-25,a07-9893_4nq.htm,0001104659-07-031211,N-Q,SEC-MORGAN-NDX,,"DENTSPLY International, Inc","DENTSPLY International, Inc",,,3887.0,122596.0,0.0
2007-02-28,2007-04-25,a07-9893_4nq.htm,0001104659-07-031211,N-Q,SEC-MORGAN-NDX,,XM Satellite Radio Holdings Inc. (Class A),XM Satellite Radio Holdings Inc. (Class A),,,8378.0,120308.0,0.0
2007-02-28,2007-04-25,a07-9893_4nq.htm,0001104659-07-031211,N-Q,SEC-MORGAN-NDX,,"Ross Stores, Inc","Ross Stores, Inc",,,3670.0,120266.0,0.0
2007-02-28,2007-04-25,a07-9893_4nq.htm,0001104659-07-031211,N-Q,SEC-MORGAN-NDX,,"Patterson Companies, Inc","Patterson Companies, Inc",,,3545.0,118332.0,0.0
2007-02-28,2007-04-25,a07-9893_4nq.htm,0001104659-07-031211,N-Q,SEC-MORGAN-NDX,,"BEA Systems, Inc","BEA Systems, Inc",,,9544.0,113860.0,0.0
2007-02-28,2007-04-25,a07-9893_4nq.htm,0001104659-07-031211,N-Q,SEC-MORGAN-NDX,,"PETsMART, Inc","PETsMART, Inc",,,3691.0,111874.0,0.0
2007-02-28,2007-04-25,a07-9893_4nq.htm,0001104659-07-031211,N-Q,SEC-MORGAN-NDX,,"Activision, Inc","Activision, Inc",,,6634.0,110920.0,0.0
2007-02-28,2007-04-25,a07-9893_4nq.htm,0001104659-07-031211,N-Q,SEC-MORGAN-NDX,,"Intuitive Surgical, Inc","Intuitive Surgical, Inc",,,991.0,110100.0,0.0
2007-02-28,2007-04-25,a07-9893_4nq.htm,0001104659-07-031211,N-Q,SEC-MORGAN-NDX,,Vertex Pharmaceuticals Inc,Vertex Pharmaceuticals Inc,,,3504.0,107538.0,0.0
2007-02-28,2007-04-25,a07-9893_4nq.htm,0001104659-07-031211,N-Q,SEC-MORGAN-NDX,,"Logitech International, Inc","Logitech International, Inc",,,4000.0,104600.0,0.0
2007-02-28,2007-04-25,a07-9893_4nq.htm,0001104659-07-031211,N-Q,SEC-MORGAN-NDX,,Discovery Holding Company (Class A),Discovery Holding Company (Class A),,,6406.0,102880.0,0.0
2007-02-28,2007-04-25,a07-9893_4nq.htm,0001104659-07-031211,N-Q,SEC-MORGAN-NDX,,Telefonaktiebolaget LM Ericsson (ADR) (Sweden),Telefonaktiebolaget LM Ericsson (ADR) (Sweden),,,2698.0,96480.0,0.0
2007-02-28,2007-04-25,a07-9893_4nq.htm,0001104659-07-031211,N-Q,SEC-MORGAN-NDX,,"Patterson-UTI Energy, Inc","Patterson-UTI Energy, Inc",,,4278.0,95357.0,0.0
2007-02-28,2007-04-25,a07-9893_4nq.htm,0001104659-07-031211,N-Q,SEC-MORGAN-NDX,,CheckFree Corp,CheckFree Corp,,,2284.0,86609.0,0.0
2007-02-28,2007-04-25,a07-9893_4nq.htm,0001104659-07-031211,N-Q,SEC-MORGAN-NDX,,"Tellabs, Inc","Tellabs, Inc",,,6706.0,70279.0,0.0
2007-05-31,2007-08-09,a07-17220_1ncsrs.htm,0001104659-07-060863,N-CSRS,SEC-MORGAN-NDX,,Apple Inc,Apple Inc,,,28587.0,3475036.0,0.0
2007-05-31,2007-08-09,a07-17220_1ncsrs.htm,0001104659-07-060863,N-CSRS,SEC-MORGAN-NDX,,Microsoft Corp,Microsoft Corp,,,80145.0,2458047.0,0.0
2007-05-31,2007-08-09,a07-17220_1ncsrs.htm,0001104659-07-060863,N-CSRS,SEC-MORGAN-NDX,,"QUALCOMM, Inc","QUALCOMM, Inc",,,47511.0,2040597.0,0.0
2007-05-31,2007-08-09,a07-17220_1ncsrs.htm,0001104659-07-060863,N-CSRS,SEC-MORGAN-NDX,,"Google, Inc. (Class A)","Google, Inc. (Class A)",,,3330.0,1657507.0,0.0
2007-05-31,2007-08-09,a07-17220_1ncsrs.htm,0001104659-07-060863,N-CSRS,SEC-MORGAN-NDX,,"Cisco Systems, Inc","Cisco Systems, Inc",,,51317.0,1381454.0,0.0
2007-05-31,2007-08-09,a07-17220_1ncsrs.htm,0001104659-07-060863,N-CSRS,SEC-MORGAN-NDX,,"Joint repurchase agreement account 5.29% due 06/01/07 (dated 05/31/07; proceeds $1,357,199) (a) (Cost $1,357,000)","Joint repurchase agreement account 5.29% due 06/01/07 (dated 05/31/07; proceeds $1,357,199) (a) (Cost $1,357,000)",,,1357.0,1357000.0,0.0
2007-05-31,2007-08-09,a07-17220_1ncsrs.htm,0001104659-07-060863,N-CSRS,SEC-MORGAN-NDX,,Intel Corp,Intel Corp,,,48023.0,1064670.0,0.0
2007-05-31,2007-08-09,a07-17220_1ncsrs.htm,0001104659-07-060863,N-CSRS,SEC-MORGAN-NDX,,Oracle Corp,Oracle Corp,,,51385.0,995841.0,0.0
2007-05-31,2007-08-09,a07-17220_1ncsrs.htm,0001104659-07-060863,N-CSRS,SEC-MORGAN-NDX,,Comcast Corp. (Class A),Comcast Corp. (Class A),,,34415.0,943315.0,0.0
2007-05-31,2007-08-09,a07-17220_1ncsrs.htm,0001104659-07-060863,N-CSRS,SEC-MORGAN-NDX,,"Gilead Sciences, Inc","Gilead Sciences, Inc",,,10882.0,900703.0,0.0
2007-05-31,2007-08-09,a07-17220_1ncsrs.htm,0001104659-07-060863,N-CSRS,SEC-MORGAN-NDX,,"eBay, Inc","eBay, Inc",,,24280.0,790557.0,0.0
2007-05-31,2007-08-09,a07-17220_1ncsrs.htm,0001104659-07-060863,N-CSRS,SEC-MORGAN-NDX,,Research In Motion Ltd. (Canada),Research In Motion Ltd. (Canada),,,4418.0,733741.0,0.0
2007-05-31,2007-08-09,a07-17220_1ncsrs.htm,0001104659-07-060863,N-CSRS,SEC-MORGAN-NDX,,Amgen Inc,Amgen Inc,,,12935.0,728629.0,0.0
2007-05-31,2007-08-09,a07-17220_1ncsrs.htm,0001104659-07-060863,N-CSRS,SEC-MORGAN-NDX,,Starbucks Corp,Starbucks Corp,,,24830.0,715352.0,0.0
2007-05-31,2007-08-09,a07-17220_1ncsrs.htm,0001104659-07-060863,N-CSRS,SEC-MORGAN-NDX,,Sears Holdings Corp,Sears Holdings Corp,,,3825.0,688576.0,0.0
2007-05-31,2007-08-09,a07-17220_1ncsrs.htm,0001104659-07-060863,N-CSRS,SEC-MORGAN-NDX,,"Adobe Systems, Inc","Adobe Systems, Inc",,,13705.0,604116.0,0.0
2007-05-31,2007-08-09,a07-17220_1ncsrs.htm,0001104659-07-060863,N-CSRS,SEC-MORGAN-NDX,,"PACCAR, Inc","PACCAR, Inc",,,6617.0,577201.0,0.0
2007-05-31,2007-08-09,a07-17220_1ncsrs.htm,0001104659-07-060863,N-CSRS,SEC-MORGAN-NDX,,Teva Pharmaceutical Industries Ltd. (ADR) (Israel),Teva Pharmaceutical Industries Ltd. (ADR) (Israel),,,14441.0,566087.0,0.0
2007-05-31,2007-08-09,a07-17220_1ncsrs.htm,0001104659-07-060863,N-CSRS,SEC-MORGAN-NDX,,Celgene Corp,Celgene Corp,,,8907.0,545465.0,0.0
2007-05-31,2007-08-09,a07-17220_1ncsrs.htm,0001104659-07-060863,N-CSRS,SEC-MORGAN-NDX,,"Dell, Inc","Dell, Inc",,,19874.0,534014.0,0.0
2007-05-31,2007-08-09,a07-17220_1ncsrs.htm,0001104659-07-060863,N-CSRS,SEC-MORGAN-NDX,,Genzyme Corp,Genzyme Corp,,,7854.0,506740.0,0.0
2007-05-31,2007-08-09,a07-17220_1ncsrs.htm,0001104659-07-060863,N-CSRS,SEC-MORGAN-NDX,,Biogen Idec Inc,Biogen Idec Inc,,,8853.0,462304.0,0.0
2007-05-31,2007-08-09,a07-17220_1ncsrs.htm,0001104659-07-060863,N-CSRS,SEC-MORGAN-NDX,,Symantec Corp,Symantec Corp,,,22991.0,459590.0,0.0
2007-05-31,2007-08-09,a07-17220_1ncsrs.htm,0001104659-07-060863,N-CSRS,SEC-MORGAN-NDX,,"Amazon.com, Inc","Amazon.com, Inc",,,6547.0,452660.0,0.0
2007-05-31,2007-08-09,a07-17220_1ncsrs.htm,0001104659-07-060863,N-CSRS,SEC-MORGAN-NDX,,"Yahoo!, Inc","Yahoo!, Inc",,,15507.0,445051.0,0.0
2007-05-31,2007-08-09,a07-17220_1ncsrs.htm,0001104659-07-060863,N-CSRS,SEC-MORGAN-NDX,,Bed Bath & Beyond Inc,Bed Bath & Beyond Inc,,,9062.0,368461.0,0.0
2007-05-31,2007-08-09,a07-17220_1ncsrs.htm,0001104659-07-060863,N-CSRS,SEC-MORGAN-NDX,,Electronic Arts Inc,Electronic Arts Inc,,,7433.0,363251.0,0.0
2007-05-31,2007-08-09,a07-17220_1ncsrs.htm,0001104659-07-060863,N-CSRS,SEC-MORGAN-NDX,,"MedImmune, Inc","MedImmune, Inc",,,6051.0,350232.0,0.0
2007-05-31,2007-08-09,a07-17220_1ncsrs.htm,0001104659-07-060863,N-CSRS,SEC-MORGAN-NDX,,"Paychex, Inc","Paychex, Inc",,,8598.0,347359.0,0.0
2007-05-31,2007-08-09,a07-17220_1ncsrs.htm,0001104659-07-060863,N-CSRS,SEC-MORGAN-NDX,,Liberty Media Corp - Interactive (Series A),Liberty Media Corp - Interactive (Series A),,,14271.0,345786.0,0.0
2007-05-31,2007-08-09,a07-17220_1ncsrs.htm,0001104659-07-060863,N-CSRS,SEC-MORGAN-NDX,,"Biomet, Inc","Biomet, Inc",,,7860.0,342853.0,0.0
2007-05-31,2007-08-09,a07-17220_1ncsrs.htm,0001104659-07-060863,N-CSRS,SEC-MORGAN-NDX,,Linear Technology Corp,Linear Technology Corp,,,9513.0,341422.0,0.0
2007-05-31,2007-08-09,a07-17220_1ncsrs.htm,0001104659-07-060863,N-CSRS,SEC-MORGAN-NDX,,"Maxim Integrated Products, Inc","Maxim Integrated Products, Inc",,,10686.0,328594.0,0.0
2007-05-31,2007-08-09,a07-17220_1ncsrs.htm,0001104659-07-060863,N-CSRS,SEC-MORGAN-NDX,,"Applied Materials, Inc","Applied Materials, Inc",,,17179.0,328119.0,0.0
2007-05-31,2007-08-09,a07-17220_1ncsrs.htm,0001104659-07-060863,N-CSRS,SEC-MORGAN-NDX,,Costco Wholesale Corp,Costco Wholesale Corp,,,5665.0,319903.0,0.0
2007-05-31,2007-08-09,a07-17220_1ncsrs.htm,0001104659-07-060863,N-CSRS,SEC-MORGAN-NDX,,KLA-Tencor Corp,KLA-Tencor Corp,,,5793.0,318499.0,0.0
2007-05-31,2007-08-09,a07-17220_1ncsrs.htm,0001104659-07-060863,N-CSRS,SEC-MORGAN-NDX,,Broadcom Corp. (Class A),Broadcom Corp. (Class A),,,10273.0,313943.0,0.0
2007-05-31,2007-08-09,a07-17220_1ncsrs.htm,0001104659-07-060863,N-CSRS,SEC-MORGAN-NDX,,Intuit Inc,Intuit Inc,,,10262.0,312991.0,0.0
2007-05-31,2007-08-09,a07-17220_1ncsrs.htm,0001104659-07-060863,N-CSRS,SEC-MORGAN-NDX,,Garmin Ltd. (Cayman Islands),Garmin Ltd. (Cayman Islands),,,4770.0,306854.0,0.0
2007-05-31,2007-08-09,a07-17220_1ncsrs.htm,0001104659-07-060863,N-CSRS,SEC-MORGAN-NDX,,"NII Holdings, Inc","NII Holdings, Inc",,,3747.0,305268.0,0.0
2007-05-31,2007-08-09,a07-17220_1ncsrs.htm,0001104659-07-060863,N-CSRS,SEC-MORGAN-NDX,,"Fiserv, Inc","Fiserv, Inc",,,5075.0,300694.0,0.0
2007-05-31,2007-08-09,a07-17220_1ncsrs.htm,0001104659-07-060863,N-CSRS,SEC-MORGAN-NDX,,"Network Appliance, Inc","Network Appliance, Inc",,,9296.0,299238.0,0.0
2007-05-31,2007-08-09,a07-17220_1ncsrs.htm,0001104659-07-060863,N-CSRS,SEC-MORGAN-NDX,,"Xilinx, Inc","Xilinx, Inc",,,10470.0,298186.0,0.0
2007-05-31,2007-08-09,a07-17220_1ncsrs.htm,0001104659-07-060863,N-CSRS,SEC-MORGAN-NDX,,"Express Scripts, Inc","Express Scripts, Inc",,,2878.0,293844.0,0.0
2007-05-31,2007-08-09,a07-17220_1ncsrs.htm,0001104659-07-060863,N-CSRS,SEC-MORGAN-NDX,,NVIDIA Corp,NVIDIA Corp,,,8303.0,287865.0,0.0
2007-05-31,2007-08-09,a07-17220_1ncsrs.htm,0001104659-07-060863,N-CSRS,SEC-MORGAN-NDX,,"Staples, Inc","Staples, Inc",,,11453.0,287012.0,0.0
2007-05-31,2007-08-09,a07-17220_1ncsrs.htm,0001104659-07-060863,N-CSRS,SEC-MORGAN-NDX,,Altera Corp,Altera Corp,,,11925.0,272009.0,0.0
2007-05-31,2007-08-09,a07-17220_1ncsrs.htm,0001104659-07-060863,N-CSRS,SEC-MORGAN-NDX,,"Autodesk, Inc","Autodesk, Inc",,,5731.0,260474.0,0.0
2007-05-31,2007-08-09,a07-17220_1ncsrs.htm,0001104659-07-060863,N-CSRS,SEC-MORGAN-NDX,,Cognizant Technology Solutions Corp. (Class A),Cognizant Technology Solutions Corp. (Class A),,,3300.0,259248.0,0.0
2007-05-31,2007-08-09,a07-17220_1ncsrs.htm,0001104659-07-060863,N-CSRS,SEC-MORGAN-NDX,,"Wynn Resorts, Ltd","Wynn Resorts, Ltd",,,2641.0,254962.0,0.0
2007-05-31,2007-08-09,a07-17220_1ncsrs.htm,0001104659-07-060863,N-CSRS,SEC-MORGAN-NDX,,IAC/InterActiveCorp,IAC/InterActiveCorp,,,7062.0,244345.0,0.0
2007-05-31,2007-08-09,a07-17220_1ncsrs.htm,0001104659-07-060863,N-CSRS,SEC-MORGAN-NDX,,EchoStar Communications Corp. (Class A),EchoStar Communications Corp. (Class A),,,5098.0,234814.0,0.0
2007-05-31,2007-08-09,a07-17220_1ncsrs.htm,0001104659-07-060863,N-CSRS,SEC-MORGAN-NDX,,"C.H. Robinson Worldwide, Inc","C.H. Robinson Worldwide, Inc",,,4069.0,220458.0,0.0
2007-05-31,2007-08-09,a07-17220_1ncsrs.htm,0001104659-07-060863,N-CSRS,SEC-MORGAN-NDX,,"Expeditors International of Washington, Inc","Expeditors International of Washington, Inc",,,4998.0,218213.0,0.0
2007-05-31,2007-08-09,a07-17220_1ncsrs.htm,0001104659-07-060863,N-CSRS,SEC-MORGAN-NDX,,Virgin Media Inc,Virgin Media Inc,,,8402.0,217780.0,0.0
2007-05-31,2007-08-09,a07-17220_1ncsrs.htm,0001104659-07-060863,N-CSRS,SEC-MORGAN-NDX,,SanDisk Corp,SanDisk Corp,,,4960.0,216008.0,0.0
2007-05-31,2007-08-09,a07-17220_1ncsrs.htm,0001104659-07-060863,N-CSRS,SEC-MORGAN-NDX,,"Juniper Networks, Inc","Juniper Networks, Inc",,,8843.0,215858.0,0.0
2007-05-31,2007-08-09,a07-17220_1ncsrs.htm,0001104659-07-060863,N-CSRS,SEC-MORGAN-NDX,,"Marvell Technology Group, Ltd. (Bermuda)","Marvell Technology Group, Ltd. (Bermuda)",,,13280.0,208762.0,0.0
2007-05-31,2007-08-09,a07-17220_1ncsrs.htm,0001104659-07-060863,N-CSRS,SEC-MORGAN-NDX,,"Level 3 Communications, Inc","Level 3 Communications, Inc",,,35271.0,205277.0,0.0
2007-05-31,2007-08-09,a07-17220_1ncsrs.htm,0001104659-07-060863,N-CSRS,SEC-MORGAN-NDX,,"Apollo Group, Inc. (Class A)","Apollo Group, Inc. (Class A)",,,4164.0,199747.0,0.0
2007-05-31,2007-08-09,a07-17220_1ncsrs.htm,0001104659-07-060863,N-CSRS,SEC-MORGAN-NDX,,Millicom International Cellular S.A. (Luxembourg),Millicom International Cellular S.A. (Luxembourg),,,2320.0,197386.0,0.0
2007-05-31,2007-08-09,a07-17220_1ncsrs.htm,0001104659-07-060863,N-CSRS,SEC-MORGAN-NDX,,"Sun Microsystems, Inc","Sun Microsystems, Inc",,,37249.0,189970.0,0.0
2007-05-31,2007-08-09,a07-17220_1ncsrs.htm,0001104659-07-060863,N-CSRS,SEC-MORGAN-NDX,,Lam Research Corp,Lam Research Corp,,,3482.0,186844.0,0.0
2007-05-31,2007-08-09,a07-17220_1ncsrs.htm,0001104659-07-060863,N-CSRS,SEC-MORGAN-NDX,,Liberty Global Inc. (Class A),Liberty Global Inc. (Class A),,,4798.0,184243.0,0.0
2007-05-31,2007-08-09,a07-17220_1ncsrs.htm,0001104659-07-060863,N-CSRS,SEC-MORGAN-NDX,,Flextronics International Ltd. (Singapore),Flextronics International Ltd. (Singapore),,,15666.0,180942.0,0.0
2007-05-31,2007-08-09,a07-17220_1ncsrs.htm,0001104659-07-060863,N-CSRS,SEC-MORGAN-NDX,,Cintas Corp,Cintas Corp,,,4557.0,174807.0,0.0
2007-05-31,2007-08-09,a07-17220_1ncsrs.htm,0001104659-07-060863,N-CSRS,SEC-MORGAN-NDX,,Microchip Technology Inc,Microchip Technology Inc,,,4272.0,173358.0,0.0
2007-05-31,2007-08-09,a07-17220_1ncsrs.htm,0001104659-07-060863,N-CSRS,SEC-MORGAN-NDX,,"Citrix Systems, Inc","Citrix Systems, Inc",,,5102.0,171478.0,0.0
2007-05-31,2007-08-09,a07-17220_1ncsrs.htm,0001104659-07-060863,N-CSRS,SEC-MORGAN-NDX,,"Expedia, Inc","Expedia, Inc",,,7103.0,170685.0,0.0
2007-05-31,2007-08-09,a07-17220_1ncsrs.htm,0001104659-07-060863,N-CSRS,SEC-MORGAN-NDX,,CDW Corp,CDW Corp,,,1946.0,165682.0,0.0
2007-05-31,2007-08-09,a07-17220_1ncsrs.htm,0001104659-07-060863,N-CSRS,SEC-MORGAN-NDX,,"VeriSign, Inc","VeriSign, Inc",,,5447.0,162484.0,0.0
2007-05-31,2007-08-09,a07-17220_1ncsrs.htm,0001104659-07-060863,N-CSRS,SEC-MORGAN-NDX,,"Akamai Technologies, Inc","Akamai Technologies, Inc",,,3670.0,162251.0,0.0
2007-05-31,2007-08-09,a07-17220_1ncsrs.htm,0001104659-07-060863,N-CSRS,SEC-MORGAN-NDX,,"Cadence Design Systems, Inc","Cadence Design Systems, Inc",,,6973.0,158357.0,0.0
2007-05-31,2007-08-09,a07-17220_1ncsrs.htm,0001104659-07-060863,N-CSRS,SEC-MORGAN-NDX,,"Monster Worldwide, Inc","Monster Worldwide, Inc",,,3279.0,154801.0,0.0
2007-05-31,2007-08-09,a07-17220_1ncsrs.htm,0001104659-07-060863,N-CSRS,SEC-MORGAN-NDX,,Fastenal Co,Fastenal Co,,,3437.0,148960.0,0.0
2007-05-31,2007-08-09,a07-17220_1ncsrs.htm,0001104659-07-060863,N-CSRS,SEC-MORGAN-NDX,,Joy Global Inc,Joy Global Inc,,,2556.0,144746.0,0.0
2007-05-31,2007-08-09,a07-17220_1ncsrs.htm,0001104659-07-060863,N-CSRS,SEC-MORGAN-NDX,,"Amylin Pharmaceuticals, Inc","Amylin Pharmaceuticals, Inc",,,3004.0,138935.0,0.0
2007-05-31,2007-08-09,a07-17220_1ncsrs.htm,0001104659-07-060863,N-CSRS,SEC-MORGAN-NDX,,"Whole Foods Market, Inc","Whole Foods Market, Inc",,,3279.0,134767.0,0.0
2007-05-31,2007-08-09,a07-17220_1ncsrs.htm,0001104659-07-060863,N-CSRS,SEC-MORGAN-NDX,,Discovery Holding Company (Class A),Discovery Holding Company (Class A),,,5662.0,132378.0,0.0
2007-05-31,2007-08-09,a07-17220_1ncsrs.htm,0001104659-07-060863,N-CSRS,SEC-MORGAN-NDX,,Check Point Software Technologies Ltd. (Israel),Check Point Software Technologies Ltd. (Israel),,,5603.0,130886.0,0.0
2007-05-31,2007-08-09,a07-17220_1ncsrs.htm,0001104659-07-060863,N-CSRS,SEC-MORGAN-NDX,,Sigma-Aldrich Corp,Sigma-Aldrich Corp,,,3017.0,130576.0,0.0
2007-05-31,2007-08-09,a07-17220_1ncsrs.htm,0001104659-07-060863,N-CSRS,SEC-MORGAN-NDX,,"Infosys Technologies, Ltd. (ADR) (India)","Infosys Technologies, Ltd. (ADR) (India)",,,2626.0,129331.0,0.0
2007-05-31,2007-08-09,a07-17220_1ncsrs.htm,0001104659-07-060863,N-CSRS,SEC-MORGAN-NDX,,Lamar Advertising Co. (Class A),Lamar Advertising Co. (Class A),,,1924.0,126022.0,0.0
2007-05-31,2007-08-09,a07-17220_1ncsrs.htm,0001104659-07-060863,N-CSRS,SEC-MORGAN-NDX,,"DENTSPLY International, Inc","DENTSPLY International, Inc",,,3473.0,125514.0,0.0
2007-05-31,2007-08-09,a07-17220_1ncsrs.htm,0001104659-07-060863,N-CSRS,SEC-MORGAN-NDX,,"Cephalon, Inc","Cephalon, Inc",,,1500.0,124515.0,0.0
2007-05-31,2007-08-09,a07-17220_1ncsrs.htm,0001104659-07-060863,N-CSRS,SEC-MORGAN-NDX,,"Sepracor, Inc","Sepracor, Inc",,,2544.0,123893.0,0.0
2007-05-31,2007-08-09,a07-17220_1ncsrs.htm,0001104659-07-060863,N-CSRS,SEC-MORGAN-NDX,,Ryanair Holdings PLC (ADR) (Ireland),Ryanair Holdings PLC (ADR) (Ireland),,,3000.0,123870.0,0.0
2007-05-31,2007-08-09,a07-17220_1ncsrs.htm,0001104659-07-060863,N-CSRS,SEC-MORGAN-NDX,,"Intuitive Surgical, Inc","Intuitive Surgical, Inc",,,889.0,122353.0,0.0
2007-05-31,2007-08-09,a07-17220_1ncsrs.htm,0001104659-07-060863,N-CSRS,SEC-MORGAN-NDX,,"Patterson Companies, Inc","Patterson Companies, Inc",,,3174.0,119088.0,0.0
2007-05-31,2007-08-09,a07-17220_1ncsrs.htm,0001104659-07-060863,N-CSRS,SEC-MORGAN-NDX,,"Activision, Inc","Activision, Inc",,,5953.0,117810.0,0.0
2007-05-31,2007-08-09,a07-17220_1ncsrs.htm,0001104659-07-060863,N-CSRS,SEC-MORGAN-NDX,,Logitech International (ADR) (Switzerland),Logitech International (ADR) (Switzerland),,,4246.0,113496.0,0.0
2007-05-31,2007-08-09,a07-17220_1ncsrs.htm,0001104659-07-060863,N-CSRS,SEC-MORGAN-NDX,,"BEA Systems, Inc","BEA Systems, Inc",,,8643.0,111063.0,0.0
2007-05-31,2007-08-09,a07-17220_1ncsrs.htm,0001104659-07-060863,N-CSRS,SEC-MORGAN-NDX,,Sirius Satellite Radio Inc,Sirius Satellite Radio Inc,,,37593.0,110147.0,0.0
2007-05-31,2007-08-09,a07-17220_1ncsrs.htm,0001104659-07-060863,N-CSRS,SEC-MORGAN-NDX,,"PetSmart, Inc","PetSmart, Inc",,,3196.0,109367.0,0.0
2007-05-31,2007-08-09,a07-17220_1ncsrs.htm,0001104659-07-060863,N-CSRS,SEC-MORGAN-NDX,,"Ross Stores, Inc","Ross Stores, Inc",,,3273.0,107485.0,0.0
2007-05-31,2007-08-09,a07-17220_1ncsrs.htm,0001104659-07-060863,N-CSRS,SEC-MORGAN-NDX,,Telefonaktiebolaget LM Ericsson (ADR) (Sweden),Telefonaktiebolaget LM Ericsson (ADR) (Sweden),,,2814.0,106876.0,0.0
2007-05-31,2007-08-09,a07-17220_1ncsrs.htm,0001104659-07-060863,N-CSRS,SEC-MORGAN-NDX,,"Patterson-UTI Energy, Inc","Patterson-UTI Energy, Inc",,,3760.0,99339.0,0.0
2007-05-31,2007-08-09,a07-17220_1ncsrs.htm,0001104659-07-060863,N-CSRS,SEC-MORGAN-NDX,,UAL Corp,UAL Corp,,,2468.0,96894.0,0.0
2007-05-31,2007-08-09,a07-17220_1ncsrs.htm,0001104659-07-060863,N-CSRS,SEC-MORGAN-NDX,,Vertex Pharmaceuticals Inc,Vertex Pharmaceuticals Inc,,,3150.0,94059.0,0.0
2007-05-31,2007-08-09,a07-17220_1ncsrs.htm,0001104659-07-060863,N-CSRS,SEC-MORGAN-NDX,,Long Nasdaq-100 Index June 2007,Long Nasdaq-100 Index June 2007,,,6.0,92321.0,0.0
2007-05-31,2007-08-09,a07-17220_1ncsrs.htm,0001104659-07-060863,N-CSRS,SEC-MORGAN-NDX,,XM Satellite Radio Holdings Inc. (Class A),XM Satellite Radio Holdings Inc. (Class A),,,7510.0,86966.0,0.0
2007-05-31,2007-08-09,a07-17220_1ncsrs.htm,0001104659-07-060863,N-CSRS,SEC-MORGAN-NDX,,CheckFree Corp,CheckFree Corp,,,1982.0,77793.0,0.0
2007-05-31,2007-08-09,a07-17220_1ncsrs.htm,0001104659-07-060863,N-CSRS,SEC-MORGAN-NDX,,"Tellabs, Inc","Tellabs, Inc",,,5927.0,64901.0,0.0
2007-05-31,2007-08-09,a07-17220_1ncsrs.htm,0001104659-07-060863,N-CSRS,SEC-MORGAN-NDX,,Long Nasdaq-100 E-Mini June 2007,Long Nasdaq-100 E-Mini June 2007,,,8.0,12489.0,0.0
2007-06-30,2007-08-24,g42274_seriesnq.txt,0000935069-07-001876,N-Q,SEC-RYDEX-NDX,,Investment in Securities Lending Short Term Investment Portfolio held by U.S. Bank,Investment in Securities Lending Short Term Investment Portfolio held by U.S. Bank,,,161198115.0,161198115.0,0.0
2007-06-30,2007-08-24,g42274_seriesnq.txt,0000935069-07-001876,N-Q,SEC-RYDEX-NDX,,"Apple Computer, Inc","Apple Computer, Inc",,,486390.0,59359036.0,0.0
2007-06-30,2007-08-24,g42274_seriesnq.txt,0000935069-07-001876,N-Q,SEC-RYDEX-NDX,,Microsoft Corp,Microsoft Corp,,,1363972.0,40196255.0,0.0
2007-06-30,2007-08-24,g42274_seriesnq.txt,0000935069-07-001876,N-Q,SEC-RYDEX-NDX,,"Qualcomm, Inc","Qualcomm, Inc",,,784130.0,34023401.0,0.0
2007-06-30,2007-08-24,g42274_seriesnq.txt,0000935069-07-001876,N-Q,SEC-RYDEX-NDX,,"Google, Inc. -- Class A","Google, Inc. -- Class A",,,51750.0,27084915.0,0.0
2007-06-30,2007-08-24,g42274_seriesnq.txt,0000935069-07-001876,N-Q,SEC-RYDEX-NDX,,"Cisco Systems, Inc","Cisco Systems, Inc",,,918450.0,25578832.0,0.0
2007-06-30,2007-08-24,g42274_seriesnq.txt,0000935069-07-001876,N-Q,SEC-RYDEX-NDX,,"Lehman Brothers Holdings, Inc. issued 06/29/07 at 4.15% due 07/02/07~","Lehman Brothers Holdings, Inc. issued 06/29/07 at 4.15% due 07/02/07~",,,22293251.0,22293251.0,0.0
2007-06-30,2007-08-24,g42274_seriesnq.txt,0000935069-07-001876,N-Q,SEC-RYDEX-NDX,,"Collateralized by U.S. Treasury Obligations Mizuho Financial Group, Inc. issued 06/29/07 at 4.50% due 07/02/07","Collateralized by U.S. Treasury Obligations Mizuho Financial Group, Inc. issued 06/29/07 at 4.50% due 07/02/07",,,21692130.0,21692130.0,0.0
2007-06-30,2007-08-24,g42274_seriesnq.txt,0000935069-07-001876,N-Q,SEC-RYDEX-NDX,,Comcast Corp. -- Class A*+,Comcast Corp. -- Class A*+,,,651770.0,18327772.0,0.0
2007-06-30,2007-08-24,g42274_seriesnq.txt,0000935069-07-001876,N-Q,SEC-RYDEX-NDX,,Oracle Corp,Oracle Corp,,,875650.0,17259061.0,0.0
2007-06-30,2007-08-24,g42274_seriesnq.txt,0000935069-07-001876,N-Q,SEC-RYDEX-NDX,,"Gilead Sciences, Inc","Gilead Sciences, Inc",,,386480.0,14983830.0,0.0
2007-06-30,2007-08-24,g42274_seriesnq.txt,0000935069-07-001876,N-Q,SEC-RYDEX-NDX,,Research In Motion Ltd,Research In Motion Ltd,,,72710.0,14541273.0,0.0
2007-06-30,2007-08-24,g42274_seriesnq.txt,0000935069-07-001876,N-Q,SEC-RYDEX-NDX,,"Applied Materials, Inc.+","Applied Materials, Inc.+",,,706145.0,14031101.0,0.0
2007-06-30,2007-08-24,g42274_seriesnq.txt,0000935069-07-001876,N-Q,SEC-RYDEX-NDX,,"eBay, Inc.*+","eBay, Inc.*+",,,421374.0,13559815.0,0.0
2007-06-30,2007-08-24,g42274_seriesnq.txt,0000935069-07-001876,N-Q,SEC-RYDEX-NDX,,"Amgen, Inc.*+","Amgen, Inc.*+",,,239000.0,13214310.0,0.0
2007-06-30,2007-08-24,g42274_seriesnq.txt,0000935069-07-001876,N-Q,SEC-RYDEX-NDX,,"Fiserv, Inc","Fiserv, Inc",,,219770.0,12482936.0,0.0
2007-06-30,2007-08-24,g42274_seriesnq.txt,0000935069-07-001876,N-Q,SEC-RYDEX-NDX,,Intel Corp,Intel Corp,,,513770.0,12207175.0,0.0
2007-06-30,2007-08-24,g42274_seriesnq.txt,0000935069-07-001876,N-Q,SEC-RYDEX-NDX,,"VeriSign, Inc.*+","VeriSign, Inc.*+",,,357960.0,11358071.0,0.0
2007-06-30,2007-08-24,g42274_seriesnq.txt,0000935069-07-001876,N-Q,SEC-RYDEX-NDX,,Sears Holdings Corp.*+,Sears Holdings Corp.*+,,,66000.0,11187000.0,0.0
2007-06-30,2007-08-24,g42274_seriesnq.txt,0000935069-07-001876,N-Q,SEC-RYDEX-NDX,,Lam Research Corp.*+,Lam Research Corp.*+,,,206440.0,10611016.0,0.0
2007-06-30,2007-08-24,g42274_seriesnq.txt,0000935069-07-001876,N-Q,SEC-RYDEX-NDX,,Teva Pharmaceutical Industries Ltd. -- SP ADR+,Teva Pharmaceutical Industries Ltd. -- SP ADR+,,,251793.0,10386461.0,0.0
2007-06-30,2007-08-24,g42274_seriesnq.txt,0000935069-07-001876,N-Q,SEC-RYDEX-NDX,,Starbucks Corp.*+,Starbucks Corp.*+,,,387100.0,10157504.0,0.0
2007-06-30,2007-08-24,g42274_seriesnq.txt,0000935069-07-001876,N-Q,SEC-RYDEX-NDX,,"Paccar, Inc.+","Paccar, Inc.+",,,111642.0,9717320.0,0.0
2007-06-30,2007-08-24,g42274_seriesnq.txt,0000935069-07-001876,N-Q,SEC-RYDEX-NDX,,Celgene Corp.*+,Celgene Corp.*+,,,155494.0,8914471.0,0.0
2007-06-30,2007-08-24,g42274_seriesnq.txt,0000935069-07-001876,N-Q,SEC-RYDEX-NDX,,"Dell, Inc","Dell, Inc",,,295150.0,8426532.0,0.0
2007-06-30,2007-08-24,g42274_seriesnq.txt,0000935069-07-001876,N-Q,SEC-RYDEX-NDX,,due 07/02/07~,due 07/02/07~,,,8207713.0,8207713.0,0.0
2007-06-30,2007-08-24,g42274_seriesnq.txt,0000935069-07-001876,N-Q,SEC-RYDEX-NDX,,Genzyme Corp.*+,Genzyme Corp.*+,,,126170.0,8125348.0,0.0
2007-06-30,2007-08-24,g42274_seriesnq.txt,0000935069-07-001876,N-Q,SEC-RYDEX-NDX,,KLA-Tencor Corp.+,KLA-Tencor Corp.+,,,146650.0,8058417.0,0.0
2007-06-30,2007-08-24,g42274_seriesnq.txt,0000935069-07-001876,N-Q,SEC-RYDEX-NDX,,"Staples, Inc.+","Staples, Inc.+",,,325608.0,7726678.0,0.0
2007-06-30,2007-08-24,g42274_seriesnq.txt,0000935069-07-001876,N-Q,SEC-RYDEX-NDX,,"Adobe Systems, Inc.*+","Adobe Systems, Inc.*+",,,181050.0,7269158.0,0.0
2007-06-30,2007-08-24,g42274_seriesnq.txt,0000935069-07-001876,N-Q,SEC-RYDEX-NDX,,Symantec Corp.*+,Symantec Corp.*+,,,353890.0,7148578.0,0.0
2007-06-30,2007-08-24,g42274_seriesnq.txt,0000935069-07-001876,N-Q,SEC-RYDEX-NDX,,"Biogen Idec, Inc","Biogen Idec, Inc",,,130238.0,6967733.0,0.0
2007-06-30,2007-08-24,g42274_seriesnq.txt,0000935069-07-001876,N-Q,SEC-RYDEX-NDX,,"Expedia, Inc.*+","Expedia, Inc.*+",,,224080.0,6563303.0,0.0
2007-06-30,2007-08-24,g42274_seriesnq.txt,0000935069-07-001876,N-Q,SEC-RYDEX-NDX,,"Biomet, Inc","Biomet, Inc",,,139362.0,6371631.0,0.0
2007-06-30,2007-08-24,g42274_seriesnq.txt,0000935069-07-001876,N-Q,SEC-RYDEX-NDX,,Garmin Ltd.+,Garmin Ltd.+,,,85810.0,6347366.0,0.0
2007-06-30,2007-08-24,g42274_seriesnq.txt,0000935069-07-001876,N-Q,SEC-RYDEX-NDX,,"BEA Systems, Inc.*+","BEA Systems, Inc.*+",,,462515.0,6331830.0,0.0
2007-06-30,2007-08-24,g42274_seriesnq.txt,0000935069-07-001876,N-Q,SEC-RYDEX-NDX,,Nvidia Corp,Nvidia Corp,,,152560.0,6302254.0,0.0
2007-06-30,2007-08-24,g42274_seriesnq.txt,0000935069-07-001876,N-Q,SEC-RYDEX-NDX,,"Amazon.com, Inc.*+","Amazon.com, Inc.*+",,,88340.0,6043339.0,0.0
2007-06-30,2007-08-24,g42274_seriesnq.txt,0000935069-07-001876,N-Q,SEC-RYDEX-NDX,,Costco Wholesale Corp.+,Costco Wholesale Corp.+,,,92000.0,5383840.0,0.0
2007-06-30,2007-08-24,g42274_seriesnq.txt,0000935069-07-001876,N-Q,SEC-RYDEX-NDX,,Flextronics International Ltd.*+,Flextronics International Ltd.*+,,,496970.0,5367276.0,0.0
2007-06-30,2007-08-24,g42274_seriesnq.txt,0000935069-07-001876,N-Q,SEC-RYDEX-NDX,,"NII Holdings, Inc. -- Class B*+","NII Holdings, Inc. -- Class B*+",,,63677.0,5141281.0,0.0
2007-06-30,2007-08-24,g42274_seriesnq.txt,0000935069-07-001876,N-Q,SEC-RYDEX-NDX,,"Express Scripts, Inc","Express Scripts, Inc",,,100680.0,5035007.0,0.0
2007-06-30,2007-08-24,g42274_seriesnq.txt,0000935069-07-001876,N-Q,SEC-RYDEX-NDX,,Marvell Technology Group Ltd.*+,Marvell Technology Group Ltd.*+,,,274660.0,5001559.0,0.0
2007-06-30,2007-08-24,g42274_seriesnq.txt,0000935069-07-001876,N-Q,SEC-RYDEX-NDX,,"Intuit, Inc.*+","Intuit, Inc.*+",,,163150.0,4907552.0,0.0
2007-06-30,2007-08-24,g42274_seriesnq.txt,0000935069-07-001876,N-Q,SEC-RYDEX-NDX,,Liberty Media Corp - Interactive,Liberty Media Corp - Interactive,,,217370.0,4853872.0,0.0
2007-06-30,2007-08-24,g42274_seriesnq.txt,0000935069-07-001876,N-Q,SEC-RYDEX-NDX,,"Cadence Design Systems, Inc.*+","Cadence Design Systems, Inc.*+",,,220560.0,4843498.0,0.0
2007-06-30,2007-08-24,g42274_seriesnq.txt,0000935069-07-001876,N-Q,SEC-RYDEX-NDX,,Check Point Software Technologies Ltd.*+,Check Point Software Technologies Ltd.*+,,,202480.0,4618569.0,0.0
2007-06-30,2007-08-24,g42274_seriesnq.txt,0000935069-07-001876,N-Q,SEC-RYDEX-NDX,,Wynn Resorts Ltd.+,Wynn Resorts Ltd.+,,,51380.0,4608272.0,0.0
2007-06-30,2007-08-24,g42274_seriesnq.txt,0000935069-07-001876,N-Q,SEC-RYDEX-NDX,,"Apollo Group, Inc. -- Class A*+","Apollo Group, Inc. -- Class A*+",,,77410.0,4523066.0,0.0
2007-06-30,2007-08-24,g42274_seriesnq.txt,0000935069-07-001876,N-Q,SEC-RYDEX-NDX,,Broadcom Corp. -- Class A*+,Broadcom Corp. -- Class A*+,,,150590.0,4404758.0,0.0
2007-06-30,2007-08-24,g42274_seriesnq.txt,0000935069-07-001876,N-Q,SEC-RYDEX-NDX,,"Network Appliance, Inc","Network Appliance, Inc",,,147780.0,4315176.0,0.0
2007-06-30,2007-08-24,g42274_seriesnq.txt,0000935069-07-001876,N-Q,SEC-RYDEX-NDX,,IAC/InterActiveCorp*+,IAC/InterActiveCorp*+,,,119450.0,4134165.0,0.0
2007-06-30,2007-08-24,g42274_seriesnq.txt,0000935069-07-001876,N-Q,SEC-RYDEX-NDX,,"Juniper Networks, Inc.*+","Juniper Networks, Inc.*+",,,163750.0,4121588.0,0.0
2007-06-30,2007-08-24,g42274_seriesnq.txt,0000935069-07-001876,N-Q,SEC-RYDEX-NDX,,Altera Corp.+,Altera Corp.+,,,178930.0,3959721.0,0.0
2007-06-30,2007-08-24,g42274_seriesnq.txt,0000935069-07-001876,N-Q,SEC-RYDEX-NDX,,Cognizant Technology Solutions Corp. -- Class A,Cognizant Technology Solutions Corp. -- Class A,,,49241.0,3697507.0,0.0
2007-06-30,2007-08-24,g42274_seriesnq.txt,0000935069-07-001876,N-Q,SEC-RYDEX-NDX,,Millicom International Cellular SA*+,Millicom International Cellular SA*+,,,39168.0,3589355.0,0.0
2007-06-30,2007-08-24,g42274_seriesnq.txt,0000935069-07-001876,N-Q,SEC-RYDEX-NDX,,"CH Robinson Worldwide, Inc","CH Robinson Worldwide, Inc",,,67226.0,3530709.0,0.0
2007-06-30,2007-08-24,g42274_seriesnq.txt,0000935069-07-001876,N-Q,SEC-RYDEX-NDX,,"Xilinx, Inc.+","Xilinx, Inc.+",,,129590.0,3469124.0,0.0
2007-06-30,2007-08-24,g42274_seriesnq.txt,0000935069-07-001876,N-Q,SEC-RYDEX-NDX,,at 4.14% due 07/02/07,at 4.14% due 07/02/07,,,3467358.0,3467358.0,0.0
2007-06-30,2007-08-24,g42274_seriesnq.txt,0000935069-07-001876,N-Q,SEC-RYDEX-NDX,,"Expeditors International Washington, Inc.+","Expeditors International Washington, Inc.+",,,83610.0,3453093.0,0.0
2007-06-30,2007-08-24,g42274_seriesnq.txt,0000935069-07-001876,N-Q,SEC-RYDEX-NDX,,"Bed Bath & Beyond, Inc.*+","Bed Bath & Beyond, Inc.*+",,,94000.0,3383060.0,0.0
2007-06-30,2007-08-24,g42274_seriesnq.txt,0000935069-07-001876,N-Q,SEC-RYDEX-NDX,,"Liberty Global, Inc. -- Class A*+","Liberty Global, Inc. -- Class A*+",,,81240.0,3334090.0,0.0
2007-06-30,2007-08-24,g42274_seriesnq.txt,0000935069-07-001876,N-Q,SEC-RYDEX-NDX,,"Autodesk, Inc","Autodesk, Inc",,,69620.0,3277710.0,0.0
2007-06-30,2007-08-24,g42274_seriesnq.txt,0000935069-07-001876,N-Q,SEC-RYDEX-NDX,,SanDisk Corp.*+,SanDisk Corp.*+,,,66290.0,3244233.0,0.0
2007-06-30,2007-08-24,g42274_seriesnq.txt,0000935069-07-001876,N-Q,SEC-RYDEX-NDX,,CheckFree Corp.*+,CheckFree Corp.*+,,,80570.0,3238914.0,0.0
2007-06-30,2007-08-24,g42274_seriesnq.txt,0000935069-07-001876,N-Q,SEC-RYDEX-NDX,,"Level 3 Communications, Inc.*+","Level 3 Communications, Inc.*+",,,548500.0,3208725.0,0.0
2007-06-30,2007-08-24,g42274_seriesnq.txt,0000935069-07-001876,N-Q,SEC-RYDEX-NDX,,EchoStar Communications Corp.*+,EchoStar Communications Corp.*+,,,73710.0,3196803.0,0.0
2007-06-30,2007-08-24,g42274_seriesnq.txt,0000935069-07-001876,N-Q,SEC-RYDEX-NDX,,Cintas Corp.+,Cintas Corp.+,,,79217.0,3123526.0,0.0
2007-06-30,2007-08-24,g42274_seriesnq.txt,0000935069-07-001876,N-Q,SEC-RYDEX-NDX,,"Sirius Satellite Radio, Inc.*+","Sirius Satellite Radio, Inc.*+",,,987790.0,2983126.0,0.0
2007-06-30,2007-08-24,g42274_seriesnq.txt,0000935069-07-001876,N-Q,SEC-RYDEX-NDX,,"Virgin Media, Inc","Virgin Media, Inc",,,120260.0,2930736.0,0.0
2007-06-30,2007-08-24,g42274_seriesnq.txt,0000935069-07-001876,N-Q,SEC-RYDEX-NDX,,"Joy Global, Inc.+","Joy Global, Inc.+",,,46360.0,2704179.0,0.0
2007-06-30,2007-08-24,g42274_seriesnq.txt,0000935069-07-001876,N-Q,SEC-RYDEX-NDX,,Logitech International SA*+,Logitech International SA*+,,,102431.0,2703154.0,0.0
2007-06-30,2007-08-24,g42274_seriesnq.txt,0000935069-07-001876,N-Q,SEC-RYDEX-NDX,,Lamar Advertising Co. -- Class A+,Lamar Advertising Co. -- Class A+,,,40250.0,2526090.0,0.0
2007-06-30,2007-08-24,g42274_seriesnq.txt,0000935069-07-001876,N-Q,SEC-RYDEX-NDX,,Fastenal Co.+,Fastenal Co.+,,,59592.0,2494521.0,0.0
2007-06-30,2007-08-24,g42274_seriesnq.txt,0000935069-07-001876,N-Q,SEC-RYDEX-NDX,,"Maxim Integrated Products, Inc","Maxim Integrated Products, Inc",,,73870.0,2467997.0,0.0
2007-06-30,2007-08-24,g42274_seriesnq.txt,0000935069-07-001876,N-Q,SEC-RYDEX-NDX,,"Ross Stores, Inc.+","Ross Stores, Inc.+",,,78730.0,2424884.0,0.0
2007-06-30,2007-08-24,g42274_seriesnq.txt,0000935069-07-001876,N-Q,SEC-RYDEX-NDX,,"Yahoo!, Inc.*+","Yahoo!, Inc.*+",,,83110.0,2254774.0,0.0
2007-06-30,2007-08-24,g42274_seriesnq.txt,0000935069-07-001876,N-Q,SEC-RYDEX-NDX,,"Monster Worldwide, Inc.*+","Monster Worldwide, Inc.*+",,,54336.0,2233210.0,0.0
2007-06-30,2007-08-24,g42274_seriesnq.txt,0000935069-07-001876,N-Q,SEC-RYDEX-NDX,,"Whole Foods Market, Inc.+","Whole Foods Market, Inc.+",,,58196.0,2228907.0,0.0
2007-06-30,2007-08-24,g42274_seriesnq.txt,0000935069-07-001876,N-Q,SEC-RYDEX-NDX,,"Sun Microsystems, Inc","Sun Microsystems, Inc",,,422320.0,2221403.0,0.0
2007-06-30,2007-08-24,g42274_seriesnq.txt,0000935069-07-001876,N-Q,SEC-RYDEX-NDX,,"Patterson Cos., Inc.*+","Patterson Cos., Inc.*+",,,58128.0,2166430.0,0.0
2007-06-30,2007-08-24,g42274_seriesnq.txt,0000935069-07-001876,N-Q,SEC-RYDEX-NDX,,"Citrix Systems, Inc.*+","Citrix Systems, Inc.*+",,,63460.0,2136698.0,0.0
2007-06-30,2007-08-24,g42274_seriesnq.txt,0000935069-07-001876,N-Q,SEC-RYDEX-NDX,,"Intuitive Surgical, Inc","Intuitive Surgical, Inc",,,14736.0,2044915.0,0.0
2007-06-30,2007-08-24,g42274_seriesnq.txt,0000935069-07-001876,N-Q,SEC-RYDEX-NDX,,Infosys Technologies Ltd. -- SP ADR+,Infosys Technologies Ltd. -- SP ADR+,,,40030.0,2016711.0,0.0
2007-06-30,2007-08-24,g42274_seriesnq.txt,0000935069-07-001876,N-Q,SEC-RYDEX-NDX,,Telefonaktiebolaget LM Ericsson -- SP ADR+,Telefonaktiebolaget LM Ericsson -- SP ADR+,,,49080.0,1957801.0,0.0
2007-06-30,2007-08-24,g42274_seriesnq.txt,0000935069-07-001876,N-Q,SEC-RYDEX-NDX,,"Tellabs, Inc","Tellabs, Inc",,,180940.0,1946914.0,0.0
2007-06-30,2007-08-24,g42274_seriesnq.txt,0000935069-07-001876,N-Q,SEC-RYDEX-NDX,,Sigma-Aldrich Corp,Sigma-Aldrich Corp,,,44500.0,1898815.0,0.0
2007-06-30,2007-08-24,g42274_seriesnq.txt,0000935069-07-001876,N-Q,SEC-RYDEX-NDX,,"DENTSPLY International, Inc","DENTSPLY International, Inc",,,48610.0,1859819.0,0.0
2007-06-30,2007-08-24,g42274_seriesnq.txt,0000935069-07-001876,N-Q,SEC-RYDEX-NDX,,"Electronic Arts, Inc","Electronic Arts, Inc",,,38230.0,1809044.0,0.0
2007-06-30,2007-08-24,g42274_seriesnq.txt,0000935069-07-001876,N-Q,SEC-RYDEX-NDX,,"Cephalon, Inc.*+","Cephalon, Inc.*+",,,21800.0,1752502.0,0.0
2007-06-30,2007-08-24,g42274_seriesnq.txt,0000935069-07-001876,N-Q,SEC-RYDEX-NDX,,CDW Corp,CDW Corp,,,20330.0,1727440.0,0.0
2007-06-30,2007-08-24,g42274_seriesnq.txt,0000935069-07-001876,N-Q,SEC-RYDEX-NDX,,UAL Corp,UAL Corp,,,42200.0,1712898.0,0.0
2007-06-30,2007-08-24,g42274_seriesnq.txt,0000935069-07-001876,N-Q,SEC-RYDEX-NDX,,"Patterson-UTI Energy, Inc.+","Patterson-UTI Energy, Inc.+",,,65206.0,1709049.0,0.0
2007-06-30,2007-08-24,g42274_seriesnq.txt,0000935069-07-001876,N-Q,SEC-RYDEX-NDX,,Ryanair Holdings PLC -- SP ADR*+,Ryanair Holdings PLC -- SP ADR*+,,,45060.0,1701015.0,0.0
2007-06-30,2007-08-24,g42274_seriesnq.txt,0000935069-07-001876,N-Q,SEC-RYDEX-NDX,,"Sepracor, Inc.*+","Sepracor, Inc.*+",,,40960.0,1680179.0,0.0
2007-06-30,2007-08-24,g42274_seriesnq.txt,0000935069-07-001876,N-Q,SEC-RYDEX-NDX,,"Amylin Pharmaceuticals, Inc.*+","Amylin Pharmaceuticals, Inc.*+",,,40330.0,1659983.0,0.0
2007-06-30,2007-08-24,g42274_seriesnq.txt,0000935069-07-001876,N-Q,SEC-RYDEX-NDX,,at 4.25% due 07/02/07,at 4.25% due 07/02/07,,,1437685.0,1437685.0,0.0
2007-06-30,2007-08-24,g42274_seriesnq.txt,0000935069-07-001876,N-Q,SEC-RYDEX-NDX,,"Vertex Pharmaceuticals, Inc.*+","Vertex Pharmaceuticals, Inc.*+",,,46890.0,1339178.0,0.0
2007-06-30,2007-08-24,g42274_seriesnq.txt,0000935069-07-001876,N-Q,SEC-RYDEX-NDX,,Discovery Holding Co. -- Class A,Discovery Holding Co. -- Class A,,,48310.0,1110647.0,0.0
2007-06-30,2007-08-24,g42274_seriesnq.txt,0000935069-07-001876,N-Q,SEC-RYDEX-NDX,,"Akamai Technologies, Inc.*+","Akamai Technologies, Inc.*+",,,15510.0,754406.0,0.0
2007-06-30,2007-08-24,g42274_seriesnq.txt,0000935069-07-001876,N-Q,SEC-RYDEX-NDX,,"Activision, Inc.*+","Activision, Inc.*+",,,36120.0,674360.0,0.0
2007-06-30,2007-08-24,g42274_seriesnq.txt,0000935069-07-001876,N-Q,SEC-RYDEX-NDX,,"Contracts $38,543,050)","Contracts $38,543,050)",,,985.0,371690.0,0.0
2007-06-30,2007-08-24,g42274_seriesnq.txt,0000935069-07-001876,N-Q,SEC-RYDEX-NDX,,Fannie Mae** 5.10% due 07/23/07,Fannie Mae** 5.10% due 07/23/07,,,250000.0,249256.0,0.0
2007-06-30,2007-08-24,g42274_seriesnq.txt,0000935069-07-001876,N-Q,SEC-RYDEX-NDX,,"(Notional Market Value $9,678,486)","(Notional Market Value $9,678,486)",,,5004.0,9516.0,0.0
2007-06-30,2007-08-24,g42274_seriesnq.txt,0000935069-07-001876,N-Q,SEC-RYDEX-NDX,,** The issuer is a publicly traded company that operates under a congressional charter; its securities are neither issued nor guaranteed by the U.S. Government. + All or a portion of this security is on loan at June,** The issuer is a publicly traded company that operates under a congressional charter; its securities are neither issued nor guaranteed by the U.S. Government. + All or a portion of this security is on loan at June,,,30.0,2007.0,0.0
2007-08-31,2007-10-26,a07-26369_1nq.htm,0001104659-07-077227,N-Q,SEC-MORGAN-NDX,,Apple Inc,Apple Inc,,,28964.0,4010935.0,0.0
2007-08-31,2007-10-26,a07-26369_1nq.htm,0001104659-07-077227,N-Q,SEC-MORGAN-NDX,,Microsoft Corp,Microsoft Corp,,,76073.0,2185577.0,0.0
2007-08-31,2007-10-26,a07-26369_1nq.htm,0001104659-07-077227,N-Q,SEC-MORGAN-NDX,,"QUALCOMM, Inc","QUALCOMM, Inc",,,46167.0,1841602.0,0.0
2007-08-31,2007-10-26,a07-26369_1nq.htm,0001104659-07-077227,N-Q,SEC-MORGAN-NDX,,Google Inc. (Class A),Google Inc. (Class A),,,3357.0,1729694.0,0.0
2007-08-31,2007-10-26,a07-26369_1nq.htm,0001104659-07-077227,N-Q,SEC-MORGAN-NDX,,"Cisco Systems, Inc","Cisco Systems, Inc",,,50587.0,1614737.0,0.0
2007-08-31,2007-10-26,a07-26369_1nq.htm,0001104659-07-077227,N-Q,SEC-MORGAN-NDX,,"Morgan Stanley Institutional Liquidity Money Market Portfolio - Institutional Class (Cost $1,215,194)","Morgan Stanley Institutional Liquidity Money Market Portfolio - Institutional Class (Cost $1,215,194)",,,1215.0,1215194.0,0.0
2007-08-31,2007-10-26,a07-26369_1nq.htm,0001104659-07-077227,N-Q,SEC-MORGAN-NDX,,Intel Corp,Intel Corp,,,45756.0,1178217.0,0.0
2007-08-31,2007-10-26,a07-26369_1nq.htm,0001104659-07-077227,N-Q,SEC-MORGAN-NDX,,Research In Motion Ltd. (Canada),Research In Motion Ltd. (Canada),,,12645.0,1080009.0,0.0
2007-08-31,2007-10-26,a07-26369_1nq.htm,0001104659-07-077227,N-Q,SEC-MORGAN-NDX,,Oracle Corp,Oracle Corp,,,49464.0,1003130.0,0.0
2007-08-31,2007-10-26,a07-26369_1nq.htm,0001104659-07-077227,N-Q,SEC-MORGAN-NDX,,Comcast Corp. (Class A),Comcast Corp. (Class A),,,33167.0,865327.0,0.0
2007-08-31,2007-10-26,a07-26369_1nq.htm,0001104659-07-077227,N-Q,SEC-MORGAN-NDX,,eBay Inc,eBay Inc,,,23722.0,808920.0,0.0
2007-08-31,2007-10-26,a07-26369_1nq.htm,0001104659-07-077227,N-Q,SEC-MORGAN-NDX,,"Gilead Sciences, Inc","Gilead Sciences, Inc",,,21130.0,768498.0,0.0
2007-08-31,2007-10-26,a07-26369_1nq.htm,0001104659-07-077227,N-Q,SEC-MORGAN-NDX,,Starbucks Corp,Starbucks Corp,,,23980.0,660649.0,0.0
2007-08-31,2007-10-26,a07-26369_1nq.htm,0001104659-07-077227,N-Q,SEC-MORGAN-NDX,,Amgen Inc,Amgen Inc,,,12460.0,624371.0,0.0
2007-08-31,2007-10-26,a07-26369_1nq.htm,0001104659-07-077227,N-Q,SEC-MORGAN-NDX,,Teva Pharmaceutical Industries Ltd. (ADR) (Israel),Teva Pharmaceutical Industries Ltd. (ADR) (Israel),,,13733.0,590519.0,0.0
2007-08-31,2007-10-26,a07-26369_1nq.htm,0001104659-07-077227,N-Q,SEC-MORGAN-NDX,,"Adobe Systems, Inc","Adobe Systems, Inc",,,13139.0,561692.0,0.0
2007-08-31,2007-10-26,a07-26369_1nq.htm,0001104659-07-077227,N-Q,SEC-MORGAN-NDX,,Celgene Corp,Celgene Corp,,,8722.0,560040.0,0.0
2007-08-31,2007-10-26,a07-26369_1nq.htm,0001104659-07-077227,N-Q,SEC-MORGAN-NDX,,Biogen Idec Inc,Biogen Idec Inc,,,8723.0,556702.0,0.0
2007-08-31,2007-10-26,a07-26369_1nq.htm,0001104659-07-077227,N-Q,SEC-MORGAN-NDX,,Dell Inc,Dell Inc,,,19591.0,553446.0,0.0
2007-08-31,2007-10-26,a07-26369_1nq.htm,0001104659-07-077227,N-Q,SEC-MORGAN-NDX,,Sears Holdings Corp,Sears Holdings Corp,,,3778.0,542370.0,0.0
2007-08-31,2007-10-26,a07-26369_1nq.htm,0001104659-07-077227,N-Q,SEC-MORGAN-NDX,,"PACCAR, Inc","PACCAR, Inc",,,6321.0,540761.0,0.0
2007-08-31,2007-10-26,a07-26369_1nq.htm,0001104659-07-077227,N-Q,SEC-MORGAN-NDX,,"Amazon.com, Inc","Amazon.com, Inc",,,6566.0,524689.0,0.0
2007-08-31,2007-10-26,a07-26369_1nq.htm,0001104659-07-077227,N-Q,SEC-MORGAN-NDX,,Genzyme Corp,Genzyme Corp,,,7497.0,467888.0,0.0
2007-08-31,2007-10-26,a07-26369_1nq.htm,0001104659-07-077227,N-Q,SEC-MORGAN-NDX,,Garmin Ltd. (Cayman Islands),Garmin Ltd. (Cayman Islands),,,4437.0,451820.0,0.0
2007-08-31,2007-10-26,a07-26369_1nq.htm,0001104659-07-077227,N-Q,SEC-MORGAN-NDX,,NVIDIA Corp,NVIDIA Corp,,,8188.0,418898.0,0.0
2007-08-31,2007-10-26,a07-26369_1nq.htm,0001104659-07-077227,N-Q,SEC-MORGAN-NDX,,Symantec Corp,Symantec Corp,,,21673.0,407669.0,0.0
2007-08-31,2007-10-26,a07-26369_1nq.htm,0001104659-07-077227,N-Q,SEC-MORGAN-NDX,,Electronic Arts Inc,Electronic Arts Inc,,,7343.0,388738.0,0.0
2007-08-31,2007-10-26,a07-26369_1nq.htm,0001104659-07-077227,N-Q,SEC-MORGAN-NDX,,"Paychex, Inc","Paychex, Inc",,,8332.0,370191.0,0.0
2007-08-31,2007-10-26,a07-26369_1nq.htm,0001104659-07-077227,N-Q,SEC-MORGAN-NDX,,"Applied Materials, Inc","Applied Materials, Inc",,,16411.0,350539.0,0.0
2007-08-31,2007-10-26,a07-26369_1nq.htm,0001104659-07-077227,N-Q,SEC-MORGAN-NDX,,Broadcom Corp. (Class A),Broadcom Corp. (Class A),,,10017.0,345586.0,0.0
2007-08-31,2007-10-26,a07-26369_1nq.htm,0001104659-07-077227,N-Q,SEC-MORGAN-NDX,,Yahoo! Inc,Yahoo! Inc,,,15100.0,343223.0,0.0
2007-08-31,2007-10-26,a07-26369_1nq.htm,0001104659-07-077227,N-Q,SEC-MORGAN-NDX,,Costco Wholesale Corp,Costco Wholesale Corp,,,5501.0,339687.0,0.0
2007-08-31,2007-10-26,a07-26369_1nq.htm,0001104659-07-077227,N-Q,SEC-MORGAN-NDX,,"Wynn Resorts, Ltd","Wynn Resorts, Ltd",,,2579.0,319100.0,0.0
2007-08-31,2007-10-26,a07-26369_1nq.htm,0001104659-07-077227,N-Q,SEC-MORGAN-NDX,,"Maxim Integrated Products, Inc","Maxim Integrated Products, Inc",,,10470.0,314205.0,0.0
2007-08-31,2007-10-26,a07-26369_1nq.htm,0001104659-07-077227,N-Q,SEC-MORGAN-NDX,,KLA-Tencor Corp,KLA-Tencor Corp,,,5385.0,309476.0,0.0
2007-08-31,2007-10-26,a07-26369_1nq.htm,0001104659-07-077227,N-Q,SEC-MORGAN-NDX,,"Express Scripts, Inc","Express Scripts, Inc",,,5606.0,306928.0,0.0
2007-08-31,2007-10-26,a07-26369_1nq.htm,0001104659-07-077227,N-Q,SEC-MORGAN-NDX,,Bed Bath & Beyond Inc,Bed Bath & Beyond Inc,,,8699.0,301333.0,0.0
2007-08-31,2007-10-26,a07-26369_1nq.htm,0001104659-07-077227,N-Q,SEC-MORGAN-NDX,,NII Holdings Inc,NII Holdings Inc,,,3681.0,291462.0,0.0
2007-08-31,2007-10-26,a07-26369_1nq.htm,0001104659-07-077227,N-Q,SEC-MORGAN-NDX,,Altera Corp,Altera Corp,,,11653.0,277458.0,0.0
2007-08-31,2007-10-26,a07-26369_1nq.htm,0001104659-07-077227,N-Q,SEC-MORGAN-NDX,,"Juniper Networks, Inc","Juniper Networks, Inc",,,8391.0,276232.0,0.0
2007-08-31,2007-10-26,a07-26369_1nq.htm,0001104659-07-077227,N-Q,SEC-MORGAN-NDX,,SanDisk Corp,SanDisk Corp,,,4897.0,274526.0,0.0
2007-08-31,2007-10-26,a07-26369_1nq.htm,0001104659-07-077227,N-Q,SEC-MORGAN-NDX,,"Staples, Inc","Staples, Inc",,,11341.0,269349.0,0.0
2007-08-31,2007-10-26,a07-26369_1nq.htm,0001104659-07-077227,N-Q,SEC-MORGAN-NDX,,Linear Technology Corp,Linear Technology Corp,,,7914.0,268997.0,0.0
2007-08-31,2007-10-26,a07-26369_1nq.htm,0001104659-07-077227,N-Q,SEC-MORGAN-NDX,,Intuit Inc,Intuit Inc,,,9839.0,268703.0,0.0
2007-08-31,2007-10-26,a07-26369_1nq.htm,0001104659-07-077227,N-Q,SEC-MORGAN-NDX,,"Network Appliance, Inc","Network Appliance, Inc",,,9245.0,257566.0,0.0
2007-08-31,2007-10-26,a07-26369_1nq.htm,0001104659-07-077227,N-Q,SEC-MORGAN-NDX,,Liberty Media Corp - Interactive (Series A),Liberty Media Corp - Interactive (Series A),,,13424.0,254653.0,0.0
2007-08-31,2007-10-26,a07-26369_1nq.htm,0001104659-07-077227,N-Q,SEC-MORGAN-NDX,,"Autodesk, Inc","Autodesk, Inc",,,5287.0,244894.0,0.0
2007-08-31,2007-10-26,a07-26369_1nq.htm,0001104659-07-077227,N-Q,SEC-MORGAN-NDX,,"Apollo Group, Inc. (Class A)","Apollo Group, Inc. (Class A)",,,4063.0,238376.0,0.0
2007-08-31,2007-10-26,a07-26369_1nq.htm,0001104659-07-077227,N-Q,SEC-MORGAN-NDX,,"Xilinx, Inc","Xilinx, Inc",,,9278.0,237238.0,0.0
2007-08-31,2007-10-26,a07-26369_1nq.htm,0001104659-07-077227,N-Q,SEC-MORGAN-NDX,,Cognizant Technology Solutions Corp. (Class A),Cognizant Technology Solutions Corp. (Class A),,,3130.0,230086.0,0.0
2007-08-31,2007-10-26,a07-26369_1nq.htm,0001104659-07-077227,N-Q,SEC-MORGAN-NDX,,"Fiserv, Inc","Fiserv, Inc",,,4846.0,225436.0,0.0
2007-08-31,2007-10-26,a07-26369_1nq.htm,0001104659-07-077227,N-Q,SEC-MORGAN-NDX,,Foster Wheeler Ltd. (Bermuda),Foster Wheeler Ltd. (Bermuda),,,1900.0,225036.0,0.0
2007-08-31,2007-10-26,a07-26369_1nq.htm,0001104659-07-077227,N-Q,SEC-MORGAN-NDX,,"Expeditors International of Washington, Inc","Expeditors International of Washington, Inc",,,4949.0,218597.0,0.0
2007-08-31,2007-10-26,a07-26369_1nq.htm,0001104659-07-077227,N-Q,SEC-MORGAN-NDX,,EchoStar Communications Corp. (Class A),EchoStar Communications Corp. (Class A),,,5076.0,214816.0,0.0
2007-08-31,2007-10-26,a07-26369_1nq.htm,0001104659-07-077227,N-Q,SEC-MORGAN-NDX,,"Marvell Technology Group, Ltd. (Bermuda)","Marvell Technology Group, Ltd. (Bermuda)",,,12589.0,208600.0,0.0
2007-08-31,2007-10-26,a07-26369_1nq.htm,0001104659-07-077227,N-Q,SEC-MORGAN-NDX,,"Expedia, Inc","Expedia, Inc",,,6754.0,201607.0,0.0
2007-08-31,2007-10-26,a07-26369_1nq.htm,0001104659-07-077227,N-Q,SEC-MORGAN-NDX,,Virgin Media Inc,Virgin Media Inc,,,8402.0,199968.0,0.0
2007-08-31,2007-10-26,a07-26369_1nq.htm,0001104659-07-077227,N-Q,SEC-MORGAN-NDX,,"Sun Microsystems, Inc","Sun Microsystems, Inc",,,36653.0,196460.0,0.0
2007-08-31,2007-10-26,a07-26369_1nq.htm,0001104659-07-077227,N-Q,SEC-MORGAN-NDX,,IAC/InterActiveCorp,IAC/InterActiveCorp,,,7032.0,195419.0,0.0
2007-08-31,2007-10-26,a07-26369_1nq.htm,0001104659-07-077227,N-Q,SEC-MORGAN-NDX,,"Intuitive Surgical, Inc","Intuitive Surgical, Inc",,,868.0,192071.0,0.0
2007-08-31,2007-10-26,a07-26369_1nq.htm,0001104659-07-077227,N-Q,SEC-MORGAN-NDX,,"C.H. Robinson Worldwide, Inc","C.H. Robinson Worldwide, Inc",,,3863.0,189442.0,0.0
2007-08-31,2007-10-26,a07-26369_1nq.htm,0001104659-07-077227,N-Q,SEC-MORGAN-NDX,,"Level 3 Communications, Inc","Level 3 Communications, Inc",,,36205.0,189352.0,0.0
2007-08-31,2007-10-26,a07-26369_1nq.htm,0001104659-07-077227,N-Q,SEC-MORGAN-NDX,,Millicom International Cellular S.A. (Luxembourg),Millicom International Cellular S.A. (Luxembourg),,,2205.0,185948.0,0.0
2007-08-31,2007-10-26,a07-26369_1nq.htm,0001104659-07-077227,N-Q,SEC-MORGAN-NDX,,"Citrix Systems, Inc","Citrix Systems, Inc",,,4882.0,177461.0,0.0
2007-08-31,2007-10-26,a07-26369_1nq.htm,0001104659-07-077227,N-Q,SEC-MORGAN-NDX,,Liberty Global Inc. (Class A),Liberty Global Inc. (Class A),,,4262.0,174657.0,0.0
2007-08-31,2007-10-26,a07-26369_1nq.htm,0001104659-07-077227,N-Q,SEC-MORGAN-NDX,,"VeriSign, Inc","VeriSign, Inc",,,5415.0,174363.0,0.0
2007-08-31,2007-10-26,a07-26369_1nq.htm,0001104659-07-077227,N-Q,SEC-MORGAN-NDX,,Lam Research Corp,Lam Research Corp,,,3251.0,174351.0,0.0
2007-08-31,2007-10-26,a07-26369_1nq.htm,0001104659-07-077227,N-Q,SEC-MORGAN-NDX,,Flextronics International Ltd. (Singapore),Flextronics International Ltd. (Singapore),,,15055.0,171476.0,0.0
2007-08-31,2007-10-26,a07-26369_1nq.htm,0001104659-07-077227,N-Q,SEC-MORGAN-NDX,,CDW Corp,CDW Corp,,,1928.0,165943.0,0.0
2007-08-31,2007-10-26,a07-26369_1nq.htm,0001104659-07-077227,N-Q,SEC-MORGAN-NDX,,Cintas Corp,Cintas Corp,,,4390.0,160893.0,0.0
2007-08-31,2007-10-26,a07-26369_1nq.htm,0001104659-07-077227,N-Q,SEC-MORGAN-NDX,,Microchip Technology Inc,Microchip Technology Inc,,,4096.0,157778.0,0.0
2007-08-31,2007-10-26,a07-26369_1nq.htm,0001104659-07-077227,N-Q,SEC-MORGAN-NDX,,Fastenal Co,Fastenal Co,,,3303.0,150650.0,0.0
2007-08-31,2007-10-26,a07-26369_1nq.htm,0001104659-07-077227,N-Q,SEC-MORGAN-NDX,,"Cadence Design Systems, Inc","Cadence Design Systems, Inc",,,6928.0,150476.0,0.0
2007-08-31,2007-10-26,a07-26369_1nq.htm,0001104659-07-077227,N-Q,SEC-MORGAN-NDX,,"Amylin Pharmaceuticals, Inc","Amylin Pharmaceuticals, Inc",,,2950.0,144638.0,0.0
2007-08-31,2007-10-26,a07-26369_1nq.htm,0001104659-07-077227,N-Q,SEC-MORGAN-NDX,,"Whole Foods Market, Inc","Whole Foods Market, Inc",,,3266.0,144553.0,0.0
2007-08-31,2007-10-26,a07-26369_1nq.htm,0001104659-07-077227,N-Q,SEC-MORGAN-NDX,,Discovery Holding Company (Class A),Discovery Holding Company (Class A),,,5435.0,136527.0,0.0
2007-08-31,2007-10-26,a07-26369_1nq.htm,0001104659-07-077227,N-Q,SEC-MORGAN-NDX,,"DENTSPLY International, Inc","DENTSPLY International, Inc",,,3358.0,132238.0,0.0
2007-08-31,2007-10-26,a07-26369_1nq.htm,0001104659-07-077227,N-Q,SEC-MORGAN-NDX,,Sigma-Aldrich Corp,Sigma-Aldrich Corp,,,2918.0,130726.0,0.0
2007-08-31,2007-10-26,a07-26369_1nq.htm,0001104659-07-077227,N-Q,SEC-MORGAN-NDX,,Vertex Pharmaceuticals Inc,Vertex Pharmaceuticals Inc,,,3246.0,126464.0,0.0
2007-08-31,2007-10-26,a07-26369_1nq.htm,0001104659-07-077227,N-Q,SEC-MORGAN-NDX,,Ryanair Holdings PLC (ADR) (Ireland),Ryanair Holdings PLC (ADR) (Ireland),,,3000.0,125310.0,0.0
2007-08-31,2007-10-26,a07-26369_1nq.htm,0001104659-07-077227,N-Q,SEC-MORGAN-NDX,,UAL Corp,UAL Corp,,,2608.0,123802.0,0.0
2007-08-31,2007-10-26,a07-26369_1nq.htm,0001104659-07-077227,N-Q,SEC-MORGAN-NDX,,Check Point Software Technologies Ltd. (Israel),Check Point Software Technologies Ltd. (Israel),,,5196.0,121898.0,0.0
2007-08-31,2007-10-26,a07-26369_1nq.htm,0001104659-07-077227,N-Q,SEC-MORGAN-NDX,,"Infosys Technologies, Ltd. (ADR) (India)","Infosys Technologies, Ltd. (ADR) (India)",,,2496.0,119084.0,0.0
2007-08-31,2007-10-26,a07-26369_1nq.htm,0001104659-07-077227,N-Q,SEC-MORGAN-NDX,,Telefonaktiebolaget LM Ericsson (ADR) (Sweden),Telefonaktiebolaget LM Ericsson (ADR) (Sweden),,,3127.0,116356.0,0.0
2007-08-31,2007-10-26,a07-26369_1nq.htm,0001104659-07-077227,N-Q,SEC-MORGAN-NDX,,Logitech International (ADR) (Switzerland),Logitech International (ADR) (Switzerland),,,4246.0,115618.0,0.0
2007-08-31,2007-10-26,a07-26369_1nq.htm,0001104659-07-077227,N-Q,SEC-MORGAN-NDX,,"Akamai Technologies, Inc","Akamai Technologies, Inc",,,3586.0,115541.0,0.0
2007-08-31,2007-10-26,a07-26369_1nq.htm,0001104659-07-077227,N-Q,SEC-MORGAN-NDX,,"Activision, Inc","Activision, Inc",,,5905.0,115088.0,0.0
2007-08-31,2007-10-26,a07-26369_1nq.htm,0001104659-07-077227,N-Q,SEC-MORGAN-NDX,,"Patterson Companies, Inc","Patterson Companies, Inc",,,3106.0,114239.0,0.0
2007-08-31,2007-10-26,a07-26369_1nq.htm,0001104659-07-077227,N-Q,SEC-MORGAN-NDX,,"Cephalon, Inc","Cephalon, Inc",,,1500.0,112575.0,0.0
2007-08-31,2007-10-26,a07-26369_1nq.htm,0001104659-07-077227,N-Q,SEC-MORGAN-NDX,,"PetSmart, Inc","PetSmart, Inc",,,3147.0,109201.0,0.0
2007-08-31,2007-10-26,a07-26369_1nq.htm,0001104659-07-077227,N-Q,SEC-MORGAN-NDX,,Sirius Satellite Radio Inc,Sirius Satellite Radio Inc,,,36463.0,108295.0,0.0
2007-08-31,2007-10-26,a07-26369_1nq.htm,0001104659-07-077227,N-Q,SEC-MORGAN-NDX,,Monster Worldwide Inc,Monster Worldwide Inc,,,3124.0,106841.0,0.0
2007-08-31,2007-10-26,a07-26369_1nq.htm,0001104659-07-077227,N-Q,SEC-MORGAN-NDX,,Joy Global Inc,Joy Global Inc,,,2423.0,105134.0,0.0
2007-08-31,2007-10-26,a07-26369_1nq.htm,0001104659-07-077227,N-Q,SEC-MORGAN-NDX,,"BEA Systems, Inc","BEA Systems, Inc",,,8267.0,100857.0,0.0
2007-08-31,2007-10-26,a07-26369_1nq.htm,0001104659-07-077227,N-Q,SEC-MORGAN-NDX,,Lamar Advertising Co. (Class A),Lamar Advertising Co. (Class A),,,1849.0,97849.0,0.0
2007-08-31,2007-10-26,a07-26369_1nq.htm,0001104659-07-077227,N-Q,SEC-MORGAN-NDX,,XM Satellite Radio Holdings Inc. (Class A),XM Satellite Radio Holdings Inc. (Class A),,,7410.0,92403.0,0.0
2007-08-31,2007-10-26,a07-26369_1nq.htm,0001104659-07-077227,N-Q,SEC-MORGAN-NDX,,"Ross Stores, Inc","Ross Stores, Inc",,,3205.0,89195.0,0.0
2007-08-31,2007-10-26,a07-26369_1nq.htm,0001104659-07-077227,N-Q,SEC-MORGAN-NDX,,CheckFree Corp,CheckFree Corp,,,1920.0,88762.0,0.0
2007-08-31,2007-10-26,a07-26369_1nq.htm,0001104659-07-077227,N-Q,SEC-MORGAN-NDX,,"Patterson-UTI Energy, Inc","Patterson-UTI Energy, Inc",,,3578.0,76820.0,0.0
2007-08-31,2007-10-26,a07-26369_1nq.htm,0001104659-07-077227,N-Q,SEC-MORGAN-NDX,,"Sepracor, Inc","Sepracor, Inc",,,2423.0,70679.0,0.0
2007-08-31,2007-10-26,a07-26369_1nq.htm,0001104659-07-077227,N-Q,SEC-MORGAN-NDX,,"Tellabs, Inc","Tellabs, Inc",,,5798.0,61169.0,0.0
2007-08-31,2007-10-26,a07-26369_1nq.htm,0001104659-07-077227,N-Q,SEC-MORGAN-NDX,,Long Nasdaq-100 E-Mini September 2007,Long Nasdaq-100 E-Mini September 2007,,,32.0,20361.0,0.0
2007-11-30,2008-02-08,a07-32259_1ncsr.htm,0001104659-08-008536,N-CSR,SEC-MORGAN-NDX,,Apple Inc,Apple Inc,,,28006.0,5103253.0,0.0
2007-11-30,2008-02-08,a07-32259_1ncsr.htm,0001104659-08-008536,N-CSR,SEC-MORGAN-NDX,,Microsoft Corp,Microsoft Corp,,,74500.0,2503200.0,0.0
2007-11-30,2008-02-08,a07-32259_1ncsr.htm,0001104659-08-008536,N-CSR,SEC-MORGAN-NDX,,"Morgan Stanley Institutional Liquidity Money Market Portfolio - Institutional Class (Cost $2,327,633)","Morgan Stanley Institutional Liquidity Money Market Portfolio - Institutional Class (Cost $2,327,633)",,,2328.0,2327633.0,0.0
2007-11-30,2008-02-08,a07-32259_1ncsr.htm,0001104659-08-008536,N-CSR,SEC-MORGAN-NDX,,Google Inc. (Class A),Google Inc. (Class A),,,3271.0,2266803.0,0.0
2007-11-30,2008-02-08,a07-32259_1ncsr.htm,0001104659-08-008536,N-CSR,SEC-MORGAN-NDX,,"QUALCOMM, Inc","QUALCOMM, Inc",,,46622.0,1901245.0,0.0
2007-11-30,2008-02-08,a07-32259_1ncsr.htm,0001104659-08-008536,N-CSR,SEC-MORGAN-NDX,,Research In Motion Ltd. (Canada),Research In Motion Ltd. (Canada),,,12931.0,1471806.0,0.0
2007-11-30,2008-02-08,a07-32259_1ncsr.htm,0001104659-08-008536,N-CSR,SEC-MORGAN-NDX,,"Cisco Systems, Inc","Cisco Systems, Inc",,,50080.0,1403242.0,0.0
2007-11-30,2008-02-08,a07-32259_1ncsr.htm,0001104659-08-008536,N-CSR,SEC-MORGAN-NDX,,Intel Corp,Intel Corp,,,47216.0,1231393.0,0.0
2007-11-30,2008-02-08,a07-32259_1ncsr.htm,0001104659-08-008536,N-CSR,SEC-MORGAN-NDX,,Oracle Corp,Oracle Corp,,,49224.0,993340.0,0.0
2007-11-30,2008-02-08,a07-32259_1ncsr.htm,0001104659-08-008536,N-CSR,SEC-MORGAN-NDX,,"Gilead Sciences, Inc","Gilead Sciences, Inc",,,21063.0,980272.0,0.0
2007-11-30,2008-02-08,a07-32259_1ncsr.htm,0001104659-08-008536,N-CSR,SEC-MORGAN-NDX,,eBay Inc,eBay Inc,,,23392.0,784334.0,0.0
2007-11-30,2008-02-08,a07-32259_1ncsr.htm,0001104659-08-008536,N-CSR,SEC-MORGAN-NDX,,Comcast Corp. (Class A),Comcast Corp. (Class A),,,33525.0,688604.0,0.0
2007-11-30,2008-02-08,a07-32259_1ncsr.htm,0001104659-08-008536,N-CSR,SEC-MORGAN-NDX,,Amgen Inc,Amgen Inc,,,11695.0,646149.0,0.0
2007-11-30,2008-02-08,a07-32259_1ncsr.htm,0001104659-08-008536,N-CSR,SEC-MORGAN-NDX,,Teva Pharmaceutical Industries Ltd. (ADR) (Israel),Teva Pharmaceutical Industries Ltd. (ADR) (Israel),,,14119.0,630131.0,0.0
2007-11-30,2008-02-08,a07-32259_1ncsr.htm,0001104659-08-008536,N-CSR,SEC-MORGAN-NDX,,"Amazon.com, Inc","Amazon.com, Inc",,,6337.0,573879.0,0.0
2007-11-30,2008-02-08,a07-32259_1ncsr.htm,0001104659-08-008536,N-CSR,SEC-MORGAN-NDX,,Genzyme Corp,Genzyme Corp,,,7616.0,570667.0,0.0
2007-11-30,2008-02-08,a07-32259_1ncsr.htm,0001104659-08-008536,N-CSR,SEC-MORGAN-NDX,,"Adobe Systems, Inc","Adobe Systems, Inc",,,13315.0,561094.0,0.0
2007-11-30,2008-02-08,a07-32259_1ncsr.htm,0001104659-08-008536,N-CSR,SEC-MORGAN-NDX,,Starbucks Corp,Starbucks Corp,,,23958.0,560378.0,0.0
2007-11-30,2008-02-08,a07-32259_1ncsr.htm,0001104659-08-008536,N-CSR,SEC-MORGAN-NDX,,Celgene Corp,Celgene Corp,,,8762.0,539301.0,0.0
2007-11-30,2008-02-08,a07-32259_1ncsr.htm,0001104659-08-008536,N-CSR,SEC-MORGAN-NDX,,Biogen Idec Inc,Biogen Idec Inc,,,7227.0,535665.0,0.0
2007-11-30,2008-02-08,a07-32259_1ncsr.htm,0001104659-08-008536,N-CSR,SEC-MORGAN-NDX,,Garmin Ltd. (Cayman Islands),Garmin Ltd. (Cayman Islands),,,4639.0,497997.0,0.0
2007-11-30,2008-02-08,a07-32259_1ncsr.htm,0001104659-08-008536,N-CSR,SEC-MORGAN-NDX,,"PACCAR, Inc","PACCAR, Inc",,,9649.0,488336.0,0.0
2007-11-30,2008-02-08,a07-32259_1ncsr.htm,0001104659-08-008536,N-CSR,SEC-MORGAN-NDX,,Dell Inc,Dell Inc,,,19295.0,473499.0,0.0
2007-11-30,2008-02-08,a07-32259_1ncsr.htm,0001104659-08-008536,N-CSR,SEC-MORGAN-NDX,,Electronic Arts Inc,Electronic Arts Inc,,,7261.0,407996.0,0.0
2007-11-30,2008-02-08,a07-32259_1ncsr.htm,0001104659-08-008536,N-CSR,SEC-MORGAN-NDX,,Yahoo! Inc,Yahoo! Inc,,,14868.0,398611.0,0.0
2007-11-30,2008-02-08,a07-32259_1ncsr.htm,0001104659-08-008536,N-CSR,SEC-MORGAN-NDX,,NVIDIA Corp,NVIDIA Corp,,,12443.0,392452.0,0.0
2007-11-30,2008-02-08,a07-32259_1ncsr.htm,0001104659-08-008536,N-CSR,SEC-MORGAN-NDX,,Symantec Corp,Symantec Corp,,,21306.0,379247.0,0.0
2007-11-30,2008-02-08,a07-32259_1ncsr.htm,0001104659-08-008536,N-CSR,SEC-MORGAN-NDX,,Sears Holdings Corp,Sears Holdings Corp,,,3449.0,363904.0,0.0
2007-11-30,2008-02-08,a07-32259_1ncsr.htm,0001104659-08-008536,N-CSR,SEC-MORGAN-NDX,,"Express Scripts, Inc","Express Scripts, Inc",,,5312.0,359888.0,0.0
2007-11-30,2008-02-08,a07-32259_1ncsr.htm,0001104659-08-008536,N-CSR,SEC-MORGAN-NDX,,Costco Wholesale Corp,Costco Wholesale Corp,,,5326.0,358972.0,0.0
2007-11-30,2008-02-08,a07-32259_1ncsr.htm,0001104659-08-008536,N-CSR,SEC-MORGAN-NDX,,"Wynn Resorts, Ltd","Wynn Resorts, Ltd",,,2766.0,351116.0,0.0
2007-11-30,2008-02-08,a07-32259_1ncsr.htm,0001104659-08-008536,N-CSR,SEC-MORGAN-NDX,,"Paychex, Inc","Paychex, Inc",,,8388.0,327132.0,0.0
2007-11-30,2008-02-08,a07-32259_1ncsr.htm,0001104659-08-008536,N-CSR,SEC-MORGAN-NDX,,"Applied Materials, Inc","Applied Materials, Inc",,,16455.0,309848.0,0.0
2007-11-30,2008-02-08,a07-32259_1ncsr.htm,0001104659-08-008536,N-CSR,SEC-MORGAN-NDX,,"Apollo Group, Inc. (Class A)","Apollo Group, Inc. (Class A)",,,4046.0,309600.0,0.0
2007-11-30,2008-02-08,a07-32259_1ncsr.htm,0001104659-08-008536,N-CSR,SEC-MORGAN-NDX,,Intuit Inc,Intuit Inc,,,9794.0,287160.0,0.0
2007-11-30,2008-02-08,a07-32259_1ncsr.htm,0001104659-08-008536,N-CSR,SEC-MORGAN-NDX,,"Intuitive Surgical, Inc","Intuitive Surgical, Inc",,,871.0,285409.0,0.0
2007-11-30,2008-02-08,a07-32259_1ncsr.htm,0001104659-08-008536,N-CSR,SEC-MORGAN-NDX,,Liberty Media Corp - Interactive (Series A),Liberty Media Corp - Interactive (Series A),,,13405.0,270111.0,0.0
2007-11-30,2008-02-08,a07-32259_1ncsr.htm,0001104659-08-008536,N-CSR,SEC-MORGAN-NDX,,Millicom International Cellular S.A. (Luxembourg),Millicom International Cellular S.A. (Luxembourg),,,2254.0,268857.0,0.0
2007-11-30,2008-02-08,a07-32259_1ncsr.htm,0001104659-08-008536,N-CSR,SEC-MORGAN-NDX,,Bed Bath & Beyond Inc,Bed Bath & Beyond Inc,,,8425.0,264966.0,0.0
2007-11-30,2008-02-08,a07-32259_1ncsr.htm,0001104659-08-008536,N-CSR,SEC-MORGAN-NDX,,Broadcom Corp. (Class A),Broadcom Corp. (Class A),,,9860.0,263656.0,0.0
2007-11-30,2008-02-08,a07-32259_1ncsr.htm,0001104659-08-008536,N-CSR,SEC-MORGAN-NDX,,"Staples, Inc","Staples, Inc",,,11072.0,262406.0,0.0
2007-11-30,2008-02-08,a07-32259_1ncsr.htm,0001104659-08-008536,N-CSR,SEC-MORGAN-NDX,,"Autodesk, Inc","Autodesk, Inc",,,5533.0,260549.0,0.0
2007-11-30,2008-02-08,a07-32259_1ncsr.htm,0001104659-08-008536,N-CSR,SEC-MORGAN-NDX,,KLA-Tencor Corp,KLA-Tencor Corp,,,5404.0,259824.0,0.0
2007-11-30,2008-02-08,a07-32259_1ncsr.htm,0001104659-08-008536,N-CSR,SEC-MORGAN-NDX,,Foster Wheeler Ltd. (Bermuda),Foster Wheeler Ltd. (Bermuda),,,1720.0,256280.0,0.0
2007-11-30,2008-02-08,a07-32259_1ncsr.htm,0001104659-08-008536,N-CSR,SEC-MORGAN-NDX,,"Fiserv, Inc","Fiserv, Inc",,,4765.0,244587.0,0.0
2007-11-30,2008-02-08,a07-32259_1ncsr.htm,0001104659-08-008536,N-CSR,SEC-MORGAN-NDX,,"Juniper Networks, Inc","Juniper Networks, Inc",,,7801.0,231846.0,0.0
2007-11-30,2008-02-08,a07-32259_1ncsr.htm,0001104659-08-008536,N-CSR,SEC-MORGAN-NDX,,"Expeditors International of Washington, Inc","Expeditors International of Washington, Inc",,,4831.0,226670.0,0.0
2007-11-30,2008-02-08,a07-32259_1ncsr.htm,0001104659-08-008536,N-CSR,SEC-MORGAN-NDX,,"VeriSign, Inc","VeriSign, Inc",,,5425.0,221883.0,0.0
2007-11-30,2008-02-08,a07-32259_1ncsr.htm,0001104659-08-008536,N-CSR,SEC-MORGAN-NDX,,EchoStar Communications Corp. (Class A),EchoStar Communications Corp. (Class A),,,4982.0,214724.0,0.0
2007-11-30,2008-02-08,a07-32259_1ncsr.htm,0001104659-08-008536,N-CSR,SEC-MORGAN-NDX,,NII Holdings Inc,NII Holdings Inc,,,3879.0,213966.0,0.0
2007-11-30,2008-02-08,a07-32259_1ncsr.htm,0001104659-08-008536,N-CSR,SEC-MORGAN-NDX,,"Network Appliance, Inc","Network Appliance, Inc",,,8590.0,212259.0,0.0
2007-11-30,2008-02-08,a07-32259_1ncsr.htm,0001104659-08-008536,N-CSR,SEC-MORGAN-NDX,,Altera Corp,Altera Corp,,,11182.0,209998.0,0.0
2007-11-30,2008-02-08,a07-32259_1ncsr.htm,0001104659-08-008536,N-CSR,SEC-MORGAN-NDX,,Linear Technology Corp,Linear Technology Corp,,,6851.0,208681.0,0.0
2007-11-30,2008-02-08,a07-32259_1ncsr.htm,0001104659-08-008536,N-CSR,SEC-MORGAN-NDX,,"Expedia, Inc","Expedia, Inc",,,6341.0,206717.0,0.0
2007-11-30,2008-02-08,a07-32259_1ncsr.htm,0001104659-08-008536,N-CSR,SEC-MORGAN-NDX,,"C.H. Robinson Worldwide, Inc","C.H. Robinson Worldwide, Inc",,,3938.0,203004.0,0.0
2007-11-30,2008-02-08,a07-32259_1ncsr.htm,0001104659-08-008536,N-CSR,SEC-MORGAN-NDX,,Cognizant Technology Solutions Corp. (Class A),Cognizant Technology Solutions Corp. (Class A),,,6510.0,202461.0,0.0
2007-11-30,2008-02-08,a07-32259_1ncsr.htm,0001104659-08-008536,N-CSR,SEC-MORGAN-NDX,,"Xilinx, Inc","Xilinx, Inc",,,9141.0,200188.0,0.0
2007-11-30,2008-02-08,a07-32259_1ncsr.htm,0001104659-08-008536,N-CSR,SEC-MORGAN-NDX,,"Marvell Technology Group, Ltd. (Bermuda)","Marvell Technology Group, Ltd. (Bermuda)",,,13010.0,194369.0,0.0
2007-11-30,2008-02-08,a07-32259_1ncsr.htm,0001104659-08-008536,N-CSR,SEC-MORGAN-NDX,,IAC/InterActiveCorp,IAC/InterActiveCorp,,,6922.0,192639.0,0.0
2007-11-30,2008-02-08,a07-32259_1ncsr.htm,0001104659-08-008536,N-CSR,SEC-MORGAN-NDX,,Sun Microsystems,Sun Microsystems,,,8882.0,184568.0,0.0
2007-11-30,2008-02-08,a07-32259_1ncsr.htm,0001104659-08-008536,N-CSR,SEC-MORGAN-NDX,,Liberty Global Inc. (Class A),Liberty Global Inc. (Class A),,,4496.0,182628.0,0.0
2007-11-30,2008-02-08,a07-32259_1ncsr.htm,0001104659-08-008536,N-CSR,SEC-MORGAN-NDX,,Flextronics International Ltd. (Singapore),Flextronics International Ltd. (Singapore),,,15262.0,182534.0,0.0
2007-11-30,2008-02-08,a07-32259_1ncsr.htm,0001104659-08-008536,N-CSR,SEC-MORGAN-NDX,,"Citrix Systems, Inc","Citrix Systems, Inc",,,4931.0,182348.0,0.0
2007-11-30,2008-02-08,a07-32259_1ncsr.htm,0001104659-08-008536,N-CSR,SEC-MORGAN-NDX,,SanDisk Corp,SanDisk Corp,,,4826.0,180685.0,0.0
2007-11-30,2008-02-08,a07-32259_1ncsr.htm,0001104659-08-008536,N-CSR,SEC-MORGAN-NDX,,Virgin Media Inc,Virgin Media Inc,,,8228.0,156332.0,0.0
2007-11-30,2008-02-08,a07-32259_1ncsr.htm,0001104659-08-008536,N-CSR,SEC-MORGAN-NDX,,Sigma-Aldrich Corp,Sigma-Aldrich Corp,,,2895.0,152422.0,0.0
2007-11-30,2008-02-08,a07-32259_1ncsr.htm,0001104659-08-008536,N-CSR,SEC-MORGAN-NDX,,"DENTSPLY International, Inc","DENTSPLY International, Inc",,,3370.0,144169.0,0.0
2007-11-30,2008-02-08,a07-32259_1ncsr.htm,0001104659-08-008536,N-CSR,SEC-MORGAN-NDX,,Joy Global Inc,Joy Global Inc,,,2450.0,142100.0,0.0
2007-11-30,2008-02-08,a07-32259_1ncsr.htm,0001104659-08-008536,N-CSR,SEC-MORGAN-NDX,,Cintas Corp,Cintas Corp,,,4401.0,140788.0,0.0
2007-11-30,2008-02-08,a07-32259_1ncsr.htm,0001104659-08-008536,N-CSR,SEC-MORGAN-NDX,,Sirius Satellite Radio Inc,Sirius Satellite Radio Inc,,,36548.0,139979.0,0.0
2007-11-30,2008-02-08,a07-32259_1ncsr.htm,0001104659-08-008536,N-CSR,SEC-MORGAN-NDX,,"Akamai Technologies, Inc","Akamai Technologies, Inc",,,3664.0,139452.0,0.0
2007-11-30,2008-02-08,a07-32259_1ncsr.htm,0001104659-08-008536,N-CSR,SEC-MORGAN-NDX,,Logitech International (ADR) (Switzerland),Logitech International (ADR) (Switzerland),,,4094.0,139319.0,0.0
2007-11-30,2008-02-08,a07-32259_1ncsr.htm,0001104659-08-008536,N-CSR,SEC-MORGAN-NDX,,"Whole Foods Market, Inc","Whole Foods Market, Inc",,,3147.0,135352.0,0.0
2007-11-30,2008-02-08,a07-32259_1ncsr.htm,0001104659-08-008536,N-CSR,SEC-MORGAN-NDX,,Lam Research Corp,Lam Research Corp,,,2945.0,135028.0,0.0
2007-11-30,2008-02-08,a07-32259_1ncsr.htm,0001104659-08-008536,N-CSR,SEC-MORGAN-NDX,,Discovery Holding Company (Class A),Discovery Holding Company (Class A),,,5506.0,134677.0,0.0
2007-11-30,2008-02-08,a07-32259_1ncsr.htm,0001104659-08-008536,N-CSR,SEC-MORGAN-NDX,,"BEA Systems, Inc","BEA Systems, Inc",,,8391.0,132830.0,0.0
2007-11-30,2008-02-08,a07-32259_1ncsr.htm,0001104659-08-008536,N-CSR,SEC-MORGAN-NDX,,Fastenal Co,Fastenal Co,,,3323.0,131724.0,0.0
2007-11-30,2008-02-08,a07-32259_1ncsr.htm,0001104659-08-008536,N-CSR,SEC-MORGAN-NDX,,"Activision, Inc","Activision, Inc",,,5886.0,130375.0,0.0
2007-11-30,2008-02-08,a07-32259_1ncsr.htm,0001104659-08-008536,N-CSR,SEC-MORGAN-NDX,,Microchip Technology Inc,Microchip Technology Inc,,,4199.0,120889.0,0.0
2007-11-30,2008-02-08,a07-32259_1ncsr.htm,0001104659-08-008536,N-CSR,SEC-MORGAN-NDX,,"Level 3 Communications, Inc","Level 3 Communications, Inc",,,34531.0,116024.0,0.0
2007-11-30,2008-02-08,a07-32259_1ncsr.htm,0001104659-08-008536,N-CSR,SEC-MORGAN-NDX,,Check Point Software Technologies Ltd. (Israel),Check Point Software Technologies Ltd. (Israel),,,5078.0,115880.0,0.0
2007-11-30,2008-02-08,a07-32259_1ncsr.htm,0001104659-08-008536,N-CSR,SEC-MORGAN-NDX,,XM Satellite Radio Holdings Inc. (Class A),XM Satellite Radio Holdings Inc. (Class A),,,7305.0,113958.0,0.0
2007-11-30,2008-02-08,a07-32259_1ncsr.htm,0001104659-08-008536,N-CSR,SEC-MORGAN-NDX,,"Cephalon, Inc","Cephalon, Inc",,,1504.0,112680.0,0.0
2007-11-30,2008-02-08,a07-32259_1ncsr.htm,0001104659-08-008536,N-CSR,SEC-MORGAN-NDX,,"Amylin Pharmaceuticals, Inc","Amylin Pharmaceuticals, Inc",,,2941.0,112317.0,0.0
2007-11-30,2008-02-08,a07-32259_1ncsr.htm,0001104659-08-008536,N-CSR,SEC-MORGAN-NDX,,"Cadence Design Systems, Inc","Cadence Design Systems, Inc",,,6714.0,111452.0,0.0
2007-11-30,2008-02-08,a07-32259_1ncsr.htm,0001104659-08-008536,N-CSR,SEC-MORGAN-NDX,,Ryanair Holdings PLC (ADR) (Ireland),Ryanair Holdings PLC (ADR) (Ireland),,,2684.0,108890.0,0.0
2007-11-30,2008-02-08,a07-32259_1ncsr.htm,0001104659-08-008536,N-CSR,SEC-MORGAN-NDX,,"Infosys Technologies, Ltd. (ADR) (India)","Infosys Technologies, Ltd. (ADR) (India)",,,2583.0,108873.0,0.0
2007-11-30,2008-02-08,a07-32259_1ncsr.htm,0001104659-08-008536,N-CSR,SEC-MORGAN-NDX,,Monster Worldwide Inc,Monster Worldwide Inc,,,3090.0,104349.0,0.0
2007-11-30,2008-02-08,a07-32259_1ncsr.htm,0001104659-08-008536,N-CSR,SEC-MORGAN-NDX,,UAL Corp,UAL Corp,,,2506.0,102596.0,0.0
2007-11-30,2008-02-08,a07-32259_1ncsr.htm,0001104659-08-008536,N-CSR,SEC-MORGAN-NDX,,"Patterson Companies, Inc","Patterson Companies, Inc",,,3099.0,99726.0,0.0
2007-11-30,2008-02-08,a07-32259_1ncsr.htm,0001104659-08-008536,N-CSR,SEC-MORGAN-NDX,,Lamar Advertising Co. (Class A),Lamar Advertising Co. (Class A),,,1813.0,94294.0,0.0
2007-11-30,2008-02-08,a07-32259_1ncsr.htm,0001104659-08-008536,N-CSR,SEC-MORGAN-NDX,,CheckFree Corp,CheckFree Corp,,,1943.0,92487.0,0.0
2007-11-30,2008-02-08,a07-32259_1ncsr.htm,0001104659-08-008536,N-CSR,SEC-MORGAN-NDX,,"PetSmart, Inc","PetSmart, Inc",,,3078.0,87661.0,0.0
2007-11-30,2008-02-08,a07-32259_1ncsr.htm,0001104659-08-008536,N-CSR,SEC-MORGAN-NDX,,"Ross Stores, Inc","Ross Stores, Inc",,,3152.0,83150.0,0.0
2007-11-30,2008-02-08,a07-32259_1ncsr.htm,0001104659-08-008536,N-CSR,SEC-MORGAN-NDX,,Vertex Pharmaceuticals Inc,Vertex Pharmaceuticals Inc,,,3182.0,80791.0,0.0
2007-11-30,2008-02-08,a07-32259_1ncsr.htm,0001104659-08-008536,N-CSR,SEC-MORGAN-NDX,,Telefonaktiebolaget LM Ericsson (ADR) (Sweden),Telefonaktiebolaget LM Ericsson (ADR) (Sweden),,,3275.0,80107.0,0.0
2007-11-30,2008-02-08,a07-32259_1ncsr.htm,0001104659-08-008536,N-CSR,SEC-MORGAN-NDX,,"Henry Schein, Inc","Henry Schein, Inc",,,1300.0,76895.0,0.0
2007-11-30,2008-02-08,a07-32259_1ncsr.htm,0001104659-08-008536,N-CSR,SEC-MORGAN-NDX,,"Patterson-UTI Energy, Inc","Patterson-UTI Energy, Inc",,,3666.0,69104.0,0.0
2007-11-30,2008-02-08,a07-32259_1ncsr.htm,0001104659-08-008536,N-CSR,SEC-MORGAN-NDX,,"Sepracor, Inc","Sepracor, Inc",,,2406.0,63831.0,0.0
2007-11-30,2008-02-08,a07-32259_1ncsr.htm,0001104659-08-008536,N-CSR,SEC-MORGAN-NDX,,"Tellabs, Inc","Tellabs, Inc",,,5782.0,40243.0,0.0
2007-11-30,2008-02-08,a07-32259_1ncsr.htm,0001104659-08-008536,N-CSR,SEC-MORGAN-NDX,,Long Nasdaq 100 E-mini December 2007,Long Nasdaq 100 E-mini December 2007,,,40.0,18873.0,0.0
2008-02-29,2008-04-29,a08-9825_4nq.htm,0001104659-08-027667,N-Q,SEC-MORGAN-NDX,,Apple Inc,Apple Inc,,,27214.0,3402294.0,0.0
2008-02-29,2008-04-29,a08-9825_4nq.htm,0001104659-08-027667,N-Q,SEC-MORGAN-NDX,,Microsoft Corp,Microsoft Corp,,,72395.0,1970592.0,0.0
2008-02-29,2008-04-29,a08-9825_4nq.htm,0001104659-08-027667,N-Q,SEC-MORGAN-NDX,,"QUALCOMM, Inc","QUALCOMM, Inc",,,45304.0,1919530.0,0.0
2008-02-29,2008-04-29,a08-9825_4nq.htm,0001104659-08-027667,N-Q,SEC-MORGAN-NDX,,Google Inc. (Class A),Google Inc. (Class A),,,3178.0,1497410.0,0.0
2008-02-29,2008-04-29,a08-9825_4nq.htm,0001104659-08-027667,N-Q,SEC-MORGAN-NDX,,Research In Motion Ltd. (Canada),Research In Motion Ltd. (Canada),,,12565.0,1304247.0,0.0
2008-02-29,2008-04-29,a08-9825_4nq.htm,0001104659-08-027667,N-Q,SEC-MORGAN-NDX,,"Cisco Systems, Inc","Cisco Systems, Inc",,,48665.0,1185966.0,0.0
2008-02-29,2008-04-29,a08-9825_4nq.htm,0001104659-08-027667,N-Q,SEC-MORGAN-NDX,,"Morgan Stanley Institutional Liquidity Money Market Portfolio - Institutional Class (a) (Cost $1,157,038)","Morgan Stanley Institutional Liquidity Money Market Portfolio - Institutional Class (a) (Cost $1,157,038)",,,1157.0,1157038.0,0.0
2008-02-29,2008-04-29,a08-9825_4nq.htm,0001104659-08-027667,N-Q,SEC-MORGAN-NDX,,"Gilead Sciences, Inc","Gilead Sciences, Inc",,,20468.0,968546.0,0.0
2008-02-29,2008-04-29,a08-9825_4nq.htm,0001104659-08-027667,N-Q,SEC-MORGAN-NDX,,Intel Corp,Intel Corp,,,45882.0,915346.0,0.0
2008-02-29,2008-04-29,a08-9825_4nq.htm,0001104659-08-027667,N-Q,SEC-MORGAN-NDX,,Oracle Corp,Oracle Corp,,,47833.0,899260.0,0.0
2008-02-29,2008-04-29,a08-9825_4nq.htm,0001104659-08-027667,N-Q,SEC-MORGAN-NDX,,Teva Pharmaceutical Industries Ltd. (ADR) (Israel),Teva Pharmaceutical Industries Ltd. (ADR) (Israel),,,13720.0,673240.0,0.0
2008-02-29,2008-04-29,a08-9825_4nq.htm,0001104659-08-027667,N-Q,SEC-MORGAN-NDX,,Comcast Corp. (Class A),Comcast Corp. (Class A),,,32578.0,636574.0,0.0
2008-02-29,2008-04-29,a08-9825_4nq.htm,0001104659-08-027667,N-Q,SEC-MORGAN-NDX,,eBay Inc,eBay Inc,,,22731.0,599189.0,0.0
2008-02-29,2008-04-29,a08-9825_4nq.htm,0001104659-08-027667,N-Q,SEC-MORGAN-NDX,,Genzyme Corp,Genzyme Corp,,,7401.0,524879.0,0.0
2008-02-29,2008-04-29,a08-9825_4nq.htm,0001104659-08-027667,N-Q,SEC-MORGAN-NDX,,Amgen Inc,Amgen Inc,,,11364.0,517289.0,0.0
2008-02-29,2008-04-29,a08-9825_4nq.htm,0001104659-08-027667,N-Q,SEC-MORGAN-NDX,,Celgene Corp,Celgene Corp,,,8514.0,479934.0,0.0
2008-02-29,2008-04-29,a08-9825_4nq.htm,0001104659-08-027667,N-Q,SEC-MORGAN-NDX,,"Adobe Systems, Inc","Adobe Systems, Inc",,,12938.0,435364.0,0.0
2008-02-29,2008-04-29,a08-9825_4nq.htm,0001104659-08-027667,N-Q,SEC-MORGAN-NDX,,Starbucks Corp,Starbucks Corp,,,23280.0,418342.0,0.0
2008-02-29,2008-04-29,a08-9825_4nq.htm,0001104659-08-027667,N-Q,SEC-MORGAN-NDX,,Biogen Idec Inc,Biogen Idec Inc,,,7022.0,409804.0,0.0
2008-02-29,2008-04-29,a08-9825_4nq.htm,0001104659-08-027667,N-Q,SEC-MORGAN-NDX,,"PACCAR, Inc","PACCAR, Inc",,,9377.0,406774.0,0.0
2008-02-29,2008-04-29,a08-9825_4nq.htm,0001104659-08-027667,N-Q,SEC-MORGAN-NDX,,Yahoo! Inc,Yahoo! Inc,,,14447.0,401338.0,0.0
2008-02-29,2008-04-29,a08-9825_4nq.htm,0001104659-08-027667,N-Q,SEC-MORGAN-NDX,,"Amazon.com, Inc","Amazon.com, Inc",,,6158.0,397006.0,0.0
2008-02-29,2008-04-29,a08-9825_4nq.htm,0001104659-08-027667,N-Q,SEC-MORGAN-NDX,,Dell Inc,Dell Inc,,,18749.0,372168.0,0.0
2008-02-29,2008-04-29,a08-9825_4nq.htm,0001104659-08-027667,N-Q,SEC-MORGAN-NDX,,Symantec Corp,Symantec Corp,,,20704.0,348655.0,0.0
2008-02-29,2008-04-29,a08-9825_4nq.htm,0001104659-08-027667,N-Q,SEC-MORGAN-NDX,,Electronic Arts Inc,Electronic Arts Inc,,,7055.0,333631.0,0.0
2008-02-29,2008-04-29,a08-9825_4nq.htm,0001104659-08-027667,N-Q,SEC-MORGAN-NDX,,Costco Wholesale Corp,Costco Wholesale Corp,,,5175.0,320436.0,0.0
2008-02-29,2008-04-29,a08-9825_4nq.htm,0001104659-08-027667,N-Q,SEC-MORGAN-NDX,,Sears Holdings Corp,Sears Holdings Corp,,,3351.0,320423.0,0.0
2008-02-29,2008-04-29,a08-9825_4nq.htm,0001104659-08-027667,N-Q,SEC-MORGAN-NDX,,"Applied Materials, Inc","Applied Materials, Inc",,,15990.0,306528.0,0.0
2008-02-29,2008-04-29,a08-9825_4nq.htm,0001104659-08-027667,N-Q,SEC-MORGAN-NDX,,"Express Scripts, Inc","Express Scripts, Inc",,,5162.0,305074.0,0.0
2008-02-29,2008-04-29,a08-9825_4nq.htm,0001104659-08-027667,N-Q,SEC-MORGAN-NDX,,Long Nasdaq 100 E-mini March 2008,Long Nasdaq 100 E-mini March 2008,,,40.0,287148.0,0.0
2008-02-29,2008-04-29,a08-9825_4nq.htm,0001104659-08-027667,N-Q,SEC-MORGAN-NDX,,"Wynn Resorts, Ltd","Wynn Resorts, Ltd",,,2688.0,270682.0,0.0
2008-02-29,2008-04-29,a08-9825_4nq.htm,0001104659-08-027667,N-Q,SEC-MORGAN-NDX,,Garmin Ltd. (Cayman Islands),Garmin Ltd. (Cayman Islands),,,4508.0,264665.0,0.0
2008-02-29,2008-04-29,a08-9825_4nq.htm,0001104659-08-027667,N-Q,SEC-MORGAN-NDX,,NVIDIA Corp,NVIDIA Corp,,,12091.0,258626.0,0.0
2008-02-29,2008-04-29,a08-9825_4nq.htm,0001104659-08-027667,N-Q,SEC-MORGAN-NDX,,"Paychex, Inc","Paychex, Inc",,,8151.0,256430.0,0.0
2008-02-29,2008-04-29,a08-9825_4nq.htm,0001104659-08-027667,N-Q,SEC-MORGAN-NDX,,Intuit Inc,Intuit Inc,,,9517.0,252772.0,0.0
2008-02-29,2008-04-29,a08-9825_4nq.htm,0001104659-08-027667,N-Q,SEC-MORGAN-NDX,,"Fiserv, Inc","Fiserv, Inc",,,4630.0,243631.0,0.0
2008-02-29,2008-04-29,a08-9825_4nq.htm,0001104659-08-027667,N-Q,SEC-MORGAN-NDX,,Millicom International Cellular S.A. (Luxembourg),Millicom International Cellular S.A. (Luxembourg),,,2190.0,241995.0,0.0
2008-02-29,2008-04-29,a08-9825_4nq.htm,0001104659-08-027667,N-Q,SEC-MORGAN-NDX,,"Apollo Group, Inc. (Class A)","Apollo Group, Inc. (Class A)",,,3931.0,241285.0,0.0
2008-02-29,2008-04-29,a08-9825_4nq.htm,0001104659-08-027667,N-Q,SEC-MORGAN-NDX,,"Staples, Inc","Staples, Inc",,,10759.0,239388.0,0.0
2008-02-29,2008-04-29,a08-9825_4nq.htm,0001104659-08-027667,N-Q,SEC-MORGAN-NDX,,"Intuitive Surgical, Inc","Intuitive Surgical, Inc",,,846.0,238504.0,0.0
2008-02-29,2008-04-29,a08-9825_4nq.htm,0001104659-08-027667,N-Q,SEC-MORGAN-NDX,,Bed Bath & Beyond Inc,Bed Bath & Beyond Inc,,,8187.0,232020.0,0.0
2008-02-29,2008-04-29,a08-9825_4nq.htm,0001104659-08-027667,N-Q,SEC-MORGAN-NDX,,Foster Wheeler Ltd. (Bermuda),Foster Wheeler Ltd. (Bermuda),,,3342.0,218734.0,0.0
2008-02-29,2008-04-29,a08-9825_4nq.htm,0001104659-08-027667,N-Q,SEC-MORGAN-NDX,,KLA-Tencor Corp,KLA-Tencor Corp,,,4952.0,208034.0,0.0
2008-02-29,2008-04-29,a08-9825_4nq.htm,0001104659-08-027667,N-Q,SEC-MORGAN-NDX,,Flextronics International Ltd. (Singapore),Flextronics International Ltd. (Singapore),,,20245.0,205284.0,0.0
2008-02-29,2008-04-29,a08-9825_4nq.htm,0001104659-08-027667,N-Q,SEC-MORGAN-NDX,,"Juniper Networks, Inc","Juniper Networks, Inc",,,7580.0,203296.0,0.0
2008-02-29,2008-04-29,a08-9825_4nq.htm,0001104659-08-027667,N-Q,SEC-MORGAN-NDX,,"Xilinx, Inc","Xilinx, Inc",,,8882.0,198602.0,0.0
2008-02-29,2008-04-29,a08-9825_4nq.htm,0001104659-08-027667,N-Q,SEC-MORGAN-NDX,,"C.H. Robinson Worldwide, Inc","C.H. Robinson Worldwide, Inc",,,3826.0,194246.0,0.0
2008-02-29,2008-04-29,a08-9825_4nq.htm,0001104659-08-027667,N-Q,SEC-MORGAN-NDX,,Cognizant Technology Solutions Corp. (Class A),Cognizant Technology Solutions Corp. (Class A),,,6326.0,191108.0,0.0
2008-02-29,2008-04-29,a08-9825_4nq.htm,0001104659-08-027667,N-Q,SEC-MORGAN-NDX,,Liberty Media Corp - Interactive (Series A),Liberty Media Corp - Interactive (Series A),,,13026.0,187053.0,0.0
2008-02-29,2008-04-29,a08-9825_4nq.htm,0001104659-08-027667,N-Q,SEC-MORGAN-NDX,,Altera Corp,Altera Corp,,,10865.0,185900.0,0.0
2008-02-29,2008-04-29,a08-9825_4nq.htm,0001104659-08-027667,N-Q,SEC-MORGAN-NDX,,"Expeditors International of Washington, Inc","Expeditors International of Washington, Inc",,,4694.0,184568.0,0.0
2008-02-29,2008-04-29,a08-9825_4nq.htm,0001104659-08-027667,N-Q,SEC-MORGAN-NDX,,Linear Technology Corp,Linear Technology Corp,,,6657.0,184465.0,0.0
2008-02-29,2008-04-29,a08-9825_4nq.htm,0001104659-08-027667,N-Q,SEC-MORGAN-NDX,,Broadcom Corp. (Class A),Broadcom Corp. (Class A),,,9581.0,181177.0,0.0
2008-02-29,2008-04-29,a08-9825_4nq.htm,0001104659-08-027667,N-Q,SEC-MORGAN-NDX,,"Network Appliance, Inc","Network Appliance, Inc",,,8347.0,180462.0,0.0
2008-02-29,2008-04-29,a08-9825_4nq.htm,0001104659-08-027667,N-Q,SEC-MORGAN-NDX,,"Autodesk, Inc","Autodesk, Inc",,,5376.0,167140.0,0.0
2008-02-29,2008-04-29,a08-9825_4nq.htm,0001104659-08-027667,N-Q,SEC-MORGAN-NDX,,"Citrix Systems, Inc","Citrix Systems, Inc",,,5056.0,166494.0,0.0
2008-02-29,2008-04-29,a08-9825_4nq.htm,0001104659-08-027667,N-Q,SEC-MORGAN-NDX,,Liberty Global Inc. (Class A),Liberty Global Inc. (Class A),,,4369.0,164274.0,0.0
2008-02-29,2008-04-29,a08-9825_4nq.htm,0001104659-08-027667,N-Q,SEC-MORGAN-NDX,,"VeriSign, Inc","VeriSign, Inc",,,4674.0,162655.0,0.0
2008-02-29,2008-04-29,a08-9825_4nq.htm,0001104659-08-027667,N-Q,SEC-MORGAN-NDX,,Joy Global Inc,Joy Global Inc,,,2380.0,157961.0,0.0
2008-02-29,2008-04-29,a08-9825_4nq.htm,0001104659-08-027667,N-Q,SEC-MORGAN-NDX,,"Activision, Inc","Activision, Inc",,,5719.0,155843.0,0.0
2008-02-29,2008-04-29,a08-9825_4nq.htm,0001104659-08-027667,N-Q,SEC-MORGAN-NDX,,"BEA Systems, Inc","BEA Systems, Inc",,,8153.0,155478.0,0.0
2008-02-29,2008-04-29,a08-9825_4nq.htm,0001104659-08-027667,N-Q,SEC-MORGAN-NDX,,Sigma-Aldrich Corp,Sigma-Aldrich Corp,,,2813.0,154771.0,0.0
2008-02-29,2008-04-29,a08-9825_4nq.htm,0001104659-08-027667,N-Q,SEC-MORGAN-NDX,,NII Holdings Inc,NII Holdings Inc,,,3769.0,149742.0,0.0
2008-02-29,2008-04-29,a08-9825_4nq.htm,0001104659-08-027667,N-Q,SEC-MORGAN-NDX,,Dish Network Corp,Dish Network Corp,,,4841.0,143536.0,0.0
2008-02-29,2008-04-29,a08-9825_4nq.htm,0001104659-08-027667,N-Q,SEC-MORGAN-NDX,,"Marvell Technology Group, Ltd. (Bermuda)","Marvell Technology Group, Ltd. (Bermuda)",,,12642.0,142981.0,0.0
2008-02-29,2008-04-29,a08-9825_4nq.htm,0001104659-08-027667,N-Q,SEC-MORGAN-NDX,,"Expedia, Inc","Expedia, Inc",,,6162.0,141295.0,0.0
2008-02-29,2008-04-29,a08-9825_4nq.htm,0001104659-08-027667,N-Q,SEC-MORGAN-NDX,,IAC/InterActiveCorp,IAC/InterActiveCorp,,,6726.0,133847.0,0.0
2008-02-29,2008-04-29,a08-9825_4nq.htm,0001104659-08-027667,N-Q,SEC-MORGAN-NDX,,"Baidu.com, Inc. (ADR) (Cayman Islands)","Baidu.com, Inc. (ADR) (Cayman Islands)",,,529.0,132954.0,0.0
2008-02-29,2008-04-29,a08-9825_4nq.htm,0001104659-08-027667,N-Q,SEC-MORGAN-NDX,,Sun Microsytems,Sun Microsytems,,,8086.0,132610.0,0.0
2008-02-29,2008-04-29,a08-9825_4nq.htm,0001104659-08-027667,N-Q,SEC-MORGAN-NDX,,Fastenal Co,Fastenal Co,,,3229.0,131291.0,0.0
2008-02-29,2008-04-29,a08-9825_4nq.htm,0001104659-08-027667,N-Q,SEC-MORGAN-NDX,,"DENTSPLY International, Inc","DENTSPLY International, Inc",,,3274.0,127817.0,0.0
2008-02-29,2008-04-29,a08-9825_4nq.htm,0001104659-08-027667,N-Q,SEC-MORGAN-NDX,,Microchip Technology Inc,Microchip Technology Inc,,,4080.0,125582.0,0.0
2008-02-29,2008-04-29,a08-9825_4nq.htm,0001104659-08-027667,N-Q,SEC-MORGAN-NDX,,"Akamai Technologies, Inc","Akamai Technologies, Inc",,,3560.0,125170.0,0.0
2008-02-29,2008-04-29,a08-9825_4nq.htm,0001104659-08-027667,N-Q,SEC-MORGAN-NDX,,Cintas Corp,Cintas Corp,,,4276.0,123063.0,0.0
2008-02-29,2008-04-29,a08-9825_4nq.htm,0001104659-08-027667,N-Q,SEC-MORGAN-NDX,,Discovery Holding Company (Class A),Discovery Holding Company (Class A),,,5350.0,120750.0,0.0
2008-02-29,2008-04-29,a08-9825_4nq.htm,0001104659-08-027667,N-Q,SEC-MORGAN-NDX,,Virgin Media Inc,Virgin Media Inc,,,7995.0,119925.0,0.0
2008-02-29,2008-04-29,a08-9825_4nq.htm,0001104659-08-027667,N-Q,SEC-MORGAN-NDX,,"Henry Schein, Inc","Henry Schein, Inc",,,1993.0,119221.0,0.0
2008-02-29,2008-04-29,a08-9825_4nq.htm,0001104659-08-027667,N-Q,SEC-MORGAN-NDX,,Lam Research Corp,Lam Research Corp,,,2862.0,115167.0,0.0
2008-02-29,2008-04-29,a08-9825_4nq.htm,0001104659-08-027667,N-Q,SEC-MORGAN-NDX,,SanDisk Corp,SanDisk Corp,,,4689.0,110426.0,0.0
2008-02-29,2008-04-29,a08-9825_4nq.htm,0001104659-08-027667,N-Q,SEC-MORGAN-NDX,,Check Point Software Technologies Ltd. (Israel),Check Point Software Technologies Ltd. (Israel),,,4934.0,108153.0,0.0
2008-02-29,2008-04-29,a08-9825_4nq.htm,0001104659-08-027667,N-Q,SEC-MORGAN-NDX,,"Whole Foods Market, Inc","Whole Foods Market, Inc",,,3058.0,107489.0,0.0
2008-02-29,2008-04-29,a08-9825_4nq.htm,0001104659-08-027667,N-Q,SEC-MORGAN-NDX,,"Patterson Companies, Inc","Patterson Companies, Inc",,,3011.0,105987.0,0.0
2008-02-29,2008-04-29,a08-9825_4nq.htm,0001104659-08-027667,N-Q,SEC-MORGAN-NDX,,Logitech International (ADR) (Switzerland),Logitech International (ADR) (Switzerland),,,3978.0,101757.0,0.0
2008-02-29,2008-04-29,a08-9825_4nq.htm,0001104659-08-027667,N-Q,SEC-MORGAN-NDX,,Sirius Satellite Radio Inc,Sirius Satellite Radio Inc,,,35515.0,100863.0,0.0
2008-02-29,2008-04-29,a08-9825_4nq.htm,0001104659-08-027667,N-Q,SEC-MORGAN-NDX,,"Infosys Technologies, Ltd. (ADR) (India)","Infosys Technologies, Ltd. (ADR) (India)",,,2509.0,97650.0,0.0
2008-02-29,2008-04-29,a08-9825_4nq.htm,0001104659-08-027667,N-Q,SEC-MORGAN-NDX,,"Cephalon, Inc","Cephalon, Inc",,,1461.0,88157.0,0.0
2008-02-29,2008-04-29,a08-9825_4nq.htm,0001104659-08-027667,N-Q,SEC-MORGAN-NDX,,"Ross Stores, Inc","Ross Stores, Inc",,,3062.0,85277.0,0.0
2008-02-29,2008-04-29,a08-9825_4nq.htm,0001104659-08-027667,N-Q,SEC-MORGAN-NDX,,"Patterson-UTI Energy, Inc","Patterson-UTI Energy, Inc",,,3562.0,84526.0,0.0
2008-02-29,2008-04-29,a08-9825_4nq.htm,0001104659-08-027667,N-Q,SEC-MORGAN-NDX,,XM Satellite Radio Holdings Inc. (Class A),XM Satellite Radio Holdings Inc. (Class A),,,7098.0,83756.0,0.0
2008-02-29,2008-04-29,a08-9825_4nq.htm,0001104659-08-027667,N-Q,SEC-MORGAN-NDX,,Monster Worldwide Inc,Monster Worldwide Inc,,,3002.0,79823.0,0.0
2008-02-29,2008-04-29,a08-9825_4nq.htm,0001104659-08-027667,N-Q,SEC-MORGAN-NDX,,"Amylin Pharmaceuticals, Inc","Amylin Pharmaceuticals, Inc",,,2858.0,75651.0,0.0
2008-02-29,2008-04-29,a08-9825_4nq.htm,0001104659-08-027667,N-Q,SEC-MORGAN-NDX,,"Level 3 Communications, Inc","Level 3 Communications, Inc",,,33555.0,74828.0,0.0
2008-02-29,2008-04-29,a08-9825_4nq.htm,0001104659-08-027667,N-Q,SEC-MORGAN-NDX,,Ryanair Holdings PLC (ADR) (Ireland),Ryanair Holdings PLC (ADR) (Ireland),,,2608.0,74537.0,0.0
2008-02-29,2008-04-29,a08-9825_4nq.htm,0001104659-08-027667,N-Q,SEC-MORGAN-NDX,,UAL Corp,UAL Corp,,,2434.0,73750.0,0.0
2008-02-29,2008-04-29,a08-9825_4nq.htm,0001104659-08-027667,N-Q,SEC-MORGAN-NDX,,"Cadence Design Systems, Inc","Cadence Design Systems, Inc",,,6524.0,69285.0,0.0
2008-02-29,2008-04-29,a08-9825_4nq.htm,0001104659-08-027667,N-Q,SEC-MORGAN-NDX,,Telefonaktiebolaget LM Ericsson (ADR) (Sweden),Telefonaktiebolaget LM Ericsson (ADR) (Sweden),,,3182.0,68413.0,0.0
2008-02-29,2008-04-29,a08-9825_4nq.htm,0001104659-08-027667,N-Q,SEC-MORGAN-NDX,,Lamar Advertising Co. (Class A),Lamar Advertising Co. (Class A),,,1761.0,67112.0,0.0
2008-02-29,2008-04-29,a08-9825_4nq.htm,0001104659-08-027667,N-Q,SEC-MORGAN-NDX,,Leap Wireless Intl Inc,Leap Wireless Intl Inc,,,1520.0,64995.0,0.0
2008-02-29,2008-04-29,a08-9825_4nq.htm,0001104659-08-027667,N-Q,SEC-MORGAN-NDX,,"PetSmart, Inc","PetSmart, Inc",,,2990.0,64375.0,0.0
2008-02-29,2008-04-29,a08-9825_4nq.htm,0001104659-08-027667,N-Q,SEC-MORGAN-NDX,,Vertex Pharmaceuticals Inc,Vertex Pharmaceuticals Inc,,,3091.0,54093.0,0.0
2008-02-29,2008-04-29,a08-9825_4nq.htm,0001104659-08-027667,N-Q,SEC-MORGAN-NDX,,"Sepracor, Inc","Sepracor, Inc",,,2338.0,50197.0,0.0
2008-02-29,2008-04-29,a08-9825_4nq.htm,0001104659-08-027667,N-Q,SEC-MORGAN-NDX,,"Tellabs, Inc","Tellabs, Inc",,,5618.0,36966.0,0.0
2008-05-31,2008-08-11,a08-17896_1ncsrs.htm,0001104659-08-051837,N-CSRS,SEC-MORGAN-NDX,,Apple Inc. (a),Apple Inc. (a),,,29139.0,5499986.0,0.0
2008-05-31,2008-08-11,a08-17896_1ncsrs.htm,0001104659-08-051837,N-CSRS,SEC-MORGAN-NDX,,"QUALCOMM, Inc","QUALCOMM, Inc",,,46145.0,2239878.0,0.0
2008-05-31,2008-08-11,a08-17896_1ncsrs.htm,0001104659-08-051837,N-CSRS,SEC-MORGAN-NDX,,Microsoft Corp. (b),Microsoft Corp. (b),,,76016.0,2152773.0,0.0
2008-05-31,2008-08-11,a08-17896_1ncsrs.htm,0001104659-08-051837,N-CSRS,SEC-MORGAN-NDX,,Google Inc. (Class A) (a),Google Inc. (Class A) (a),,,3417.0,2001679.0,0.0
2008-05-31,2008-08-11,a08-17896_1ncsrs.htm,0001104659-08-051837,N-CSRS,SEC-MORGAN-NDX,,Research In Motion Ltd. (Canada) (a),Research In Motion Ltd. (Canada) (a),,,13312.0,1848637.0,0.0
2008-05-31,2008-08-11,a08-17896_1ncsrs.htm,0001104659-08-051837,N-CSRS,SEC-MORGAN-NDX,,"Cisco Systems, Inc. (a)","Cisco Systems, Inc. (a)",,,50447.0,1347944.0,0.0
2008-05-31,2008-08-11,a08-17896_1ncsrs.htm,0001104659-08-051837,N-CSRS,SEC-MORGAN-NDX,,"Morgan Stanley Institutional Liquidity Money Market Portfolio - Institutional Class (Cost $1,259,949)","Morgan Stanley Institutional Liquidity Money Market Portfolio - Institutional Class (Cost $1,259,949)",,,1260.0,1259949.0,0.0
2008-05-31,2008-08-11,a08-17896_1ncsrs.htm,0001104659-08-051837,N-CSRS,SEC-MORGAN-NDX,,"Gilead Sciences, Inc. (a)","Gilead Sciences, Inc. (a)",,,21822.0,1207193.0,0.0
2008-05-31,2008-08-11,a08-17896_1ncsrs.htm,0001104659-08-051837,N-CSRS,SEC-MORGAN-NDX,,Oracle Corp. (a),Oracle Corp. (a),,,50701.0,1158011.0,0.0
2008-05-31,2008-08-11,a08-17896_1ncsrs.htm,0001104659-08-051837,N-CSRS,SEC-MORGAN-NDX,,Intel Corp,Intel Corp,,,48069.0,1114239.0,0.0
2008-05-31,2008-08-11,a08-17896_1ncsrs.htm,0001104659-08-051837,N-CSRS,SEC-MORGAN-NDX,,Comcast Corp. (Class A),Comcast Corp. (Class A),,,34323.0,772268.0,0.0
2008-05-31,2008-08-11,a08-17896_1ncsrs.htm,0001104659-08-051837,N-CSRS,SEC-MORGAN-NDX,,eBay Inc. (a),eBay Inc. (a),,,23639.0,709406.0,0.0
2008-05-31,2008-08-11,a08-17896_1ncsrs.htm,0001104659-08-051837,N-CSRS,SEC-MORGAN-NDX,,Teva Pharmaceutical Industries Ltd. (ADR) (Israel),Teva Pharmaceutical Industries Ltd. (ADR) (Israel),,,14823.0,677856.0,0.0
2008-05-31,2008-08-11,a08-17896_1ncsrs.htm,0001104659-08-051837,N-CSRS,SEC-MORGAN-NDX,,Celgene Corp. (a),Celgene Corp. (a),,,10288.0,626128.0,0.0
2008-05-31,2008-08-11,a08-17896_1ncsrs.htm,0001104659-08-051837,N-CSRS,SEC-MORGAN-NDX,,"Adobe Systems, Inc. (a)","Adobe Systems, Inc. (a)",,,12890.0,567933.0,0.0
2008-05-31,2008-08-11,a08-17896_1ncsrs.htm,0001104659-08-051837,N-CSRS,SEC-MORGAN-NDX,,"DIRECTV Group, Inc. (The) (a)","DIRECTV Group, Inc. (The) (a)",,,19900.0,559190.0,0.0
2008-05-31,2008-08-11,a08-17896_1ncsrs.htm,0001104659-08-051837,N-CSRS,SEC-MORGAN-NDX,,Genzyme Corp. (a),Genzyme Corp. (a),,,8009.0,548296.0,0.0
2008-05-31,2008-08-11,a08-17896_1ncsrs.htm,0001104659-08-051837,N-CSRS,SEC-MORGAN-NDX,,"Amazon.com, Inc. (a)","Amazon.com, Inc. (a)",,,6606.0,539182.0,0.0
2008-05-31,2008-08-11,a08-17896_1ncsrs.htm,0001104659-08-051837,N-CSRS,SEC-MORGAN-NDX,,Amgen Inc. (a),Amgen Inc. (a),,,12100.0,532763.0,0.0
2008-05-31,2008-08-11,a08-17896_1ncsrs.htm,0001104659-08-051837,N-CSRS,SEC-MORGAN-NDX,,"PACCAR, Inc","PACCAR, Inc",,,9803.0,523382.0,0.0
2008-05-31,2008-08-11,a08-17896_1ncsrs.htm,0001104659-08-051837,N-CSRS,SEC-MORGAN-NDX,,Biogen Idec Inc. (a),Biogen Idec Inc. (a),,,7726.0,484807.0,0.0
2008-05-31,2008-08-11,a08-17896_1ncsrs.htm,0001104659-08-051837,N-CSRS,SEC-MORGAN-NDX,,Symantec Corp. (a),Symantec Corp. (a),,,21126.0,459068.0,0.0
2008-05-31,2008-08-11,a08-17896_1ncsrs.htm,0001104659-08-051837,N-CSRS,SEC-MORGAN-NDX,,Starbucks Corp. (a),Starbucks Corp. (a),,,24063.0,437706.0,0.0
2008-05-31,2008-08-11,a08-17896_1ncsrs.htm,0001104659-08-051837,N-CSRS,SEC-MORGAN-NDX,,Dell Inc. (a),Dell Inc. (a),,,17933.0,413535.0,0.0
2008-05-31,2008-08-11,a08-17896_1ncsrs.htm,0001104659-08-051837,N-CSRS,SEC-MORGAN-NDX,,Yahoo! Inc. (a),Yahoo! Inc. (a),,,15342.0,410552.0,0.0
2008-05-31,2008-08-11,a08-17896_1ncsrs.htm,0001104659-08-051837,N-CSRS,SEC-MORGAN-NDX,,Costco Wholesale Corp,Costco Wholesale Corp,,,5467.0,389906.0,0.0
2008-05-31,2008-08-11,a08-17896_1ncsrs.htm,0001104659-08-051837,N-CSRS,SEC-MORGAN-NDX,,"Express Scripts, Inc. (a)","Express Scripts, Inc. (a)",,,5385.0,388312.0,0.0
2008-05-31,2008-08-11,a08-17896_1ncsrs.htm,0001104659-08-051837,N-CSRS,SEC-MORGAN-NDX,,Electronic Arts Inc. (a),Electronic Arts Inc. (a),,,7623.0,382675.0,0.0
2008-05-31,2008-08-11,a08-17896_1ncsrs.htm,0001104659-08-051837,N-CSRS,SEC-MORGAN-NDX,,"Applied Materials, Inc","Applied Materials, Inc",,,16708.0,330985.0,0.0
2008-05-31,2008-08-11,a08-17896_1ncsrs.htm,0001104659-08-051837,N-CSRS,SEC-MORGAN-NDX,,NVIDIA Corp. (a),NVIDIA Corp. (a),,,13022.0,321643.0,0.0
2008-05-31,2008-08-11,a08-17896_1ncsrs.htm,0001104659-08-051837,N-CSRS,SEC-MORGAN-NDX,,"CA, Inc","CA, Inc",,,11487.0,304865.0,0.0
2008-05-31,2008-08-11,a08-17896_1ncsrs.htm,0001104659-08-051837,N-CSRS,SEC-MORGAN-NDX,,"Wynn Resorts, Ltd. (a)","Wynn Resorts, Ltd. (a)",,,2940.0,294088.0,0.0
2008-05-31,2008-08-11,a08-17896_1ncsrs.htm,0001104659-08-051837,N-CSRS,SEC-MORGAN-NDX,,Broadcom Corp. (Class A) (a),Broadcom Corp. (Class A) (a),,,10210.0,292925.0,0.0
2008-05-31,2008-08-11,a08-17896_1ncsrs.htm,0001104659-08-051837,N-CSRS,SEC-MORGAN-NDX,,Millicom International Cellular S.A. (Luxembourg) (a),Millicom International Cellular S.A. (Luxembourg) (a),,,2496.0,289187.0,0.0
2008-05-31,2008-08-11,a08-17896_1ncsrs.htm,0001104659-08-051837,N-CSRS,SEC-MORGAN-NDX,,Intuit Inc. (a),Intuit Inc. (a),,,9855.0,285401.0,0.0
2008-05-31,2008-08-11,a08-17896_1ncsrs.htm,0001104659-08-051837,N-CSRS,SEC-MORGAN-NDX,,"Paychex, Inc","Paychex, Inc",,,8235.0,284519.0,0.0
2008-05-31,2008-08-11,a08-17896_1ncsrs.htm,0001104659-08-051837,N-CSRS,SEC-MORGAN-NDX,,Sears Holdings Corp. (a),Sears Holdings Corp. (a),,,3306.0,280084.0,0.0
2008-05-31,2008-08-11,a08-17896_1ncsrs.htm,0001104659-08-051837,N-CSRS,SEC-MORGAN-NDX,,Foster Wheeler Ltd. (Bermuda),Foster Wheeler Ltd. (Bermuda),,,3594.0,273755.0,0.0
2008-05-31,2008-08-11,a08-17896_1ncsrs.htm,0001104659-08-051837,N-CSRS,SEC-MORGAN-NDX,,"Intuitive Surgical, Inc. (a)","Intuitive Surgical, Inc. (a)",,,922.0,270690.0,0.0
2008-05-31,2008-08-11,a08-17896_1ncsrs.htm,0001104659-08-051837,N-CSRS,SEC-MORGAN-NDX,,Bed Bath & Beyond Inc. (a),Bed Bath & Beyond Inc. (a),,,8409.0,267911.0,0.0
2008-05-31,2008-08-11,a08-17896_1ncsrs.htm,0001104659-08-051837,N-CSRS,SEC-MORGAN-NDX,,"Staples, Inc","Staples, Inc",,,11239.0,263555.0,0.0
2008-05-31,2008-08-11,a08-17896_1ncsrs.htm,0001104659-08-051837,N-CSRS,SEC-MORGAN-NDX,,"C.H. Robinson Worldwide, Inc","C.H. Robinson Worldwide, Inc",,,4043.0,260774.0,0.0
2008-05-31,2008-08-11,a08-17896_1ncsrs.htm,0001104659-08-051837,N-CSRS,SEC-MORGAN-NDX,,Linear Technology Corp,Linear Technology Corp,,,7049.0,259192.0,0.0
2008-05-31,2008-08-11,a08-17896_1ncsrs.htm,0001104659-08-051837,N-CSRS,SEC-MORGAN-NDX,,"Fiserv, Inc. (a)","Fiserv, Inc. (a)",,,4909.0,257035.0,0.0
2008-05-31,2008-08-11,a08-17896_1ncsrs.htm,0001104659-08-051837,N-CSRS,SEC-MORGAN-NDX,,"Xilinx, Inc","Xilinx, Inc",,,9066.0,246595.0,0.0
2008-05-31,2008-08-11,a08-17896_1ncsrs.htm,0001104659-08-051837,N-CSRS,SEC-MORGAN-NDX,,Altera Corp,Altera Corp,,,10317.0,238735.0,0.0
2008-05-31,2008-08-11,a08-17896_1ncsrs.htm,0001104659-08-051837,N-CSRS,SEC-MORGAN-NDX,,Cognizant Technology Solutions Corp. (Class A) (a),Cognizant Technology Solutions Corp. (Class A) (a),,,6708.0,236658.0,0.0
2008-05-31,2008-08-11,a08-17896_1ncsrs.htm,0001104659-08-051837,N-CSRS,SEC-MORGAN-NDX,,"Autodesk, Inc. (a)","Autodesk, Inc. (a)",,,5743.0,236382.0,0.0
2008-05-31,2008-08-11,a08-17896_1ncsrs.htm,0001104659-08-051837,N-CSRS,SEC-MORGAN-NDX,,"Expeditors International of Washington, Inc","Expeditors International of Washington, Inc",,,4996.0,235212.0,0.0
2008-05-31,2008-08-11,a08-17896_1ncsrs.htm,0001104659-08-051837,N-CSRS,SEC-MORGAN-NDX,,"Marvell Technology Group, Ltd. (Bermuda) (a)","Marvell Technology Group, Ltd. (Bermuda) (a)",,,13503.0,234412.0,0.0
2008-05-31,2008-08-11,a08-17896_1ncsrs.htm,0001104659-08-051837,N-CSRS,SEC-MORGAN-NDX,,Garmin Ltd. (Cayman Islands),Garmin Ltd. (Cayman Islands),,,4806.0,233812.0,0.0
2008-05-31,2008-08-11,a08-17896_1ncsrs.htm,0001104659-08-051837,N-CSRS,SEC-MORGAN-NDX,,Flextronics International Ltd. (Singapore) (a),Flextronics International Ltd. (Singapore) (a),,,21607.0,231411.0,0.0
2008-05-31,2008-08-11,a08-17896_1ncsrs.htm,0001104659-08-051837,N-CSRS,SEC-MORGAN-NDX,,KLA-Tencor Corp,KLA-Tencor Corp,,,4920.0,226910.0,0.0
2008-05-31,2008-08-11,a08-17896_1ncsrs.htm,0001104659-08-051837,N-CSRS,SEC-MORGAN-NDX,,"Juniper Networks, Inc. (a)","Juniper Networks, Inc. (a)",,,8213.0,226022.0,0.0
2008-05-31,2008-08-11,a08-17896_1ncsrs.htm,0001104659-08-051837,N-CSRS,SEC-MORGAN-NDX,,Liberty Media Corp - Interactive (Series A) (a),Liberty Media Corp - Interactive (Series A) (a),,,13036.0,221482.0,0.0
2008-05-31,2008-08-11,a08-17896_1ncsrs.htm,0001104659-08-051837,N-CSRS,SEC-MORGAN-NDX,,Joy Global Inc,Joy Global Inc,,,2531.0,213186.0,0.0
2008-05-31,2008-08-11,a08-17896_1ncsrs.htm,0001104659-08-051837,N-CSRS,SEC-MORGAN-NDX,,"Activision, Inc. (a)","Activision, Inc. (a)",,,6265.0,211444.0,0.0
2008-05-31,2008-08-11,a08-17896_1ncsrs.htm,0001104659-08-051837,N-CSRS,SEC-MORGAN-NDX,,"Baidu.com, Inc. (ADR) (Cayman Islands) (a)","Baidu.com, Inc. (ADR) (Cayman Islands) (a)",,,608.0,209796.0,0.0
2008-05-31,2008-08-11,a08-17896_1ncsrs.htm,0001104659-08-051837,N-CSRS,SEC-MORGAN-NDX,,"NETAPP, Inc. (a)","NETAPP, Inc. (a)",,,8574.0,209034.0,0.0
2008-05-31,2008-08-11,a08-17896_1ncsrs.htm,0001104659-08-051837,N-CSRS,SEC-MORGAN-NDX,,NII Holdings Inc. (a),NII Holdings Inc. (a),,,3942.0,197888.0,0.0
2008-05-31,2008-08-11,a08-17896_1ncsrs.htm,0001104659-08-051837,N-CSRS,SEC-MORGAN-NDX,,"Apollo Group, Inc. (Class A) (a)","Apollo Group, Inc. (Class A) (a)",,,4044.0,193263.0,0.0
2008-05-31,2008-08-11,a08-17896_1ncsrs.htm,0001104659-08-051837,N-CSRS,SEC-MORGAN-NDX,,Dish Network Corp - A (a),Dish Network Corp - A (a),,,5178.0,181800.0,0.0
2008-05-31,2008-08-11,a08-17896_1ncsrs.htm,0001104659-08-051837,N-CSRS,SEC-MORGAN-NDX,,"Citrix Systems, Inc. (a)","Citrix Systems, Inc. (a)",,,5255.0,179879.0,0.0
2008-05-31,2008-08-11,a08-17896_1ncsrs.htm,0001104659-08-051837,N-CSRS,SEC-MORGAN-NDX,,"VeriSign, Inc. (a)","VeriSign, Inc. (a)",,,4429.0,177337.0,0.0
2008-05-31,2008-08-11,a08-17896_1ncsrs.htm,0001104659-08-051837,N-CSRS,SEC-MORGAN-NDX,,Sigma-Aldrich Corp,Sigma-Aldrich Corp,,,2967.0,174341.0,0.0
2008-05-31,2008-08-11,a08-17896_1ncsrs.htm,0001104659-08-051837,N-CSRS,SEC-MORGAN-NDX,,Fastenal Co,Fastenal Co,,,3403.0,168244.0,0.0
2008-05-31,2008-08-11,a08-17896_1ncsrs.htm,0001104659-08-051837,N-CSRS,SEC-MORGAN-NDX,,"Steel Dynamics, Inc","Steel Dynamics, Inc",,,4642.0,167576.0,0.0
2008-05-31,2008-08-11,a08-17896_1ncsrs.htm,0001104659-08-051837,N-CSRS,SEC-MORGAN-NDX,,"Expedia, Inc. (a)","Expedia, Inc. (a)",,,6701.0,162499.0,0.0
2008-05-31,2008-08-11,a08-17896_1ncsrs.htm,0001104659-08-051837,N-CSRS,SEC-MORGAN-NDX,,IAC/InterActiveCorp. (a),IAC/InterActiveCorp. (a),,,6878.0,155099.0,0.0
2008-05-31,2008-08-11,a08-17896_1ncsrs.htm,0001104659-08-051837,N-CSRS,SEC-MORGAN-NDX,,"Hologic, Inc. (a)","Hologic, Inc. (a)",,,6414.0,154128.0,0.0
2008-05-31,2008-08-11,a08-17896_1ncsrs.htm,0001104659-08-051837,N-CSRS,SEC-MORGAN-NDX,,Discovery Holding Company (Class A) (a),Discovery Holding Company (Class A) (a),,,5705.0,149414.0,0.0
2008-05-31,2008-08-11,a08-17896_1ncsrs.htm,0001104659-08-051837,N-CSRS,SEC-MORGAN-NDX,,"Akamai Technologies, Inc. (a)","Akamai Technologies, Inc. (a)",,,3823.0,149288.0,0.0
2008-05-31,2008-08-11,a08-17896_1ncsrs.htm,0001104659-08-051837,N-CSRS,SEC-MORGAN-NDX,,"Dentsply International, Inc","Dentsply International, Inc",,,3459.0,140228.0,0.0
2008-05-31,2008-08-11,a08-17896_1ncsrs.htm,0001104659-08-051837,N-CSRS,SEC-MORGAN-NDX,,Logitech International (ADR) (Switzerland) (a),Logitech International (ADR) (Switzerland) (a),,,4230.0,139294.0,0.0
2008-05-31,2008-08-11,a08-17896_1ncsrs.htm,0001104659-08-051837,N-CSRS,SEC-MORGAN-NDX,,Liberty Global Inc. (Class A) (a),Liberty Global Inc. (Class A) (a),,,3885.0,139277.0,0.0
2008-05-31,2008-08-11,a08-17896_1ncsrs.htm,0001104659-08-051837,N-CSRS,SEC-MORGAN-NDX,,SanDisk Corp. (a),SanDisk Corp. (a),,,4912.0,139059.0,0.0
2008-05-31,2008-08-11,a08-17896_1ncsrs.htm,0001104659-08-051837,N-CSRS,SEC-MORGAN-NDX,,Microchip Technology Inc,Microchip Technology Inc,,,3747.0,138039.0,0.0
2008-05-31,2008-08-11,a08-17896_1ncsrs.htm,0001104659-08-051837,N-CSRS,SEC-MORGAN-NDX,,Virgin Media Inc,Virgin Media Inc,,,8534.0,133898.0,0.0
2008-05-31,2008-08-11,a08-17896_1ncsrs.htm,0001104659-08-051837,N-CSRS,SEC-MORGAN-NDX,,"Infosys Technologies, Ltd. (ADR) (India)","Infosys Technologies, Ltd. (ADR) (India)",,,2675.0,131369.0,0.0
2008-05-31,2008-08-11,a08-17896_1ncsrs.htm,0001104659-08-051837,N-CSRS,SEC-MORGAN-NDX,,Cintas Corp,Cintas Corp,,,4402.0,129947.0,0.0
2008-05-31,2008-08-11,a08-17896_1ncsrs.htm,0001104659-08-051837,N-CSRS,SEC-MORGAN-NDX,,"Stericycle, Inc. (a)","Stericycle, Inc. (a)",,,2195.0,127969.0,0.0
2008-05-31,2008-08-11,a08-17896_1ncsrs.htm,0001104659-08-051837,N-CSRS,SEC-MORGAN-NDX,,Check Point Software Technologies Ltd. (Israel) (a),Check Point Software Technologies Ltd. (Israel) (a),,,5153.0,127949.0,0.0
2008-05-31,2008-08-11,a08-17896_1ncsrs.htm,0001104659-08-051837,N-CSRS,SEC-MORGAN-NDX,,Lam Research Corp. (a),Lam Research Corp. (a),,,3076.0,125193.0,0.0
2008-05-31,2008-08-11,a08-17896_1ncsrs.htm,0001104659-08-051837,N-CSRS,SEC-MORGAN-NDX,,"Level 3 Communications, Inc. (a)","Level 3 Communications, Inc. (a)",,,35957.0,123333.0,0.0
2008-05-31,2008-08-11,a08-17896_1ncsrs.htm,0001104659-08-051837,N-CSRS,SEC-MORGAN-NDX,,"Henry Schein, Inc. (a)","Henry Schein, Inc. (a)",,,2133.0,118851.0,0.0
2008-05-31,2008-08-11,a08-17896_1ncsrs.htm,0001104659-08-051837,N-CSRS,SEC-MORGAN-NDX,,Sun Microsytems (a),Sun Microsytems (a),,,8232.0,106604.0,0.0
2008-05-31,2008-08-11,a08-17896_1ncsrs.htm,0001104659-08-051837,N-CSRS,SEC-MORGAN-NDX,,"Cephalon, Inc. (a)","Cephalon, Inc. (a)",,,1574.0,106576.0,0.0
2008-05-31,2008-08-11,a08-17896_1ncsrs.htm,0001104659-08-051837,N-CSRS,SEC-MORGAN-NDX,,Focus Media Holdings Ltd. (ADR) (China) (a),Focus Media Holdings Ltd. (ADR) (China) (a),,,2595.0,104553.0,0.0
2008-05-31,2008-08-11,a08-17896_1ncsrs.htm,0001104659-08-051837,N-CSRS,SEC-MORGAN-NDX,,Long Nasdaq 100 E-mini June 2008,Long Nasdaq 100 E-mini June 2008,,,34.0,101172.0,0.0
2008-05-31,2008-08-11,a08-17896_1ncsrs.htm,0001104659-08-051837,N-CSRS,SEC-MORGAN-NDX,,"Patterson Companies, Inc. (a)","Patterson Companies, Inc. (a)",,,2962.0,100738.0,0.0
2008-05-31,2008-08-11,a08-17896_1ncsrs.htm,0001104659-08-051837,N-CSRS,SEC-MORGAN-NDX,,Vertex Pharmaceuticals Inc. (a),Vertex Pharmaceuticals Inc. (a),,,3490.0,99919.0,0.0
2008-05-31,2008-08-11,a08-17896_1ncsrs.htm,0001104659-08-051837,N-CSRS,SEC-MORGAN-NDX,,"Amylin Pharmaceuticals, Inc. (a)","Amylin Pharmaceuticals, Inc. (a)",,,3113.0,98900.0,0.0
2008-05-31,2008-08-11,a08-17896_1ncsrs.htm,0001104659-08-051837,N-CSRS,SEC-MORGAN-NDX,,Sirius Satellite Radio Inc. (a),Sirius Satellite Radio Inc. (a),,,38162.0,96168.0,0.0
2008-05-31,2008-08-11,a08-17896_1ncsrs.htm,0001104659-08-051837,N-CSRS,SEC-MORGAN-NDX,,"Whole Foods Market, Inc","Whole Foods Market, Inc",,,3267.0,94743.0,0.0
2008-05-31,2008-08-11,a08-17896_1ncsrs.htm,0001104659-08-051837,N-CSRS,SEC-MORGAN-NDX,,Leap Wireless Intl Inc. (a),Leap Wireless Intl Inc. (a),,,1630.0,93660.0,0.0
2008-05-31,2008-08-11,a08-17896_1ncsrs.htm,0001104659-08-051837,N-CSRS,SEC-MORGAN-NDX,,"Cadence Design Systems, Inc. (a)","Cadence Design Systems, Inc. (a)",,,6515.0,75704.0,0.0
2008-05-31,2008-08-11,a08-17896_1ncsrs.htm,0001104659-08-051837,N-CSRS,SEC-MORGAN-NDX,,Monster Worldwide Inc. (a),Monster Worldwide Inc. (a),,,3060.0,75551.0,0.0
2008-05-31,2008-08-11,a08-17896_1ncsrs.htm,0001104659-08-051837,N-CSRS,SEC-MORGAN-NDX,,Lamar Advertising Co. (Class A) (a),Lamar Advertising Co. (Class A) (a),,,1795.0,75121.0,0.0
2008-05-31,2008-08-11,a08-17896_1ncsrs.htm,0001104659-08-051837,N-CSRS,SEC-MORGAN-NDX,,Ryanair Holdings PLC (ADR) (Ireland) (a),Ryanair Holdings PLC (ADR) (Ireland) (a),,,2776.0,73148.0,0.0
2008-05-31,2008-08-11,a08-17896_1ncsrs.htm,0001104659-08-051837,N-CSRS,SEC-MORGAN-NDX,,"PetSmart, Inc","PetSmart, Inc",,,3042.0,71304.0,0.0
2008-05-31,2008-08-11,a08-17896_1ncsrs.htm,0001104659-08-051837,N-CSRS,SEC-MORGAN-NDX,,Hansen Natural Corp,Hansen Natural Corp,,,2204.0,68853.0,0.0
2008-05-31,2008-08-11,a08-17896_1ncsrs.htm,0001104659-08-051837,N-CSRS,SEC-MORGAN-NDX,,UAL Corp. (a),UAL Corp. (a),,,2066.0,17644.0,0.0
