Date,Count,Tickers,Names
2024-08-26,31,AAPL|ADBE|AMAT|AMD|AMGN|AMZN|AVGO|BKNG|CMCSA|COST|CSCO|GOOG|GOOGL|HON|INTC|INTU|ISRG|LIN|LRCX|META|MSFT|MU|NFLX|NVDA|PEP|QCOM|REGN|TMUS|TSLA|TXN|VRTX,"APPLE INC.|ADOBE INC.|APPLIED MATERIALS|ADV MICRO DEVICES|AMGEN|AMAZON.COM INC|BROADCOM INC.|BOOKING HOLDINGS INC|COMCAST CORP A|COSTCO WHOLESALE|CISCO SYSTEMS INC.|ALPHABET CL C CAP|ALPHABET CL A CMN|HONEYWELL INTL INC|INTEL CORP|INTUIT INC|INTUITIVE SURG, INC.|LINDE PLC|LAM RESEARCH CORP|META PLATFORMS, INC.|MICROSOFT CORP|MICRON TECHNOLOGY|NETFLIX, INC.|NVIDIA CORPORATION|PEPSICO INC|QUALCOMM INC|REGENERON PHARMACEUT|T-MOBILE US CMN|TESLA, INC.|TEXAS INSTRUMENTS|VERTEX PHARMACEUTIC"
2024-08-27,31,AAPL|ADBE|AMAT|AMD|AMGN|AMZN|AVGO|BKNG|CMCSA|COST|CSCO|GOOG|GOOGL|HON|INTC|INTU|ISRG|LIN|LRCX|META|MSFT|MU|NFLX|NVDA|PEP|QCOM|REGN|TMUS|TSLA|TXN|VRTX,"APPLE INC.|ADOBE INC.|APPLIED MATERIALS|ADV MICRO DEVICES|AMGEN|AMAZON.COM INC|BROADCOM INC.|BOOKING HOLDINGS INC|COMCAST CORP A|COSTCO WHOLESALE|CISCO SYSTEMS INC.|ALPHABET CL C CAP|ALPHABET CL A CMN|HONEYWELL INTL INC|INTEL CORP|INTUIT INC|INTUITIVE SURG, INC.|LINDE PLC|LAM RESEARCH CORP|META PLATFORMS, INC.|MICROSOFT CORP|MICRON TECHNOLOGY|NETFLIX, INC.|NVIDIA CORPORATION|PEPSICO INC|QUALCOMM INC|REGENERON PHARMACEUT|T-MOBILE US CMN|TESLA, INC.|TEXAS INSTRUMENTS|VERTEX PHARMACEUTIC"
2024-08-28,31,AAPL|ADBE|AMAT|AMD|AMGN|AMZN|AVGO|BKNG|CMCSA|COST|CSCO|GOOG|GOOGL|HON|INTC|INTU|ISRG|LIN|LRCX|META|MSFT|MU|NFLX|NVDA|PEP|QCOM|REGN|TMUS|TSLA|TXN|VRTX,"APPLE INC.|ADOBE INC.|APPLIED MATERIALS|ADV MICRO DEVICES|AMGEN|AMAZON.COM INC|BROADCOM INC.|BOOKING HOLDINGS INC|COMCAST CORP A|COSTCO WHOLESALE|CISCO SYSTEMS INC.|ALPHABET CL C CAP|ALPHABET CL A CMN|HONEYWELL INTL INC|INTEL CORP|INTUIT INC|INTUITIVE SURG, INC.|LINDE PLC|LAM RESEARCH CORP|META PLATFORMS, INC.|MICROSOFT CORP|MICRON TECHNOLOGY|NETFLIX, INC.|NVIDIA CORPORATION|PEPSICO INC|QUALCOMM INC|REGENERON PHARMACEUT|T-MOBILE US CMN|TESLA, INC.|TEXAS INSTRUMENTS|VERTEX PHARMACEUTIC"
2024-08-29,31,AAPL|ADBE|AMAT|AMD|AMGN|AMZN|AVGO|BKNG|CMCSA|COST|CSCO|GOOG|GOOGL|HON|INTC|INTU|ISRG|LIN|LRCX|META|MSFT|MU|NFLX|NVDA|PEP|QCOM|REGN|TMUS|TSLA|TXN|VRTX,"APPLE INC.|ADOBE INC.|APPLIED MATERIALS|ADV MICRO DEVICES|AMGEN|AMAZON.COM INC|BROADCOM INC.|BOOKING HOLDINGS INC|COMCAST CORP A|COSTCO WHOLESALE|CISCO SYSTEMS INC.|ALPHABET CL C CAP|ALPHABET CL A CMN|HONEYWELL INTL INC|INTEL CORP|INTUIT INC|INTUITIVE SURG, INC.|LINDE PLC|LAM RESEARCH CORP|META PLATFORMS, INC.|MICROSOFT CORP|MICRON TECHNOLOGY|NETFLIX, INC.|NVIDIA CORPORATION|PEPSICO INC|QUALCOMM INC|REGENERON PHARMACEUT|T-MOBILE US CMN|TESLA, INC.|TEXAS INSTRUMENTS|VERTEX PHARMACEUTIC"
2024-08-30,31,AAPL|ADBE|AMAT|AMD|AMGN|AMZN|AVGO|BKNG|CMCSA|COST|CSCO|GOOG|GOOGL|HON|INTC|INTU|ISRG|LIN|LRCX|META|MSFT|MU|NFLX|NVDA|PEP|QCOM|REGN|TMUS|TSLA|TXN|VRTX,"APPLE INC.|ADOBE INC.|APPLIED MATERIALS|ADV MICRO DEVICES|AMGEN|AMAZON.COM INC|BROADCOM INC.|BOOKING HOLDINGS INC|COMCAST CORP A|COSTCO WHOLESALE|CISCO SYSTEMS INC.|ALPHABET CL C CAP|ALPHABET CL A CMN|HONEYWELL INTL INC|INTEL CORP|INTUIT INC|INTUITIVE SURG, INC.|LINDE PLC|LAM RESEARCH CORP|META PLATFORMS, INC.|MICROSOFT CORP|MICRON TECHNOLOGY|NETFLIX, INC.|NVIDIA CORPORATION|PEPSICO INC|QUALCOMM INC|REGENERON PHARMACEUT|T-MOBILE US CMN|TESLA, INC.|TEXAS INSTRUMENTS|VERTEX PHARMACEUTIC"
2024-09-03,31,AAPL|ADBE|AMAT|AMD|AMGN|AMZN|AVGO|BKNG|CMCSA|COST|CSCO|GOOG|GOOGL|HON|INTC|INTU|ISRG|LIN|LRCX|META|MSFT|MU|NFLX|NVDA|PEP|QCOM|REGN|TMUS|TSLA|TXN|VRTX,"APPLE INC.|ADOBE INC.|APPLIED MATERIALS|ADV MICRO DEVICES|AMGEN|AMAZON.COM INC|BROADCOM INC.|BOOKING HOLDINGS INC|COMCAST CORP A|COSTCO WHOLESALE|CISCO SYSTEMS INC.|ALPHABET CL C CAP|ALPHABET CL A CMN|HONEYWELL INTL INC|INTEL CORP|INTUIT INC|INTUITIVE SURG, INC.|LINDE PLC|LAM RESEARCH CORP|META PLATFORMS, INC.|MICROSOFT CORP|MICRON TECHNOLOGY|NETFLIX, INC.|NVIDIA CORPORATION|PEPSICO INC|QUALCOMM INC|REGENERON PHARMACEUT|T-MOBILE US CMN|TESLA, INC.|TEXAS INSTRUMENTS|VERTEX PHARMACEUTIC"
2024-09-04,31,AAPL|ADBE|AMAT|AMD|AMGN|AMZN|AVGO|BKNG|CMCSA|COST|CSCO|GOOG|GOOGL|HON|INTC|INTU|ISRG|LIN|LRCX|META|MSFT|MU|NFLX|NVDA|PEP|QCOM|REGN|TMUS|TSLA|TXN|VRTX,"APPLE INC.|ADOBE INC.|APPLIED MATERIALS|ADV MICRO DEVICES|AMGEN|AMAZON.COM INC|BROADCOM INC.|BOOKING HOLDINGS INC|COMCAST CORP A|COSTCO WHOLESALE|CISCO SYSTEMS INC.|ALPHABET CL C CAP|ALPHABET CL A CMN|HONEYWELL INTL INC|INTEL CORP|INTUIT INC|INTUITIVE SURG, INC.|LINDE PLC|LAM RESEARCH CORP|META PLATFORMS, INC.|MICROSOFT CORP|MICRON TECHNOLOGY|NETFLIX, INC.|NVIDIA CORPORATION|PEPSICO INC|QUALCOMM INC|REGENERON PHARMACEUT|T-MOBILE US CMN|TESLA, INC.|TEXAS INSTRUMENTS|VERTEX PHARMACEUTIC"
2024-09-05,31,AAPL|ADBE|AMAT|AMD|AMGN|AMZN|AVGO|BKNG|CMCSA|COST|CSCO|GOOG|GOOGL|HON|INTC|INTU|ISRG|LIN|LRCX|META|MSFT|MU|NFLX|NVDA|PEP|QCOM|REGN|TMUS|TSLA|TXN|VRTX,"APPLE INC.|ADOBE INC.|APPLIED MATERIALS|ADV MICRO DEVICES|AMGEN|AMAZON.COM INC|BROADCOM INC.|BOOKING HOLDINGS INC|COMCAST CORP A|COSTCO WHOLESALE|CISCO SYSTEMS INC.|ALPHABET CL C CAP|ALPHABET CL A CMN|HONEYWELL INTL INC|INTEL CORP|INTUIT INC|INTUITIVE SURG, INC.|LINDE PLC|LAM RESEARCH CORP|META PLATFORMS, INC.|MICROSOFT CORP|MICRON TECHNOLOGY|NETFLIX, INC.|NVIDIA CORPORATION|PEPSICO INC|QUALCOMM INC|REGENERON PHARMACEUT|T-MOBILE US CMN|TESLA, INC.|TEXAS INSTRUMENTS|VERTEX PHARMACEUTIC"
2024-09-06,31,AAPL|ADBE|AMAT|AMD|AMGN|AMZN|AVGO|BKNG|CMCSA|COST|CSCO|GOOG|GOOGL|HON|INTC|INTU|ISRG|LIN|LRCX|META|MSFT|MU|NFLX|NVDA|PEP|QCOM|REGN|TMUS|TSLA|TXN|VRTX,"APPLE INC.|ADOBE INC.|APPLIED MATERIALS|ADV MICRO DEVICES|AMGEN|AMAZON.COM INC|BROADCOM INC.|BOOKING HOLDINGS INC|COMCAST CORP A|COSTCO WHOLESALE|CISCO SYSTEMS INC.|ALPHABET CL C CAP|ALPHABET CL A CMN|HONEYWELL INTL INC|INTEL CORP|INTUIT INC|INTUITIVE SURG, INC.|LINDE PLC|LAM RESEARCH CORP|META PLATFORMS, INC.|MICROSOFT CORP|MICRON TECHNOLOGY|NETFLIX, INC.|NVIDIA CORPORATION|PEPSICO INC|QUALCOMM INC|REGENERON PHARMACEUT|T-MOBILE US CMN|TESLA, INC.|TEXAS INSTRUMENTS|VERTEX PHARMACEUTIC"
2024-09-09,31,AAPL|ADBE|AMAT|AMD|AMGN|AMZN|AVGO|BKNG|CMCSA|COST|CSCO|GOOG|GOOGL|HON|INTC|INTU|ISRG|LIN|LRCX|META|MSFT|MU|NFLX|NVDA|PEP|QCOM|REGN|TMUS|TSLA|TXN|VRTX,"APPLE INC.|ADOBE INC.|APPLIED MATERIALS|ADV MICRO DEVICES|AMGEN|AMAZON.COM INC|BROADCOM INC.|BOOKING HOLDINGS INC|COMCAST CORP A|COSTCO WHOLESALE|CISCO SYSTEMS INC.|ALPHABET CL C CAP|ALPHABET CL A CMN|HONEYWELL INTL INC|INTEL CORP|INTUIT INC|INTUITIVE SURG, INC.|LINDE PLC|LAM RESEARCH CORP|META PLATFORMS, INC.|MICROSOFT CORP|MICRON TECHNOLOGY|NETFLIX, INC.|NVIDIA CORPORATION|PEPSICO INC|QUALCOMM INC|REGENERON PHARMACEUT|T-MOBILE US CMN|TESLA, INC.|TEXAS INSTRUMENTS|VERTEX PHARMACEUTIC"
2024-09-10,31,AAPL|ADBE|AMAT|AMD|AMGN|AMZN|AVGO|BKNG|CMCSA|COST|CSCO|GOOG|GOOGL|HON|INTC|INTU|ISRG|LIN|LRCX|META|MSFT|MU|NFLX|NVDA|PEP|QCOM|REGN|TMUS|TSLA|TXN|VRTX,"APPLE INC.|ADOBE INC.|APPLIED MATERIALS|ADV MICRO DEVICES|AMGEN|AMAZON.COM INC|BROADCOM INC.|BOOKING HOLDINGS INC|COMCAST CORP A|COSTCO WHOLESALE|CISCO SYSTEMS INC.|ALPHABET CL C CAP|ALPHABET CL A CMN|HONEYWELL INTL INC|INTEL CORP|INTUIT INC|INTUITIVE SURG, INC.|LINDE PLC|LAM RESEARCH CORP|META PLATFORMS, INC.|MICROSOFT CORP|MICRON TECHNOLOGY|NETFLIX, INC.|NVIDIA CORPORATION|PEPSICO INC|QUALCOMM INC|REGENERON PHARMACEUT|T-MOBILE US CMN|TESLA, INC.|TEXAS INSTRUMENTS|VERTEX PHARMACEUTIC"
2024-09-11,31,AAPL|ADBE|AMAT|AMD|AMGN|AMZN|AVGO|BKNG|CMCSA|COST|CSCO|GOOG|GOOGL|HON|INTC|INTU|ISRG|LIN|LRCX|META|MSFT|MU|NFLX|NVDA|PEP|QCOM|REGN|TMUS|TSLA|TXN|VRTX,"APPLE INC.|ADOBE INC.|APPLIED MATERIALS|ADV MICRO DEVICES|AMGEN|AMAZON.COM INC|BROADCOM INC.|BOOKING HOLDINGS INC|COMCAST CORP A|COSTCO WHOLESALE|CISCO SYSTEMS INC.|ALPHABET CL C CAP|ALPHABET CL A CMN|HONEYWELL INTL INC|INTEL CORP|INTUIT INC|INTUITIVE SURG, INC.|LINDE PLC|LAM RESEARCH CORP|META PLATFORMS, INC.|MICROSOFT CORP|MICRON TECHNOLOGY|NETFLIX, INC.|NVIDIA CORPORATION|PEPSICO INC|QUALCOMM INC|REGENERON PHARMACEUT|T-MOBILE US CMN|TESLA, INC.|TEXAS INSTRUMENTS|VERTEX PHARMACEUTIC"
2024-09-12,31,AAPL|ADBE|AMAT|AMD|AMGN|AMZN|AVGO|BKNG|CMCSA|COST|CSCO|GOOG|GOOGL|HON|INTC|INTU|ISRG|LIN|LRCX|META|MSFT|MU|NFLX|NVDA|PEP|QCOM|REGN|TMUS|TSLA|TXN|VRTX,"APPLE INC.|ADOBE INC.|APPLIED MATERIALS|ADV MICRO DEVICES|AMGEN|AMAZON.COM INC|BROADCOM INC.|BOOKING HOLDINGS INC|COMCAST CORP A|COSTCO WHOLESALE|CISCO SYSTEMS INC.|ALPHABET CL C CAP|ALPHABET CL A CMN|HONEYWELL INTL INC|INTEL CORP|INTUIT INC|INTUITIVE SURG, INC.|LINDE PLC|LAM RESEARCH CORP|META PLATFORMS, INC.|MICROSOFT CORP|MICRON TECHNOLOGY|NETFLIX, INC.|NVIDIA CORPORATION|PEPSICO INC|QUALCOMM INC|REGENERON PHARMACEUT|T-MOBILE US CMN|TESLA, INC.|TEXAS INSTRUMENTS|VERTEX PHARMACEUTIC"
2024-09-13,31,AAPL|ADBE|AMAT|AMD|AMGN|AMZN|AVGO|BKNG|CMCSA|COST|CSCO|GOOG|GOOGL|HON|INTC|INTU|ISRG|LIN|LRCX|META|MSFT|MU|NFLX|NVDA|PEP|QCOM|REGN|TMUS|TSLA|TXN|VRTX,"APPLE INC.|ADOBE INC.|APPLIED MATERIALS|ADV MICRO DEVICES|AMGEN|AMAZON.COM INC|BROADCOM INC.|BOOKING HOLDINGS INC|COMCAST CORP A|COSTCO WHOLESALE|CISCO SYSTEMS INC.|ALPHABET CL C CAP|ALPHABET CL A CMN|HONEYWELL INTL INC|INTEL CORP|INTUIT INC|INTUITIVE SURG, INC.|LINDE PLC|LAM RESEARCH CORP|META PLATFORMS, INC.|MICROSOFT CORP|MICRON TECHNOLOGY|NETFLIX, INC.|NVIDIA CORPORATION|PEPSICO INC|QUALCOMM INC|REGENERON PHARMACEUT|T-MOBILE US CMN|TESLA, INC.|TEXAS INSTRUMENTS|VERTEX PHARMACEUTIC"
2024-09-16,31,AAPL|ADBE|AMAT|AMD|AMGN|AMZN|AVGO|BKNG|CMCSA|COST|CSCO|GOOG|GOOGL|HON|INTC|INTU|ISRG|LIN|LRCX|META|MSFT|MU|NFLX|NVDA|PEP|QCOM|REGN|TMUS|TSLA|TXN|VRTX,"APPLE INC.|ADOBE INC.|APPLIED MATERIALS|ADV MICRO DEVICES|AMGEN|AMAZON.COM INC|BROADCOM INC.|BOOKING HOLDINGS INC|COMCAST CORP A|COSTCO WHOLESALE|CISCO SYSTEMS INC.|ALPHABET CL C CAP|ALPHABET CL A CMN|HONEYWELL INTL INC|INTEL CORP|INTUIT INC|INTUITIVE SURG, INC.|LINDE PLC|LAM RESEARCH CORP|META PLATFORMS, INC.|MICROSOFT CORP|MICRON TECHNOLOGY|NETFLIX, INC.|NVIDIA CORPORATION|PEPSICO INC|QUALCOMM INC|REGENERON PHARMACEUT|T-MOBILE US CMN|TESLA, INC.|TEXAS INSTRUMENTS|VERTEX PHARMACEUTIC"
2024-09-17,31,AAPL|ADBE|AMAT|AMD|AMGN|AMZN|AVGO|BKNG|CMCSA|COST|CSCO|GOOG|GOOGL|HON|INTC|INTU|ISRG|LIN|LRCX|META|MSFT|MU|NFLX|NVDA|PEP|QCOM|REGN|TMUS|TSLA|TXN|VRTX,"APPLE INC.|ADOBE INC.|APPLIED MATERIALS|ADV MICRO DEVICES|AMGEN|AMAZON.COM INC|BROADCOM INC.|BOOKING HOLDINGS INC|COMCAST CORP A|COSTCO WHOLESALE|CISCO SYSTEMS INC.|ALPHABET CL C CAP|ALPHABET CL A CMN|HONEYWELL INTL INC|INTEL CORP|INTUIT INC|INTUITIVE SURG, INC.|LINDE PLC|LAM RESEARCH CORP|META PLATFORMS, INC.|MICROSOFT CORP|MICRON TECHNOLOGY|NETFLIX, INC.|NVIDIA CORPORATION|PEPSICO INC|QUALCOMM INC|REGENERON PHARMACEUT|T-MOBILE US CMN|TESLA, INC.|TEXAS INSTRUMENTS|VERTEX PHARMACEUTIC"
2024-09-18,31,AAPL|ADBE|AMAT|AMD|AMGN|AMZN|AVGO|BKNG|CMCSA|COST|CSCO|GOOG|GOOGL|HON|INTC|INTU|ISRG|LIN|LRCX|META|MSFT|MU|NFLX|NVDA|PEP|QCOM|REGN|TMUS|TSLA|TXN|VRTX,"APPLE INC.|ADOBE INC.|APPLIED MATERIALS|ADV MICRO DEVICES|AMGEN|AMAZON.COM INC|BROADCOM INC.|BOOKING HOLDINGS INC|COMCAST CORP A|COSTCO WHOLESALE|CISCO SYSTEMS INC.|ALPHABET CL C CAP|ALPHABET CL A CMN|HONEYWELL INTL INC|INTEL CORP|INTUIT INC|INTUITIVE SURG, INC.|LINDE PLC|LAM RESEARCH CORP|META PLATFORMS, INC.|MICROSOFT CORP|MICRON TECHNOLOGY|NETFLIX, INC.|NVIDIA CORPORATION|PEPSICO INC|QUALCOMM INC|REGENERON PHARMACEUT|T-MOBILE US CMN|TESLA, INC.|TEXAS INSTRUMENTS|VERTEX PHARMACEUTIC"
2024-09-19,31,AAPL|ADBE|AMAT|AMD|AMGN|AMZN|AVGO|BKNG|CMCSA|COST|CSCO|GOOG|GOOGL|HON|INTC|INTU|ISRG|LIN|LRCX|META|MSFT|MU|NFLX|NVDA|PEP|QCOM|REGN|TMUS|TSLA|TXN|VRTX,"APPLE INC.|ADOBE INC.|APPLIED MATERIALS|ADV MICRO DEVICES|AMGEN|AMAZON.COM INC|BROADCOM INC.|BOOKING HOLDINGS INC|COMCAST CORP A|COSTCO WHOLESALE|CISCO SYSTEMS INC.|ALPHABET CL C CAP|ALPHABET CL A CMN|HONEYWELL INTL INC|INTEL CORP|INTUIT INC|INTUITIVE SURG, INC.|LINDE PLC|LAM RESEARCH CORP|META PLATFORMS, INC.|MICROSOFT CORP|MICRON TECHNOLOGY|NETFLIX, INC.|NVIDIA CORPORATION|PEPSICO INC|QUALCOMM INC|REGENERON PHARMACEUT|T-MOBILE US CMN|TESLA, INC.|TEXAS INSTRUMENTS|VERTEX PHARMACEUTIC"
2024-09-20,31,AAPL|ADBE|AMAT|AMD|AMGN|AMZN|AVGO|BKNG|CMCSA|COST|CSCO|GOOG|GOOGL|HON|INTC|INTU|ISRG|LIN|LRCX|META|MSFT|MU|NFLX|NVDA|PEP|QCOM|REGN|TMUS|TSLA|TXN|VRTX,"APPLE INC.|ADOBE INC.|APPLIED MATERIALS|ADV MICRO DEVICES|AMGEN|AMAZON.COM INC|BROADCOM INC.|BOOKING HOLDINGS INC|COMCAST CORP A|COSTCO WHOLESALE|CISCO SYSTEMS INC.|ALPHABET CL C CAP|ALPHABET CL A CMN|HONEYWELL INTL INC|INTEL CORP|INTUIT INC|INTUITIVE SURG, INC.|LINDE PLC|LAM RESEARCH CORP|META PLATFORMS, INC.|MICROSOFT CORP|MICRON TECHNOLOGY|NETFLIX, INC.|NVIDIA CORPORATION|PEPSICO INC|QUALCOMM INC|REGENERON PHARMACEUT|T-MOBILE US CMN|TESLA, INC.|TEXAS INSTRUMENTS|VERTEX PHARMACEUTIC"
2024-09-23,31,AAPL|ADBE|ADI|ADP|AMAT|AMD|AMGN|AMZN|AVGO|BKNG|CMCSA|COST|CSCO|GOOG|GOOGL|HON|INTU|ISRG|LIN|META|MSFT|NFLX|NVDA|PANW|PEP|QCOM|REGN|TMUS|TSLA|TXN|VRTX,"APPLE INC.|ADOBE INC.|ANALOG DEVICES CMN|AUTOMATIC DATA PROCS|APPLIED MATERIALS|ADV MICRO DEVICES|AMGEN|AMAZON.COM INC|BROADCOM INC.|BOOKING HOLDINGS INC|COMCAST CORP A|COSTCO WHOLESALE|CISCO SYSTEMS INC.|ALPHABET CL C CAP|ALPHABET CL A CMN|HONEYWELL INTL INC|INTUIT INC|INTUITIVE SURG, INC.|LINDE PLC|META PLATFORMS, INC.|MICROSOFT CORP|NETFLIX, INC.|NVIDIA CORPORATION|PALO ALTO NTWKS CM|PEPSICO INC|QUALCOMM INC|REGENERON PHARMACEUT|T-MOBILE US CMN|TESLA, INC.|TEXAS INSTRUMENTS|VERTEX PHARMACEUTIC"
2024-09-24,31,AAPL|ADBE|ADI|ADP|AMAT|AMD|AMGN|AMZN|AVGO|BKNG|CMCSA|COST|CSCO|GOOG|GOOGL|HON|INTU|ISRG|LIN|META|MSFT|NFLX|NVDA|PANW|PEP|QCOM|REGN|TMUS|TSLA|TXN|VRTX,"APPLE INC.|ADOBE INC.|ANALOG DEVICES CMN|AUTOMATIC DATA PROCS|APPLIED MATERIALS|ADV MICRO DEVICES|AMGEN|AMAZON.COM INC|BROADCOM INC.|BOOKING HOLDINGS INC|COMCAST CORP A|COSTCO WHOLESALE|CISCO SYSTEMS INC.|ALPHABET CL C CAP|ALPHABET CL A CMN|HONEYWELL INTL INC|INTUIT INC|INTUITIVE SURG, INC.|LINDE PLC|META PLATFORMS, INC.|MICROSOFT CORP|NETFLIX, INC.|NVIDIA CORPORATION|PALO ALTO NTWKS CM|PEPSICO INC|QUALCOMM INC|REGENERON PHARMACEUT|T-MOBILE US CMN|TESLA, INC.|TEXAS INSTRUMENTS|VERTEX PHARMACEUTIC"
2024-09-25,31,AAPL|ADBE|ADI|ADP|AMAT|AMD|AMGN|AMZN|AVGO|BKNG|CMCSA|COST|CSCO|GOOG|GOOGL|HON|INTU|ISRG|LIN|META|MSFT|NFLX|NVDA|PANW|PEP|QCOM|REGN|TMUS|TSLA|TXN|VRTX,"APPLE INC.|ADOBE INC.|ANALOG DEVICES CMN|AUTOMATIC DATA PROCS|APPLIED MATERIALS|ADV MICRO DEVICES|AMGEN|AMAZON.COM INC|BROADCOM INC.|BOOKING HOLDINGS INC|COMCAST CORP A|COSTCO WHOLESALE|CISCO SYSTEMS INC.|ALPHABET CL C CAP|ALPHABET CL A CMN|HONEYWELL INTL INC|INTUIT INC|INTUITIVE SURG, INC.|LINDE PLC|META PLATFORMS, INC.|MICROSOFT CORP|NETFLIX, INC.|NVIDIA CORPORATION|PALO ALTO NTWKS CM|PEPSICO INC|QUALCOMM INC|REGENERON PHARMACEUT|T-MOBILE US CMN|TESLA, INC.|TEXAS INSTRUMENTS|VERTEX PHARMACEUTIC"
2024-09-26,31,AAPL|ADBE|ADI|ADP|AMAT|AMD|AMGN|AMZN|AVGO|BKNG|CMCSA|COST|CSCO|GOOG|GOOGL|HON|INTU|ISRG|LIN|META|MSFT|NFLX|NVDA|PANW|PEP|QCOM|REGN|TMUS|TSLA|TXN|VRTX,"APPLE INC.|ADOBE INC.|ANALOG DEVICES CMN|AUTOMATIC DATA PROCS|APPLIED MATERIALS|ADV MICRO DEVICES|AMGEN|AMAZON.COM INC|BROADCOM INC.|BOOKING HOLDINGS INC|COMCAST CORP A|COSTCO WHOLESALE|CISCO SYSTEMS INC.|ALPHABET CL C CAP|ALPHABET CL A CMN|HONEYWELL INTL INC|INTUIT INC|INTUITIVE SURG, INC.|LINDE PLC|META PLATFORMS, INC.|MICROSOFT CORP|NETFLIX, INC.|NVIDIA CORPORATION|PALO ALTO NTWKS CM|PEPSICO INC|QUALCOMM INC|REGENERON PHARMACEUT|T-MOBILE US CMN|TESLA, INC.|TEXAS INSTRUMENTS|VERTEX PHARMACEUTIC"
2024-09-27,31,AAPL|ADBE|ADI|ADP|AMAT|AMD|AMGN|AMZN|AVGO|BKNG|CMCSA|COST|CSCO|GOOG|GOOGL|HON|INTU|ISRG|LIN|META|MSFT|NFLX|NVDA|PANW|PEP|QCOM|REGN|TMUS|TSLA|TXN|VRTX,"APPLE INC.|ADOBE INC.|ANALOG DEVICES CMN|AUTOMATIC DATA PROCS|APPLIED MATERIALS|ADV MICRO DEVICES|AMGEN|AMAZON.COM INC|BROADCOM INC.|BOOKING HOLDINGS INC|COMCAST CORP A|COSTCO WHOLESALE|CISCO SYSTEMS INC.|ALPHABET CL C CAP|ALPHABET CL A CMN|HONEYWELL INTL INC|INTUIT INC|INTUITIVE SURG, INC.|LINDE PLC|META PLATFORMS, INC.|MICROSOFT CORP|NETFLIX, INC.|NVIDIA CORPORATION|PALO ALTO NTWKS CM|PEPSICO INC|QUALCOMM INC|REGENERON PHARMACEUT|T-MOBILE US CMN|TESLA, INC.|TEXAS INSTRUMENTS|VERTEX PHARMACEUTIC"
2024-09-30,31,AAPL|ADBE|ADI|ADP|AMAT|AMD|AMGN|AMZN|AVGO|BKNG|CMCSA|COST|CSCO|GOOG|GOOGL|HON|INTU|ISRG|LIN|META|MSFT|NFLX|NVDA|PANW|PEP|QCOM|REGN|TMUS|TSLA|TXN|VRTX,"APPLE INC.|ADOBE INC.|ANALOG DEVICES CMN|AUTOMATIC DATA PROCS|APPLIED MATERIALS|ADV MICRO DEVICES|AMGEN|AMAZON.COM INC|BROADCOM INC.|BOOKING HOLDINGS INC|COMCAST CORP A|COSTCO WHOLESALE|CISCO SYSTEMS INC.|ALPHABET CL C CAP|ALPHABET CL A CMN|HONEYWELL INTL INC|INTUIT INC|INTUITIVE SURG, INC.|LINDE PLC|META PLATFORMS, INC.|MICROSOFT CORP|NETFLIX, INC.|NVIDIA CORPORATION|PALO ALTO NTWKS CM|PEPSICO INC|QUALCOMM INC|REGENERON PHARMACEUT|T-MOBILE US CMN|TESLA, INC.|TEXAS INSTRUMENTS|VERTEX PHARMACEUTIC"
2024-10-01,31,AAPL|ADBE|ADI|ADP|AMAT|AMD|AMGN|AMZN|AVGO|BKNG|CMCSA|COST|CSCO|GOOG|GOOGL|HON|INTU|ISRG|LIN|META|MSFT|NFLX|NVDA|PANW|PEP|QCOM|REGN|TMUS|TSLA|TXN|VRTX,"APPLE INC.|ADOBE INC.|ANALOG DEVICES CMN|AUTOMATIC DATA PROCS|APPLIED MATERIALS|ADV MICRO DEVICES|AMGEN|AMAZON.COM INC|BROADCOM INC.|BOOKING HOLDINGS INC|COMCAST CORP A|COSTCO WHOLESALE|CISCO SYSTEMS INC.|ALPHABET CL C CAP|ALPHABET CL A CMN|HONEYWELL INTL INC|INTUIT INC|INTUITIVE SURG, INC.|LINDE PLC|META PLATFORMS, INC.|MICROSOFT CORP|NETFLIX, INC.|NVIDIA CORPORATION|PALO ALTO NTWKS CM|PEPSICO INC|QUALCOMM INC|REGENERON PHARMACEUT|T-MOBILE US CMN|TESLA, INC.|TEXAS INSTRUMENTS|VERTEX PHARMACEUTIC"
2024-10-02,31,AAPL|ADBE|ADI|ADP|AMAT|AMD|AMGN|AMZN|AVGO|BKNG|CMCSA|COST|CSCO|GOOG|GOOGL|HON|INTU|ISRG|LIN|META|MSFT|NFLX|NVDA|PANW|PEP|QCOM|REGN|TMUS|TSLA|TXN|VRTX,"APPLE INC.|ADOBE INC.|ANALOG DEVICES CMN|AUTOMATIC DATA PROCS|APPLIED MATERIALS|ADV MICRO DEVICES|AMGEN|AMAZON.COM INC|BROADCOM INC.|BOOKING HOLDINGS INC|COMCAST CORP A|COSTCO WHOLESALE|CISCO SYSTEMS INC.|ALPHABET CL C CAP|ALPHABET CL A CMN|HONEYWELL INTL INC|INTUIT INC|INTUITIVE SURG, INC.|LINDE PLC|META PLATFORMS, INC.|MICROSOFT CORP|NETFLIX, INC.|NVIDIA CORPORATION|PALO ALTO NTWKS CM|PEPSICO INC|QUALCOMM INC|REGENERON PHARMACEUT|T-MOBILE US CMN|TESLA, INC.|TEXAS INSTRUMENTS|VERTEX PHARMACEUTIC"
2024-10-03,31,AAPL|ADBE|ADI|ADP|AMAT|AMD|AMGN|AMZN|AVGO|BKNG|CMCSA|COST|CSCO|GOOG|GOOGL|HON|INTU|ISRG|LIN|META|MSFT|NFLX|NVDA|PANW|PEP|QCOM|REGN|TMUS|TSLA|TXN|VRTX,"APPLE INC.|ADOBE INC.|ANALOG DEVICES CMN|AUTOMATIC DATA PROCS|APPLIED MATERIALS|ADV MICRO DEVICES|AMGEN|AMAZON.COM INC|BROADCOM INC.|BOOKING HOLDINGS INC|COMCAST CORP A|COSTCO WHOLESALE|CISCO SYSTEMS INC.|ALPHABET CL C CAP|ALPHABET CL A CMN|HONEYWELL INTL INC|INTUIT INC|INTUITIVE SURG, INC.|LINDE PLC|META PLATFORMS, INC.|MICROSOFT CORP|NETFLIX, INC.|NVIDIA CORPORATION|PALO ALTO NTWKS CM|PEPSICO INC|QUALCOMM INC|REGENERON PHARMACEUT|T-MOBILE US CMN|TESLA, INC.|TEXAS INSTRUMENTS|VERTEX PHARMACEUTIC"
2024-10-04,31,AAPL|ADBE|ADI|ADP|AMAT|AMD|AMGN|AMZN|AVGO|BKNG|CMCSA|COST|CSCO|GOOG|GOOGL|HON|INTU|ISRG|LIN|META|MSFT|NFLX|NVDA|PANW|PEP|QCOM|REGN|TMUS|TSLA|TXN|VRTX,"APPLE INC.|ADOBE INC.|ANALOG DEVICES CMN|AUTOMATIC DATA PROCS|APPLIED MATERIALS|ADV MICRO DEVICES|AMGEN|AMAZON.COM INC|BROADCOM INC.|BOOKING HOLDINGS INC|COMCAST CORP A|COSTCO WHOLESALE|CISCO SYSTEMS INC.|ALPHABET CL C CAP|ALPHABET CL A CMN|HONEYWELL INTL INC|INTUIT INC|INTUITIVE SURG, INC.|LINDE PLC|META PLATFORMS, INC.|MICROSOFT CORP|NETFLIX, INC.|NVIDIA CORPORATION|PALO ALTO NTWKS CM|PEPSICO INC|QUALCOMM INC|REGENERON PHARMACEUT|T-MOBILE US CMN|TESLA, INC.|TEXAS INSTRUMENTS|VERTEX PHARMACEUTIC"
2024-10-07,31,AAPL|ADBE|ADI|ADP|AMAT|AMD|AMGN|AMZN|AVGO|BKNG|CMCSA|COST|CSCO|GOOG|GOOGL|HON|INTU|ISRG|LIN|META|MSFT|NFLX|NVDA|PANW|PEP|QCOM|REGN|TMUS|TSLA|TXN|VRTX,"APPLE INC.|ADOBE INC.|ANALOG DEVICES CMN|AUTOMATIC DATA PROCS|APPLIED MATERIALS|ADV MICRO DEVICES|AMGEN|AMAZON.COM INC|BROADCOM INC.|BOOKING HOLDINGS INC|COMCAST CORP A|COSTCO WHOLESALE|CISCO SYSTEMS INC.|ALPHABET CL C CAP|ALPHABET CL A CMN|HONEYWELL INTL INC|INTUIT INC|INTUITIVE SURG, INC.|LINDE PLC|META PLATFORMS, INC.|MICROSOFT CORP|NETFLIX, INC.|NVIDIA CORPORATION|PALO ALTO NTWKS CM|PEPSICO INC|QUALCOMM INC|REGENERON PHARMACEUT|T-MOBILE US CMN|TESLA, INC.|TEXAS INSTRUMENTS|VERTEX PHARMACEUTIC"
2024-10-08,31,AAPL|ADBE|ADI|ADP|AMAT|AMD|AMGN|AMZN|AVGO|BKNG|CMCSA|COST|CSCO|GOOG|GOOGL|HON|INTU|ISRG|LIN|META|MSFT|NFLX|NVDA|PANW|PEP|QCOM|REGN|TMUS|TSLA|TXN|VRTX,"APPLE INC.|ADOBE INC.|ANALOG DEVICES CMN|AUTOMATIC DATA PROCS|APPLIED MATERIALS|ADV MICRO DEVICES|AMGEN|AMAZON.COM INC|BROADCOM INC.|BOOKING HOLDINGS INC|COMCAST CORP A|COSTCO WHOLESALE|CISCO SYSTEMS INC.|ALPHABET CL C CAP|ALPHABET CL A CMN|HONEYWELL INTL INC|INTUIT INC|INTUITIVE SURG, INC.|LINDE PLC|META PLATFORMS, INC.|MICROSOFT CORP|NETFLIX, INC.|NVIDIA CORPORATION|PALO ALTO NTWKS CM|PEPSICO INC|QUALCOMM INC|REGENERON PHARMACEUT|T-MOBILE US CMN|TESLA, INC.|TEXAS INSTRUMENTS|VERTEX PHARMACEUTIC"
2024-10-09,31,AAPL|ADBE|ADI|ADP|AMAT|AMD|AMGN|AMZN|AVGO|BKNG|CMCSA|COST|CSCO|GOOG|GOOGL|HON|INTU|ISRG|LIN|META|MSFT|NFLX|NVDA|PANW|PEP|QCOM|REGN|TMUS|TSLA|TXN|VRTX,"APPLE INC.|ADOBE INC.|ANALOG DEVICES CMN|AUTOMATIC DATA PROCS|APPLIED MATERIALS|ADV MICRO DEVICES|AMGEN|AMAZON.COM INC|BROADCOM INC.|BOOKING HOLDINGS INC|COMCAST CORP A|COSTCO WHOLESALE|CISCO SYSTEMS INC.|ALPHABET CL C CAP|ALPHABET CL A CMN|HONEYWELL INTL INC|INTUIT INC|INTUITIVE SURG, INC.|LINDE PLC|META PLATFORMS, INC.|MICROSOFT CORP|NETFLIX, INC.|NVIDIA CORPORATION|PALO ALTO NTWKS CM|PEPSICO INC|QUALCOMM INC|REGENERON PHARMACEUT|T-MOBILE US CMN|TESLA, INC.|TEXAS INSTRUMENTS|VERTEX PHARMACEUTIC"
2024-10-10,31,AAPL|ADBE|ADI|ADP|AMAT|AMD|AMGN|AMZN|AVGO|BKNG|CMCSA|COST|CSCO|GOOG|GOOGL|HON|INTU|ISRG|LIN|META|MSFT|NFLX|NVDA|PANW|PEP|QCOM|REGN|TMUS|TSLA|TXN|VRTX,"APPLE INC.|ADOBE INC.|ANALOG DEVICES CMN|AUTOMATIC DATA PROCS|APPLIED MATERIALS|ADV MICRO DEVICES|AMGEN|AMAZON.COM INC|BROADCOM INC.|BOOKING HOLDINGS INC|COMCAST CORP A|COSTCO WHOLESALE|CISCO SYSTEMS INC.|ALPHABET CL C CAP|ALPHABET CL A CMN|HONEYWELL INTL INC|INTUIT INC|INTUITIVE SURG, INC.|LINDE PLC|META PLATFORMS, INC.|MICROSOFT CORP|NETFLIX, INC.|NVIDIA CORPORATION|PALO ALTO NTWKS CM|PEPSICO INC|QUALCOMM INC|REGENERON PHARMACEUT|T-MOBILE US CMN|TESLA, INC.|TEXAS INSTRUMENTS|VERTEX PHARMACEUTIC"
2024-10-11,31,AAPL|ADBE|ADI|ADP|AMAT|AMD|AMGN|AMZN|AVGO|BKNG|CMCSA|COST|CSCO|GOOG|GOOGL|HON|INTU|ISRG|LIN|META|MSFT|NFLX|NVDA|PANW|PEP|QCOM|REGN|TMUS|TSLA|TXN|VRTX,"APPLE INC.|ADOBE INC.|ANALOG DEVICES CMN|AUTOMATIC DATA PROCS|APPLIED MATERIALS|ADV MICRO DEVICES|AMGEN|AMAZON.COM INC|BROADCOM INC.|BOOKING HOLDINGS INC|COMCAST CORP A|COSTCO WHOLESALE|CISCO SYSTEMS INC.|ALPHABET CL C CAP|ALPHABET CL A CMN|HONEYWELL INTL INC|INTUIT INC|INTUITIVE SURG, INC.|LINDE PLC|META PLATFORMS, INC.|MICROSOFT CORP|NETFLIX, INC.|NVIDIA CORPORATION|PALO ALTO NTWKS CM|PEPSICO INC|QUALCOMM INC|REGENERON PHARMACEUT|T-MOBILE US CMN|TESLA, INC.|TEXAS INSTRUMENTS|VERTEX PHARMACEUTIC"
2024-10-14,31,AAPL|ADBE|ADI|ADP|AMAT|AMD|AMGN|AMZN|AVGO|BKNG|CMCSA|COST|CSCO|GOOG|GOOGL|HON|INTU|ISRG|LIN|META|MSFT|NFLX|NVDA|PANW|PEP|QCOM|REGN|TMUS|TSLA|TXN|VRTX,"APPLE INC.|ADOBE INC.|ANALOG DEVICES CMN|AUTOMATIC DATA PROCS|APPLIED MATERIALS|ADV MICRO DEVICES|AMGEN|AMAZON.COM INC|BROADCOM INC.|BOOKING HOLDINGS INC|COMCAST CORP A|COSTCO WHOLESALE|CISCO SYSTEMS INC.|ALPHABET CL C CAP|ALPHABET CL A CMN|HONEYWELL INTL INC|INTUIT INC|INTUITIVE SURG, INC.|LINDE PLC|META PLATFORMS, INC.|MICROSOFT CORP|NETFLIX, INC.|NVIDIA CORPORATION|PALO ALTO NTWKS CM|PEPSICO INC|QUALCOMM INC|REGENERON PHARMACEUT|T-MOBILE US CMN|TESLA, INC.|TEXAS INSTRUMENTS|VERTEX PHARMACEUTIC"
2024-10-15,31,AAPL|ADBE|ADI|ADP|AMAT|AMD|AMGN|AMZN|AVGO|BKNG|CMCSA|COST|CSCO|GOOG|GOOGL|HON|INTU|ISRG|LIN|META|MSFT|NFLX|NVDA|PANW|PEP|QCOM|REGN|TMUS|TSLA|TXN|VRTX,"APPLE INC.|ADOBE INC.|ANALOG DEVICES CMN|AUTOMATIC DATA PROCS|APPLIED MATERIALS|ADV MICRO DEVICES|AMGEN|AMAZON.COM INC|BROADCOM INC.|BOOKING HOLDINGS INC|COMCAST CORP A|COSTCO WHOLESALE|CISCO SYSTEMS INC.|ALPHABET CL C CAP|ALPHABET CL A CMN|HONEYWELL INTL INC|INTUIT INC|INTUITIVE SURG, INC.|LINDE PLC|META PLATFORMS, INC.|MICROSOFT CORP|NETFLIX, INC.|NVIDIA CORPORATION|PALO ALTO NTWKS CM|PEPSICO INC|QUALCOMM INC|REGENERON PHARMACEUT|T-MOBILE US CMN|TESLA, INC.|TEXAS INSTRUMENTS|VERTEX PHARMACEUTIC"
2024-10-16,31,AAPL|ADBE|ADI|ADP|AMAT|AMD|AMGN|AMZN|AVGO|BKNG|CMCSA|COST|CSCO|GOOG|GOOGL|HON|INTU|ISRG|LIN|META|MSFT|NFLX|NVDA|PANW|PEP|QCOM|REGN|TMUS|TSLA|TXN|VRTX,"APPLE INC.|ADOBE INC.|ANALOG DEVICES CMN|AUTOMATIC DATA PROCS|APPLIED MATERIALS|ADV MICRO DEVICES|AMGEN|AMAZON.COM INC|BROADCOM INC.|BOOKING HOLDINGS INC|COMCAST CORP A|COSTCO WHOLESALE|CISCO SYSTEMS INC.|ALPHABET CL C CAP|ALPHABET CL A CMN|HONEYWELL INTL INC|INTUIT INC|INTUITIVE SURG, INC.|LINDE PLC|META PLATFORMS, INC.|MICROSOFT CORP|NETFLIX, INC.|NVIDIA CORPORATION|PALO ALTO NTWKS CM|PEPSICO INC|QUALCOMM INC|REGENERON PHARMACEUT|T-MOBILE US CMN|TESLA, INC.|TEXAS INSTRUMENTS|VERTEX PHARMACEUTIC"
2024-10-17,31,AAPL|ADBE|ADI|ADP|AMAT|AMD|AMGN|AMZN|AVGO|BKNG|CMCSA|COST|CSCO|GOOG|GOOGL|HON|INTU|ISRG|LIN|META|MSFT|NFLX|NVDA|PANW|PEP|QCOM|REGN|TMUS|TSLA|TXN|VRTX,"APPLE INC.|ADOBE INC.|ANALOG DEVICES CMN|AUTOMATIC DATA PROCS|APPLIED MATERIALS|ADV MICRO DEVICES|AMGEN|AMAZON.COM INC|BROADCOM INC.|BOOKING HOLDINGS INC|COMCAST CORP A|COSTCO WHOLESALE|CISCO SYSTEMS INC.|ALPHABET CL C CAP|ALPHABET CL A CMN|HONEYWELL INTL INC|INTUIT INC|INTUITIVE SURG, INC.|LINDE PLC|META PLATFORMS, INC.|MICROSOFT CORP|NETFLIX, INC.|NVIDIA CORPORATION|PALO ALTO NTWKS CM|PEPSICO INC|QUALCOMM INC|REGENERON PHARMACEUT|T-MOBILE US CMN|TESLA, INC.|TEXAS INSTRUMENTS|VERTEX PHARMACEUTIC"
2024-10-18,31,AAPL|ADBE|ADI|ADP|AMAT|AMD|AMGN|AMZN|AVGO|BKNG|CMCSA|COST|CSCO|GOOG|GOOGL|HON|INTU|ISRG|LIN|META|MSFT|NFLX|NVDA|PANW|PEP|QCOM|REGN|TMUS|TSLA|TXN|VRTX,"APPLE INC.|ADOBE INC.|ANALOG DEVICES CMN|AUTOMATIC DATA PROCS|APPLIED MATERIALS|ADV MICRO DEVICES|AMGEN|AMAZON.COM INC|BROADCOM INC.|BOOKING HOLDINGS INC|COMCAST CORP A|COSTCO WHOLESALE|CISCO SYSTEMS INC.|ALPHABET CL C CAP|ALPHABET CL A CMN|HONEYWELL INTL INC|INTUIT INC|INTUITIVE SURG, INC.|LINDE PLC|META PLATFORMS, INC.|MICROSOFT CORP|NETFLIX, INC.|NVIDIA CORPORATION|PALO ALTO NTWKS CM|PEPSICO INC|QUALCOMM INC|REGENERON PHARMACEUT|T-MOBILE US CMN|TESLA, INC.|TEXAS INSTRUMENTS|VERTEX PHARMACEUTIC"
2024-10-21,31,AAPL|ADBE|ADI|ADP|AMAT|AMD|AMGN|AMZN|AVGO|BKNG|CMCSA|COST|CSCO|GOOG|GOOGL|HON|INTU|ISRG|LIN|META|MSFT|NFLX|NVDA|PANW|PEP|QCOM|REGN|TMUS|TSLA|TXN|VRTX,"APPLE INC.|ADOBE INC.|ANALOG DEVICES CMN|AUTOMATIC DATA PROCS|APPLIED MATERIALS|ADV MICRO DEVICES|AMGEN|AMAZON.COM INC|BROADCOM INC.|BOOKING HOLDINGS INC|COMCAST CORP A|COSTCO WHOLESALE|CISCO SYSTEMS INC.|ALPHABET CL C CAP|ALPHABET CL A CMN|HONEYWELL INTL INC|INTUIT INC|INTUITIVE SURG, INC.|LINDE PLC|META PLATFORMS, INC.|MICROSOFT CORP|NETFLIX, INC.|NVIDIA CORPORATION|PALO ALTO NTWKS CM|PEPSICO INC|QUALCOMM INC|REGENERON PHARMACEUT|T-MOBILE US CMN|TESLA, INC.|TEXAS INSTRUMENTS|VERTEX PHARMACEUTIC"
2024-10-22,31,AAPL|ADBE|ADI|ADP|AMAT|AMD|AMGN|AMZN|AVGO|BKNG|CMCSA|COST|CSCO|GOOG|GOOGL|HON|INTU|ISRG|LIN|META|MSFT|NFLX|NVDA|PANW|PEP|QCOM|REGN|TMUS|TSLA|TXN|VRTX,"APPLE INC.|ADOBE INC.|ANALOG DEVICES CMN|AUTOMATIC DATA PROCS|APPLIED MATERIALS|ADV MICRO DEVICES|AMGEN|AMAZON.COM INC|BROADCOM INC.|BOOKING HOLDINGS INC|COMCAST CORP A|COSTCO WHOLESALE|CISCO SYSTEMS INC.|ALPHABET CL C CAP|ALPHABET CL A CMN|HONEYWELL INTL INC|INTUIT INC|INTUITIVE SURG, INC.|LINDE PLC|META PLATFORMS, INC.|MICROSOFT CORP|NETFLIX, INC.|NVIDIA CORPORATION|PALO ALTO NTWKS CM|PEPSICO INC|QUALCOMM INC|REGENERON PHARMACEUT|T-MOBILE US CMN|TESLA, INC.|TEXAS INSTRUMENTS|VERTEX PHARMACEUTIC"
2024-10-23,31,AAPL|ADBE|ADI|ADP|AMAT|AMD|AMGN|AMZN|AVGO|BKNG|CMCSA|COST|CSCO|GOOG|GOOGL|HON|INTU|ISRG|LIN|META|MSFT|NFLX|NVDA|PANW|PEP|QCOM|REGN|TMUS|TSLA|TXN|VRTX,"APPLE INC.|ADOBE INC.|ANALOG DEVICES CMN|AUTOMATIC DATA PROCS|APPLIED MATERIALS|ADV MICRO DEVICES|AMGEN|AMAZON.COM INC|BROADCOM INC.|BOOKING HOLDINGS INC|COMCAST CORP A|COSTCO WHOLESALE|CISCO SYSTEMS INC.|ALPHABET CL C CAP|ALPHABET CL A CMN|HONEYWELL INTL INC|INTUIT INC|INTUITIVE SURG, INC.|LINDE PLC|META PLATFORMS, INC.|MICROSOFT CORP|NETFLIX, INC.|NVIDIA CORPORATION|PALO ALTO NTWKS CM|PEPSICO INC|QUALCOMM INC|REGENERON PHARMACEUT|T-MOBILE US CMN|TESLA, INC.|TEXAS INSTRUMENTS|VERTEX PHARMACEUTIC"
2024-10-24,31,AAPL|ADBE|ADI|ADP|AMAT|AMD|AMGN|AMZN|AVGO|BKNG|CMCSA|COST|CSCO|GOOG|GOOGL|HON|INTU|ISRG|LIN|META|MSFT|NFLX|NVDA|PANW|PEP|QCOM|REGN|TMUS|TSLA|TXN|VRTX,"APPLE INC.|ADOBE INC.|ANALOG DEVICES CMN|AUTOMATIC DATA PROCS|APPLIED MATERIALS|ADV MICRO DEVICES|AMGEN|AMAZON.COM INC|BROADCOM INC.|BOOKING HOLDINGS INC|COMCAST CORP A|COSTCO WHOLESALE|CISCO SYSTEMS INC.|ALPHABET CL C CAP|ALPHABET CL A CMN|HONEYWELL INTL INC|INTUIT INC|INTUITIVE SURG, INC.|LINDE PLC|META PLATFORMS, INC.|MICROSOFT CORP|NETFLIX, INC.|NVIDIA CORPORATION|PALO ALTO NTWKS CM|PEPSICO INC|QUALCOMM INC|REGENERON PHARMACEUT|T-MOBILE US CMN|TESLA, INC.|TEXAS INSTRUMENTS|VERTEX PHARMACEUTIC"
2024-10-25,31,AAPL|ADBE|ADI|ADP|AMAT|AMD|AMGN|AMZN|AVGO|BKNG|CMCSA|COST|CSCO|GOOG|GOOGL|HON|INTU|ISRG|LIN|META|MSFT|NFLX|NVDA|PANW|PEP|QCOM|REGN|TMUS|TSLA|TXN|VRTX,"APPLE INC.|ADOBE INC.|ANALOG DEVICES CMN|AUTOMATIC DATA PROCS|APPLIED MATERIALS|ADV MICRO DEVICES|AMGEN|AMAZON.COM INC|BROADCOM INC.|BOOKING HOLDINGS INC|COMCAST CORP A|COSTCO WHOLESALE|CISCO SYSTEMS INC.|ALPHABET CL C CAP|ALPHABET CL A CMN|HONEYWELL INTL INC|INTUIT INC|INTUITIVE SURG, INC.|LINDE PLC|META PLATFORMS, INC.|MICROSOFT CORP|NETFLIX, INC.|NVIDIA CORPORATION|PALO ALTO NTWKS CM|PEPSICO INC|QUALCOMM INC|REGENERON PHARMACEUT|T-MOBILE US CMN|TESLA, INC.|TEXAS INSTRUMENTS|VERTEX PHARMACEUTIC"
2024-10-28,31,AAPL|ADBE|ADI|ADP|AMAT|AMD|AMGN|AMZN|AVGO|BKNG|CMCSA|COST|CSCO|GOOG|GOOGL|HON|INTU|ISRG|LIN|META|MSFT|NFLX|NVDA|PANW|PEP|QCOM|REGN|TMUS|TSLA|TXN|VRTX,"APPLE INC.|ADOBE INC.|ANALOG DEVICES CMN|AUTOMATIC DATA PROCS|APPLIED MATERIALS|ADV MICRO DEVICES|AMGEN|AMAZON.COM INC|BROADCOM INC.|BOOKING HOLDINGS INC|COMCAST CORP A|COSTCO WHOLESALE|CISCO SYSTEMS INC.|ALPHABET CL C CAP|ALPHABET CL A CMN|HONEYWELL INTL INC|INTUIT INC|INTUITIVE SURG, INC.|LINDE PLC|META PLATFORMS, INC.|MICROSOFT CORP|NETFLIX, INC.|NVIDIA CORPORATION|PALO ALTO NTWKS CM|PEPSICO INC|QUALCOMM INC|REGENERON PHARMACEUT|T-MOBILE US CMN|TESLA, INC.|TEXAS INSTRUMENTS|VERTEX PHARMACEUTIC"
2024-10-29,31,AAPL|ADBE|ADI|ADP|AMAT|AMD|AMGN|AMZN|AVGO|BKNG|CMCSA|COST|CSCO|GOOG|GOOGL|HON|INTU|ISRG|LIN|META|MSFT|NFLX|NVDA|PANW|PEP|QCOM|REGN|TMUS|TSLA|TXN|VRTX,"APPLE INC.|ADOBE INC.|ANALOG DEVICES CMN|AUTOMATIC DATA PROCS|APPLIED MATERIALS|ADV MICRO DEVICES|AMGEN|AMAZON.COM INC|BROADCOM INC.|BOOKING HOLDINGS INC|COMCAST CORP A|COSTCO WHOLESALE|CISCO SYSTEMS INC.|ALPHABET CL C CAP|ALPHABET CL A CMN|HONEYWELL INTL INC|INTUIT INC|INTUITIVE SURG, INC.|LINDE PLC|META PLATFORMS, INC.|MICROSOFT CORP|NETFLIX, INC.|NVIDIA CORPORATION|PALO ALTO NTWKS CM|PEPSICO INC|QUALCOMM INC|REGENERON PHARMACEUT|T-MOBILE US CMN|TESLA, INC.|TEXAS INSTRUMENTS|VERTEX PHARMACEUTIC"
2024-10-30,31,AAPL|ADBE|ADI|ADP|AMAT|AMD|AMGN|AMZN|AVGO|BKNG|CMCSA|COST|CSCO|GOOG|GOOGL|HON|INTU|ISRG|LIN|META|MSFT|NFLX|NVDA|PANW|PEP|QCOM|REGN|TMUS|TSLA|TXN|VRTX,"APPLE INC.|ADOBE INC.|ANALOG DEVICES CMN|AUTOMATIC DATA PROCS|APPLIED MATERIALS|ADV MICRO DEVICES|AMGEN|AMAZON.COM INC|BROADCOM INC.|BOOKING HOLDINGS INC|COMCAST CORP A|COSTCO WHOLESALE|CISCO SYSTEMS INC.|ALPHABET CL C CAP|ALPHABET CL A CMN|HONEYWELL INTL INC|INTUIT INC|INTUITIVE SURG, INC.|LINDE PLC|META PLATFORMS, INC.|MICROSOFT CORP|NETFLIX, INC.|NVIDIA CORPORATION|PALO ALTO NTWKS CM|PEPSICO INC|QUALCOMM INC|REGENERON PHARMACEUT|T-MOBILE US CMN|TESLA, INC.|TEXAS INSTRUMENTS|VERTEX PHARMACEUTIC"
2024-10-31,31,AAPL|ADBE|ADI|ADP|AMAT|AMD|AMGN|AMZN|AVGO|BKNG|CMCSA|COST|CSCO|GOOG|GOOGL|HON|INTU|ISRG|LIN|META|MSFT|NFLX|NVDA|PANW|PEP|QCOM|REGN|TMUS|TSLA|TXN|VRTX,"APPLE INC.|ADOBE INC.|ANALOG DEVICES CMN|AUTOMATIC DATA PROCS|APPLIED MATERIALS|ADV MICRO DEVICES|AMGEN|AMAZON.COM INC|BROADCOM INC.|BOOKING HOLDINGS INC|COMCAST CORP A|COSTCO WHOLESALE|CISCO SYSTEMS INC.|ALPHABET CL C CAP|ALPHABET CL A CMN|HONEYWELL INTL INC|INTUIT INC|INTUITIVE SURG, INC.|LINDE PLC|META PLATFORMS, INC.|MICROSOFT CORP|NETFLIX, INC.|NVIDIA CORPORATION|PALO ALTO NTWKS CM|PEPSICO INC|QUALCOMM INC|REGENERON PHARMACEUT|T-MOBILE US CMN|TESLA, INC.|TEXAS INSTRUMENTS|VERTEX PHARMACEUTIC"
2024-11-01,31,AAPL|ADBE|ADI|ADP|AMAT|AMD|AMGN|AMZN|AVGO|BKNG|CMCSA|COST|CSCO|GOOG|GOOGL|HON|INTU|ISRG|LIN|META|MSFT|NFLX|NVDA|PANW|PEP|QCOM|REGN|TMUS|TSLA|TXN|VRTX,"APPLE INC.|ADOBE INC.|ANALOG DEVICES CMN|AUTOMATIC DATA PROCS|APPLIED MATERIALS|ADV MICRO DEVICES|AMGEN|AMAZON.COM INC|BROADCOM INC.|BOOKING HOLDINGS INC|COMCAST CORP A|COSTCO WHOLESALE|CISCO SYSTEMS INC.|ALPHABET CL C CAP|ALPHABET CL A CMN|HONEYWELL INTL INC|INTUIT INC|INTUITIVE SURG, INC.|LINDE PLC|META PLATFORMS, INC.|MICROSOFT CORP|NETFLIX, INC.|NVIDIA CORPORATION|PALO ALTO NTWKS CM|PEPSICO INC|QUALCOMM INC|REGENERON PHARMACEUT|T-MOBILE US CMN|TESLA, INC.|TEXAS INSTRUMENTS|VERTEX PHARMACEUTIC"
2024-11-04,31,AAPL|ADBE|ADI|ADP|AMAT|AMD|AMGN|AMZN|AVGO|BKNG|CMCSA|COST|CSCO|GOOG|GOOGL|HON|INTU|ISRG|LIN|META|MSFT|NFLX|NVDA|PANW|PEP|QCOM|REGN|TMUS|TSLA|TXN|VRTX,"APPLE INC.|ADOBE INC.|ANALOG DEVICES CMN|AUTOMATIC DATA PROCS|APPLIED MATERIALS|ADV MICRO DEVICES|AMGEN|AMAZON.COM INC|BROADCOM INC.|BOOKING HOLDINGS INC|COMCAST CORP A|COSTCO WHOLESALE|CISCO SYSTEMS INC.|ALPHABET CL C CAP|ALPHABET CL A CMN|HONEYWELL INTL INC|INTUIT INC|INTUITIVE SURG, INC.|LINDE PLC|META PLATFORMS, INC.|MICROSOFT CORP|NETFLIX, INC.|NVIDIA CORPORATION|PALO ALTO NTWKS CM|PEPSICO INC|QUALCOMM INC|REGENERON PHARMACEUT|T-MOBILE US CMN|TESLA, INC.|TEXAS INSTRUMENTS|VERTEX PHARMACEUTIC"
2024-11-05,31,AAPL|ADBE|ADI|ADP|AMAT|AMD|AMGN|AMZN|AVGO|BKNG|CMCSA|COST|CSCO|GOOG|GOOGL|HON|INTU|ISRG|LIN|META|MSFT|NFLX|NVDA|PANW|PEP|QCOM|REGN|TMUS|TSLA|TXN|VRTX,"APPLE INC.|ADOBE INC.|ANALOG DEVICES CMN|AUTOMATIC DATA PROCS|APPLIED MATERIALS|ADV MICRO DEVICES|AMGEN|AMAZON.COM INC|BROADCOM INC.|BOOKING HOLDINGS INC|COMCAST CORP A|COSTCO WHOLESALE|CISCO SYSTEMS INC.|ALPHABET CL C CAP|ALPHABET CL A CMN|HONEYWELL INTL INC|INTUIT INC|INTUITIVE SURG, INC.|LINDE PLC|META PLATFORMS, INC.|MICROSOFT CORP|NETFLIX, INC.|NVIDIA CORPORATION|PALO ALTO NTWKS CM|PEPSICO INC|QUALCOMM INC|REGENERON PHARMACEUT|T-MOBILE US CMN|TESLA, INC.|TEXAS INSTRUMENTS|VERTEX PHARMACEUTIC"
2024-11-06,31,AAPL|ADBE|ADI|ADP|AMAT|AMD|AMGN|AMZN|AVGO|BKNG|CMCSA|COST|CSCO|GOOG|GOOGL|HON|INTU|ISRG|LIN|META|MSFT|NFLX|NVDA|PANW|PEP|QCOM|REGN|TMUS|TSLA|TXN|VRTX,"APPLE INC.|ADOBE INC.|ANALOG DEVICES CMN|AUTOMATIC DATA PROCS|APPLIED MATERIALS|ADV MICRO DEVICES|AMGEN|AMAZON.COM INC|BROADCOM INC.|BOOKING HOLDINGS INC|COMCAST CORP A|COSTCO WHOLESALE|CISCO SYSTEMS INC.|ALPHABET CL C CAP|ALPHABET CL A CMN|HONEYWELL INTL INC|INTUIT INC|INTUITIVE SURG, INC.|LINDE PLC|META PLATFORMS, INC.|MICROSOFT CORP|NETFLIX, INC.|NVIDIA CORPORATION|PALO ALTO NTWKS CM|PEPSICO INC|QUALCOMM INC|REGENERON PHARMACEUT|T-MOBILE US CMN|TESLA, INC.|TEXAS INSTRUMENTS|VERTEX PHARMACEUTIC"
2024-11-07,31,AAPL|ADBE|ADI|ADP|AMAT|AMD|AMGN|AMZN|AVGO|BKNG|CMCSA|COST|CSCO|GOOG|GOOGL|HON|INTU|ISRG|LIN|META|MSFT|NFLX|NVDA|PANW|PEP|QCOM|REGN|TMUS|TSLA|TXN|VRTX,"APPLE INC.|ADOBE INC.|ANALOG DEVICES CMN|AUTOMATIC DATA PROCS|APPLIED MATERIALS|ADV MICRO DEVICES|AMGEN|AMAZON.COM INC|BROADCOM INC.|BOOKING HOLDINGS INC|COMCAST CORP A|COSTCO WHOLESALE|CISCO SYSTEMS INC.|ALPHABET CL C CAP|ALPHABET CL A CMN|HONEYWELL INTL INC|INTUIT INC|INTUITIVE SURG, INC.|LINDE PLC|META PLATFORMS, INC.|MICROSOFT CORP|NETFLIX, INC.|NVIDIA CORPORATION|PALO ALTO NTWKS CM|PEPSICO INC|QUALCOMM INC|REGENERON PHARMACEUT|T-MOBILE US CMN|TESLA, INC.|TEXAS INSTRUMENTS|VERTEX PHARMACEUTIC"
2024-11-08,31,AAPL|ADBE|ADI|ADP|AMAT|AMD|AMGN|AMZN|AVGO|BKNG|CMCSA|COST|CSCO|GOOG|GOOGL|HON|INTU|ISRG|LIN|META|MSFT|NFLX|NVDA|PANW|PEP|QCOM|REGN|TMUS|TSLA|TXN|VRTX,"APPLE INC.|ADOBE INC.|ANALOG DEVICES CMN|AUTOMATIC DATA PROCS|APPLIED MATERIALS|ADV MICRO DEVICES|AMGEN|AMAZON.COM INC|BROADCOM INC.|BOOKING HOLDINGS INC|COMCAST CORP A|COSTCO WHOLESALE|CISCO SYSTEMS INC.|ALPHABET CL C CAP|ALPHABET CL A CMN|HONEYWELL INTL INC|INTUIT INC|INTUITIVE SURG, INC.|LINDE PLC|META PLATFORMS, INC.|MICROSOFT CORP|NETFLIX, INC.|NVIDIA CORPORATION|PALO ALTO NTWKS CM|PEPSICO INC|QUALCOMM INC|REGENERON PHARMACEUT|T-MOBILE US CMN|TESLA, INC.|TEXAS INSTRUMENTS|VERTEX PHARMACEUTIC"
2024-11-11,31,AAPL|ADBE|ADI|ADP|AMAT|AMD|AMGN|AMZN|AVGO|BKNG|CMCSA|COST|CSCO|GOOG|GOOGL|HON|INTU|ISRG|LIN|META|MSFT|NFLX|NVDA|PANW|PEP|QCOM|REGN|TMUS|TSLA|TXN|VRTX,"APPLE INC.|ADOBE INC.|ANALOG DEVICES CMN|AUTOMATIC DATA PROCS|APPLIED MATERIALS|ADV MICRO DEVICES|AMGEN|AMAZON.COM INC|BROADCOM INC.|BOOKING HOLDINGS INC|COMCAST CORP A|COSTCO WHOLESALE|CISCO SYSTEMS INC.|ALPHABET CL C CAP|ALPHABET CL A CMN|HONEYWELL INTL INC|INTUIT INC|INTUITIVE SURG, INC.|LINDE PLC|META PLATFORMS, INC.|MICROSOFT CORP|NETFLIX, INC.|NVIDIA CORPORATION|PALO ALTO NTWKS CM|PEPSICO INC|QUALCOMM INC|REGENERON PHARMACEUT|T-MOBILE US CMN|TESLA, INC.|TEXAS INSTRUMENTS|VERTEX PHARMACEUTIC"
2024-11-12,31,AAPL|ADBE|ADI|ADP|AMAT|AMD|AMGN|AMZN|AVGO|BKNG|CMCSA|COST|CSCO|GOOG|GOOGL|HON|INTU|ISRG|LIN|META|MSFT|NFLX|NVDA|PANW|PEP|QCOM|REGN|TMUS|TSLA|TXN|VRTX,"APPLE INC.|ADOBE INC.|ANALOG DEVICES CMN|AUTOMATIC DATA PROCS|APPLIED MATERIALS|ADV MICRO DEVICES|AMGEN|AMAZON.COM INC|BROADCOM INC.|BOOKING HOLDINGS INC|COMCAST CORP A|COSTCO WHOLESALE|CISCO SYSTEMS INC.|ALPHABET CL C CAP|ALPHABET CL A CMN|HONEYWELL INTL INC|INTUIT INC|INTUITIVE SURG, INC.|LINDE PLC|META PLATFORMS, INC.|MICROSOFT CORP|NETFLIX, INC.|NVIDIA CORPORATION|PALO ALTO NTWKS CM|PEPSICO INC|QUALCOMM INC|REGENERON PHARMACEUT|T-MOBILE US CMN|TESLA, INC.|TEXAS INSTRUMENTS|VERTEX PHARMACEUTIC"
2024-11-13,31,AAPL|ADBE|ADI|ADP|AMAT|AMD|AMGN|AMZN|AVGO|BKNG|CMCSA|COST|CSCO|GOOG|GOOGL|HON|INTU|ISRG|LIN|META|MSFT|NFLX|NVDA|PANW|PEP|QCOM|REGN|TMUS|TSLA|TXN|VRTX,"APPLE INC.|ADOBE INC.|ANALOG DEVICES CMN|AUTOMATIC DATA PROCS|APPLIED MATERIALS|ADV MICRO DEVICES|AMGEN|AMAZON.COM INC|BROADCOM INC.|BOOKING HOLDINGS INC|COMCAST CORP A|COSTCO WHOLESALE|CISCO SYSTEMS INC.|ALPHABET CL C CAP|ALPHABET CL A CMN|HONEYWELL INTL INC|INTUIT INC|INTUITIVE SURG, INC.|LINDE PLC|META PLATFORMS, INC.|MICROSOFT CORP|NETFLIX, INC.|NVIDIA CORPORATION|PALO ALTO NTWKS CM|PEPSICO INC|QUALCOMM INC|REGENERON PHARMACEUT|T-MOBILE US CMN|TESLA, INC.|TEXAS INSTRUMENTS|VERTEX PHARMACEUTIC"
2024-11-14,31,AAPL|ADBE|ADI|ADP|AMAT|AMD|AMGN|AMZN|AVGO|BKNG|CMCSA|COST|CSCO|GOOG|GOOGL|HON|INTU|ISRG|LIN|META|MSFT|NFLX|NVDA|PANW|PEP|QCOM|REGN|TMUS|TSLA|TXN|VRTX,"APPLE INC.|ADOBE INC.|ANALOG DEVICES CMN|AUTOMATIC DATA PROCS|APPLIED MATERIALS|ADV MICRO DEVICES|AMGEN|AMAZON.COM INC|BROADCOM INC.|BOOKING HOLDINGS INC|COMCAST CORP A|COSTCO WHOLESALE|CISCO SYSTEMS INC.|ALPHABET CL C CAP|ALPHABET CL A CMN|HONEYWELL INTL INC|INTUIT INC|INTUITIVE SURG, INC.|LINDE PLC|META PLATFORMS, INC.|MICROSOFT CORP|NETFLIX, INC.|NVIDIA CORPORATION|PALO ALTO NTWKS CM|PEPSICO INC|QUALCOMM INC|REGENERON PHARMACEUT|T-MOBILE US CMN|TESLA, INC.|TEXAS INSTRUMENTS|VERTEX PHARMACEUTIC"
2024-11-15,31,AAPL|ADBE|ADI|ADP|AMAT|AMD|AMGN|AMZN|AVGO|BKNG|CMCSA|COST|CSCO|GOOG|GOOGL|HON|INTU|ISRG|LIN|META|MSFT|NFLX|NVDA|PANW|PEP|QCOM|REGN|TMUS|TSLA|TXN|VRTX,"APPLE INC.|ADOBE INC.|ANALOG DEVICES CMN|AUTOMATIC DATA PROCS|APPLIED MATERIALS|ADV MICRO DEVICES|AMGEN|AMAZON.COM INC|BROADCOM INC.|BOOKING HOLDINGS INC|COMCAST CORP A|COSTCO WHOLESALE|CISCO SYSTEMS INC.|ALPHABET CL C CAP|ALPHABET CL A CMN|HONEYWELL INTL INC|INTUIT INC|INTUITIVE SURG, INC.|LINDE PLC|META PLATFORMS, INC.|MICROSOFT CORP|NETFLIX, INC.|NVIDIA CORPORATION|PALO ALTO NTWKS CM|PEPSICO INC|QUALCOMM INC|REGENERON PHARMACEUT|T-MOBILE US CMN|TESLA, INC.|TEXAS INSTRUMENTS|VERTEX PHARMACEUTIC"
2024-11-18,31,AAPL|ADBE|ADI|ADP|AMAT|AMD|AMGN|AMZN|AVGO|BKNG|CMCSA|COST|CSCO|GOOG|GOOGL|HON|INTU|ISRG|LIN|META|MSFT|NFLX|NVDA|PANW|PEP|QCOM|REGN|TMUS|TSLA|TXN|VRTX,"APPLE INC.|ADOBE INC.|ANALOG DEVICES CMN|AUTOMATIC DATA PROCS|APPLIED MATERIALS|ADV MICRO DEVICES|AMGEN|AMAZON.COM INC|BROADCOM INC.|BOOKING HOLDINGS INC|COMCAST CORP A|COSTCO WHOLESALE|CISCO SYSTEMS INC.|ALPHABET CL C CAP|ALPHABET CL A CMN|HONEYWELL INTL INC|INTUIT INC|INTUITIVE SURG, INC.|LINDE PLC|META PLATFORMS, INC.|MICROSOFT CORP|NETFLIX, INC.|NVIDIA CORPORATION|PALO ALTO NTWKS CM|PEPSICO INC|QUALCOMM INC|REGENERON PHARMACEUT|T-MOBILE US CMN|TESLA, INC.|TEXAS INSTRUMENTS|VERTEX PHARMACEUTIC"
2024-11-19,31,AAPL|ADBE|ADI|ADP|AMAT|AMD|AMGN|AMZN|AVGO|BKNG|CMCSA|COST|CSCO|GOOG|GOOGL|HON|INTU|ISRG|LIN|META|MSFT|NFLX|NVDA|PANW|PEP|QCOM|REGN|TMUS|TSLA|TXN|VRTX,"APPLE INC.|ADOBE INC.|ANALOG DEVICES CMN|AUTOMATIC DATA PROCS|APPLIED MATERIALS|ADV MICRO DEVICES|AMGEN|AMAZON.COM INC|BROADCOM INC.|BOOKING HOLDINGS INC|COMCAST CORP A|COSTCO WHOLESALE|CISCO SYSTEMS INC.|ALPHABET CL C CAP|ALPHABET CL A CMN|HONEYWELL INTL INC|INTUIT INC|INTUITIVE SURG, INC.|LINDE PLC|META PLATFORMS, INC.|MICROSOFT CORP|NETFLIX, INC.|NVIDIA CORPORATION|PALO ALTO NTWKS CM|PEPSICO INC|QUALCOMM INC|REGENERON PHARMACEUT|T-MOBILE US CMN|TESLA, INC.|TEXAS INSTRUMENTS|VERTEX PHARMACEUTIC"
2024-11-20,31,AAPL|ADBE|ADI|ADP|AMAT|AMD|AMGN|AMZN|AVGO|BKNG|CMCSA|COST|CSCO|GOOG|GOOGL|HON|INTU|ISRG|LIN|META|MSFT|NFLX|NVDA|PANW|PEP|QCOM|REGN|TMUS|TSLA|TXN|VRTX,"APPLE INC.|ADOBE INC.|ANALOG DEVICES CMN|AUTOMATIC DATA PROCS|APPLIED MATERIALS|ADV MICRO DEVICES|AMGEN|AMAZON.COM INC|BROADCOM INC.|BOOKING HOLDINGS INC|COMCAST CORP A|COSTCO WHOLESALE|CISCO SYSTEMS INC.|ALPHABET CL C CAP|ALPHABET CL A CMN|HONEYWELL INTL INC|INTUIT INC|INTUITIVE SURG, INC.|LINDE PLC|META PLATFORMS, INC.|MICROSOFT CORP|NETFLIX, INC.|NVIDIA CORPORATION|PALO ALTO NTWKS CM|PEPSICO INC|QUALCOMM INC|REGENERON PHARMACEUT|T-MOBILE US CMN|TESLA, INC.|TEXAS INSTRUMENTS|VERTEX PHARMACEUTIC"
2024-11-21,31,AAPL|ADBE|ADI|ADP|AMAT|AMD|AMGN|AMZN|AVGO|BKNG|CMCSA|COST|CSCO|GOOG|GOOGL|HON|INTU|ISRG|LIN|META|MSFT|NFLX|NVDA|PANW|PEP|QCOM|REGN|TMUS|TSLA|TXN|VRTX,"APPLE INC.|ADOBE INC.|ANALOG DEVICES CMN|AUTOMATIC DATA PROCS|APPLIED MATERIALS|ADV MICRO DEVICES|AMGEN|AMAZON.COM INC|BROADCOM INC.|BOOKING HOLDINGS INC|COMCAST CORP A|COSTCO WHOLESALE|CISCO SYSTEMS INC.|ALPHABET CL C CAP|ALPHABET CL A CMN|HONEYWELL INTL INC|INTUIT INC|INTUITIVE SURG, INC.|LINDE PLC|META PLATFORMS, INC.|MICROSOFT CORP|NETFLIX, INC.|NVIDIA CORPORATION|PALO ALTO NTWKS CM|PEPSICO INC|QUALCOMM INC|REGENERON PHARMACEUT|T-MOBILE US CMN|TESLA, INC.|TEXAS INSTRUMENTS|VERTEX PHARMACEUTIC"
2024-11-22,31,AAPL|ADBE|ADI|ADP|AMAT|AMD|AMGN|AMZN|AVGO|BKNG|CMCSA|COST|CSCO|GOOG|GOOGL|HON|INTU|ISRG|LIN|META|MSFT|NFLX|NVDA|PANW|PEP|QCOM|REGN|TMUS|TSLA|TXN|VRTX,"APPLE INC.|ADOBE INC.|ANALOG DEVICES CMN|AUTOMATIC DATA PROCS|APPLIED MATERIALS|ADV MICRO DEVICES|AMGEN|AMAZON.COM INC|BROADCOM INC.|BOOKING HOLDINGS INC|COMCAST CORP A|COSTCO WHOLESALE|CISCO SYSTEMS INC.|ALPHABET CL C CAP|ALPHABET CL A CMN|HONEYWELL INTL INC|INTUIT INC|INTUITIVE SURG, INC.|LINDE PLC|META PLATFORMS, INC.|MICROSOFT CORP|NETFLIX, INC.|NVIDIA CORPORATION|PALO ALTO NTWKS CM|PEPSICO INC|QUALCOMM INC|REGENERON PHARMACEUT|T-MOBILE US CMN|TESLA, INC.|TEXAS INSTRUMENTS|VERTEX PHARMACEUTIC"
2024-11-25,31,AAPL|ADBE|ADI|ADP|AMAT|AMD|AMGN|AMZN|AVGO|BKNG|CMCSA|COST|CSCO|GOOG|GOOGL|HON|INTU|ISRG|LIN|META|MSFT|NFLX|NVDA|PANW|PEP|QCOM|REGN|TMUS|TSLA|TXN|VRTX,"APPLE INC.|ADOBE INC.|ANALOG DEVICES CMN|AUTOMATIC DATA PROCS|APPLIED MATERIALS|ADV MICRO DEVICES|AMGEN|AMAZON.COM INC|BROADCOM INC.|BOOKING HOLDINGS INC|COMCAST CORP A|COSTCO WHOLESALE|CISCO SYSTEMS INC.|ALPHABET CL C CAP|ALPHABET CL A CMN|HONEYWELL INTL INC|INTUIT INC|INTUITIVE SURG, INC.|LINDE PLC|META PLATFORMS, INC.|MICROSOFT CORP|NETFLIX, INC.|NVIDIA CORPORATION|PALO ALTO NTWKS CM|PEPSICO INC|QUALCOMM INC|REGENERON PHARMACEUT|T-MOBILE US CMN|TESLA, INC.|TEXAS INSTRUMENTS|VERTEX PHARMACEUTIC"
2024-11-26,31,AAPL|ADBE|ADI|ADP|AMAT|AMD|AMGN|AMZN|AVGO|BKNG|CMCSA|COST|CSCO|GOOG|GOOGL|HON|INTU|ISRG|LIN|META|MSFT|NFLX|NVDA|PANW|PEP|QCOM|REGN|TMUS|TSLA|TXN|VRTX,"APPLE INC.|ADOBE INC.|ANALOG DEVICES CMN|AUTOMATIC DATA PROCS|APPLIED MATERIALS|ADV MICRO DEVICES|AMGEN|AMAZON.COM INC|BROADCOM INC.|BOOKING HOLDINGS INC|COMCAST CORP A|COSTCO WHOLESALE|CISCO SYSTEMS INC.|ALPHABET CL C CAP|ALPHABET CL A CMN|HONEYWELL INTL INC|INTUIT INC|INTUITIVE SURG, INC.|LINDE PLC|META PLATFORMS, INC.|MICROSOFT CORP|NETFLIX, INC.|NVIDIA CORPORATION|PALO ALTO NTWKS CM|PEPSICO INC|QUALCOMM INC|REGENERON PHARMACEUT|T-MOBILE US CMN|TESLA, INC.|TEXAS INSTRUMENTS|VERTEX PHARMACEUTIC"
2024-11-27,31,AAPL|ADBE|ADI|ADP|AMAT|AMD|AMGN|AMZN|AVGO|BKNG|CMCSA|COST|CSCO|GOOG|GOOGL|HON|INTU|ISRG|LIN|META|MSFT|NFLX|NVDA|PANW|PEP|QCOM|REGN|TMUS|TSLA|TXN|VRTX,"APPLE INC.|ADOBE INC.|ANALOG DEVICES CMN|AUTOMATIC DATA PROCS|APPLIED MATERIALS|ADV MICRO DEVICES|AMGEN|AMAZON.COM INC|BROADCOM INC.|BOOKING HOLDINGS INC|COMCAST CORP A|COSTCO WHOLESALE|CISCO SYSTEMS INC.|ALPHABET CL C CAP|ALPHABET CL A CMN|HONEYWELL INTL INC|INTUIT INC|INTUITIVE SURG, INC.|LINDE PLC|META PLATFORMS, INC.|MICROSOFT CORP|NETFLIX, INC.|NVIDIA CORPORATION|PALO ALTO NTWKS CM|PEPSICO INC|QUALCOMM INC|REGENERON PHARMACEUT|T-MOBILE US CMN|TESLA, INC.|TEXAS INSTRUMENTS|VERTEX PHARMACEUTIC"
2024-11-29,31,AAPL|ADBE|ADI|ADP|AMAT|AMD|AMGN|AMZN|AVGO|BKNG|CMCSA|COST|CSCO|GOOG|GOOGL|HON|INTU|ISRG|LIN|META|MSFT|NFLX|NVDA|PANW|PEP|QCOM|REGN|TMUS|TSLA|TXN|VRTX,"APPLE INC.|ADOBE INC.|ANALOG DEVICES CMN|AUTOMATIC DATA PROCS|APPLIED MATERIALS|ADV MICRO DEVICES|AMGEN|AMAZON.COM INC|BROADCOM INC.|BOOKING HOLDINGS INC|COMCAST CORP A|COSTCO WHOLESALE|CISCO SYSTEMS INC.|ALPHABET CL C CAP|ALPHABET CL A CMN|HONEYWELL INTL INC|INTUIT INC|INTUITIVE SURG, INC.|LINDE PLC|META PLATFORMS, INC.|MICROSOFT CORP|NETFLIX, INC.|NVIDIA CORPORATION|PALO ALTO NTWKS CM|PEPSICO INC|QUALCOMM INC|REGENERON PHARMACEUT|T-MOBILE US CMN|TESLA, INC.|TEXAS INSTRUMENTS|VERTEX PHARMACEUTIC"
2024-12-02,31,AAPL|ADBE|ADI|ADP|AMAT|AMD|AMGN|AMZN|AVGO|BKNG|CMCSA|COST|CSCO|GOOG|GOOGL|HON|INTU|ISRG|LIN|META|MSFT|NFLX|NVDA|PANW|PEP|QCOM|REGN|TMUS|TSLA|TXN|VRTX,"APPLE INC.|ADOBE INC.|ANALOG DEVICES CMN|AUTOMATIC DATA PROCS|APPLIED MATERIALS|ADV MICRO DEVICES|AMGEN|AMAZON.COM INC|BROADCOM INC.|BOOKING HOLDINGS INC|COMCAST CORP A|COSTCO WHOLESALE|CISCO SYSTEMS INC.|ALPHABET CL C CAP|ALPHABET CL A CMN|HONEYWELL INTL INC|INTUIT INC|INTUITIVE SURG, INC.|LINDE PLC|META PLATFORMS, INC.|MICROSOFT CORP|NETFLIX, INC.|NVIDIA CORPORATION|PALO ALTO NTWKS CM|PEPSICO INC|QUALCOMM INC|REGENERON PHARMACEUT|T-MOBILE US CMN|TESLA, INC.|TEXAS INSTRUMENTS|VERTEX PHARMACEUTIC"
2024-12-03,31,AAPL|ADBE|ADI|ADP|AMAT|AMD|AMGN|AMZN|AVGO|BKNG|CMCSA|COST|CSCO|GOOG|GOOGL|HON|INTU|ISRG|LIN|META|MSFT|NFLX|NVDA|PANW|PEP|QCOM|REGN|TMUS|TSLA|TXN|VRTX,"APPLE INC.|ADOBE INC.|ANALOG DEVICES CMN|AUTOMATIC DATA PROCS|APPLIED MATERIALS|ADV MICRO DEVICES|AMGEN|AMAZON.COM INC|BROADCOM INC.|BOOKING HOLDINGS INC|COMCAST CORP A|COSTCO WHOLESALE|CISCO SYSTEMS INC.|ALPHABET CL C CAP|ALPHABET CL A CMN|HONEYWELL INTL INC|INTUIT INC|INTUITIVE SURG, INC.|LINDE PLC|META PLATFORMS, INC.|MICROSOFT CORP|NETFLIX, INC.|NVIDIA CORPORATION|PALO ALTO NTWKS CM|PEPSICO INC|QUALCOMM INC|REGENERON PHARMACEUT|T-MOBILE US CMN|TESLA, INC.|TEXAS INSTRUMENTS|VERTEX PHARMACEUTIC"
2024-12-04,31,AAPL|ADBE|ADI|ADP|AMAT|AMD|AMGN|AMZN|AVGO|BKNG|CMCSA|COST|CSCO|GOOG|GOOGL|HON|INTU|ISRG|LIN|META|MSFT|NFLX|NVDA|PANW|PEP|QCOM|REGN|TMUS|TSLA|TXN|VRTX,"APPLE INC.|ADOBE INC.|ANALOG DEVICES CMN|AUTOMATIC DATA PROCS|APPLIED MATERIALS|ADV MICRO DEVICES|AMGEN|AMAZON.COM INC|BROADCOM INC.|BOOKING HOLDINGS INC|COMCAST CORP A|COSTCO WHOLESALE|CISCO SYSTEMS INC.|ALPHABET CL C CAP|ALPHABET CL A CMN|HONEYWELL INTL INC|INTUIT INC|INTUITIVE SURG, INC.|LINDE PLC|META PLATFORMS, INC.|MICROSOFT CORP|NETFLIX, INC.|NVIDIA CORPORATION|PALO ALTO NTWKS CM|PEPSICO INC|QUALCOMM INC|REGENERON PHARMACEUT|T-MOBILE US CMN|TESLA, INC.|TEXAS INSTRUMENTS|VERTEX PHARMACEUTIC"
2024-12-05,31,AAPL|ADBE|ADI|ADP|AMAT|AMD|AMGN|AMZN|AVGO|BKNG|CMCSA|COST|CSCO|GOOG|GOOGL|HON|INTU|ISRG|LIN|META|MSFT|NFLX|NVDA|PANW|PEP|QCOM|REGN|TMUS|TSLA|TXN|VRTX,"APPLE INC.|ADOBE INC.|ANALOG DEVICES CMN|AUTOMATIC DATA PROCS|APPLIED MATERIALS|ADV MICRO DEVICES|AMGEN|AMAZON.COM INC|BROADCOM INC.|BOOKING HOLDINGS INC|COMCAST CORP A|COSTCO WHOLESALE|CISCO SYSTEMS INC.|ALPHABET CL C CAP|ALPHABET CL A CMN|HONEYWELL INTL INC|INTUIT INC|INTUITIVE SURG, INC.|LINDE PLC|META PLATFORMS, INC.|MICROSOFT CORP|NETFLIX, INC.|NVIDIA CORPORATION|PALO ALTO NTWKS CM|PEPSICO INC|QUALCOMM INC|REGENERON PHARMACEUT|T-MOBILE US CMN|TESLA, INC.|TEXAS INSTRUMENTS|VERTEX PHARMACEUTIC"
2024-12-06,31,AAPL|ADBE|ADI|ADP|AMAT|AMD|AMGN|AMZN|AVGO|BKNG|CMCSA|COST|CSCO|GOOG|GOOGL|HON|INTU|ISRG|LIN|META|MSFT|NFLX|NVDA|PANW|PEP|QCOM|REGN|TMUS|TSLA|TXN|VRTX,"APPLE INC.|ADOBE INC.|ANALOG DEVICES CMN|AUTOMATIC DATA PROCS|APPLIED MATERIALS|ADV MICRO DEVICES|AMGEN|AMAZON.COM INC|BROADCOM INC.|BOOKING HOLDINGS INC|COMCAST CORP A|COSTCO WHOLESALE|CISCO SYSTEMS INC.|ALPHABET CL C CAP|ALPHABET CL A CMN|HONEYWELL INTL INC|INTUIT INC|INTUITIVE SURG, INC.|LINDE PLC|META PLATFORMS, INC.|MICROSOFT CORP|NETFLIX, INC.|NVIDIA CORPORATION|PALO ALTO NTWKS CM|PEPSICO INC|QUALCOMM INC|REGENERON PHARMACEUT|T-MOBILE US CMN|TESLA, INC.|TEXAS INSTRUMENTS|VERTEX PHARMACEUTIC"
2024-12-09,31,AAPL|ADBE|ADI|ADP|AMAT|AMD|AMGN|AMZN|AVGO|BKNG|CMCSA|COST|CSCO|GOOG|GOOGL|HON|INTU|ISRG|LIN|META|MSFT|NFLX|NVDA|PANW|PEP|QCOM|REGN|TMUS|TSLA|TXN|VRTX,"APPLE INC.|ADOBE INC.|ANALOG DEVICES CMN|AUTOMATIC DATA PROCS|APPLIED MATERIALS|ADV MICRO DEVICES|AMGEN|AMAZON.COM INC|BROADCOM INC.|BOOKING HOLDINGS INC|COMCAST CORP A|COSTCO WHOLESALE|CISCO SYSTEMS INC.|ALPHABET CL C CAP|ALPHABET CL A CMN|HONEYWELL INTL INC|INTUIT INC|INTUITIVE SURG, INC.|LINDE PLC|META PLATFORMS, INC.|MICROSOFT CORP|NETFLIX, INC.|NVIDIA CORPORATION|PALO ALTO NTWKS CM|PEPSICO INC|QUALCOMM INC|REGENERON PHARMACEUT|T-MOBILE US CMN|TESLA, INC.|TEXAS INSTRUMENTS|VERTEX PHARMACEUTIC"
2024-12-10,31,AAPL|ADBE|ADI|ADP|AMAT|AMD|AMGN|AMZN|AVGO|BKNG|CMCSA|COST|CSCO|GOOG|GOOGL|HON|INTU|ISRG|LIN|META|MSFT|NFLX|NVDA|PANW|PEP|QCOM|REGN|TMUS|TSLA|TXN|VRTX,"APPLE INC.|ADOBE INC.|ANALOG DEVICES CMN|AUTOMATIC DATA PROCS|APPLIED MATERIALS|ADV MICRO DEVICES|AMGEN|AMAZON.COM INC|BROADCOM INC.|BOOKING HOLDINGS INC|COMCAST CORP A|COSTCO WHOLESALE|CISCO SYSTEMS INC.|ALPHABET CL C CAP|ALPHABET CL A CMN|HONEYWELL INTL INC|INTUIT INC|INTUITIVE SURG, INC.|LINDE PLC|META PLATFORMS, INC.|MICROSOFT CORP|NETFLIX, INC.|NVIDIA CORPORATION|PALO ALTO NTWKS CM|PEPSICO INC|QUALCOMM INC|REGENERON PHARMACEUT|T-MOBILE US CMN|TESLA, INC.|TEXAS INSTRUMENTS|VERTEX PHARMACEUTIC"
2024-12-11,31,AAPL|ADBE|ADI|ADP|AMAT|AMD|AMGN|AMZN|AVGO|BKNG|CMCSA|COST|CSCO|GOOG|GOOGL|HON|INTU|ISRG|LIN|META|MSFT|NFLX|NVDA|PANW|PEP|QCOM|REGN|TMUS|TSLA|TXN|VRTX,"APPLE INC.|ADOBE INC.|ANALOG DEVICES CMN|AUTOMATIC DATA PROCS|APPLIED MATERIALS|ADV MICRO DEVICES|AMGEN|AMAZON.COM INC|BROADCOM INC.|BOOKING HOLDINGS INC|COMCAST CORP A|COSTCO WHOLESALE|CISCO SYSTEMS INC.|ALPHABET CL C CAP|ALPHABET CL A CMN|HONEYWELL INTL INC|INTUIT INC|INTUITIVE SURG, INC.|LINDE PLC|META PLATFORMS, INC.|MICROSOFT CORP|NETFLIX, INC.|NVIDIA CORPORATION|PALO ALTO NTWKS CM|PEPSICO INC|QUALCOMM INC|REGENERON PHARMACEUT|T-MOBILE US CMN|TESLA, INC.|TEXAS INSTRUMENTS|VERTEX PHARMACEUTIC"
2024-12-12,31,AAPL|ADBE|ADI|ADP|AMAT|AMD|AMGN|AMZN|AVGO|BKNG|CMCSA|COST|CSCO|GOOG|GOOGL|HON|INTU|ISRG|LIN|META|MSFT|NFLX|NVDA|PANW|PEP|QCOM|REGN|TMUS|TSLA|TXN|VRTX,"APPLE INC.|ADOBE INC.|ANALOG DEVICES CMN|AUTOMATIC DATA PROCS|APPLIED MATERIALS|ADV MICRO DEVICES|AMGEN|AMAZON.COM INC|BROADCOM INC.|BOOKING HOLDINGS INC|COMCAST CORP A|COSTCO WHOLESALE|CISCO SYSTEMS INC.|ALPHABET CL C CAP|ALPHABET CL A CMN|HONEYWELL INTL INC|INTUIT INC|INTUITIVE SURG, INC.|LINDE PLC|META PLATFORMS, INC.|MICROSOFT CORP|NETFLIX, INC.|NVIDIA CORPORATION|PALO ALTO NTWKS CM|PEPSICO INC|QUALCOMM INC|REGENERON PHARMACEUT|T-MOBILE US CMN|TESLA, INC.|TEXAS INSTRUMENTS|VERTEX PHARMACEUTIC"
2024-12-13,31,AAPL|ADBE|ADI|ADP|AMAT|AMD|AMGN|AMZN|AVGO|BKNG|CMCSA|COST|CSCO|GOOG|GOOGL|HON|INTU|ISRG|LIN|META|MSFT|NFLX|NVDA|PANW|PEP|QCOM|REGN|TMUS|TSLA|TXN|VRTX,"APPLE INC.|ADOBE INC.|ANALOG DEVICES CMN|AUTOMATIC DATA PROCS|APPLIED MATERIALS|ADV MICRO DEVICES|AMGEN|AMAZON.COM INC|BROADCOM INC.|BOOKING HOLDINGS INC|COMCAST CORP A|COSTCO WHOLESALE|CISCO SYSTEMS INC.|ALPHABET CL C CAP|ALPHABET CL A CMN|HONEYWELL INTL INC|INTUIT INC|INTUITIVE SURG, INC.|LINDE PLC|META PLATFORMS, INC.|MICROSOFT CORP|NETFLIX, INC.|NVIDIA CORPORATION|PALO ALTO NTWKS CM|PEPSICO INC|QUALCOMM INC|REGENERON PHARMACEUT|T-MOBILE US CMN|TESLA, INC.|TEXAS INSTRUMENTS|VERTEX PHARMACEUTIC"
2024-12-16,31,AAPL|ADBE|ADI|ADP|AMAT|AMD|AMGN|AMZN|AVGO|BKNG|CMCSA|COST|CSCO|GOOG|GOOGL|HON|INTU|ISRG|LIN|META|MSFT|NFLX|NVDA|PANW|PEP|QCOM|REGN|TMUS|TSLA|TXN|VRTX,"APPLE INC.|ADOBE INC.|ANALOG DEVICES CMN|AUTOMATIC DATA PROCS|APPLIED MATERIALS|ADV MICRO DEVICES|AMGEN|AMAZON.COM INC|BROADCOM INC.|BOOKING HOLDINGS INC|COMCAST CORP A|COSTCO WHOLESALE|CISCO SYSTEMS INC.|ALPHABET CL C CAP|ALPHABET CL A CMN|HONEYWELL INTL INC|INTUIT INC|INTUITIVE SURG, INC.|LINDE PLC|META PLATFORMS, INC.|MICROSOFT CORP|NETFLIX, INC.|NVIDIA CORPORATION|PALO ALTO NTWKS CM|PEPSICO INC|QUALCOMM INC|REGENERON PHARMACEUT|T-MOBILE US CMN|TESLA, INC.|TEXAS INSTRUMENTS|VERTEX PHARMACEUTIC"
2024-12-17,31,AAPL|ADBE|ADI|ADP|AMAT|AMD|AMGN|AMZN|AVGO|BKNG|CMCSA|COST|CSCO|GOOG|GOOGL|HON|INTU|ISRG|LIN|META|MSFT|NFLX|NVDA|PANW|PEP|QCOM|REGN|TMUS|TSLA|TXN|VRTX,"APPLE INC.|ADOBE INC.|ANALOG DEVICES CMN|AUTOMATIC DATA PROCS|APPLIED MATERIALS|ADV MICRO DEVICES|AMGEN|AMAZON.COM INC|BROADCOM INC.|BOOKING HOLDINGS INC|COMCAST CORP A|COSTCO WHOLESALE|CISCO SYSTEMS INC.|ALPHABET CL C CAP|ALPHABET CL A CMN|HONEYWELL INTL INC|INTUIT INC|INTUITIVE SURG, INC.|LINDE PLC|META PLATFORMS, INC.|MICROSOFT CORP|NETFLIX, INC.|NVIDIA CORPORATION|PALO ALTO NTWKS CM|PEPSICO INC|QUALCOMM INC|REGENERON PHARMACEUT|T-MOBILE US CMN|TESLA, INC.|TEXAS INSTRUMENTS|VERTEX PHARMACEUTIC"
2024-12-18,31,AAPL|ADBE|ADI|ADP|AMAT|AMD|AMGN|AMZN|AVGO|BKNG|CMCSA|COST|CSCO|GOOG|GOOGL|HON|INTU|ISRG|LIN|META|MSFT|NFLX|NVDA|PANW|PEP|QCOM|REGN|TMUS|TSLA|TXN|VRTX,"APPLE INC.|ADOBE INC.|ANALOG DEVICES CMN|AUTOMATIC DATA PROCS|APPLIED MATERIALS|ADV MICRO DEVICES|AMGEN|AMAZON.COM INC|BROADCOM INC.|BOOKING HOLDINGS INC|COMCAST CORP A|COSTCO WHOLESALE|CISCO SYSTEMS INC.|ALPHABET CL C CAP|ALPHABET CL A CMN|HONEYWELL INTL INC|INTUIT INC|INTUITIVE SURG, INC.|LINDE PLC|META PLATFORMS, INC.|MICROSOFT CORP|NETFLIX, INC.|NVIDIA CORPORATION|PALO ALTO NTWKS CM|PEPSICO INC|QUALCOMM INC|REGENERON PHARMACEUT|T-MOBILE US CMN|TESLA, INC.|TEXAS INSTRUMENTS|VERTEX PHARMACEUTIC"
2024-12-19,31,AAPL|ADBE|ADI|ADP|AMAT|AMD|AMGN|AMZN|AVGO|BKNG|CMCSA|COST|CSCO|GOOG|GOOGL|HON|INTU|ISRG|LIN|META|MSFT|NFLX|NVDA|PANW|PEP|QCOM|REGN|TMUS|TSLA|TXN|VRTX,"APPLE INC.|ADOBE INC.|ANALOG DEVICES CMN|AUTOMATIC DATA PROCS|APPLIED MATERIALS|ADV MICRO DEVICES|AMGEN|AMAZON.COM INC|BROADCOM INC.|BOOKING HOLDINGS INC|COMCAST CORP A|COSTCO WHOLESALE|CISCO SYSTEMS INC.|ALPHABET CL C CAP|ALPHABET CL A CMN|HONEYWELL INTL INC|INTUIT INC|INTUITIVE SURG, INC.|LINDE PLC|META PLATFORMS, INC.|MICROSOFT CORP|NETFLIX, INC.|NVIDIA CORPORATION|PALO ALTO NTWKS CM|PEPSICO INC|QUALCOMM INC|REGENERON PHARMACEUT|T-MOBILE US CMN|TESLA, INC.|TEXAS INSTRUMENTS|VERTEX PHARMACEUTIC"
2024-12-20,31,AAPL|ADBE|ADI|ADP|AMAT|AMD|AMGN|AMZN|AVGO|BKNG|CMCSA|COST|CSCO|GOOG|GOOGL|HON|INTU|ISRG|LIN|META|MSFT|NFLX|NVDA|PANW|PEP|QCOM|REGN|TMUS|TSLA|TXN|VRTX,"APPLE INC.|ADOBE INC.|ANALOG DEVICES CMN|AUTOMATIC DATA PROCS|APPLIED MATERIALS|ADV MICRO DEVICES|AMGEN|AMAZON.COM INC|BROADCOM INC.|BOOKING HOLDINGS INC|COMCAST CORP A|COSTCO WHOLESALE|CISCO SYSTEMS INC.|ALPHABET CL C CAP|ALPHABET CL A CMN|HONEYWELL INTL INC|INTUIT INC|INTUITIVE SURG, INC.|LINDE PLC|META PLATFORMS, INC.|MICROSOFT CORP|NETFLIX, INC.|NVIDIA CORPORATION|PALO ALTO NTWKS CM|PEPSICO INC|QUALCOMM INC|REGENERON PHARMACEUT|T-MOBILE US CMN|TESLA, INC.|TEXAS INSTRUMENTS|VERTEX PHARMACEUTIC"
2024-12-23,31,AAPL|ADBE|ADP|AMAT|AMD|AMGN|AMZN|AVGO|BKNG|CMCSA|COST|CSCO|GOOG|GOOGL|HON|INTU|ISRG|LIN|META|MSFT|NFLX|NVDA|PANW|PEP|PLTR|QCOM|SBUX|TMUS|TSLA|TXN|VRTX,"APPLE INC.|ADOBE INC.|AUTOMATIC DATA PROCS|APPLIED MATERIALS|ADV MICRO DEVICES|AMGEN|AMAZON.COM INC|BROADCOM INC.|BOOKING HOLDINGS INC|COMCAST CORP A|COSTCO WHOLESALE|CISCO SYSTEMS INC.|ALPHABET CL C CAP|ALPHABET CL A CMN|HONEYWELL INTL INC|INTUIT INC|INTUITIVE SURG, INC.|LINDE PLC|META PLATFORMS, INC.|MICROSOFT CORP|NETFLIX, INC.|NVIDIA CORPORATION|PALO ALTO NTWKS CM|PEPSICO INC|PALANTIR TECH CL A|QUALCOMM INC|STARBUCKS CORP|T-MOBILE US CMN|TESLA, INC.|TEXAS INSTRUMENTS|VERTEX PHARMACEUTIC"
2024-12-24,31,AAPL|ADBE|ADP|AMAT|AMD|AMGN|AMZN|AVGO|BKNG|CMCSA|COST|CSCO|GOOG|GOOGL|HON|INTU|ISRG|LIN|META|MSFT|NFLX|NVDA|PANW|PEP|PLTR|QCOM|SBUX|TMUS|TSLA|TXN|VRTX,"APPLE INC.|ADOBE INC.|AUTOMATIC DATA PROCS|APPLIED MATERIALS|ADV MICRO DEVICES|AMGEN|AMAZON.COM INC|BROADCOM INC.|BOOKING HOLDINGS INC|COMCAST CORP A|COSTCO WHOLESALE|CISCO SYSTEMS INC.|ALPHABET CL C CAP|ALPHABET CL A CMN|HONEYWELL INTL INC|INTUIT INC|INTUITIVE SURG, INC.|LINDE PLC|META PLATFORMS, INC.|MICROSOFT CORP|NETFLIX, INC.|NVIDIA CORPORATION|PALO ALTO NTWKS CM|PEPSICO INC|PALANTIR TECH CL A|QUALCOMM INC|STARBUCKS CORP|T-MOBILE US CMN|TESLA, INC.|TEXAS INSTRUMENTS|VERTEX PHARMACEUTIC"
2024-12-26,31,AAPL|ADBE|ADP|AMAT|AMD|AMGN|AMZN|AVGO|BKNG|CMCSA|COST|CSCO|GOOG|GOOGL|HON|INTU|ISRG|LIN|META|MSFT|NFLX|NVDA|PANW|PEP|PLTR|QCOM|SBUX|TMUS|TSLA|TXN|VRTX,"APPLE INC.|ADOBE INC.|AUTOMATIC DATA PROCS|APPLIED MATERIALS|ADV MICRO DEVICES|AMGEN|AMAZON.COM INC|BROADCOM INC.|BOOKING HOLDINGS INC|COMCAST CORP A|COSTCO WHOLESALE|CISCO SYSTEMS INC.|ALPHABET CL C CAP|ALPHABET CL A CMN|HONEYWELL INTL INC|INTUIT INC|INTUITIVE SURG, INC.|LINDE PLC|META PLATFORMS, INC.|MICROSOFT CORP|NETFLIX, INC.|NVIDIA CORPORATION|PALO ALTO NTWKS CM|PEPSICO INC|PALANTIR TECH CL A|QUALCOMM INC|STARBUCKS CORP|T-MOBILE US CMN|TESLA, INC.|TEXAS INSTRUMENTS|VERTEX PHARMACEUTIC"
2024-12-27,31,AAPL|ADBE|ADP|AMAT|AMD|AMGN|AMZN|AVGO|BKNG|CMCSA|COST|CSCO|GOOG|GOOGL|HON|INTU|ISRG|LIN|META|MSFT|NFLX|NVDA|PANW|PEP|PLTR|QCOM|SBUX|TMUS|TSLA|TXN|VRTX,"APPLE INC.|ADOBE INC.|AUTOMATIC DATA PROCS|APPLIED MATERIALS|ADV MICRO DEVICES|AMGEN|AMAZON.COM INC|BROADCOM INC.|BOOKING HOLDINGS INC|COMCAST CORP A|COSTCO WHOLESALE|CISCO SYSTEMS INC.|ALPHABET CL C CAP|ALPHABET CL A CMN|HONEYWELL INTL INC|INTUIT INC|INTUITIVE SURG, INC.|LINDE PLC|META PLATFORMS, INC.|MICROSOFT CORP|NETFLIX, INC.|NVIDIA CORPORATION|PALO ALTO NTWKS CM|PEPSICO INC|PALANTIR TECH CL A|QUALCOMM INC|STARBUCKS CORP|T-MOBILE US CMN|TESLA, INC.|TEXAS INSTRUMENTS|VERTEX PHARMACEUTIC"
2024-12-30,31,AAPL|ADBE|ADP|AMAT|AMD|AMGN|AMZN|AVGO|BKNG|CMCSA|COST|CSCO|GOOG|GOOGL|HON|INTU|ISRG|LIN|META|MSFT|NFLX|NVDA|PANW|PEP|PLTR|QCOM|SBUX|TMUS|TSLA|TXN|VRTX,"APPLE INC.|ADOBE INC.|AUTOMATIC DATA PROCS|APPLIED MATERIALS|ADV MICRO DEVICES|AMGEN|AMAZON.COM INC|BROADCOM INC.|BOOKING HOLDINGS INC|COMCAST CORP A|COSTCO WHOLESALE|CISCO SYSTEMS INC.|ALPHABET CL C CAP|ALPHABET CL A CMN|HONEYWELL INTL INC|INTUIT INC|INTUITIVE SURG, INC.|LINDE PLC|META PLATFORMS, INC.|MICROSOFT CORP|NETFLIX, INC.|NVIDIA CORPORATION|PALO ALTO NTWKS CM|PEPSICO INC|PALANTIR TECH CL A|QUALCOMM INC|STARBUCKS CORP|T-MOBILE US CMN|TESLA, INC.|TEXAS INSTRUMENTS|VERTEX PHARMACEUTIC"
2024-12-31,31,AAPL|ADBE|ADP|AMAT|AMD|AMGN|AMZN|AVGO|BKNG|CMCSA|COST|CSCO|GOOG|GOOGL|HON|INTU|ISRG|LIN|META|MSFT|NFLX|NVDA|PANW|PEP|PLTR|QCOM|SBUX|TMUS|TSLA|TXN|VRTX,"APPLE INC.|ADOBE INC.|AUTOMATIC DATA PROCS|APPLIED MATERIALS|ADV MICRO DEVICES|AMGEN|AMAZON.COM INC|BROADCOM INC.|BOOKING HOLDINGS INC|COMCAST CORP A|COSTCO WHOLESALE|CISCO SYSTEMS INC.|ALPHABET CL C CAP|ALPHABET CL A CMN|HONEYWELL INTL INC|INTUIT INC|INTUITIVE SURG, INC.|LINDE PLC|META PLATFORMS, INC.|MICROSOFT CORP|NETFLIX, INC.|NVIDIA CORPORATION|PALO ALTO NTWKS CM|PEPSICO INC|PALANTIR TECH CL A|QUALCOMM INC|STARBUCKS CORP|T-MOBILE US CMN|TESLA, INC.|TEXAS INSTRUMENTS|VERTEX PHARMACEUTIC"
2025-01-02,31,AAPL|ADBE|ADP|AMAT|AMD|AMGN|AMZN|AVGO|BKNG|CMCSA|COST|CSCO|GOOG|GOOGL|HON|INTU|ISRG|LIN|META|MSFT|NFLX|NVDA|PANW|PEP|PLTR|QCOM|SBUX|TMUS|TSLA|TXN|VRTX,"APPLE INC.|ADOBE INC.|AUTOMATIC DATA PROCS|APPLIED MATERIALS|ADV MICRO DEVICES|AMGEN|AMAZON.COM INC|BROADCOM INC.|BOOKING HOLDINGS INC|COMCAST CORP A|COSTCO WHOLESALE|CISCO SYSTEMS INC.|ALPHABET CL C CAP|ALPHABET CL A CMN|HONEYWELL INTL INC|INTUIT INC|INTUITIVE SURG, INC.|LINDE PLC|META PLATFORMS, INC.|MICROSOFT CORP|NETFLIX, INC.|NVIDIA CORPORATION|PALO ALTO NTWKS CM|PEPSICO INC|PALANTIR TECH CL A|QUALCOMM INC|STARBUCKS CORP|T-MOBILE US CMN|TESLA, INC.|TEXAS INSTRUMENTS|VERTEX PHARMACEUTIC"
2025-01-03,31,AAPL|ADBE|ADP|AMAT|AMD|AMGN|AMZN|AVGO|BKNG|CMCSA|COST|CSCO|GOOG|GOOGL|HON|INTU|ISRG|LIN|META|MSFT|NFLX|NVDA|PANW|PEP|PLTR|QCOM|SBUX|TMUS|TSLA|TXN|VRTX,"APPLE INC.|ADOBE INC.|AUTOMATIC DATA PROCS|APPLIED MATERIALS|ADV MICRO DEVICES|AMGEN|AMAZON.COM INC|BROADCOM INC.|BOOKING HOLDINGS INC|COMCAST CORP A|COSTCO WHOLESALE|CISCO SYSTEMS INC.|ALPHABET CL C CAP|ALPHABET CL A CMN|HONEYWELL INTL INC|INTUIT INC|INTUITIVE SURG, INC.|LINDE PLC|META PLATFORMS, INC.|MICROSOFT CORP|NETFLIX, INC.|NVIDIA CORPORATION|PALO ALTO NTWKS CM|PEPSICO INC|PALANTIR TECH CL A|QUALCOMM INC|STARBUCKS CORP|T-MOBILE US CMN|TESLA, INC.|TEXAS INSTRUMENTS|VERTEX PHARMACEUTIC"
2025-01-06,31,AAPL|ADBE|ADP|AMAT|AMD|AMGN|AMZN|AVGO|BKNG|CMCSA|COST|CSCO|GOOG|GOOGL|HON|INTU|ISRG|LIN|META|MSFT|NFLX|NVDA|PANW|PEP|PLTR|QCOM|SBUX|TMUS|TSLA|TXN|VRTX,"APPLE INC.|ADOBE INC.|AUTOMATIC DATA PROCS|APPLIED MATERIALS|ADV MICRO DEVICES|AMGEN|AMAZON.COM INC|BROADCOM INC.|BOOKING HOLDINGS INC|COMCAST CORP A|COSTCO WHOLESALE|CISCO SYSTEMS INC.|ALPHABET CL C CAP|ALPHABET CL A CMN|HONEYWELL INTL INC|INTUIT INC|INTUITIVE SURG, INC.|LINDE PLC|META PLATFORMS, INC.|MICROSOFT CORP|NETFLIX, INC.|NVIDIA CORPORATION|PALO ALTO NTWKS CM|PEPSICO INC|PALANTIR TECH CL A|QUALCOMM INC|STARBUCKS CORP|T-MOBILE US CMN|TESLA, INC.|TEXAS INSTRUMENTS|VERTEX PHARMACEUTIC"
2025-01-07,31,AAPL|ADBE|ADP|AMAT|AMD|AMGN|AMZN|AVGO|BKNG|CMCSA|COST|CSCO|GOOG|GOOGL|HON|INTU|ISRG|LIN|META|MSFT|NFLX|NVDA|PANW|PEP|PLTR|QCOM|SBUX|TMUS|TSLA|TXN|VRTX,"APPLE INC.|ADOBE INC.|AUTOMATIC DATA PROCS|APPLIED MATERIALS|ADV MICRO DEVICES|AMGEN|AMAZON.COM INC|BROADCOM INC.|BOOKING HOLDINGS INC|COMCAST CORP A|COSTCO WHOLESALE|CISCO SYSTEMS INC.|ALPHABET CL C CAP|ALPHABET CL A CMN|HONEYWELL INTL INC|INTUIT INC|INTUITIVE SURG, INC.|LINDE PLC|META PLATFORMS, INC.|MICROSOFT CORP|NETFLIX, INC.|NVIDIA CORPORATION|PALO ALTO NTWKS CM|PEPSICO INC|PALANTIR TECH CL A|QUALCOMM INC|STARBUCKS CORP|T-MOBILE US CMN|TESLA, INC.|TEXAS INSTRUMENTS|VERTEX PHARMACEUTIC"
2025-01-08,31,AAPL|ADBE|ADP|AMAT|AMD|AMGN|AMZN|AVGO|BKNG|CMCSA|COST|CSCO|GOOG|GOOGL|HON|INTU|ISRG|LIN|META|MSFT|NFLX|NVDA|PANW|PEP|PLTR|QCOM|SBUX|TMUS|TSLA|TXN|VRTX,"APPLE INC.|ADOBE INC.|AUTOMATIC DATA PROCS|APPLIED MATERIALS|ADV MICRO DEVICES|AMGEN|AMAZON.COM INC|BROADCOM INC.|BOOKING HOLDINGS INC|COMCAST CORP A|COSTCO WHOLESALE|CISCO SYSTEMS INC.|ALPHABET CL C CAP|ALPHABET CL A CMN|HONEYWELL INTL INC|INTUIT INC|INTUITIVE SURG, INC.|LINDE PLC|META PLATFORMS, INC.|MICROSOFT CORP|NETFLIX, INC.|NVIDIA CORPORATION|PALO ALTO NTWKS CM|PEPSICO INC|PALANTIR TECH CL A|QUALCOMM INC|STARBUCKS CORP|T-MOBILE US CMN|TESLA, INC.|TEXAS INSTRUMENTS|VERTEX PHARMACEUTIC"
2025-01-10,31,AAPL|ADBE|ADP|AMAT|AMD|AMGN|AMZN|AVGO|BKNG|CMCSA|COST|CSCO|GOOG|GOOGL|HON|INTU|ISRG|LIN|META|MSFT|NFLX|NVDA|PANW|PEP|PLTR|QCOM|SBUX|TMUS|TSLA|TXN|VRTX,"APPLE INC.|ADOBE INC.|AUTOMATIC DATA PROCS|APPLIED MATERIALS|ADV MICRO DEVICES|AMGEN|AMAZON.COM INC|BROADCOM INC.|BOOKING HOLDINGS INC|COMCAST CORP A|COSTCO WHOLESALE|CISCO SYSTEMS INC.|ALPHABET CL C CAP|ALPHABET CL A CMN|HONEYWELL INTL INC|INTUIT INC|INTUITIVE SURG, INC.|LINDE PLC|META PLATFORMS, INC.|MICROSOFT CORP|NETFLIX, INC.|NVIDIA CORPORATION|PALO ALTO NTWKS CM|PEPSICO INC|PALANTIR TECH CL A|QUALCOMM INC|STARBUCKS CORP|T-MOBILE US CMN|TESLA, INC.|TEXAS INSTRUMENTS|VERTEX PHARMACEUTIC"
2025-01-13,31,AAPL|ADBE|ADP|AMAT|AMD|AMGN|AMZN|AVGO|BKNG|CMCSA|COST|CSCO|GOOG|GOOGL|HON|INTU|ISRG|LIN|META|MSFT|NFLX|NVDA|PANW|PEP|PLTR|QCOM|SBUX|TMUS|TSLA|TXN|VRTX,"APPLE INC.|ADOBE INC.|AUTOMATIC DATA PROCS|APPLIED MATERIALS|ADV MICRO DEVICES|AMGEN|AMAZON.COM INC|BROADCOM INC.|BOOKING HOLDINGS INC|COMCAST CORP A|COSTCO WHOLESALE|CISCO SYSTEMS INC.|ALPHABET CL C CAP|ALPHABET CL A CMN|HONEYWELL INTL INC|INTUIT INC|INTUITIVE SURG, INC.|LINDE PLC|META PLATFORMS, INC.|MICROSOFT CORP|NETFLIX, INC.|NVIDIA CORPORATION|PALO ALTO NTWKS CM|PEPSICO INC|PALANTIR TECH CL A|QUALCOMM INC|STARBUCKS CORP|T-MOBILE US CMN|TESLA, INC.|TEXAS INSTRUMENTS|VERTEX PHARMACEUTIC"
2025-01-14,31,AAPL|ADBE|ADP|AMAT|AMD|AMGN|AMZN|AVGO|BKNG|CMCSA|COST|CSCO|GOOG|GOOGL|HON|INTU|ISRG|LIN|META|MSFT|NFLX|NVDA|PANW|PEP|PLTR|QCOM|SBUX|TMUS|TSLA|TXN|VRTX,"APPLE INC.|ADOBE INC.|AUTOMATIC DATA PROCS|APPLIED MATERIALS|ADV MICRO DEVICES|AMGEN|AMAZON.COM INC|BROADCOM INC.|BOOKING HOLDINGS INC|COMCAST CORP A|COSTCO WHOLESALE|CISCO SYSTEMS INC.|ALPHABET CL C CAP|ALPHABET CL A CMN|HONEYWELL INTL INC|INTUIT INC|INTUITIVE SURG, INC.|LINDE PLC|META PLATFORMS, INC.|MICROSOFT CORP|NETFLIX, INC.|NVIDIA CORPORATION|PALO ALTO NTWKS CM|PEPSICO INC|PALANTIR TECH CL A|QUALCOMM INC|STARBUCKS CORP|T-MOBILE US CMN|TESLA, INC.|TEXAS INSTRUMENTS|VERTEX PHARMACEUTIC"
2025-01-15,31,AAPL|ADBE|ADP|AMAT|AMD|AMGN|AMZN|AVGO|BKNG|CMCSA|COST|CSCO|GOOG|GOOGL|HON|INTU|ISRG|LIN|META|MSFT|NFLX|NVDA|PANW|PEP|PLTR|QCOM|SBUX|TMUS|TSLA|TXN|VRTX,"APPLE INC.|ADOBE INC.|AUTOMATIC DATA PROCS|APPLIED MATERIALS|ADV MICRO DEVICES|AMGEN|AMAZON.COM INC|BROADCOM INC.|BOOKING HOLDINGS INC|COMCAST CORP A|COSTCO WHOLESALE|CISCO SYSTEMS INC.|ALPHABET CL C CAP|ALPHABET CL A CMN|HONEYWELL INTL INC|INTUIT INC|INTUITIVE SURG, INC.|LINDE PLC|META PLATFORMS, INC.|MICROSOFT CORP|NETFLIX, INC.|NVIDIA CORPORATION|PALO ALTO NTWKS CM|PEPSICO INC|PALANTIR TECH CL A|QUALCOMM INC|STARBUCKS CORP|T-MOBILE US CMN|TESLA, INC.|TEXAS INSTRUMENTS|VERTEX PHARMACEUTIC"
2025-01-16,31,AAPL|ADBE|ADP|AMAT|AMD|AMGN|AMZN|AVGO|BKNG|CMCSA|COST|CSCO|GOOG|GOOGL|HON|INTU|ISRG|LIN|META|MSFT|NFLX|NVDA|PANW|PEP|PLTR|QCOM|SBUX|TMUS|TSLA|TXN|VRTX,"APPLE INC.|ADOBE INC.|AUTOMATIC DATA PROCS|APPLIED MATERIALS|ADV MICRO DEVICES|AMGEN|AMAZON.COM INC|BROADCOM INC.|BOOKING HOLDINGS INC|COMCAST CORP A|COSTCO WHOLESALE|CISCO SYSTEMS INC.|ALPHABET CL C CAP|ALPHABET CL A CMN|HONEYWELL INTL INC|INTUIT INC|INTUITIVE SURG, INC.|LINDE PLC|META PLATFORMS, INC.|MICROSOFT CORP|NETFLIX, INC.|NVIDIA CORPORATION|PALO ALTO NTWKS CM|PEPSICO INC|PALANTIR TECH CL A|QUALCOMM INC|STARBUCKS CORP|T-MOBILE US CMN|TESLA, INC.|TEXAS INSTRUMENTS|VERTEX PHARMACEUTIC"
2025-01-17,31,AAPL|ADBE|ADP|AMAT|AMD|AMGN|AMZN|AVGO|BKNG|CMCSA|COST|CSCO|GOOG|GOOGL|HON|INTU|ISRG|LIN|META|MSFT|NFLX|NVDA|PANW|PEP|PLTR|QCOM|SBUX|TMUS|TSLA|TXN|VRTX,"APPLE INC.|ADOBE INC.|AUTOMATIC DATA PROCS|APPLIED MATERIALS|ADV MICRO DEVICES|AMGEN|AMAZON.COM INC|BROADCOM INC.|BOOKING HOLDINGS INC|COMCAST CORP A|COSTCO WHOLESALE|CISCO SYSTEMS INC.|ALPHABET CL C CAP|ALPHABET CL A CMN|HONEYWELL INTL INC|INTUIT INC|INTUITIVE SURG, INC.|LINDE PLC|META PLATFORMS, INC.|MICROSOFT CORP|NETFLIX, INC.|NVIDIA CORPORATION|PALO ALTO NTWKS CM|PEPSICO INC|PALANTIR TECH CL A|QUALCOMM INC|STARBUCKS CORP|T-MOBILE US CMN|TESLA, INC.|TEXAS INSTRUMENTS|VERTEX PHARMACEUTIC"
2025-01-21,31,AAPL|ADBE|ADP|AMAT|AMD|AMGN|AMZN|AVGO|BKNG|CMCSA|COST|CSCO|GOOG|GOOGL|HON|INTU|ISRG|LIN|META|MSFT|NFLX|NVDA|PANW|PEP|PLTR|QCOM|SBUX|TMUS|TSLA|TXN|VRTX,"APPLE INC.|ADOBE INC.|AUTOMATIC DATA PROCS|APPLIED MATERIALS|ADV MICRO DEVICES|AMGEN|AMAZON.COM INC|BROADCOM INC.|BOOKING HOLDINGS INC|COMCAST CORP A|COSTCO WHOLESALE|CISCO SYSTEMS INC.|ALPHABET CL C CAP|ALPHABET CL A CMN|HONEYWELL INTL INC|INTUIT INC|INTUITIVE SURG, INC.|LINDE PLC|META PLATFORMS, INC.|MICROSOFT CORP|NETFLIX, INC.|NVIDIA CORPORATION|PALO ALTO NTWKS CM|PEPSICO INC|PALANTIR TECH CL A|QUALCOMM INC|STARBUCKS CORP|T-MOBILE US CMN|TESLA, INC.|TEXAS INSTRUMENTS|VERTEX PHARMACEUTIC"
2025-01-22,31,AAPL|ADBE|ADP|AMAT|AMD|AMGN|AMZN|AVGO|BKNG|CMCSA|COST|CSCO|GOOG|GOOGL|HON|INTU|ISRG|LIN|META|MSFT|NFLX|NVDA|PANW|PEP|PLTR|QCOM|SBUX|TMUS|TSLA|TXN|VRTX,"APPLE INC.|ADOBE INC.|AUTOMATIC DATA PROCS|APPLIED MATERIALS|ADV MICRO DEVICES|AMGEN|AMAZON.COM INC|BROADCOM INC.|BOOKING HOLDINGS INC|COMCAST CORP A|COSTCO WHOLESALE|CISCO SYSTEMS INC.|ALPHABET CL C CAP|ALPHABET CL A CMN|HONEYWELL INTL INC|INTUIT INC|INTUITIVE SURG, INC.|LINDE PLC|META PLATFORMS, INC.|MICROSOFT CORP|NETFLIX, INC.|NVIDIA CORPORATION|PALO ALTO NTWKS CM|PEPSICO INC|PALANTIR TECH CL A|QUALCOMM INC|STARBUCKS CORP|T-MOBILE US CMN|TESLA, INC.|TEXAS INSTRUMENTS|VERTEX PHARMACEUTIC"
2025-01-23,31,AAPL|ADBE|ADP|AMAT|AMD|AMGN|AMZN|AVGO|BKNG|CMCSA|COST|CSCO|GOOG|GOOGL|HON|INTU|ISRG|LIN|META|MSFT|NFLX|NVDA|PANW|PEP|PLTR|QCOM|SBUX|TMUS|TSLA|TXN|VRTX,"APPLE INC.|ADOBE INC.|AUTOMATIC DATA PROCS|APPLIED MATERIALS|ADV MICRO DEVICES|AMGEN|AMAZON.COM INC|BROADCOM INC.|BOOKING HOLDINGS INC|COMCAST CORP A|COSTCO WHOLESALE|CISCO SYSTEMS INC.|ALPHABET CL C CAP|ALPHABET CL A CMN|HONEYWELL INTL INC|INTUIT INC|INTUITIVE SURG, INC.|LINDE PLC|META PLATFORMS, INC.|MICROSOFT CORP|NETFLIX, INC.|NVIDIA CORPORATION|PALO ALTO NTWKS CM|PEPSICO INC|PALANTIR TECH CL A|QUALCOMM INC|STARBUCKS CORP|T-MOBILE US CMN|TESLA, INC.|TEXAS INSTRUMENTS|VERTEX PHARMACEUTIC"
2025-01-24,31,AAPL|ADBE|ADP|AMAT|AMD|AMGN|AMZN|AVGO|BKNG|CMCSA|COST|CSCO|GOOG|GOOGL|HON|INTU|ISRG|LIN|META|MSFT|NFLX|NVDA|PANW|PEP|PLTR|QCOM|SBUX|TMUS|TSLA|TXN|VRTX,"APPLE INC.|ADOBE INC.|AUTOMATIC DATA PROCS|APPLIED MATERIALS|ADV MICRO DEVICES|AMGEN|AMAZON.COM INC|BROADCOM INC.|BOOKING HOLDINGS INC|COMCAST CORP A|COSTCO WHOLESALE|CISCO SYSTEMS INC.|ALPHABET CL C CAP|ALPHABET CL A CMN|HONEYWELL INTL INC|INTUIT INC|INTUITIVE SURG, INC.|LINDE PLC|META PLATFORMS, INC.|MICROSOFT CORP|NETFLIX, INC.|NVIDIA CORPORATION|PALO ALTO NTWKS CM|PEPSICO INC|PALANTIR TECH CL A|QUALCOMM INC|STARBUCKS CORP|T-MOBILE US CMN|TESLA, INC.|TEXAS INSTRUMENTS|VERTEX PHARMACEUTIC"
2025-01-27,31,AAPL|ADBE|ADP|AMAT|AMD|AMGN|AMZN|AVGO|BKNG|CMCSA|COST|CSCO|GOOG|GOOGL|HON|INTU|ISRG|LIN|META|MSFT|NFLX|NVDA|PANW|PEP|PLTR|QCOM|SBUX|TMUS|TSLA|TXN|VRTX,"APPLE INC.|ADOBE INC.|AUTOMATIC DATA PROCS|APPLIED MATERIALS|ADV MICRO DEVICES|AMGEN|AMAZON.COM INC|BROADCOM INC.|BOOKING HOLDINGS INC|COMCAST CORP A|COSTCO WHOLESALE|CISCO SYSTEMS INC.|ALPHABET CL C CAP|ALPHABET CL A CMN|HONEYWELL INTL INC|INTUIT INC|INTUITIVE SURG, INC.|LINDE PLC|META PLATFORMS, INC.|MICROSOFT CORP|NETFLIX, INC.|NVIDIA CORPORATION|PALO ALTO NTWKS CM|PEPSICO INC|PALANTIR TECH CL A|QUALCOMM INC|STARBUCKS CORP|T-MOBILE US CMN|TESLA, INC.|TEXAS INSTRUMENTS|VERTEX PHARMACEUTIC"
2025-01-28,31,AAPL|ADBE|ADP|AMAT|AMD|AMGN|AMZN|AVGO|BKNG|CMCSA|COST|CSCO|GOOG|GOOGL|HON|INTU|ISRG|LIN|META|MSFT|NFLX|NVDA|PANW|PEP|PLTR|QCOM|SBUX|TMUS|TSLA|TXN|VRTX,"APPLE INC.|ADOBE INC.|AUTOMATIC DATA PROCS|APPLIED MATERIALS|ADV MICRO DEVICES|AMGEN|AMAZON.COM INC|BROADCOM INC.|BOOKING HOLDINGS INC|COMCAST CORP A|COSTCO WHOLESALE|CISCO SYSTEMS INC.|ALPHABET CL C CAP|ALPHABET CL A CMN|HONEYWELL INTL INC|INTUIT INC|INTUITIVE SURG, INC.|LINDE PLC|META PLATFORMS, INC.|MICROSOFT CORP|NETFLIX, INC.|NVIDIA CORPORATION|PALO ALTO NTWKS CM|PEPSICO INC|PALANTIR TECH CL A|QUALCOMM INC|STARBUCKS CORP|T-MOBILE US CMN|TESLA, INC.|TEXAS INSTRUMENTS|VERTEX PHARMACEUTIC"
2025-01-29,31,AAPL|ADBE|ADP|AMAT|AMD|AMGN|AMZN|AVGO|BKNG|CMCSA|COST|CSCO|GOOG|GOOGL|HON|INTU|ISRG|LIN|META|MSFT|NFLX|NVDA|PANW|PEP|PLTR|QCOM|SBUX|TMUS|TSLA|TXN|VRTX,"APPLE INC.|ADOBE INC.|AUTOMATIC DATA PROCS|APPLIED MATERIALS|ADV MICRO DEVICES|AMGEN|AMAZON.COM INC|BROADCOM INC.|BOOKING HOLDINGS INC|COMCAST CORP A|COSTCO WHOLESALE|CISCO SYSTEMS INC.|ALPHABET CL C CAP|ALPHABET CL A CMN|HONEYWELL INTL INC|INTUIT INC|INTUITIVE SURG, INC.|LINDE PLC|META PLATFORMS, INC.|MICROSOFT CORP|NETFLIX, INC.|NVIDIA CORPORATION|PALO ALTO NTWKS CM|PEPSICO INC|PALANTIR TECH CL A|QUALCOMM INC|STARBUCKS CORP|T-MOBILE US CMN|TESLA, INC.|TEXAS INSTRUMENTS|VERTEX PHARMACEUTIC"
2025-01-30,31,AAPL|ADBE|ADP|AMAT|AMD|AMGN|AMZN|AVGO|BKNG|CMCSA|COST|CSCO|GOOG|GOOGL|HON|INTU|ISRG|LIN|META|MSFT|NFLX|NVDA|PANW|PEP|PLTR|QCOM|SBUX|TMUS|TSLA|TXN|VRTX,"APPLE INC.|ADOBE INC.|AUTOMATIC DATA PROCS|APPLIED MATERIALS|ADV MICRO DEVICES|AMGEN|AMAZON.COM INC|BROADCOM INC.|BOOKING HOLDINGS INC|COMCAST CORP A|COSTCO WHOLESALE|CISCO SYSTEMS INC.|ALPHABET CL C CAP|ALPHABET CL A CMN|HONEYWELL INTL INC|INTUIT INC|INTUITIVE SURG, INC.|LINDE PLC|META PLATFORMS, INC.|MICROSOFT CORP|NETFLIX, INC.|NVIDIA CORPORATION|PALO ALTO NTWKS CM|PEPSICO INC|PALANTIR TECH CL A|QUALCOMM INC|STARBUCKS CORP|T-MOBILE US CMN|TESLA, INC.|TEXAS INSTRUMENTS|VERTEX PHARMACEUTIC"
2025-01-31,31,AAPL|ADBE|ADP|AMAT|AMD|AMGN|AMZN|AVGO|BKNG|CMCSA|COST|CSCO|GOOG|GOOGL|HON|INTU|ISRG|LIN|META|MSFT|NFLX|NVDA|PANW|PEP|PLTR|QCOM|SBUX|TMUS|TSLA|TXN|VRTX,"APPLE INC.|ADOBE INC.|AUTOMATIC DATA PROCS|APPLIED MATERIALS|ADV MICRO DEVICES|AMGEN|AMAZON.COM INC|BROADCOM INC.|BOOKING HOLDINGS INC|COMCAST CORP A|COSTCO WHOLESALE|CISCO SYSTEMS INC.|ALPHABET CL C CAP|ALPHABET CL A CMN|HONEYWELL INTL INC|INTUIT INC|INTUITIVE SURG, INC.|LINDE PLC|META PLATFORMS, INC.|MICROSOFT CORP|NETFLIX, INC.|NVIDIA CORPORATION|PALO ALTO NTWKS CM|PEPSICO INC|PALANTIR TECH CL A|QUALCOMM INC|STARBUCKS CORP|T-MOBILE US CMN|TESLA, INC.|TEXAS INSTRUMENTS|VERTEX PHARMACEUTIC"
2025-02-03,31,AAPL|ADBE|ADP|AMAT|AMD|AMGN|AMZN|AVGO|BKNG|CMCSA|COST|CSCO|GOOG|GOOGL|HON|INTU|ISRG|LIN|META|MSFT|NFLX|NVDA|PANW|PEP|PLTR|QCOM|SBUX|TMUS|TSLA|TXN|VRTX,"APPLE INC.|ADOBE INC.|AUTOMATIC DATA PROCS|APPLIED MATERIALS|ADV MICRO DEVICES|AMGEN|AMAZON.COM INC|BROADCOM INC.|BOOKING HOLDINGS INC|COMCAST CORP A|COSTCO WHOLESALE|CISCO SYSTEMS INC.|ALPHABET CL C CAP|ALPHABET CL A CMN|HONEYWELL INTL INC|INTUIT INC|INTUITIVE SURG, INC.|LINDE PLC|META PLATFORMS, INC.|MICROSOFT CORP|NETFLIX, INC.|NVIDIA CORPORATION|PALO ALTO NTWKS CM|PEPSICO INC|PALANTIR TECH CL A|QUALCOMM INC|STARBUCKS CORP|T-MOBILE US CMN|TESLA, INC.|TEXAS INSTRUMENTS|VERTEX PHARMACEUTIC"
2025-02-04,31,AAPL|ADBE|ADP|AMAT|AMD|AMGN|AMZN|AVGO|BKNG|CMCSA|COST|CSCO|GOOG|GOOGL|HON|INTU|ISRG|LIN|META|MSFT|NFLX|NVDA|PANW|PEP|PLTR|QCOM|SBUX|TMUS|TSLA|TXN|VRTX,"APPLE INC.|ADOBE INC.|AUTOMATIC DATA PROCS|APPLIED MATERIALS|ADV MICRO DEVICES|AMGEN|AMAZON.COM INC|BROADCOM INC.|BOOKING HOLDINGS INC|COMCAST CORP A|COSTCO WHOLESALE|CISCO SYSTEMS INC.|ALPHABET CL C CAP|ALPHABET CL A CMN|HONEYWELL INTL INC|INTUIT INC|INTUITIVE SURG, INC.|LINDE PLC|META PLATFORMS, INC.|MICROSOFT CORP|NETFLIX, INC.|NVIDIA CORPORATION|PALO ALTO NTWKS CM|PEPSICO INC|PALANTIR TECH CL A|QUALCOMM INC|STARBUCKS CORP|T-MOBILE US CMN|TESLA, INC.|TEXAS INSTRUMENTS|VERTEX PHARMACEUTIC"
2025-02-05,31,AAPL|ADBE|ADP|AMAT|AMD|AMGN|AMZN|AVGO|BKNG|CMCSA|COST|CSCO|GOOG|GOOGL|HON|INTU|ISRG|LIN|META|MSFT|NFLX|NVDA|PANW|PEP|PLTR|QCOM|SBUX|TMUS|TSLA|TXN|VRTX,"APPLE INC.|ADOBE INC.|AUTOMATIC DATA PROCS|APPLIED MATERIALS|ADV MICRO DEVICES|AMGEN|AMAZON.COM INC|BROADCOM INC.|BOOKING HOLDINGS INC|COMCAST CORP A|COSTCO WHOLESALE|CISCO SYSTEMS INC.|ALPHABET CL C CAP|ALPHABET CL A CMN|HONEYWELL INTL INC|INTUIT INC|INTUITIVE SURG, INC.|LINDE PLC|META PLATFORMS, INC.|MICROSOFT CORP|NETFLIX, INC.|NVIDIA CORPORATION|PALO ALTO NTWKS CM|PEPSICO INC|PALANTIR TECH CL A|QUALCOMM INC|STARBUCKS CORP|T-MOBILE US CMN|TESLA, INC.|TEXAS INSTRUMENTS|VERTEX PHARMACEUTIC"
2025-02-06,31,AAPL|ADBE|ADP|AMAT|AMD|AMGN|AMZN|AVGO|BKNG|CMCSA|COST|CSCO|GOOG|GOOGL|HON|INTU|ISRG|LIN|META|MSFT|NFLX|NVDA|PANW|PEP|PLTR|QCOM|SBUX|TMUS|TSLA|TXN|VRTX,"APPLE INC.|ADOBE INC.|AUTOMATIC DATA PROCS|APPLIED MATERIALS|ADV MICRO DEVICES|AMGEN|AMAZON.COM INC|BROADCOM INC.|BOOKING HOLDINGS INC|COMCAST CORP A|COSTCO WHOLESALE|CISCO SYSTEMS INC.|ALPHABET CL C CAP|ALPHABET CL A CMN|HONEYWELL INTL INC|INTUIT INC|INTUITIVE SURG, INC.|LINDE PLC|META PLATFORMS, INC.|MICROSOFT CORP|NETFLIX, INC.|NVIDIA CORPORATION|PALO ALTO NTWKS CM|PEPSICO INC|PALANTIR TECH CL A|QUALCOMM INC|STARBUCKS CORP|T-MOBILE US CMN|TESLA, INC.|TEXAS INSTRUMENTS|VERTEX PHARMACEUTIC"
2025-02-07,31,AAPL|ADBE|ADP|AMAT|AMD|AMGN|AMZN|AVGO|BKNG|CMCSA|COST|CSCO|GOOG|GOOGL|HON|INTU|ISRG|LIN|META|MSFT|NFLX|NVDA|PANW|PEP|PLTR|QCOM|SBUX|TMUS|TSLA|TXN|VRTX,"APPLE INC.|ADOBE INC.|AUTOMATIC DATA PROCS|APPLIED MATERIALS|ADV MICRO DEVICES|AMGEN|AMAZON.COM INC|BROADCOM INC.|BOOKING HOLDINGS INC|COMCAST CORP A|COSTCO WHOLESALE|CISCO SYSTEMS INC.|ALPHABET CL C CAP|ALPHABET CL A CMN|HONEYWELL INTL INC|INTUIT INC|INTUITIVE SURG, INC.|LINDE PLC|META PLATFORMS, INC.|MICROSOFT CORP|NETFLIX, INC.|NVIDIA CORPORATION|PALO ALTO NTWKS CM|PEPSICO INC|PALANTIR TECH CL A|QUALCOMM INC|STARBUCKS CORP|T-MOBILE US CMN|TESLA, INC.|TEXAS INSTRUMENTS|VERTEX PHARMACEUTIC"
2025-02-10,31,AAPL|ADBE|ADP|AMAT|AMD|AMGN|AMZN|AVGO|BKNG|CMCSA|COST|CSCO|GOOG|GOOGL|HON|INTU|ISRG|LIN|META|MSFT|NFLX|NVDA|PANW|PEP|PLTR|QCOM|SBUX|TMUS|TSLA|TXN|VRTX,"APPLE INC.|ADOBE INC.|AUTOMATIC DATA PROCS|APPLIED MATERIALS|ADV MICRO DEVICES|AMGEN|AMAZON.COM INC|BROADCOM INC.|BOOKING HOLDINGS INC|COMCAST CORP A|COSTCO WHOLESALE|CISCO SYSTEMS INC.|ALPHABET CL C CAP|ALPHABET CL A CMN|HONEYWELL INTL INC|INTUIT INC|INTUITIVE SURG, INC.|LINDE PLC|META PLATFORMS, INC.|MICROSOFT CORP|NETFLIX, INC.|NVIDIA CORPORATION|PALO ALTO NTWKS CM|PEPSICO INC|PALANTIR TECH CL A|QUALCOMM INC|STARBUCKS CORP|T-MOBILE US CMN|TESLA, INC.|TEXAS INSTRUMENTS|VERTEX PHARMACEUTIC"
2025-02-11,31,AAPL|ADBE|ADP|AMAT|AMD|AMGN|AMZN|AVGO|BKNG|CMCSA|COST|CSCO|GOOG|GOOGL|HON|INTU|ISRG|LIN|META|MSFT|NFLX|NVDA|PANW|PEP|PLTR|QCOM|SBUX|TMUS|TSLA|TXN|VRTX,"APPLE INC.|ADOBE INC.|AUTOMATIC DATA PROCS|APPLIED MATERIALS|ADV MICRO DEVICES|AMGEN|AMAZON.COM INC|BROADCOM INC.|BOOKING HOLDINGS INC|COMCAST CORP A|COSTCO WHOLESALE|CISCO SYSTEMS INC.|ALPHABET CL C CAP|ALPHABET CL A CMN|HONEYWELL INTL INC|INTUIT INC|INTUITIVE SURG, INC.|LINDE PLC|META PLATFORMS, INC.|MICROSOFT CORP|NETFLIX, INC.|NVIDIA CORPORATION|PALO ALTO NTWKS CM|PEPSICO INC|PALANTIR TECH CL A|QUALCOMM INC|STARBUCKS CORP|T-MOBILE US CMN|TESLA, INC.|TEXAS INSTRUMENTS|VERTEX PHARMACEUTIC"
2025-02-12,31,AAPL|ADBE|ADP|AMAT|AMD|AMGN|AMZN|AVGO|BKNG|CMCSA|COST|CSCO|GOOG|GOOGL|HON|INTU|ISRG|LIN|META|MSFT|NFLX|NVDA|PANW|PEP|PLTR|QCOM|SBUX|TMUS|TSLA|TXN|VRTX,"APPLE INC.|ADOBE INC.|AUTOMATIC DATA PROCS|APPLIED MATERIALS|ADV MICRO DEVICES|AMGEN|AMAZON.COM INC|BROADCOM INC.|BOOKING HOLDINGS INC|COMCAST CORP A|COSTCO WHOLESALE|CISCO SYSTEMS INC.|ALPHABET CL C CAP|ALPHABET CL A CMN|HONEYWELL INTL INC|INTUIT INC|INTUITIVE SURG, INC.|LINDE PLC|META PLATFORMS, INC.|MICROSOFT CORP|NETFLIX, INC.|NVIDIA CORPORATION|PALO ALTO NTWKS CM|PEPSICO INC|PALANTIR TECH CL A|QUALCOMM INC|STARBUCKS CORP|T-MOBILE US CMN|TESLA, INC.|TEXAS INSTRUMENTS|VERTEX PHARMACEUTIC"
2025-02-13,31,AAPL|ADBE|ADP|AMAT|AMD|AMGN|AMZN|AVGO|BKNG|CMCSA|COST|CSCO|GOOG|GOOGL|HON|INTU|ISRG|LIN|META|MSFT|NFLX|NVDA|PANW|PEP|PLTR|QCOM|SBUX|TMUS|TSLA|TXN|VRTX,"APPLE INC.|ADOBE INC.|AUTOMATIC DATA PROCS|APPLIED MATERIALS|ADV MICRO DEVICES|AMGEN|AMAZON.COM INC|BROADCOM INC.|BOOKING HOLDINGS INC|COMCAST CORP A|COSTCO WHOLESALE|CISCO SYSTEMS INC.|ALPHABET CL C CAP|ALPHABET CL A CMN|HONEYWELL INTL INC|INTUIT INC|INTUITIVE SURG, INC.|LINDE PLC|META PLATFORMS, INC.|MICROSOFT CORP|NETFLIX, INC.|NVIDIA CORPORATION|PALO ALTO NTWKS CM|PEPSICO INC|PALANTIR TECH CL A|QUALCOMM INC|STARBUCKS CORP|T-MOBILE US CMN|TESLA, INC.|TEXAS INSTRUMENTS|VERTEX PHARMACEUTIC"
2025-02-14,31,AAPL|ADBE|ADP|AMAT|AMD|AMGN|AMZN|AVGO|BKNG|CMCSA|COST|CSCO|GOOG|GOOGL|HON|INTU|ISRG|LIN|META|MSFT|NFLX|NVDA|PANW|PEP|PLTR|QCOM|SBUX|TMUS|TSLA|TXN|VRTX,"APPLE INC.|ADOBE INC.|AUTOMATIC DATA PROCS|APPLIED MATERIALS|ADV MICRO DEVICES|AMGEN|AMAZON.COM INC|BROADCOM INC.|BOOKING HOLDINGS INC|COMCAST CORP A|COSTCO WHOLESALE|CISCO SYSTEMS INC.|ALPHABET CL C CAP|ALPHABET CL A CMN|HONEYWELL INTL INC|INTUIT INC|INTUITIVE SURG, INC.|LINDE PLC|META PLATFORMS, INC.|MICROSOFT CORP|NETFLIX, INC.|NVIDIA CORPORATION|PALO ALTO NTWKS CM|PEPSICO INC|PALANTIR TECH CL A|QUALCOMM INC|STARBUCKS CORP|T-MOBILE US CMN|TESLA, INC.|TEXAS INSTRUMENTS|VERTEX PHARMACEUTIC"
2025-02-18,31,AAPL|ADBE|ADP|AMAT|AMD|AMGN|AMZN|AVGO|BKNG|CMCSA|COST|CSCO|GOOG|GOOGL|HON|INTU|ISRG|LIN|META|MSFT|NFLX|NVDA|PANW|PEP|PLTR|QCOM|SBUX|TMUS|TSLA|TXN|VRTX,"APPLE INC.|ADOBE INC.|AUTOMATIC DATA PROCS|APPLIED MATERIALS|ADV MICRO DEVICES|AMGEN|AMAZON.COM INC|BROADCOM INC.|BOOKING HOLDINGS INC|COMCAST CORP A|COSTCO WHOLESALE|CISCO SYSTEMS INC.|ALPHABET CL C CAP|ALPHABET CL A CMN|HONEYWELL INTL INC|INTUIT INC|INTUITIVE SURG, INC.|LINDE PLC|META PLATFORMS, INC.|MICROSOFT CORP|NETFLIX, INC.|NVIDIA CORPORATION|PALO ALTO NTWKS CM|PEPSICO INC|PALANTIR TECH CL A|QUALCOMM INC|STARBUCKS CORP|T-MOBILE US CMN|TESLA, INC.|TEXAS INSTRUMENTS|VERTEX PHARMACEUTIC"
2025-02-19,31,AAPL|ADBE|ADP|AMAT|AMD|AMGN|AMZN|AVGO|BKNG|CMCSA|COST|CSCO|GOOG|GOOGL|HON|INTU|ISRG|LIN|META|MSFT|NFLX|NVDA|PANW|PEP|PLTR|QCOM|SBUX|TMUS|TSLA|TXN|VRTX,"APPLE INC.|ADOBE INC.|AUTOMATIC DATA PROCS|APPLIED MATERIALS|ADV MICRO DEVICES|AMGEN|AMAZON.COM INC|BROADCOM INC.|BOOKING HOLDINGS INC|COMCAST CORP A|COSTCO WHOLESALE|CISCO SYSTEMS INC.|ALPHABET CL C CAP|ALPHABET CL A CMN|HONEYWELL INTL INC|INTUIT INC|INTUITIVE SURG, INC.|LINDE PLC|META PLATFORMS, INC.|MICROSOFT CORP|NETFLIX, INC.|NVIDIA CORPORATION|PALO ALTO NTWKS CM|PEPSICO INC|PALANTIR TECH CL A|QUALCOMM INC|STARBUCKS CORP|T-MOBILE US CMN|TESLA, INC.|TEXAS INSTRUMENTS|VERTEX PHARMACEUTIC"
2025-02-20,31,AAPL|ADBE|ADP|AMAT|AMD|AMGN|AMZN|AVGO|BKNG|CMCSA|COST|CSCO|GOOG|GOOGL|HON|INTU|ISRG|LIN|META|MSFT|NFLX|NVDA|PANW|PEP|PLTR|QCOM|SBUX|TMUS|TSLA|TXN|VRTX,"APPLE INC.|ADOBE INC.|AUTOMATIC DATA PROCS|APPLIED MATERIALS|ADV MICRO DEVICES|AMGEN|AMAZON.COM INC|BROADCOM INC.|BOOKING HOLDINGS INC|COMCAST CORP A|COSTCO WHOLESALE|CISCO SYSTEMS INC.|ALPHABET CL C CAP|ALPHABET CL A CMN|HONEYWELL INTL INC|INTUIT INC|INTUITIVE SURG, INC.|LINDE PLC|META PLATFORMS, INC.|MICROSOFT CORP|NETFLIX, INC.|NVIDIA CORPORATION|PALO ALTO NTWKS CM|PEPSICO INC|PALANTIR TECH CL A|QUALCOMM INC|STARBUCKS CORP|T-MOBILE US CMN|TESLA, INC.|TEXAS INSTRUMENTS|VERTEX PHARMACEUTIC"
2025-02-21,31,AAPL|ADBE|ADP|AMAT|AMD|AMGN|AMZN|AVGO|BKNG|CMCSA|COST|CSCO|GOOG|GOOGL|HON|INTU|ISRG|LIN|META|MSFT|NFLX|NVDA|PANW|PEP|PLTR|QCOM|SBUX|TMUS|TSLA|TXN|VRTX,"APPLE INC.|ADOBE INC.|AUTOMATIC DATA PROCS|APPLIED MATERIALS|ADV MICRO DEVICES|AMGEN|AMAZON.COM INC|BROADCOM INC.|BOOKING HOLDINGS INC|COMCAST CORP A|COSTCO WHOLESALE|CISCO SYSTEMS INC.|ALPHABET CL C CAP|ALPHABET CL A CMN|HONEYWELL INTL INC|INTUIT INC|INTUITIVE SURG, INC.|LINDE PLC|META PLATFORMS, INC.|MICROSOFT CORP|NETFLIX, INC.|NVIDIA CORPORATION|PALO ALTO NTWKS CM|PEPSICO INC|PALANTIR TECH CL A|QUALCOMM INC|STARBUCKS CORP|T-MOBILE US CMN|TESLA, INC.|TEXAS INSTRUMENTS|VERTEX PHARMACEUTIC"
2025-02-24,31,AAPL|ADBE|ADP|AMAT|AMD|AMGN|AMZN|AVGO|BKNG|CMCSA|COST|CSCO|GOOG|GOOGL|HON|INTU|ISRG|LIN|META|MSFT|NFLX|NVDA|PANW|PEP|PLTR|QCOM|SBUX|TMUS|TSLA|TXN|VRTX,"APPLE INC.|ADOBE INC.|AUTOMATIC DATA PROCS|APPLIED MATERIALS|ADV MICRO DEVICES|AMGEN|AMAZON.COM INC|BROADCOM INC.|BOOKING HOLDINGS INC|COMCAST CORP A|COSTCO WHOLESALE|CISCO SYSTEMS INC.|ALPHABET CL C CAP|ALPHABET CL A CMN|HONEYWELL INTL INC|INTUIT INC|INTUITIVE SURG, INC.|LINDE PLC|META PLATFORMS, INC.|MICROSOFT CORP|NETFLIX, INC.|NVIDIA CORPORATION|PALO ALTO NTWKS CM|PEPSICO INC|PALANTIR TECH CL A|QUALCOMM INC|STARBUCKS CORP|T-MOBILE US CMN|TESLA, INC.|TEXAS INSTRUMENTS|VERTEX PHARMACEUTIC"
2025-02-25,31,AAPL|ADBE|ADP|AMAT|AMD|AMGN|AMZN|AVGO|BKNG|CMCSA|COST|CSCO|GOOG|GOOGL|HON|INTU|ISRG|LIN|META|MSFT|NFLX|NVDA|PANW|PEP|PLTR|QCOM|SBUX|TMUS|TSLA|TXN|VRTX,"APPLE INC.|ADOBE INC.|AUTOMATIC DATA PROCS|APPLIED MATERIALS|ADV MICRO DEVICES|AMGEN|AMAZON.COM INC|BROADCOM INC.|BOOKING HOLDINGS INC|COMCAST CORP A|COSTCO WHOLESALE|CISCO SYSTEMS INC.|ALPHABET CL C CAP|ALPHABET CL A CMN|HONEYWELL INTL INC|INTUIT INC|INTUITIVE SURG, INC.|LINDE PLC|META PLATFORMS, INC.|MICROSOFT CORP|NETFLIX, INC.|NVIDIA CORPORATION|PALO ALTO NTWKS CM|PEPSICO INC|PALANTIR TECH CL A|QUALCOMM INC|STARBUCKS CORP|T-MOBILE US CMN|TESLA, INC.|TEXAS INSTRUMENTS|VERTEX PHARMACEUTIC"
2025-02-26,31,AAPL|ADBE|ADP|AMAT|AMD|AMGN|AMZN|AVGO|BKNG|CMCSA|COST|CSCO|GOOG|GOOGL|HON|INTU|ISRG|LIN|META|MSFT|NFLX|NVDA|PANW|PEP|PLTR|QCOM|SBUX|TMUS|TSLA|TXN|VRTX,"APPLE INC.|ADOBE INC.|AUTOMATIC DATA PROCS|APPLIED MATERIALS|ADV MICRO DEVICES|AMGEN|AMAZON.COM INC|BROADCOM INC.|BOOKING HOLDINGS INC|COMCAST CORP A|COSTCO WHOLESALE|CISCO SYSTEMS INC.|ALPHABET CL C CAP|ALPHABET CL A CMN|HONEYWELL INTL INC|INTUIT INC|INTUITIVE SURG, INC.|LINDE PLC|META PLATFORMS, INC.|MICROSOFT CORP|NETFLIX, INC.|NVIDIA CORPORATION|PALO ALTO NTWKS CM|PEPSICO INC|PALANTIR TECH CL A|QUALCOMM INC|STARBUCKS CORP|T-MOBILE US CMN|TESLA, INC.|TEXAS INSTRUMENTS|VERTEX PHARMACEUTIC"
2025-02-27,31,AAPL|ADBE|ADP|AMAT|AMD|AMGN|AMZN|AVGO|BKNG|CMCSA|COST|CSCO|GOOG|GOOGL|HON|INTU|ISRG|LIN|META|MSFT|NFLX|NVDA|PANW|PEP|PLTR|QCOM|SBUX|TMUS|TSLA|TXN|VRTX,"APPLE INC.|ADOBE INC.|AUTOMATIC DATA PROCS|APPLIED MATERIALS|ADV MICRO DEVICES|AMGEN|AMAZON.COM INC|BROADCOM INC.|BOOKING HOLDINGS INC|COMCAST CORP A|COSTCO WHOLESALE|CISCO SYSTEMS INC.|ALPHABET CL C CAP|ALPHABET CL A CMN|HONEYWELL INTL INC|INTUIT INC|INTUITIVE SURG, INC.|LINDE PLC|META PLATFORMS, INC.|MICROSOFT CORP|NETFLIX, INC.|NVIDIA CORPORATION|PALO ALTO NTWKS CM|PEPSICO INC|PALANTIR TECH CL A|QUALCOMM INC|STARBUCKS CORP|T-MOBILE US CMN|TESLA, INC.|TEXAS INSTRUMENTS|VERTEX PHARMACEUTIC"
2025-02-28,31,AAPL|ADBE|ADP|AMAT|AMD|AMGN|AMZN|AVGO|BKNG|CMCSA|COST|CSCO|GOOG|GOOGL|HON|INTU|ISRG|LIN|META|MSFT|NFLX|NVDA|PANW|PEP|PLTR|QCOM|SBUX|TMUS|TSLA|TXN|VRTX,"APPLE INC.|ADOBE INC.|AUTOMATIC DATA PROCS|APPLIED MATERIALS|ADV MICRO DEVICES|AMGEN|AMAZON.COM INC|BROADCOM INC.|BOOKING HOLDINGS INC|COMCAST CORP A|COSTCO WHOLESALE|CISCO SYSTEMS INC.|ALPHABET CL C CAP|ALPHABET CL A CMN|HONEYWELL INTL INC|INTUIT INC|INTUITIVE SURG, INC.|LINDE PLC|META PLATFORMS, INC.|MICROSOFT CORP|NETFLIX, INC.|NVIDIA CORPORATION|PALO ALTO NTWKS CM|PEPSICO INC|PALANTIR TECH CL A|QUALCOMM INC|STARBUCKS CORP|T-MOBILE US CMN|TESLA, INC.|TEXAS INSTRUMENTS|VERTEX PHARMACEUTIC"
2025-03-03,31,AAPL|ADBE|ADP|AMAT|AMD|AMGN|AMZN|AVGO|BKNG|CMCSA|COST|CSCO|GOOG|GOOGL|HON|INTU|ISRG|LIN|META|MSFT|NFLX|NVDA|PANW|PEP|PLTR|QCOM|SBUX|TMUS|TSLA|TXN|VRTX,"APPLE INC.|ADOBE INC.|AUTOMATIC DATA PROCS|APPLIED MATERIALS|ADV MICRO DEVICES|AMGEN|AMAZON.COM INC|BROADCOM INC.|BOOKING HOLDINGS INC|COMCAST CORP A|COSTCO WHOLESALE|CISCO SYSTEMS INC.|ALPHABET CL C CAP|ALPHABET CL A CMN|HONEYWELL INTL INC|INTUIT INC|INTUITIVE SURG, INC.|LINDE PLC|META PLATFORMS, INC.|MICROSOFT CORP|NETFLIX, INC.|NVIDIA CORPORATION|PALO ALTO NTWKS CM|PEPSICO INC|PALANTIR TECH CL A|QUALCOMM INC|STARBUCKS CORP|T-MOBILE US CMN|TESLA, INC.|TEXAS INSTRUMENTS|VERTEX PHARMACEUTIC"
2025-03-04,31,AAPL|ADBE|ADP|AMAT|AMD|AMGN|AMZN|AVGO|BKNG|CMCSA|COST|CSCO|GOOG|GOOGL|HON|INTU|ISRG|LIN|META|MSFT|NFLX|NVDA|PANW|PEP|PLTR|QCOM|SBUX|TMUS|TSLA|TXN|VRTX,"APPLE INC.|ADOBE INC.|AUTOMATIC DATA PROCS|APPLIED MATERIALS|ADV MICRO DEVICES|AMGEN|AMAZON.COM INC|BROADCOM INC.|BOOKING HOLDINGS INC|COMCAST CORP A|COSTCO WHOLESALE|CISCO SYSTEMS INC.|ALPHABET CL C CAP|ALPHABET CL A CMN|HONEYWELL INTL INC|INTUIT INC|INTUITIVE SURG, INC.|LINDE PLC|META PLATFORMS, INC.|MICROSOFT CORP|NETFLIX, INC.|NVIDIA CORPORATION|PALO ALTO NTWKS CM|PEPSICO INC|PALANTIR TECH CL A|QUALCOMM INC|STARBUCKS CORP|T-MOBILE US CMN|TESLA, INC.|TEXAS INSTRUMENTS|VERTEX PHARMACEUTIC"
2025-03-05,31,AAPL|ADBE|ADP|AMAT|AMD|AMGN|AMZN|AVGO|BKNG|CMCSA|COST|CSCO|GOOG|GOOGL|HON|INTU|ISRG|LIN|META|MSFT|NFLX|NVDA|PANW|PEP|PLTR|QCOM|SBUX|TMUS|TSLA|TXN|VRTX,"APPLE INC.|ADOBE INC.|AUTOMATIC DATA PROCS|APPLIED MATERIALS|ADV MICRO DEVICES|AMGEN|AMAZON.COM INC|BROADCOM INC.|BOOKING HOLDINGS INC|COMCAST CORP A|COSTCO WHOLESALE|CISCO SYSTEMS INC.|ALPHABET CL C CAP|ALPHABET CL A CMN|HONEYWELL INTL INC|INTUIT INC|INTUITIVE SURG, INC.|LINDE PLC|META PLATFORMS, INC.|MICROSOFT CORP|NETFLIX, INC.|NVIDIA CORPORATION|PALO ALTO NTWKS CM|PEPSICO INC|PALANTIR TECH CL A|QUALCOMM INC|STARBUCKS CORP|T-MOBILE US CMN|TESLA, INC.|TEXAS INSTRUMENTS|VERTEX PHARMACEUTIC"
2025-03-06,31,AAPL|ADBE|ADP|AMAT|AMD|AMGN|AMZN|AVGO|BKNG|CMCSA|COST|CSCO|GOOG|GOOGL|HON|INTU|ISRG|LIN|META|MSFT|NFLX|NVDA|PANW|PEP|PLTR|QCOM|SBUX|TMUS|TSLA|TXN|VRTX,"APPLE INC.|ADOBE INC.|AUTOMATIC DATA PROCS|APPLIED MATERIALS|ADV MICRO DEVICES|AMGEN|AMAZON.COM INC|BROADCOM INC.|BOOKING HOLDINGS INC|COMCAST CORP A|COSTCO WHOLESALE|CISCO SYSTEMS INC.|ALPHABET CL C CAP|ALPHABET CL A CMN|HONEYWELL INTL INC|INTUIT INC|INTUITIVE SURG, INC.|LINDE PLC|META PLATFORMS, INC.|MICROSOFT CORP|NETFLIX, INC.|NVIDIA CORPORATION|PALO ALTO NTWKS CM|PEPSICO INC|PALANTIR TECH CL A|QUALCOMM INC|STARBUCKS CORP|T-MOBILE US CMN|TESLA, INC.|TEXAS INSTRUMENTS|VERTEX PHARMACEUTIC"
2025-03-07,31,AAPL|ADBE|ADP|AMAT|AMD|AMGN|AMZN|AVGO|BKNG|CMCSA|COST|CSCO|GOOG|GOOGL|HON|INTU|ISRG|LIN|META|MSFT|NFLX|NVDA|PANW|PEP|PLTR|QCOM|SBUX|TMUS|TSLA|TXN|VRTX,"APPLE INC.|ADOBE INC.|AUTOMATIC DATA PROCS|APPLIED MATERIALS|ADV MICRO DEVICES|AMGEN|AMAZON.COM INC|BROADCOM INC.|BOOKING HOLDINGS INC|COMCAST CORP A|COSTCO WHOLESALE|CISCO SYSTEMS INC.|ALPHABET CL C CAP|ALPHABET CL A CMN|HONEYWELL INTL INC|INTUIT INC|INTUITIVE SURG, INC.|LINDE PLC|META PLATFORMS, INC.|MICROSOFT CORP|NETFLIX, INC.|NVIDIA CORPORATION|PALO ALTO NTWKS CM|PEPSICO INC|PALANTIR TECH CL A|QUALCOMM INC|STARBUCKS CORP|T-MOBILE US CMN|TESLA, INC.|TEXAS INSTRUMENTS|VERTEX PHARMACEUTIC"
2025-03-10,31,AAPL|ADBE|ADP|AMAT|AMD|AMGN|AMZN|AVGO|BKNG|CMCSA|COST|CSCO|GOOG|GOOGL|HON|INTU|ISRG|LIN|META|MSFT|NFLX|NVDA|PANW|PEP|PLTR|QCOM|SBUX|TMUS|TSLA|TXN|VRTX,"APPLE INC.|ADOBE INC.|AUTOMATIC DATA PROCS|APPLIED MATERIALS|ADV MICRO DEVICES|AMGEN|AMAZON.COM INC|BROADCOM INC.|BOOKING HOLDINGS INC|COMCAST CORP A|COSTCO WHOLESALE|CISCO SYSTEMS INC.|ALPHABET CL C CAP|ALPHABET CL A CMN|HONEYWELL INTL INC|INTUIT INC|INTUITIVE SURG, INC.|LINDE PLC|META PLATFORMS, INC.|MICROSOFT CORP|NETFLIX, INC.|NVIDIA CORPORATION|PALO ALTO NTWKS CM|PEPSICO INC|PALANTIR TECH CL A|QUALCOMM INC|STARBUCKS CORP|T-MOBILE US CMN|TESLA, INC.|TEXAS INSTRUMENTS|VERTEX PHARMACEUTIC"
2025-03-11,31,AAPL|ADBE|ADP|AMAT|AMD|AMGN|AMZN|AVGO|BKNG|CMCSA|COST|CSCO|GOOG|GOOGL|HON|INTU|ISRG|LIN|META|MSFT|NFLX|NVDA|PANW|PEP|PLTR|QCOM|SBUX|TMUS|TSLA|TXN|VRTX,"APPLE INC.|ADOBE INC.|AUTOMATIC DATA PROCS|APPLIED MATERIALS|ADV MICRO DEVICES|AMGEN|AMAZON.COM INC|BROADCOM INC.|BOOKING HOLDINGS INC|COMCAST CORP A|COSTCO WHOLESALE|CISCO SYSTEMS INC.|ALPHABET CL C CAP|ALPHABET CL A CMN|HONEYWELL INTL INC|INTUIT INC|INTUITIVE SURG, INC.|LINDE PLC|META PLATFORMS, INC.|MICROSOFT CORP|NETFLIX, INC.|NVIDIA CORPORATION|PALO ALTO NTWKS CM|PEPSICO INC|PALANTIR TECH CL A|QUALCOMM INC|STARBUCKS CORP|T-MOBILE US CMN|TESLA, INC.|TEXAS INSTRUMENTS|VERTEX PHARMACEUTIC"
2025-03-12,31,AAPL|ADBE|ADP|AMAT|AMD|AMGN|AMZN|AVGO|BKNG|CMCSA|COST|CSCO|GOOG|GOOGL|HON|INTU|ISRG|LIN|META|MSFT|NFLX|NVDA|PANW|PEP|PLTR|QCOM|SBUX|TMUS|TSLA|TXN|VRTX,"APPLE INC.|ADOBE INC.|AUTOMATIC DATA PROCS|APPLIED MATERIALS|ADV MICRO DEVICES|AMGEN|AMAZON.COM INC|BROADCOM INC.|BOOKING HOLDINGS INC|COMCAST CORP A|COSTCO WHOLESALE|CISCO SYSTEMS INC.|ALPHABET CL C CAP|ALPHABET CL A CMN|HONEYWELL INTL INC|INTUIT INC|INTUITIVE SURG, INC.|LINDE PLC|META PLATFORMS, INC.|MICROSOFT CORP|NETFLIX, INC.|NVIDIA CORPORATION|PALO ALTO NTWKS CM|PEPSICO INC|PALANTIR TECH CL A|QUALCOMM INC|STARBUCKS CORP|T-MOBILE US CMN|TESLA, INC.|TEXAS INSTRUMENTS|VERTEX PHARMACEUTIC"
2025-03-13,31,AAPL|ADBE|ADP|AMAT|AMD|AMGN|AMZN|AVGO|BKNG|CMCSA|COST|CSCO|GOOG|GOOGL|HON|INTU|ISRG|LIN|META|MSFT|NFLX|NVDA|PANW|PEP|PLTR|QCOM|SBUX|TMUS|TSLA|TXN|VRTX,"APPLE INC.|ADOBE INC.|AUTOMATIC DATA PROCS|APPLIED MATERIALS|ADV MICRO DEVICES|AMGEN|AMAZON.COM INC|BROADCOM INC.|BOOKING HOLDINGS INC|COMCAST CORP A|COSTCO WHOLESALE|CISCO SYSTEMS INC.|ALPHABET CL C CAP|ALPHABET CL A CMN|HONEYWELL INTL INC|INTUIT INC|INTUITIVE SURG, INC.|LINDE PLC|META PLATFORMS, INC.|MICROSOFT CORP|NETFLIX, INC.|NVIDIA CORPORATION|PALO ALTO NTWKS CM|PEPSICO INC|PALANTIR TECH CL A|QUALCOMM INC|STARBUCKS CORP|T-MOBILE US CMN|TESLA, INC.|TEXAS INSTRUMENTS|VERTEX PHARMACEUTIC"
2025-03-14,31,AAPL|ADBE|ADP|AMAT|AMD|AMGN|AMZN|AVGO|BKNG|CMCSA|COST|CSCO|GOOG|GOOGL|HON|INTU|ISRG|LIN|META|MSFT|NFLX|NVDA|PANW|PEP|PLTR|QCOM|SBUX|TMUS|TSLA|TXN|VRTX,"APPLE INC.|ADOBE INC.|AUTOMATIC DATA PROCS|APPLIED MATERIALS|ADV MICRO DEVICES|AMGEN|AMAZON.COM INC|BROADCOM INC.|BOOKING HOLDINGS INC|COMCAST CORP A|COSTCO WHOLESALE|CISCO SYSTEMS INC.|ALPHABET CL C CAP|ALPHABET CL A CMN|HONEYWELL INTL INC|INTUIT INC|INTUITIVE SURG, INC.|LINDE PLC|META PLATFORMS, INC.|MICROSOFT CORP|NETFLIX, INC.|NVIDIA CORPORATION|PALO ALTO NTWKS CM|PEPSICO INC|PALANTIR TECH CL A|QUALCOMM INC|STARBUCKS CORP|T-MOBILE US CMN|TESLA, INC.|TEXAS INSTRUMENTS|VERTEX PHARMACEUTIC"
2025-03-17,31,AAPL|ADBE|ADP|AMAT|AMD|AMGN|AMZN|AVGO|BKNG|CMCSA|COST|CSCO|GOOG|GOOGL|HON|INTU|ISRG|LIN|META|MSFT|NFLX|NVDA|PANW|PEP|PLTR|QCOM|SBUX|TMUS|TSLA|TXN|VRTX,"APPLE INC.|ADOBE INC.|AUTOMATIC DATA PROCS|APPLIED MATERIALS|ADV MICRO DEVICES|AMGEN|AMAZON.COM INC|BROADCOM INC.|BOOKING HOLDINGS INC|COMCAST CORP A|COSTCO WHOLESALE|CISCO SYSTEMS INC.|ALPHABET CL C CAP|ALPHABET CL A CMN|HONEYWELL INTL INC|INTUIT INC|INTUITIVE SURG, INC.|LINDE PLC|META PLATFORMS, INC.|MICROSOFT CORP|NETFLIX, INC.|NVIDIA CORPORATION|PALO ALTO NTWKS CM|PEPSICO INC|PALANTIR TECH CL A|QUALCOMM INC|STARBUCKS CORP|T-MOBILE US CMN|TESLA, INC.|TEXAS INSTRUMENTS|VERTEX PHARMACEUTIC"
2025-03-18,31,AAPL|ADBE|ADP|AMAT|AMD|AMGN|AMZN|AVGO|BKNG|CMCSA|COST|CSCO|GOOG|GOOGL|HON|INTU|ISRG|LIN|META|MSFT|NFLX|NVDA|PANW|PEP|PLTR|QCOM|SBUX|TMUS|TSLA|TXN|VRTX,"APPLE INC.|ADOBE INC.|AUTOMATIC DATA PROCS|APPLIED MATERIALS|ADV MICRO DEVICES|AMGEN|AMAZON.COM INC|BROADCOM INC.|BOOKING HOLDINGS INC|COMCAST CORP A|COSTCO WHOLESALE|CISCO SYSTEMS INC.|ALPHABET CL C CAP|ALPHABET CL A CMN|HONEYWELL INTL INC|INTUIT INC|INTUITIVE SURG, INC.|LINDE PLC|META PLATFORMS, INC.|MICROSOFT CORP|NETFLIX, INC.|NVIDIA CORPORATION|PALO ALTO NTWKS CM|PEPSICO INC|PALANTIR TECH CL A|QUALCOMM INC|STARBUCKS CORP|T-MOBILE US CMN|TESLA, INC.|TEXAS INSTRUMENTS|VERTEX PHARMACEUTIC"
2025-03-19,31,AAPL|ADBE|ADP|AMAT|AMD|AMGN|AMZN|AVGO|BKNG|CMCSA|COST|CSCO|GOOG|GOOGL|HON|INTU|ISRG|LIN|META|MSFT|NFLX|NVDA|PANW|PEP|PLTR|QCOM|SBUX|TMUS|TSLA|TXN|VRTX,"APPLE INC.|ADOBE INC.|AUTOMATIC DATA PROCS|APPLIED MATERIALS|ADV MICRO DEVICES|AMGEN|AMAZON.COM INC|BROADCOM INC.|BOOKING HOLDINGS INC|COMCAST CORP A|COSTCO WHOLESALE|CISCO SYSTEMS INC.|ALPHABET CL C CAP|ALPHABET CL A CMN|HONEYWELL INTL INC|INTUIT INC|INTUITIVE SURG, INC.|LINDE PLC|META PLATFORMS, INC.|MICROSOFT CORP|NETFLIX, INC.|NVIDIA CORPORATION|PALO ALTO NTWKS CM|PEPSICO INC|PALANTIR TECH CL A|QUALCOMM INC|STARBUCKS CORP|T-MOBILE US CMN|TESLA, INC.|TEXAS INSTRUMENTS|VERTEX PHARMACEUTIC"
2025-03-20,31,AAPL|ADBE|ADP|AMAT|AMD|AMGN|AMZN|AVGO|BKNG|CMCSA|COST|CSCO|GOOG|GOOGL|HON|INTU|ISRG|LIN|META|MSFT|NFLX|NVDA|PANW|PEP|PLTR|QCOM|SBUX|TMUS|TSLA|TXN|VRTX,"APPLE INC.|ADOBE INC.|AUTOMATIC DATA PROCS|APPLIED MATERIALS|ADV MICRO DEVICES|AMGEN|AMAZON.COM INC|BROADCOM INC.|BOOKING HOLDINGS INC|COMCAST CORP A|COSTCO WHOLESALE|CISCO SYSTEMS INC.|ALPHABET CL C CAP|ALPHABET CL A CMN|HONEYWELL INTL INC|INTUIT INC|INTUITIVE SURG, INC.|LINDE PLC|META PLATFORMS, INC.|MICROSOFT CORP|NETFLIX, INC.|NVIDIA CORPORATION|PALO ALTO NTWKS CM|PEPSICO INC|PALANTIR TECH CL A|QUALCOMM INC|STARBUCKS CORP|T-MOBILE US CMN|TESLA, INC.|TEXAS INSTRUMENTS|VERTEX PHARMACEUTIC"
2025-03-21,31,AAPL|ADBE|ADP|AMAT|AMD|AMGN|AMZN|AVGO|BKNG|CMCSA|COST|CSCO|GOOG|GOOGL|HON|INTU|ISRG|LIN|META|MSFT|NFLX|NVDA|PANW|PEP|PLTR|QCOM|SBUX|TMUS|TSLA|TXN|VRTX,"APPLE INC.|ADOBE INC.|AUTOMATIC DATA PROCS|APPLIED MATERIALS|ADV MICRO DEVICES|AMGEN|AMAZON.COM INC|BROADCOM INC.|BOOKING HOLDINGS INC|COMCAST CORP A|COSTCO WHOLESALE|CISCO SYSTEMS INC.|ALPHABET CL C CAP|ALPHABET CL A CMN|HONEYWELL INTL INC|INTUIT INC|INTUITIVE SURG, INC.|LINDE PLC|META PLATFORMS, INC.|MICROSOFT CORP|NETFLIX, INC.|NVIDIA CORPORATION|PALO ALTO NTWKS CM|PEPSICO INC|PALANTIR TECH CL A|QUALCOMM INC|STARBUCKS CORP|T-MOBILE US CMN|TESLA, INC.|TEXAS INSTRUMENTS|VERTEX PHARMACEUTIC"
2025-03-24,31,AAPL|ADBE|ADP|AMAT|AMD|AMGN|AMZN|AVGO|BKNG|CMCSA|COST|CSCO|GILD|GOOG|GOOGL|HON|INTU|ISRG|LIN|META|MSFT|NFLX|NVDA|PANW|PEP|PLTR|QCOM|SBUX|TMUS|TSLA|TXN,"APPLE INC.|ADOBE INC.|AUTOMATIC DATA PROCS|APPLIED MATERIALS|ADV MICRO DEVICES|AMGEN|AMAZON.COM INC|BROADCOM INC.|BOOKING HOLDINGS INC|COMCAST CORP A|COSTCO WHOLESALE|CISCO SYSTEMS INC.|GILEAD SCIENCES, INC|ALPHABET CL C CAP|ALPHABET CL A CMN|HONEYWELL INTL INC|INTUIT INC|INTUITIVE SURG, INC.|LINDE PLC|META PLATFORMS, INC.|MICROSOFT CORP|NETFLIX, INC.|NVIDIA CORPORATION|PALO ALTO NTWKS CM|PEPSICO INC|PALANTIR TECH CL A|QUALCOMM INC|STARBUCKS CORP|T-MOBILE US CMN|TESLA, INC.|TEXAS INSTRUMENTS"
2025-03-25,31,AAPL|ADBE|ADP|AMAT|AMD|AMGN|AMZN|AVGO|BKNG|CMCSA|COST|CSCO|GILD|GOOG|GOOGL|HON|INTU|ISRG|LIN|META|MSFT|NFLX|NVDA|PANW|PEP|PLTR|QCOM|SBUX|TMUS|TSLA|TXN,"APPLE INC.|ADOBE INC.|AUTOMATIC DATA PROCS|APPLIED MATERIALS|ADV MICRO DEVICES|AMGEN|AMAZON.COM INC|BROADCOM INC.|BOOKING HOLDINGS INC|COMCAST CORP A|COSTCO WHOLESALE|CISCO SYSTEMS INC.|GILEAD SCIENCES, INC|ALPHABET CL C CAP|ALPHABET CL A CMN|HONEYWELL INTL INC|INTUIT INC|INTUITIVE SURG, INC.|LINDE PLC|META PLATFORMS, INC.|MICROSOFT CORP|NETFLIX, INC.|NVIDIA CORPORATION|PALO ALTO NTWKS CM|PEPSICO INC|PALANTIR TECH CL A|QUALCOMM INC|STARBUCKS CORP|T-MOBILE US CMN|TESLA, INC.|TEXAS INSTRUMENTS"
2025-03-26,31,AAPL|ADBE|ADP|AMAT|AMD|AMGN|AMZN|AVGO|BKNG|CMCSA|COST|CSCO|GILD|GOOG|GOOGL|HON|INTU|ISRG|LIN|META|MSFT|NFLX|NVDA|PANW|PEP|PLTR|QCOM|SBUX|TMUS|TSLA|TXN,"APPLE INC.|ADOBE INC.|AUTOMATIC DATA PROCS|APPLIED MATERIALS|ADV MICRO DEVICES|AMGEN|AMAZON.COM INC|BROADCOM INC.|BOOKING HOLDINGS INC|COMCAST CORP A|COSTCO WHOLESALE|CISCO SYSTEMS INC.|GILEAD SCIENCES, INC|ALPHABET CL C CAP|ALPHABET CL A CMN|HONEYWELL INTL INC|INTUIT INC|INTUITIVE SURG, INC.|LINDE PLC|META PLATFORMS, INC.|MICROSOFT CORP|NETFLIX, INC.|NVIDIA CORPORATION|PALO ALTO NTWKS CM|PEPSICO INC|PALANTIR TECH CL A|QUALCOMM INC|STARBUCKS CORP|T-MOBILE US CMN|TESLA, INC.|TEXAS INSTRUMENTS"
2025-03-27,31,AAPL|ADBE|ADP|AMAT|AMD|AMGN|AMZN|AVGO|BKNG|CMCSA|COST|CSCO|GILD|GOOG|GOOGL|HON|INTU|ISRG|LIN|META|MSFT|NFLX|NVDA|PANW|PEP|PLTR|QCOM|SBUX|TMUS|TSLA|TXN,"APPLE INC.|ADOBE INC.|AUTOMATIC DATA PROCS|APPLIED MATERIALS|ADV MICRO DEVICES|AMGEN|AMAZON.COM INC|BROADCOM INC.|BOOKING HOLDINGS INC|COMCAST CORP A|COSTCO WHOLESALE|CISCO SYSTEMS INC.|GILEAD SCIENCES, INC|ALPHABET CL C CAP|ALPHABET CL A CMN|HONEYWELL INTL INC|INTUIT INC|INTUITIVE SURG, INC.|LINDE PLC|META PLATFORMS, INC.|MICROSOFT CORP|NETFLIX, INC.|NVIDIA CORPORATION|PALO ALTO NTWKS CM|PEPSICO INC|PALANTIR TECH CL A|QUALCOMM INC|STARBUCKS CORP|T-MOBILE US CMN|TESLA, INC.|TEXAS INSTRUMENTS"
2025-03-28,31,AAPL|ADBE|ADP|AMAT|AMD|AMGN|AMZN|AVGO|BKNG|CMCSA|COST|CSCO|GILD|GOOG|GOOGL|HON|INTU|ISRG|LIN|META|MSFT|NFLX|NVDA|PANW|PEP|PLTR|QCOM|SBUX|TMUS|TSLA|TXN,"APPLE INC.|ADOBE INC.|AUTOMATIC DATA PROCS|APPLIED MATERIALS|ADV MICRO DEVICES|AMGEN|AMAZON.COM INC|BROADCOM INC.|BOOKING HOLDINGS INC|COMCAST CORP A|COSTCO WHOLESALE|CISCO SYSTEMS INC.|GILEAD SCIENCES, INC|ALPHABET CL C CAP|ALPHABET CL A CMN|HONEYWELL INTL INC|INTUIT INC|INTUITIVE SURG, INC.|LINDE PLC|META PLATFORMS, INC.|MICROSOFT CORP|NETFLIX, INC.|NVIDIA CORPORATION|PALO ALTO NTWKS CM|PEPSICO INC|PALANTIR TECH CL A|QUALCOMM INC|STARBUCKS CORP|T-MOBILE US CMN|TESLA, INC.|TEXAS INSTRUMENTS"
2025-03-31,31,AAPL|ADBE|ADP|AMAT|AMD|AMGN|AMZN|AVGO|BKNG|CMCSA|COST|CSCO|GILD|GOOG|GOOGL|HON|INTU|ISRG|LIN|META|MSFT|NFLX|NVDA|PANW|PEP|PLTR|QCOM|SBUX|TMUS|TSLA|TXN,"APPLE INC.|ADOBE INC.|AUTOMATIC DATA PROCS|APPLIED MATERIALS|ADV MICRO DEVICES|AMGEN|AMAZON.COM INC|BROADCOM INC.|BOOKING HOLDINGS INC|COMCAST CORP A|COSTCO WHOLESALE|CISCO SYSTEMS INC.|GILEAD SCIENCES, INC|ALPHABET CL C CAP|ALPHABET CL A CMN|HONEYWELL INTL INC|INTUIT INC|INTUITIVE SURG, INC.|LINDE PLC|META PLATFORMS, INC.|MICROSOFT CORP|NETFLIX, INC.|NVIDIA CORPORATION|PALO ALTO NTWKS CM|PEPSICO INC|PALANTIR TECH CL A|QUALCOMM INC|STARBUCKS CORP|T-MOBILE US CMN|TESLA, INC.|TEXAS INSTRUMENTS"
2025-04-01,31,AAPL|ADBE|ADP|AMAT|AMD|AMGN|AMZN|AVGO|BKNG|CMCSA|COST|CSCO|GILD|GOOG|GOOGL|HON|INTU|ISRG|LIN|META|MSFT|NFLX|NVDA|PANW|PEP|PLTR|QCOM|SBUX|TMUS|TSLA|TXN,"APPLE INC.|ADOBE INC.|AUTOMATIC DATA PROCS|APPLIED MATERIALS|ADV MICRO DEVICES|AMGEN|AMAZON.COM INC|BROADCOM INC.|BOOKING HOLDINGS INC|COMCAST CORP A|COSTCO WHOLESALE|CISCO SYSTEMS INC.|GILEAD SCIENCES, INC|ALPHABET CL C CAP|ALPHABET CL A CMN|HONEYWELL INTL INC|INTUIT INC|INTUITIVE SURG, INC.|LINDE PLC|META PLATFORMS, INC.|MICROSOFT CORP|NETFLIX, INC.|NVIDIA CORPORATION|PALO ALTO NTWKS CM|PEPSICO INC|PALANTIR TECH CL A|QUALCOMM INC|STARBUCKS CORP|T-MOBILE US CMN|TESLA, INC.|TEXAS INSTRUMENTS"
2025-04-02,31,AAPL|ADBE|ADP|AMAT|AMD|AMGN|AMZN|AVGO|BKNG|CMCSA|COST|CSCO|GILD|GOOG|GOOGL|HON|INTU|ISRG|LIN|META|MSFT|NFLX|NVDA|PANW|PEP|PLTR|QCOM|SBUX|TMUS|TSLA|TXN,"APPLE INC.|ADOBE INC.|AUTOMATIC DATA PROCS|APPLIED MATERIALS|ADV MICRO DEVICES|AMGEN|AMAZON.COM INC|BROADCOM INC.|BOOKING HOLDINGS INC|COMCAST CORP A|COSTCO WHOLESALE|CISCO SYSTEMS INC.|GILEAD SCIENCES, INC|ALPHABET CL C CAP|ALPHABET CL A CMN|HONEYWELL INTL INC|INTUIT INC|INTUITIVE SURG, INC.|LINDE PLC|META PLATFORMS, INC.|MICROSOFT CORP|NETFLIX, INC.|NVIDIA CORPORATION|PALO ALTO NTWKS CM|PEPSICO INC|PALANTIR TECH CL A|QUALCOMM INC|STARBUCKS CORP|T-MOBILE US CMN|TESLA, INC.|TEXAS INSTRUMENTS"
2025-04-03,31,AAPL|ADBE|ADP|AMAT|AMD|AMGN|AMZN|AVGO|BKNG|CMCSA|COST|CSCO|GILD|GOOG|GOOGL|HON|INTU|ISRG|LIN|META|MSFT|NFLX|NVDA|PANW|PEP|PLTR|QCOM|SBUX|TMUS|TSLA|TXN,"APPLE INC.|ADOBE INC.|AUTOMATIC DATA PROCS|APPLIED MATERIALS|ADV MICRO DEVICES|AMGEN|AMAZON.COM INC|BROADCOM INC.|BOOKING HOLDINGS INC|COMCAST CORP A|COSTCO WHOLESALE|CISCO SYSTEMS INC.|GILEAD SCIENCES, INC|ALPHABET CL C CAP|ALPHABET CL A CMN|HONEYWELL INTL INC|INTUIT INC|INTUITIVE SURG, INC.|LINDE PLC|META PLATFORMS, INC.|MICROSOFT CORP|NETFLIX, INC.|NVIDIA CORPORATION|PALO ALTO NTWKS CM|PEPSICO INC|PALANTIR TECH CL A|QUALCOMM INC|STARBUCKS CORP|T-MOBILE US CMN|TESLA, INC.|TEXAS INSTRUMENTS"
2025-04-04,31,AAPL|ADBE|ADP|AMAT|AMD|AMGN|AMZN|AVGO|BKNG|CMCSA|COST|CSCO|GILD|GOOG|GOOGL|HON|INTU|ISRG|LIN|META|MSFT|NFLX|NVDA|PANW|PEP|PLTR|QCOM|SBUX|TMUS|TSLA|TXN,"APPLE INC.|ADOBE INC.|AUTOMATIC DATA PROCS|APPLIED MATERIALS|ADV MICRO DEVICES|AMGEN|AMAZON.COM INC|BROADCOM INC.|BOOKING HOLDINGS INC|COMCAST CORP A|COSTCO WHOLESALE|CISCO SYSTEMS INC.|GILEAD SCIENCES, INC|ALPHABET CL C CAP|ALPHABET CL A CMN|HONEYWELL INTL INC|INTUIT INC|INTUITIVE SURG, INC.|LINDE PLC|META PLATFORMS, INC.|MICROSOFT CORP|NETFLIX, INC.|NVIDIA CORPORATION|PALO ALTO NTWKS CM|PEPSICO INC|PALANTIR TECH CL A|QUALCOMM INC|STARBUCKS CORP|T-MOBILE US CMN|TESLA, INC.|TEXAS INSTRUMENTS"
2025-04-07,31,AAPL|ADBE|ADP|AMAT|AMD|AMGN|AMZN|AVGO|BKNG|CMCSA|COST|CSCO|GILD|GOOG|GOOGL|HON|INTU|ISRG|LIN|META|MSFT|NFLX|NVDA|PANW|PEP|PLTR|QCOM|SBUX|TMUS|TSLA|TXN,"APPLE INC.|ADOBE INC.|AUTOMATIC DATA PROCS|APPLIED MATERIALS|ADV MICRO DEVICES|AMGEN|AMAZON.COM INC|BROADCOM INC.|BOOKING HOLDINGS INC|COMCAST CORP A|COSTCO WHOLESALE|CISCO SYSTEMS INC.|GILEAD SCIENCES, INC|ALPHABET CL C CAP|ALPHABET CL A CMN|HONEYWELL INTL INC|INTUIT INC|INTUITIVE SURG, INC.|LINDE PLC|META PLATFORMS, INC.|MICROSOFT CORP|NETFLIX, INC.|NVIDIA CORPORATION|PALO ALTO NTWKS CM|PEPSICO INC|PALANTIR TECH CL A|QUALCOMM INC|STARBUCKS CORP|T-MOBILE US CMN|TESLA, INC.|TEXAS INSTRUMENTS"
2025-04-08,31,AAPL|ADBE|ADP|AMAT|AMD|AMGN|AMZN|AVGO|BKNG|CMCSA|COST|CSCO|GILD|GOOG|GOOGL|HON|INTU|ISRG|LIN|META|MSFT|NFLX|NVDA|PANW|PEP|PLTR|QCOM|SBUX|TMUS|TSLA|TXN,"APPLE INC.|ADOBE INC.|AUTOMATIC DATA PROCS|APPLIED MATERIALS|ADV MICRO DEVICES|AMGEN|AMAZON.COM INC|BROADCOM INC.|BOOKING HOLDINGS INC|COMCAST CORP A|COSTCO WHOLESALE|CISCO SYSTEMS INC.|GILEAD SCIENCES, INC|ALPHABET CL C CAP|ALPHABET CL A CMN|HONEYWELL INTL INC|INTUIT INC|INTUITIVE SURG, INC.|LINDE PLC|META PLATFORMS, INC.|MICROSOFT CORP|NETFLIX, INC.|NVIDIA CORPORATION|PALO ALTO NTWKS CM|PEPSICO INC|PALANTIR TECH CL A|QUALCOMM INC|STARBUCKS CORP|T-MOBILE US CMN|TESLA, INC.|TEXAS INSTRUMENTS"
2025-04-09,31,AAPL|ADBE|ADP|AMAT|AMD|AMGN|AMZN|AVGO|BKNG|CMCSA|COST|CSCO|GILD|GOOG|GOOGL|HON|INTU|ISRG|LIN|META|MSFT|NFLX|NVDA|PANW|PEP|PLTR|QCOM|SBUX|TMUS|TSLA|TXN,"APPLE INC.|ADOBE INC.|AUTOMATIC DATA PROCS|APPLIED MATERIALS|ADV MICRO DEVICES|AMGEN|AMAZON.COM INC|BROADCOM INC.|BOOKING HOLDINGS INC|COMCAST CORP A|COSTCO WHOLESALE|CISCO SYSTEMS INC.|GILEAD SCIENCES, INC|ALPHABET CL C CAP|ALPHABET CL A CMN|HONEYWELL INTL INC|INTUIT INC|INTUITIVE SURG, INC.|LINDE PLC|META PLATFORMS, INC.|MICROSOFT CORP|NETFLIX, INC.|NVIDIA CORPORATION|PALO ALTO NTWKS CM|PEPSICO INC|PALANTIR TECH CL A|QUALCOMM INC|STARBUCKS CORP|T-MOBILE US CMN|TESLA, INC.|TEXAS INSTRUMENTS"
2025-04-10,31,AAPL|ADBE|ADP|AMAT|AMD|AMGN|AMZN|AVGO|BKNG|CMCSA|COST|CSCO|GILD|GOOG|GOOGL|HON|INTU|ISRG|LIN|META|MSFT|NFLX|NVDA|PANW|PEP|PLTR|QCOM|SBUX|TMUS|TSLA|TXN,"APPLE INC.|ADOBE INC.|AUTOMATIC DATA PROCS|APPLIED MATERIALS|ADV MICRO DEVICES|AMGEN|AMAZON.COM INC|BROADCOM INC.|BOOKING HOLDINGS INC|COMCAST CORP A|COSTCO WHOLESALE|CISCO SYSTEMS INC.|GILEAD SCIENCES, INC|ALPHABET CL C CAP|ALPHABET CL A CMN|HONEYWELL INTL INC|INTUIT INC|INTUITIVE SURG, INC.|LINDE PLC|META PLATFORMS, INC.|MICROSOFT CORP|NETFLIX, INC.|NVIDIA CORPORATION|PALO ALTO NTWKS CM|PEPSICO INC|PALANTIR TECH CL A|QUALCOMM INC|STARBUCKS CORP|T-MOBILE US CMN|TESLA, INC.|TEXAS INSTRUMENTS"
2025-04-11,31,AAPL|ADBE|ADP|AMAT|AMD|AMGN|AMZN|AVGO|BKNG|CMCSA|COST|CSCO|GILD|GOOG|GOOGL|HON|INTU|ISRG|LIN|META|MSFT|NFLX|NVDA|PANW|PEP|PLTR|QCOM|SBUX|TMUS|TSLA|TXN,"APPLE INC.|ADOBE INC.|AUTOMATIC DATA PROCS|APPLIED MATERIALS|ADV MICRO DEVICES|AMGEN|AMAZON.COM INC|BROADCOM INC.|BOOKING HOLDINGS INC|COMCAST CORP A|COSTCO WHOLESALE|CISCO SYSTEMS INC.|GILEAD SCIENCES, INC|ALPHABET CL C CAP|ALPHABET CL A CMN|HONEYWELL INTL INC|INTUIT INC|INTUITIVE SURG, INC.|LINDE PLC|META PLATFORMS, INC.|MICROSOFT CORP|NETFLIX, INC.|NVIDIA CORPORATION|PALO ALTO NTWKS CM|PEPSICO INC|PALANTIR TECH CL A|QUALCOMM INC|STARBUCKS CORP|T-MOBILE US CMN|TESLA, INC.|TEXAS INSTRUMENTS"
2025-04-14,31,AAPL|ADBE|ADP|AMAT|AMD|AMGN|AMZN|AVGO|BKNG|CMCSA|COST|CSCO|GILD|GOOG|GOOGL|HON|INTU|ISRG|LIN|META|MSFT|NFLX|NVDA|PANW|PEP|PLTR|QCOM|SBUX|TMUS|TSLA|TXN,"APPLE INC.|ADOBE INC.|AUTOMATIC DATA PROCS|APPLIED MATERIALS|ADV MICRO DEVICES|AMGEN|AMAZON.COM INC|BROADCOM INC.|BOOKING HOLDINGS INC|COMCAST CORP A|COSTCO WHOLESALE|CISCO SYSTEMS INC.|GILEAD SCIENCES, INC|ALPHABET CL C CAP|ALPHABET CL A CMN|HONEYWELL INTL INC|INTUIT INC|INTUITIVE SURG, INC.|LINDE PLC|META PLATFORMS, INC.|MICROSOFT CORP|NETFLIX, INC.|NVIDIA CORPORATION|PALO ALTO NTWKS CM|PEPSICO INC|PALANTIR TECH CL A|QUALCOMM INC|STARBUCKS CORP|T-MOBILE US CMN|TESLA, INC.|TEXAS INSTRUMENTS"
2025-04-15,31,AAPL|ADBE|ADP|AMAT|AMD|AMGN|AMZN|AVGO|BKNG|CMCSA|COST|CSCO|GILD|GOOG|GOOGL|HON|INTU|ISRG|LIN|META|MSFT|NFLX|NVDA|PANW|PEP|PLTR|QCOM|SBUX|TMUS|TSLA|TXN,"APPLE INC.|ADOBE INC.|AUTOMATIC DATA PROCS|APPLIED MATERIALS|ADV MICRO DEVICES|AMGEN|AMAZON.COM INC|BROADCOM INC.|BOOKING HOLDINGS INC|COMCAST CORP A|COSTCO WHOLESALE|CISCO SYSTEMS INC.|GILEAD SCIENCES, INC|ALPHABET CL C CAP|ALPHABET CL A CMN|HONEYWELL INTL INC|INTUIT INC|INTUITIVE SURG, INC.|LINDE PLC|META PLATFORMS, INC.|MICROSOFT CORP|NETFLIX, INC.|NVIDIA CORPORATION|PALO ALTO NTWKS CM|PEPSICO INC|PALANTIR TECH CL A|QUALCOMM INC|STARBUCKS CORP|T-MOBILE US CMN|TESLA, INC.|TEXAS INSTRUMENTS"
2025-04-16,31,AAPL|ADBE|ADP|AMAT|AMD|AMGN|AMZN|AVGO|BKNG|CMCSA|COST|CSCO|GILD|GOOG|GOOGL|HON|INTU|ISRG|LIN|META|MSFT|NFLX|NVDA|PANW|PEP|PLTR|QCOM|SBUX|TMUS|TSLA|TXN,"APPLE INC.|ADOBE INC.|AUTOMATIC DATA PROCS|APPLIED MATERIALS|ADV MICRO DEVICES|AMGEN|AMAZON.COM INC|BROADCOM INC.|BOOKING HOLDINGS INC|COMCAST CORP A|COSTCO WHOLESALE|CISCO SYSTEMS INC.|GILEAD SCIENCES, INC|ALPHABET CL C CAP|ALPHABET CL A CMN|HONEYWELL INTL INC|INTUIT INC|INTUITIVE SURG, INC.|LINDE PLC|META PLATFORMS, INC.|MICROSOFT CORP|NETFLIX, INC.|NVIDIA CORPORATION|PALO ALTO NTWKS CM|PEPSICO INC|PALANTIR TECH CL A|QUALCOMM INC|STARBUCKS CORP|T-MOBILE US CMN|TESLA, INC.|TEXAS INSTRUMENTS"
2025-04-17,31,AAPL|ADBE|ADP|AMAT|AMD|AMGN|AMZN|AVGO|BKNG|CMCSA|COST|CSCO|GILD|GOOG|GOOGL|HON|INTU|ISRG|LIN|META|MSFT|NFLX|NVDA|PANW|PEP|PLTR|QCOM|SBUX|TMUS|TSLA|TXN,"APPLE INC.|ADOBE INC.|AUTOMATIC DATA PROCS|APPLIED MATERIALS|ADV MICRO DEVICES|AMGEN|AMAZON.COM INC|BROADCOM INC.|BOOKING HOLDINGS INC|COMCAST CORP A|COSTCO WHOLESALE|CISCO SYSTEMS INC.|GILEAD SCIENCES, INC|ALPHABET CL C CAP|ALPHABET CL A CMN|HONEYWELL INTL INC|INTUIT INC|INTUITIVE SURG, INC.|LINDE PLC|META PLATFORMS, INC.|MICROSOFT CORP|NETFLIX, INC.|NVIDIA CORPORATION|PALO ALTO NTWKS CM|PEPSICO INC|PALANTIR TECH CL A|QUALCOMM INC|STARBUCKS CORP|T-MOBILE US CMN|TESLA, INC.|TEXAS INSTRUMENTS"
2025-04-21,31,AAPL|ADBE|ADP|AMAT|AMD|AMGN|AMZN|AVGO|BKNG|CMCSA|COST|CSCO|GILD|GOOG|GOOGL|HON|INTU|ISRG|LIN|META|MSFT|NFLX|NVDA|PANW|PEP|PLTR|QCOM|SBUX|TMUS|TSLA|TXN,"APPLE INC.|ADOBE INC.|AUTOMATIC DATA PROCS|APPLIED MATERIALS|ADV MICRO DEVICES|AMGEN|AMAZON.COM INC|BROADCOM INC.|BOOKING HOLDINGS INC|COMCAST CORP A|COSTCO WHOLESALE|CISCO SYSTEMS INC.|GILEAD SCIENCES, INC|ALPHABET CL C CAP|ALPHABET CL A CMN|HONEYWELL INTL INC|INTUIT INC|INTUITIVE SURG, INC.|LINDE PLC|META PLATFORMS, INC.|MICROSOFT CORP|NETFLIX, INC.|NVIDIA CORPORATION|PALO ALTO NTWKS CM|PEPSICO INC|PALANTIR TECH CL A|QUALCOMM INC|STARBUCKS CORP|T-MOBILE US CMN|TESLA, INC.|TEXAS INSTRUMENTS"
2025-04-22,31,AAPL|ADBE|ADP|AMAT|AMD|AMGN|AMZN|AVGO|BKNG|CMCSA|COST|CSCO|GILD|GOOG|GOOGL|HON|INTU|ISRG|LIN|META|MSFT|NFLX|NVDA|PANW|PEP|PLTR|QCOM|SBUX|TMUS|TSLA|TXN,"APPLE INC.|ADOBE INC.|AUTOMATIC DATA PROCS|APPLIED MATERIALS|ADV MICRO DEVICES|AMGEN|AMAZON.COM INC|BROADCOM INC.|BOOKING HOLDINGS INC|COMCAST CORP A|COSTCO WHOLESALE|CISCO SYSTEMS INC.|GILEAD SCIENCES, INC|ALPHABET CL C CAP|ALPHABET CL A CMN|HONEYWELL INTL INC|INTUIT INC|INTUITIVE SURG, INC.|LINDE PLC|META PLATFORMS, INC.|MICROSOFT CORP|NETFLIX, INC.|NVIDIA CORPORATION|PALO ALTO NTWKS CM|PEPSICO INC|PALANTIR TECH CL A|QUALCOMM INC|STARBUCKS CORP|T-MOBILE US CMN|TESLA, INC.|TEXAS INSTRUMENTS"
2025-04-23,31,AAPL|ADBE|ADP|AMAT|AMD|AMGN|AMZN|AVGO|BKNG|CMCSA|COST|CSCO|GILD|GOOG|GOOGL|HON|INTU|ISRG|LIN|META|MSFT|NFLX|NVDA|PANW|PEP|PLTR|QCOM|SBUX|TMUS|TSLA|TXN,"APPLE INC.|ADOBE INC.|AUTOMATIC DATA PROCS|APPLIED MATERIALS|ADV MICRO DEVICES|AMGEN|AMAZON.COM INC|BROADCOM INC.|BOOKING HOLDINGS INC|COMCAST CORP A|COSTCO WHOLESALE|CISCO SYSTEMS INC.|GILEAD SCIENCES, INC|ALPHABET CL C CAP|ALPHABET CL A CMN|HONEYWELL INTL INC|INTUIT INC|INTUITIVE SURG, INC.|LINDE PLC|META PLATFORMS, INC.|MICROSOFT CORP|NETFLIX, INC.|NVIDIA CORPORATION|PALO ALTO NTWKS CM|PEPSICO INC|PALANTIR TECH CL A|QUALCOMM INC|STARBUCKS CORP|T-MOBILE US CMN|TESLA, INC.|TEXAS INSTRUMENTS"
2025-04-24,31,AAPL|ADBE|ADP|AMAT|AMD|AMGN|AMZN|AVGO|BKNG|CMCSA|COST|CSCO|GILD|GOOG|GOOGL|HON|INTU|ISRG|LIN|META|MSFT|NFLX|NVDA|PANW|PEP|PLTR|QCOM|SBUX|TMUS|TSLA|TXN,"APPLE INC.|ADOBE INC.|AUTOMATIC DATA PROCS|APPLIED MATERIALS|ADV MICRO DEVICES|AMGEN|AMAZON.COM INC|BROADCOM INC.|BOOKING HOLDINGS INC|COMCAST CORP A|COSTCO WHOLESALE|CISCO SYSTEMS INC.|GILEAD SCIENCES, INC|ALPHABET CL C CAP|ALPHABET CL A CMN|HONEYWELL INTL INC|INTUIT INC|INTUITIVE SURG, INC.|LINDE PLC|META PLATFORMS, INC.|MICROSOFT CORP|NETFLIX, INC.|NVIDIA CORPORATION|PALO ALTO NTWKS CM|PEPSICO INC|PALANTIR TECH CL A|QUALCOMM INC|STARBUCKS CORP|T-MOBILE US CMN|TESLA, INC.|TEXAS INSTRUMENTS"
2025-04-25,31,AAPL|ADBE|ADP|AMAT|AMD|AMGN|AMZN|AVGO|BKNG|CMCSA|COST|CSCO|GILD|GOOG|GOOGL|HON|INTU|ISRG|LIN|META|MSFT|NFLX|NVDA|PANW|PEP|PLTR|QCOM|SBUX|TMUS|TSLA|TXN,"APPLE INC.|ADOBE INC.|AUTOMATIC DATA PROCS|APPLIED MATERIALS|ADV MICRO DEVICES|AMGEN|AMAZON.COM INC|BROADCOM INC.|BOOKING HOLDINGS INC|COMCAST CORP A|COSTCO WHOLESALE|CISCO SYSTEMS INC.|GILEAD SCIENCES, INC|ALPHABET CL C CAP|ALPHABET CL A CMN|HONEYWELL INTL INC|INTUIT INC|INTUITIVE SURG, INC.|LINDE PLC|META PLATFORMS, INC.|MICROSOFT CORP|NETFLIX, INC.|NVIDIA CORPORATION|PALO ALTO NTWKS CM|PEPSICO INC|PALANTIR TECH CL A|QUALCOMM INC|STARBUCKS CORP|T-MOBILE US CMN|TESLA, INC.|TEXAS INSTRUMENTS"
2025-04-28,31,AAPL|ADBE|ADP|AMAT|AMD|AMGN|AMZN|AVGO|BKNG|CMCSA|COST|CSCO|GILD|GOOG|GOOGL|HON|INTU|ISRG|LIN|META|MSFT|NFLX|NVDA|PANW|PEP|PLTR|QCOM|SBUX|TMUS|TSLA|TXN,"APPLE INC.|ADOBE INC.|AUTOMATIC DATA PROCS|APPLIED MATERIALS|ADV MICRO DEVICES|AMGEN|AMAZON.COM INC|BROADCOM INC.|BOOKING HOLDINGS INC|COMCAST CORP A|COSTCO WHOLESALE|CISCO SYSTEMS INC.|GILEAD SCIENCES, INC|ALPHABET CL C CAP|ALPHABET CL A CMN|HONEYWELL INTL INC|INTUIT INC|INTUITIVE SURG, INC.|LINDE PLC|META PLATFORMS, INC.|MICROSOFT CORP|NETFLIX, INC.|NVIDIA CORPORATION|PALO ALTO NTWKS CM|PEPSICO INC|PALANTIR TECH CL A|QUALCOMM INC|STARBUCKS CORP|T-MOBILE US CMN|TESLA, INC.|TEXAS INSTRUMENTS"
2025-04-29,31,AAPL|ADBE|ADP|AMAT|AMD|AMGN|AMZN|AVGO|BKNG|CMCSA|COST|CSCO|GILD|GOOG|GOOGL|HON|INTU|ISRG|LIN|META|MSFT|NFLX|NVDA|PANW|PEP|PLTR|QCOM|SBUX|TMUS|TSLA|TXN,"APPLE INC.|ADOBE INC.|AUTOMATIC DATA PROCS|APPLIED MATERIALS|ADV MICRO DEVICES|AMGEN|AMAZON.COM INC|BROADCOM INC.|BOOKING HOLDINGS INC|COMCAST CORP A|COSTCO WHOLESALE|CISCO SYSTEMS INC.|GILEAD SCIENCES, INC|ALPHABET CL C CAP|ALPHABET CL A CMN|HONEYWELL INTL INC|INTUIT INC|INTUITIVE SURG, INC.|LINDE PLC|META PLATFORMS, INC.|MICROSOFT CORP|NETFLIX, INC.|NVIDIA CORPORATION|PALO ALTO NTWKS CM|PEPSICO INC|PALANTIR TECH CL A|QUALCOMM INC|STARBUCKS CORP|T-MOBILE US CMN|TESLA, INC.|TEXAS INSTRUMENTS"
2025-04-30,31,AAPL|ADBE|ADP|AMAT|AMD|AMGN|AMZN|AVGO|BKNG|CMCSA|COST|CSCO|GILD|GOOG|GOOGL|HON|INTU|ISRG|LIN|META|MSFT|NFLX|NVDA|PANW|PEP|PLTR|QCOM|SBUX|TMUS|TSLA|TXN,"APPLE INC.|ADOBE INC.|AUTOMATIC DATA PROCS|APPLIED MATERIALS|ADV MICRO DEVICES|AMGEN|AMAZON.COM INC|BROADCOM INC.|BOOKING HOLDINGS INC|COMCAST CORP A|COSTCO WHOLESALE|CISCO SYSTEMS INC.|GILEAD SCIENCES, INC|ALPHABET CL C CAP|ALPHABET CL A CMN|HONEYWELL INTL INC|INTUIT INC|INTUITIVE SURG, INC.|LINDE PLC|META PLATFORMS, INC.|MICROSOFT CORP|NETFLIX, INC.|NVIDIA CORPORATION|PALO ALTO NTWKS CM|PEPSICO INC|PALANTIR TECH CL A|QUALCOMM INC|STARBUCKS CORP|T-MOBILE US CMN|TESLA, INC.|TEXAS INSTRUMENTS"
2025-05-01,31,AAPL|ADBE|ADP|AMAT|AMD|AMGN|AMZN|AVGO|BKNG|CMCSA|COST|CSCO|GILD|GOOG|GOOGL|HON|INTU|ISRG|LIN|META|MSFT|NFLX|NVDA|PANW|PEP|PLTR|QCOM|SBUX|TMUS|TSLA|TXN,"APPLE INC.|ADOBE INC.|AUTOMATIC DATA PROCS|APPLIED MATERIALS|ADV MICRO DEVICES|AMGEN|AMAZON.COM INC|BROADCOM INC.|BOOKING HOLDINGS INC|COMCAST CORP A|COSTCO WHOLESALE|CISCO SYSTEMS INC.|GILEAD SCIENCES, INC|ALPHABET CL C CAP|ALPHABET CL A CMN|HONEYWELL INTL INC|INTUIT INC|INTUITIVE SURG, INC.|LINDE PLC|META PLATFORMS, INC.|MICROSOFT CORP|NETFLIX, INC.|NVIDIA CORPORATION|PALO ALTO NTWKS CM|PEPSICO INC|PALANTIR TECH CL A|QUALCOMM INC|STARBUCKS CORP|T-MOBILE US CMN|TESLA, INC.|TEXAS INSTRUMENTS"
2025-05-02,31,AAPL|ADBE|ADP|AMAT|AMD|AMGN|AMZN|AVGO|BKNG|CMCSA|COST|CSCO|GILD|GOOG|GOOGL|HON|INTU|ISRG|LIN|META|MSFT|NFLX|NVDA|PANW|PEP|PLTR|QCOM|SBUX|TMUS|TSLA|TXN,"APPLE INC.|ADOBE INC.|AUTOMATIC DATA PROCS|APPLIED MATERIALS|ADV MICRO DEVICES|AMGEN|AMAZON.COM INC|BROADCOM INC.|BOOKING HOLDINGS INC|COMCAST CORP A|COSTCO WHOLESALE|CISCO SYSTEMS INC.|GILEAD SCIENCES, INC|ALPHABET CL C CAP|ALPHABET CL A CMN|HONEYWELL INTL INC|INTUIT INC|INTUITIVE SURG, INC.|LINDE PLC|META PLATFORMS, INC.|MICROSOFT CORP|NETFLIX, INC.|NVIDIA CORPORATION|PALO ALTO NTWKS CM|PEPSICO INC|PALANTIR TECH CL A|QUALCOMM INC|STARBUCKS CORP|T-MOBILE US CMN|TESLA, INC.|TEXAS INSTRUMENTS"
2025-05-05,31,AAPL|ADBE|ADP|AMAT|AMD|AMGN|AMZN|AVGO|BKNG|CMCSA|COST|CSCO|GILD|GOOG|GOOGL|HON|INTU|ISRG|LIN|META|MSFT|NFLX|NVDA|PANW|PEP|PLTR|QCOM|SBUX|TMUS|TSLA|TXN,"APPLE INC.|ADOBE INC.|AUTOMATIC DATA PROCS|APPLIED MATERIALS|ADV MICRO DEVICES|AMGEN|AMAZON.COM INC|BROADCOM INC.|BOOKING HOLDINGS INC|COMCAST CORP A|COSTCO WHOLESALE|CISCO SYSTEMS INC.|GILEAD SCIENCES, INC|ALPHABET CL C CAP|ALPHABET CL A CMN|HONEYWELL INTL INC|INTUIT INC|INTUITIVE SURG, INC.|LINDE PLC|META PLATFORMS, INC.|MICROSOFT CORP|NETFLIX, INC.|NVIDIA CORPORATION|PALO ALTO NTWKS CM|PEPSICO INC|PALANTIR TECH CL A|QUALCOMM INC|STARBUCKS CORP|T-MOBILE US CMN|TESLA, INC.|TEXAS INSTRUMENTS"
2025-05-06,31,AAPL|ADBE|ADP|AMAT|AMD|AMGN|AMZN|AVGO|BKNG|CMCSA|COST|CSCO|GILD|GOOG|GOOGL|HON|INTU|ISRG|LIN|META|MSFT|NFLX|NVDA|PANW|PEP|PLTR|QCOM|SBUX|TMUS|TSLA|TXN,"APPLE INC.|ADOBE INC.|AUTOMATIC DATA PROCS|APPLIED MATERIALS|ADV MICRO DEVICES|AMGEN|AMAZON.COM INC|BROADCOM INC.|BOOKING HOLDINGS INC|COMCAST CORP A|COSTCO WHOLESALE|CISCO SYSTEMS INC.|GILEAD SCIENCES, INC|ALPHABET CL C CAP|ALPHABET CL A CMN|HONEYWELL INTL INC|INTUIT INC|INTUITIVE SURG, INC.|LINDE PLC|META PLATFORMS, INC.|MICROSOFT CORP|NETFLIX, INC.|NVIDIA CORPORATION|PALO ALTO NTWKS CM|PEPSICO INC|PALANTIR TECH CL A|QUALCOMM INC|STARBUCKS CORP|T-MOBILE US CMN|TESLA, INC.|TEXAS INSTRUMENTS"
2025-05-07,31,AAPL|ADBE|ADP|AMAT|AMD|AMGN|AMZN|AVGO|BKNG|CMCSA|COST|CSCO|GILD|GOOG|GOOGL|HON|INTU|ISRG|LIN|META|MSFT|NFLX|NVDA|PANW|PEP|PLTR|QCOM|SBUX|TMUS|TSLA|TXN,"APPLE INC.|ADOBE INC.|AUTOMATIC DATA PROCS|APPLIED MATERIALS|ADV MICRO DEVICES|AMGEN|AMAZON.COM INC|BROADCOM INC.|BOOKING HOLDINGS INC|COMCAST CORP A|COSTCO WHOLESALE|CISCO SYSTEMS INC.|GILEAD SCIENCES, INC|ALPHABET CL C CAP|ALPHABET CL A CMN|HONEYWELL INTL INC|INTUIT INC|INTUITIVE SURG, INC.|LINDE PLC|META PLATFORMS, INC.|MICROSOFT CORP|NETFLIX, INC.|NVIDIA CORPORATION|PALO ALTO NTWKS CM|PEPSICO INC|PALANTIR TECH CL A|QUALCOMM INC|STARBUCKS CORP|T-MOBILE US CMN|TESLA, INC.|TEXAS INSTRUMENTS"
2025-05-08,31,AAPL|ADBE|ADP|AMAT|AMD|AMGN|AMZN|AVGO|BKNG|CMCSA|COST|CSCO|GILD|GOOG|GOOGL|HON|INTU|ISRG|LIN|META|MSFT|NFLX|NVDA|PANW|PEP|PLTR|QCOM|SBUX|TMUS|TSLA|TXN,"APPLE INC.|ADOBE INC.|AUTOMATIC DATA PROCS|APPLIED MATERIALS|ADV MICRO DEVICES|AMGEN|AMAZON.COM INC|BROADCOM INC.|BOOKING HOLDINGS INC|COMCAST CORP A|COSTCO WHOLESALE|CISCO SYSTEMS INC.|GILEAD SCIENCES, INC|ALPHABET CL C CAP|ALPHABET CL A CMN|HONEYWELL INTL INC|INTUIT INC|INTUITIVE SURG, INC.|LINDE PLC|META PLATFORMS, INC.|MICROSOFT CORP|NETFLIX, INC.|NVIDIA CORPORATION|PALO ALTO NTWKS CM|PEPSICO INC|PALANTIR TECH CL A|QUALCOMM INC|STARBUCKS CORP|T-MOBILE US CMN|TESLA, INC.|TEXAS INSTRUMENTS"
2025-05-09,31,AAPL|ADBE|ADP|AMAT|AMD|AMGN|AMZN|AVGO|BKNG|CMCSA|COST|CSCO|GILD|GOOG|GOOGL|HON|INTU|ISRG|LIN|META|MSFT|NFLX|NVDA|PANW|PEP|PLTR|QCOM|SBUX|TMUS|TSLA|TXN,"APPLE INC.|ADOBE INC.|AUTOMATIC DATA PROCS|APPLIED MATERIALS|ADV MICRO DEVICES|AMGEN|AMAZON.COM INC|BROADCOM INC.|BOOKING HOLDINGS INC|COMCAST CORP A|COSTCO WHOLESALE|CISCO SYSTEMS INC.|GILEAD SCIENCES, INC|ALPHABET CL C CAP|ALPHABET CL A CMN|HONEYWELL INTL INC|INTUIT INC|INTUITIVE SURG, INC.|LINDE PLC|META PLATFORMS, INC.|MICROSOFT CORP|NETFLIX, INC.|NVIDIA CORPORATION|PALO ALTO NTWKS CM|PEPSICO INC|PALANTIR TECH CL A|QUALCOMM INC|STARBUCKS CORP|T-MOBILE US CMN|TESLA, INC.|TEXAS INSTRUMENTS"
2025-05-12,31,AAPL|ADBE|ADP|AMAT|AMD|AMGN|AMZN|AVGO|BKNG|CMCSA|COST|CSCO|GILD|GOOG|GOOGL|HON|INTU|ISRG|LIN|META|MSFT|NFLX|NVDA|PANW|PEP|PLTR|QCOM|SBUX|TMUS|TSLA|TXN,"APPLE INC.|ADOBE INC.|AUTOMATIC DATA PROCS|APPLIED MATERIALS|ADV MICRO DEVICES|AMGEN|AMAZON.COM INC|BROADCOM INC.|BOOKING HOLDINGS INC|COMCAST CORP A|COSTCO WHOLESALE|CISCO SYSTEMS INC.|GILEAD SCIENCES, INC|ALPHABET CL C CAP|ALPHABET CL A CMN|HONEYWELL INTL INC|INTUIT INC|INTUITIVE SURG, INC.|LINDE PLC|META PLATFORMS, INC.|MICROSOFT CORP|NETFLIX, INC.|NVIDIA CORPORATION|PALO ALTO NTWKS CM|PEPSICO INC|PALANTIR TECH CL A|QUALCOMM INC|STARBUCKS CORP|T-MOBILE US CMN|TESLA, INC.|TEXAS INSTRUMENTS"
2025-05-13,31,AAPL|ADBE|ADP|AMAT|AMD|AMGN|AMZN|AVGO|BKNG|CMCSA|COST|CSCO|GILD|GOOG|GOOGL|HON|INTU|ISRG|LIN|META|MSFT|NFLX|NVDA|PANW|PEP|PLTR|QCOM|SBUX|TMUS|TSLA|TXN,"APPLE INC.|ADOBE INC.|AUTOMATIC DATA PROCS|APPLIED MATERIALS|ADV MICRO DEVICES|AMGEN|AMAZON.COM INC|BROADCOM INC.|BOOKING HOLDINGS INC|COMCAST CORP A|COSTCO WHOLESALE|CISCO SYSTEMS INC.|GILEAD SCIENCES, INC|ALPHABET CL C CAP|ALPHABET CL A CMN|HONEYWELL INTL INC|INTUIT INC|INTUITIVE SURG, INC.|LINDE PLC|META PLATFORMS, INC.|MICROSOFT CORP|NETFLIX, INC.|NVIDIA CORPORATION|PALO ALTO NTWKS CM|PEPSICO INC|PALANTIR TECH CL A|QUALCOMM INC|STARBUCKS CORP|T-MOBILE US CMN|TESLA, INC.|TEXAS INSTRUMENTS"
2025-05-14,31,AAPL|ADBE|ADP|AMAT|AMD|AMGN|AMZN|AVGO|BKNG|CMCSA|COST|CSCO|GILD|GOOG|GOOGL|HON|INTU|ISRG|LIN|META|MSFT|NFLX|NVDA|PANW|PEP|PLTR|QCOM|SBUX|TMUS|TSLA|TXN,"APPLE INC.|ADOBE INC.|AUTOMATIC DATA PROCS|APPLIED MATERIALS|ADV MICRO DEVICES|AMGEN|AMAZON.COM INC|BROADCOM INC.|BOOKING HOLDINGS INC|COMCAST CORP A|COSTCO WHOLESALE|CISCO SYSTEMS INC.|GILEAD SCIENCES, INC|ALPHABET CL C CAP|ALPHABET CL A CMN|HONEYWELL INTL INC|INTUIT INC|INTUITIVE SURG, INC.|LINDE PLC|META PLATFORMS, INC.|MICROSOFT CORP|NETFLIX, INC.|NVIDIA CORPORATION|PALO ALTO NTWKS CM|PEPSICO INC|PALANTIR TECH CL A|QUALCOMM INC|STARBUCKS CORP|T-MOBILE US CMN|TESLA, INC.|TEXAS INSTRUMENTS"
2025-05-15,31,AAPL|ADBE|ADP|AMAT|AMD|AMGN|AMZN|AVGO|BKNG|CMCSA|COST|CSCO|GILD|GOOG|GOOGL|HON|INTU|ISRG|LIN|META|MSFT|NFLX|NVDA|PANW|PEP|PLTR|QCOM|SBUX|TMUS|TSLA|TXN,"APPLE INC.|ADOBE INC.|AUTOMATIC DATA PROCS|APPLIED MATERIALS|ADV MICRO DEVICES|AMGEN|AMAZON.COM INC|BROADCOM INC.|BOOKING HOLDINGS INC|COMCAST CORP A|COSTCO WHOLESALE|CISCO SYSTEMS INC.|GILEAD SCIENCES, INC|ALPHABET CL C CAP|ALPHABET CL A CMN|HONEYWELL INTL INC|INTUIT INC|INTUITIVE SURG, INC.|LINDE PLC|META PLATFORMS, INC.|MICROSOFT CORP|NETFLIX, INC.|NVIDIA CORPORATION|PALO ALTO NTWKS CM|PEPSICO INC|PALANTIR TECH CL A|QUALCOMM INC|STARBUCKS CORP|T-MOBILE US CMN|TESLA, INC.|TEXAS INSTRUMENTS"
2025-05-16,31,AAPL|ADBE|ADP|AMAT|AMD|AMGN|AMZN|AVGO|BKNG|CMCSA|COST|CSCO|GILD|GOOG|GOOGL|HON|INTU|ISRG|LIN|META|MSFT|NFLX|NVDA|PANW|PEP|PLTR|QCOM|SBUX|TMUS|TSLA|TXN,"APPLE INC.|ADOBE INC.|AUTOMATIC DATA PROCS|APPLIED MATERIALS|ADV MICRO DEVICES|AMGEN|AMAZON.COM INC|BROADCOM INC.|BOOKING HOLDINGS INC|COMCAST CORP A|COSTCO WHOLESALE|CISCO SYSTEMS INC.|GILEAD SCIENCES, INC|ALPHABET CL C CAP|ALPHABET CL A CMN|HONEYWELL INTL INC|INTUIT INC|INTUITIVE SURG, INC.|LINDE PLC|META PLATFORMS, INC.|MICROSOFT CORP|NETFLIX, INC.|NVIDIA CORPORATION|PALO ALTO NTWKS CM|PEPSICO INC|PALANTIR TECH CL A|QUALCOMM INC|STARBUCKS CORP|T-MOBILE US CMN|TESLA, INC.|TEXAS INSTRUMENTS"
2025-05-19,31,AAPL|ADBE|ADP|AMAT|AMD|AMGN|AMZN|AVGO|BKNG|CMCSA|COST|CSCO|GILD|GOOG|GOOGL|HON|INTU|ISRG|LIN|META|MSFT|NFLX|NVDA|PANW|PEP|PLTR|QCOM|SBUX|TMUS|TSLA|TXN,"APPLE INC.|ADOBE INC.|AUTOMATIC DATA PROCS|APPLIED MATERIALS|ADV MICRO DEVICES|AMGEN|AMAZON.COM INC|BROADCOM INC.|BOOKING HOLDINGS INC|COMCAST CORP A|COSTCO WHOLESALE|CISCO SYSTEMS INC.|GILEAD SCIENCES, INC|ALPHABET CL C CAP|ALPHABET CL A CMN|HONEYWELL INTL INC|INTUIT INC|INTUITIVE SURG, INC.|LINDE PLC|META PLATFORMS, INC.|MICROSOFT CORP|NETFLIX, INC.|NVIDIA CORPORATION|PALO ALTO NTWKS CM|PEPSICO INC|PALANTIR TECH CL A|QUALCOMM INC|STARBUCKS CORP|T-MOBILE US CMN|TESLA, INC.|TEXAS INSTRUMENTS"
2025-05-20,31,AAPL|ADBE|ADP|AMAT|AMD|AMGN|AMZN|AVGO|BKNG|CMCSA|COST|CSCO|GILD|GOOG|GOOGL|HON|INTU|ISRG|LIN|META|MSFT|NFLX|NVDA|PANW|PEP|PLTR|QCOM|SBUX|TMUS|TSLA|TXN,"APPLE INC.|ADOBE INC.|AUTOMATIC DATA PROCS|APPLIED MATERIALS|ADV MICRO DEVICES|AMGEN|AMAZON.COM INC|BROADCOM INC.|BOOKING HOLDINGS INC|COMCAST CORP A|COSTCO WHOLESALE|CISCO SYSTEMS INC.|GILEAD SCIENCES, INC|ALPHABET CL C CAP|ALPHABET CL A CMN|HONEYWELL INTL INC|INTUIT INC|INTUITIVE SURG, INC.|LINDE PLC|META PLATFORMS, INC.|MICROSOFT CORP|NETFLIX, INC.|NVIDIA CORPORATION|PALO ALTO NTWKS CM|PEPSICO INC|PALANTIR TECH CL A|QUALCOMM INC|STARBUCKS CORP|T-MOBILE US CMN|TESLA, INC.|TEXAS INSTRUMENTS"
2025-05-21,31,AAPL|ADBE|ADP|AMAT|AMD|AMGN|AMZN|AVGO|BKNG|CMCSA|COST|CSCO|GILD|GOOG|GOOGL|HON|INTU|ISRG|LIN|META|MSFT|NFLX|NVDA|PANW|PEP|PLTR|QCOM|SBUX|TMUS|TSLA|TXN,"APPLE INC.|ADOBE INC.|AUTOMATIC DATA PROCS|APPLIED MATERIALS|ADV MICRO DEVICES|AMGEN|AMAZON.COM INC|BROADCOM INC.|BOOKING HOLDINGS INC|COMCAST CORP A|COSTCO WHOLESALE|CISCO SYSTEMS INC.|GILEAD SCIENCES, INC|ALPHABET CL C CAP|ALPHABET CL A CMN|HONEYWELL INTL INC|INTUIT INC|INTUITIVE SURG, INC.|LINDE PLC|META PLATFORMS, INC.|MICROSOFT CORP|NETFLIX, INC.|NVIDIA CORPORATION|PALO ALTO NTWKS CM|PEPSICO INC|PALANTIR TECH CL A|QUALCOMM INC|STARBUCKS CORP|T-MOBILE US CMN|TESLA, INC.|TEXAS INSTRUMENTS"
2025-05-22,31,AAPL|ADBE|ADP|AMAT|AMD|AMGN|AMZN|AVGO|BKNG|CMCSA|COST|CSCO|GILD|GOOG|GOOGL|HON|INTU|ISRG|LIN|META|MSFT|NFLX|NVDA|PANW|PEP|PLTR|QCOM|SBUX|TMUS|TSLA|TXN,"APPLE INC.|ADOBE INC.|AUTOMATIC DATA PROCS|APPLIED MATERIALS|ADV MICRO DEVICES|AMGEN|AMAZON.COM INC|BROADCOM INC.|BOOKING HOLDINGS INC|COMCAST CORP A|COSTCO WHOLESALE|CISCO SYSTEMS INC.|GILEAD SCIENCES, INC|ALPHABET CL C CAP|ALPHABET CL A CMN|HONEYWELL INTL INC|INTUIT INC|INTUITIVE SURG, INC.|LINDE PLC|META PLATFORMS, INC.|MICROSOFT CORP|NETFLIX, INC.|NVIDIA CORPORATION|PALO ALTO NTWKS CM|PEPSICO INC|PALANTIR TECH CL A|QUALCOMM INC|STARBUCKS CORP|T-MOBILE US CMN|TESLA, INC.|TEXAS INSTRUMENTS"
2025-05-23,31,AAPL|ADBE|ADP|AMAT|AMD|AMGN|AMZN|AVGO|BKNG|CMCSA|COST|CSCO|GILD|GOOG|GOOGL|HON|INTU|ISRG|LIN|META|MSFT|NFLX|NVDA|PANW|PEP|PLTR|QCOM|SBUX|TMUS|TSLA|TXN,"APPLE INC.|ADOBE INC.|AUTOMATIC DATA PROCS|APPLIED MATERIALS|ADV MICRO DEVICES|AMGEN|AMAZON.COM INC|BROADCOM INC.|BOOKING HOLDINGS INC|COMCAST CORP A|COSTCO WHOLESALE|CISCO SYSTEMS INC.|GILEAD SCIENCES, INC|ALPHABET CL C CAP|ALPHABET CL A CMN|HONEYWELL INTL INC|INTUIT INC|INTUITIVE SURG, INC.|LINDE PLC|META PLATFORMS, INC.|MICROSOFT CORP|NETFLIX, INC.|NVIDIA CORPORATION|PALO ALTO NTWKS CM|PEPSICO INC|PALANTIR TECH CL A|QUALCOMM INC|STARBUCKS CORP|T-MOBILE US CMN|TESLA, INC.|TEXAS INSTRUMENTS"
2025-05-27,31,AAPL|ADBE|ADP|AMAT|AMD|AMGN|AMZN|AVGO|BKNG|CMCSA|COST|CSCO|GILD|GOOG|GOOGL|HON|INTU|ISRG|LIN|META|MSFT|NFLX|NVDA|PANW|PEP|PLTR|QCOM|SBUX|TMUS|TSLA|TXN,"APPLE INC.|ADOBE INC.|AUTOMATIC DATA PROCS|APPLIED MATERIALS|ADV MICRO DEVICES|AMGEN|AMAZON.COM INC|BROADCOM INC.|BOOKING HOLDINGS INC|COMCAST CORP A|COSTCO WHOLESALE|CISCO SYSTEMS INC.|GILEAD SCIENCES, INC|ALPHABET CL C CAP|ALPHABET CL A CMN|HONEYWELL INTL INC|INTUIT INC|INTUITIVE SURG, INC.|LINDE PLC|META PLATFORMS, INC.|MICROSOFT CORP|NETFLIX, INC.|NVIDIA CORPORATION|PALO ALTO NTWKS CM|PEPSICO INC|PALANTIR TECH CL A|QUALCOMM INC|STARBUCKS CORP|T-MOBILE US CMN|TESLA, INC.|TEXAS INSTRUMENTS"
2025-05-28,31,AAPL|ADBE|ADP|AMAT|AMD|AMGN|AMZN|AVGO|BKNG|CMCSA|COST|CSCO|GILD|GOOG|GOOGL|HON|INTU|ISRG|LIN|META|MSFT|NFLX|NVDA|PANW|PEP|PLTR|QCOM|SBUX|TMUS|TSLA|TXN,"APPLE INC.|ADOBE INC.|AUTOMATIC DATA PROCS|APPLIED MATERIALS|ADV MICRO DEVICES|AMGEN|AMAZON.COM INC|BROADCOM INC.|BOOKING HOLDINGS INC|COMCAST CORP A|COSTCO WHOLESALE|CISCO SYSTEMS INC.|GILEAD SCIENCES, INC|ALPHABET CL C CAP|ALPHABET CL A CMN|HONEYWELL INTL INC|INTUIT INC|INTUITIVE SURG, INC.|LINDE PLC|META PLATFORMS, INC.|MICROSOFT CORP|NETFLIX, INC.|NVIDIA CORPORATION|PALO ALTO NTWKS CM|PEPSICO INC|PALANTIR TECH CL A|QUALCOMM INC|STARBUCKS CORP|T-MOBILE US CMN|TESLA, INC.|TEXAS INSTRUMENTS"
2025-05-29,31,AAPL|ADBE|ADP|AMAT|AMD|AMGN|AMZN|AVGO|BKNG|CMCSA|COST|CSCO|GILD|GOOG|GOOGL|HON|INTU|ISRG|LIN|META|MSFT|NFLX|NVDA|PANW|PEP|PLTR|QCOM|SBUX|TMUS|TSLA|TXN,"APPLE INC.|ADOBE INC.|AUTOMATIC DATA PROCS|APPLIED MATERIALS|ADV MICRO DEVICES|AMGEN|AMAZON.COM INC|BROADCOM INC.|BOOKING HOLDINGS INC|COMCAST CORP A|COSTCO WHOLESALE|CISCO SYSTEMS INC.|GILEAD SCIENCES, INC|ALPHABET CL C CAP|ALPHABET CL A CMN|HONEYWELL INTL INC|INTUIT INC|INTUITIVE SURG, INC.|LINDE PLC|META PLATFORMS, INC.|MICROSOFT CORP|NETFLIX, INC.|NVIDIA CORPORATION|PALO ALTO NTWKS CM|PEPSICO INC|PALANTIR TECH CL A|QUALCOMM INC|STARBUCKS CORP|T-MOBILE US CMN|TESLA, INC.|TEXAS INSTRUMENTS"
2025-05-30,31,AAPL|ADBE|ADP|AMAT|AMD|AMGN|AMZN|AVGO|BKNG|CMCSA|COST|CSCO|GILD|GOOG|GOOGL|HON|INTU|ISRG|LIN|META|MSFT|NFLX|NVDA|PANW|PEP|PLTR|QCOM|SBUX|TMUS|TSLA|TXN,"APPLE INC.|ADOBE INC.|AUTOMATIC DATA PROCS|APPLIED MATERIALS|ADV MICRO DEVICES|AMGEN|AMAZON.COM INC|BROADCOM INC.|BOOKING HOLDINGS INC|COMCAST CORP A|COSTCO WHOLESALE|CISCO SYSTEMS INC.|GILEAD SCIENCES, INC|ALPHABET CL C CAP|ALPHABET CL A CMN|HONEYWELL INTL INC|INTUIT INC|INTUITIVE SURG, INC.|LINDE PLC|META PLATFORMS, INC.|MICROSOFT CORP|NETFLIX, INC.|NVIDIA CORPORATION|PALO ALTO NTWKS CM|PEPSICO INC|PALANTIR TECH CL A|QUALCOMM INC|STARBUCKS CORP|T-MOBILE US CMN|TESLA, INC.|TEXAS INSTRUMENTS"
2025-06-02,31,AAPL|ADBE|ADP|AMAT|AMD|AMGN|AMZN|AVGO|BKNG|CMCSA|COST|CSCO|GILD|GOOG|GOOGL|HON|INTU|ISRG|LIN|META|MSFT|NFLX|NVDA|PANW|PEP|PLTR|QCOM|SBUX|TMUS|TSLA|TXN,"APPLE INC.|ADOBE INC.|AUTOMATIC DATA PROCS|APPLIED MATERIALS|ADV MICRO DEVICES|AMGEN|AMAZON.COM INC|BROADCOM INC.|BOOKING HOLDINGS INC|COMCAST CORP A|COSTCO WHOLESALE|CISCO SYSTEMS INC.|GILEAD SCIENCES, INC|ALPHABET CL C CAP|ALPHABET CL A CMN|HONEYWELL INTL INC|INTUIT INC|INTUITIVE SURG, INC.|LINDE PLC|META PLATFORMS, INC.|MICROSOFT CORP|NETFLIX, INC.|NVIDIA CORPORATION|PALO ALTO NTWKS CM|PEPSICO INC|PALANTIR TECH CL A|QUALCOMM INC|STARBUCKS CORP|T-MOBILE US CMN|TESLA, INC.|TEXAS INSTRUMENTS"
2025-06-03,31,AAPL|ADBE|ADP|AMAT|AMD|AMGN|AMZN|AVGO|BKNG|CMCSA|COST|CSCO|GILD|GOOG|GOOGL|HON|INTU|ISRG|LIN|META|MSFT|NFLX|NVDA|PANW|PEP|PLTR|QCOM|SBUX|TMUS|TSLA|TXN,"APPLE INC.|ADOBE INC.|AUTOMATIC DATA PROCS|APPLIED MATERIALS|ADV MICRO DEVICES|AMGEN|AMAZON.COM INC|BROADCOM INC.|BOOKING HOLDINGS INC|COMCAST CORP A|COSTCO WHOLESALE|CISCO SYSTEMS INC.|GILEAD SCIENCES, INC|ALPHABET CL C CAP|ALPHABET CL A CMN|HONEYWELL INTL INC|INTUIT INC|INTUITIVE SURG, INC.|LINDE PLC|META PLATFORMS, INC.|MICROSOFT CORP|NETFLIX, INC.|NVIDIA CORPORATION|PALO ALTO NTWKS CM|PEPSICO INC|PALANTIR TECH CL A|QUALCOMM INC|STARBUCKS CORP|T-MOBILE US CMN|TESLA, INC.|TEXAS INSTRUMENTS"
2025-06-04,31,AAPL|ADBE|ADP|AMAT|AMD|AMGN|AMZN|AVGO|BKNG|CMCSA|COST|CSCO|GILD|GOOG|GOOGL|HON|INTU|ISRG|LIN|META|MSFT|NFLX|NVDA|PANW|PEP|PLTR|QCOM|SBUX|TMUS|TSLA|TXN,"APPLE INC.|ADOBE INC.|AUTOMATIC DATA PROCS|APPLIED MATERIALS|ADV MICRO DEVICES|AMGEN|AMAZON.COM INC|BROADCOM INC.|BOOKING HOLDINGS INC|COMCAST CORP A|COSTCO WHOLESALE|CISCO SYSTEMS INC.|GILEAD SCIENCES, INC|ALPHABET CL C CAP|ALPHABET CL A CMN|HONEYWELL INTL INC|INTUIT INC|INTUITIVE SURG, INC.|LINDE PLC|META PLATFORMS, INC.|MICROSOFT CORP|NETFLIX, INC.|NVIDIA CORPORATION|PALO ALTO NTWKS CM|PEPSICO INC|PALANTIR TECH CL A|QUALCOMM INC|STARBUCKS CORP|T-MOBILE US CMN|TESLA, INC.|TEXAS INSTRUMENTS"
2025-06-05,31,AAPL|ADBE|ADP|AMAT|AMD|AMGN|AMZN|AVGO|BKNG|CMCSA|COST|CSCO|GILD|GOOG|GOOGL|HON|INTU|ISRG|LIN|META|MSFT|NFLX|NVDA|PANW|PEP|PLTR|QCOM|SBUX|TMUS|TSLA|TXN,"APPLE INC.|ADOBE INC.|AUTOMATIC DATA PROCS|APPLIED MATERIALS|ADV MICRO DEVICES|AMGEN|AMAZON.COM INC|BROADCOM INC.|BOOKING HOLDINGS INC|COMCAST CORP A|COSTCO WHOLESALE|CISCO SYSTEMS INC.|GILEAD SCIENCES, INC|ALPHABET CL C CAP|ALPHABET CL A CMN|HONEYWELL INTL INC|INTUIT INC|INTUITIVE SURG, INC.|LINDE PLC|META PLATFORMS, INC.|MICROSOFT CORP|NETFLIX, INC.|NVIDIA CORPORATION|PALO ALTO NTWKS CM|PEPSICO INC|PALANTIR TECH CL A|QUALCOMM INC|STARBUCKS CORP|T-MOBILE US CMN|TESLA, INC.|TEXAS INSTRUMENTS"
2025-06-06,31,AAPL|ADBE|ADP|AMAT|AMD|AMGN|AMZN|AVGO|BKNG|CMCSA|COST|CSCO|GILD|GOOG|GOOGL|HON|INTU|ISRG|LIN|META|MSFT|NFLX|NVDA|PANW|PEP|PLTR|QCOM|SBUX|TMUS|TSLA|TXN,"APPLE INC.|ADOBE INC.|AUTOMATIC DATA PROCS|APPLIED MATERIALS|ADV MICRO DEVICES|AMGEN|AMAZON.COM INC|BROADCOM INC.|BOOKING HOLDINGS INC|COMCAST CORP A|COSTCO WHOLESALE|CISCO SYSTEMS INC.|GILEAD SCIENCES, INC|ALPHABET CL C CAP|ALPHABET CL A CMN|HONEYWELL INTL INC|INTUIT INC|INTUITIVE SURG, INC.|LINDE PLC|META PLATFORMS, INC.|MICROSOFT CORP|NETFLIX, INC.|NVIDIA CORPORATION|PALO ALTO NTWKS CM|PEPSICO INC|PALANTIR TECH CL A|QUALCOMM INC|STARBUCKS CORP|T-MOBILE US CMN|TESLA, INC.|TEXAS INSTRUMENTS"
2025-06-09,31,AAPL|ADBE|ADP|AMAT|AMD|AMGN|AMZN|AVGO|BKNG|CMCSA|COST|CSCO|GILD|GOOG|GOOGL|HON|INTU|ISRG|LIN|META|MSFT|NFLX|NVDA|PANW|PEP|PLTR|QCOM|SBUX|TMUS|TSLA|TXN,"APPLE INC.|ADOBE INC.|AUTOMATIC DATA PROCS|APPLIED MATERIALS|ADV MICRO DEVICES|AMGEN|AMAZON.COM INC|BROADCOM INC.|BOOKING HOLDINGS INC|COMCAST CORP A|COSTCO WHOLESALE|CISCO SYSTEMS INC.|GILEAD SCIENCES, INC|ALPHABET CL C CAP|ALPHABET CL A CMN|HONEYWELL INTL INC|INTUIT INC|INTUITIVE SURG, INC.|LINDE PLC|META PLATFORMS, INC.|MICROSOFT CORP|NETFLIX, INC.|NVIDIA CORPORATION|PALO ALTO NTWKS CM|PEPSICO INC|PALANTIR TECH CL A|QUALCOMM INC|STARBUCKS CORP|T-MOBILE US CMN|TESLA, INC.|TEXAS INSTRUMENTS"
2025-06-10,31,AAPL|ADBE|ADP|AMAT|AMD|AMGN|AMZN|AVGO|BKNG|CMCSA|COST|CSCO|GILD|GOOG|GOOGL|HON|INTU|ISRG|LIN|META|MSFT|NFLX|NVDA|PANW|PEP|PLTR|QCOM|SBUX|TMUS|TSLA|TXN,"APPLE INC.|ADOBE INC.|AUTOMATIC DATA PROCS|APPLIED MATERIALS|ADV MICRO DEVICES|AMGEN|AMAZON.COM INC|BROADCOM INC.|BOOKING HOLDINGS INC|COMCAST CORP A|COSTCO WHOLESALE|CISCO SYSTEMS INC.|GILEAD SCIENCES, INC|ALPHABET CL C CAP|ALPHABET CL A CMN|HONEYWELL INTL INC|INTUIT INC|INTUITIVE SURG, INC.|LINDE PLC|META PLATFORMS, INC.|MICROSOFT CORP|NETFLIX, INC.|NVIDIA CORPORATION|PALO ALTO NTWKS CM|PEPSICO INC|PALANTIR TECH CL A|QUALCOMM INC|STARBUCKS CORP|T-MOBILE US CMN|TESLA, INC.|TEXAS INSTRUMENTS"
2025-06-11,31,AAPL|ADBE|ADP|AMAT|AMD|AMGN|AMZN|AVGO|BKNG|CMCSA|COST|CSCO|GILD|GOOG|GOOGL|HON|INTU|ISRG|LIN|META|MSFT|NFLX|NVDA|PANW|PEP|PLTR|QCOM|SBUX|TMUS|TSLA|TXN,"APPLE INC.|ADOBE INC.|AUTOMATIC DATA PROCS|APPLIED MATERIALS|ADV MICRO DEVICES|AMGEN|AMAZON.COM INC|BROADCOM INC.|BOOKING HOLDINGS INC|COMCAST CORP A|COSTCO WHOLESALE|CISCO SYSTEMS INC.|GILEAD SCIENCES, INC|ALPHABET CL C CAP|ALPHABET CL A CMN|HONEYWELL INTL INC|INTUIT INC|INTUITIVE SURG, INC.|LINDE PLC|META PLATFORMS, INC.|MICROSOFT CORP|NETFLIX, INC.|NVIDIA CORPORATION|PALO ALTO NTWKS CM|PEPSICO INC|PALANTIR TECH CL A|QUALCOMM INC|STARBUCKS CORP|T-MOBILE US CMN|TESLA, INC.|TEXAS INSTRUMENTS"
2025-06-12,31,AAPL|ADBE|ADP|AMAT|AMD|AMGN|AMZN|AVGO|BKNG|CMCSA|COST|CSCO|GILD|GOOG|GOOGL|HON|INTU|ISRG|LIN|META|MSFT|NFLX|NVDA|PANW|PEP|PLTR|QCOM|SBUX|TMUS|TSLA|TXN,"APPLE INC.|ADOBE INC.|AUTOMATIC DATA PROCS|APPLIED MATERIALS|ADV MICRO DEVICES|AMGEN|AMAZON.COM INC|BROADCOM INC.|BOOKING HOLDINGS INC|COMCAST CORP A|COSTCO WHOLESALE|CISCO SYSTEMS INC.|GILEAD SCIENCES, INC|ALPHABET CL C CAP|ALPHABET CL A CMN|HONEYWELL INTL INC|INTUIT INC|INTUITIVE SURG, INC.|LINDE PLC|META PLATFORMS, INC.|MICROSOFT CORP|NETFLIX, INC.|NVIDIA CORPORATION|PALO ALTO NTWKS CM|PEPSICO INC|PALANTIR TECH CL A|QUALCOMM INC|STARBUCKS CORP|T-MOBILE US CMN|TESLA, INC.|TEXAS INSTRUMENTS"
2025-06-13,31,AAPL|ADBE|ADP|AMAT|AMD|AMGN|AMZN|AVGO|BKNG|CMCSA|COST|CSCO|GILD|GOOG|GOOGL|HON|INTU|ISRG|LIN|META|MSFT|NFLX|NVDA|PANW|PEP|PLTR|QCOM|SBUX|TMUS|TSLA|TXN,"APPLE INC.|ADOBE INC.|AUTOMATIC DATA PROCS|APPLIED MATERIALS|ADV MICRO DEVICES|AMGEN|AMAZON.COM INC|BROADCOM INC.|BOOKING HOLDINGS INC|COMCAST CORP A|COSTCO WHOLESALE|CISCO SYSTEMS INC.|GILEAD SCIENCES, INC|ALPHABET CL C CAP|ALPHABET CL A CMN|HONEYWELL INTL INC|INTUIT INC|INTUITIVE SURG, INC.|LINDE PLC|META PLATFORMS, INC.|MICROSOFT CORP|NETFLIX, INC.|NVIDIA CORPORATION|PALO ALTO NTWKS CM|PEPSICO INC|PALANTIR TECH CL A|QUALCOMM INC|STARBUCKS CORP|T-MOBILE US CMN|TESLA, INC.|TEXAS INSTRUMENTS"
2025-06-16,31,AAPL|ADBE|ADP|AMAT|AMD|AMGN|AMZN|AVGO|BKNG|CMCSA|COST|CSCO|GILD|GOOG|GOOGL|HON|INTU|ISRG|LIN|META|MSFT|NFLX|NVDA|PANW|PEP|PLTR|QCOM|SBUX|TMUS|TSLA|TXN,"APPLE INC.|ADOBE INC.|AUTOMATIC DATA PROCS|APPLIED MATERIALS|ADV MICRO DEVICES|AMGEN|AMAZON.COM INC|BROADCOM INC.|BOOKING HOLDINGS INC|COMCAST CORP A|COSTCO WHOLESALE|CISCO SYSTEMS INC.|GILEAD SCIENCES, INC|ALPHABET CL C CAP|ALPHABET CL A CMN|HONEYWELL INTL INC|INTUIT INC|INTUITIVE SURG, INC.|LINDE PLC|META PLATFORMS, INC.|MICROSOFT CORP|NETFLIX, INC.|NVIDIA CORPORATION|PALO ALTO NTWKS CM|PEPSICO INC|PALANTIR TECH CL A|QUALCOMM INC|STARBUCKS CORP|T-MOBILE US CMN|TESLA, INC.|TEXAS INSTRUMENTS"
2025-06-17,31,AAPL|ADBE|ADP|AMAT|AMD|AMGN|AMZN|AVGO|BKNG|CMCSA|COST|CSCO|GILD|GOOG|GOOGL|HON|INTU|ISRG|LIN|META|MSFT|NFLX|NVDA|PANW|PEP|PLTR|QCOM|SBUX|TMUS|TSLA|TXN,"APPLE INC.|ADOBE INC.|AUTOMATIC DATA PROCS|APPLIED MATERIALS|ADV MICRO DEVICES|AMGEN|AMAZON.COM INC|BROADCOM INC.|BOOKING HOLDINGS INC|COMCAST CORP A|COSTCO WHOLESALE|CISCO SYSTEMS INC.|GILEAD SCIENCES, INC|ALPHABET CL C CAP|ALPHABET CL A CMN|HONEYWELL INTL INC|INTUIT INC|INTUITIVE SURG, INC.|LINDE PLC|META PLATFORMS, INC.|MICROSOFT CORP|NETFLIX, INC.|NVIDIA CORPORATION|PALO ALTO NTWKS CM|PEPSICO INC|PALANTIR TECH CL A|QUALCOMM INC|STARBUCKS CORP|T-MOBILE US CMN|TESLA, INC.|TEXAS INSTRUMENTS"
2025-06-18,31,AAPL|ADBE|ADP|AMAT|AMD|AMGN|AMZN|AVGO|BKNG|CMCSA|COST|CSCO|GILD|GOOG|GOOGL|HON|INTU|ISRG|LIN|META|MSFT|NFLX|NVDA|PANW|PEP|PLTR|QCOM|SBUX|TMUS|TSLA|TXN,"APPLE INC.|ADOBE INC.|AUTOMATIC DATA PROCS|APPLIED MATERIALS|ADV MICRO DEVICES|AMGEN|AMAZON.COM INC|BROADCOM INC.|BOOKING HOLDINGS INC|COMCAST CORP A|COSTCO WHOLESALE|CISCO SYSTEMS INC.|GILEAD SCIENCES, INC|ALPHABET CL C CAP|ALPHABET CL A CMN|HONEYWELL INTL INC|INTUIT INC|INTUITIVE SURG, INC.|LINDE PLC|META PLATFORMS, INC.|MICROSOFT CORP|NETFLIX, INC.|NVIDIA CORPORATION|PALO ALTO NTWKS CM|PEPSICO INC|PALANTIR TECH CL A|QUALCOMM INC|STARBUCKS CORP|T-MOBILE US CMN|TESLA, INC.|TEXAS INSTRUMENTS"
2025-06-20,31,AAPL|ADBE|ADP|AMAT|AMD|AMGN|AMZN|AVGO|BKNG|CMCSA|COST|CSCO|GILD|GOOG|GOOGL|HON|INTU|ISRG|LIN|META|MSFT|NFLX|NVDA|PANW|PEP|PLTR|QCOM|SBUX|TMUS|TSLA|TXN,"APPLE INC.|ADOBE INC.|AUTOMATIC DATA PROCS|APPLIED MATERIALS|ADV MICRO DEVICES|AMGEN|AMAZON.COM INC|BROADCOM INC.|BOOKING HOLDINGS INC|COMCAST CORP A|COSTCO WHOLESALE|CISCO SYSTEMS INC.|GILEAD SCIENCES, INC|ALPHABET CL C CAP|ALPHABET CL A CMN|HONEYWELL INTL INC|INTUIT INC|INTUITIVE SURG, INC.|LINDE PLC|META PLATFORMS, INC.|MICROSOFT CORP|NETFLIX, INC.|NVIDIA CORPORATION|PALO ALTO NTWKS CM|PEPSICO INC|PALANTIR TECH CL A|QUALCOMM INC|STARBUCKS CORP|T-MOBILE US CMN|TESLA, INC.|TEXAS INSTRUMENTS"
2025-06-23,31,AAPL|ADBE|ADP|AMD|AMGN|AMZN|AVGO|BKNG|CMCSA|COST|CSCO|GILD|GOOG|GOOGL|HON|INTU|ISRG|LIN|MELI|META|MSFT|NFLX|NVDA|PANW|PEP|PLTR|QCOM|SHOP|TMUS|TSLA|TXN,"APPLE INC.|ADOBE INC.|AUTOMATIC DATA PROCS|ADV MICRO DEVICES|AMGEN|AMAZON.COM INC|BROADCOM INC.|BOOKING HOLDINGS INC|COMCAST CORP A|COSTCO WHOLESALE|CISCO SYSTEMS INC.|GILEAD SCIENCES, INC|ALPHABET CL C CAP|ALPHABET CL A CMN|HONEYWELL INTL INC|INTUIT INC|INTUITIVE SURG, INC.|LINDE PLC|MERCADOLIBRE, INC.|META PLATFORMS, INC.|MICROSOFT CORP|NETFLIX, INC.|NVIDIA CORPORATION|PALO ALTO NTWKS CM|PEPSICO INC|PALANTIR TECH CL A|QUALCOMM INC|SHOPIFY INC.|T-MOBILE US CMN|TESLA, INC.|TEXAS INSTRUMENTS"
2025-06-24,31,AAPL|ADBE|ADP|AMD|AMGN|AMZN|AVGO|BKNG|CMCSA|COST|CSCO|GILD|GOOG|GOOGL|HON|INTU|ISRG|LIN|MELI|META|MSFT|NFLX|NVDA|PANW|PEP|PLTR|QCOM|SHOP|TMUS|TSLA|TXN,"APPLE INC.|ADOBE INC.|AUTOMATIC DATA PROCS|ADV MICRO DEVICES|AMGEN|AMAZON.COM INC|BROADCOM INC.|BOOKING HOLDINGS INC|COMCAST CORP A|COSTCO WHOLESALE|CISCO SYSTEMS INC.|GILEAD SCIENCES, INC|ALPHABET CL C CAP|ALPHABET CL A CMN|HONEYWELL INTL INC|INTUIT INC|INTUITIVE SURG, INC.|LINDE PLC|MERCADOLIBRE, INC.|META PLATFORMS, INC.|MICROSOFT CORP|NETFLIX, INC.|NVIDIA CORPORATION|PALO ALTO NTWKS CM|PEPSICO INC|PALANTIR TECH CL A|QUALCOMM INC|SHOPIFY INC.|T-MOBILE US CMN|TESLA, INC.|TEXAS INSTRUMENTS"
2025-06-25,31,AAPL|ADBE|ADP|AMD|AMGN|AMZN|AVGO|BKNG|CMCSA|COST|CSCO|GILD|GOOG|GOOGL|HON|INTU|ISRG|LIN|MELI|META|MSFT|NFLX|NVDA|PANW|PEP|PLTR|QCOM|SHOP|TMUS|TSLA|TXN,"APPLE INC.|ADOBE INC.|AUTOMATIC DATA PROCS|ADV MICRO DEVICES|AMGEN|AMAZON.COM INC|BROADCOM INC.|BOOKING HOLDINGS INC|COMCAST CORP A|COSTCO WHOLESALE|CISCO SYSTEMS INC.|GILEAD SCIENCES, INC|ALPHABET CL C CAP|ALPHABET CL A CMN|HONEYWELL INTL INC|INTUIT INC|INTUITIVE SURG, INC.|LINDE PLC|MERCADOLIBRE, INC.|META PLATFORMS, INC.|MICROSOFT CORP|NETFLIX, INC.|NVIDIA CORPORATION|PALO ALTO NTWKS CM|PEPSICO INC|PALANTIR TECH CL A|QUALCOMM INC|SHOPIFY INC.|T-MOBILE US CMN|TESLA, INC.|TEXAS INSTRUMENTS"
2025-06-26,31,AAPL|ADBE|ADP|AMD|AMGN|AMZN|AVGO|BKNG|CMCSA|COST|CSCO|GILD|GOOG|GOOGL|HON|INTU|ISRG|LIN|MELI|META|MSFT|NFLX|NVDA|PANW|PEP|PLTR|QCOM|SHOP|TMUS|TSLA|TXN,"APPLE INC.|ADOBE INC.|AUTOMATIC DATA PROCS|ADV MICRO DEVICES|AMGEN|AMAZON.COM INC|BROADCOM INC.|BOOKING HOLDINGS INC|COMCAST CORP A|COSTCO WHOLESALE|CISCO SYSTEMS INC.|GILEAD SCIENCES, INC|ALPHABET CL C CAP|ALPHABET CL A CMN|HONEYWELL INTL INC|INTUIT INC|INTUITIVE SURG, INC.|LINDE PLC|MERCADOLIBRE, INC.|META PLATFORMS, INC.|MICROSOFT CORP|NETFLIX, INC.|NVIDIA CORPORATION|PALO ALTO NTWKS CM|PEPSICO INC|PALANTIR TECH CL A|QUALCOMM INC|SHOPIFY INC.|T-MOBILE US CMN|TESLA, INC.|TEXAS INSTRUMENTS"
2025-06-27,31,AAPL|ADBE|ADP|AMD|AMGN|AMZN|AVGO|BKNG|CMCSA|COST|CSCO|GILD|GOOG|GOOGL|HON|INTU|ISRG|LIN|MELI|META|MSFT|NFLX|NVDA|PANW|PEP|PLTR|QCOM|SHOP|TMUS|TSLA|TXN,"APPLE INC.|ADOBE INC.|AUTOMATIC DATA PROCS|ADV MICRO DEVICES|AMGEN|AMAZON.COM INC|BROADCOM INC.|BOOKING HOLDINGS INC|COMCAST CORP A|COSTCO WHOLESALE|CISCO SYSTEMS INC.|GILEAD SCIENCES, INC|ALPHABET CL C CAP|ALPHABET CL A CMN|HONEYWELL INTL INC|INTUIT INC|INTUITIVE SURG, INC.|LINDE PLC|MERCADOLIBRE, INC.|META PLATFORMS, INC.|MICROSOFT CORP|NETFLIX, INC.|NVIDIA CORPORATION|PALO ALTO NTWKS CM|PEPSICO INC|PALANTIR TECH CL A|QUALCOMM INC|SHOPIFY INC.|T-MOBILE US CMN|TESLA, INC.|TEXAS INSTRUMENTS"
2025-06-30,31,AAPL|ADBE|ADP|AMD|AMGN|AMZN|AVGO|BKNG|CMCSA|COST|CSCO|GILD|GOOG|GOOGL|HON|INTU|ISRG|LIN|MELI|META|MSFT|NFLX|NVDA|PANW|PEP|PLTR|QCOM|SHOP|TMUS|TSLA|TXN,"APPLE INC.|ADOBE INC.|AUTOMATIC DATA PROCS|ADV MICRO DEVICES|AMGEN|AMAZON.COM INC|BROADCOM INC.|BOOKING HOLDINGS INC|COMCAST CORP A|COSTCO WHOLESALE|CISCO SYSTEMS INC.|GILEAD SCIENCES, INC|ALPHABET CL C CAP|ALPHABET CL A CMN|HONEYWELL INTL INC|INTUIT INC|INTUITIVE SURG, INC.|LINDE PLC|MERCADOLIBRE, INC.|META PLATFORMS, INC.|MICROSOFT CORP|NETFLIX, INC.|NVIDIA CORPORATION|PALO ALTO NTWKS CM|PEPSICO INC|PALANTIR TECH CL A|QUALCOMM INC|SHOPIFY INC.|T-MOBILE US CMN|TESLA, INC.|TEXAS INSTRUMENTS"
2025-07-01,31,AAPL|ADBE|ADP|AMD|AMGN|AMZN|AVGO|BKNG|CMCSA|COST|CSCO|GILD|GOOG|GOOGL|HON|INTU|ISRG|LIN|MELI|META|MSFT|NFLX|NVDA|PANW|PEP|PLTR|QCOM|SHOP|TMUS|TSLA|TXN,"APPLE INC.|ADOBE INC.|AUTOMATIC DATA PROCS|ADV MICRO DEVICES|AMGEN|AMAZON.COM INC|BROADCOM INC.|BOOKING HOLDINGS INC|COMCAST CORP A|COSTCO WHOLESALE|CISCO SYSTEMS INC.|GILEAD SCIENCES, INC|ALPHABET CL C CAP|ALPHABET CL A CMN|HONEYWELL INTL INC|INTUIT INC|INTUITIVE SURG, INC.|LINDE PLC|MERCADOLIBRE, INC.|META PLATFORMS, INC.|MICROSOFT CORP|NETFLIX, INC.|NVIDIA CORPORATION|PALO ALTO NTWKS CM|PEPSICO INC|PALANTIR TECH CL A|QUALCOMM INC|SHOPIFY INC.|T-MOBILE US CMN|TESLA, INC.|TEXAS INSTRUMENTS"
2025-07-02,31,AAPL|ADBE|ADP|AMD|AMGN|AMZN|AVGO|BKNG|CMCSA|COST|CSCO|GILD|GOOG|GOOGL|HON|INTU|ISRG|LIN|MELI|META|MSFT|NFLX|NVDA|PANW|PEP|PLTR|QCOM|SHOP|TMUS|TSLA|TXN,"APPLE INC.|ADOBE INC.|AUTOMATIC DATA PROCS|ADV MICRO DEVICES|AMGEN|AMAZON.COM INC|BROADCOM INC.|BOOKING HOLDINGS INC|COMCAST CORP A|COSTCO WHOLESALE|CISCO SYSTEMS INC.|GILEAD SCIENCES, INC|ALPHABET CL C CAP|ALPHABET CL A CMN|HONEYWELL INTL INC|INTUIT INC|INTUITIVE SURG, INC.|LINDE PLC|MERCADOLIBRE, INC.|META PLATFORMS, INC.|MICROSOFT CORP|NETFLIX, INC.|NVIDIA CORPORATION|PALO ALTO NTWKS CM|PEPSICO INC|PALANTIR TECH CL A|QUALCOMM INC|SHOPIFY INC.|T-MOBILE US CMN|TESLA, INC.|TEXAS INSTRUMENTS"
2025-07-03,31,AAPL|ADBE|ADP|AMD|AMGN|AMZN|AVGO|BKNG|CMCSA|COST|CSCO|GILD|GOOG|GOOGL|HON|INTU|ISRG|LIN|MELI|META|MSFT|NFLX|NVDA|PANW|PEP|PLTR|QCOM|SHOP|TMUS|TSLA|TXN,"APPLE INC.|ADOBE INC.|AUTOMATIC DATA PROCS|ADV MICRO DEVICES|AMGEN|AMAZON.COM INC|BROADCOM INC.|BOOKING HOLDINGS INC|COMCAST CORP A|COSTCO WHOLESALE|CISCO SYSTEMS INC.|GILEAD SCIENCES, INC|ALPHABET CL C CAP|ALPHABET CL A CMN|HONEYWELL INTL INC|INTUIT INC|INTUITIVE SURG, INC.|LINDE PLC|MERCADOLIBRE, INC.|META PLATFORMS, INC.|MICROSOFT CORP|NETFLIX, INC.|NVIDIA CORPORATION|PALO ALTO NTWKS CM|PEPSICO INC|PALANTIR TECH CL A|QUALCOMM INC|SHOPIFY INC.|T-MOBILE US CMN|TESLA, INC.|TEXAS INSTRUMENTS"
2025-07-07,31,AAPL|ADBE|ADP|AMD|AMGN|AMZN|AVGO|BKNG|CMCSA|COST|CSCO|GILD|GOOG|GOOGL|HON|INTU|ISRG|LIN|MELI|META|MSFT|NFLX|NVDA|PANW|PEP|PLTR|QCOM|SHOP|TMUS|TSLA|TXN,"APPLE INC.|ADOBE INC.|AUTOMATIC DATA PROCS|ADV MICRO DEVICES|AMGEN|AMAZON.COM INC|BROADCOM INC.|BOOKING HOLDINGS INC|COMCAST CORP A|COSTCO WHOLESALE|CISCO SYSTEMS INC.|GILEAD SCIENCES, INC|ALPHABET CL C CAP|ALPHABET CL A CMN|HONEYWELL INTL INC|INTUIT INC|INTUITIVE SURG, INC.|LINDE PLC|MERCADOLIBRE, INC.|META PLATFORMS, INC.|MICROSOFT CORP|NETFLIX, INC.|NVIDIA CORPORATION|PALO ALTO NTWKS CM|PEPSICO INC|PALANTIR TECH CL A|QUALCOMM INC|SHOPIFY INC.|T-MOBILE US CMN|TESLA, INC.|TEXAS INSTRUMENTS"
2025-07-08,31,AAPL|ADBE|ADP|AMD|AMGN|AMZN|AVGO|BKNG|CMCSA|COST|CSCO|GILD|GOOG|GOOGL|HON|INTU|ISRG|LIN|MELI|META|MSFT|NFLX|NVDA|PANW|PEP|PLTR|QCOM|SHOP|TMUS|TSLA|TXN,"APPLE INC.|ADOBE INC.|AUTOMATIC DATA PROCS|ADV MICRO DEVICES|AMGEN|AMAZON.COM INC|BROADCOM INC.|BOOKING HOLDINGS INC|COMCAST CORP A|COSTCO WHOLESALE|CISCO SYSTEMS INC.|GILEAD SCIENCES, INC|ALPHABET CL C CAP|ALPHABET CL A CMN|HONEYWELL INTL INC|INTUIT INC|INTUITIVE SURG, INC.|LINDE PLC|MERCADOLIBRE, INC.|META PLATFORMS, INC.|MICROSOFT CORP|NETFLIX, INC.|NVIDIA CORPORATION|PALO ALTO NTWKS CM|PEPSICO INC|PALANTIR TECH CL A|QUALCOMM INC|SHOPIFY INC.|T-MOBILE US CMN|TESLA, INC.|TEXAS INSTRUMENTS"
2025-07-09,31,AAPL|ADBE|ADP|AMD|AMGN|AMZN|AVGO|BKNG|CMCSA|COST|CSCO|GILD|GOOG|GOOGL|HON|INTU|ISRG|LIN|MELI|META|MSFT|NFLX|NVDA|PANW|PEP|PLTR|QCOM|SHOP|TMUS|TSLA|TXN,"APPLE INC.|ADOBE INC.|AUTOMATIC DATA PROCS|ADV MICRO DEVICES|AMGEN|AMAZON.COM INC|BROADCOM INC.|BOOKING HOLDINGS INC|COMCAST CORP A|COSTCO WHOLESALE|CISCO SYSTEMS INC.|GILEAD SCIENCES, INC|ALPHABET CL C CAP|ALPHABET CL A CMN|HONEYWELL INTL INC|INTUIT INC|INTUITIVE SURG, INC.|LINDE PLC|MERCADOLIBRE, INC.|META PLATFORMS, INC.|MICROSOFT CORP|NETFLIX, INC.|NVIDIA CORPORATION|PALO ALTO NTWKS CM|PEPSICO INC|PALANTIR TECH CL A|QUALCOMM INC|SHOPIFY INC.|T-MOBILE US CMN|TESLA, INC.|TEXAS INSTRUMENTS"
2025-07-10,31,AAPL|ADBE|ADP|AMD|AMGN|AMZN|AVGO|BKNG|CMCSA|COST|CSCO|GILD|GOOG|GOOGL|HON|INTU|ISRG|LIN|MELI|META|MSFT|NFLX|NVDA|PANW|PEP|PLTR|QCOM|SHOP|TMUS|TSLA|TXN,"APPLE INC.|ADOBE INC.|AUTOMATIC DATA PROCS|ADV MICRO DEVICES|AMGEN|AMAZON.COM INC|BROADCOM INC.|BOOKING HOLDINGS INC|COMCAST CORP A|COSTCO WHOLESALE|CISCO SYSTEMS INC.|GILEAD SCIENCES, INC|ALPHABET CL C CAP|ALPHABET CL A CMN|HONEYWELL INTL INC|INTUIT INC|INTUITIVE SURG, INC.|LINDE PLC|MERCADOLIBRE, INC.|META PLATFORMS, INC.|MICROSOFT CORP|NETFLIX, INC.|NVIDIA CORPORATION|PALO ALTO NTWKS CM|PEPSICO INC|PALANTIR TECH CL A|QUALCOMM INC|SHOPIFY INC.|T-MOBILE US CMN|TESLA, INC.|TEXAS INSTRUMENTS"
2025-07-11,31,AAPL|ADBE|ADP|AMD|AMGN|AMZN|AVGO|BKNG|CMCSA|COST|CSCO|GILD|GOOG|GOOGL|HON|INTU|ISRG|LIN|MELI|META|MSFT|NFLX|NVDA|PANW|PEP|PLTR|QCOM|SHOP|TMUS|TSLA|TXN,"APPLE INC.|ADOBE INC.|AUTOMATIC DATA PROCS|ADV MICRO DEVICES|AMGEN|AMAZON.COM INC|BROADCOM INC.|BOOKING HOLDINGS INC|COMCAST CORP A|COSTCO WHOLESALE|CISCO SYSTEMS INC.|GILEAD SCIENCES, INC|ALPHABET CL C CAP|ALPHABET CL A CMN|HONEYWELL INTL INC|INTUIT INC|INTUITIVE SURG, INC.|LINDE PLC|MERCADOLIBRE, INC.|META PLATFORMS, INC.|MICROSOFT CORP|NETFLIX, INC.|NVIDIA CORPORATION|PALO ALTO NTWKS CM|PEPSICO INC|PALANTIR TECH CL A|QUALCOMM INC|SHOPIFY INC.|T-MOBILE US CMN|TESLA, INC.|TEXAS INSTRUMENTS"
2025-07-14,31,AAPL|ADBE|ADP|AMD|AMGN|AMZN|AVGO|BKNG|CMCSA|COST|CSCO|GILD|GOOG|GOOGL|HON|INTU|ISRG|LIN|MELI|META|MSFT|NFLX|NVDA|PANW|PEP|PLTR|QCOM|SHOP|TMUS|TSLA|TXN,"APPLE INC.|ADOBE INC.|AUTOMATIC DATA PROCS|ADV MICRO DEVICES|AMGEN|AMAZON.COM INC|BROADCOM INC.|BOOKING HOLDINGS INC|COMCAST CORP A|COSTCO WHOLESALE|CISCO SYSTEMS INC.|GILEAD SCIENCES, INC|ALPHABET CL C CAP|ALPHABET CL A CMN|HONEYWELL INTL INC|INTUIT INC|INTUITIVE SURG, INC.|LINDE PLC|MERCADOLIBRE, INC.|META PLATFORMS, INC.|MICROSOFT CORP|NETFLIX, INC.|NVIDIA CORPORATION|PALO ALTO NTWKS CM|PEPSICO INC|PALANTIR TECH CL A|QUALCOMM INC|SHOPIFY INC.|T-MOBILE US CMN|TESLA, INC.|TEXAS INSTRUMENTS"
2025-07-15,31,AAPL|ADBE|ADP|AMD|AMGN|AMZN|AVGO|BKNG|CMCSA|COST|CSCO|GILD|GOOG|GOOGL|HON|INTU|ISRG|LIN|MELI|META|MSFT|NFLX|NVDA|PANW|PEP|PLTR|QCOM|SHOP|TMUS|TSLA|TXN,"APPLE INC.|ADOBE INC.|AUTOMATIC DATA PROCS|ADV MICRO DEVICES|AMGEN|AMAZON.COM INC|BROADCOM INC.|BOOKING HOLDINGS INC|COMCAST CORP A|COSTCO WHOLESALE|CISCO SYSTEMS INC.|GILEAD SCIENCES, INC|ALPHABET CL C CAP|ALPHABET CL A CMN|HONEYWELL INTL INC|INTUIT INC|INTUITIVE SURG, INC.|LINDE PLC|MERCADOLIBRE, INC.|META PLATFORMS, INC.|MICROSOFT CORP|NETFLIX, INC.|NVIDIA CORPORATION|PALO ALTO NTWKS CM|PEPSICO INC|PALANTIR TECH CL A|QUALCOMM INC|SHOPIFY INC.|T-MOBILE US CMN|TESLA, INC.|TEXAS INSTRUMENTS"
2025-07-16,31,AAPL|ADBE|ADP|AMD|AMGN|AMZN|AVGO|BKNG|CMCSA|COST|CSCO|GILD|GOOG|GOOGL|HON|INTU|ISRG|LIN|MELI|META|MSFT|NFLX|NVDA|PANW|PEP|PLTR|QCOM|SHOP|TMUS|TSLA|TXN,"APPLE INC.|ADOBE INC.|AUTOMATIC DATA PROCS|ADV MICRO DEVICES|AMGEN|AMAZON.COM INC|BROADCOM INC.|BOOKING HOLDINGS INC|COMCAST CORP A|COSTCO WHOLESALE|CISCO SYSTEMS INC.|GILEAD SCIENCES, INC|ALPHABET CL C CAP|ALPHABET CL A CMN|HONEYWELL INTL INC|INTUIT INC|INTUITIVE SURG, INC.|LINDE PLC|MERCADOLIBRE, INC.|META PLATFORMS, INC.|MICROSOFT CORP|NETFLIX, INC.|NVIDIA CORPORATION|PALO ALTO NTWKS CM|PEPSICO INC|PALANTIR TECH CL A|QUALCOMM INC|SHOPIFY INC.|T-MOBILE US CMN|TESLA, INC.|TEXAS INSTRUMENTS"
2025-07-17,31,AAPL|ADBE|ADP|AMD|AMGN|AMZN|AVGO|BKNG|CMCSA|COST|CSCO|GILD|GOOG|GOOGL|HON|INTU|ISRG|LIN|MELI|META|MSFT|NFLX|NVDA|PANW|PEP|PLTR|QCOM|SHOP|TMUS|TSLA|TXN,"APPLE INC.|ADOBE INC.|AUTOMATIC DATA PROCS|ADV MICRO DEVICES|AMGEN|AMAZON.COM INC|BROADCOM INC.|BOOKING HOLDINGS INC|COMCAST CORP A|COSTCO WHOLESALE|CISCO SYSTEMS INC.|GILEAD SCIENCES, INC|ALPHABET CL C CAP|ALPHABET CL A CMN|HONEYWELL INTL INC|INTUIT INC|INTUITIVE SURG, INC.|LINDE PLC|MERCADOLIBRE, INC.|META PLATFORMS, INC.|MICROSOFT CORP|NETFLIX, INC.|NVIDIA CORPORATION|PALO ALTO NTWKS CM|PEPSICO INC|PALANTIR TECH CL A|QUALCOMM INC|SHOPIFY INC.|T-MOBILE US CMN|TESLA, INC.|TEXAS INSTRUMENTS"
2025-07-18,31,AAPL|ADBE|ADP|AMD|AMGN|AMZN|AVGO|BKNG|CMCSA|COST|CSCO|GILD|GOOG|GOOGL|HON|INTU|ISRG|LIN|MELI|META|MSFT|NFLX|NVDA|PANW|PEP|PLTR|QCOM|SHOP|TMUS|TSLA|TXN,"APPLE INC.|ADOBE INC.|AUTOMATIC DATA PROCS|ADV MICRO DEVICES|AMGEN|AMAZON.COM INC|BROADCOM INC.|BOOKING HOLDINGS INC|COMCAST CORP A|COSTCO WHOLESALE|CISCO SYSTEMS INC.|GILEAD SCIENCES, INC|ALPHABET CL C CAP|ALPHABET CL A CMN|HONEYWELL INTL INC|INTUIT INC|INTUITIVE SURG, INC.|LINDE PLC|MERCADOLIBRE, INC.|META PLATFORMS, INC.|MICROSOFT CORP|NETFLIX, INC.|NVIDIA CORPORATION|PALO ALTO NTWKS CM|PEPSICO INC|PALANTIR TECH CL A|QUALCOMM INC|SHOPIFY INC.|T-MOBILE US CMN|TESLA, INC.|TEXAS INSTRUMENTS"
2025-07-21,31,AAPL|ADBE|ADP|AMD|AMGN|AMZN|AVGO|BKNG|CMCSA|COST|CSCO|GILD|GOOG|GOOGL|HON|INTU|ISRG|LIN|MELI|META|MSFT|NFLX|NVDA|PANW|PEP|PLTR|QCOM|SHOP|TMUS|TSLA|TXN,"APPLE INC.|ADOBE INC.|AUTOMATIC DATA PROCS|ADV MICRO DEVICES|AMGEN|AMAZON.COM INC|BROADCOM INC.|BOOKING HOLDINGS INC|COMCAST CORP A|COSTCO WHOLESALE|CISCO SYSTEMS INC.|GILEAD SCIENCES, INC|ALPHABET CL C CAP|ALPHABET CL A CMN|HONEYWELL INTL INC|INTUIT INC|INTUITIVE SURG, INC.|LINDE PLC|MERCADOLIBRE, INC.|META PLATFORMS, INC.|MICROSOFT CORP|NETFLIX, INC.|NVIDIA CORPORATION|PALO ALTO NTWKS CM|PEPSICO INC|PALANTIR TECH CL A|QUALCOMM INC|SHOPIFY INC.|T-MOBILE US CMN|TESLA, INC.|TEXAS INSTRUMENTS"
2025-07-22,31,AAPL|ADBE|ADP|AMD|AMGN|AMZN|AVGO|BKNG|CMCSA|COST|CSCO|GILD|GOOG|GOOGL|HON|INTU|ISRG|LIN|MELI|META|MSFT|NFLX|NVDA|PANW|PEP|PLTR|QCOM|SHOP|TMUS|TSLA|TXN,"APPLE INC.|ADOBE INC.|AUTOMATIC DATA PROCS|ADV MICRO DEVICES|AMGEN|AMAZON.COM INC|BROADCOM INC.|BOOKING HOLDINGS INC|COMCAST CORP A|COSTCO WHOLESALE|CISCO SYSTEMS INC.|GILEAD SCIENCES, INC|ALPHABET CL C CAP|ALPHABET CL A CMN|HONEYWELL INTL INC|INTUIT INC|INTUITIVE SURG, INC.|LINDE PLC|MERCADOLIBRE, INC.|META PLATFORMS, INC.|MICROSOFT CORP|NETFLIX, INC.|NVIDIA CORPORATION|PALO ALTO NTWKS CM|PEPSICO INC|PALANTIR TECH CL A|QUALCOMM INC|SHOPIFY INC.|T-MOBILE US CMN|TESLA, INC.|TEXAS INSTRUMENTS"
2025-07-23,31,AAPL|ADBE|ADP|AMD|AMGN|AMZN|AVGO|BKNG|CMCSA|COST|CSCO|GILD|GOOG|GOOGL|HON|INTU|ISRG|LIN|MELI|META|MSFT|NFLX|NVDA|PANW|PEP|PLTR|QCOM|SHOP|TMUS|TSLA|TXN,"APPLE INC.|ADOBE INC.|AUTOMATIC DATA PROCS|ADV MICRO DEVICES|AMGEN|AMAZON.COM INC|BROADCOM INC.|BOOKING HOLDINGS INC|COMCAST CORP A|COSTCO WHOLESALE|CISCO SYSTEMS INC.|GILEAD SCIENCES, INC|ALPHABET CL C CAP|ALPHABET CL A CMN|HONEYWELL INTL INC|INTUIT INC|INTUITIVE SURG, INC.|LINDE PLC|MERCADOLIBRE, INC.|META PLATFORMS, INC.|MICROSOFT CORP|NETFLIX, INC.|NVIDIA CORPORATION|PALO ALTO NTWKS CM|PEPSICO INC|PALANTIR TECH CL A|QUALCOMM INC|SHOPIFY INC.|T-MOBILE US CMN|TESLA, INC.|TEXAS INSTRUMENTS"
2025-07-24,31,AAPL|ADBE|ADP|AMD|AMGN|AMZN|AVGO|BKNG|CMCSA|COST|CSCO|GILD|GOOG|GOOGL|HON|INTU|ISRG|LIN|MELI|META|MSFT|NFLX|NVDA|PANW|PEP|PLTR|QCOM|SHOP|TMUS|TSLA|TXN,"APPLE INC.|ADOBE INC.|AUTOMATIC DATA PROCS|ADV MICRO DEVICES|AMGEN|AMAZON.COM INC|BROADCOM INC.|BOOKING HOLDINGS INC|COMCAST CORP A|COSTCO WHOLESALE|CISCO SYSTEMS INC.|GILEAD SCIENCES, INC|ALPHABET CL C CAP|ALPHABET CL A CMN|HONEYWELL INTL INC|INTUIT INC|INTUITIVE SURG, INC.|LINDE PLC|MERCADOLIBRE, INC.|META PLATFORMS, INC.|MICROSOFT CORP|NETFLIX, INC.|NVIDIA CORPORATION|PALO ALTO NTWKS CM|PEPSICO INC|PALANTIR TECH CL A|QUALCOMM INC|SHOPIFY INC.|T-MOBILE US CMN|TESLA, INC.|TEXAS INSTRUMENTS"
2025-07-25,31,AAPL|ADBE|ADP|AMD|AMGN|AMZN|AVGO|BKNG|CMCSA|COST|CSCO|GILD|GOOG|GOOGL|HON|INTU|ISRG|LIN|MELI|META|MSFT|NFLX|NVDA|PANW|PEP|PLTR|QCOM|SHOP|TMUS|TSLA|TXN,"APPLE INC.|ADOBE INC.|AUTOMATIC DATA PROCS|ADV MICRO DEVICES|AMGEN|AMAZON.COM INC|BROADCOM INC.|BOOKING HOLDINGS INC|COMCAST CORP A|COSTCO WHOLESALE|CISCO SYSTEMS INC.|GILEAD SCIENCES, INC|ALPHABET CL C CAP|ALPHABET CL A CMN|HONEYWELL INTL INC|INTUIT INC|INTUITIVE SURG, INC.|LINDE PLC|MERCADOLIBRE, INC.|META PLATFORMS, INC.|MICROSOFT CORP|NETFLIX, INC.|NVIDIA CORPORATION|PALO ALTO NTWKS CM|PEPSICO INC|PALANTIR TECH CL A|QUALCOMM INC|SHOPIFY INC.|T-MOBILE US CMN|TESLA, INC.|TEXAS INSTRUMENTS"
2025-07-28,31,AAPL|ADBE|ADP|AMD|AMGN|AMZN|AVGO|BKNG|CMCSA|COST|CSCO|GILD|GOOG|GOOGL|HON|INTU|ISRG|LIN|MELI|META|MSFT|NFLX|NVDA|PANW|PEP|PLTR|QCOM|SHOP|TMUS|TSLA|TXN,"APPLE INC.|ADOBE INC.|AUTOMATIC DATA PROCS|ADV MICRO DEVICES|AMGEN|AMAZON.COM INC|BROADCOM INC.|BOOKING HOLDINGS INC|COMCAST CORP A|COSTCO WHOLESALE|CISCO SYSTEMS INC.|GILEAD SCIENCES, INC|ALPHABET CL C CAP|ALPHABET CL A CMN|HONEYWELL INTL INC|INTUIT INC|INTUITIVE SURG, INC.|LINDE PLC|MERCADOLIBRE, INC.|META PLATFORMS, INC.|MICROSOFT CORP|NETFLIX, INC.|NVIDIA CORPORATION|PALO ALTO NTWKS CM|PEPSICO INC|PALANTIR TECH CL A|QUALCOMM INC|SHOPIFY INC.|T-MOBILE US CMN|TESLA, INC.|TEXAS INSTRUMENTS"
2025-07-29,31,AAPL|ADBE|ADP|AMD|AMGN|AMZN|AVGO|BKNG|CMCSA|COST|CSCO|GILD|GOOG|GOOGL|HON|INTU|ISRG|LIN|MELI|META|MSFT|NFLX|NVDA|PANW|PEP|PLTR|QCOM|SHOP|TMUS|TSLA|TXN,"APPLE INC.|ADOBE INC.|AUTOMATIC DATA PROCS|ADV MICRO DEVICES|AMGEN|AMAZON.COM INC|BROADCOM INC.|BOOKING HOLDINGS INC|COMCAST CORP A|COSTCO WHOLESALE|CISCO SYSTEMS INC.|GILEAD SCIENCES, INC|ALPHABET CL C CAP|ALPHABET CL A CMN|HONEYWELL INTL INC|INTUIT INC|INTUITIVE SURG, INC.|LINDE PLC|MERCADOLIBRE, INC.|META PLATFORMS, INC.|MICROSOFT CORP|NETFLIX, INC.|NVIDIA CORPORATION|PALO ALTO NTWKS CM|PEPSICO INC|PALANTIR TECH CL A|QUALCOMM INC|SHOPIFY INC.|T-MOBILE US CMN|TESLA, INC.|TEXAS INSTRUMENTS"
2025-07-30,31,AAPL|ADBE|ADP|AMD|AMGN|AMZN|AVGO|BKNG|CMCSA|COST|CSCO|GILD|GOOG|GOOGL|HON|INTU|ISRG|LIN|MELI|META|MSFT|NFLX|NVDA|PANW|PEP|PLTR|QCOM|SHOP|TMUS|TSLA|TXN,"APPLE INC.|ADOBE INC.|AUTOMATIC DATA PROCS|ADV MICRO DEVICES|AMGEN|AMAZON.COM INC|BROADCOM INC.|BOOKING HOLDINGS INC|COMCAST CORP A|COSTCO WHOLESALE|CISCO SYSTEMS INC.|GILEAD SCIENCES, INC|ALPHABET CL C CAP|ALPHABET CL A CMN|HONEYWELL INTL INC|INTUIT INC|INTUITIVE SURG, INC.|LINDE PLC|MERCADOLIBRE, INC.|META PLATFORMS, INC.|MICROSOFT CORP|NETFLIX, INC.|NVIDIA CORPORATION|PALO ALTO NTWKS CM|PEPSICO INC|PALANTIR TECH CL A|QUALCOMM INC|SHOPIFY INC.|T-MOBILE US CMN|TESLA, INC.|TEXAS INSTRUMENTS"
2025-07-31,31,AAPL|ADBE|ADP|AMD|AMGN|AMZN|AVGO|BKNG|CMCSA|COST|CSCO|GILD|GOOG|GOOGL|HON|INTU|ISRG|LIN|MELI|META|MSFT|NFLX|NVDA|PANW|PEP|PLTR|QCOM|SHOP|TMUS|TSLA|TXN,"APPLE INC.|ADOBE INC.|AUTOMATIC DATA PROCS|ADV MICRO DEVICES|AMGEN|AMAZON.COM INC|BROADCOM INC.|BOOKING HOLDINGS INC|COMCAST CORP A|COSTCO WHOLESALE|CISCO SYSTEMS INC.|GILEAD SCIENCES, INC|ALPHABET CL C CAP|ALPHABET CL A CMN|HONEYWELL INTL INC|INTUIT INC|INTUITIVE SURG, INC.|LINDE PLC|MERCADOLIBRE, INC.|META PLATFORMS, INC.|MICROSOFT CORP|NETFLIX, INC.|NVIDIA CORPORATION|PALO ALTO NTWKS CM|PEPSICO INC|PALANTIR TECH CL A|QUALCOMM INC|SHOPIFY INC.|T-MOBILE US CMN|TESLA, INC.|TEXAS INSTRUMENTS"
2025-08-01,31,AAPL|ADBE|ADP|AMD|AMGN|AMZN|AVGO|BKNG|CMCSA|COST|CSCO|GILD|GOOG|GOOGL|HON|INTU|ISRG|LIN|MELI|META|MSFT|NFLX|NVDA|PANW|PEP|PLTR|QCOM|SHOP|TMUS|TSLA|TXN,"APPLE INC.|ADOBE INC.|AUTOMATIC DATA PROCS|ADV MICRO DEVICES|AMGEN|AMAZON.COM INC|BROADCOM INC.|BOOKING HOLDINGS INC|COMCAST CORP A|COSTCO WHOLESALE|CISCO SYSTEMS INC.|GILEAD SCIENCES, INC|ALPHABET CL C CAP|ALPHABET CL A CMN|HONEYWELL INTL INC|INTUIT INC|INTUITIVE SURG, INC.|LINDE PLC|MERCADOLIBRE, INC.|META PLATFORMS, INC.|MICROSOFT CORP|NETFLIX, INC.|NVIDIA CORPORATION|PALO ALTO NTWKS CM|PEPSICO INC|PALANTIR TECH CL A|QUALCOMM INC|SHOPIFY INC.|T-MOBILE US CMN|TESLA, INC.|TEXAS INSTRUMENTS"
2025-08-04,31,AAPL|ADBE|ADP|AMD|AMGN|AMZN|AVGO|BKNG|CMCSA|COST|CSCO|GILD|GOOG|GOOGL|HON|INTU|ISRG|LIN|MELI|META|MSFT|NFLX|NVDA|PANW|PEP|PLTR|QCOM|SHOP|TMUS|TSLA|TXN,"APPLE INC.|ADOBE INC.|AUTOMATIC DATA PROCS|ADV MICRO DEVICES|AMGEN|AMAZON.COM INC|BROADCOM INC.|BOOKING HOLDINGS INC|COMCAST CORP A|COSTCO WHOLESALE|CISCO SYSTEMS INC.|GILEAD SCIENCES, INC|ALPHABET CL C CAP|ALPHABET CL A CMN|HONEYWELL INTL INC|INTUIT INC|INTUITIVE SURG, INC.|LINDE PLC|MERCADOLIBRE, INC.|META PLATFORMS, INC.|MICROSOFT CORP|NETFLIX, INC.|NVIDIA CORPORATION|PALO ALTO NTWKS CM|PEPSICO INC|PALANTIR TECH CL A|QUALCOMM INC|SHOPIFY INC.|T-MOBILE US CMN|TESLA, INC.|TEXAS INSTRUMENTS"
2025-08-05,31,AAPL|ADBE|ADP|AMD|AMGN|AMZN|AVGO|BKNG|CMCSA|COST|CSCO|GILD|GOOG|GOOGL|HON|INTU|ISRG|LIN|MELI|META|MSFT|NFLX|NVDA|PANW|PEP|PLTR|QCOM|SHOP|TMUS|TSLA|TXN,"APPLE INC.|ADOBE INC.|AUTOMATIC DATA PROCS|ADV MICRO DEVICES|AMGEN|AMAZON.COM INC|BROADCOM INC.|BOOKING HOLDINGS INC|COMCAST CORP A|COSTCO WHOLESALE|CISCO SYSTEMS INC.|GILEAD SCIENCES, INC|ALPHABET CL C CAP|ALPHABET CL A CMN|HONEYWELL INTL INC|INTUIT INC|INTUITIVE SURG, INC.|LINDE PLC|MERCADOLIBRE, INC.|META PLATFORMS, INC.|MICROSOFT CORP|NETFLIX, INC.|NVIDIA CORPORATION|PALO ALTO NTWKS CM|PEPSICO INC|PALANTIR TECH CL A|QUALCOMM INC|SHOPIFY INC.|T-MOBILE US CMN|TESLA, INC.|TEXAS INSTRUMENTS"
2025-08-06,31,AAPL|ADBE|ADP|AMD|AMGN|AMZN|AVGO|BKNG|CMCSA|COST|CSCO|GILD|GOOG|GOOGL|HON|INTU|ISRG|LIN|MELI|META|MSFT|NFLX|NVDA|PANW|PEP|PLTR|QCOM|SHOP|TMUS|TSLA|TXN,"APPLE INC.|ADOBE INC.|AUTOMATIC DATA PROCS|ADV MICRO DEVICES|AMGEN|AMAZON.COM INC|BROADCOM INC.|BOOKING HOLDINGS INC|COMCAST CORP A|COSTCO WHOLESALE|CISCO SYSTEMS INC.|GILEAD SCIENCES, INC|ALPHABET CL C CAP|ALPHABET CL A CMN|HONEYWELL INTL INC|INTUIT INC|INTUITIVE SURG, INC.|LINDE PLC|MERCADOLIBRE, INC.|META PLATFORMS, INC.|MICROSOFT CORP|NETFLIX, INC.|NVIDIA CORPORATION|PALO ALTO NTWKS CM|PEPSICO INC|PALANTIR TECH CL A|QUALCOMM INC|SHOPIFY INC.|T-MOBILE US CMN|TESLA, INC.|TEXAS INSTRUMENTS"
2025-08-07,31,AAPL|ADBE|ADP|AMD|AMGN|AMZN|AVGO|BKNG|CMCSA|COST|CSCO|GILD|GOOG|GOOGL|HON|INTU|ISRG|LIN|MELI|META|MSFT|NFLX|NVDA|PANW|PEP|PLTR|QCOM|SHOP|TMUS|TSLA|TXN,"APPLE INC.|ADOBE INC.|AUTOMATIC DATA PROCS|ADV MICRO DEVICES|AMGEN|AMAZON.COM INC|BROADCOM INC.|BOOKING HOLDINGS INC|COMCAST CORP A|COSTCO WHOLESALE|CISCO SYSTEMS INC.|GILEAD SCIENCES, INC|ALPHABET CL C CAP|ALPHABET CL A CMN|HONEYWELL INTL INC|INTUIT INC|INTUITIVE SURG, INC.|LINDE PLC|MERCADOLIBRE, INC.|META PLATFORMS, INC.|MICROSOFT CORP|NETFLIX, INC.|NVIDIA CORPORATION|PALO ALTO NTWKS CM|PEPSICO INC|PALANTIR TECH CL A|QUALCOMM INC|SHOPIFY INC.|T-MOBILE US CMN|TESLA, INC.|TEXAS INSTRUMENTS"
2025-08-08,31,AAPL|ADBE|ADP|AMD|AMGN|AMZN|AVGO|BKNG|CMCSA|COST|CSCO|GILD|GOOG|GOOGL|HON|INTU|ISRG|LIN|MELI|META|MSFT|NFLX|NVDA|PANW|PEP|PLTR|QCOM|SHOP|TMUS|TSLA|TXN,"APPLE INC.|ADOBE INC.|AUTOMATIC DATA PROCS|ADV MICRO DEVICES|AMGEN|AMAZON.COM INC|BROADCOM INC.|BOOKING HOLDINGS INC|COMCAST CORP A|COSTCO WHOLESALE|CISCO SYSTEMS INC.|GILEAD SCIENCES, INC|ALPHABET CL C CAP|ALPHABET CL A CMN|HONEYWELL INTL INC|INTUIT INC|INTUITIVE SURG, INC.|LINDE PLC|MERCADOLIBRE, INC.|META PLATFORMS, INC.|MICROSOFT CORP|NETFLIX, INC.|NVIDIA CORPORATION|PALO ALTO NTWKS CM|PEPSICO INC|PALANTIR TECH CL A|QUALCOMM INC|SHOPIFY INC.|T-MOBILE US CMN|TESLA, INC.|TEXAS INSTRUMENTS"
2025-08-11,31,AAPL|ADBE|ADP|AMD|AMGN|AMZN|AVGO|BKNG|CMCSA|COST|CSCO|GILD|GOOG|GOOGL|HON|INTU|ISRG|LIN|MELI|META|MSFT|NFLX|NVDA|PANW|PEP|PLTR|QCOM|SHOP|TMUS|TSLA|TXN,"APPLE INC.|ADOBE INC.|AUTOMATIC DATA PROCS|ADV MICRO DEVICES|AMGEN|AMAZON.COM INC|BROADCOM INC.|BOOKING HOLDINGS INC|COMCAST CORP A|COSTCO WHOLESALE|CISCO SYSTEMS INC.|GILEAD SCIENCES, INC|ALPHABET CL C CAP|ALPHABET CL A CMN|HONEYWELL INTL INC|INTUIT INC|INTUITIVE SURG, INC.|LINDE PLC|MERCADOLIBRE, INC.|META PLATFORMS, INC.|MICROSOFT CORP|NETFLIX, INC.|NVIDIA CORPORATION|PALO ALTO NTWKS CM|PEPSICO INC|PALANTIR TECH CL A|QUALCOMM INC|SHOPIFY INC.|T-MOBILE US CMN|TESLA, INC.|TEXAS INSTRUMENTS"
2025-08-12,31,AAPL|ADBE|ADP|AMD|AMGN|AMZN|AVGO|BKNG|CMCSA|COST|CSCO|GILD|GOOG|GOOGL|HON|INTU|ISRG|LIN|MELI|META|MSFT|NFLX|NVDA|PANW|PEP|PLTR|QCOM|SHOP|TMUS|TSLA|TXN,"APPLE INC.|ADOBE INC.|AUTOMATIC DATA PROCS|ADV MICRO DEVICES|AMGEN|AMAZON.COM INC|BROADCOM INC.|BOOKING HOLDINGS INC|COMCAST CORP A|COSTCO WHOLESALE|CISCO SYSTEMS INC.|GILEAD SCIENCES, INC|ALPHABET CL C CAP|ALPHABET CL A CMN|HONEYWELL INTL INC|INTUIT INC|INTUITIVE SURG, INC.|LINDE PLC|MERCADOLIBRE, INC.|META PLATFORMS, INC.|MICROSOFT CORP|NETFLIX, INC.|NVIDIA CORPORATION|PALO ALTO NTWKS CM|PEPSICO INC|PALANTIR TECH CL A|QUALCOMM INC|SHOPIFY INC.|T-MOBILE US CMN|TESLA, INC.|TEXAS INSTRUMENTS"
2025-08-13,31,AAPL|ADBE|ADP|AMD|AMGN|AMZN|AVGO|BKNG|CMCSA|COST|CSCO|GILD|GOOG|GOOGL|HON|INTU|ISRG|LIN|MELI|META|MSFT|NFLX|NVDA|PANW|PEP|PLTR|QCOM|SHOP|TMUS|TSLA|TXN,"APPLE INC.|ADOBE INC.|AUTOMATIC DATA PROCS|ADV MICRO DEVICES|AMGEN|AMAZON.COM INC|BROADCOM INC.|BOOKING HOLDINGS INC|COMCAST CORP A|COSTCO WHOLESALE|CISCO SYSTEMS INC.|GILEAD SCIENCES, INC|ALPHABET CL C CAP|ALPHABET CL A CMN|HONEYWELL INTL INC|INTUIT INC|INTUITIVE SURG, INC.|LINDE PLC|MERCADOLIBRE, INC.|META PLATFORMS, INC.|MICROSOFT CORP|NETFLIX, INC.|NVIDIA CORPORATION|PALO ALTO NTWKS CM|PEPSICO INC|PALANTIR TECH CL A|QUALCOMM INC|SHOPIFY INC.|T-MOBILE US CMN|TESLA, INC.|TEXAS INSTRUMENTS"
2025-08-14,31,AAPL|ADBE|ADP|AMD|AMGN|AMZN|AVGO|BKNG|CMCSA|COST|CSCO|GILD|GOOG|GOOGL|HON|INTU|ISRG|LIN|MELI|META|MSFT|NFLX|NVDA|PANW|PEP|PLTR|QCOM|SHOP|TMUS|TSLA|TXN,"APPLE INC.|ADOBE INC.|AUTOMATIC DATA PROCS|ADV MICRO DEVICES|AMGEN|AMAZON.COM INC|BROADCOM INC.|BOOKING HOLDINGS INC|COMCAST CORP A|COSTCO WHOLESALE|CISCO SYSTEMS INC.|GILEAD SCIENCES, INC|ALPHABET CL C CAP|ALPHABET CL A CMN|HONEYWELL INTL INC|INTUIT INC|INTUITIVE SURG, INC.|LINDE PLC|MERCADOLIBRE, INC.|META PLATFORMS, INC.|MICROSOFT CORP|NETFLIX, INC.|NVIDIA CORPORATION|PALO ALTO NTWKS CM|PEPSICO INC|PALANTIR TECH CL A|QUALCOMM INC|SHOPIFY INC.|T-MOBILE US CMN|TESLA, INC.|TEXAS INSTRUMENTS"
2025-08-15,31,AAPL|ADBE|ADP|AMD|AMGN|AMZN|AVGO|BKNG|CMCSA|COST|CSCO|GILD|GOOG|GOOGL|HON|INTU|ISRG|LIN|MELI|META|MSFT|NFLX|NVDA|PANW|PEP|PLTR|QCOM|SHOP|TMUS|TSLA|TXN,"APPLE INC.|ADOBE INC.|AUTOMATIC DATA PROCS|ADV MICRO DEVICES|AMGEN|AMAZON.COM INC|BROADCOM INC.|BOOKING HOLDINGS INC|COMCAST CORP A|COSTCO WHOLESALE|CISCO SYSTEMS INC.|GILEAD SCIENCES, INC|ALPHABET CL C CAP|ALPHABET CL A CMN|HONEYWELL INTL INC|INTUIT INC|INTUITIVE SURG, INC.|LINDE PLC|MERCADOLIBRE, INC.|META PLATFORMS, INC.|MICROSOFT CORP|NETFLIX, INC.|NVIDIA CORPORATION|PALO ALTO NTWKS CM|PEPSICO INC|PALANTIR TECH CL A|QUALCOMM INC|SHOPIFY INC.|T-MOBILE US CMN|TESLA, INC.|TEXAS INSTRUMENTS"
2025-08-18,31,AAPL|ADBE|ADP|AMD|AMGN|AMZN|AVGO|BKNG|CMCSA|COST|CSCO|GILD|GOOG|GOOGL|HON|INTU|ISRG|LIN|MELI|META|MSFT|NFLX|NVDA|PANW|PEP|PLTR|QCOM|SHOP|TMUS|TSLA|TXN,"APPLE INC.|ADOBE INC.|AUTOMATIC DATA PROCS|ADV MICRO DEVICES|AMGEN|AMAZON.COM INC|BROADCOM INC.|BOOKING HOLDINGS INC|COMCAST CORP A|COSTCO WHOLESALE|CISCO SYSTEMS INC.|GILEAD SCIENCES, INC|ALPHABET CL C CAP|ALPHABET CL A CMN|HONEYWELL INTL INC|INTUIT INC|INTUITIVE SURG, INC.|LINDE PLC|MERCADOLIBRE, INC.|META PLATFORMS, INC.|MICROSOFT CORP|NETFLIX, INC.|NVIDIA CORPORATION|PALO ALTO NTWKS CM|PEPSICO INC|PALANTIR TECH CL A|QUALCOMM INC|SHOPIFY INC.|T-MOBILE US CMN|TESLA, INC.|TEXAS INSTRUMENTS"
2025-08-19,31,AAPL|ADBE|ADP|AMD|AMGN|AMZN|AVGO|BKNG|CMCSA|COST|CSCO|GILD|GOOG|GOOGL|HON|INTU|ISRG|LIN|MELI|META|MSFT|NFLX|NVDA|PANW|PEP|PLTR|QCOM|SHOP|TMUS|TSLA|TXN,"APPLE INC.|ADOBE INC.|AUTOMATIC DATA PROCS|ADV MICRO DEVICES|AMGEN|AMAZON.COM INC|BROADCOM INC.|BOOKING HOLDINGS INC|COMCAST CORP A|COSTCO WHOLESALE|CISCO SYSTEMS INC.|GILEAD SCIENCES, INC|ALPHABET CL C CAP|ALPHABET CL A CMN|HONEYWELL INTL INC|INTUIT INC|INTUITIVE SURG, INC.|LINDE PLC|MERCADOLIBRE, INC.|META PLATFORMS, INC.|MICROSOFT CORP|NETFLIX, INC.|NVIDIA CORPORATION|PALO ALTO NTWKS CM|PEPSICO INC|PALANTIR TECH CL A|QUALCOMM INC|SHOPIFY INC.|T-MOBILE US CMN|TESLA, INC.|TEXAS INSTRUMENTS"
2025-08-20,31,AAPL|ADBE|ADP|AMD|AMGN|AMZN|AVGO|BKNG|CMCSA|COST|CSCO|GILD|GOOG|GOOGL|HON|INTU|ISRG|LIN|MELI|META|MSFT|NFLX|NVDA|PANW|PEP|PLTR|QCOM|SHOP|TMUS|TSLA|TXN,"APPLE INC.|ADOBE INC.|AUTOMATIC DATA PROCS|ADV MICRO DEVICES|AMGEN|AMAZON.COM INC|BROADCOM INC.|BOOKING HOLDINGS INC|COMCAST CORP A|COSTCO WHOLESALE|CISCO SYSTEMS INC.|GILEAD SCIENCES, INC|ALPHABET CL C CAP|ALPHABET CL A CMN|HONEYWELL INTL INC|INTUIT INC|INTUITIVE SURG, INC.|LINDE PLC|MERCADOLIBRE, INC.|META PLATFORMS, INC.|MICROSOFT CORP|NETFLIX, INC.|NVIDIA CORPORATION|PALO ALTO NTWKS CM|PEPSICO INC|PALANTIR TECH CL A|QUALCOMM INC|SHOPIFY INC.|T-MOBILE US CMN|TESLA, INC.|TEXAS INSTRUMENTS"
2025-08-21,31,AAPL|ADBE|ADP|AMD|AMGN|AMZN|AVGO|BKNG|CMCSA|COST|CSCO|GILD|GOOG|GOOGL|HON|INTU|ISRG|LIN|MELI|META|MSFT|NFLX|NVDA|PANW|PEP|PLTR|QCOM|SHOP|TMUS|TSLA|TXN,"APPLE INC.|ADOBE INC.|AUTOMATIC DATA PROCS|ADV MICRO DEVICES|AMGEN|AMAZON.COM INC|BROADCOM INC.|BOOKING HOLDINGS INC|COMCAST CORP A|COSTCO WHOLESALE|CISCO SYSTEMS INC.|GILEAD SCIENCES, INC|ALPHABET CL C CAP|ALPHABET CL A CMN|HONEYWELL INTL INC|INTUIT INC|INTUITIVE SURG, INC.|LINDE PLC|MERCADOLIBRE, INC.|META PLATFORMS, INC.|MICROSOFT CORP|NETFLIX, INC.|NVIDIA CORPORATION|PALO ALTO NTWKS CM|PEPSICO INC|PALANTIR TECH CL A|QUALCOMM INC|SHOPIFY INC.|T-MOBILE US CMN|TESLA, INC.|TEXAS INSTRUMENTS"
2025-08-22,31,AAPL|ADBE|ADP|AMD|AMGN|AMZN|AVGO|BKNG|CMCSA|COST|CSCO|GILD|GOOG|GOOGL|HON|INTU|ISRG|LIN|MELI|META|MSFT|NFLX|NVDA|PANW|PEP|PLTR|QCOM|SHOP|TMUS|TSLA|TXN,"APPLE INC.|ADOBE INC.|AUTOMATIC DATA PROCS|ADV MICRO DEVICES|AMGEN|AMAZON.COM INC|BROADCOM INC.|BOOKING HOLDINGS INC|COMCAST CORP A|COSTCO WHOLESALE|CISCO SYSTEMS INC.|GILEAD SCIENCES, INC|ALPHABET CL C CAP|ALPHABET CL A CMN|HONEYWELL INTL INC|INTUIT INC|INTUITIVE SURG, INC.|LINDE PLC|MERCADOLIBRE, INC.|META PLATFORMS, INC.|MICROSOFT CORP|NETFLIX, INC.|NVIDIA CORPORATION|PALO ALTO NTWKS CM|PEPSICO INC|PALANTIR TECH CL A|QUALCOMM INC|SHOPIFY INC.|T-MOBILE US CMN|TESLA, INC.|TEXAS INSTRUMENTS"
2025-08-25,31,AAPL|ADBE|ADP|AMD|AMGN|AMZN|AVGO|BKNG|CMCSA|COST|CSCO|GILD|GOOG|GOOGL|HON|INTU|ISRG|LIN|MELI|META|MSFT|NFLX|NVDA|PANW|PEP|PLTR|QCOM|SHOP|TMUS|TSLA|TXN,"APPLE INC.|ADOBE INC.|AUTOMATIC DATA PROCS|ADV MICRO DEVICES|AMGEN|AMAZON.COM INC|BROADCOM INC.|BOOKING HOLDINGS INC|COMCAST CORP A|COSTCO WHOLESALE|CISCO SYSTEMS INC.|GILEAD SCIENCES, INC|ALPHABET CL C CAP|ALPHABET CL A CMN|HONEYWELL INTL INC|INTUIT INC|INTUITIVE SURG, INC.|LINDE PLC|MERCADOLIBRE, INC.|META PLATFORMS, INC.|MICROSOFT CORP|NETFLIX, INC.|NVIDIA CORPORATION|PALO ALTO NTWKS CM|PEPSICO INC|PALANTIR TECH CL A|QUALCOMM INC|SHOPIFY INC.|T-MOBILE US CMN|TESLA, INC.|TEXAS INSTRUMENTS"
2025-08-26,31,AAPL|ADBE|ADP|AMD|AMGN|AMZN|AVGO|BKNG|CMCSA|COST|CSCO|GILD|GOOG|GOOGL|HON|INTU|ISRG|LIN|MELI|META|MSFT|NFLX|NVDA|PANW|PEP|PLTR|QCOM|SHOP|TMUS|TSLA|TXN,"APPLE INC.|ADOBE INC.|AUTOMATIC DATA PROCS|ADV MICRO DEVICES|AMGEN|AMAZON.COM INC|BROADCOM INC.|BOOKING HOLDINGS INC|COMCAST CORP A|COSTCO WHOLESALE|CISCO SYSTEMS INC.|GILEAD SCIENCES, INC|ALPHABET CL C CAP|ALPHABET CL A CMN|HONEYWELL INTL INC|INTUIT INC|INTUITIVE SURG, INC.|LINDE PLC|MERCADOLIBRE, INC.|META PLATFORMS, INC.|MICROSOFT CORP|NETFLIX, INC.|NVIDIA CORPORATION|PALO ALTO NTWKS CM|PEPSICO INC|PALANTIR TECH CL A|QUALCOMM INC|SHOPIFY INC.|T-MOBILE US CMN|TESLA, INC.|TEXAS INSTRUMENTS"
2025-08-27,31,AAPL|ADBE|ADP|AMD|AMGN|AMZN|AVGO|BKNG|CMCSA|COST|CSCO|GILD|GOOG|GOOGL|HON|INTU|ISRG|LIN|MELI|META|MSFT|NFLX|NVDA|PANW|PEP|PLTR|QCOM|SHOP|TMUS|TSLA|TXN,"APPLE INC.|ADOBE INC.|AUTOMATIC DATA PROCS|ADV MICRO DEVICES|AMGEN|AMAZON.COM INC|BROADCOM INC.|BOOKING HOLDINGS INC|COMCAST CORP A|COSTCO WHOLESALE|CISCO SYSTEMS INC.|GILEAD SCIENCES, INC|ALPHABET CL C CAP|ALPHABET CL A CMN|HONEYWELL INTL INC|INTUIT INC|INTUITIVE SURG, INC.|LINDE PLC|MERCADOLIBRE, INC.|META PLATFORMS, INC.|MICROSOFT CORP|NETFLIX, INC.|NVIDIA CORPORATION|PALO ALTO NTWKS CM|PEPSICO INC|PALANTIR TECH CL A|QUALCOMM INC|SHOPIFY INC.|T-MOBILE US CMN|TESLA, INC.|TEXAS INSTRUMENTS"
2025-08-28,31,AAPL|ADBE|ADP|AMD|AMGN|AMZN|AVGO|BKNG|CMCSA|COST|CSCO|GILD|GOOG|GOOGL|HON|INTU|ISRG|LIN|MELI|META|MSFT|NFLX|NVDA|PANW|PEP|PLTR|QCOM|SHOP|TMUS|TSLA|TXN,"APPLE INC.|ADOBE INC.|AUTOMATIC DATA PROCS|ADV MICRO DEVICES|AMGEN|AMAZON.COM INC|BROADCOM INC.|BOOKING HOLDINGS INC|COMCAST CORP A|COSTCO WHOLESALE|CISCO SYSTEMS INC.|GILEAD SCIENCES, INC|ALPHABET CL C CAP|ALPHABET CL A CMN|HONEYWELL INTL INC|INTUIT INC|INTUITIVE SURG, INC.|LINDE PLC|MERCADOLIBRE, INC.|META PLATFORMS, INC.|MICROSOFT CORP|NETFLIX, INC.|NVIDIA CORPORATION|PALO ALTO NTWKS CM|PEPSICO INC|PALANTIR TECH CL A|QUALCOMM INC|SHOPIFY INC.|T-MOBILE US CMN|TESLA, INC.|TEXAS INSTRUMENTS"
2025-08-29,31,AAPL|ADBE|ADP|AMD|AMGN|AMZN|AVGO|BKNG|CMCSA|COST|CSCO|GILD|GOOG|GOOGL|HON|INTU|ISRG|LIN|MELI|META|MSFT|NFLX|NVDA|PANW|PEP|PLTR|QCOM|SHOP|TMUS|TSLA|TXN,"APPLE INC.|ADOBE INC.|AUTOMATIC DATA PROCS|ADV MICRO DEVICES|AMGEN|AMAZON.COM INC|BROADCOM INC.|BOOKING HOLDINGS INC|COMCAST CORP A|COSTCO WHOLESALE|CISCO SYSTEMS INC.|GILEAD SCIENCES, INC|ALPHABET CL C CAP|ALPHABET CL A CMN|HONEYWELL INTL INC|INTUIT INC|INTUITIVE SURG, INC.|LINDE PLC|MERCADOLIBRE, INC.|META PLATFORMS, INC.|MICROSOFT CORP|NETFLIX, INC.|NVIDIA CORPORATION|PALO ALTO NTWKS CM|PEPSICO INC|PALANTIR TECH CL A|QUALCOMM INC|SHOPIFY INC.|T-MOBILE US CMN|TESLA, INC.|TEXAS INSTRUMENTS"
2025-09-02,31,AAPL|ADBE|ADP|AMD|AMGN|AMZN|AVGO|BKNG|CMCSA|COST|CSCO|GILD|GOOG|GOOGL|HON|INTU|ISRG|LIN|MELI|META|MSFT|NFLX|NVDA|PANW|PEP|PLTR|QCOM|SHOP|TMUS|TSLA|TXN,"APPLE INC.|ADOBE INC.|AUTOMATIC DATA PROCS|ADV MICRO DEVICES|AMGEN|AMAZON.COM INC|BROADCOM INC.|BOOKING HOLDINGS INC|COMCAST CORP A|COSTCO WHOLESALE|CISCO SYSTEMS INC.|GILEAD SCIENCES, INC|ALPHABET CL C CAP|ALPHABET CL A CMN|HONEYWELL INTL INC|INTUIT INC|INTUITIVE SURG, INC.|LINDE PLC|MERCADOLIBRE, INC.|META PLATFORMS, INC.|MICROSOFT CORP|NETFLIX, INC.|NVIDIA CORPORATION|PALO ALTO NTWKS CM|PEPSICO INC|PALANTIR TECH CL A|QUALCOMM INC|SHOPIFY INC.|T-MOBILE US CMN|TESLA, INC.|TEXAS INSTRUMENTS"
2025-09-03,31,AAPL|ADBE|ADP|AMD|AMGN|AMZN|AVGO|BKNG|CMCSA|COST|CSCO|GILD|GOOG|GOOGL|HON|INTU|ISRG|LIN|MELI|META|MSFT|NFLX|NVDA|PANW|PEP|PLTR|QCOM|SHOP|TMUS|TSLA|TXN,"APPLE INC.|ADOBE INC.|AUTOMATIC DATA PROCS|ADV MICRO DEVICES|AMGEN|AMAZON.COM INC|BROADCOM INC.|BOOKING HOLDINGS INC|COMCAST CORP A|COSTCO WHOLESALE|CISCO SYSTEMS INC.|GILEAD SCIENCES, INC|ALPHABET CL C CAP|ALPHABET CL A CMN|HONEYWELL INTL INC|INTUIT INC|INTUITIVE SURG, INC.|LINDE PLC|MERCADOLIBRE, INC.|META PLATFORMS, INC.|MICROSOFT CORP|NETFLIX, INC.|NVIDIA CORPORATION|PALO ALTO NTWKS CM|PEPSICO INC|PALANTIR TECH CL A|QUALCOMM INC|SHOPIFY INC.|T-MOBILE US CMN|TESLA, INC.|TEXAS INSTRUMENTS"
2025-09-04,31,AAPL|ADBE|ADP|AMD|AMGN|AMZN|AVGO|BKNG|CMCSA|COST|CSCO|GILD|GOOG|GOOGL|HON|INTU|ISRG|LIN|MELI|META|MSFT|NFLX|NVDA|PANW|PEP|PLTR|QCOM|SHOP|TMUS|TSLA|TXN,"APPLE INC.|ADOBE INC.|AUTOMATIC DATA PROCS|ADV MICRO DEVICES|AMGEN|AMAZON.COM INC|BROADCOM INC.|BOOKING HOLDINGS INC|COMCAST CORP A|COSTCO WHOLESALE|CISCO SYSTEMS INC.|GILEAD SCIENCES, INC|ALPHABET CL C CAP|ALPHABET CL A CMN|HONEYWELL INTL INC|INTUIT INC|INTUITIVE SURG, INC.|LINDE PLC|MERCADOLIBRE, INC.|META PLATFORMS, INC.|MICROSOFT CORP|NETFLIX, INC.|NVIDIA CORPORATION|PALO ALTO NTWKS CM|PEPSICO INC|PALANTIR TECH CL A|QUALCOMM INC|SHOPIFY INC.|T-MOBILE US CMN|TESLA, INC.|TEXAS INSTRUMENTS"
2025-09-05,31,AAPL|ADBE|ADP|AMD|AMGN|AMZN|AVGO|BKNG|CMCSA|COST|CSCO|GILD|GOOG|GOOGL|HON|INTU|ISRG|LIN|MELI|META|MSFT|NFLX|NVDA|PANW|PEP|PLTR|QCOM|SHOP|TMUS|TSLA|TXN,"APPLE INC.|ADOBE INC.|AUTOMATIC DATA PROCS|ADV MICRO DEVICES|AMGEN|AMAZON.COM INC|BROADCOM INC.|BOOKING HOLDINGS INC|COMCAST CORP A|COSTCO WHOLESALE|CISCO SYSTEMS INC.|GILEAD SCIENCES, INC|ALPHABET CL C CAP|ALPHABET CL A CMN|HONEYWELL INTL INC|INTUIT INC|INTUITIVE SURG, INC.|LINDE PLC|MERCADOLIBRE, INC.|META PLATFORMS, INC.|MICROSOFT CORP|NETFLIX, INC.|NVIDIA CORPORATION|PALO ALTO NTWKS CM|PEPSICO INC|PALANTIR TECH CL A|QUALCOMM INC|SHOPIFY INC.|T-MOBILE US CMN|TESLA, INC.|TEXAS INSTRUMENTS"
2025-09-08,31,AAPL|ADBE|ADP|AMD|AMGN|AMZN|AVGO|BKNG|CMCSA|COST|CSCO|GILD|GOOG|GOOGL|HON|INTU|ISRG|LIN|MELI|META|MSFT|NFLX|NVDA|PANW|PEP|PLTR|QCOM|SHOP|TMUS|TSLA|TXN,"APPLE INC.|ADOBE INC.|AUTOMATIC DATA PROCS|ADV MICRO DEVICES|AMGEN|AMAZON.COM INC|BROADCOM INC.|BOOKING HOLDINGS INC|COMCAST CORP A|COSTCO WHOLESALE|CISCO SYSTEMS INC.|GILEAD SCIENCES, INC|ALPHABET CL C CAP|ALPHABET CL A CMN|HONEYWELL INTL INC|INTUIT INC|INTUITIVE SURG, INC.|LINDE PLC|MERCADOLIBRE, INC.|META PLATFORMS, INC.|MICROSOFT CORP|NETFLIX, INC.|NVIDIA CORPORATION|PALO ALTO NTWKS CM|PEPSICO INC|PALANTIR TECH CL A|QUALCOMM INC|SHOPIFY INC.|T-MOBILE US CMN|TESLA, INC.|TEXAS INSTRUMENTS"
2025-09-09,31,AAPL|ADBE|ADP|AMD|AMGN|AMZN|AVGO|BKNG|CMCSA|COST|CSCO|GILD|GOOG|GOOGL|HON|INTU|ISRG|LIN|MELI|META|MSFT|NFLX|NVDA|PANW|PEP|PLTR|QCOM|SHOP|TMUS|TSLA|TXN,"APPLE INC.|ADOBE INC.|AUTOMATIC DATA PROCS|ADV MICRO DEVICES|AMGEN|AMAZON.COM INC|BROADCOM INC.|BOOKING HOLDINGS INC|COMCAST CORP A|COSTCO WHOLESALE|CISCO SYSTEMS INC.|GILEAD SCIENCES, INC|ALPHABET CL C CAP|ALPHABET CL A CMN|HONEYWELL INTL INC|INTUIT INC|INTUITIVE SURG, INC.|LINDE PLC|MERCADOLIBRE, INC.|META PLATFORMS, INC.|MICROSOFT CORP|NETFLIX, INC.|NVIDIA CORPORATION|PALO ALTO NTWKS CM|PEPSICO INC|PALANTIR TECH CL A|QUALCOMM INC|SHOPIFY INC.|T-MOBILE US CMN|TESLA, INC.|TEXAS INSTRUMENTS"
2025-09-10,31,AAPL|ADBE|ADP|AMD|AMGN|AMZN|AVGO|BKNG|CMCSA|COST|CSCO|GILD|GOOG|GOOGL|HON|INTU|ISRG|LIN|MELI|META|MSFT|NFLX|NVDA|PANW|PEP|PLTR|QCOM|SHOP|TMUS|TSLA|TXN,"APPLE INC.|ADOBE INC.|AUTOMATIC DATA PROCS|ADV MICRO DEVICES|AMGEN|AMAZON.COM INC|BROADCOM INC.|BOOKING HOLDINGS INC|COMCAST CORP A|COSTCO WHOLESALE|CISCO SYSTEMS INC.|GILEAD SCIENCES, INC|ALPHABET CL C CAP|ALPHABET CL A CMN|HONEYWELL INTL INC|INTUIT INC|INTUITIVE SURG, INC.|LINDE PLC|MERCADOLIBRE, INC.|META PLATFORMS, INC.|MICROSOFT CORP|NETFLIX, INC.|NVIDIA CORPORATION|PALO ALTO NTWKS CM|PEPSICO INC|PALANTIR TECH CL A|QUALCOMM INC|SHOPIFY INC.|T-MOBILE US CMN|TESLA, INC.|TEXAS INSTRUMENTS"
2025-09-11,31,AAPL|ADBE|ADP|AMD|AMGN|AMZN|AVGO|BKNG|CMCSA|COST|CSCO|GILD|GOOG|GOOGL|HON|INTU|ISRG|LIN|MELI|META|MSFT|NFLX|NVDA|PANW|PEP|PLTR|QCOM|SHOP|TMUS|TSLA|TXN,"APPLE INC.|ADOBE INC.|AUTOMATIC DATA PROCS|ADV MICRO DEVICES|AMGEN|AMAZON.COM INC|BROADCOM INC.|BOOKING HOLDINGS INC|COMCAST CORP A|COSTCO WHOLESALE|CISCO SYSTEMS INC.|GILEAD SCIENCES, INC|ALPHABET CL C CAP|ALPHABET CL A CMN|HONEYWELL INTL INC|INTUIT INC|INTUITIVE SURG, INC.|LINDE PLC|MERCADOLIBRE, INC.|META PLATFORMS, INC.|MICROSOFT CORP|NETFLIX, INC.|NVIDIA CORPORATION|PALO ALTO NTWKS CM|PEPSICO INC|PALANTIR TECH CL A|QUALCOMM INC|SHOPIFY INC.|T-MOBILE US CMN|TESLA, INC.|TEXAS INSTRUMENTS"
2025-09-12,31,AAPL|ADBE|ADP|AMD|AMGN|AMZN|AVGO|BKNG|CMCSA|COST|CSCO|GILD|GOOG|GOOGL|HON|INTU|ISRG|LIN|MELI|META|MSFT|NFLX|NVDA|PANW|PEP|PLTR|QCOM|SHOP|TMUS|TSLA|TXN,"APPLE INC.|ADOBE INC.|AUTOMATIC DATA PROCS|ADV MICRO DEVICES|AMGEN|AMAZON.COM INC|BROADCOM INC.|BOOKING HOLDINGS INC|COMCAST CORP A|COSTCO WHOLESALE|CISCO SYSTEMS INC.|GILEAD SCIENCES, INC|ALPHABET CL C CAP|ALPHABET CL A CMN|HONEYWELL INTL INC|INTUIT INC|INTUITIVE SURG, INC.|LINDE PLC|MERCADOLIBRE, INC.|META PLATFORMS, INC.|MICROSOFT CORP|NETFLIX, INC.|NVIDIA CORPORATION|PALO ALTO NTWKS CM|PEPSICO INC|PALANTIR TECH CL A|QUALCOMM INC|SHOPIFY INC.|T-MOBILE US CMN|TESLA, INC.|TEXAS INSTRUMENTS"
2025-09-15,31,AAPL|ADBE|ADP|AMD|AMGN|AMZN|AVGO|BKNG|CMCSA|COST|CSCO|GILD|GOOG|GOOGL|HON|INTU|ISRG|LIN|MELI|META|MSFT|NFLX|NVDA|PANW|PEP|PLTR|QCOM|SHOP|TMUS|TSLA|TXN,"APPLE INC.|ADOBE INC.|AUTOMATIC DATA PROCS|ADV MICRO DEVICES|AMGEN|AMAZON.COM INC|BROADCOM INC.|BOOKING HOLDINGS INC|COMCAST CORP A|COSTCO WHOLESALE|CISCO SYSTEMS INC.|GILEAD SCIENCES, INC|ALPHABET CL C CAP|ALPHABET CL A CMN|HONEYWELL INTL INC|INTUIT INC|INTUITIVE SURG, INC.|LINDE PLC|MERCADOLIBRE, INC.|META PLATFORMS, INC.|MICROSOFT CORP|NETFLIX, INC.|NVIDIA CORPORATION|PALO ALTO NTWKS CM|PEPSICO INC|PALANTIR TECH CL A|QUALCOMM INC|SHOPIFY INC.|T-MOBILE US CMN|TESLA, INC.|TEXAS INSTRUMENTS"
2025-09-16,31,AAPL|ADBE|ADP|AMD|AMGN|AMZN|AVGO|BKNG|CMCSA|COST|CSCO|GILD|GOOG|GOOGL|HON|INTU|ISRG|LIN|MELI|META|MSFT|NFLX|NVDA|PANW|PEP|PLTR|QCOM|SHOP|TMUS|TSLA|TXN,"APPLE INC.|ADOBE INC.|AUTOMATIC DATA PROCS|ADV MICRO DEVICES|AMGEN|AMAZON.COM INC|BROADCOM INC.|BOOKING HOLDINGS INC|COMCAST CORP A|COSTCO WHOLESALE|CISCO SYSTEMS INC.|GILEAD SCIENCES, INC|ALPHABET CL C CAP|ALPHABET CL A CMN|HONEYWELL INTL INC|INTUIT INC|INTUITIVE SURG, INC.|LINDE PLC|MERCADOLIBRE, INC.|META PLATFORMS, INC.|MICROSOFT CORP|NETFLIX, INC.|NVIDIA CORPORATION|PALO ALTO NTWKS CM|PEPSICO INC|PALANTIR TECH CL A|QUALCOMM INC|SHOPIFY INC.|T-MOBILE US CMN|TESLA, INC.|TEXAS INSTRUMENTS"
2025-09-17,31,AAPL|ADBE|ADP|AMD|AMGN|AMZN|AVGO|BKNG|CMCSA|COST|CSCO|GILD|GOOG|GOOGL|HON|INTU|ISRG|LIN|MELI|META|MSFT|NFLX|NVDA|PANW|PEP|PLTR|QCOM|SHOP|TMUS|TSLA|TXN,"APPLE INC.|ADOBE INC.|AUTOMATIC DATA PROCS|ADV MICRO DEVICES|AMGEN|AMAZON.COM INC|BROADCOM INC.|BOOKING HOLDINGS INC|COMCAST CORP A|COSTCO WHOLESALE|CISCO SYSTEMS INC.|GILEAD SCIENCES, INC|ALPHABET CL C CAP|ALPHABET CL A CMN|HONEYWELL INTL INC|INTUIT INC|INTUITIVE SURG, INC.|LINDE PLC|MERCADOLIBRE, INC.|META PLATFORMS, INC.|MICROSOFT CORP|NETFLIX, INC.|NVIDIA CORPORATION|PALO ALTO NTWKS CM|PEPSICO INC|PALANTIR TECH CL A|QUALCOMM INC|SHOPIFY INC.|T-MOBILE US CMN|TESLA, INC.|TEXAS INSTRUMENTS"
2025-09-18,31,AAPL|ADBE|ADP|AMD|AMGN|AMZN|AVGO|BKNG|CMCSA|COST|CSCO|GILD|GOOG|GOOGL|HON|INTU|ISRG|LIN|MELI|META|MSFT|NFLX|NVDA|PANW|PEP|PLTR|QCOM|SHOP|TMUS|TSLA|TXN,"APPLE INC.|ADOBE INC.|AUTOMATIC DATA PROCS|ADV MICRO DEVICES|AMGEN|AMAZON.COM INC|BROADCOM INC.|BOOKING HOLDINGS INC|COMCAST CORP A|COSTCO WHOLESALE|CISCO SYSTEMS INC.|GILEAD SCIENCES, INC|ALPHABET CL C CAP|ALPHABET CL A CMN|HONEYWELL INTL INC|INTUIT INC|INTUITIVE SURG, INC.|LINDE PLC|MERCADOLIBRE, INC.|META PLATFORMS, INC.|MICROSOFT CORP|NETFLIX, INC.|NVIDIA CORPORATION|PALO ALTO NTWKS CM|PEPSICO INC|PALANTIR TECH CL A|QUALCOMM INC|SHOPIFY INC.|T-MOBILE US CMN|TESLA, INC.|TEXAS INSTRUMENTS"
2025-09-19,31,AAPL|ADBE|ADP|AMD|AMGN|AMZN|AVGO|BKNG|CMCSA|COST|CSCO|GILD|GOOG|GOOGL|HON|INTU|ISRG|LIN|MELI|META|MSFT|NFLX|NVDA|PANW|PEP|PLTR|QCOM|SHOP|TMUS|TSLA|TXN,"APPLE INC.|ADOBE INC.|AUTOMATIC DATA PROCS|ADV MICRO DEVICES|AMGEN|AMAZON.COM INC|BROADCOM INC.|BOOKING HOLDINGS INC|COMCAST CORP A|COSTCO WHOLESALE|CISCO SYSTEMS INC.|GILEAD SCIENCES, INC|ALPHABET CL C CAP|ALPHABET CL A CMN|HONEYWELL INTL INC|INTUIT INC|INTUITIVE SURG, INC.|LINDE PLC|MERCADOLIBRE, INC.|META PLATFORMS, INC.|MICROSOFT CORP|NETFLIX, INC.|NVIDIA CORPORATION|PALO ALTO NTWKS CM|PEPSICO INC|PALANTIR TECH CL A|QUALCOMM INC|SHOPIFY INC.|T-MOBILE US CMN|TESLA, INC.|TEXAS INSTRUMENTS"
2025-09-22,31,AAPL|ADBE|AMAT|AMD|AMGN|AMZN|APP|AVGO|BKNG|COST|CSCO|GILD|GOOG|GOOGL|HON|INTU|ISRG|LIN|META|MSFT|MU|NFLX|NVDA|PANW|PEP|PLTR|QCOM|SHOP|TMUS|TSLA|TXN,"APPLE INC.|ADOBE INC.|APPLIED MATERIALS|ADV MICRO DEVICES|AMGEN|AMAZON.COM INC|APPLOVIN CORP CLA CM|BROADCOM INC.|BOOKING HOLDINGS INC|COSTCO WHOLESALE|CISCO SYSTEMS INC.|GILEAD SCIENCES, INC|ALPHABET CL C CAP|ALPHABET CL A CMN|HONEYWELL INTL INC|INTUIT INC|INTUITIVE SURG, INC.|LINDE PLC|META PLATFORMS, INC.|MICROSOFT CORP|MICRON TECHNOLOGY|NETFLIX, INC.|NVIDIA CORPORATION|PALO ALTO NTWKS CM|PEPSICO INC|PALANTIR TECH CL A|QUALCOMM INC|SHOPIFY INC.|T-MOBILE US CMN|TESLA, INC.|TEXAS INSTRUMENTS"
2025-09-23,31,AAPL|ADBE|AMAT|AMD|AMGN|AMZN|APP|AVGO|BKNG|COST|CSCO|GILD|GOOG|GOOGL|HON|INTU|ISRG|LIN|META|MSFT|MU|NFLX|NVDA|PANW|PEP|PLTR|QCOM|SHOP|TMUS|TSLA|TXN,"APPLE INC.|ADOBE INC.|APPLIED MATERIALS|ADV MICRO DEVICES|AMGEN|AMAZON.COM INC|APPLOVIN CORP CLA CM|BROADCOM INC.|BOOKING HOLDINGS INC|COSTCO WHOLESALE|CISCO SYSTEMS INC.|GILEAD SCIENCES, INC|ALPHABET CL C CAP|ALPHABET CL A CMN|HONEYWELL INTL INC|INTUIT INC|INTUITIVE SURG, INC.|LINDE PLC|META PLATFORMS, INC.|MICROSOFT CORP|MICRON TECHNOLOGY|NETFLIX, INC.|NVIDIA CORPORATION|PALO ALTO NTWKS CM|PEPSICO INC|PALANTIR TECH CL A|QUALCOMM INC|SHOPIFY INC.|T-MOBILE US CMN|TESLA, INC.|TEXAS INSTRUMENTS"
2025-09-24,31,AAPL|ADBE|AMAT|AMD|AMGN|AMZN|APP|AVGO|BKNG|COST|CSCO|GILD|GOOG|GOOGL|HON|INTU|ISRG|LIN|META|MSFT|MU|NFLX|NVDA|PANW|PEP|PLTR|QCOM|SHOP|TMUS|TSLA|TXN,"APPLE INC.|ADOBE INC.|APPLIED MATERIALS|ADV MICRO DEVICES|AMGEN|AMAZON.COM INC|APPLOVIN CORP CLA CM|BROADCOM INC.|BOOKING HOLDINGS INC|COSTCO WHOLESALE|CISCO SYSTEMS INC.|GILEAD SCIENCES, INC|ALPHABET CL C CAP|ALPHABET CL A CMN|HONEYWELL INTL INC|INTUIT INC|INTUITIVE SURG, INC.|LINDE PLC|META PLATFORMS, INC.|MICROSOFT CORP|MICRON TECHNOLOGY|NETFLIX, INC.|NVIDIA CORPORATION|PALO ALTO NTWKS CM|PEPSICO INC|PALANTIR TECH CL A|QUALCOMM INC|SHOPIFY INC.|T-MOBILE US CMN|TESLA, INC.|TEXAS INSTRUMENTS"
2025-09-25,31,AAPL|ADBE|AMAT|AMD|AMGN|AMZN|APP|AVGO|BKNG|COST|CSCO|GILD|GOOG|GOOGL|HON|INTU|ISRG|LIN|META|MSFT|MU|NFLX|NVDA|PANW|PEP|PLTR|QCOM|SHOP|TMUS|TSLA|TXN,"APPLE INC.|ADOBE INC.|APPLIED MATERIALS|ADV MICRO DEVICES|AMGEN|AMAZON.COM INC|APPLOVIN CORP CLA CM|BROADCOM INC.|BOOKING HOLDINGS INC|COSTCO WHOLESALE|CISCO SYSTEMS INC.|GILEAD SCIENCES, INC|ALPHABET CL C CAP|ALPHABET CL A CMN|HONEYWELL INTL INC|INTUIT INC|INTUITIVE SURG, INC.|LINDE PLC|META PLATFORMS, INC.|MICROSOFT CORP|MICRON TECHNOLOGY|NETFLIX, INC.|NVIDIA CORPORATION|PALO ALTO NTWKS CM|PEPSICO INC|PALANTIR TECH CL A|QUALCOMM INC|SHOPIFY INC.|T-MOBILE US CMN|TESLA, INC.|TEXAS INSTRUMENTS"
2025-09-26,31,AAPL|ADBE|AMAT|AMD|AMGN|AMZN|APP|AVGO|BKNG|COST|CSCO|GILD|GOOG|GOOGL|HON|INTU|ISRG|LIN|META|MSFT|MU|NFLX|NVDA|PANW|PEP|PLTR|QCOM|SHOP|TMUS|TSLA|TXN,"APPLE INC.|ADOBE INC.|APPLIED MATERIALS|ADV MICRO DEVICES|AMGEN|AMAZON.COM INC|APPLOVIN CORP CLA CM|BROADCOM INC.|BOOKING HOLDINGS INC|COSTCO WHOLESALE|CISCO SYSTEMS INC.|GILEAD SCIENCES, INC|ALPHABET CL C CAP|ALPHABET CL A CMN|HONEYWELL INTL INC|INTUIT INC|INTUITIVE SURG, INC.|LINDE PLC|META PLATFORMS, INC.|MICROSOFT CORP|MICRON TECHNOLOGY|NETFLIX, INC.|NVIDIA CORPORATION|PALO ALTO NTWKS CM|PEPSICO INC|PALANTIR TECH CL A|QUALCOMM INC|SHOPIFY INC.|T-MOBILE US CMN|TESLA, INC.|TEXAS INSTRUMENTS"
2025-09-29,31,AAPL|ADBE|AMAT|AMD|AMGN|AMZN|APP|AVGO|BKNG|COST|CSCO|GILD|GOOG|GOOGL|HON|INTU|ISRG|LIN|META|MSFT|MU|NFLX|NVDA|PANW|PEP|PLTR|QCOM|SHOP|TMUS|TSLA|TXN,"APPLE INC.|ADOBE INC.|APPLIED MATERIALS|ADV MICRO DEVICES|AMGEN|AMAZON.COM INC|APPLOVIN CORP CLA CM|BROADCOM INC.|BOOKING HOLDINGS INC|COSTCO WHOLESALE|CISCO SYSTEMS INC.|GILEAD SCIENCES, INC|ALPHABET CL C CAP|ALPHABET CL A CMN|HONEYWELL INTL INC|INTUIT INC|INTUITIVE SURG, INC.|LINDE PLC|META PLATFORMS, INC.|MICROSOFT CORP|MICRON TECHNOLOGY|NETFLIX, INC.|NVIDIA CORPORATION|PALO ALTO NTWKS CM|PEPSICO INC|PALANTIR TECH CL A|QUALCOMM INC|SHOPIFY INC.|T-MOBILE US CMN|TESLA, INC.|TEXAS INSTRUMENTS"
2025-09-30,31,AAPL|ADBE|AMAT|AMD|AMGN|AMZN|APP|AVGO|BKNG|COST|CSCO|GILD|GOOG|GOOGL|HON|INTU|ISRG|LIN|META|MSFT|MU|NFLX|NVDA|PANW|PEP|PLTR|QCOM|SHOP|TMUS|TSLA|TXN,"APPLE INC.|ADOBE INC.|APPLIED MATERIALS|ADV MICRO DEVICES|AMGEN|AMAZON.COM INC|APPLOVIN CORP CLA CM|BROADCOM INC.|BOOKING HOLDINGS INC|COSTCO WHOLESALE|CISCO SYSTEMS INC.|GILEAD SCIENCES, INC|ALPHABET CL C CAP|ALPHABET CL A CMN|HONEYWELL INTL INC|INTUIT INC|INTUITIVE SURG, INC.|LINDE PLC|META PLATFORMS, INC.|MICROSOFT CORP|MICRON TECHNOLOGY|NETFLIX, INC.|NVIDIA CORPORATION|PALO ALTO NTWKS CM|PEPSICO INC|PALANTIR TECH CL A|QUALCOMM INC|SHOPIFY INC.|T-MOBILE US CMN|TESLA, INC.|TEXAS INSTRUMENTS"
2025-10-01,31,AAPL|ADBE|AMAT|AMD|AMGN|AMZN|APP|AVGO|BKNG|COST|CSCO|GILD|GOOG|GOOGL|HON|INTU|ISRG|LIN|META|MSFT|MU|NFLX|NVDA|PANW|PEP|PLTR|QCOM|SHOP|TMUS|TSLA|TXN,"APPLE INC.|ADOBE INC.|APPLIED MATERIALS|ADV MICRO DEVICES|AMGEN|AMAZON.COM INC|APPLOVIN CORP CLA CM|BROADCOM INC.|BOOKING HOLDINGS INC|COSTCO WHOLESALE|CISCO SYSTEMS INC.|GILEAD SCIENCES, INC|ALPHABET CL C CAP|ALPHABET CL A CMN|HONEYWELL INTL INC|INTUIT INC|INTUITIVE SURG, INC.|LINDE PLC|META PLATFORMS, INC.|MICROSOFT CORP|MICRON TECHNOLOGY|NETFLIX, INC.|NVIDIA CORPORATION|PALO ALTO NTWKS CM|PEPSICO INC|PALANTIR TECH CL A|QUALCOMM INC|SHOPIFY INC.|T-MOBILE US CMN|TESLA, INC.|TEXAS INSTRUMENTS"
2025-10-02,31,AAPL|ADBE|AMAT|AMD|AMGN|AMZN|APP|AVGO|BKNG|COST|CSCO|GILD|GOOG|GOOGL|HON|INTU|ISRG|LIN|META|MSFT|MU|NFLX|NVDA|PANW|PEP|PLTR|QCOM|SHOP|TMUS|TSLA|TXN,"APPLE INC.|ADOBE INC.|APPLIED MATERIALS|ADV MICRO DEVICES|AMGEN|AMAZON.COM INC|APPLOVIN CORP CLA CM|BROADCOM INC.|BOOKING HOLDINGS INC|COSTCO WHOLESALE|CISCO SYSTEMS INC.|GILEAD SCIENCES, INC|ALPHABET CL C CAP|ALPHABET CL A CMN|HONEYWELL INTL INC|INTUIT INC|INTUITIVE SURG, INC.|LINDE PLC|META PLATFORMS, INC.|MICROSOFT CORP|MICRON TECHNOLOGY|NETFLIX, INC.|NVIDIA CORPORATION|PALO ALTO NTWKS CM|PEPSICO INC|PALANTIR TECH CL A|QUALCOMM INC|SHOPIFY INC.|T-MOBILE US CMN|TESLA, INC.|TEXAS INSTRUMENTS"
2025-10-03,31,AAPL|ADBE|AMAT|AMD|AMGN|AMZN|APP|AVGO|BKNG|COST|CSCO|GILD|GOOG|GOOGL|HON|INTU|ISRG|LIN|META|MSFT|MU|NFLX|NVDA|PANW|PEP|PLTR|QCOM|SHOP|TMUS|TSLA|TXN,"APPLE INC.|ADOBE INC.|APPLIED MATERIALS|ADV MICRO DEVICES|AMGEN|AMAZON.COM INC|APPLOVIN CORP CLA CM|BROADCOM INC.|BOOKING HOLDINGS INC|COSTCO WHOLESALE|CISCO SYSTEMS INC.|GILEAD SCIENCES, INC|ALPHABET CL C CAP|ALPHABET CL A CMN|HONEYWELL INTL INC|INTUIT INC|INTUITIVE SURG, INC.|LINDE PLC|META PLATFORMS, INC.|MICROSOFT CORP|MICRON TECHNOLOGY|NETFLIX, INC.|NVIDIA CORPORATION|PALO ALTO NTWKS CM|PEPSICO INC|PALANTIR TECH CL A|QUALCOMM INC|SHOPIFY INC.|T-MOBILE US CMN|TESLA, INC.|TEXAS INSTRUMENTS"
2025-10-06,31,AAPL|ADBE|AMAT|AMD|AMGN|AMZN|APP|AVGO|BKNG|COST|CSCO|GILD|GOOG|GOOGL|HON|INTU|ISRG|LIN|META|MSFT|MU|NFLX|NVDA|PANW|PEP|PLTR|QCOM|SHOP|TMUS|TSLA|TXN,"APPLE INC.|ADOBE INC.|APPLIED MATERIALS|ADV MICRO DEVICES|AMGEN|AMAZON.COM INC|APPLOVIN CORP CLA CM|BROADCOM INC.|BOOKING HOLDINGS INC|COSTCO WHOLESALE|CISCO SYSTEMS INC.|GILEAD SCIENCES, INC|ALPHABET CL C CAP|ALPHABET CL A CMN|HONEYWELL INTL INC|INTUIT INC|INTUITIVE SURG, INC.|LINDE PLC|META PLATFORMS, INC.|MICROSOFT CORP|MICRON TECHNOLOGY|NETFLIX, INC.|NVIDIA CORPORATION|PALO ALTO NTWKS CM|PEPSICO INC|PALANTIR TECH CL A|QUALCOMM INC|SHOPIFY INC.|T-MOBILE US CMN|TESLA, INC.|TEXAS INSTRUMENTS"
2025-10-07,31,AAPL|ADBE|AMAT|AMD|AMGN|AMZN|APP|AVGO|BKNG|COST|CSCO|GILD|GOOG|GOOGL|HON|INTU|ISRG|LIN|META|MSFT|MU|NFLX|NVDA|PANW|PEP|PLTR|QCOM|SHOP|TMUS|TSLA|TXN,"APPLE INC.|ADOBE INC.|APPLIED MATERIALS|ADV MICRO DEVICES|AMGEN|AMAZON.COM INC|APPLOVIN CORP CLA CM|BROADCOM INC.|BOOKING HOLDINGS INC|COSTCO WHOLESALE|CISCO SYSTEMS INC.|GILEAD SCIENCES, INC|ALPHABET CL C CAP|ALPHABET CL A CMN|HONEYWELL INTL INC|INTUIT INC|INTUITIVE SURG, INC.|LINDE PLC|META PLATFORMS, INC.|MICROSOFT CORP|MICRON TECHNOLOGY|NETFLIX, INC.|NVIDIA CORPORATION|PALO ALTO NTWKS CM|PEPSICO INC|PALANTIR TECH CL A|QUALCOMM INC|SHOPIFY INC.|T-MOBILE US CMN|TESLA, INC.|TEXAS INSTRUMENTS"
2025-10-08,31,AAPL|ADBE|AMAT|AMD|AMGN|AMZN|APP|AVGO|BKNG|COST|CSCO|GILD|GOOG|GOOGL|HON|INTU|ISRG|LIN|META|MSFT|MU|NFLX|NVDA|PANW|PEP|PLTR|QCOM|SHOP|TMUS|TSLA|TXN,"APPLE INC.|ADOBE INC.|APPLIED MATERIALS|ADV MICRO DEVICES|AMGEN|AMAZON.COM INC|APPLOVIN CORP CLA CM|BROADCOM INC.|BOOKING HOLDINGS INC|COSTCO WHOLESALE|CISCO SYSTEMS INC.|GILEAD SCIENCES, INC|ALPHABET CL C CAP|ALPHABET CL A CMN|HONEYWELL INTL INC|INTUIT INC|INTUITIVE SURG, INC.|LINDE PLC|META PLATFORMS, INC.|MICROSOFT CORP|MICRON TECHNOLOGY|NETFLIX, INC.|NVIDIA CORPORATION|PALO ALTO NTWKS CM|PEPSICO INC|PALANTIR TECH CL A|QUALCOMM INC|SHOPIFY INC.|T-MOBILE US CMN|TESLA, INC.|TEXAS INSTRUMENTS"
2025-10-09,31,AAPL|ADBE|AMAT|AMD|AMGN|AMZN|APP|AVGO|BKNG|COST|CSCO|GILD|GOOG|GOOGL|HON|INTU|ISRG|LIN|META|MSFT|MU|NFLX|NVDA|PANW|PEP|PLTR|QCOM|SHOP|TMUS|TSLA|TXN,"APPLE INC.|ADOBE INC.|APPLIED MATERIALS|ADV MICRO DEVICES|AMGEN|AMAZON.COM INC|APPLOVIN CORP CLA CM|BROADCOM INC.|BOOKING HOLDINGS INC|COSTCO WHOLESALE|CISCO SYSTEMS INC.|GILEAD SCIENCES, INC|ALPHABET CL C CAP|ALPHABET CL A CMN|HONEYWELL INTL INC|INTUIT INC|INTUITIVE SURG, INC.|LINDE PLC|META PLATFORMS, INC.|MICROSOFT CORP|MICRON TECHNOLOGY|NETFLIX, INC.|NVIDIA CORPORATION|PALO ALTO NTWKS CM|PEPSICO INC|PALANTIR TECH CL A|QUALCOMM INC|SHOPIFY INC.|T-MOBILE US CMN|TESLA, INC.|TEXAS INSTRUMENTS"
2025-10-10,31,AAPL|ADBE|AMAT|AMD|AMGN|AMZN|APP|AVGO|BKNG|COST|CSCO|GILD|GOOG|GOOGL|HON|INTU|ISRG|LIN|META|MSFT|MU|NFLX|NVDA|PANW|PEP|PLTR|QCOM|SHOP|TMUS|TSLA|TXN,"APPLE INC.|ADOBE INC.|APPLIED MATERIALS|ADV MICRO DEVICES|AMGEN|AMAZON.COM INC|APPLOVIN CORP CLA CM|BROADCOM INC.|BOOKING HOLDINGS INC|COSTCO WHOLESALE|CISCO SYSTEMS INC.|GILEAD SCIENCES, INC|ALPHABET CL C CAP|ALPHABET CL A CMN|HONEYWELL INTL INC|INTUIT INC|INTUITIVE SURG, INC.|LINDE PLC|META PLATFORMS, INC.|MICROSOFT CORP|MICRON TECHNOLOGY|NETFLIX, INC.|NVIDIA CORPORATION|PALO ALTO NTWKS CM|PEPSICO INC|PALANTIR TECH CL A|QUALCOMM INC|SHOPIFY INC.|T-MOBILE US CMN|TESLA, INC.|TEXAS INSTRUMENTS"
2025-10-13,31,AAPL|ADBE|AMAT|AMD|AMGN|AMZN|APP|AVGO|BKNG|COST|CSCO|GILD|GOOG|GOOGL|HON|INTU|ISRG|LIN|META|MSFT|MU|NFLX|NVDA|PANW|PEP|PLTR|QCOM|SHOP|TMUS|TSLA|TXN,"APPLE INC.|ADOBE INC.|APPLIED MATERIALS|ADV MICRO DEVICES|AMGEN|AMAZON.COM INC|APPLOVIN CORP CLA CM|BROADCOM INC.|BOOKING HOLDINGS INC|COSTCO WHOLESALE|CISCO SYSTEMS INC.|GILEAD SCIENCES, INC|ALPHABET CL C CAP|ALPHABET CL A CMN|HONEYWELL INTL INC|INTUIT INC|INTUITIVE SURG, INC.|LINDE PLC|META PLATFORMS, INC.|MICROSOFT CORP|MICRON TECHNOLOGY|NETFLIX, INC.|NVIDIA CORPORATION|PALO ALTO NTWKS CM|PEPSICO INC|PALANTIR TECH CL A|QUALCOMM INC|SHOPIFY INC.|T-MOBILE US CMN|TESLA, INC.|TEXAS INSTRUMENTS"
2025-10-14,31,AAPL|ADBE|AMAT|AMD|AMGN|AMZN|APP|AVGO|BKNG|COST|CSCO|GILD|GOOG|GOOGL|HON|INTU|ISRG|LIN|META|MSFT|MU|NFLX|NVDA|PANW|PEP|PLTR|QCOM|SHOP|TMUS|TSLA|TXN,"APPLE INC.|ADOBE INC.|APPLIED MATERIALS|ADV MICRO DEVICES|AMGEN|AMAZON.COM INC|APPLOVIN CORP CLA CM|BROADCOM INC.|BOOKING HOLDINGS INC|COSTCO WHOLESALE|CISCO SYSTEMS INC.|GILEAD SCIENCES, INC|ALPHABET CL C CAP|ALPHABET CL A CMN|HONEYWELL INTL INC|INTUIT INC|INTUITIVE SURG, INC.|LINDE PLC|META PLATFORMS, INC.|MICROSOFT CORP|MICRON TECHNOLOGY|NETFLIX, INC.|NVIDIA CORPORATION|PALO ALTO NTWKS CM|PEPSICO INC|PALANTIR TECH CL A|QUALCOMM INC|SHOPIFY INC.|T-MOBILE US CMN|TESLA, INC.|TEXAS INSTRUMENTS"
2025-10-15,31,AAPL|ADBE|AMAT|AMD|AMGN|AMZN|APP|AVGO|BKNG|COST|CSCO|GILD|GOOG|GOOGL|HON|INTU|ISRG|LIN|META|MSFT|MU|NFLX|NVDA|PANW|PEP|PLTR|QCOM|SHOP|TMUS|TSLA|TXN,"APPLE INC.|ADOBE INC.|APPLIED MATERIALS|ADV MICRO DEVICES|AMGEN|AMAZON.COM INC|APPLOVIN CORP CLA CM|BROADCOM INC.|BOOKING HOLDINGS INC|COSTCO WHOLESALE|CISCO SYSTEMS INC.|GILEAD SCIENCES, INC|ALPHABET CL C CAP|ALPHABET CL A CMN|HONEYWELL INTL INC|INTUIT INC|INTUITIVE SURG, INC.|LINDE PLC|META PLATFORMS, INC.|MICROSOFT CORP|MICRON TECHNOLOGY|NETFLIX, INC.|NVIDIA CORPORATION|PALO ALTO NTWKS CM|PEPSICO INC|PALANTIR TECH CL A|QUALCOMM INC|SHOPIFY INC.|T-MOBILE US CMN|TESLA, INC.|TEXAS INSTRUMENTS"
2025-10-16,31,AAPL|ADBE|AMAT|AMD|AMGN|AMZN|APP|AVGO|BKNG|COST|CSCO|GILD|GOOG|GOOGL|HON|INTU|ISRG|LIN|META|MSFT|MU|NFLX|NVDA|PANW|PEP|PLTR|QCOM|SHOP|TMUS|TSLA|TXN,"APPLE INC.|ADOBE INC.|APPLIED MATERIALS|ADV MICRO DEVICES|AMGEN|AMAZON.COM INC|APPLOVIN CORP CLA CM|BROADCOM INC.|BOOKING HOLDINGS INC|COSTCO WHOLESALE|CISCO SYSTEMS INC.|GILEAD SCIENCES, INC|ALPHABET CL C CAP|ALPHABET CL A CMN|HONEYWELL INTL INC|INTUIT INC|INTUITIVE SURG, INC.|LINDE PLC|META PLATFORMS, INC.|MICROSOFT CORP|MICRON TECHNOLOGY|NETFLIX, INC.|NVIDIA CORPORATION|PALO ALTO NTWKS CM|PEPSICO INC|PALANTIR TECH CL A|QUALCOMM INC|SHOPIFY INC.|T-MOBILE US CMN|TESLA, INC.|TEXAS INSTRUMENTS"
2025-10-17,31,AAPL|ADBE|AMAT|AMD|AMGN|AMZN|APP|AVGO|BKNG|COST|CSCO|GILD|GOOG|GOOGL|HON|INTU|ISRG|LIN|META|MSFT|MU|NFLX|NVDA|PANW|PEP|PLTR|QCOM|SHOP|TMUS|TSLA|TXN,"APPLE INC.|ADOBE INC.|APPLIED MATERIALS|ADV MICRO DEVICES|AMGEN|AMAZON.COM INC|APPLOVIN CORP CLA CM|BROADCOM INC.|BOOKING HOLDINGS INC|COSTCO WHOLESALE|CISCO SYSTEMS INC.|GILEAD SCIENCES, INC|ALPHABET CL C CAP|ALPHABET CL A CMN|HONEYWELL INTL INC|INTUIT INC|INTUITIVE SURG, INC.|LINDE PLC|META PLATFORMS, INC.|MICROSOFT CORP|MICRON TECHNOLOGY|NETFLIX, INC.|NVIDIA CORPORATION|PALO ALTO NTWKS CM|PEPSICO INC|PALANTIR TECH CL A|QUALCOMM INC|SHOPIFY INC.|T-MOBILE US CMN|TESLA, INC.|TEXAS INSTRUMENTS"
2025-10-20,31,AAPL|ADBE|AMAT|AMD|AMGN|AMZN|APP|AVGO|BKNG|COST|CSCO|GILD|GOOG|GOOGL|HON|INTU|ISRG|LIN|META|MSFT|MU|NFLX|NVDA|PANW|PEP|PLTR|QCOM|SHOP|TMUS|TSLA|TXN,"APPLE INC.|ADOBE INC.|APPLIED MATERIALS|ADV MICRO DEVICES|AMGEN|AMAZON.COM INC|APPLOVIN CORP CLA CM|BROADCOM INC.|BOOKING HOLDINGS INC|COSTCO WHOLESALE|CISCO SYSTEMS INC.|GILEAD SCIENCES, INC|ALPHABET CL C CAP|ALPHABET CL A CMN|HONEYWELL INTL INC|INTUIT INC|INTUITIVE SURG, INC.|LINDE PLC|META PLATFORMS, INC.|MICROSOFT CORP|MICRON TECHNOLOGY|NETFLIX, INC.|NVIDIA CORPORATION|PALO ALTO NTWKS CM|PEPSICO INC|PALANTIR TECH CL A|QUALCOMM INC|SHOPIFY INC.|T-MOBILE US CMN|TESLA, INC.|TEXAS INSTRUMENTS"
2025-10-21,31,AAPL|ADBE|AMAT|AMD|AMGN|AMZN|APP|AVGO|BKNG|COST|CSCO|GILD|GOOG|GOOGL|HON|INTU|ISRG|LIN|META|MSFT|MU|NFLX|NVDA|PANW|PEP|PLTR|QCOM|SHOP|TMUS|TSLA|TXN,"APPLE INC.|ADOBE INC.|APPLIED MATERIALS|ADV MICRO DEVICES|AMGEN|AMAZON.COM INC|APPLOVIN CORP CLA CM|BROADCOM INC.|BOOKING HOLDINGS INC|COSTCO WHOLESALE|CISCO SYSTEMS INC.|GILEAD SCIENCES, INC|ALPHABET CL C CAP|ALPHABET CL A CMN|HONEYWELL INTL INC|INTUIT INC|INTUITIVE SURG, INC.|LINDE PLC|META PLATFORMS, INC.|MICROSOFT CORP|MICRON TECHNOLOGY|NETFLIX, INC.|NVIDIA CORPORATION|PALO ALTO NTWKS CM|PEPSICO INC|PALANTIR TECH CL A|QUALCOMM INC|SHOPIFY INC.|T-MOBILE US CMN|TESLA, INC.|TEXAS INSTRUMENTS"
2025-10-22,31,AAPL|ADBE|AMAT|AMD|AMGN|AMZN|APP|AVGO|BKNG|COST|CSCO|GILD|GOOG|GOOGL|HON|INTU|ISRG|LIN|META|MSFT|MU|NFLX|NVDA|PANW|PEP|PLTR|QCOM|SHOP|TMUS|TSLA|TXN,"APPLE INC.|ADOBE INC.|APPLIED MATERIALS|ADV MICRO DEVICES|AMGEN|AMAZON.COM INC|APPLOVIN CORP CLA CM|BROADCOM INC.|BOOKING HOLDINGS INC|COSTCO WHOLESALE|CISCO SYSTEMS INC.|GILEAD SCIENCES, INC|ALPHABET CL C CAP|ALPHABET CL A CMN|HONEYWELL INTL INC|INTUIT INC|INTUITIVE SURG, INC.|LINDE PLC|META PLATFORMS, INC.|MICROSOFT CORP|MICRON TECHNOLOGY|NETFLIX, INC.|NVIDIA CORPORATION|PALO ALTO NTWKS CM|PEPSICO INC|PALANTIR TECH CL A|QUALCOMM INC|SHOPIFY INC.|T-MOBILE US CMN|TESLA, INC.|TEXAS INSTRUMENTS"
2025-10-23,31,AAPL|ADBE|AMAT|AMD|AMGN|AMZN|APP|AVGO|BKNG|COST|CSCO|GILD|GOOG|GOOGL|HON|INTU|ISRG|LIN|META|MSFT|MU|NFLX|NVDA|PANW|PEP|PLTR|QCOM|SHOP|TMUS|TSLA|TXN,"APPLE INC.|ADOBE INC.|APPLIED MATERIALS|ADV MICRO DEVICES|AMGEN|AMAZON.COM INC|APPLOVIN CORP CLA CM|BROADCOM INC.|BOOKING HOLDINGS INC|COSTCO WHOLESALE|CISCO SYSTEMS INC.|GILEAD SCIENCES, INC|ALPHABET CL C CAP|ALPHABET CL A CMN|HONEYWELL INTL INC|INTUIT INC|INTUITIVE SURG, INC.|LINDE PLC|META PLATFORMS, INC.|MICROSOFT CORP|MICRON TECHNOLOGY|NETFLIX, INC.|NVIDIA CORPORATION|PALO ALTO NTWKS CM|PEPSICO INC|PALANTIR TECH CL A|QUALCOMM INC|SHOPIFY INC.|T-MOBILE US CMN|TESLA, INC.|TEXAS INSTRUMENTS"
2025-10-24,31,AAPL|ADBE|AMAT|AMD|AMGN|AMZN|APP|AVGO|BKNG|COST|CSCO|GILD|GOOG|GOOGL|HON|INTU|ISRG|LIN|META|MSFT|MU|NFLX|NVDA|PANW|PEP|PLTR|QCOM|SHOP|TMUS|TSLA|TXN,"APPLE INC.|ADOBE INC.|APPLIED MATERIALS|ADV MICRO DEVICES|AMGEN|AMAZON.COM INC|APPLOVIN CORP CLA CM|BROADCOM INC.|BOOKING HOLDINGS INC|COSTCO WHOLESALE|CISCO SYSTEMS INC.|GILEAD SCIENCES, INC|ALPHABET CL C CAP|ALPHABET CL A CMN|HONEYWELL INTL INC|INTUIT INC|INTUITIVE SURG, INC.|LINDE PLC|META PLATFORMS, INC.|MICROSOFT CORP|MICRON TECHNOLOGY|NETFLIX, INC.|NVIDIA CORPORATION|PALO ALTO NTWKS CM|PEPSICO INC|PALANTIR TECH CL A|QUALCOMM INC|SHOPIFY INC.|T-MOBILE US CMN|TESLA, INC.|TEXAS INSTRUMENTS"
2025-10-27,31,AAPL|ADBE|AMAT|AMD|AMGN|AMZN|APP|AVGO|BKNG|COST|CSCO|GILD|GOOG|GOOGL|HON|INTU|ISRG|LIN|META|MSFT|MU|NFLX|NVDA|PANW|PEP|PLTR|QCOM|SHOP|TMUS|TSLA|TXN,"APPLE INC.|ADOBE INC.|APPLIED MATERIALS|ADV MICRO DEVICES|AMGEN|AMAZON.COM INC|APPLOVIN CORP CLA CM|BROADCOM INC.|BOOKING HOLDINGS INC|COSTCO WHOLESALE|CISCO SYSTEMS INC.|GILEAD SCIENCES, INC|ALPHABET CL C CAP|ALPHABET CL A CMN|HONEYWELL INTL INC|INTUIT INC|INTUITIVE SURG, INC.|LINDE PLC|META PLATFORMS, INC.|MICROSOFT CORP|MICRON TECHNOLOGY|NETFLIX, INC.|NVIDIA CORPORATION|PALO ALTO NTWKS CM|PEPSICO INC|PALANTIR TECH CL A|QUALCOMM INC|SHOPIFY INC.|T-MOBILE US CMN|TESLA, INC.|TEXAS INSTRUMENTS"
2025-10-28,31,AAPL|ADBE|AMAT|AMD|AMGN|AMZN|APP|AVGO|BKNG|COST|CSCO|GILD|GOOG|GOOGL|HON|INTU|ISRG|LIN|META|MSFT|MU|NFLX|NVDA|PANW|PEP|PLTR|QCOM|SHOP|TMUS|TSLA|TXN,"APPLE INC.|ADOBE INC.|APPLIED MATERIALS|ADV MICRO DEVICES|AMGEN|AMAZON.COM INC|APPLOVIN CORP CLA CM|BROADCOM INC.|BOOKING HOLDINGS INC|COSTCO WHOLESALE|CISCO SYSTEMS INC.|GILEAD SCIENCES, INC|ALPHABET CL C CAP|ALPHABET CL A CMN|HONEYWELL INTL INC|INTUIT INC|INTUITIVE SURG, INC.|LINDE PLC|META PLATFORMS, INC.|MICROSOFT CORP|MICRON TECHNOLOGY|NETFLIX, INC.|NVIDIA CORPORATION|PALO ALTO NTWKS CM|PEPSICO INC|PALANTIR TECH CL A|QUALCOMM INC|SHOPIFY INC.|T-MOBILE US CMN|TESLA, INC.|TEXAS INSTRUMENTS"
2025-10-29,31,AAPL|ADBE|AMAT|AMD|AMGN|AMZN|APP|AVGO|BKNG|COST|CSCO|GILD|GOOG|GOOGL|HON|INTU|ISRG|LIN|META|MSFT|MU|NFLX|NVDA|PANW|PEP|PLTR|QCOM|SHOP|TMUS|TSLA|TXN,"APPLE INC.|ADOBE INC.|APPLIED MATERIALS|ADV MICRO DEVICES|AMGEN|AMAZON.COM INC|APPLOVIN CORP CLA CM|BROADCOM INC.|BOOKING HOLDINGS INC|COSTCO WHOLESALE|CISCO SYSTEMS INC.|GILEAD SCIENCES, INC|ALPHABET CL C CAP|ALPHABET CL A CMN|HONEYWELL INTL INC|INTUIT INC|INTUITIVE SURG, INC.|LINDE PLC|META PLATFORMS, INC.|MICROSOFT CORP|MICRON TECHNOLOGY|NETFLIX, INC.|NVIDIA CORPORATION|PALO ALTO NTWKS CM|PEPSICO INC|PALANTIR TECH CL A|QUALCOMM INC|SHOPIFY INC.|T-MOBILE US CMN|TESLA, INC.|TEXAS INSTRUMENTS"
2025-10-30,32,AAPL|ADBE|AMAT|AMD|AMGN|AMZN|APP|AVGO|BKNG|COST|CSCO|GILD|GOOG|GOOGL|HON|INTU|ISRG|LIN|META|MSFT|MU|NFLX|NVDA|PANW|PEP|PLTR|QCOM|SHOP|SOLS|TMUS|TSLA|TXN,"APPLE INC.|ADOBE INC.|APPLIED MATERIALS|ADV MICRO DEVICES|AMGEN|AMAZON.COM INC|APPLOVIN CORP CLA CM|BROADCOM INC.|BOOKING HOLDINGS INC|COSTCO WHOLESALE|CISCO SYSTEMS INC.|GILEAD SCIENCES, INC|ALPHABET CL C CAP|ALPHABET CL A CMN|HONEYWELL INTL INC|INTUIT INC|INTUITIVE SURG, INC.|LINDE PLC|META PLATFORMS, INC.|MICROSOFT CORP|MICRON TECHNOLOGY|NETFLIX, INC.|NVIDIA CORPORATION|PALO ALTO NTWKS CM|PEPSICO INC|PALANTIR TECH CL A|QUALCOMM INC|SHOPIFY INC.|SOLSTICE ADV CS|T-MOBILE US CMN|TESLA, INC.|TEXAS INSTRUMENTS"
2025-10-31,32,AAPL|ADBE|AMAT|AMD|AMGN|AMZN|APP|AVGO|BKNG|COST|CSCO|GILD|GOOG|GOOGL|HON|INTU|ISRG|LIN|META|MSFT|MU|NFLX|NVDA|PANW|PEP|PLTR|QCOM|SHOP|SOLS|TMUS|TSLA|TXN,"APPLE INC.|ADOBE INC.|APPLIED MATERIALS|ADV MICRO DEVICES|AMGEN|AMAZON.COM INC|APPLOVIN CORP CLA CM|BROADCOM INC.|BOOKING HOLDINGS INC|COSTCO WHOLESALE|CISCO SYSTEMS INC.|GILEAD SCIENCES, INC|ALPHABET CL C CAP|ALPHABET CL A CMN|HONEYWELL INTL INC|INTUIT INC|INTUITIVE SURG, INC.|LINDE PLC|META PLATFORMS, INC.|MICROSOFT CORP|MICRON TECHNOLOGY|NETFLIX, INC.|NVIDIA CORPORATION|PALO ALTO NTWKS CM|PEPSICO INC|PALANTIR TECH CL A|QUALCOMM INC|SHOPIFY INC.|SOLSTICE ADV CS|T-MOBILE US CMN|TESLA, INC.|TEXAS INSTRUMENTS"
2025-11-03,32,AAPL|ADBE|AMAT|AMD|AMGN|AMZN|APP|AVGO|BKNG|COST|CSCO|GILD|GOOG|GOOGL|HON|INTU|ISRG|LIN|META|MSFT|MU|NFLX|NVDA|PANW|PEP|PLTR|QCOM|SHOP|SOLS|TMUS|TSLA|TXN,"APPLE INC.|ADOBE INC.|APPLIED MATERIALS|ADV MICRO DEVICES|AMGEN|AMAZON.COM INC|APPLOVIN CORP CLA CM|BROADCOM INC.|BOOKING HOLDINGS INC|COSTCO WHOLESALE|CISCO SYSTEMS INC.|GILEAD SCIENCES, INC|ALPHABET CL C CAP|ALPHABET CL A CMN|HONEYWELL INTL INC|INTUIT INC|INTUITIVE SURG, INC.|LINDE PLC|META PLATFORMS, INC.|MICROSOFT CORP|MICRON TECHNOLOGY|NETFLIX, INC.|NVIDIA CORPORATION|PALO ALTO NTWKS CM|PEPSICO INC|PALANTIR TECH CL A|QUALCOMM INC|SHOPIFY INC.|SOLSTICE ADV CS|T-MOBILE US CMN|TESLA, INC.|TEXAS INSTRUMENTS"
2025-11-04,32,AAPL|ADBE|AMAT|AMD|AMGN|AMZN|APP|AVGO|BKNG|COST|CSCO|GILD|GOOG|GOOGL|HON|INTU|ISRG|LIN|META|MSFT|MU|NFLX|NVDA|PANW|PEP|PLTR|QCOM|SHOP|SOLS|TMUS|TSLA|TXN,"APPLE INC.|ADOBE INC.|APPLIED MATERIALS|ADV MICRO DEVICES|AMGEN|AMAZON.COM INC|APPLOVIN CORP CLA CM|BROADCOM INC.|BOOKING HOLDINGS INC|COSTCO WHOLESALE|CISCO SYSTEMS INC.|GILEAD SCIENCES, INC|ALPHABET CL C CAP|ALPHABET CL A CMN|HONEYWELL INTL INC|INTUIT INC|INTUITIVE SURG, INC.|LINDE PLC|META PLATFORMS, INC.|MICROSOFT CORP|MICRON TECHNOLOGY|NETFLIX, INC.|NVIDIA CORPORATION|PALO ALTO NTWKS CM|PEPSICO INC|PALANTIR TECH CL A|QUALCOMM INC|SHOPIFY INC.|SOLSTICE ADV CS|T-MOBILE US CMN|TESLA, INC.|TEXAS INSTRUMENTS"
2025-11-05,32,AAPL|ADBE|AMAT|AMD|AMGN|AMZN|APP|AVGO|BKNG|COST|CSCO|GILD|GOOG|GOOGL|HON|INTU|ISRG|LIN|META|MSFT|MU|NFLX|NVDA|PANW|PEP|PLTR|QCOM|SHOP|SOLS|TMUS|TSLA|TXN,"APPLE INC.|ADOBE INC.|APPLIED MATERIALS|ADV MICRO DEVICES|AMGEN|AMAZON.COM INC|APPLOVIN CORP CLA CM|BROADCOM INC.|BOOKING HOLDINGS INC|COSTCO WHOLESALE|CISCO SYSTEMS INC.|GILEAD SCIENCES, INC|ALPHABET CL C CAP|ALPHABET CL A CMN|HONEYWELL INTL INC|INTUIT INC|INTUITIVE SURG, INC.|LINDE PLC|META PLATFORMS, INC.|MICROSOFT CORP|MICRON TECHNOLOGY|NETFLIX, INC.|NVIDIA CORPORATION|PALO ALTO NTWKS CM|PEPSICO INC|PALANTIR TECH CL A|QUALCOMM INC|SHOPIFY INC.|SOLSTICE ADV CS|T-MOBILE US CMN|TESLA, INC.|TEXAS INSTRUMENTS"
2025-11-06,32,AAPL|ADBE|AMAT|AMD|AMGN|AMZN|APP|AVGO|BKNG|COST|CSCO|GILD|GOOG|GOOGL|HON|INTU|ISRG|LIN|META|MSFT|MU|NFLX|NVDA|PANW|PEP|PLTR|QCOM|SHOP|SOLS|TMUS|TSLA|TXN,"APPLE INC.|ADOBE INC.|APPLIED MATERIALS|ADV MICRO DEVICES|AMGEN|AMAZON.COM INC|APPLOVIN CORP CLA CM|BROADCOM INC.|BOOKING HOLDINGS INC|COSTCO WHOLESALE|CISCO SYSTEMS INC.|GILEAD SCIENCES, INC|ALPHABET CL C CAP|ALPHABET CL A CMN|HONEYWELL INTL INC|INTUIT INC|INTUITIVE SURG, INC.|LINDE PLC|META PLATFORMS, INC.|MICROSOFT CORP|MICRON TECHNOLOGY|NETFLIX, INC.|NVIDIA CORPORATION|PALO ALTO NTWKS CM|PEPSICO INC|PALANTIR TECH CL A|QUALCOMM INC|SHOPIFY INC.|SOLSTICE ADV CS|T-MOBILE US CMN|TESLA, INC.|TEXAS INSTRUMENTS"
2025-11-07,32,AAPL|ADBE|AMAT|AMD|AMGN|AMZN|APP|AVGO|BKNG|COST|CSCO|GILD|GOOG|GOOGL|HON|INTU|ISRG|LIN|META|MSFT|MU|NFLX|NVDA|PANW|PEP|PLTR|QCOM|SHOP|SOLS|TMUS|TSLA|TXN,"APPLE INC.|ADOBE INC.|APPLIED MATERIALS|ADV MICRO DEVICES|AMGEN|AMAZON.COM INC|APPLOVIN CORP CLA CM|BROADCOM INC.|BOOKING HOLDINGS INC|COSTCO WHOLESALE|CISCO SYSTEMS INC.|GILEAD SCIENCES, INC|ALPHABET CL C CAP|ALPHABET CL A CMN|HONEYWELL INTL INC|INTUIT INC|INTUITIVE SURG, INC.|LINDE PLC|META PLATFORMS, INC.|MICROSOFT CORP|MICRON TECHNOLOGY|NETFLIX, INC.|NVIDIA CORPORATION|PALO ALTO NTWKS CM|PEPSICO INC|PALANTIR TECH CL A|QUALCOMM INC|SHOPIFY INC.|SOLSTICE ADV CS|T-MOBILE US CMN|TESLA, INC.|TEXAS INSTRUMENTS"
2025-11-10,31,AAPL|ADBE|AMAT|AMD|AMGN|AMZN|APP|AVGO|BKNG|COST|CSCO|GILD|GOOG|GOOGL|HON|INTU|ISRG|LIN|META|MSFT|MU|NFLX|NVDA|PANW|PEP|PLTR|QCOM|SHOP|TMUS|TSLA|TXN,"APPLE INC.|ADOBE INC.|APPLIED MATERIALS|ADV MICRO DEVICES|AMGEN|AMAZON.COM INC|APPLOVIN CORP CLA CM|BROADCOM INC.|BOOKING HOLDINGS INC|COSTCO WHOLESALE|CISCO SYSTEMS INC.|GILEAD SCIENCES, INC|ALPHABET CL C CAP|ALPHABET CL A CMN|HONEYWELL INTL INC|INTUIT INC|INTUITIVE SURG, INC.|LINDE PLC|META PLATFORMS, INC.|MICROSOFT CORP|MICRON TECHNOLOGY|NETFLIX, INC.|NVIDIA CORPORATION|PALO ALTO NTWKS CM|PEPSICO INC|PALANTIR TECH CL A|QUALCOMM INC|SHOPIFY INC.|T-MOBILE US CMN|TESLA, INC.|TEXAS INSTRUMENTS"
2025-11-11,31,AAPL|ADBE|AMAT|AMD|AMGN|AMZN|APP|AVGO|BKNG|COST|CSCO|GILD|GOOG|GOOGL|HON|INTU|ISRG|LIN|META|MSFT|MU|NFLX|NVDA|PANW|PEP|PLTR|QCOM|SHOP|TMUS|TSLA|TXN,"APPLE INC.|ADOBE INC.|APPLIED MATERIALS|ADV MICRO DEVICES|AMGEN|AMAZON.COM INC|APPLOVIN CORP CLA CM|BROADCOM INC.|BOOKING HOLDINGS INC|COSTCO WHOLESALE|CISCO SYSTEMS INC.|GILEAD SCIENCES, INC|ALPHABET CL C CAP|ALPHABET CL A CMN|HONEYWELL INTL INC|INTUIT INC|INTUITIVE SURG, INC.|LINDE PLC|META PLATFORMS, INC.|MICROSOFT CORP|MICRON TECHNOLOGY|NETFLIX, INC.|NVIDIA CORPORATION|PALO ALTO NTWKS CM|PEPSICO INC|PALANTIR TECH CL A|QUALCOMM INC|SHOPIFY INC.|T-MOBILE US CMN|TESLA, INC.|TEXAS INSTRUMENTS"
2025-11-12,31,AAPL|ADBE|AMAT|AMD|AMGN|AMZN|APP|AVGO|BKNG|COST|CSCO|GILD|GOOG|GOOGL|HON|INTU|ISRG|LIN|META|MSFT|MU|NFLX|NVDA|PANW|PEP|PLTR|QCOM|SHOP|TMUS|TSLA|TXN,"APPLE INC.|ADOBE INC.|APPLIED MATERIALS|ADV MICRO DEVICES|AMGEN|AMAZON.COM INC|APPLOVIN CORP CLA CM|BROADCOM INC.|BOOKING HOLDINGS INC|COSTCO WHOLESALE|CISCO SYSTEMS INC.|GILEAD SCIENCES, INC|ALPHABET CL C CAP|ALPHABET CL A CMN|HONEYWELL INTL INC|INTUIT INC|INTUITIVE SURG, INC.|LINDE PLC|META PLATFORMS, INC.|MICROSOFT CORP|MICRON TECHNOLOGY|NETFLIX, INC.|NVIDIA CORPORATION|PALO ALTO NTWKS CM|PEPSICO INC|PALANTIR TECH CL A|QUALCOMM INC|SHOPIFY INC.|T-MOBILE US CMN|TESLA, INC.|TEXAS INSTRUMENTS"
2025-11-13,31,AAPL|ADBE|AMAT|AMD|AMGN|AMZN|APP|AVGO|BKNG|COST|CSCO|GILD|GOOG|GOOGL|HON|INTU|ISRG|LIN|META|MSFT|MU|NFLX|NVDA|PANW|PEP|PLTR|QCOM|SHOP|TMUS|TSLA|TXN,"APPLE INC.|ADOBE INC.|APPLIED MATERIALS|ADV MICRO DEVICES|AMGEN|AMAZON.COM INC|APPLOVIN CORP CLA CM|BROADCOM INC.|BOOKING HOLDINGS INC|COSTCO WHOLESALE|CISCO SYSTEMS INC.|GILEAD SCIENCES, INC|ALPHABET CL C CAP|ALPHABET CL A CMN|HONEYWELL INTL INC|INTUIT INC|INTUITIVE SURG, INC.|LINDE PLC|META PLATFORMS, INC.|MICROSOFT CORP|MICRON TECHNOLOGY|NETFLIX, INC.|NVIDIA CORPORATION|PALO ALTO NTWKS CM|PEPSICO INC|PALANTIR TECH CL A|QUALCOMM INC|SHOPIFY INC.|T-MOBILE US CMN|TESLA, INC.|TEXAS INSTRUMENTS"
2025-11-14,31,AAPL|ADBE|AMAT|AMD|AMGN|AMZN|APP|AVGO|BKNG|COST|CSCO|GILD|GOOG|GOOGL|HON|INTU|ISRG|LIN|META|MSFT|MU|NFLX|NVDA|PANW|PEP|PLTR|QCOM|SHOP|TMUS|TSLA|TXN,"APPLE INC.|ADOBE INC.|APPLIED MATERIALS|ADV MICRO DEVICES|AMGEN|AMAZON.COM INC|APPLOVIN CORP CLA CM|BROADCOM INC.|BOOKING HOLDINGS INC|COSTCO WHOLESALE|CISCO SYSTEMS INC.|GILEAD SCIENCES, INC|ALPHABET CL C CAP|ALPHABET CL A CMN|HONEYWELL INTL INC|INTUIT INC|INTUITIVE SURG, INC.|LINDE PLC|META PLATFORMS, INC.|MICROSOFT CORP|MICRON TECHNOLOGY|NETFLIX, INC.|NVIDIA CORPORATION|PALO ALTO NTWKS CM|PEPSICO INC|PALANTIR TECH CL A|QUALCOMM INC|SHOPIFY INC.|T-MOBILE US CMN|TESLA, INC.|TEXAS INSTRUMENTS"
2025-11-17,31,AAPL|ADBE|AMAT|AMD|AMGN|AMZN|APP|AVGO|BKNG|COST|CSCO|GILD|GOOG|GOOGL|HON|INTU|ISRG|LIN|META|MSFT|MU|NFLX|NVDA|PANW|PEP|PLTR|QCOM|SHOP|TMUS|TSLA|TXN,"APPLE INC.|ADOBE INC.|APPLIED MATERIALS|ADV MICRO DEVICES|AMGEN|AMAZON.COM INC|APPLOVIN CORP CLA CM|BROADCOM INC.|BOOKING HOLDINGS INC|COSTCO WHOLESALE|CISCO SYSTEMS INC.|GILEAD SCIENCES, INC|ALPHABET CL C CAP|ALPHABET CL A CMN|HONEYWELL INTL INC|INTUIT INC|INTUITIVE SURG, INC.|LINDE PLC|META PLATFORMS, INC.|MICROSOFT CORP|MICRON TECHNOLOGY|NETFLIX, INC.|NVIDIA CORPORATION|PALO ALTO NTWKS CM|PEPSICO INC|PALANTIR TECH CL A|QUALCOMM INC|SHOPIFY INC.|T-MOBILE US CMN|TESLA, INC.|TEXAS INSTRUMENTS"
2025-11-18,31,AAPL|ADBE|AMAT|AMD|AMGN|AMZN|APP|AVGO|BKNG|COST|CSCO|GILD|GOOG|GOOGL|HON|INTU|ISRG|LIN|META|MSFT|MU|NFLX|NVDA|PANW|PEP|PLTR|QCOM|SHOP|TMUS|TSLA|TXN,"APPLE INC.|ADOBE INC.|APPLIED MATERIALS|ADV MICRO DEVICES|AMGEN|AMAZON.COM INC|APPLOVIN CORP CLA CM|BROADCOM INC.|BOOKING HOLDINGS INC|COSTCO WHOLESALE|CISCO SYSTEMS INC.|GILEAD SCIENCES, INC|ALPHABET CL C CAP|ALPHABET CL A CMN|HONEYWELL INTL INC|INTUIT INC|INTUITIVE SURG, INC.|LINDE PLC|META PLATFORMS, INC.|MICROSOFT CORP|MICRON TECHNOLOGY|NETFLIX, INC.|NVIDIA CORPORATION|PALO ALTO NTWKS CM|PEPSICO INC|PALANTIR TECH CL A|QUALCOMM INC|SHOPIFY INC.|T-MOBILE US CMN|TESLA, INC.|TEXAS INSTRUMENTS"
2025-11-19,31,AAPL|ADBE|AMAT|AMD|AMGN|AMZN|APP|AVGO|BKNG|COST|CSCO|GILD|GOOG|GOOGL|HON|INTU|ISRG|LIN|META|MSFT|MU|NFLX|NVDA|PANW|PEP|PLTR|QCOM|SHOP|TMUS|TSLA|TXN,"APPLE INC.|ADOBE INC.|APPLIED MATERIALS|ADV MICRO DEVICES|AMGEN|AMAZON.COM INC|APPLOVIN CORP CLA CM|BROADCOM INC.|BOOKING HOLDINGS INC|COSTCO WHOLESALE|CISCO SYSTEMS INC.|GILEAD SCIENCES, INC|ALPHABET CL C CAP|ALPHABET CL A CMN|HONEYWELL INTL INC|INTUIT INC|INTUITIVE SURG, INC.|LINDE PLC|META PLATFORMS, INC.|MICROSOFT CORP|MICRON TECHNOLOGY|NETFLIX, INC.|NVIDIA CORPORATION|PALO ALTO NTWKS CM|PEPSICO INC|PALANTIR TECH CL A|QUALCOMM INC|SHOPIFY INC.|T-MOBILE US CMN|TESLA, INC.|TEXAS INSTRUMENTS"
2025-11-20,31,AAPL|ADBE|AMAT|AMD|AMGN|AMZN|APP|AVGO|BKNG|COST|CSCO|GILD|GOOG|GOOGL|HON|INTU|ISRG|LIN|META|MSFT|MU|NFLX|NVDA|PANW|PEP|PLTR|QCOM|SHOP|TMUS|TSLA|TXN,"APPLE INC.|ADOBE INC.|APPLIED MATERIALS|ADV MICRO DEVICES|AMGEN|AMAZON.COM INC|APPLOVIN CORP CLA CM|BROADCOM INC.|BOOKING HOLDINGS INC|COSTCO WHOLESALE|CISCO SYSTEMS INC.|GILEAD SCIENCES, INC|ALPHABET CL C CAP|ALPHABET CL A CMN|HONEYWELL INTL INC|INTUIT INC|INTUITIVE SURG, INC.|LINDE PLC|META PLATFORMS, INC.|MICROSOFT CORP|MICRON TECHNOLOGY|NETFLIX, INC.|NVIDIA CORPORATION|PALO ALTO NTWKS CM|PEPSICO INC|PALANTIR TECH CL A|QUALCOMM INC|SHOPIFY INC.|T-MOBILE US CMN|TESLA, INC.|TEXAS INSTRUMENTS"
2025-11-21,31,AAPL|ADBE|AMAT|AMD|AMGN|AMZN|APP|AVGO|BKNG|COST|CSCO|GILD|GOOG|GOOGL|HON|INTU|ISRG|LIN|META|MSFT|MU|NFLX|NVDA|PANW|PEP|PLTR|QCOM|SHOP|TMUS|TSLA|TXN,"APPLE INC.|ADOBE INC.|APPLIED MATERIALS|ADV MICRO DEVICES|AMGEN|AMAZON.COM INC|APPLOVIN CORP CLA CM|BROADCOM INC.|BOOKING HOLDINGS INC|COSTCO WHOLESALE|CISCO SYSTEMS INC.|GILEAD SCIENCES, INC|ALPHABET CL C CAP|ALPHABET CL A CMN|HONEYWELL INTL INC|INTUIT INC|INTUITIVE SURG, INC.|LINDE PLC|META PLATFORMS, INC.|MICROSOFT CORP|MICRON TECHNOLOGY|NETFLIX, INC.|NVIDIA CORPORATION|PALO ALTO NTWKS CM|PEPSICO INC|PALANTIR TECH CL A|QUALCOMM INC|SHOPIFY INC.|T-MOBILE US CMN|TESLA, INC.|TEXAS INSTRUMENTS"
2025-11-24,31,AAPL|ADBE|AMAT|AMD|AMGN|AMZN|APP|AVGO|BKNG|COST|CSCO|GILD|GOOG|GOOGL|HON|INTU|ISRG|LIN|META|MSFT|MU|NFLX|NVDA|PANW|PEP|PLTR|QCOM|SHOP|TMUS|TSLA|TXN,"APPLE INC.|ADOBE INC.|APPLIED MATERIALS|ADV MICRO DEVICES|AMGEN|AMAZON.COM INC|APPLOVIN CORP CLA CM|BROADCOM INC.|BOOKING HOLDINGS INC|COSTCO WHOLESALE|CISCO SYSTEMS INC.|GILEAD SCIENCES, INC|ALPHABET CL C CAP|ALPHABET CL A CMN|HONEYWELL INTL INC|INTUIT INC|INTUITIVE SURG, INC.|LINDE PLC|META PLATFORMS, INC.|MICROSOFT CORP|MICRON TECHNOLOGY|NETFLIX, INC.|NVIDIA CORPORATION|PALO ALTO NTWKS CM|PEPSICO INC|PALANTIR TECH CL A|QUALCOMM INC|SHOPIFY INC.|T-MOBILE US CMN|TESLA, INC.|TEXAS INSTRUMENTS"
2025-11-25,31,AAPL|ADBE|AMAT|AMD|AMGN|AMZN|APP|AVGO|BKNG|COST|CSCO|GILD|GOOG|GOOGL|HON|INTU|ISRG|LIN|META|MSFT|MU|NFLX|NVDA|PANW|PEP|PLTR|QCOM|SHOP|TMUS|TSLA|TXN,"APPLE INC.|ADOBE INC.|APPLIED MATERIALS|ADV MICRO DEVICES|AMGEN|AMAZON.COM INC|APPLOVIN CORP CLA CM|BROADCOM INC.|BOOKING HOLDINGS INC|COSTCO WHOLESALE|CISCO SYSTEMS INC.|GILEAD SCIENCES, INC|ALPHABET CL C CAP|ALPHABET CL A CMN|HONEYWELL INTL INC|INTUIT INC|INTUITIVE SURG, INC.|LINDE PLC|META PLATFORMS, INC.|MICROSOFT CORP|MICRON TECHNOLOGY|NETFLIX, INC.|NVIDIA CORPORATION|PALO ALTO NTWKS CM|PEPSICO INC|PALANTIR TECH CL A|QUALCOMM INC|SHOPIFY INC.|T-MOBILE US CMN|TESLA, INC.|TEXAS INSTRUMENTS"
2025-11-26,31,AAPL|ADBE|AMAT|AMD|AMGN|AMZN|APP|AVGO|BKNG|COST|CSCO|GILD|GOOG|GOOGL|HON|INTU|ISRG|LIN|META|MSFT|MU|NFLX|NVDA|PANW|PEP|PLTR|QCOM|SHOP|TMUS|TSLA|TXN,"APPLE INC.|ADOBE INC.|APPLIED MATERIALS|ADV MICRO DEVICES|AMGEN|AMAZON.COM INC|APPLOVIN CORP CLA CM|BROADCOM INC.|BOOKING HOLDINGS INC|COSTCO WHOLESALE|CISCO SYSTEMS INC.|GILEAD SCIENCES, INC|ALPHABET CL C CAP|ALPHABET CL A CMN|HONEYWELL INTL INC|INTUIT INC|INTUITIVE SURG, INC.|LINDE PLC|META PLATFORMS, INC.|MICROSOFT CORP|MICRON TECHNOLOGY|NETFLIX, INC.|NVIDIA CORPORATION|PALO ALTO NTWKS CM|PEPSICO INC|PALANTIR TECH CL A|QUALCOMM INC|SHOPIFY INC.|T-MOBILE US CMN|TESLA, INC.|TEXAS INSTRUMENTS"
2025-11-28,31,AAPL|ADBE|AMAT|AMD|AMGN|AMZN|APP|AVGO|BKNG|COST|CSCO|GILD|GOOG|GOOGL|HON|INTU|ISRG|LIN|META|MSFT|MU|NFLX|NVDA|PANW|PEP|PLTR|QCOM|SHOP|TMUS|TSLA|TXN,"APPLE INC.|ADOBE INC.|APPLIED MATERIALS|ADV MICRO DEVICES|AMGEN|AMAZON.COM INC|APPLOVIN CORP CLA CM|BROADCOM INC.|BOOKING HOLDINGS INC|COSTCO WHOLESALE|CISCO SYSTEMS INC.|GILEAD SCIENCES, INC|ALPHABET CL C CAP|ALPHABET CL A CMN|HONEYWELL INTL INC|INTUIT INC|INTUITIVE SURG, INC.|LINDE PLC|META PLATFORMS, INC.|MICROSOFT CORP|MICRON TECHNOLOGY|NETFLIX, INC.|NVIDIA CORPORATION|PALO ALTO NTWKS CM|PEPSICO INC|PALANTIR TECH CL A|QUALCOMM INC|SHOPIFY INC.|T-MOBILE US CMN|TESLA, INC.|TEXAS INSTRUMENTS"
2025-12-01,31,AAPL|ADBE|AMAT|AMD|AMGN|AMZN|APP|AVGO|BKNG|COST|CSCO|GILD|GOOG|GOOGL|HON|INTU|ISRG|LIN|META|MSFT|MU|NFLX|NVDA|PANW|PEP|PLTR|QCOM|SHOP|TMUS|TSLA|TXN,"APPLE INC.|ADOBE INC.|APPLIED MATERIALS|ADV MICRO DEVICES|AMGEN|AMAZON.COM INC|APPLOVIN CORP CLA CM|BROADCOM INC.|BOOKING HOLDINGS INC|COSTCO WHOLESALE|CISCO SYSTEMS INC.|GILEAD SCIENCES, INC|ALPHABET CL C CAP|ALPHABET CL A CMN|HONEYWELL INTL INC|INTUIT INC|INTUITIVE SURG, INC.|LINDE PLC|META PLATFORMS, INC.|MICROSOFT CORP|MICRON TECHNOLOGY|NETFLIX, INC.|NVIDIA CORPORATION|PALO ALTO NTWKS CM|PEPSICO INC|PALANTIR TECH CL A|QUALCOMM INC|SHOPIFY INC.|T-MOBILE US CMN|TESLA, INC.|TEXAS INSTRUMENTS"
2025-12-02,31,AAPL|ADBE|AMAT|AMD|AMGN|AMZN|APP|AVGO|BKNG|COST|CSCO|GILD|GOOG|GOOGL|HON|INTU|ISRG|LIN|META|MSFT|MU|NFLX|NVDA|PANW|PEP|PLTR|QCOM|SHOP|TMUS|TSLA|TXN,"APPLE INC.|ADOBE INC.|APPLIED MATERIALS|ADV MICRO DEVICES|AMGEN|AMAZON.COM INC|APPLOVIN CORP CLA CM|BROADCOM INC.|BOOKING HOLDINGS INC|COSTCO WHOLESALE|CISCO SYSTEMS INC.|GILEAD SCIENCES, INC|ALPHABET CL C CAP|ALPHABET CL A CMN|HONEYWELL INTL INC|INTUIT INC|INTUITIVE SURG, INC.|LINDE PLC|META PLATFORMS, INC.|MICROSOFT CORP|MICRON TECHNOLOGY|NETFLIX, INC.|NVIDIA CORPORATION|PALO ALTO NTWKS CM|PEPSICO INC|PALANTIR TECH CL A|QUALCOMM INC|SHOPIFY INC.|T-MOBILE US CMN|TESLA, INC.|TEXAS INSTRUMENTS"
2025-12-03,31,AAPL|ADBE|AMAT|AMD|AMGN|AMZN|APP|AVGO|BKNG|COST|CSCO|GILD|GOOG|GOOGL|HON|INTU|ISRG|LIN|META|MSFT|MU|NFLX|NVDA|PANW|PEP|PLTR|QCOM|SHOP|TMUS|TSLA|TXN,"APPLE INC.|ADOBE INC.|APPLIED MATERIALS|ADV MICRO DEVICES|AMGEN|AMAZON.COM INC|APPLOVIN CORP CLA CM|BROADCOM INC.|BOOKING HOLDINGS INC|COSTCO WHOLESALE|CISCO SYSTEMS INC.|GILEAD SCIENCES, INC|ALPHABET CL C CAP|ALPHABET CL A CMN|HONEYWELL INTL INC|INTUIT INC|INTUITIVE SURG, INC.|LINDE PLC|META PLATFORMS, INC.|MICROSOFT CORP|MICRON TECHNOLOGY|NETFLIX, INC.|NVIDIA CORPORATION|PALO ALTO NTWKS CM|PEPSICO INC|PALANTIR TECH CL A|QUALCOMM INC|SHOPIFY INC.|T-MOBILE US CMN|TESLA, INC.|TEXAS INSTRUMENTS"
2025-12-04,31,AAPL|ADBE|AMAT|AMD|AMGN|AMZN|APP|AVGO|BKNG|COST|CSCO|GILD|GOOG|GOOGL|HON|INTU|ISRG|LIN|META|MSFT|MU|NFLX|NVDA|PANW|PEP|PLTR|QCOM|SHOP|TMUS|TSLA|TXN,"APPLE INC.|ADOBE INC.|APPLIED MATERIALS|ADV MICRO DEVICES|AMGEN|AMAZON.COM INC|APPLOVIN CORP CLA CM|BROADCOM INC.|BOOKING HOLDINGS INC|COSTCO WHOLESALE|CISCO SYSTEMS INC.|GILEAD SCIENCES, INC|ALPHABET CL C CAP|ALPHABET CL A CMN|HONEYWELL INTL INC|INTUIT INC|INTUITIVE SURG, INC.|LINDE PLC|META PLATFORMS, INC.|MICROSOFT CORP|MICRON TECHNOLOGY|NETFLIX, INC.|NVIDIA CORPORATION|PALO ALTO NTWKS CM|PEPSICO INC|PALANTIR TECH CL A|QUALCOMM INC|SHOPIFY INC.|T-MOBILE US CMN|TESLA, INC.|TEXAS INSTRUMENTS"
2025-12-05,31,AAPL|ADBE|AMAT|AMD|AMGN|AMZN|APP|AVGO|BKNG|COST|CSCO|GILD|GOOG|GOOGL|HON|INTU|ISRG|LIN|META|MSFT|MU|NFLX|NVDA|PANW|PEP|PLTR|QCOM|SHOP|TMUS|TSLA|TXN,"APPLE INC.|ADOBE INC.|APPLIED MATERIALS|ADV MICRO DEVICES|AMGEN|AMAZON.COM INC|APPLOVIN CORP CLA CM|BROADCOM INC.|BOOKING HOLDINGS INC|COSTCO WHOLESALE|CISCO SYSTEMS INC.|GILEAD SCIENCES, INC|ALPHABET CL C CAP|ALPHABET CL A CMN|HONEYWELL INTL INC|INTUIT INC|INTUITIVE SURG, INC.|LINDE PLC|META PLATFORMS, INC.|MICROSOFT CORP|MICRON TECHNOLOGY|NETFLIX, INC.|NVIDIA CORPORATION|PALO ALTO NTWKS CM|PEPSICO INC|PALANTIR TECH CL A|QUALCOMM INC|SHOPIFY INC.|T-MOBILE US CMN|TESLA, INC.|TEXAS INSTRUMENTS"
2025-12-08,31,AAPL|ADBE|AMAT|AMD|AMGN|AMZN|APP|AVGO|BKNG|COST|CSCO|GILD|GOOG|GOOGL|HON|INTU|ISRG|LIN|META|MSFT|MU|NFLX|NVDA|PANW|PEP|PLTR|QCOM|SHOP|TMUS|TSLA|TXN,"APPLE INC.|ADOBE INC.|APPLIED MATERIALS|ADV MICRO DEVICES|AMGEN|AMAZON.COM INC|APPLOVIN CORP CLA CM|BROADCOM INC.|BOOKING HOLDINGS INC|COSTCO WHOLESALE|CISCO SYSTEMS INC.|GILEAD SCIENCES, INC|ALPHABET CL C CAP|ALPHABET CL A CMN|HONEYWELL INTL INC|INTUIT INC|INTUITIVE SURG, INC.|LINDE PLC|META PLATFORMS, INC.|MICROSOFT CORP|MICRON TECHNOLOGY|NETFLIX, INC.|NVIDIA CORPORATION|PALO ALTO NTWKS CM|PEPSICO INC|PALANTIR TECH CL A|QUALCOMM INC|SHOPIFY INC.|T-MOBILE US CMN|TESLA, INC.|TEXAS INSTRUMENTS"
2025-12-09,31,AAPL|ADBE|AMAT|AMD|AMGN|AMZN|APP|AVGO|BKNG|COST|CSCO|GILD|GOOG|GOOGL|HON|INTU|ISRG|LIN|META|MSFT|MU|NFLX|NVDA|PANW|PEP|PLTR|QCOM|SHOP|TMUS|TSLA|TXN,"APPLE INC.|ADOBE INC.|APPLIED MATERIALS|ADV MICRO DEVICES|AMGEN|AMAZON.COM INC|APPLOVIN CORP CLA CM|BROADCOM INC.|BOOKING HOLDINGS INC|COSTCO WHOLESALE|CISCO SYSTEMS INC.|GILEAD SCIENCES, INC|ALPHABET CL C CAP|ALPHABET CL A CMN|HONEYWELL INTL INC|INTUIT INC|INTUITIVE SURG, INC.|LINDE PLC|META PLATFORMS, INC.|MICROSOFT CORP|MICRON TECHNOLOGY|NETFLIX, INC.|NVIDIA CORPORATION|PALO ALTO NTWKS CM|PEPSICO INC|PALANTIR TECH CL A|QUALCOMM INC|SHOPIFY INC.|T-MOBILE US CMN|TESLA, INC.|TEXAS INSTRUMENTS"
2025-12-10,31,AAPL|ADBE|AMAT|AMD|AMGN|AMZN|APP|AVGO|BKNG|COST|CSCO|GILD|GOOG|GOOGL|HON|INTU|ISRG|LIN|META|MSFT|MU|NFLX|NVDA|PANW|PEP|PLTR|QCOM|SHOP|TMUS|TSLA|TXN,"APPLE INC.|ADOBE INC.|APPLIED MATERIALS|ADV MICRO DEVICES|AMGEN|AMAZON.COM INC|APPLOVIN CORP CLA CM|BROADCOM INC.|BOOKING HOLDINGS INC|COSTCO WHOLESALE|CISCO SYSTEMS INC.|GILEAD SCIENCES, INC|ALPHABET CL C CAP|ALPHABET CL A CMN|HONEYWELL INTL INC|INTUIT INC|INTUITIVE SURG, INC.|LINDE PLC|META PLATFORMS, INC.|MICROSOFT CORP|MICRON TECHNOLOGY|NETFLIX, INC.|NVIDIA CORPORATION|PALO ALTO NTWKS CM|PEPSICO INC|PALANTIR TECH CL A|QUALCOMM INC|SHOPIFY INC.|T-MOBILE US CMN|TESLA, INC.|TEXAS INSTRUMENTS"
2025-12-11,31,AAPL|ADBE|AMAT|AMD|AMGN|AMZN|APP|AVGO|BKNG|COST|CSCO|GILD|GOOG|GOOGL|HON|INTU|ISRG|LIN|META|MSFT|MU|NFLX|NVDA|PANW|PEP|PLTR|QCOM|SHOP|TMUS|TSLA|TXN,"APPLE INC.|ADOBE INC.|APPLIED MATERIALS|ADV MICRO DEVICES|AMGEN|AMAZON.COM INC|APPLOVIN CORP CLA CM|BROADCOM INC.|BOOKING HOLDINGS INC|COSTCO WHOLESALE|CISCO SYSTEMS INC.|GILEAD SCIENCES, INC|ALPHABET CL C CAP|ALPHABET CL A CMN|HONEYWELL INTL INC|INTUIT INC|INTUITIVE SURG, INC.|LINDE PLC|META PLATFORMS, INC.|MICROSOFT CORP|MICRON TECHNOLOGY|NETFLIX, INC.|NVIDIA CORPORATION|PALO ALTO NTWKS CM|PEPSICO INC|PALANTIR TECH CL A|QUALCOMM INC|SHOPIFY INC.|T-MOBILE US CMN|TESLA, INC.|TEXAS INSTRUMENTS"
2025-12-12,31,AAPL|ADBE|AMAT|AMD|AMGN|AMZN|APP|AVGO|BKNG|COST|CSCO|GILD|GOOG|GOOGL|HON|INTU|ISRG|LIN|META|MSFT|MU|NFLX|NVDA|PANW|PEP|PLTR|QCOM|SHOP|TMUS|TSLA|TXN,"APPLE INC.|ADOBE INC.|APPLIED MATERIALS|ADV MICRO DEVICES|AMGEN|AMAZON.COM INC|APPLOVIN CORP CLA CM|BROADCOM INC.|BOOKING HOLDINGS INC|COSTCO WHOLESALE|CISCO SYSTEMS INC.|GILEAD SCIENCES, INC|ALPHABET CL C CAP|ALPHABET CL A CMN|HONEYWELL INTL INC|INTUIT INC|INTUITIVE SURG, INC.|LINDE PLC|META PLATFORMS, INC.|MICROSOFT CORP|MICRON TECHNOLOGY|NETFLIX, INC.|NVIDIA CORPORATION|PALO ALTO NTWKS CM|PEPSICO INC|PALANTIR TECH CL A|QUALCOMM INC|SHOPIFY INC.|T-MOBILE US CMN|TESLA, INC.|TEXAS INSTRUMENTS"
2025-12-15,31,AAPL|ADBE|AMAT|AMD|AMGN|AMZN|APP|AVGO|BKNG|COST|CSCO|GILD|GOOG|GOOGL|HON|INTU|ISRG|LIN|META|MSFT|MU|NFLX|NVDA|PANW|PEP|PLTR|QCOM|SHOP|TMUS|TSLA|TXN,"APPLE INC.|ADOBE INC.|APPLIED MATERIALS|ADV MICRO DEVICES|AMGEN|AMAZON.COM INC|APPLOVIN CORP CLA CM|BROADCOM INC.|BOOKING HOLDINGS INC|COSTCO WHOLESALE|CISCO SYSTEMS INC.|GILEAD SCIENCES, INC|ALPHABET CL C CAP|ALPHABET CL A CMN|HONEYWELL INTL INC|INTUIT INC|INTUITIVE SURG, INC.|LINDE PLC|META PLATFORMS, INC.|MICROSOFT CORP|MICRON TECHNOLOGY|NETFLIX, INC.|NVIDIA CORPORATION|PALO ALTO NTWKS CM|PEPSICO INC|PALANTIR TECH CL A|QUALCOMM INC|SHOPIFY INC.|T-MOBILE US CMN|TESLA, INC.|TEXAS INSTRUMENTS"
2025-12-16,31,AAPL|ADBE|AMAT|AMD|AMGN|AMZN|APP|AVGO|BKNG|COST|CSCO|GILD|GOOG|GOOGL|HON|INTU|ISRG|LIN|META|MSFT|MU|NFLX|NVDA|PANW|PEP|PLTR|QCOM|SHOP|TMUS|TSLA|TXN,"APPLE INC.|ADOBE INC.|APPLIED MATERIALS|ADV MICRO DEVICES|AMGEN|AMAZON.COM INC|APPLOVIN CORP CLA CM|BROADCOM INC.|BOOKING HOLDINGS INC|COSTCO WHOLESALE|CISCO SYSTEMS INC.|GILEAD SCIENCES, INC|ALPHABET CL C CAP|ALPHABET CL A CMN|HONEYWELL INTL INC|INTUIT INC|INTUITIVE SURG, INC.|LINDE PLC|META PLATFORMS, INC.|MICROSOFT CORP|MICRON TECHNOLOGY|NETFLIX, INC.|NVIDIA CORPORATION|PALO ALTO NTWKS CM|PEPSICO INC|PALANTIR TECH CL A|QUALCOMM INC|SHOPIFY INC.|T-MOBILE US CMN|TESLA, INC.|TEXAS INSTRUMENTS"
2025-12-17,31,AAPL|ADBE|AMAT|AMD|AMGN|AMZN|APP|AVGO|BKNG|COST|CSCO|GILD|GOOG|GOOGL|HON|INTU|ISRG|LIN|META|MSFT|MU|NFLX|NVDA|PANW|PEP|PLTR|QCOM|SHOP|TMUS|TSLA|TXN,"APPLE INC.|ADOBE INC.|APPLIED MATERIALS|ADV MICRO DEVICES|AMGEN|AMAZON.COM INC|APPLOVIN CORP CLA CM|BROADCOM INC.|BOOKING HOLDINGS INC|COSTCO WHOLESALE|CISCO SYSTEMS INC.|GILEAD SCIENCES, INC|ALPHABET CL C CAP|ALPHABET CL A CMN|HONEYWELL INTL INC|INTUIT INC|INTUITIVE SURG, INC.|LINDE PLC|META PLATFORMS, INC.|MICROSOFT CORP|MICRON TECHNOLOGY|NETFLIX, INC.|NVIDIA CORPORATION|PALO ALTO NTWKS CM|PEPSICO INC|PALANTIR TECH CL A|QUALCOMM INC|SHOPIFY INC.|T-MOBILE US CMN|TESLA, INC.|TEXAS INSTRUMENTS"
2025-12-18,31,AAPL|ADBE|AMAT|AMD|AMGN|AMZN|APP|AVGO|BKNG|COST|CSCO|GILD|GOOG|GOOGL|HON|INTU|ISRG|LIN|META|MSFT|MU|NFLX|NVDA|PANW|PEP|PLTR|QCOM|SHOP|TMUS|TSLA|TXN,"APPLE INC.|ADOBE INC.|APPLIED MATERIALS|ADV MICRO DEVICES|AMGEN|AMAZON.COM INC|APPLOVIN CORP CLA CM|BROADCOM INC.|BOOKING HOLDINGS INC|COSTCO WHOLESALE|CISCO SYSTEMS INC.|GILEAD SCIENCES, INC|ALPHABET CL C CAP|ALPHABET CL A CMN|HONEYWELL INTL INC|INTUIT INC|INTUITIVE SURG, INC.|LINDE PLC|META PLATFORMS, INC.|MICROSOFT CORP|MICRON TECHNOLOGY|NETFLIX, INC.|NVIDIA CORPORATION|PALO ALTO NTWKS CM|PEPSICO INC|PALANTIR TECH CL A|QUALCOMM INC|SHOPIFY INC.|T-MOBILE US CMN|TESLA, INC.|TEXAS INSTRUMENTS"
2025-12-19,31,AAPL|ADBE|AMAT|AMD|AMGN|AMZN|APP|AVGO|BKNG|COST|CSCO|GILD|GOOG|GOOGL|HON|INTU|ISRG|LIN|META|MSFT|MU|NFLX|NVDA|PANW|PEP|PLTR|QCOM|SHOP|TMUS|TSLA|TXN,"APPLE INC.|ADOBE INC.|APPLIED MATERIALS|ADV MICRO DEVICES|AMGEN|AMAZON.COM INC|APPLOVIN CORP CLA CM|BROADCOM INC.|BOOKING HOLDINGS INC|COSTCO WHOLESALE|CISCO SYSTEMS INC.|GILEAD SCIENCES, INC|ALPHABET CL C CAP|ALPHABET CL A CMN|HONEYWELL INTL INC|INTUIT INC|INTUITIVE SURG, INC.|LINDE PLC|META PLATFORMS, INC.|MICROSOFT CORP|MICRON TECHNOLOGY|NETFLIX, INC.|NVIDIA CORPORATION|PALO ALTO NTWKS CM|PEPSICO INC|PALANTIR TECH CL A|QUALCOMM INC|SHOPIFY INC.|T-MOBILE US CMN|TESLA, INC.|TEXAS INSTRUMENTS"
2025-12-22,31,AAPL|AMAT|AMD|AMGN|AMZN|APP|AVGO|BKNG|COST|CSCO|GILD|GOOG|GOOGL|INTC|INTU|ISRG|KLAC|LIN|LRCX|META|MSFT|MU|NFLX|NVDA|PEP|PLTR|QCOM|SHOP|TMUS|TSLA|TXN,"APPLE INC.|APPLIED MATERIALS|ADV MICRO DEVICES|AMGEN|AMAZON.COM INC|APPLOVIN CORP CLA CM|BROADCOM INC.|BOOKING HOLDINGS INC|COSTCO WHOLESALE|CISCO SYSTEMS INC.|GILEAD SCIENCES, INC|ALPHABET CL C CAP|ALPHABET CL A CMN|INTEL CORP|INTUIT INC|INTUITIVE SURG, INC.|KLA CP CMN STK|LINDE PLC|LAM RESEARCH CORP|META PLATFORMS, INC.|MICROSOFT CORP|MICRON TECHNOLOGY|NETFLIX, INC.|NVIDIA CORPORATION|PEPSICO INC|PALANTIR TECH CL A|QUALCOMM INC|SHOPIFY INC.|T-MOBILE US CMN|TESLA, INC.|TEXAS INSTRUMENTS"
2025-12-23,31,AAPL|AMAT|AMD|AMGN|AMZN|APP|AVGO|BKNG|COST|CSCO|GILD|GOOG|GOOGL|INTC|INTU|ISRG|KLAC|LIN|LRCX|META|MSFT|MU|NFLX|NVDA|PEP|PLTR|QCOM|SHOP|TMUS|TSLA|TXN,"APPLE INC.|APPLIED MATERIALS|ADV MICRO DEVICES|AMGEN|AMAZON.COM INC|APPLOVIN CORP CLA CM|BROADCOM INC.|BOOKING HOLDINGS INC|COSTCO WHOLESALE|CISCO SYSTEMS INC.|GILEAD SCIENCES, INC|ALPHABET CL C CAP|ALPHABET CL A CMN|INTEL CORP|INTUIT INC|INTUITIVE SURG, INC.|KLA CP CMN STK|LINDE PLC|LAM RESEARCH CORP|META PLATFORMS, INC.|MICROSOFT CORP|MICRON TECHNOLOGY|NETFLIX, INC.|NVIDIA CORPORATION|PEPSICO INC|PALANTIR TECH CL A|QUALCOMM INC|SHOPIFY INC.|T-MOBILE US CMN|TESLA, INC.|TEXAS INSTRUMENTS"
2025-12-24,31,AAPL|AMAT|AMD|AMGN|AMZN|APP|AVGO|BKNG|COST|CSCO|GILD|GOOG|GOOGL|INTC|INTU|ISRG|KLAC|LIN|LRCX|META|MSFT|MU|NFLX|NVDA|PEP|PLTR|QCOM|SHOP|TMUS|TSLA|TXN,"APPLE INC.|APPLIED MATERIALS|ADV MICRO DEVICES|AMGEN|AMAZON.COM INC|APPLOVIN CORP CLA CM|BROADCOM INC.|BOOKING HOLDINGS INC|COSTCO WHOLESALE|CISCO SYSTEMS INC.|GILEAD SCIENCES, INC|ALPHABET CL C CAP|ALPHABET CL A CMN|INTEL CORP|INTUIT INC|INTUITIVE SURG, INC.|KLA CP CMN STK|LINDE PLC|LAM RESEARCH CORP|META PLATFORMS, INC.|MICROSOFT CORP|MICRON TECHNOLOGY|NETFLIX, INC.|NVIDIA CORPORATION|PEPSICO INC|PALANTIR TECH CL A|QUALCOMM INC|SHOPIFY INC.|T-MOBILE US CMN|TESLA, INC.|TEXAS INSTRUMENTS"
2025-12-26,31,AAPL|AMAT|AMD|AMGN|AMZN|APP|AVGO|BKNG|COST|CSCO|GILD|GOOG|GOOGL|INTC|INTU|ISRG|KLAC|LIN|LRCX|META|MSFT|MU|NFLX|NVDA|PEP|PLTR|QCOM|SHOP|TMUS|TSLA|TXN,"APPLE INC.|APPLIED MATERIALS|ADV MICRO DEVICES|AMGEN|AMAZON.COM INC|APPLOVIN CORP CLA CM|BROADCOM INC.|BOOKING HOLDINGS INC|COSTCO WHOLESALE|CISCO SYSTEMS INC.|GILEAD SCIENCES, INC|ALPHABET CL C CAP|ALPHABET CL A CMN|INTEL CORP|INTUIT INC|INTUITIVE SURG, INC.|KLA CP CMN STK|LINDE PLC|LAM RESEARCH CORP|META PLATFORMS, INC.|MICROSOFT CORP|MICRON TECHNOLOGY|NETFLIX, INC.|NVIDIA CORPORATION|PEPSICO INC|PALANTIR TECH CL A|QUALCOMM INC|SHOPIFY INC.|T-MOBILE US CMN|TESLA, INC.|TEXAS INSTRUMENTS"
2025-12-29,31,AAPL|AMAT|AMD|AMGN|AMZN|APP|AVGO|BKNG|COST|CSCO|GILD|GOOG|GOOGL|INTC|INTU|ISRG|KLAC|LIN|LRCX|META|MSFT|MU|NFLX|NVDA|PEP|PLTR|QCOM|SHOP|TMUS|TSLA|TXN,"APPLE INC.|APPLIED MATERIALS|ADV MICRO DEVICES|AMGEN|AMAZON.COM INC|APPLOVIN CORP CLA CM|BROADCOM INC.|BOOKING HOLDINGS INC|COSTCO WHOLESALE|CISCO SYSTEMS INC.|GILEAD SCIENCES, INC|ALPHABET CL C CAP|ALPHABET CL A CMN|INTEL CORP|INTUIT INC|INTUITIVE SURG, INC.|KLA CP CMN STK|LINDE PLC|LAM RESEARCH CORP|META PLATFORMS, INC.|MICROSOFT CORP|MICRON TECHNOLOGY|NETFLIX, INC.|NVIDIA CORPORATION|PEPSICO INC|PALANTIR TECH CL A|QUALCOMM INC|SHOPIFY INC.|T-MOBILE US CMN|TESLA, INC.|TEXAS INSTRUMENTS"
2025-12-30,31,AAPL|AMAT|AMD|AMGN|AMZN|APP|AVGO|BKNG|COST|CSCO|GILD|GOOG|GOOGL|INTC|INTU|ISRG|KLAC|LIN|LRCX|META|MSFT|MU|NFLX|NVDA|PEP|PLTR|QCOM|SHOP|TMUS|TSLA|TXN,"APPLE INC.|APPLIED MATERIALS|ADV MICRO DEVICES|AMGEN|AMAZON.COM INC|APPLOVIN CORP CLA CM|BROADCOM INC.|BOOKING HOLDINGS INC|COSTCO WHOLESALE|CISCO SYSTEMS INC.|GILEAD SCIENCES, INC|ALPHABET CL C CAP|ALPHABET CL A CMN|INTEL CORP|INTUIT INC|INTUITIVE SURG, INC.|KLA CP CMN STK|LINDE PLC|LAM RESEARCH CORP|META PLATFORMS, INC.|MICROSOFT CORP|MICRON TECHNOLOGY|NETFLIX, INC.|NVIDIA CORPORATION|PEPSICO INC|PALANTIR TECH CL A|QUALCOMM INC|SHOPIFY INC.|T-MOBILE US CMN|TESLA, INC.|TEXAS INSTRUMENTS"
2025-12-31,31,AAPL|AMAT|AMD|AMGN|AMZN|APP|AVGO|BKNG|COST|CSCO|GILD|GOOG|GOOGL|INTC|INTU|ISRG|KLAC|LIN|LRCX|META|MSFT|MU|NFLX|NVDA|PEP|PLTR|QCOM|SHOP|TMUS|TSLA|TXN,"APPLE INC.|APPLIED MATERIALS|ADV MICRO DEVICES|AMGEN|AMAZON.COM INC|APPLOVIN CORP CLA CM|BROADCOM INC.|BOOKING HOLDINGS INC|COSTCO WHOLESALE|CISCO SYSTEMS INC.|GILEAD SCIENCES, INC|ALPHABET CL C CAP|ALPHABET CL A CMN|INTEL CORP|INTUIT INC|INTUITIVE SURG, INC.|KLA CP CMN STK|LINDE PLC|LAM RESEARCH CORP|META PLATFORMS, INC.|MICROSOFT CORP|MICRON TECHNOLOGY|NETFLIX, INC.|NVIDIA CORPORATION|PEPSICO INC|PALANTIR TECH CL A|QUALCOMM INC|SHOPIFY INC.|T-MOBILE US CMN|TESLA, INC.|TEXAS INSTRUMENTS"
2026-01-02,31,AAPL|AMAT|AMD|AMGN|AMZN|APP|AVGO|BKNG|COST|CSCO|GILD|GOOG|GOOGL|INTC|INTU|ISRG|KLAC|LIN|LRCX|META|MSFT|MU|NFLX|NVDA|PEP|PLTR|QCOM|SHOP|TMUS|TSLA|TXN,"APPLE INC.|APPLIED MATERIALS|ADV MICRO DEVICES|AMGEN|AMAZON.COM INC|APPLOVIN CORP CLA CM|BROADCOM INC.|BOOKING HOLDINGS INC|COSTCO WHOLESALE|CISCO SYSTEMS INC.|GILEAD SCIENCES, INC|ALPHABET CL C CAP|ALPHABET CL A CMN|INTEL CORP|INTUIT INC|INTUITIVE SURG, INC.|KLA CP CMN STK|LINDE PLC|LAM RESEARCH CORP|META PLATFORMS, INC.|MICROSOFT CORP|MICRON TECHNOLOGY|NETFLIX, INC.|NVIDIA CORPORATION|PEPSICO INC|PALANTIR TECH CL A|QUALCOMM INC|SHOPIFY INC.|T-MOBILE US CMN|TESLA, INC.|TEXAS INSTRUMENTS"
2026-01-05,31,AAPL|AMAT|AMD|AMGN|AMZN|APP|AVGO|BKNG|COST|CSCO|GILD|GOOG|GOOGL|INTC|INTU|ISRG|KLAC|LIN|LRCX|META|MSFT|MU|NFLX|NVDA|PEP|PLTR|QCOM|SHOP|TMUS|TSLA|TXN,"APPLE INC.|APPLIED MATERIALS|ADV MICRO DEVICES|AMGEN|AMAZON.COM INC|APPLOVIN CORP CLA CM|BROADCOM INC.|BOOKING HOLDINGS INC|COSTCO WHOLESALE|CISCO SYSTEMS INC.|GILEAD SCIENCES, INC|ALPHABET CL C CAP|ALPHABET CL A CMN|INTEL CORP|INTUIT INC|INTUITIVE SURG, INC.|KLA CP CMN STK|LINDE PLC|LAM RESEARCH CORP|META PLATFORMS, INC.|MICROSOFT CORP|MICRON TECHNOLOGY|NETFLIX, INC.|NVIDIA CORPORATION|PEPSICO INC|PALANTIR TECH CL A|QUALCOMM INC|SHOPIFY INC.|T-MOBILE US CMN|TESLA, INC.|TEXAS INSTRUMENTS"
2026-01-06,31,AAPL|AMAT|AMD|AMGN|AMZN|APP|AVGO|BKNG|COST|CSCO|GILD|GOOG|GOOGL|INTC|INTU|ISRG|KLAC|LIN|LRCX|META|MSFT|MU|NFLX|NVDA|PEP|PLTR|QCOM|SHOP|TMUS|TSLA|TXN,"APPLE INC.|APPLIED MATERIALS|ADV MICRO DEVICES|AMGEN|AMAZON.COM INC|APPLOVIN CORP CLA CM|BROADCOM INC.|BOOKING HOLDINGS INC|COSTCO WHOLESALE|CISCO SYSTEMS INC.|GILEAD SCIENCES, INC|ALPHABET CL C CAP|ALPHABET CL A CMN|INTEL CORP|INTUIT INC|INTUITIVE SURG, INC.|KLA CP CMN STK|LINDE PLC|LAM RESEARCH CORP|META PLATFORMS, INC.|MICROSOFT CORP|MICRON TECHNOLOGY|NETFLIX, INC.|NVIDIA CORPORATION|PEPSICO INC|PALANTIR TECH CL A|QUALCOMM INC|SHOPIFY INC.|T-MOBILE US CMN|TESLA, INC.|TEXAS INSTRUMENTS"
2026-01-07,31,AAPL|AMAT|AMD|AMGN|AMZN|APP|AVGO|BKNG|COST|CSCO|GILD|GOOG|GOOGL|INTC|INTU|ISRG|KLAC|LIN|LRCX|META|MSFT|MU|NFLX|NVDA|PEP|PLTR|QCOM|SHOP|TMUS|TSLA|TXN,"APPLE INC.|APPLIED MATERIALS|ADV MICRO DEVICES|AMGEN|AMAZON.COM INC|APPLOVIN CORP CLA CM|BROADCOM INC.|BOOKING HOLDINGS INC|COSTCO WHOLESALE|CISCO SYSTEMS INC.|GILEAD SCIENCES, INC|ALPHABET CL C CAP|ALPHABET CL A CMN|INTEL CORP|INTUIT INC|INTUITIVE SURG, INC.|KLA CP CMN STK|LINDE PLC|LAM RESEARCH CORP|META PLATFORMS, INC.|MICROSOFT CORP|MICRON TECHNOLOGY|NETFLIX, INC.|NVIDIA CORPORATION|PEPSICO INC|PALANTIR TECH CL A|QUALCOMM INC|SHOPIFY INC.|T-MOBILE US CMN|TESLA, INC.|TEXAS INSTRUMENTS"
2026-01-08,31,AAPL|AMAT|AMD|AMGN|AMZN|APP|AVGO|BKNG|COST|CSCO|GILD|GOOG|GOOGL|INTC|INTU|ISRG|KLAC|LIN|LRCX|META|MSFT|MU|NFLX|NVDA|PEP|PLTR|QCOM|SHOP|TMUS|TSLA|TXN,"APPLE INC.|APPLIED MATERIALS|ADV MICRO DEVICES|AMGEN|AMAZON.COM INC|APPLOVIN CORP CLA CM|BROADCOM INC.|BOOKING HOLDINGS INC|COSTCO WHOLESALE|CISCO SYSTEMS INC.|GILEAD SCIENCES, INC|ALPHABET CL C CAP|ALPHABET CL A CMN|INTEL CORP|INTUIT INC|INTUITIVE SURG, INC.|KLA CP CMN STK|LINDE PLC|LAM RESEARCH CORP|META PLATFORMS, INC.|MICROSOFT CORP|MICRON TECHNOLOGY|NETFLIX, INC.|NVIDIA CORPORATION|PEPSICO INC|PALANTIR TECH CL A|QUALCOMM INC|SHOPIFY INC.|T-MOBILE US CMN|TESLA, INC.|TEXAS INSTRUMENTS"
2026-01-09,31,AAPL|AMAT|AMD|AMGN|AMZN|APP|AVGO|BKNG|COST|CSCO|GILD|GOOG|GOOGL|INTC|INTU|ISRG|KLAC|LIN|LRCX|META|MSFT|MU|NFLX|NVDA|PEP|PLTR|QCOM|SHOP|TMUS|TSLA|TXN,"APPLE INC.|APPLIED MATERIALS|ADV MICRO DEVICES|AMGEN|AMAZON.COM INC|APPLOVIN CORP CLA CM|BROADCOM INC.|BOOKING HOLDINGS INC|COSTCO WHOLESALE|CISCO SYSTEMS INC.|GILEAD SCIENCES, INC|ALPHABET CL C CAP|ALPHABET CL A CMN|INTEL CORP|INTUIT INC|INTUITIVE SURG, INC.|KLA CP CMN STK|LINDE PLC|LAM RESEARCH CORP|META PLATFORMS, INC.|MICROSOFT CORP|MICRON TECHNOLOGY|NETFLIX, INC.|NVIDIA CORPORATION|PEPSICO INC|PALANTIR TECH CL A|QUALCOMM INC|SHOPIFY INC.|T-MOBILE US CMN|TESLA, INC.|TEXAS INSTRUMENTS"
2026-01-12,31,AAPL|AMAT|AMD|AMGN|AMZN|APP|AVGO|BKNG|COST|CSCO|GILD|GOOG|GOOGL|INTC|INTU|ISRG|KLAC|LIN|LRCX|META|MSFT|MU|NFLX|NVDA|PEP|PLTR|QCOM|SHOP|TMUS|TSLA|TXN,"APPLE INC.|APPLIED MATERIALS|ADV MICRO DEVICES|AMGEN|AMAZON.COM INC|APPLOVIN CORP CLA CM|BROADCOM INC.|BOOKING HOLDINGS INC|COSTCO WHOLESALE|CISCO SYSTEMS INC.|GILEAD SCIENCES, INC|ALPHABET CL C CAP|ALPHABET CL A CMN|INTEL CORP|INTUIT INC|INTUITIVE SURG, INC.|KLA CP CMN STK|LINDE PLC|LAM RESEARCH CORP|META PLATFORMS, INC.|MICROSOFT CORP|MICRON TECHNOLOGY|NETFLIX, INC.|NVIDIA CORPORATION|PEPSICO INC|PALANTIR TECH CL A|QUALCOMM INC|SHOPIFY INC.|T-MOBILE US CMN|TESLA, INC.|TEXAS INSTRUMENTS"
2026-01-13,31,AAPL|AMAT|AMD|AMGN|AMZN|APP|AVGO|BKNG|COST|CSCO|GILD|GOOG|GOOGL|INTC|INTU|ISRG|KLAC|LIN|LRCX|META|MSFT|MU|NFLX|NVDA|PEP|PLTR|QCOM|SHOP|TMUS|TSLA|TXN,"APPLE INC.|APPLIED MATERIALS|ADV MICRO DEVICES|AMGEN|AMAZON.COM INC|APPLOVIN CORP CLA CM|BROADCOM INC.|BOOKING HOLDINGS INC|COSTCO WHOLESALE|CISCO SYSTEMS INC.|GILEAD SCIENCES, INC|ALPHABET CL C CAP|ALPHABET CL A CMN|INTEL CORP|INTUIT INC|INTUITIVE SURG, INC.|KLA CP CMN STK|LINDE PLC|LAM RESEARCH CORP|META PLATFORMS, INC.|MICROSOFT CORP|MICRON TECHNOLOGY|NETFLIX, INC.|NVIDIA CORPORATION|PEPSICO INC|PALANTIR TECH CL A|QUALCOMM INC|SHOPIFY INC.|T-MOBILE US CMN|TESLA, INC.|TEXAS INSTRUMENTS"
2026-01-14,31,AAPL|AMAT|AMD|AMGN|AMZN|APP|AVGO|BKNG|COST|CSCO|GILD|GOOG|GOOGL|INTC|INTU|ISRG|KLAC|LIN|LRCX|META|MSFT|MU|NFLX|NVDA|PEP|PLTR|QCOM|SHOP|TMUS|TSLA|TXN,"APPLE INC.|APPLIED MATERIALS|ADV MICRO DEVICES|AMGEN|AMAZON.COM INC|APPLOVIN CORP CLA CM|BROADCOM INC.|BOOKING HOLDINGS INC|COSTCO WHOLESALE|CISCO SYSTEMS INC.|GILEAD SCIENCES, INC|ALPHABET CL C CAP|ALPHABET CL A CMN|INTEL CORP|INTUIT INC|INTUITIVE SURG, INC.|KLA CP CMN STK|LINDE PLC|LAM RESEARCH CORP|META PLATFORMS, INC.|MICROSOFT CORP|MICRON TECHNOLOGY|NETFLIX, INC.|NVIDIA CORPORATION|PEPSICO INC|PALANTIR TECH CL A|QUALCOMM INC|SHOPIFY INC.|T-MOBILE US CMN|TESLA, INC.|TEXAS INSTRUMENTS"
2026-01-15,31,AAPL|AMAT|AMD|AMGN|AMZN|APP|AVGO|BKNG|COST|CSCO|GILD|GOOG|GOOGL|INTC|INTU|ISRG|KLAC|LIN|LRCX|META|MSFT|MU|NFLX|NVDA|PEP|PLTR|QCOM|SHOP|TMUS|TSLA|TXN,"APPLE INC.|APPLIED MATERIALS|ADV MICRO DEVICES|AMGEN|AMAZON.COM INC|APPLOVIN CORP CLA CM|BROADCOM INC.|BOOKING HOLDINGS INC|COSTCO WHOLESALE|CISCO SYSTEMS INC.|GILEAD SCIENCES, INC|ALPHABET CL C CAP|ALPHABET CL A CMN|INTEL CORP|INTUIT INC|INTUITIVE SURG, INC.|KLA CP CMN STK|LINDE PLC|LAM RESEARCH CORP|META PLATFORMS, INC.|MICROSOFT CORP|MICRON TECHNOLOGY|NETFLIX, INC.|NVIDIA CORPORATION|PEPSICO INC|PALANTIR TECH CL A|QUALCOMM INC|SHOPIFY INC.|T-MOBILE US CMN|TESLA, INC.|TEXAS INSTRUMENTS"
2026-01-16,31,AAPL|AMAT|AMD|AMGN|AMZN|APP|AVGO|BKNG|COST|CSCO|GILD|GOOG|GOOGL|INTC|INTU|ISRG|KLAC|LIN|LRCX|META|MSFT|MU|NFLX|NVDA|PEP|PLTR|QCOM|SHOP|TMUS|TSLA|TXN,"APPLE INC.|APPLIED MATERIALS|ADV MICRO DEVICES|AMGEN|AMAZON.COM INC|APPLOVIN CORP CLA CM|BROADCOM INC.|BOOKING HOLDINGS INC|COSTCO WHOLESALE|CISCO SYSTEMS INC.|GILEAD SCIENCES, INC|ALPHABET CL C CAP|ALPHABET CL A CMN|INTEL CORP|INTUIT INC|INTUITIVE SURG, INC.|KLA CP CMN STK|LINDE PLC|LAM RESEARCH CORP|META PLATFORMS, INC.|MICROSOFT CORP|MICRON TECHNOLOGY|NETFLIX, INC.|NVIDIA CORPORATION|PEPSICO INC|PALANTIR TECH CL A|QUALCOMM INC|SHOPIFY INC.|T-MOBILE US CMN|TESLA, INC.|TEXAS INSTRUMENTS"
2026-01-20,31,AAPL|AMAT|AMD|AMGN|AMZN|APP|AVGO|BKNG|COST|CSCO|GILD|GOOG|GOOGL|INTC|INTU|ISRG|KLAC|LIN|LRCX|META|MSFT|MU|NFLX|NVDA|PEP|PLTR|QCOM|SHOP|TMUS|TSLA|TXN,"APPLE INC.|APPLIED MATERIALS|ADV MICRO DEVICES|AMGEN|AMAZON.COM INC|APPLOVIN CORP CLA CM|BROADCOM INC.|BOOKING HOLDINGS INC|COSTCO WHOLESALE|CISCO SYSTEMS INC.|GILEAD SCIENCES, INC|ALPHABET CL C CAP|ALPHABET CL A CMN|INTEL CORP|INTUIT INC|INTUITIVE SURG, INC.|KLA CP CMN STK|LINDE PLC|LAM RESEARCH CORP|META PLATFORMS, INC.|MICROSOFT CORP|MICRON TECHNOLOGY|NETFLIX, INC.|NVIDIA CORPORATION|PEPSICO INC|PALANTIR TECH CL A|QUALCOMM INC|SHOPIFY INC.|T-MOBILE US CMN|TESLA, INC.|TEXAS INSTRUMENTS"
2026-01-21,31,AAPL|AMAT|AMD|AMGN|AMZN|APP|AVGO|BKNG|COST|CSCO|GILD|GOOG|GOOGL|INTC|INTU|ISRG|KLAC|LIN|LRCX|META|MSFT|MU|NFLX|NVDA|PEP|PLTR|QCOM|SHOP|TMUS|TSLA|TXN,"APPLE INC.|APPLIED MATERIALS|ADV MICRO DEVICES|AMGEN|AMAZON.COM INC|APPLOVIN CORP CLA CM|BROADCOM INC.|BOOKING HOLDINGS INC|COSTCO WHOLESALE|CISCO SYSTEMS INC.|GILEAD SCIENCES, INC|ALPHABET CL C CAP|ALPHABET CL A CMN|INTEL CORP|INTUIT INC|INTUITIVE SURG, INC.|KLA CP CMN STK|LINDE PLC|LAM RESEARCH CORP|META PLATFORMS, INC.|MICROSOFT CORP|MICRON TECHNOLOGY|NETFLIX, INC.|NVIDIA CORPORATION|PEPSICO INC|PALANTIR TECH CL A|QUALCOMM INC|SHOPIFY INC.|T-MOBILE US CMN|TESLA, INC.|TEXAS INSTRUMENTS"
2026-01-22,31,AAPL|AMAT|AMD|AMGN|AMZN|APP|AVGO|BKNG|COST|CSCO|GILD|GOOG|GOOGL|INTC|INTU|ISRG|KLAC|LIN|LRCX|META|MSFT|MU|NFLX|NVDA|PEP|PLTR|QCOM|SHOP|TMUS|TSLA|TXN,"APPLE INC.|APPLIED MATERIALS|ADV MICRO DEVICES|AMGEN|AMAZON.COM INC|APPLOVIN CORP CLA CM|BROADCOM INC.|BOOKING HOLDINGS INC|COSTCO WHOLESALE|CISCO SYSTEMS INC.|GILEAD SCIENCES, INC|ALPHABET CL C CAP|ALPHABET CL A CMN|INTEL CORP|INTUIT INC|INTUITIVE SURG, INC.|KLA CP CMN STK|LINDE PLC|LAM RESEARCH CORP|META PLATFORMS, INC.|MICROSOFT CORP|MICRON TECHNOLOGY|NETFLIX, INC.|NVIDIA CORPORATION|PEPSICO INC|PALANTIR TECH CL A|QUALCOMM INC|SHOPIFY INC.|T-MOBILE US CMN|TESLA, INC.|TEXAS INSTRUMENTS"
2026-01-23,31,AAPL|AMAT|AMD|AMGN|AMZN|APP|AVGO|BKNG|COST|CSCO|GILD|GOOG|GOOGL|INTC|INTU|ISRG|KLAC|LIN|LRCX|META|MSFT|MU|NFLX|NVDA|PEP|PLTR|QCOM|SHOP|TMUS|TSLA|TXN,"APPLE INC.|APPLIED MATERIALS|ADV MICRO DEVICES|AMGEN|AMAZON.COM INC|APPLOVIN CORP CLA CM|BROADCOM INC.|BOOKING HOLDINGS INC|COSTCO WHOLESALE|CISCO SYSTEMS INC.|GILEAD SCIENCES, INC|ALPHABET CL C CAP|ALPHABET CL A CMN|INTEL CORP|INTUIT INC|INTUITIVE SURG, INC.|KLA CP CMN STK|LINDE PLC|LAM RESEARCH CORP|META PLATFORMS, INC.|MICROSOFT CORP|MICRON TECHNOLOGY|NETFLIX, INC.|NVIDIA CORPORATION|PEPSICO INC|PALANTIR TECH CL A|QUALCOMM INC|SHOPIFY INC.|T-MOBILE US CMN|TESLA, INC.|TEXAS INSTRUMENTS"
2026-01-26,31,AAPL|AMAT|AMD|AMGN|AMZN|APP|AVGO|BKNG|COST|CSCO|GILD|GOOG|GOOGL|INTC|INTU|ISRG|KLAC|LIN|LRCX|META|MSFT|MU|NFLX|NVDA|PEP|PLTR|QCOM|SHOP|TMUS|TSLA|TXN,"APPLE INC.|APPLIED MATERIALS|ADV MICRO DEVICES|AMGEN|AMAZON.COM INC|APPLOVIN CORP CLA CM|BROADCOM INC.|BOOKING HOLDINGS INC|COSTCO WHOLESALE|CISCO SYSTEMS INC.|GILEAD SCIENCES, INC|ALPHABET CL C CAP|ALPHABET CL A CMN|INTEL CORP|INTUIT INC|INTUITIVE SURG, INC.|KLA CP CMN STK|LINDE PLC|LAM RESEARCH CORP|META PLATFORMS, INC.|MICROSOFT CORP|MICRON TECHNOLOGY|NETFLIX, INC.|NVIDIA CORPORATION|PEPSICO INC|PALANTIR TECH CL A|QUALCOMM INC|SHOPIFY INC.|T-MOBILE US CMN|TESLA, INC.|TEXAS INSTRUMENTS"
2026-01-27,31,AAPL|AMAT|AMD|AMGN|AMZN|APP|AVGO|BKNG|COST|CSCO|GILD|GOOG|GOOGL|INTC|INTU|ISRG|KLAC|LIN|LRCX|META|MSFT|MU|NFLX|NVDA|PEP|PLTR|QCOM|SHOP|TMUS|TSLA|TXN,"APPLE INC.|APPLIED MATERIALS|ADV MICRO DEVICES|AMGEN|AMAZON.COM INC|APPLOVIN CORP CLA CM|BROADCOM INC.|BOOKING HOLDINGS INC|COSTCO WHOLESALE|CISCO SYSTEMS INC.|GILEAD SCIENCES, INC|ALPHABET CL C CAP|ALPHABET CL A CMN|INTEL CORP|INTUIT INC|INTUITIVE SURG, INC.|KLA CP CMN STK|LINDE PLC|LAM RESEARCH CORP|META PLATFORMS, INC.|MICROSOFT CORP|MICRON TECHNOLOGY|NETFLIX, INC.|NVIDIA CORPORATION|PEPSICO INC|PALANTIR TECH CL A|QUALCOMM INC|SHOPIFY INC.|T-MOBILE US CMN|TESLA, INC.|TEXAS INSTRUMENTS"
2026-01-28,31,AAPL|AMAT|AMD|AMGN|AMZN|APP|AVGO|BKNG|COST|CSCO|GILD|GOOG|GOOGL|INTC|INTU|ISRG|KLAC|LIN|LRCX|META|MSFT|MU|NFLX|NVDA|PEP|PLTR|QCOM|SHOP|TMUS|TSLA|TXN,"APPLE INC.|APPLIED MATERIALS|ADV MICRO DEVICES|AMGEN|AMAZON.COM INC|APPLOVIN CORP CLA CM|BROADCOM INC.|BOOKING HOLDINGS INC|COSTCO WHOLESALE|CISCO SYSTEMS INC.|GILEAD SCIENCES, INC|ALPHABET CL C CAP|ALPHABET CL A CMN|INTEL CORP|INTUIT INC|INTUITIVE SURG, INC.|KLA CP CMN STK|LINDE PLC|LAM RESEARCH CORP|META PLATFORMS, INC.|MICROSOFT CORP|MICRON TECHNOLOGY|NETFLIX, INC.|NVIDIA CORPORATION|PEPSICO INC|PALANTIR TECH CL A|QUALCOMM INC|SHOPIFY INC.|T-MOBILE US CMN|TESLA, INC.|TEXAS INSTRUMENTS"
2026-01-29,31,AAPL|AMAT|AMD|AMGN|AMZN|APP|AVGO|BKNG|COST|CSCO|GILD|GOOG|GOOGL|INTC|INTU|ISRG|KLAC|LIN|LRCX|META|MSFT|MU|NFLX|NVDA|PEP|PLTR|QCOM|SHOP|TMUS|TSLA|TXN,"APPLE INC.|APPLIED MATERIALS|ADV MICRO DEVICES|AMGEN|AMAZON.COM INC|APPLOVIN CORP CLA CM|BROADCOM INC.|BOOKING HOLDINGS INC|COSTCO WHOLESALE|CISCO SYSTEMS INC.|GILEAD SCIENCES, INC|ALPHABET CL C CAP|ALPHABET CL A CMN|INTEL CORP|INTUIT INC|INTUITIVE SURG, INC.|KLA CP CMN STK|LINDE PLC|LAM RESEARCH CORP|META PLATFORMS, INC.|MICROSOFT CORP|MICRON TECHNOLOGY|NETFLIX, INC.|NVIDIA CORPORATION|PEPSICO INC|PALANTIR TECH CL A|QUALCOMM INC|SHOPIFY INC.|T-MOBILE US CMN|TESLA, INC.|TEXAS INSTRUMENTS"
2026-01-30,31,AAPL|AMAT|AMD|AMGN|AMZN|APP|AVGO|BKNG|COST|CSCO|GILD|GOOG|GOOGL|INTC|INTU|ISRG|KLAC|LIN|LRCX|META|MSFT|MU|NFLX|NVDA|PEP|PLTR|QCOM|SHOP|TMUS|TSLA|TXN,"APPLE INC.|APPLIED MATERIALS|ADV MICRO DEVICES|AMGEN|AMAZON.COM INC|APPLOVIN CORP CLA CM|BROADCOM INC.|BOOKING HOLDINGS INC|COSTCO WHOLESALE|CISCO SYSTEMS INC.|GILEAD SCIENCES, INC|ALPHABET CL C CAP|ALPHABET CL A CMN|INTEL CORP|INTUIT INC|INTUITIVE SURG, INC.|KLA CP CMN STK|LINDE PLC|LAM RESEARCH CORP|META PLATFORMS, INC.|MICROSOFT CORP|MICRON TECHNOLOGY|NETFLIX, INC.|NVIDIA CORPORATION|PEPSICO INC|PALANTIR TECH CL A|QUALCOMM INC|SHOPIFY INC.|T-MOBILE US CMN|TESLA, INC.|TEXAS INSTRUMENTS"
2026-02-02,31,AAPL|AMAT|AMD|AMGN|AMZN|APP|AVGO|BKNG|COST|CSCO|GILD|GOOG|GOOGL|INTC|INTU|ISRG|KLAC|LIN|LRCX|META|MSFT|MU|NFLX|NVDA|PEP|PLTR|QCOM|SHOP|TMUS|TSLA|TXN,"APPLE INC.|APPLIED MATERIALS|ADV MICRO DEVICES|AMGEN|AMAZON.COM INC|APPLOVIN CORP CLA CM|BROADCOM INC.|BOOKING HOLDINGS INC|COSTCO WHOLESALE|CISCO SYSTEMS INC.|GILEAD SCIENCES, INC|ALPHABET CL C CAP|ALPHABET CL A CMN|INTEL CORP|INTUIT INC|INTUITIVE SURG, INC.|KLA CP CMN STK|LINDE PLC|LAM RESEARCH CORP|META PLATFORMS, INC.|MICROSOFT CORP|MICRON TECHNOLOGY|NETFLIX, INC.|NVIDIA CORPORATION|PEPSICO INC|PALANTIR TECH CL A|QUALCOMM INC|SHOPIFY INC.|T-MOBILE US CMN|TESLA, INC.|TEXAS INSTRUMENTS"
2026-02-03,31,AAPL|AMAT|AMD|AMGN|AMZN|APP|AVGO|BKNG|COST|CSCO|GILD|GOOG|GOOGL|INTC|INTU|ISRG|KLAC|LIN|LRCX|META|MSFT|MU|NFLX|NVDA|PEP|PLTR|QCOM|SHOP|TMUS|TSLA|TXN,"APPLE INC.|APPLIED MATERIALS|ADV MICRO DEVICES|AMGEN|AMAZON.COM INC|APPLOVIN CORP CLA CM|BROADCOM INC.|BOOKING HOLDINGS INC|COSTCO WHOLESALE|CISCO SYSTEMS INC.|GILEAD SCIENCES, INC|ALPHABET CL C CAP|ALPHABET CL A CMN|INTEL CORP|INTUIT INC|INTUITIVE SURG, INC.|KLA CP CMN STK|LINDE PLC|LAM RESEARCH CORP|META PLATFORMS, INC.|MICROSOFT CORP|MICRON TECHNOLOGY|NETFLIX, INC.|NVIDIA CORPORATION|PEPSICO INC|PALANTIR TECH CL A|QUALCOMM INC|SHOPIFY INC.|T-MOBILE US CMN|TESLA, INC.|TEXAS INSTRUMENTS"
2026-02-04,31,AAPL|AMAT|AMD|AMGN|AMZN|APP|AVGO|BKNG|COST|CSCO|GILD|GOOG|GOOGL|INTC|INTU|ISRG|KLAC|LIN|LRCX|META|MSFT|MU|NFLX|NVDA|PEP|PLTR|QCOM|SHOP|TMUS|TSLA|TXN,"APPLE INC.|APPLIED MATERIALS|ADV MICRO DEVICES|AMGEN|AMAZON.COM INC|APPLOVIN CORP CLA CM|BROADCOM INC.|BOOKING HOLDINGS INC|COSTCO WHOLESALE|CISCO SYSTEMS INC.|GILEAD SCIENCES, INC|ALPHABET CL C CAP|ALPHABET CL A CMN|INTEL CORP|INTUIT INC|INTUITIVE SURG, INC.|KLA CP CMN STK|LINDE PLC|LAM RESEARCH CORP|META PLATFORMS, INC.|MICROSOFT CORP|MICRON TECHNOLOGY|NETFLIX, INC.|NVIDIA CORPORATION|PEPSICO INC|PALANTIR TECH CL A|QUALCOMM INC|SHOPIFY INC.|T-MOBILE US CMN|TESLA, INC.|TEXAS INSTRUMENTS"
2026-02-05,31,AAPL|AMAT|AMD|AMGN|AMZN|APP|AVGO|BKNG|COST|CSCO|GILD|GOOG|GOOGL|INTC|INTU|ISRG|KLAC|LIN|LRCX|META|MSFT|MU|NFLX|NVDA|PEP|PLTR|QCOM|SHOP|TMUS|TSLA|TXN,"APPLE INC.|APPLIED MATERIALS|ADV MICRO DEVICES|AMGEN|AMAZON.COM INC|APPLOVIN CORP CLA CM|BROADCOM INC.|BOOKING HOLDINGS INC|COSTCO WHOLESALE|CISCO SYSTEMS INC.|GILEAD SCIENCES, INC|ALPHABET CL C CAP|ALPHABET CL A CMN|INTEL CORP|INTUIT INC|INTUITIVE SURG, INC.|KLA CP CMN STK|LINDE PLC|LAM RESEARCH CORP|META PLATFORMS, INC.|MICROSOFT CORP|MICRON TECHNOLOGY|NETFLIX, INC.|NVIDIA CORPORATION|PEPSICO INC|PALANTIR TECH CL A|QUALCOMM INC|SHOPIFY INC.|T-MOBILE US CMN|TESLA, INC.|TEXAS INSTRUMENTS"
2026-02-06,31,AAPL|AMAT|AMD|AMGN|AMZN|APP|AVGO|BKNG|COST|CSCO|GILD|GOOG|GOOGL|INTC|INTU|ISRG|KLAC|LIN|LRCX|META|MSFT|MU|NFLX|NVDA|PEP|PLTR|QCOM|SHOP|TMUS|TSLA|TXN,"APPLE INC.|APPLIED MATERIALS|ADV MICRO DEVICES|AMGEN|AMAZON.COM INC|APPLOVIN CORP CLA CM|BROADCOM INC.|BOOKING HOLDINGS INC|COSTCO WHOLESALE|CISCO SYSTEMS INC.|GILEAD SCIENCES, INC|ALPHABET CL C CAP|ALPHABET CL A CMN|INTEL CORP|INTUIT INC|INTUITIVE SURG, INC.|KLA CP CMN STK|LINDE PLC|LAM RESEARCH CORP|META PLATFORMS, INC.|MICROSOFT CORP|MICRON TECHNOLOGY|NETFLIX, INC.|NVIDIA CORPORATION|PEPSICO INC|PALANTIR TECH CL A|QUALCOMM INC|SHOPIFY INC.|T-MOBILE US CMN|TESLA, INC.|TEXAS INSTRUMENTS"
2026-02-09,31,AAPL|AMAT|AMD|AMGN|AMZN|APP|AVGO|BKNG|COST|CSCO|GILD|GOOG|GOOGL|INTC|INTU|ISRG|KLAC|LIN|LRCX|META|MSFT|MU|NFLX|NVDA|PEP|PLTR|QCOM|SHOP|TMUS|TSLA|TXN,"APPLE INC.|APPLIED MATERIALS|ADV MICRO DEVICES|AMGEN|AMAZON.COM INC|APPLOVIN CORP CLA CM|BROADCOM INC.|BOOKING HOLDINGS INC|COSTCO WHOLESALE|CISCO SYSTEMS INC.|GILEAD SCIENCES, INC|ALPHABET CL C CAP|ALPHABET CL A CMN|INTEL CORP|INTUIT INC|INTUITIVE SURG, INC.|KLA CP CMN STK|LINDE PLC|LAM RESEARCH CORP|META PLATFORMS, INC.|MICROSOFT CORP|MICRON TECHNOLOGY|NETFLIX, INC.|NVIDIA CORPORATION|PEPSICO INC|PALANTIR TECH CL A|QUALCOMM INC|SHOPIFY INC.|T-MOBILE US CMN|TESLA, INC.|TEXAS INSTRUMENTS"
2026-02-10,31,AAPL|AMAT|AMD|AMGN|AMZN|APP|AVGO|BKNG|COST|CSCO|GILD|GOOG|GOOGL|INTC|INTU|ISRG|KLAC|LIN|LRCX|META|MSFT|MU|NFLX|NVDA|PEP|PLTR|QCOM|SHOP|TMUS|TSLA|TXN,"APPLE INC.|APPLIED MATERIALS|ADV MICRO DEVICES|AMGEN|AMAZON.COM INC|APPLOVIN CORP CLA CM|BROADCOM INC.|BOOKING HOLDINGS INC|COSTCO WHOLESALE|CISCO SYSTEMS INC.|GILEAD SCIENCES, INC|ALPHABET CL C CAP|ALPHABET CL A CMN|INTEL CORP|INTUIT INC|INTUITIVE SURG, INC.|KLA CP CMN STK|LINDE PLC|LAM RESEARCH CORP|META PLATFORMS, INC.|MICROSOFT CORP|MICRON TECHNOLOGY|NETFLIX, INC.|NVIDIA CORPORATION|PEPSICO INC|PALANTIR TECH CL A|QUALCOMM INC|SHOPIFY INC.|T-MOBILE US CMN|TESLA, INC.|TEXAS INSTRUMENTS"
2026-02-11,31,AAPL|AMAT|AMD|AMGN|AMZN|APP|AVGO|BKNG|COST|CSCO|GILD|GOOG|GOOGL|INTC|INTU|ISRG|KLAC|LIN|LRCX|META|MSFT|MU|NFLX|NVDA|PEP|PLTR|QCOM|SHOP|TMUS|TSLA|TXN,"APPLE INC.|APPLIED MATERIALS|ADV MICRO DEVICES|AMGEN|AMAZON.COM INC|APPLOVIN CORP CLA CM|BROADCOM INC.|BOOKING HOLDINGS INC|COSTCO WHOLESALE|CISCO SYSTEMS INC.|GILEAD SCIENCES, INC|ALPHABET CL C CAP|ALPHABET CL A CMN|INTEL CORP|INTUIT INC|INTUITIVE SURG, INC.|KLA CP CMN STK|LINDE PLC|LAM RESEARCH CORP|META PLATFORMS, INC.|MICROSOFT CORP|MICRON TECHNOLOGY|NETFLIX, INC.|NVIDIA CORPORATION|PEPSICO INC|PALANTIR TECH CL A|QUALCOMM INC|SHOPIFY INC.|T-MOBILE US CMN|TESLA, INC.|TEXAS INSTRUMENTS"
2026-02-12,31,AAPL|AMAT|AMD|AMGN|AMZN|APP|AVGO|BKNG|COST|CSCO|GILD|GOOG|GOOGL|INTC|INTU|ISRG|KLAC|LIN|LRCX|META|MSFT|MU|NFLX|NVDA|PEP|PLTR|QCOM|SHOP|TMUS|TSLA|TXN,"APPLE INC.|APPLIED MATERIALS|ADV MICRO DEVICES|AMGEN|AMAZON.COM INC|APPLOVIN CORP CLA CM|BROADCOM INC.|BOOKING HOLDINGS INC|COSTCO WHOLESALE|CISCO SYSTEMS INC.|GILEAD SCIENCES, INC|ALPHABET CL C CAP|ALPHABET CL A CMN|INTEL CORP|INTUIT INC|INTUITIVE SURG, INC.|KLA CP CMN STK|LINDE PLC|LAM RESEARCH CORP|META PLATFORMS, INC.|MICROSOFT CORP|MICRON TECHNOLOGY|NETFLIX, INC.|NVIDIA CORPORATION|PEPSICO INC|PALANTIR TECH CL A|QUALCOMM INC|SHOPIFY INC.|T-MOBILE US CMN|TESLA, INC.|TEXAS INSTRUMENTS"
2026-02-13,31,AAPL|AMAT|AMD|AMGN|AMZN|APP|AVGO|BKNG|COST|CSCO|GILD|GOOG|GOOGL|INTC|INTU|ISRG|KLAC|LIN|LRCX|META|MSFT|MU|NFLX|NVDA|PEP|PLTR|QCOM|SHOP|TMUS|TSLA|TXN,"APPLE INC.|APPLIED MATERIALS|ADV MICRO DEVICES|AMGEN|AMAZON.COM INC|APPLOVIN CORP CLA CM|BROADCOM INC.|BOOKING HOLDINGS INC|COSTCO WHOLESALE|CISCO SYSTEMS INC.|GILEAD SCIENCES, INC|ALPHABET CL C CAP|ALPHABET CL A CMN|INTEL CORP|INTUIT INC|INTUITIVE SURG, INC.|KLA CP CMN STK|LINDE PLC|LAM RESEARCH CORP|META PLATFORMS, INC.|MICROSOFT CORP|MICRON TECHNOLOGY|NETFLIX, INC.|NVIDIA CORPORATION|PEPSICO INC|PALANTIR TECH CL A|QUALCOMM INC|SHOPIFY INC.|T-MOBILE US CMN|TESLA, INC.|TEXAS INSTRUMENTS"
2026-02-17,31,AAPL|AMAT|AMD|AMGN|AMZN|APP|AVGO|BKNG|COST|CSCO|GILD|GOOG|GOOGL|INTC|INTU|ISRG|KLAC|LIN|LRCX|META|MSFT|MU|NFLX|NVDA|PEP|PLTR|QCOM|SHOP|TMUS|TSLA|TXN,"APPLE INC.|APPLIED MATERIALS|ADV MICRO DEVICES|AMGEN|AMAZON.COM INC|APPLOVIN CORP CLA CM|BROADCOM INC.|BOOKING HOLDINGS INC|COSTCO WHOLESALE|CISCO SYSTEMS INC.|GILEAD SCIENCES, INC|ALPHABET CL C CAP|ALPHABET CL A CMN|INTEL CORP|INTUIT INC|INTUITIVE SURG, INC.|KLA CP CMN STK|LINDE PLC|LAM RESEARCH CORP|META PLATFORMS, INC.|MICROSOFT CORP|MICRON TECHNOLOGY|NETFLIX, INC.|NVIDIA CORPORATION|PEPSICO INC|PALANTIR TECH CL A|QUALCOMM INC|SHOPIFY INC.|T-MOBILE US CMN|TESLA, INC.|TEXAS INSTRUMENTS"
2026-02-18,31,AAPL|AMAT|AMD|AMGN|AMZN|APP|AVGO|BKNG|COST|CSCO|GILD|GOOG|GOOGL|INTC|INTU|ISRG|KLAC|LIN|LRCX|META|MSFT|MU|NFLX|NVDA|PEP|PLTR|QCOM|SHOP|TMUS|TSLA|TXN,"APPLE INC.|APPLIED MATERIALS|ADV MICRO DEVICES|AMGEN|AMAZON.COM INC|APPLOVIN CORP CLA CM|BROADCOM INC.|BOOKING HOLDINGS INC|COSTCO WHOLESALE|CISCO SYSTEMS INC.|GILEAD SCIENCES, INC|ALPHABET CL C CAP|ALPHABET CL A CMN|INTEL CORP|INTUIT INC|INTUITIVE SURG, INC.|KLA CP CMN STK|LINDE PLC|LAM RESEARCH CORP|META PLATFORMS, INC.|MICROSOFT CORP|MICRON TECHNOLOGY|NETFLIX, INC.|NVIDIA CORPORATION|PEPSICO INC|PALANTIR TECH CL A|QUALCOMM INC|SHOPIFY INC.|T-MOBILE US CMN|TESLA, INC.|TEXAS INSTRUMENTS"
2026-02-19,31,AAPL|AMAT|AMD|AMGN|AMZN|APP|AVGO|BKNG|COST|CSCO|GILD|GOOG|GOOGL|INTC|INTU|ISRG|KLAC|LIN|LRCX|META|MSFT|MU|NFLX|NVDA|PEP|PLTR|QCOM|SHOP|TMUS|TSLA|TXN,"APPLE INC.|APPLIED MATERIALS|ADV MICRO DEVICES|AMGEN|AMAZON.COM INC|APPLOVIN CORP CLA CM|BROADCOM INC.|BOOKING HOLDINGS INC|COSTCO WHOLESALE|CISCO SYSTEMS INC.|GILEAD SCIENCES, INC|ALPHABET CL C CAP|ALPHABET CL A CMN|INTEL CORP|INTUIT INC|INTUITIVE SURG, INC.|KLA CP CMN STK|LINDE PLC|LAM RESEARCH CORP|META PLATFORMS, INC.|MICROSOFT CORP|MICRON TECHNOLOGY|NETFLIX, INC.|NVIDIA CORPORATION|PEPSICO INC|PALANTIR TECH CL A|QUALCOMM INC|SHOPIFY INC.|T-MOBILE US CMN|TESLA, INC.|TEXAS INSTRUMENTS"
2026-02-20,31,AAPL|AMAT|AMD|AMGN|AMZN|APP|AVGO|BKNG|COST|CSCO|GILD|GOOG|GOOGL|INTC|INTU|ISRG|KLAC|LIN|LRCX|META|MSFT|MU|NFLX|NVDA|PEP|PLTR|QCOM|SHOP|TMUS|TSLA|TXN,"APPLE INC.|APPLIED MATERIALS|ADV MICRO DEVICES|AMGEN|AMAZON.COM INC|APPLOVIN CORP CLA CM|BROADCOM INC.|BOOKING HOLDINGS INC|COSTCO WHOLESALE|CISCO SYSTEMS INC.|GILEAD SCIENCES, INC|ALPHABET CL C CAP|ALPHABET CL A CMN|INTEL CORP|INTUIT INC|INTUITIVE SURG, INC.|KLA CP CMN STK|LINDE PLC|LAM RESEARCH CORP|META PLATFORMS, INC.|MICROSOFT CORP|MICRON TECHNOLOGY|NETFLIX, INC.|NVIDIA CORPORATION|PEPSICO INC|PALANTIR TECH CL A|QUALCOMM INC|SHOPIFY INC.|T-MOBILE US CMN|TESLA, INC.|TEXAS INSTRUMENTS"
2026-02-23,31,AAPL|AMAT|AMD|AMGN|AMZN|APP|AVGO|BKNG|COST|CSCO|GILD|GOOG|GOOGL|INTC|INTU|ISRG|KLAC|LIN|LRCX|META|MSFT|MU|NFLX|NVDA|PEP|PLTR|QCOM|SHOP|TMUS|TSLA|TXN,"APPLE INC.|APPLIED MATERIALS|ADV MICRO DEVICES|AMGEN|AMAZON.COM INC|APPLOVIN CORP CLA CM|BROADCOM INC.|BOOKING HOLDINGS INC|COSTCO WHOLESALE|CISCO SYSTEMS INC.|GILEAD SCIENCES, INC|ALPHABET CL C CAP|ALPHABET CL A CMN|INTEL CORP|INTUIT INC|INTUITIVE SURG, INC.|KLA CP CMN STK|LINDE PLC|LAM RESEARCH CORP|META PLATFORMS, INC.|MICROSOFT CORP|MICRON TECHNOLOGY|NETFLIX, INC.|NVIDIA CORPORATION|PEPSICO INC|PALANTIR TECH CL A|QUALCOMM INC|SHOPIFY INC.|T-MOBILE US CMN|TESLA, INC.|TEXAS INSTRUMENTS"
2026-02-24,31,AAPL|AMAT|AMD|AMGN|AMZN|APP|AVGO|BKNG|COST|CSCO|GILD|GOOG|GOOGL|INTC|INTU|ISRG|KLAC|LIN|LRCX|META|MSFT|MU|NFLX|NVDA|PEP|PLTR|QCOM|SHOP|TMUS|TSLA|TXN,"APPLE INC.|APPLIED MATERIALS|ADV MICRO DEVICES|AMGEN|AMAZON.COM INC|APPLOVIN CORP CLA CM|BROADCOM INC.|BOOKING HOLDINGS INC|COSTCO WHOLESALE|CISCO SYSTEMS INC.|GILEAD SCIENCES, INC|ALPHABET CL C CAP|ALPHABET CL A CMN|INTEL CORP|INTUIT INC|INTUITIVE SURG, INC.|KLA CP CMN STK|LINDE PLC|LAM RESEARCH CORP|META PLATFORMS, INC.|MICROSOFT CORP|MICRON TECHNOLOGY|NETFLIX, INC.|NVIDIA CORPORATION|PEPSICO INC|PALANTIR TECH CL A|QUALCOMM INC|SHOPIFY INC.|T-MOBILE US CMN|TESLA, INC.|TEXAS INSTRUMENTS"
2026-02-25,31,AAPL|AMAT|AMD|AMGN|AMZN|APP|AVGO|BKNG|COST|CSCO|GILD|GOOG|GOOGL|INTC|INTU|ISRG|KLAC|LIN|LRCX|META|MSFT|MU|NFLX|NVDA|PEP|PLTR|QCOM|SHOP|TMUS|TSLA|TXN,"APPLE INC.|APPLIED MATERIALS|ADV MICRO DEVICES|AMGEN|AMAZON.COM INC|APPLOVIN CORP CLA CM|BROADCOM INC.|BOOKING HOLDINGS INC|COSTCO WHOLESALE|CISCO SYSTEMS INC.|GILEAD SCIENCES, INC|ALPHABET CL C CAP|ALPHABET CL A CMN|INTEL CORP|INTUIT INC|INTUITIVE SURG, INC.|KLA CP CMN STK|LINDE PLC|LAM RESEARCH CORP|META PLATFORMS, INC.|MICROSOFT CORP|MICRON TECHNOLOGY|NETFLIX, INC.|NVIDIA CORPORATION|PEPSICO INC|PALANTIR TECH CL A|QUALCOMM INC|SHOPIFY INC.|T-MOBILE US CMN|TESLA, INC.|TEXAS INSTRUMENTS"
2026-02-26,31,AAPL|AMAT|AMD|AMGN|AMZN|APP|AVGO|BKNG|COST|CSCO|GILD|GOOG|GOOGL|INTC|INTU|ISRG|KLAC|LIN|LRCX|META|MSFT|MU|NFLX|NVDA|PEP|PLTR|QCOM|SHOP|TMUS|TSLA|TXN,"APPLE INC.|APPLIED MATERIALS|ADV MICRO DEVICES|AMGEN|AMAZON.COM INC|APPLOVIN CORP CLA CM|BROADCOM INC.|BOOKING HOLDINGS INC|COSTCO WHOLESALE|CISCO SYSTEMS INC.|GILEAD SCIENCES, INC|ALPHABET CL C CAP|ALPHABET CL A CMN|INTEL CORP|INTUIT INC|INTUITIVE SURG, INC.|KLA CP CMN STK|LINDE PLC|LAM RESEARCH CORP|META PLATFORMS, INC.|MICROSOFT CORP|MICRON TECHNOLOGY|NETFLIX, INC.|NVIDIA CORPORATION|PEPSICO INC|PALANTIR TECH CL A|QUALCOMM INC|SHOPIFY INC.|T-MOBILE US CMN|TESLA, INC.|TEXAS INSTRUMENTS"
2026-02-27,31,AAPL|AMAT|AMD|AMGN|AMZN|APP|AVGO|BKNG|COST|CSCO|GILD|GOOG|GOOGL|INTC|INTU|ISRG|KLAC|LIN|LRCX|META|MSFT|MU|NFLX|NVDA|PEP|PLTR|QCOM|SHOP|TMUS|TSLA|TXN,"APPLE INC.|APPLIED MATERIALS|ADV MICRO DEVICES|AMGEN|AMAZON.COM INC|APPLOVIN CORP CLA CM|BROADCOM INC.|BOOKING HOLDINGS INC|COSTCO WHOLESALE|CISCO SYSTEMS INC.|GILEAD SCIENCES, INC|ALPHABET CL C CAP|ALPHABET CL A CMN|INTEL CORP|INTUIT INC|INTUITIVE SURG, INC.|KLA CP CMN STK|LINDE PLC|LAM RESEARCH CORP|META PLATFORMS, INC.|MICROSOFT CORP|MICRON TECHNOLOGY|NETFLIX, INC.|NVIDIA CORPORATION|PEPSICO INC|PALANTIR TECH CL A|QUALCOMM INC|SHOPIFY INC.|T-MOBILE US CMN|TESLA, INC.|TEXAS INSTRUMENTS"
2026-03-02,31,AAPL|AMAT|AMD|AMGN|AMZN|APP|AVGO|BKNG|COST|CSCO|GILD|GOOG|GOOGL|INTC|INTU|ISRG|KLAC|LIN|LRCX|META|MSFT|MU|NFLX|NVDA|PEP|PLTR|QCOM|SHOP|TMUS|TSLA|TXN,"APPLE INC.|APPLIED MATERIALS|ADV MICRO DEVICES|AMGEN|AMAZON.COM INC|APPLOVIN CORP CLA CM|BROADCOM INC.|BOOKING HOLDINGS INC|COSTCO WHOLESALE|CISCO SYSTEMS INC.|GILEAD SCIENCES, INC|ALPHABET CL C CAP|ALPHABET CL A CMN|INTEL CORP|INTUIT INC|INTUITIVE SURG, INC.|KLA CP CMN STK|LINDE PLC|LAM RESEARCH CORP|META PLATFORMS, INC.|MICROSOFT CORP|MICRON TECHNOLOGY|NETFLIX, INC.|NVIDIA CORPORATION|PEPSICO INC|PALANTIR TECH CL A|QUALCOMM INC|SHOPIFY INC.|T-MOBILE US CMN|TESLA, INC.|TEXAS INSTRUMENTS"
2026-03-03,31,AAPL|AMAT|AMD|AMGN|AMZN|APP|AVGO|BKNG|COST|CSCO|GILD|GOOG|GOOGL|INTC|INTU|ISRG|KLAC|LIN|LRCX|META|MSFT|MU|NFLX|NVDA|PEP|PLTR|QCOM|SHOP|TMUS|TSLA|TXN,"APPLE INC.|APPLIED MATERIALS|ADV MICRO DEVICES|AMGEN|AMAZON.COM INC|APPLOVIN CORP CLA CM|BROADCOM INC.|BOOKING HOLDINGS INC|COSTCO WHOLESALE|CISCO SYSTEMS INC.|GILEAD SCIENCES, INC|ALPHABET CL C CAP|ALPHABET CL A CMN|INTEL CORP|INTUIT INC|INTUITIVE SURG, INC.|KLA CP CMN STK|LINDE PLC|LAM RESEARCH CORP|META PLATFORMS, INC.|MICROSOFT CORP|MICRON TECHNOLOGY|NETFLIX, INC.|NVIDIA CORPORATION|PEPSICO INC|PALANTIR TECH CL A|QUALCOMM INC|SHOPIFY INC.|T-MOBILE US CMN|TESLA, INC.|TEXAS INSTRUMENTS"
2026-03-04,31,AAPL|AMAT|AMD|AMGN|AMZN|APP|AVGO|BKNG|COST|CSCO|GILD|GOOG|GOOGL|INTC|INTU|ISRG|KLAC|LIN|LRCX|META|MSFT|MU|NFLX|NVDA|PEP|PLTR|QCOM|SHOP|TMUS|TSLA|TXN,"APPLE INC.|APPLIED MATERIALS|ADV MICRO DEVICES|AMGEN|AMAZON.COM INC|APPLOVIN CORP CLA CM|BROADCOM INC.|BOOKING HOLDINGS INC|COSTCO WHOLESALE|CISCO SYSTEMS INC.|GILEAD SCIENCES, INC|ALPHABET CL C CAP|ALPHABET CL A CMN|INTEL CORP|INTUIT INC|INTUITIVE SURG, INC.|KLA CP CMN STK|LINDE PLC|LAM RESEARCH CORP|META PLATFORMS, INC.|MICROSOFT CORP|MICRON TECHNOLOGY|NETFLIX, INC.|NVIDIA CORPORATION|PEPSICO INC|PALANTIR TECH CL A|QUALCOMM INC|SHOPIFY INC.|T-MOBILE US CMN|TESLA, INC.|TEXAS INSTRUMENTS"
2026-03-05,31,AAPL|AMAT|AMD|AMGN|AMZN|APP|AVGO|BKNG|COST|CSCO|GILD|GOOG|GOOGL|INTC|INTU|ISRG|KLAC|LIN|LRCX|META|MSFT|MU|NFLX|NVDA|PEP|PLTR|QCOM|SHOP|TMUS|TSLA|TXN,"APPLE INC.|APPLIED MATERIALS|ADV MICRO DEVICES|AMGEN|AMAZON.COM INC|APPLOVIN CORP CLA CM|BROADCOM INC.|BOOKING HOLDINGS INC|COSTCO WHOLESALE|CISCO SYSTEMS INC.|GILEAD SCIENCES, INC|ALPHABET CL C CAP|ALPHABET CL A CMN|INTEL CORP|INTUIT INC|INTUITIVE SURG, INC.|KLA CP CMN STK|LINDE PLC|LAM RESEARCH CORP|META PLATFORMS, INC.|MICROSOFT CORP|MICRON TECHNOLOGY|NETFLIX, INC.|NVIDIA CORPORATION|PEPSICO INC|PALANTIR TECH CL A|QUALCOMM INC|SHOPIFY INC.|T-MOBILE US CMN|TESLA, INC.|TEXAS INSTRUMENTS"
2026-03-06,31,AAPL|AMAT|AMD|AMGN|AMZN|APP|AVGO|BKNG|COST|CSCO|GILD|GOOG|GOOGL|INTC|INTU|ISRG|KLAC|LIN|LRCX|META|MSFT|MU|NFLX|NVDA|PEP|PLTR|QCOM|SHOP|TMUS|TSLA|TXN,"APPLE INC.|APPLIED MATERIALS|ADV MICRO DEVICES|AMGEN|AMAZON.COM INC|APPLOVIN CORP CLA CM|BROADCOM INC.|BOOKING HOLDINGS INC|COSTCO WHOLESALE|CISCO SYSTEMS INC.|GILEAD SCIENCES, INC|ALPHABET CL C CAP|ALPHABET CL A CMN|INTEL CORP|INTUIT INC|INTUITIVE SURG, INC.|KLA CP CMN STK|LINDE PLC|LAM RESEARCH CORP|META PLATFORMS, INC.|MICROSOFT CORP|MICRON TECHNOLOGY|NETFLIX, INC.|NVIDIA CORPORATION|PEPSICO INC|PALANTIR TECH CL A|QUALCOMM INC|SHOPIFY INC.|T-MOBILE US CMN|TESLA, INC.|TEXAS INSTRUMENTS"
2026-03-09,31,AAPL|AMAT|AMD|AMGN|AMZN|APP|AVGO|BKNG|COST|CSCO|GILD|GOOG|GOOGL|INTC|INTU|ISRG|KLAC|LIN|LRCX|META|MSFT|MU|NFLX|NVDA|PEP|PLTR|QCOM|SHOP|TMUS|TSLA|TXN,"APPLE INC.|APPLIED MATERIALS|ADV MICRO DEVICES|AMGEN|AMAZON.COM INC|APPLOVIN CORP CLA CM|BROADCOM INC.|BOOKING HOLDINGS INC|COSTCO WHOLESALE|CISCO SYSTEMS INC.|GILEAD SCIENCES, INC|ALPHABET CL C CAP|ALPHABET CL A CMN|INTEL CORP|INTUIT INC|INTUITIVE SURG, INC.|KLA CP CMN STK|LINDE PLC|LAM RESEARCH CORP|META PLATFORMS, INC.|MICROSOFT CORP|MICRON TECHNOLOGY|NETFLIX, INC.|NVIDIA CORPORATION|PEPSICO INC|PALANTIR TECH CL A|QUALCOMM INC|SHOPIFY INC.|T-MOBILE US CMN|TESLA, INC.|TEXAS INSTRUMENTS"
2026-03-10,31,AAPL|AMAT|AMD|AMGN|AMZN|APP|AVGO|BKNG|COST|CSCO|GILD|GOOG|GOOGL|INTC|INTU|ISRG|KLAC|LIN|LRCX|META|MSFT|MU|NFLX|NVDA|PEP|PLTR|QCOM|SHOP|TMUS|TSLA|TXN,"APPLE INC.|APPLIED MATERIALS|ADV MICRO DEVICES|AMGEN|AMAZON.COM INC|APPLOVIN CORP CLA CM|BROADCOM INC.|BOOKING HOLDINGS INC|COSTCO WHOLESALE|CISCO SYSTEMS INC.|GILEAD SCIENCES, INC|ALPHABET CL C CAP|ALPHABET CL A CMN|INTEL CORP|INTUIT INC|INTUITIVE SURG, INC.|KLA CP CMN STK|LINDE PLC|LAM RESEARCH CORP|META PLATFORMS, INC.|MICROSOFT CORP|MICRON TECHNOLOGY|NETFLIX, INC.|NVIDIA CORPORATION|PEPSICO INC|PALANTIR TECH CL A|QUALCOMM INC|SHOPIFY INC.|T-MOBILE US CMN|TESLA, INC.|TEXAS INSTRUMENTS"
2026-03-11,31,AAPL|AMAT|AMD|AMGN|AMZN|APP|AVGO|BKNG|COST|CSCO|GILD|GOOG|GOOGL|INTC|INTU|ISRG|KLAC|LIN|LRCX|META|MSFT|MU|NFLX|NVDA|PEP|PLTR|QCOM|SHOP|TMUS|TSLA|TXN,"APPLE INC.|APPLIED MATERIALS|ADV MICRO DEVICES|AMGEN|AMAZON.COM INC|APPLOVIN CORP CLA CM|BROADCOM INC.|BOOKING HOLDINGS INC|COSTCO WHOLESALE|CISCO SYSTEMS INC.|GILEAD SCIENCES, INC|ALPHABET CL C CAP|ALPHABET CL A CMN|INTEL CORP|INTUIT INC|INTUITIVE SURG, INC.|KLA CP CMN STK|LINDE PLC|LAM RESEARCH CORP|META PLATFORMS, INC.|MICROSOFT CORP|MICRON TECHNOLOGY|NETFLIX, INC.|NVIDIA CORPORATION|PEPSICO INC|PALANTIR TECH CL A|QUALCOMM INC|SHOPIFY INC.|T-MOBILE US CMN|TESLA, INC.|TEXAS INSTRUMENTS"
2026-03-12,31,AAPL|AMAT|AMD|AMGN|AMZN|APP|AVGO|BKNG|COST|CSCO|GILD|GOOG|GOOGL|INTC|INTU|ISRG|KLAC|LIN|LRCX|META|MSFT|MU|NFLX|NVDA|PEP|PLTR|QCOM|SHOP|TMUS|TSLA|TXN,"APPLE INC.|APPLIED MATERIALS|ADV MICRO DEVICES|AMGEN|AMAZON.COM INC|APPLOVIN CORP CLA CM|BROADCOM INC.|BOOKING HOLDINGS INC|COSTCO WHOLESALE|CISCO SYSTEMS INC.|GILEAD SCIENCES, INC|ALPHABET CL C CAP|ALPHABET CL A CMN|INTEL CORP|INTUIT INC|INTUITIVE SURG, INC.|KLA CP CMN STK|LINDE PLC|LAM RESEARCH CORP|META PLATFORMS, INC.|MICROSOFT CORP|MICRON TECHNOLOGY|NETFLIX, INC.|NVIDIA CORPORATION|PEPSICO INC|PALANTIR TECH CL A|QUALCOMM INC|SHOPIFY INC.|T-MOBILE US CMN|TESLA, INC.|TEXAS INSTRUMENTS"
2026-03-13,31,AAPL|AMAT|AMD|AMGN|AMZN|APP|AVGO|BKNG|COST|CSCO|GILD|GOOG|GOOGL|INTC|INTU|ISRG|KLAC|LIN|LRCX|META|MSFT|MU|NFLX|NVDA|PEP|PLTR|QCOM|SHOP|TMUS|TSLA|TXN,"APPLE INC.|APPLIED MATERIALS|ADV MICRO DEVICES|AMGEN|AMAZON.COM INC|APPLOVIN CORP CLA CM|BROADCOM INC.|BOOKING HOLDINGS INC|COSTCO WHOLESALE|CISCO SYSTEMS INC.|GILEAD SCIENCES, INC|ALPHABET CL C CAP|ALPHABET CL A CMN|INTEL CORP|INTUIT INC|INTUITIVE SURG, INC.|KLA CP CMN STK|LINDE PLC|LAM RESEARCH CORP|META PLATFORMS, INC.|MICROSOFT CORP|MICRON TECHNOLOGY|NETFLIX, INC.|NVIDIA CORPORATION|PEPSICO INC|PALANTIR TECH CL A|QUALCOMM INC|SHOPIFY INC.|T-MOBILE US CMN|TESLA, INC.|TEXAS INSTRUMENTS"
2026-03-16,31,AAPL|AMAT|AMD|AMGN|AMZN|APP|AVGO|BKNG|COST|CSCO|GILD|GOOG|GOOGL|INTC|INTU|ISRG|KLAC|LIN|LRCX|META|MSFT|MU|NFLX|NVDA|PEP|PLTR|QCOM|SHOP|TMUS|TSLA|TXN,"APPLE INC.|APPLIED MATERIALS|ADV MICRO DEVICES|AMGEN|AMAZON.COM INC|APPLOVIN CORP CLA CM|BROADCOM INC.|BOOKING HOLDINGS INC|COSTCO WHOLESALE|CISCO SYSTEMS INC.|GILEAD SCIENCES, INC|ALPHABET CL C CAP|ALPHABET CL A CMN|INTEL CORP|INTUIT INC|INTUITIVE SURG, INC.|KLA CP CMN STK|LINDE PLC|LAM RESEARCH CORP|META PLATFORMS, INC.|MICROSOFT CORP|MICRON TECHNOLOGY|NETFLIX, INC.|NVIDIA CORPORATION|PEPSICO INC|PALANTIR TECH CL A|QUALCOMM INC|SHOPIFY INC.|T-MOBILE US CMN|TESLA, INC.|TEXAS INSTRUMENTS"
2026-03-17,31,AAPL|AMAT|AMD|AMGN|AMZN|APP|AVGO|BKNG|COST|CSCO|GILD|GOOG|GOOGL|INTC|INTU|ISRG|KLAC|LIN|LRCX|META|MSFT|MU|NFLX|NVDA|PEP|PLTR|QCOM|SHOP|TMUS|TSLA|TXN,"APPLE INC.|APPLIED MATERIALS|ADV MICRO DEVICES|AMGEN|AMAZON.COM INC|APPLOVIN CORP CLA CM|BROADCOM INC.|BOOKING HOLDINGS INC|COSTCO WHOLESALE|CISCO SYSTEMS INC.|GILEAD SCIENCES, INC|ALPHABET CL C CAP|ALPHABET CL A CMN|INTEL CORP|INTUIT INC|INTUITIVE SURG, INC.|KLA CP CMN STK|LINDE PLC|LAM RESEARCH CORP|META PLATFORMS, INC.|MICROSOFT CORP|MICRON TECHNOLOGY|NETFLIX, INC.|NVIDIA CORPORATION|PEPSICO INC|PALANTIR TECH CL A|QUALCOMM INC|SHOPIFY INC.|T-MOBILE US CMN|TESLA, INC.|TEXAS INSTRUMENTS"
2026-03-18,31,AAPL|AMAT|AMD|AMGN|AMZN|APP|AVGO|BKNG|COST|CSCO|GILD|GOOG|GOOGL|INTC|INTU|ISRG|KLAC|LIN|LRCX|META|MSFT|MU|NFLX|NVDA|PEP|PLTR|QCOM|SHOP|TMUS|TSLA|TXN,"APPLE INC.|APPLIED MATERIALS|ADV MICRO DEVICES|AMGEN|AMAZON.COM INC|APPLOVIN CORP CLA CM|BROADCOM INC.|BOOKING HOLDINGS INC|COSTCO WHOLESALE|CISCO SYSTEMS INC.|GILEAD SCIENCES, INC|ALPHABET CL C CAP|ALPHABET CL A CMN|INTEL CORP|INTUIT INC|INTUITIVE SURG, INC.|KLA CP CMN STK|LINDE PLC|LAM RESEARCH CORP|META PLATFORMS, INC.|MICROSOFT CORP|MICRON TECHNOLOGY|NETFLIX, INC.|NVIDIA CORPORATION|PEPSICO INC|PALANTIR TECH CL A|QUALCOMM INC|SHOPIFY INC.|T-MOBILE US CMN|TESLA, INC.|TEXAS INSTRUMENTS"
2026-03-19,31,AAPL|AMAT|AMD|AMGN|AMZN|APP|AVGO|BKNG|COST|CSCO|GILD|GOOG|GOOGL|INTC|INTU|ISRG|KLAC|LIN|LRCX|META|MSFT|MU|NFLX|NVDA|PEP|PLTR|QCOM|SHOP|TMUS|TSLA|TXN,"APPLE INC.|APPLIED MATERIALS|ADV MICRO DEVICES|AMGEN|AMAZON.COM INC|APPLOVIN CORP CLA CM|BROADCOM INC.|BOOKING HOLDINGS INC|COSTCO WHOLESALE|CISCO SYSTEMS INC.|GILEAD SCIENCES, INC|ALPHABET CL C CAP|ALPHABET CL A CMN|INTEL CORP|INTUIT INC|INTUITIVE SURG, INC.|KLA CP CMN STK|LINDE PLC|LAM RESEARCH CORP|META PLATFORMS, INC.|MICROSOFT CORP|MICRON TECHNOLOGY|NETFLIX, INC.|NVIDIA CORPORATION|PEPSICO INC|PALANTIR TECH CL A|QUALCOMM INC|SHOPIFY INC.|T-MOBILE US CMN|TESLA, INC.|TEXAS INSTRUMENTS"
2026-03-20,31,AAPL|AMAT|AMD|AMGN|AMZN|APP|AVGO|BKNG|COST|CSCO|GILD|GOOG|GOOGL|INTC|INTU|ISRG|KLAC|LIN|LRCX|META|MSFT|MU|NFLX|NVDA|PEP|PLTR|QCOM|SHOP|TMUS|TSLA|TXN,"APPLE INC.|APPLIED MATERIALS|ADV MICRO DEVICES|AMGEN|AMAZON.COM INC|APPLOVIN CORP CLA CM|BROADCOM INC.|BOOKING HOLDINGS INC|COSTCO WHOLESALE|CISCO SYSTEMS INC.|GILEAD SCIENCES, INC|ALPHABET CL C CAP|ALPHABET CL A CMN|INTEL CORP|INTUIT INC|INTUITIVE SURG, INC.|KLA CP CMN STK|LINDE PLC|LAM RESEARCH CORP|META PLATFORMS, INC.|MICROSOFT CORP|MICRON TECHNOLOGY|NETFLIX, INC.|NVIDIA CORPORATION|PEPSICO INC|PALANTIR TECH CL A|QUALCOMM INC|SHOPIFY INC.|T-MOBILE US CMN|TESLA, INC.|TEXAS INSTRUMENTS"
2026-03-23,31,AAPL|ADI|AMAT|AMD|AMGN|AMZN|AVGO|COST|CSCO|GILD|GOOG|GOOGL|HON|INTC|ISRG|KLAC|LIN|LRCX|META|MSFT|MU|NFLX|NVDA|PEP|PLTR|QCOM|SHOP|TMUS|TSLA|TXN|WMT,"APPLE INC.|ANALOG DEVICES CMN|APPLIED MATERIALS|ADV MICRO DEVICES|AMGEN|AMAZON.COM INC|BROADCOM INC.|COSTCO WHOLESALE|CISCO SYSTEMS INC.|GILEAD SCIENCES, INC|ALPHABET CL C CAP|ALPHABET CL A CMN|HONEYWELL INTL INC|INTEL CORP|INTUITIVE SURG, INC.|KLA CP CMN STK|LINDE PLC|LAM RESEARCH CORP|META PLATFORMS, INC.|MICROSOFT CORP|MICRON TECHNOLOGY|NETFLIX, INC.|NVIDIA CORPORATION|PEPSICO INC|PALANTIR TECH CL A|QUALCOMM INC|SHOPIFY INC.|T-MOBILE US CMN|TESLA, INC.|TEXAS INSTRUMENTS|WALMART INC CMN"
2026-03-24,31,AAPL|ADI|AMAT|AMD|AMGN|AMZN|AVGO|COST|CSCO|GILD|GOOG|GOOGL|HON|INTC|ISRG|KLAC|LIN|LRCX|META|MSFT|MU|NFLX|NVDA|PEP|PLTR|QCOM|SHOP|TMUS|TSLA|TXN|WMT,"APPLE INC.|ANALOG DEVICES CMN|APPLIED MATERIALS|ADV MICRO DEVICES|AMGEN|AMAZON.COM INC|BROADCOM INC.|COSTCO WHOLESALE|CISCO SYSTEMS INC.|GILEAD SCIENCES, INC|ALPHABET CL C CAP|ALPHABET CL A CMN|HONEYWELL INTL INC|INTEL CORP|INTUITIVE SURG, INC.|KLA CP CMN STK|LINDE PLC|LAM RESEARCH CORP|META PLATFORMS, INC.|MICROSOFT CORP|MICRON TECHNOLOGY|NETFLIX, INC.|NVIDIA CORPORATION|PEPSICO INC|PALANTIR TECH CL A|QUALCOMM INC|SHOPIFY INC.|T-MOBILE US CMN|TESLA, INC.|TEXAS INSTRUMENTS|WALMART INC CMN"
2026-03-25,31,AAPL|ADI|AMAT|AMD|AMGN|AMZN|AVGO|COST|CSCO|GILD|GOOG|GOOGL|HON|INTC|ISRG|KLAC|LIN|LRCX|META|MSFT|MU|NFLX|NVDA|PEP|PLTR|QCOM|SHOP|TMUS|TSLA|TXN|WMT,"APPLE INC.|ANALOG DEVICES CMN|APPLIED MATERIALS|ADV MICRO DEVICES|AMGEN|AMAZON.COM INC|BROADCOM INC.|COSTCO WHOLESALE|CISCO SYSTEMS INC.|GILEAD SCIENCES, INC|ALPHABET CL C CAP|ALPHABET CL A CMN|HONEYWELL INTL INC|INTEL CORP|INTUITIVE SURG, INC.|KLA CP CMN STK|LINDE PLC|LAM RESEARCH CORP|META PLATFORMS, INC.|MICROSOFT CORP|MICRON TECHNOLOGY|NETFLIX, INC.|NVIDIA CORPORATION|PEPSICO INC|PALANTIR TECH CL A|QUALCOMM INC|SHOPIFY INC.|T-MOBILE US CMN|TESLA, INC.|TEXAS INSTRUMENTS|WALMART INC CMN"
2026-03-26,31,AAPL|ADI|AMAT|AMD|AMGN|AMZN|AVGO|COST|CSCO|GILD|GOOG|GOOGL|HON|INTC|ISRG|KLAC|LIN|LRCX|META|MSFT|MU|NFLX|NVDA|PEP|PLTR|QCOM|SHOP|TMUS|TSLA|TXN|WMT,"APPLE INC.|ANALOG DEVICES CMN|APPLIED MATERIALS|ADV MICRO DEVICES|AMGEN|AMAZON.COM INC|BROADCOM INC.|COSTCO WHOLESALE|CISCO SYSTEMS INC.|GILEAD SCIENCES, INC|ALPHABET CL C CAP|ALPHABET CL A CMN|HONEYWELL INTL INC|INTEL CORP|INTUITIVE SURG, INC.|KLA CP CMN STK|LINDE PLC|LAM RESEARCH CORP|META PLATFORMS, INC.|MICROSOFT CORP|MICRON TECHNOLOGY|NETFLIX, INC.|NVIDIA CORPORATION|PEPSICO INC|PALANTIR TECH CL A|QUALCOMM INC|SHOPIFY INC.|T-MOBILE US CMN|TESLA, INC.|TEXAS INSTRUMENTS|WALMART INC CMN"
2026-03-27,31,AAPL|ADI|AMAT|AMD|AMGN|AMZN|AVGO|COST|CSCO|GILD|GOOG|GOOGL|HON|INTC|ISRG|KLAC|LIN|LRCX|META|MSFT|MU|NFLX|NVDA|PEP|PLTR|QCOM|SHOP|TMUS|TSLA|TXN|WMT,"APPLE INC.|ANALOG DEVICES CMN|APPLIED MATERIALS|ADV MICRO DEVICES|AMGEN|AMAZON.COM INC|BROADCOM INC.|COSTCO WHOLESALE|CISCO SYSTEMS INC.|GILEAD SCIENCES, INC|ALPHABET CL C CAP|ALPHABET CL A CMN|HONEYWELL INTL INC|INTEL CORP|INTUITIVE SURG, INC.|KLA CP CMN STK|LINDE PLC|LAM RESEARCH CORP|META PLATFORMS, INC.|MICROSOFT CORP|MICRON TECHNOLOGY|NETFLIX, INC.|NVIDIA CORPORATION|PEPSICO INC|PALANTIR TECH CL A|QUALCOMM INC|SHOPIFY INC.|T-MOBILE US CMN|TESLA, INC.|TEXAS INSTRUMENTS|WALMART INC CMN"
2026-03-30,31,AAPL|ADI|AMAT|AMD|AMGN|AMZN|AVGO|COST|CSCO|GILD|GOOG|GOOGL|HON|INTC|ISRG|KLAC|LIN|LRCX|META|MSFT|MU|NFLX|NVDA|PEP|PLTR|QCOM|SHOP|TMUS|TSLA|TXN|WMT,"APPLE INC.|ANALOG DEVICES CMN|APPLIED MATERIALS|ADV MICRO DEVICES|AMGEN|AMAZON.COM INC|BROADCOM INC.|COSTCO WHOLESALE|CISCO SYSTEMS INC.|GILEAD SCIENCES, INC|ALPHABET CL C CAP|ALPHABET CL A CMN|HONEYWELL INTL INC|INTEL CORP|INTUITIVE SURG, INC.|KLA CP CMN STK|LINDE PLC|LAM RESEARCH CORP|META PLATFORMS, INC.|MICROSOFT CORP|MICRON TECHNOLOGY|NETFLIX, INC.|NVIDIA CORPORATION|PEPSICO INC|PALANTIR TECH CL A|QUALCOMM INC|SHOPIFY INC.|T-MOBILE US CMN|TESLA, INC.|TEXAS INSTRUMENTS|WALMART INC CMN"
2026-03-31,31,AAPL|ADI|AMAT|AMD|AMGN|AMZN|AVGO|COST|CSCO|GILD|GOOG|GOOGL|HON|INTC|ISRG|KLAC|LIN|LRCX|META|MSFT|MU|NFLX|NVDA|PEP|PLTR|QCOM|SHOP|TMUS|TSLA|TXN|WMT,"APPLE INC.|ANALOG DEVICES CMN|APPLIED MATERIALS|ADV MICRO DEVICES|AMGEN|AMAZON.COM INC|BROADCOM INC.|COSTCO WHOLESALE|CISCO SYSTEMS INC.|GILEAD SCIENCES, INC|ALPHABET CL C CAP|ALPHABET CL A CMN|HONEYWELL INTL INC|INTEL CORP|INTUITIVE SURG, INC.|KLA CP CMN STK|LINDE PLC|LAM RESEARCH CORP|META PLATFORMS, INC.|MICROSOFT CORP|MICRON TECHNOLOGY|NETFLIX, INC.|NVIDIA CORPORATION|PEPSICO INC|PALANTIR TECH CL A|QUALCOMM INC|SHOPIFY INC.|T-MOBILE US CMN|TESLA, INC.|TEXAS INSTRUMENTS|WALMART INC CMN"
2026-04-01,31,AAPL|ADI|AMAT|AMD|AMGN|AMZN|AVGO|COST|CSCO|GILD|GOOG|GOOGL|HON|INTC|ISRG|KLAC|LIN|LRCX|META|MSFT|MU|NFLX|NVDA|PEP|PLTR|QCOM|SHOP|TMUS|TSLA|TXN|WMT,"APPLE INC.|ANALOG DEVICES CMN|APPLIED MATERIALS|ADV MICRO DEVICES|AMGEN|AMAZON.COM INC|BROADCOM INC.|COSTCO WHOLESALE|CISCO SYSTEMS INC.|GILEAD SCIENCES, INC|ALPHABET CL C CAP|ALPHABET CL A CMN|HONEYWELL INTL INC|INTEL CORP|INTUITIVE SURG, INC.|KLA CP CMN STK|LINDE PLC|LAM RESEARCH CORP|META PLATFORMS, INC.|MICROSOFT CORP|MICRON TECHNOLOGY|NETFLIX, INC.|NVIDIA CORPORATION|PEPSICO INC|PALANTIR TECH CL A|QUALCOMM INC|SHOPIFY INC.|T-MOBILE US CMN|TESLA, INC.|TEXAS INSTRUMENTS|WALMART INC CMN"
2026-04-02,31,AAPL|ADI|AMAT|AMD|AMGN|AMZN|AVGO|COST|CSCO|GILD|GOOG|GOOGL|HON|INTC|ISRG|KLAC|LIN|LRCX|META|MSFT|MU|NFLX|NVDA|PEP|PLTR|QCOM|SHOP|TMUS|TSLA|TXN|WMT,"APPLE INC.|ANALOG DEVICES CMN|APPLIED MATERIALS|ADV MICRO DEVICES|AMGEN|AMAZON.COM INC|BROADCOM INC.|COSTCO WHOLESALE|CISCO SYSTEMS INC.|GILEAD SCIENCES, INC|ALPHABET CL C CAP|ALPHABET CL A CMN|HONEYWELL INTL INC|INTEL CORP|INTUITIVE SURG, INC.|KLA CP CMN STK|LINDE PLC|LAM RESEARCH CORP|META PLATFORMS, INC.|MICROSOFT CORP|MICRON TECHNOLOGY|NETFLIX, INC.|NVIDIA CORPORATION|PEPSICO INC|PALANTIR TECH CL A|QUALCOMM INC|SHOPIFY INC.|T-MOBILE US CMN|TESLA, INC.|TEXAS INSTRUMENTS|WALMART INC CMN"
2026-04-06,31,AAPL|ADI|AMAT|AMD|AMGN|AMZN|AVGO|COST|CSCO|GILD|GOOG|GOOGL|HON|INTC|ISRG|KLAC|LIN|LRCX|META|MSFT|MU|NFLX|NVDA|PEP|PLTR|QCOM|SHOP|TMUS|TSLA|TXN|WMT,"APPLE INC.|ANALOG DEVICES CMN|APPLIED MATERIALS|ADV MICRO DEVICES|AMGEN|AMAZON.COM INC|BROADCOM INC.|COSTCO WHOLESALE|CISCO SYSTEMS INC.|GILEAD SCIENCES, INC|ALPHABET CL C CAP|ALPHABET CL A CMN|HONEYWELL INTL INC|INTEL CORP|INTUITIVE SURG, INC.|KLA CP CMN STK|LINDE PLC|LAM RESEARCH CORP|META PLATFORMS, INC.|MICROSOFT CORP|MICRON TECHNOLOGY|NETFLIX, INC.|NVIDIA CORPORATION|PEPSICO INC|PALANTIR TECH CL A|QUALCOMM INC|SHOPIFY INC.|T-MOBILE US CMN|TESLA, INC.|TEXAS INSTRUMENTS|WALMART INC CMN"
2026-04-07,31,AAPL|ADI|AMAT|AMD|AMGN|AMZN|AVGO|COST|CSCO|GILD|GOOG|GOOGL|HON|INTC|ISRG|KLAC|LIN|LRCX|META|MSFT|MU|NFLX|NVDA|PEP|PLTR|QCOM|SHOP|TMUS|TSLA|TXN|WMT,"APPLE INC.|ANALOG DEVICES CMN|APPLIED MATERIALS|ADV MICRO DEVICES|AMGEN|AMAZON.COM INC|BROADCOM INC.|COSTCO WHOLESALE|CISCO SYSTEMS INC.|GILEAD SCIENCES, INC|ALPHABET CL C CAP|ALPHABET CL A CMN|HONEYWELL INTL INC|INTEL CORP|INTUITIVE SURG, INC.|KLA CP CMN STK|LINDE PLC|LAM RESEARCH CORP|META PLATFORMS, INC.|MICROSOFT CORP|MICRON TECHNOLOGY|NETFLIX, INC.|NVIDIA CORPORATION|PEPSICO INC|PALANTIR TECH CL A|QUALCOMM INC|SHOPIFY INC.|T-MOBILE US CMN|TESLA, INC.|TEXAS INSTRUMENTS|WALMART INC CMN"
2026-04-08,31,AAPL|ADI|AMAT|AMD|AMGN|AMZN|AVGO|COST|CSCO|GILD|GOOG|GOOGL|HON|INTC|ISRG|KLAC|LIN|LRCX|META|MSFT|MU|NFLX|NVDA|PEP|PLTR|QCOM|SHOP|TMUS|TSLA|TXN|WMT,"APPLE INC.|ANALOG DEVICES CMN|APPLIED MATERIALS|ADV MICRO DEVICES|AMGEN|AMAZON.COM INC|BROADCOM INC.|COSTCO WHOLESALE|CISCO SYSTEMS INC.|GILEAD SCIENCES, INC|ALPHABET CL C CAP|ALPHABET CL A CMN|HONEYWELL INTL INC|INTEL CORP|INTUITIVE SURG, INC.|KLA CP CMN STK|LINDE PLC|LAM RESEARCH CORP|META PLATFORMS, INC.|MICROSOFT CORP|MICRON TECHNOLOGY|NETFLIX, INC.|NVIDIA CORPORATION|PEPSICO INC|PALANTIR TECH CL A|QUALCOMM INC|SHOPIFY INC.|T-MOBILE US CMN|TESLA, INC.|TEXAS INSTRUMENTS|WALMART INC CMN"
2026-04-09,31,AAPL|ADI|AMAT|AMD|AMGN|AMZN|AVGO|COST|CSCO|GILD|GOOG|GOOGL|HON|INTC|ISRG|KLAC|LIN|LRCX|META|MSFT|MU|NFLX|NVDA|PEP|PLTR|QCOM|SHOP|TMUS|TSLA|TXN|WMT,"APPLE INC.|ANALOG DEVICES CMN|APPLIED MATERIALS|ADV MICRO DEVICES|AMGEN|AMAZON.COM INC|BROADCOM INC.|COSTCO WHOLESALE|CISCO SYSTEMS INC.|GILEAD SCIENCES, INC|ALPHABET CL C CAP|ALPHABET CL A CMN|HONEYWELL INTL INC|INTEL CORP|INTUITIVE SURG, INC.|KLA CP CMN STK|LINDE PLC|LAM RESEARCH CORP|META PLATFORMS, INC.|MICROSOFT CORP|MICRON TECHNOLOGY|NETFLIX, INC.|NVIDIA CORPORATION|PEPSICO INC|PALANTIR TECH CL A|QUALCOMM INC|SHOPIFY INC.|T-MOBILE US CMN|TESLA, INC.|TEXAS INSTRUMENTS|WALMART INC CMN"
2026-04-10,31,AAPL|ADI|AMAT|AMD|AMGN|AMZN|AVGO|COST|CSCO|GILD|GOOG|GOOGL|HON|INTC|ISRG|KLAC|LIN|LRCX|META|MSFT|MU|NFLX|NVDA|PEP|PLTR|QCOM|SHOP|TMUS|TSLA|TXN|WMT,"APPLE INC.|ANALOG DEVICES CMN|APPLIED MATERIALS|ADV MICRO DEVICES|AMGEN|AMAZON.COM INC|BROADCOM INC.|COSTCO WHOLESALE|CISCO SYSTEMS INC.|GILEAD SCIENCES, INC|ALPHABET CL C CAP|ALPHABET CL A CMN|HONEYWELL INTL INC|INTEL CORP|INTUITIVE SURG, INC.|KLA CP CMN STK|LINDE PLC|LAM RESEARCH CORP|META PLATFORMS, INC.|MICROSOFT CORP|MICRON TECHNOLOGY|NETFLIX, INC.|NVIDIA CORPORATION|PEPSICO INC|PALANTIR TECH CL A|QUALCOMM INC|SHOPIFY INC.|T-MOBILE US CMN|TESLA, INC.|TEXAS INSTRUMENTS|WALMART INC CMN"
2026-04-13,31,AAPL|ADI|AMAT|AMD|AMGN|AMZN|AVGO|COST|CSCO|GILD|GOOG|GOOGL|HON|INTC|ISRG|KLAC|LIN|LRCX|META|MSFT|MU|NFLX|NVDA|PEP|PLTR|QCOM|SHOP|TMUS|TSLA|TXN|WMT,"APPLE INC.|ANALOG DEVICES CMN|APPLIED MATERIALS|ADV MICRO DEVICES|AMGEN|AMAZON.COM INC|BROADCOM INC.|COSTCO WHOLESALE|CISCO SYSTEMS INC.|GILEAD SCIENCES, INC|ALPHABET CL C CAP|ALPHABET CL A CMN|HONEYWELL INTL INC|INTEL CORP|INTUITIVE SURG, INC.|KLA CP CMN STK|LINDE PLC|LAM RESEARCH CORP|META PLATFORMS, INC.|MICROSOFT CORP|MICRON TECHNOLOGY|NETFLIX, INC.|NVIDIA CORPORATION|PEPSICO INC|PALANTIR TECH CL A|QUALCOMM INC|SHOPIFY INC.|T-MOBILE US CMN|TESLA, INC.|TEXAS INSTRUMENTS|WALMART INC CMN"
2026-04-14,31,AAPL|ADI|AMAT|AMD|AMGN|AMZN|AVGO|COST|CSCO|GILD|GOOG|GOOGL|HON|INTC|ISRG|KLAC|LIN|LRCX|META|MSFT|MU|NFLX|NVDA|PEP|PLTR|QCOM|SHOP|TMUS|TSLA|TXN|WMT,"APPLE INC.|ANALOG DEVICES CMN|APPLIED MATERIALS|ADV MICRO DEVICES|AMGEN|AMAZON.COM INC|BROADCOM INC.|COSTCO WHOLESALE|CISCO SYSTEMS INC.|GILEAD SCIENCES, INC|ALPHABET CL C CAP|ALPHABET CL A CMN|HONEYWELL INTL INC|INTEL CORP|INTUITIVE SURG, INC.|KLA CP CMN STK|LINDE PLC|LAM RESEARCH CORP|META PLATFORMS, INC.|MICROSOFT CORP|MICRON TECHNOLOGY|NETFLIX, INC.|NVIDIA CORPORATION|PEPSICO INC|PALANTIR TECH CL A|QUALCOMM INC|SHOPIFY INC.|T-MOBILE US CMN|TESLA, INC.|TEXAS INSTRUMENTS|WALMART INC CMN"
2026-04-15,31,AAPL|ADI|AMAT|AMD|AMGN|AMZN|AVGO|COST|CSCO|GILD|GOOG|GOOGL|HON|INTC|ISRG|KLAC|LIN|LRCX|META|MSFT|MU|NFLX|NVDA|PEP|PLTR|QCOM|SHOP|TMUS|TSLA|TXN|WMT,"APPLE INC.|ANALOG DEVICES CMN|APPLIED MATERIALS|ADV MICRO DEVICES|AMGEN|AMAZON.COM INC|BROADCOM INC.|COSTCO WHOLESALE|CISCO SYSTEMS INC.|GILEAD SCIENCES, INC|ALPHABET CL C CAP|ALPHABET CL A CMN|HONEYWELL INTL INC|INTEL CORP|INTUITIVE SURG, INC.|KLA CP CMN STK|LINDE PLC|LAM RESEARCH CORP|META PLATFORMS, INC.|MICROSOFT CORP|MICRON TECHNOLOGY|NETFLIX, INC.|NVIDIA CORPORATION|PEPSICO INC|PALANTIR TECH CL A|QUALCOMM INC|SHOPIFY INC.|T-MOBILE US CMN|TESLA, INC.|TEXAS INSTRUMENTS|WALMART INC CMN"
2026-04-16,31,AAPL|ADI|AMAT|AMD|AMGN|AMZN|AVGO|COST|CSCO|GILD|GOOG|GOOGL|HON|INTC|ISRG|KLAC|LIN|LRCX|META|MSFT|MU|NFLX|NVDA|PEP|PLTR|QCOM|SHOP|TMUS|TSLA|TXN|WMT,"APPLE INC.|ANALOG DEVICES CMN|APPLIED MATERIALS|ADV MICRO DEVICES|AMGEN|AMAZON.COM INC|BROADCOM INC.|COSTCO WHOLESALE|CISCO SYSTEMS INC.|GILEAD SCIENCES, INC|ALPHABET CL C CAP|ALPHABET CL A CMN|HONEYWELL INTL INC|INTEL CORP|INTUITIVE SURG, INC.|KLA CP CMN STK|LINDE PLC|LAM RESEARCH CORP|META PLATFORMS, INC.|MICROSOFT CORP|MICRON TECHNOLOGY|NETFLIX, INC.|NVIDIA CORPORATION|PEPSICO INC|PALANTIR TECH CL A|QUALCOMM INC|SHOPIFY INC.|T-MOBILE US CMN|TESLA, INC.|TEXAS INSTRUMENTS|WALMART INC CMN"
2026-04-17,31,AAPL|ADI|AMAT|AMD|AMGN|AMZN|AVGO|COST|CSCO|GILD|GOOG|GOOGL|HON|INTC|ISRG|KLAC|LIN|LRCX|META|MSFT|MU|NFLX|NVDA|PEP|PLTR|QCOM|SHOP|TMUS|TSLA|TXN|WMT,"APPLE INC.|ANALOG DEVICES CMN|APPLIED MATERIALS|ADV MICRO DEVICES|AMGEN|AMAZON.COM INC|BROADCOM INC.|COSTCO WHOLESALE|CISCO SYSTEMS INC.|GILEAD SCIENCES, INC|ALPHABET CL C CAP|ALPHABET CL A CMN|HONEYWELL INTL INC|INTEL CORP|INTUITIVE SURG, INC.|KLA CP CMN STK|LINDE PLC|LAM RESEARCH CORP|META PLATFORMS, INC.|MICROSOFT CORP|MICRON TECHNOLOGY|NETFLIX, INC.|NVIDIA CORPORATION|PEPSICO INC|PALANTIR TECH CL A|QUALCOMM INC|SHOPIFY INC.|T-MOBILE US CMN|TESLA, INC.|TEXAS INSTRUMENTS|WALMART INC CMN"
2026-04-20,31,AAPL|ADI|AMAT|AMD|AMGN|AMZN|AVGO|COST|CSCO|GILD|GOOG|GOOGL|HON|INTC|ISRG|KLAC|LIN|LRCX|META|MSFT|MU|NFLX|NVDA|PEP|PLTR|QCOM|SHOP|TMUS|TSLA|TXN|WMT,"APPLE INC.|ANALOG DEVICES CMN|APPLIED MATERIALS|ADV MICRO DEVICES|AMGEN|AMAZON.COM INC|BROADCOM INC.|COSTCO WHOLESALE|CISCO SYSTEMS INC.|GILEAD SCIENCES, INC|ALPHABET CL C CAP|ALPHABET CL A CMN|HONEYWELL INTL INC|INTEL CORP|INTUITIVE SURG, INC.|KLA CP CMN STK|LINDE PLC|LAM RESEARCH CORP|META PLATFORMS, INC.|MICROSOFT CORP|MICRON TECHNOLOGY|NETFLIX, INC.|NVIDIA CORPORATION|PEPSICO INC|PALANTIR TECH CL A|QUALCOMM INC|SHOPIFY INC.|T-MOBILE US CMN|TESLA, INC.|TEXAS INSTRUMENTS|WALMART INC CMN"
2026-04-21,31,AAPL|ADI|AMAT|AMD|AMGN|AMZN|AVGO|COST|CSCO|GILD|GOOG|GOOGL|HON|INTC|ISRG|KLAC|LIN|LRCX|META|MSFT|MU|NFLX|NVDA|PEP|PLTR|QCOM|SHOP|TMUS|TSLA|TXN|WMT,"APPLE INC.|ANALOG DEVICES CMN|APPLIED MATERIALS|ADV MICRO DEVICES|AMGEN|AMAZON.COM INC|BROADCOM INC.|COSTCO WHOLESALE|CISCO SYSTEMS INC.|GILEAD SCIENCES, INC|ALPHABET CL C CAP|ALPHABET CL A CMN|HONEYWELL INTL INC|INTEL CORP|INTUITIVE SURG, INC.|KLA CP CMN STK|LINDE PLC|LAM RESEARCH CORP|META PLATFORMS, INC.|MICROSOFT CORP|MICRON TECHNOLOGY|NETFLIX, INC.|NVIDIA CORPORATION|PEPSICO INC|PALANTIR TECH CL A|QUALCOMM INC|SHOPIFY INC.|T-MOBILE US CMN|TESLA, INC.|TEXAS INSTRUMENTS|WALMART INC CMN"
2026-04-22,31,AAPL|ADI|AMAT|AMD|AMGN|AMZN|AVGO|COST|CSCO|GILD|GOOG|GOOGL|HON|INTC|ISRG|KLAC|LIN|LRCX|META|MSFT|MU|NFLX|NVDA|PEP|PLTR|QCOM|SHOP|TMUS|TSLA|TXN|WMT,"APPLE INC.|ANALOG DEVICES CMN|APPLIED MATERIALS|ADV MICRO DEVICES|AMGEN|AMAZON.COM INC|BROADCOM INC.|COSTCO WHOLESALE|CISCO SYSTEMS INC.|GILEAD SCIENCES, INC|ALPHABET CL C CAP|ALPHABET CL A CMN|HONEYWELL INTL INC|INTEL CORP|INTUITIVE SURG, INC.|KLA CP CMN STK|LINDE PLC|LAM RESEARCH CORP|META PLATFORMS, INC.|MICROSOFT CORP|MICRON TECHNOLOGY|NETFLIX, INC.|NVIDIA CORPORATION|PEPSICO INC|PALANTIR TECH CL A|QUALCOMM INC|SHOPIFY INC.|T-MOBILE US CMN|TESLA, INC.|TEXAS INSTRUMENTS|WALMART INC CMN"
2026-04-23,31,AAPL|ADI|AMAT|AMD|AMGN|AMZN|AVGO|COST|CSCO|GILD|GOOG|GOOGL|HON|INTC|ISRG|KLAC|LIN|LRCX|META|MSFT|MU|NFLX|NVDA|PEP|PLTR|QCOM|SHOP|TMUS|TSLA|TXN|WMT,"APPLE INC.|ANALOG DEVICES CMN|APPLIED MATERIALS|ADV MICRO DEVICES|AMGEN|AMAZON.COM INC|BROADCOM INC.|COSTCO WHOLESALE|CISCO SYSTEMS INC.|GILEAD SCIENCES, INC|ALPHABET CL C CAP|ALPHABET CL A CMN|HONEYWELL INTL INC|INTEL CORP|INTUITIVE SURG, INC.|KLA CP CMN STK|LINDE PLC|LAM RESEARCH CORP|META PLATFORMS, INC.|MICROSOFT CORP|MICRON TECHNOLOGY|NETFLIX, INC.|NVIDIA CORPORATION|PEPSICO INC|PALANTIR TECH CL A|QUALCOMM INC|SHOPIFY INC.|T-MOBILE US CMN|TESLA, INC.|TEXAS INSTRUMENTS|WALMART INC CMN"
2026-04-24,31,AAPL|ADI|AMAT|AMD|AMGN|AMZN|AVGO|COST|CSCO|GILD|GOOG|GOOGL|HON|INTC|ISRG|KLAC|LIN|LRCX|META|MSFT|MU|NFLX|NVDA|PEP|PLTR|QCOM|SHOP|TMUS|TSLA|TXN|WMT,"APPLE INC.|ANALOG DEVICES CMN|APPLIED MATERIALS|ADV MICRO DEVICES|AMGEN|AMAZON.COM INC|BROADCOM INC.|COSTCO WHOLESALE|CISCO SYSTEMS INC.|GILEAD SCIENCES, INC|ALPHABET CL C CAP|ALPHABET CL A CMN|HONEYWELL INTL INC|INTEL CORP|INTUITIVE SURG, INC.|KLA CP CMN STK|LINDE PLC|LAM RESEARCH CORP|META PLATFORMS, INC.|MICROSOFT CORP|MICRON TECHNOLOGY|NETFLIX, INC.|NVIDIA CORPORATION|PEPSICO INC|PALANTIR TECH CL A|QUALCOMM INC|SHOPIFY INC.|T-MOBILE US CMN|TESLA, INC.|TEXAS INSTRUMENTS|WALMART INC CMN"
2026-04-27,31,AAPL|ADI|AMAT|AMD|AMGN|AMZN|AVGO|COST|CSCO|GILD|GOOG|GOOGL|HON|INTC|ISRG|KLAC|LIN|LRCX|META|MSFT|MU|NFLX|NVDA|PEP|PLTR|QCOM|SHOP|TMUS|TSLA|TXN|WMT,"APPLE INC.|ANALOG DEVICES CMN|APPLIED MATERIALS|ADV MICRO DEVICES|AMGEN|AMAZON.COM INC|BROADCOM INC.|COSTCO WHOLESALE|CISCO SYSTEMS INC.|GILEAD SCIENCES, INC|ALPHABET CL C CAP|ALPHABET CL A CMN|HONEYWELL INTL INC|INTEL CORP|INTUITIVE SURG, INC.|KLA CP CMN STK|LINDE PLC|LAM RESEARCH CORP|META PLATFORMS, INC.|MICROSOFT CORP|MICRON TECHNOLOGY|NETFLIX, INC.|NVIDIA CORPORATION|PEPSICO INC|PALANTIR TECH CL A|QUALCOMM INC|SHOPIFY INC.|T-MOBILE US CMN|TESLA, INC.|TEXAS INSTRUMENTS|WALMART INC CMN"
2026-04-28,31,AAPL|ADI|AMAT|AMD|AMGN|AMZN|AVGO|COST|CSCO|GILD|GOOG|GOOGL|HON|INTC|ISRG|KLAC|LIN|LRCX|META|MSFT|MU|NFLX|NVDA|PEP|PLTR|QCOM|SHOP|TMUS|TSLA|TXN|WMT,"APPLE INC.|ANALOG DEVICES CMN|APPLIED MATERIALS|ADV MICRO DEVICES|AMGEN|AMAZON.COM INC|BROADCOM INC.|COSTCO WHOLESALE|CISCO SYSTEMS INC.|GILEAD SCIENCES, INC|ALPHABET CL C CAP|ALPHABET CL A CMN|HONEYWELL INTL INC|INTEL CORP|INTUITIVE SURG, INC.|KLA CP CMN STK|LINDE PLC|LAM RESEARCH CORP|META PLATFORMS, INC.|MICROSOFT CORP|MICRON TECHNOLOGY|NETFLIX, INC.|NVIDIA CORPORATION|PEPSICO INC|PALANTIR TECH CL A|QUALCOMM INC|SHOPIFY INC.|T-MOBILE US CMN|TESLA, INC.|TEXAS INSTRUMENTS|WALMART INC CMN"
2026-04-29,31,AAPL|ADI|AMAT|AMD|AMGN|AMZN|AVGO|COST|CSCO|GILD|GOOG|GOOGL|HON|INTC|ISRG|KLAC|LIN|LRCX|META|MSFT|MU|NFLX|NVDA|PEP|PLTR|QCOM|SHOP|TMUS|TSLA|TXN|WMT,"APPLE INC.|ANALOG DEVICES CMN|APPLIED MATERIALS|ADV MICRO DEVICES|AMGEN|AMAZON.COM INC|BROADCOM INC.|COSTCO WHOLESALE|CISCO SYSTEMS INC.|GILEAD SCIENCES, INC|ALPHABET CL C CAP|ALPHABET CL A CMN|HONEYWELL INTL INC|INTEL CORP|INTUITIVE SURG, INC.|KLA CP CMN STK|LINDE PLC|LAM RESEARCH CORP|META PLATFORMS, INC.|MICROSOFT CORP|MICRON TECHNOLOGY|NETFLIX, INC.|NVIDIA CORPORATION|PEPSICO INC|PALANTIR TECH CL A|QUALCOMM INC|SHOPIFY INC.|T-MOBILE US CMN|TESLA, INC.|TEXAS INSTRUMENTS|WALMART INC CMN"
2026-04-30,31,AAPL|ADI|AMAT|AMD|AMGN|AMZN|AVGO|COST|CSCO|GILD|GOOG|GOOGL|HON|INTC|ISRG|KLAC|LIN|LRCX|META|MSFT|MU|NFLX|NVDA|PEP|PLTR|QCOM|SHOP|TMUS|TSLA|TXN|WMT,"APPLE INC.|ANALOG DEVICES CMN|APPLIED MATERIALS|ADV MICRO DEVICES|AMGEN|AMAZON.COM INC|BROADCOM INC.|COSTCO WHOLESALE|CISCO SYSTEMS INC.|GILEAD SCIENCES, INC|ALPHABET CL C CAP|ALPHABET CL A CMN|HONEYWELL INTL INC|INTEL CORP|INTUITIVE SURG, INC.|KLA CP CMN STK|LINDE PLC|LAM RESEARCH CORP|META PLATFORMS, INC.|MICROSOFT CORP|MICRON TECHNOLOGY|NETFLIX, INC.|NVIDIA CORPORATION|PEPSICO INC|PALANTIR TECH CL A|QUALCOMM INC|SHOPIFY INC.|T-MOBILE US CMN|TESLA, INC.|TEXAS INSTRUMENTS|WALMART INC CMN"
2026-05-01,31,AAPL|ADI|AMAT|AMD|AMGN|AMZN|AVGO|COST|CSCO|GILD|GOOG|GOOGL|HON|INTC|ISRG|KLAC|LIN|LRCX|META|MSFT|MU|NFLX|NVDA|PEP|PLTR|QCOM|SHOP|TMUS|TSLA|TXN|WMT,"APPLE INC.|ANALOG DEVICES CMN|APPLIED MATERIALS|ADV MICRO DEVICES|AMGEN|AMAZON.COM INC|BROADCOM INC.|COSTCO WHOLESALE|CISCO SYSTEMS INC.|GILEAD SCIENCES, INC|ALPHABET CL C CAP|ALPHABET CL A CMN|HONEYWELL INTL INC|INTEL CORP|INTUITIVE SURG, INC.|KLA CP CMN STK|LINDE PLC|LAM RESEARCH CORP|META PLATFORMS, INC.|MICROSOFT CORP|MICRON TECHNOLOGY|NETFLIX, INC.|NVIDIA CORPORATION|PEPSICO INC|PALANTIR TECH CL A|QUALCOMM INC|SHOPIFY INC.|T-MOBILE US CMN|TESLA, INC.|TEXAS INSTRUMENTS|WALMART INC CMN"
2026-05-04,31,AAPL|ADI|AMAT|AMD|AMGN|AMZN|AVGO|COST|CSCO|GILD|GOOG|GOOGL|HON|INTC|ISRG|KLAC|LIN|LRCX|META|MSFT|MU|NFLX|NVDA|PEP|PLTR|QCOM|SHOP|TMUS|TSLA|TXN|WMT,"APPLE INC.|ANALOG DEVICES CMN|APPLIED MATERIALS|ADV MICRO DEVICES|AMGEN|AMAZON.COM INC|BROADCOM INC.|COSTCO WHOLESALE|CISCO SYSTEMS INC.|GILEAD SCIENCES, INC|ALPHABET CL C CAP|ALPHABET CL A CMN|HONEYWELL INTL INC|INTEL CORP|INTUITIVE SURG, INC.|KLA CP CMN STK|LINDE PLC|LAM RESEARCH CORP|META PLATFORMS, INC.|MICROSOFT CORP|MICRON TECHNOLOGY|NETFLIX, INC.|NVIDIA CORPORATION|PEPSICO INC|PALANTIR TECH CL A|QUALCOMM INC|SHOPIFY INC.|T-MOBILE US CMN|TESLA, INC.|TEXAS INSTRUMENTS|WALMART INC CMN"
2026-05-05,31,AAPL|ADI|AMAT|AMD|AMGN|AMZN|AVGO|COST|CSCO|GILD|GOOG|GOOGL|HON|INTC|ISRG|KLAC|LIN|LRCX|META|MSFT|MU|NFLX|NVDA|PEP|PLTR|QCOM|SHOP|TMUS|TSLA|TXN|WMT,"APPLE INC.|ANALOG DEVICES CMN|APPLIED MATERIALS|ADV MICRO DEVICES|AMGEN|AMAZON.COM INC|BROADCOM INC.|COSTCO WHOLESALE|CISCO SYSTEMS INC.|GILEAD SCIENCES, INC|ALPHABET CL C CAP|ALPHABET CL A CMN|HONEYWELL INTL INC|INTEL CORP|INTUITIVE SURG, INC.|KLA CP CMN STK|LINDE PLC|LAM RESEARCH CORP|META PLATFORMS, INC.|MICROSOFT CORP|MICRON TECHNOLOGY|NETFLIX, INC.|NVIDIA CORPORATION|PEPSICO INC|PALANTIR TECH CL A|QUALCOMM INC|SHOPIFY INC.|T-MOBILE US CMN|TESLA, INC.|TEXAS INSTRUMENTS|WALMART INC CMN"
2026-05-06,31,AAPL|ADI|AMAT|AMD|AMGN|AMZN|AVGO|COST|CSCO|GILD|GOOG|GOOGL|HON|INTC|ISRG|KLAC|LIN|LRCX|META|MSFT|MU|NFLX|NVDA|PEP|PLTR|QCOM|SHOP|TMUS|TSLA|TXN|WMT,"APPLE INC.|ANALOG DEVICES CMN|APPLIED MATERIALS|ADV MICRO DEVICES|AMGEN|AMAZON.COM INC|BROADCOM INC.|COSTCO WHOLESALE|CISCO SYSTEMS INC.|GILEAD SCIENCES, INC|ALPHABET CL C CAP|ALPHABET CL A CMN|HONEYWELL INTL INC|INTEL CORP|INTUITIVE SURG, INC.|KLA CP CMN STK|LINDE PLC|LAM RESEARCH CORP|META PLATFORMS, INC.|MICROSOFT CORP|MICRON TECHNOLOGY|NETFLIX, INC.|NVIDIA CORPORATION|PEPSICO INC|PALANTIR TECH CL A|QUALCOMM INC|SHOPIFY INC.|T-MOBILE US CMN|TESLA, INC.|TEXAS INSTRUMENTS|WALMART INC CMN"
2026-05-07,31,AAPL|ADI|AMAT|AMD|AMGN|AMZN|AVGO|COST|CSCO|GILD|GOOG|GOOGL|HON|INTC|ISRG|KLAC|LIN|LRCX|META|MSFT|MU|NFLX|NVDA|PEP|PLTR|QCOM|SHOP|TMUS|TSLA|TXN|WMT,"APPLE INC.|ANALOG DEVICES CMN|APPLIED MATERIALS|ADV MICRO DEVICES|AMGEN|AMAZON.COM INC|BROADCOM INC.|COSTCO WHOLESALE|CISCO SYSTEMS INC.|GILEAD SCIENCES, INC|ALPHABET CL C CAP|ALPHABET CL A CMN|HONEYWELL INTL INC|INTEL CORP|INTUITIVE SURG, INC.|KLA CP CMN STK|LINDE PLC|LAM RESEARCH CORP|META PLATFORMS, INC.|MICROSOFT CORP|MICRON TECHNOLOGY|NETFLIX, INC.|NVIDIA CORPORATION|PEPSICO INC|PALANTIR TECH CL A|QUALCOMM INC|SHOPIFY INC.|T-MOBILE US CMN|TESLA, INC.|TEXAS INSTRUMENTS|WALMART INC CMN"
2026-05-08,31,AAPL|ADI|AMAT|AMD|AMGN|AMZN|AVGO|COST|CSCO|GILD|GOOG|GOOGL|HON|INTC|ISRG|KLAC|LIN|LRCX|META|MSFT|MU|NFLX|NVDA|PEP|PLTR|QCOM|SHOP|TMUS|TSLA|TXN|WMT,"APPLE INC.|ANALOG DEVICES CMN|APPLIED MATERIALS|ADV MICRO DEVICES|AMGEN|AMAZON.COM INC|BROADCOM INC.|COSTCO WHOLESALE|CISCO SYSTEMS INC.|GILEAD SCIENCES, INC|ALPHABET CL C CAP|ALPHABET CL A CMN|HONEYWELL INTL INC|INTEL CORP|INTUITIVE SURG, INC.|KLA CP CMN STK|LINDE PLC|LAM RESEARCH CORP|META PLATFORMS, INC.|MICROSOFT CORP|MICRON TECHNOLOGY|NETFLIX, INC.|NVIDIA CORPORATION|PEPSICO INC|PALANTIR TECH CL A|QUALCOMM INC|SHOPIFY INC.|T-MOBILE US CMN|TESLA, INC.|TEXAS INSTRUMENTS|WALMART INC CMN"
2026-05-11,31,AAPL|ADI|AMAT|AMD|AMGN|AMZN|AVGO|COST|CSCO|GILD|GOOG|GOOGL|HON|INTC|ISRG|KLAC|LIN|LRCX|META|MSFT|MU|NFLX|NVDA|PEP|PLTR|QCOM|SHOP|TMUS|TSLA|TXN|WMT,"APPLE INC.|ANALOG DEVICES CMN|APPLIED MATERIALS|ADV MICRO DEVICES|AMGEN|AMAZON.COM INC|BROADCOM INC.|COSTCO WHOLESALE|CISCO SYSTEMS INC.|GILEAD SCIENCES, INC|ALPHABET CL C CAP|ALPHABET CL A CMN|HONEYWELL INTL INC|INTEL CORP|INTUITIVE SURG, INC.|KLA CP CMN STK|LINDE PLC|LAM RESEARCH CORP|META PLATFORMS, INC.|MICROSOFT CORP|MICRON TECHNOLOGY|NETFLIX, INC.|NVIDIA CORPORATION|PEPSICO INC|PALANTIR TECH CL A|QUALCOMM INC|SHOPIFY INC.|T-MOBILE US CMN|TESLA, INC.|TEXAS INSTRUMENTS|WALMART INC CMN"
2026-05-12,31,AAPL|ADI|AMAT|AMD|AMGN|AMZN|AVGO|COST|CSCO|GILD|GOOG|GOOGL|HON|INTC|ISRG|KLAC|LIN|LRCX|META|MSFT|MU|NFLX|NVDA|PEP|PLTR|QCOM|SHOP|TMUS|TSLA|TXN|WMT,"APPLE INC.|ANALOG DEVICES CMN|APPLIED MATERIALS|ADV MICRO DEVICES|AMGEN|AMAZON.COM INC|BROADCOM INC.|COSTCO WHOLESALE|CISCO SYSTEMS INC.|GILEAD SCIENCES, INC|ALPHABET CL C CAP|ALPHABET CL A CMN|HONEYWELL INTL INC|INTEL CORP|INTUITIVE SURG, INC.|KLA CP CMN STK|LINDE PLC|LAM RESEARCH CORP|META PLATFORMS, INC.|MICROSOFT CORP|MICRON TECHNOLOGY|NETFLIX, INC.|NVIDIA CORPORATION|PEPSICO INC|PALANTIR TECH CL A|QUALCOMM INC|SHOPIFY INC.|T-MOBILE US CMN|TESLA, INC.|TEXAS INSTRUMENTS|WALMART INC CMN"
2026-05-13,31,AAPL|ADI|AMAT|AMD|AMGN|AMZN|AVGO|COST|CSCO|GILD|GOOG|GOOGL|HON|INTC|ISRG|KLAC|LIN|LRCX|META|MSFT|MU|NFLX|NVDA|PEP|PLTR|QCOM|SHOP|TMUS|TSLA|TXN|WMT,"APPLE INC.|ANALOG DEVICES CMN|APPLIED MATERIALS|ADV MICRO DEVICES|AMGEN|AMAZON.COM INC|BROADCOM INC.|COSTCO WHOLESALE|CISCO SYSTEMS INC.|GILEAD SCIENCES, INC|ALPHABET CL C CAP|ALPHABET CL A CMN|HONEYWELL INTL INC|INTEL CORP|INTUITIVE SURG, INC.|KLA CP CMN STK|LINDE PLC|LAM RESEARCH CORP|META PLATFORMS, INC.|MICROSOFT CORP|MICRON TECHNOLOGY|NETFLIX, INC.|NVIDIA CORPORATION|PEPSICO INC|PALANTIR TECH CL A|QUALCOMM INC|SHOPIFY INC.|T-MOBILE US CMN|TESLA, INC.|TEXAS INSTRUMENTS|WALMART INC CMN"
2026-05-14,31,AAPL|ADI|AMAT|AMD|AMGN|AMZN|AVGO|COST|CSCO|GILD|GOOG|GOOGL|HON|INTC|ISRG|KLAC|LIN|LRCX|META|MSFT|MU|NFLX|NVDA|PEP|PLTR|QCOM|SHOP|TMUS|TSLA|TXN|WMT,"APPLE INC.|ANALOG DEVICES CMN|APPLIED MATERIALS|ADV MICRO DEVICES|AMGEN|AMAZON.COM INC|BROADCOM INC.|COSTCO WHOLESALE|CISCO SYSTEMS INC.|GILEAD SCIENCES, INC|ALPHABET CL C CAP|ALPHABET CL A CMN|HONEYWELL INTL INC|INTEL CORP|INTUITIVE SURG, INC.|KLA CP CMN STK|LINDE PLC|LAM RESEARCH CORP|META PLATFORMS, INC.|MICROSOFT CORP|MICRON TECHNOLOGY|NETFLIX, INC.|NVIDIA CORPORATION|PEPSICO INC|PALANTIR TECH CL A|QUALCOMM INC|SHOPIFY INC.|T-MOBILE US CMN|TESLA, INC.|TEXAS INSTRUMENTS|WALMART INC CMN"
2026-05-15,31,AAPL|ADI|AMAT|AMD|AMGN|AMZN|AVGO|COST|CSCO|GILD|GOOG|GOOGL|HON|INTC|ISRG|KLAC|LIN|LRCX|META|MSFT|MU|NFLX|NVDA|PEP|PLTR|QCOM|SHOP|TMUS|TSLA|TXN|WMT,"APPLE INC.|ANALOG DEVICES CMN|APPLIED MATERIALS|ADV MICRO DEVICES|AMGEN|AMAZON.COM INC|BROADCOM INC.|COSTCO WHOLESALE|CISCO SYSTEMS INC.|GILEAD SCIENCES, INC|ALPHABET CL C CAP|ALPHABET CL A CMN|HONEYWELL INTL INC|INTEL CORP|INTUITIVE SURG, INC.|KLA CP CMN STK|LINDE PLC|LAM RESEARCH CORP|META PLATFORMS, INC.|MICROSOFT CORP|MICRON TECHNOLOGY|NETFLIX, INC.|NVIDIA CORPORATION|PEPSICO INC|PALANTIR TECH CL A|QUALCOMM INC|SHOPIFY INC.|T-MOBILE US CMN|TESLA, INC.|TEXAS INSTRUMENTS|WALMART INC CMN"
2026-05-18,31,AAPL|ADI|AMAT|AMD|AMGN|AMZN|AVGO|COST|CSCO|GILD|GOOG|GOOGL|HON|INTC|ISRG|KLAC|LIN|LRCX|META|MSFT|MU|NFLX|NVDA|PEP|PLTR|QCOM|SHOP|TMUS|TSLA|TXN|WMT,"APPLE INC.|ANALOG DEVICES CMN|APPLIED MATERIALS|ADV MICRO DEVICES|AMGEN|AMAZON.COM INC|BROADCOM INC.|COSTCO WHOLESALE|CISCO SYSTEMS INC.|GILEAD SCIENCES, INC|ALPHABET CL C CAP|ALPHABET CL A CMN|HONEYWELL INTL INC|INTEL CORP|INTUITIVE SURG, INC.|KLA CP CMN STK|LINDE PLC|LAM RESEARCH CORP|META PLATFORMS, INC.|MICROSOFT CORP|MICRON TECHNOLOGY|NETFLIX, INC.|NVIDIA CORPORATION|PEPSICO INC|PALANTIR TECH CL A|QUALCOMM INC|SHOPIFY INC.|T-MOBILE US CMN|TESLA, INC.|TEXAS INSTRUMENTS|WALMART INC CMN"
2026-05-19,31,AAPL|ADI|AMAT|AMD|AMGN|AMZN|AVGO|COST|CSCO|GILD|GOOG|GOOGL|HON|INTC|ISRG|KLAC|LIN|LRCX|META|MSFT|MU|NFLX|NVDA|PEP|PLTR|QCOM|SHOP|TMUS|TSLA|TXN|WMT,"APPLE INC.|ANALOG DEVICES CMN|APPLIED MATERIALS|ADV MICRO DEVICES|AMGEN|AMAZON.COM INC|BROADCOM INC.|COSTCO WHOLESALE|CISCO SYSTEMS INC.|GILEAD SCIENCES, INC|ALPHABET CL C CAP|ALPHABET CL A CMN|HONEYWELL INTL INC|INTEL CORP|INTUITIVE SURG, INC.|KLA CP CMN STK|LINDE PLC|LAM RESEARCH CORP|META PLATFORMS, INC.|MICROSOFT CORP|MICRON TECHNOLOGY|NETFLIX, INC.|NVIDIA CORPORATION|PEPSICO INC|PALANTIR TECH CL A|QUALCOMM INC|SHOPIFY INC.|T-MOBILE US CMN|TESLA, INC.|TEXAS INSTRUMENTS|WALMART INC CMN"
2026-05-20,31,AAPL|ADI|AMAT|AMD|AMGN|AMZN|AVGO|COST|CSCO|GILD|GOOG|GOOGL|HON|INTC|ISRG|KLAC|LIN|LRCX|META|MSFT|MU|NFLX|NVDA|PEP|PLTR|QCOM|SHOP|TMUS|TSLA|TXN|WMT,"APPLE INC.|ANALOG DEVICES CMN|APPLIED MATERIALS|ADV MICRO DEVICES|AMGEN|AMAZON.COM INC|BROADCOM INC.|COSTCO WHOLESALE|CISCO SYSTEMS INC.|GILEAD SCIENCES, INC|ALPHABET CL C CAP|ALPHABET CL A CMN|HONEYWELL INTL INC|INTEL CORP|INTUITIVE SURG, INC.|KLA CP CMN STK|LINDE PLC|LAM RESEARCH CORP|META PLATFORMS, INC.|MICROSOFT CORP|MICRON TECHNOLOGY|NETFLIX, INC.|NVIDIA CORPORATION|PEPSICO INC|PALANTIR TECH CL A|QUALCOMM INC|SHOPIFY INC.|T-MOBILE US CMN|TESLA, INC.|TEXAS INSTRUMENTS|WALMART INC CMN"
2026-05-21,31,AAPL|ADI|AMAT|AMD|AMGN|AMZN|AVGO|COST|CSCO|GILD|GOOG|GOOGL|HON|INTC|ISRG|KLAC|LIN|LRCX|META|MSFT|MU|NFLX|NVDA|PEP|PLTR|QCOM|SHOP|TMUS|TSLA|TXN|WMT,"APPLE INC.|ANALOG DEVICES CMN|APPLIED MATERIALS|ADV MICRO DEVICES|AMGEN|AMAZON.COM INC|BROADCOM INC.|COSTCO WHOLESALE|CISCO SYSTEMS INC.|GILEAD SCIENCES, INC|ALPHABET CL C CAP|ALPHABET CL A CMN|HONEYWELL INTL INC|INTEL CORP|INTUITIVE SURG, INC.|KLA CP CMN STK|LINDE PLC|LAM RESEARCH CORP|META PLATFORMS, INC.|MICROSOFT CORP|MICRON TECHNOLOGY|NETFLIX, INC.|NVIDIA CORPORATION|PEPSICO INC|PALANTIR TECH CL A|QUALCOMM INC|SHOPIFY INC.|T-MOBILE US CMN|TESLA, INC.|TEXAS INSTRUMENTS|WALMART INC CMN"
2026-05-22,31,AAPL|ADI|AMAT|AMD|AMGN|AMZN|AVGO|COST|CSCO|GILD|GOOG|GOOGL|HON|INTC|ISRG|KLAC|LIN|LRCX|META|MSFT|MU|NFLX|NVDA|PEP|PLTR|QCOM|SHOP|TMUS|TSLA|TXN|WMT,"APPLE INC.|ANALOG DEVICES CMN|APPLIED MATERIALS|ADV MICRO DEVICES|AMGEN|AMAZON.COM INC|BROADCOM INC.|COSTCO WHOLESALE|CISCO SYSTEMS INC.|GILEAD SCIENCES, INC|ALPHABET CL C CAP|ALPHABET CL A CMN|HONEYWELL INTL INC|INTEL CORP|INTUITIVE SURG, INC.|KLA CP CMN STK|LINDE PLC|LAM RESEARCH CORP|META PLATFORMS, INC.|MICROSOFT CORP|MICRON TECHNOLOGY|NETFLIX, INC.|NVIDIA CORPORATION|PEPSICO INC|PALANTIR TECH CL A|QUALCOMM INC|SHOPIFY INC.|T-MOBILE US CMN|TESLA, INC.|TEXAS INSTRUMENTS|WALMART INC CMN"
2026-05-26,31,AAPL|ADI|AMAT|AMD|AMGN|AMZN|AVGO|COST|CSCO|GILD|GOOG|GOOGL|HON|INTC|ISRG|KLAC|LIN|LRCX|META|MSFT|MU|NFLX|NVDA|PEP|PLTR|QCOM|SHOP|TMUS|TSLA|TXN|WMT,"APPLE INC.|ANALOG DEVICES CMN|APPLIED MATERIALS|ADV MICRO DEVICES|AMGEN|AMAZON.COM INC|BROADCOM INC.|COSTCO WHOLESALE|CISCO SYSTEMS INC.|GILEAD SCIENCES, INC|ALPHABET CL C CAP|ALPHABET CL A CMN|HONEYWELL INTL INC|INTEL CORP|INTUITIVE SURG, INC.|KLA CP CMN STK|LINDE PLC|LAM RESEARCH CORP|META PLATFORMS, INC.|MICROSOFT CORP|MICRON TECHNOLOGY|NETFLIX, INC.|NVIDIA CORPORATION|PEPSICO INC|PALANTIR TECH CL A|QUALCOMM INC|SHOPIFY INC.|T-MOBILE US CMN|TESLA, INC.|TEXAS INSTRUMENTS|WALMART INC CMN"
2026-05-27,31,AAPL|ADI|AMAT|AMD|AMGN|AMZN|AVGO|COST|CSCO|GILD|GOOG|GOOGL|HON|INTC|ISRG|KLAC|LIN|LRCX|META|MSFT|MU|NFLX|NVDA|PEP|PLTR|QCOM|SHOP|TMUS|TSLA|TXN|WMT,"APPLE INC.|ANALOG DEVICES CMN|APPLIED MATERIALS|ADV MICRO DEVICES|AMGEN|AMAZON.COM INC|BROADCOM INC.|COSTCO WHOLESALE|CISCO SYSTEMS INC.|GILEAD SCIENCES, INC|ALPHABET CL C CAP|ALPHABET CL A CMN|HONEYWELL INTL INC|INTEL CORP|INTUITIVE SURG, INC.|KLA CP CMN STK|LINDE PLC|LAM RESEARCH CORP|META PLATFORMS, INC.|MICROSOFT CORP|MICRON TECHNOLOGY|NETFLIX, INC.|NVIDIA CORPORATION|PEPSICO INC|PALANTIR TECH CL A|QUALCOMM INC|SHOPIFY INC.|T-MOBILE US CMN|TESLA, INC.|TEXAS INSTRUMENTS|WALMART INC CMN"
2026-05-28,31,AAPL|ADI|AMAT|AMD|AMGN|AMZN|AVGO|COST|CSCO|GILD|GOOG|GOOGL|HON|INTC|ISRG|KLAC|LIN|LRCX|META|MSFT|MU|NFLX|NVDA|PEP|PLTR|QCOM|SHOP|TMUS|TSLA|TXN|WMT,"APPLE INC.|ANALOG DEVICES CMN|APPLIED MATERIALS|ADV MICRO DEVICES|AMGEN|AMAZON.COM INC|BROADCOM INC.|COSTCO WHOLESALE|CISCO SYSTEMS INC.|GILEAD SCIENCES, INC|ALPHABET CL C CAP|ALPHABET CL A CMN|HONEYWELL INTL INC|INTEL CORP|INTUITIVE SURG, INC.|KLA CP CMN STK|LINDE PLC|LAM RESEARCH CORP|META PLATFORMS, INC.|MICROSOFT CORP|MICRON TECHNOLOGY|NETFLIX, INC.|NVIDIA CORPORATION|PEPSICO INC|PALANTIR TECH CL A|QUALCOMM INC|SHOPIFY INC.|T-MOBILE US CMN|TESLA, INC.|TEXAS INSTRUMENTS|WALMART INC CMN"
2026-05-29,31,AAPL|ADI|AMAT|AMD|AMGN|AMZN|AVGO|COST|CSCO|GILD|GOOG|GOOGL|HON|INTC|ISRG|KLAC|LIN|LRCX|META|MSFT|MU|NFLX|NVDA|PEP|PLTR|QCOM|SHOP|TMUS|TSLA|TXN|WMT,"APPLE INC.|ANALOG DEVICES CMN|APPLIED MATERIALS|ADV MICRO DEVICES|AMGEN|AMAZON.COM INC|BROADCOM INC.|COSTCO WHOLESALE|CISCO SYSTEMS INC.|GILEAD SCIENCES, INC|ALPHABET CL C CAP|ALPHABET CL A CMN|HONEYWELL INTL INC|INTEL CORP|INTUITIVE SURG, INC.|KLA CP CMN STK|LINDE PLC|LAM RESEARCH CORP|META PLATFORMS, INC.|MICROSOFT CORP|MICRON TECHNOLOGY|NETFLIX, INC.|NVIDIA CORPORATION|PEPSICO INC|PALANTIR TECH CL A|QUALCOMM INC|SHOPIFY INC.|T-MOBILE US CMN|TESLA, INC.|TEXAS INSTRUMENTS|WALMART INC CMN"
2026-06-01,31,AAPL|ADI|AMAT|AMD|AMGN|AMZN|AVGO|COST|CSCO|GILD|GOOG|GOOGL|HON|INTC|ISRG|KLAC|LIN|LRCX|META|MSFT|MU|NFLX|NVDA|PEP|PLTR|QCOM|SHOP|TMUS|TSLA|TXN|WMT,"APPLE INC.|ANALOG DEVICES CMN|APPLIED MATERIALS|ADV MICRO DEVICES|AMGEN|AMAZON.COM INC|BROADCOM INC.|COSTCO WHOLESALE|CISCO SYSTEMS INC.|GILEAD SCIENCES, INC|ALPHABET CL C CAP|ALPHABET CL A CMN|HONEYWELL INTL INC|INTEL CORP|INTUITIVE SURG, INC.|KLA CP CMN STK|LINDE PLC|LAM RESEARCH CORP|META PLATFORMS, INC.|MICROSOFT CORP|MICRON TECHNOLOGY|NETFLIX, INC.|NVIDIA CORPORATION|PEPSICO INC|PALANTIR TECH CL A|QUALCOMM INC|SHOPIFY INC.|T-MOBILE US CMN|TESLA, INC.|TEXAS INSTRUMENTS|WALMART INC CMN"
2026-06-02,31,AAPL|ADI|AMAT|AMD|AMGN|AMZN|AVGO|COST|CSCO|GILD|GOOG|GOOGL|HON|INTC|ISRG|KLAC|LIN|LRCX|META|MSFT|MU|NFLX|NVDA|PEP|PLTR|QCOM|SHOP|TMUS|TSLA|TXN|WMT,"APPLE INC.|ANALOG DEVICES CMN|APPLIED MATERIALS|ADV MICRO DEVICES|AMGEN|AMAZON.COM INC|BROADCOM INC.|COSTCO WHOLESALE|CISCO SYSTEMS INC.|GILEAD SCIENCES, INC|ALPHABET CL C CAP|ALPHABET CL A CMN|HONEYWELL INTL INC|INTEL CORP|INTUITIVE SURG, INC.|KLA CP CMN STK|LINDE PLC|LAM RESEARCH CORP|META PLATFORMS, INC.|MICROSOFT CORP|MICRON TECHNOLOGY|NETFLIX, INC.|NVIDIA CORPORATION|PEPSICO INC|PALANTIR TECH CL A|QUALCOMM INC|SHOPIFY INC.|T-MOBILE US CMN|TESLA, INC.|TEXAS INSTRUMENTS|WALMART INC CMN"
2026-06-03,31,AAPL|ADI|AMAT|AMD|AMGN|AMZN|AVGO|COST|CSCO|GILD|GOOG|GOOGL|HON|INTC|ISRG|KLAC|LIN|LRCX|META|MSFT|MU|NFLX|NVDA|PEP|PLTR|QCOM|SHOP|TMUS|TSLA|TXN|WMT,"APPLE INC.|ANALOG DEVICES CMN|APPLIED MATERIALS|ADV MICRO DEVICES|AMGEN|AMAZON.COM INC|BROADCOM INC.|COSTCO WHOLESALE|CISCO SYSTEMS INC.|GILEAD SCIENCES, INC|ALPHABET CL C CAP|ALPHABET CL A CMN|HONEYWELL INTL INC|INTEL CORP|INTUITIVE SURG, INC.|KLA CP CMN STK|LINDE PLC|LAM RESEARCH CORP|META PLATFORMS, INC.|MICROSOFT CORP|MICRON TECHNOLOGY|NETFLIX, INC.|NVIDIA CORPORATION|PEPSICO INC|PALANTIR TECH CL A|QUALCOMM INC|SHOPIFY INC.|T-MOBILE US CMN|TESLA, INC.|TEXAS INSTRUMENTS|WALMART INC CMN"
2026-06-04,31,AAPL|ADI|AMAT|AMD|AMGN|AMZN|AVGO|COST|CSCO|GILD|GOOG|GOOGL|HON|INTC|ISRG|KLAC|LIN|LRCX|META|MSFT|MU|NFLX|NVDA|PEP|PLTR|QCOM|SHOP|TMUS|TSLA|TXN|WMT,"APPLE INC.|ANALOG DEVICES CMN|APPLIED MATERIALS|ADV MICRO DEVICES|AMGEN|AMAZON.COM INC|BROADCOM INC.|COSTCO WHOLESALE|CISCO SYSTEMS INC.|GILEAD SCIENCES, INC|ALPHABET CL C CAP|ALPHABET CL A CMN|HONEYWELL INTL INC|INTEL CORP|INTUITIVE SURG, INC.|KLA CP CMN STK|LINDE PLC|LAM RESEARCH CORP|META PLATFORMS, INC.|MICROSOFT CORP|MICRON TECHNOLOGY|NETFLIX, INC.|NVIDIA CORPORATION|PEPSICO INC|PALANTIR TECH CL A|QUALCOMM INC|SHOPIFY INC.|T-MOBILE US CMN|TESLA, INC.|TEXAS INSTRUMENTS|WALMART INC CMN"
2026-06-05,31,AAPL|ADI|AMAT|AMD|AMGN|AMZN|AVGO|COST|CSCO|GILD|GOOG|GOOGL|HON|INTC|ISRG|KLAC|LIN|LRCX|META|MSFT|MU|NFLX|NVDA|PEP|PLTR|QCOM|SHOP|TMUS|TSLA|TXN|WMT,"APPLE INC.|ANALOG DEVICES CMN|APPLIED MATERIALS|ADV MICRO DEVICES|AMGEN|AMAZON.COM INC|BROADCOM INC.|COSTCO WHOLESALE|CISCO SYSTEMS INC.|GILEAD SCIENCES, INC|ALPHABET CL C CAP|ALPHABET CL A CMN|HONEYWELL INTL INC|INTEL CORP|INTUITIVE SURG, INC.|KLA CP CMN STK|LINDE PLC|LAM RESEARCH CORP|META PLATFORMS, INC.|MICROSOFT CORP|MICRON TECHNOLOGY|NETFLIX, INC.|NVIDIA CORPORATION|PEPSICO INC|PALANTIR TECH CL A|QUALCOMM INC|SHOPIFY INC.|T-MOBILE US CMN|TESLA, INC.|TEXAS INSTRUMENTS|WALMART INC CMN"
2026-06-08,31,AAPL|ADI|AMAT|AMD|AMGN|AMZN|AVGO|COST|CSCO|GILD|GOOG|GOOGL|HON|INTC|ISRG|KLAC|LIN|LRCX|META|MSFT|MU|NFLX|NVDA|PEP|PLTR|QCOM|SHOP|TMUS|TSLA|TXN|WMT,"APPLE INC.|ANALOG DEVICES CMN|APPLIED MATERIALS|ADV MICRO DEVICES|AMGEN|AMAZON.COM INC|BROADCOM INC.|COSTCO WHOLESALE|CISCO SYSTEMS INC.|GILEAD SCIENCES, INC|ALPHABET CL C CAP|ALPHABET CL A CMN|HONEYWELL INTL INC|INTEL CORP|INTUITIVE SURG, INC.|KLA CP CMN STK|LINDE PLC|LAM RESEARCH CORP|META PLATFORMS, INC.|MICROSOFT CORP|MICRON TECHNOLOGY|NETFLIX, INC.|NVIDIA CORPORATION|PEPSICO INC|PALANTIR TECH CL A|QUALCOMM INC|SHOPIFY INC.|T-MOBILE US CMN|TESLA, INC.|TEXAS INSTRUMENTS|WALMART INC CMN"
2026-06-09,31,AAPL|ADI|AMAT|AMD|AMGN|AMZN|AVGO|COST|CSCO|GILD|GOOG|GOOGL|HON|INTC|ISRG|KLAC|LIN|LRCX|META|MSFT|MU|NFLX|NVDA|PEP|PLTR|QCOM|SHOP|TMUS|TSLA|TXN|WMT,"APPLE INC.|ANALOG DEVICES CMN|APPLIED MATERIALS|ADV MICRO DEVICES|AMGEN|AMAZON.COM INC|BROADCOM INC.|COSTCO WHOLESALE|CISCO SYSTEMS INC.|GILEAD SCIENCES, INC|ALPHABET CL C CAP|ALPHABET CL A CMN|HONEYWELL INTL INC|INTEL CORP|INTUITIVE SURG, INC.|KLA CP CMN STK|LINDE PLC|LAM RESEARCH CORP|META PLATFORMS, INC.|MICROSOFT CORP|MICRON TECHNOLOGY|NETFLIX, INC.|NVIDIA CORPORATION|PEPSICO INC|PALANTIR TECH CL A|QUALCOMM INC|SHOPIFY INC.|T-MOBILE US CMN|TESLA, INC.|TEXAS INSTRUMENTS|WALMART INC CMN"
2026-06-10,31,AAPL|ADI|AMAT|AMD|AMGN|AMZN|AVGO|COST|CSCO|GILD|GOOG|GOOGL|HON|INTC|ISRG|KLAC|LIN|LRCX|META|MSFT|MU|NFLX|NVDA|PEP|PLTR|QCOM|SHOP|TMUS|TSLA|TXN|WMT,"APPLE INC.|ANALOG DEVICES CMN|APPLIED MATERIALS|ADV MICRO DEVICES|AMGEN|AMAZON.COM INC|BROADCOM INC.|COSTCO WHOLESALE|CISCO SYSTEMS INC.|GILEAD SCIENCES, INC|ALPHABET CL C CAP|ALPHABET CL A CMN|HONEYWELL INTL INC|INTEL CORP|INTUITIVE SURG, INC.|KLA CP CMN STK|LINDE PLC|LAM RESEARCH CORP|META PLATFORMS, INC.|MICROSOFT CORP|MICRON TECHNOLOGY|NETFLIX, INC.|NVIDIA CORPORATION|PEPSICO INC|PALANTIR TECH CL A|QUALCOMM INC|SHOPIFY INC.|T-MOBILE US CMN|TESLA, INC.|TEXAS INSTRUMENTS|WALMART INC CMN"
2026-06-11,31,AAPL|ADI|AMAT|AMD|AMGN|AMZN|AVGO|COST|CSCO|GILD|GOOG|GOOGL|HON|INTC|ISRG|KLAC|LIN|LRCX|META|MSFT|MU|NFLX|NVDA|PEP|PLTR|QCOM|SHOP|TMUS|TSLA|TXN|WMT,"APPLE INC.|ANALOG DEVICES CMN|APPLIED MATERIALS|ADV MICRO DEVICES|AMGEN|AMAZON.COM INC|BROADCOM INC.|COSTCO WHOLESALE|CISCO SYSTEMS INC.|GILEAD SCIENCES, INC|ALPHABET CL C CAP|ALPHABET CL A CMN|HONEYWELL INTL INC|INTEL CORP|INTUITIVE SURG, INC.|KLA CP CMN STK|LINDE PLC|LAM RESEARCH CORP|META PLATFORMS, INC.|MICROSOFT CORP|MICRON TECHNOLOGY|NETFLIX, INC.|NVIDIA CORPORATION|PEPSICO INC|PALANTIR TECH CL A|QUALCOMM INC|SHOPIFY INC.|T-MOBILE US CMN|TESLA, INC.|TEXAS INSTRUMENTS|WALMART INC CMN"
2026-06-12,31,AAPL|ADI|AMAT|AMD|AMGN|AMZN|AVGO|COST|CSCO|GILD|GOOG|GOOGL|HON|INTC|ISRG|KLAC|LIN|LRCX|META|MSFT|MU|NFLX|NVDA|PEP|PLTR|QCOM|SHOP|TMUS|TSLA|TXN|WMT,"APPLE INC.|ANALOG DEVICES CMN|APPLIED MATERIALS|ADV MICRO DEVICES|AMGEN|AMAZON.COM INC|BROADCOM INC.|COSTCO WHOLESALE|CISCO SYSTEMS INC.|GILEAD SCIENCES, INC|ALPHABET CL C CAP|ALPHABET CL A CMN|HONEYWELL INTL INC|INTEL CORP|INTUITIVE SURG, INC.|KLA CP CMN STK|LINDE PLC|LAM RESEARCH CORP|META PLATFORMS, INC.|MICROSOFT CORP|MICRON TECHNOLOGY|NETFLIX, INC.|NVIDIA CORPORATION|PEPSICO INC|PALANTIR TECH CL A|QUALCOMM INC|SHOPIFY INC.|T-MOBILE US CMN|TESLA, INC.|TEXAS INSTRUMENTS|WALMART INC CMN"
2026-06-15,31,AAPL|ADI|AMAT|AMD|AMGN|AMZN|AVGO|COST|CSCO|GILD|GOOG|GOOGL|HON|INTC|ISRG|KLAC|LIN|LRCX|META|MSFT|MU|NFLX|NVDA|PEP|PLTR|QCOM|SHOP|TMUS|TSLA|TXN|WMT,"APPLE INC.|ANALOG DEVICES CMN|APPLIED MATERIALS|ADV MICRO DEVICES|AMGEN|AMAZON.COM INC|BROADCOM INC.|COSTCO WHOLESALE|CISCO SYSTEMS INC.|GILEAD SCIENCES, INC|ALPHABET CL C CAP|ALPHABET CL A CMN|HONEYWELL INTL INC|INTEL CORP|INTUITIVE SURG, INC.|KLA CP CMN STK|LINDE PLC|LAM RESEARCH CORP|META PLATFORMS, INC.|MICROSOFT CORP|MICRON TECHNOLOGY|NETFLIX, INC.|NVIDIA CORPORATION|PEPSICO INC|PALANTIR TECH CL A|QUALCOMM INC|SHOPIFY INC.|T-MOBILE US CMN|TESLA, INC.|TEXAS INSTRUMENTS|WALMART INC CMN"
2026-06-16,31,AAPL|ADI|AMAT|AMD|AMGN|AMZN|AVGO|COST|CSCO|GILD|GOOG|GOOGL|HON|INTC|ISRG|KLAC|LIN|LRCX|META|MSFT|MU|NFLX|NVDA|PEP|PLTR|QCOM|SHOP|TMUS|TSLA|TXN|WMT,"APPLE INC.|ANALOG DEVICES CMN|APPLIED MATERIALS|ADV MICRO DEVICES|AMGEN|AMAZON.COM INC|BROADCOM INC.|COSTCO WHOLESALE|CISCO SYSTEMS INC.|GILEAD SCIENCES, INC|ALPHABET CL C CAP|ALPHABET CL A CMN|HONEYWELL INTL INC|INTEL CORP|INTUITIVE SURG, INC.|KLA CP CMN STK|LINDE PLC|LAM RESEARCH CORP|META PLATFORMS, INC.|MICROSOFT CORP|MICRON TECHNOLOGY|NETFLIX, INC.|NVIDIA CORPORATION|PEPSICO INC|PALANTIR TECH CL A|QUALCOMM INC|SHOPIFY INC.|T-MOBILE US CMN|TESLA, INC.|TEXAS INSTRUMENTS|WALMART INC CMN"
2026-06-17,31,AAPL|ADI|AMAT|AMD|AMGN|AMZN|AVGO|COST|CSCO|GILD|GOOG|GOOGL|HON|INTC|ISRG|KLAC|LIN|LRCX|META|MSFT|MU|NFLX|NVDA|PEP|PLTR|QCOM|SHOP|TMUS|TSLA|TXN|WMT,"APPLE INC.|ANALOG DEVICES CMN|APPLIED MATERIALS|ADV MICRO DEVICES|AMGEN|AMAZON.COM INC|BROADCOM INC.|COSTCO WHOLESALE|CISCO SYSTEMS INC.|GILEAD SCIENCES, INC|ALPHABET CL C CAP|ALPHABET CL A CMN|HONEYWELL INTL INC|INTEL CORP|INTUITIVE SURG, INC.|KLA CP CMN STK|LINDE PLC|LAM RESEARCH CORP|META PLATFORMS, INC.|MICROSOFT CORP|MICRON TECHNOLOGY|NETFLIX, INC.|NVIDIA CORPORATION|PEPSICO INC|PALANTIR TECH CL A|QUALCOMM INC|SHOPIFY INC.|T-MOBILE US CMN|TESLA, INC.|TEXAS INSTRUMENTS|WALMART INC CMN"
2026-06-18,31,AAPL|ADI|AMAT|AMD|AMGN|AMZN|AVGO|COST|CSCO|GILD|GOOG|GOOGL|HON|INTC|ISRG|KLAC|LIN|LRCX|META|MSFT|MU|NFLX|NVDA|PEP|PLTR|QCOM|SHOP|TMUS|TSLA|TXN|WMT,"APPLE INC.|ANALOG DEVICES CMN|APPLIED MATERIALS|ADV MICRO DEVICES|AMGEN|AMAZON.COM INC|BROADCOM INC.|COSTCO WHOLESALE|CISCO SYSTEMS INC.|GILEAD SCIENCES, INC|ALPHABET CL C CAP|ALPHABET CL A CMN|HONEYWELL INTL INC|INTEL CORP|INTUITIVE SURG, INC.|KLA CP CMN STK|LINDE PLC|LAM RESEARCH CORP|META PLATFORMS, INC.|MICROSOFT CORP|MICRON TECHNOLOGY|NETFLIX, INC.|NVIDIA CORPORATION|PEPSICO INC|PALANTIR TECH CL A|QUALCOMM INC|SHOPIFY INC.|T-MOBILE US CMN|TESLA, INC.|TEXAS INSTRUMENTS|WALMART INC CMN"
2026-06-22,31,AAPL|ADI|AMAT|AMD|AMZN|APP|AVGO|COST|CRWD|CSCO|GOOG|GOOGL|INTC|KLAC|LIN|LRCX|META|MSFT|MU|NFLX|NVDA|PANW|PEP|PLTR|QCOM|SNDK|STX|TMUS|TSLA|TXN|WMT,"APPLE INC.|ANALOG DEVICES CMN|APPLIED MATERIALS|ADV MICRO DEVICES|AMAZON.COM INC|APPLOVIN CORP CLA CM|BROADCOM INC.|COSTCO WHOLESALE|CROWDSTRIKE HLD CM A|CISCO SYSTEMS INC.|ALPHABET CL C CAP|ALPHABET CL A CMN|INTEL CORP|KLA CP CMN STK|LINDE PLC|LAM RESEARCH CORP|META PLATFORMS, INC.|MICROSOFT CORP|MICRON TECHNOLOGY|NETFLIX, INC.|NVIDIA CORPORATION|PALO ALTO NTWKS CM|PEPSICO INC|PALANTIR TECH CL A|QUALCOMM INC|SANDISK CP CMN|SEAGATE TCH HLDGS OR|T-MOBILE US CMN|TESLA, INC.|TEXAS INSTRUMENTS|WALMART INC CMN"
2026-06-23,31,AAPL|ADI|AMAT|AMD|AMZN|APP|AVGO|COST|CRWD|CSCO|GOOG|GOOGL|INTC|KLAC|LIN|LRCX|META|MSFT|MU|NFLX|NVDA|PANW|PEP|PLTR|QCOM|SNDK|STX|TMUS|TSLA|TXN|WMT,"APPLE INC.|ANALOG DEVICES CMN|APPLIED MATERIALS|ADV MICRO DEVICES|AMAZON.COM INC|APPLOVIN CORP CLA CM|BROADCOM INC.|COSTCO WHOLESALE|CROWDSTRIKE HLD CM A|CISCO SYSTEMS INC.|ALPHABET CL C CAP|ALPHABET CL A CMN|INTEL CORP|KLA CP CMN STK|LINDE PLC|LAM RESEARCH CORP|META PLATFORMS, INC.|MICROSOFT CORP|MICRON TECHNOLOGY|NETFLIX, INC.|NVIDIA CORPORATION|PALO ALTO NTWKS CM|PEPSICO INC|PALANTIR TECH CL A|QUALCOMM INC|SANDISK CP CMN|SEAGATE TCH HLDGS OR|T-MOBILE US CMN|TESLA, INC.|TEXAS INSTRUMENTS|WALMART INC CMN"
2026-06-24,31,AAPL|ADI|AMAT|AMD|AMZN|APP|AVGO|COST|CRWD|CSCO|GOOG|GOOGL|INTC|KLAC|LIN|LRCX|META|MSFT|MU|NFLX|NVDA|PANW|PEP|PLTR|QCOM|SNDK|STX|TMUS|TSLA|TXN|WMT,"APPLE INC.|ANALOG DEVICES CMN|APPLIED MATERIALS|ADV MICRO DEVICES|AMAZON.COM INC|APPLOVIN CORP CLA CM|BROADCOM INC.|COSTCO WHOLESALE|CROWDSTRIKE HLD CM A|CISCO SYSTEMS INC.|ALPHABET CL C CAP|ALPHABET CL A CMN|INTEL CORP|KLA CP CMN STK|LINDE PLC|LAM RESEARCH CORP|META PLATFORMS, INC.|MICROSOFT CORP|MICRON TECHNOLOGY|NETFLIX, INC.|NVIDIA CORPORATION|PALO ALTO NTWKS CM|PEPSICO INC|PALANTIR TECH CL A|QUALCOMM INC|SANDISK CP CMN|SEAGATE TCH HLDGS OR|T-MOBILE US CMN|TESLA, INC.|TEXAS INSTRUMENTS|WALMART INC CMN"
2026-06-25,31,AAPL|ADI|AMAT|AMD|AMZN|APP|AVGO|COST|CRWD|CSCO|GOOG|GOOGL|INTC|KLAC|LIN|LRCX|META|MSFT|MU|NFLX|NVDA|PANW|PEP|PLTR|QCOM|SNDK|STX|TMUS|TSLA|TXN|WMT,"APPLE INC.|ANALOG DEVICES CMN|APPLIED MATERIALS|ADV MICRO DEVICES|AMAZON.COM INC|APPLOVIN CORP CLA CM|BROADCOM INC.|COSTCO WHOLESALE|CROWDSTRIKE HLD CM A|CISCO SYSTEMS INC.|ALPHABET CL C CAP|ALPHABET CL A CMN|INTEL CORP|KLA CP CMN STK|LINDE PLC|LAM RESEARCH CORP|META PLATFORMS, INC.|MICROSOFT CORP|MICRON TECHNOLOGY|NETFLIX, INC.|NVIDIA CORPORATION|PALO ALTO NTWKS CM|PEPSICO INC|PALANTIR TECH CL A|QUALCOMM INC|SANDISK CP CMN|SEAGATE TCH HLDGS OR|T-MOBILE US CMN|TESLA, INC.|TEXAS INSTRUMENTS|WALMART INC CMN"
2026-06-26,31,AAPL|ADI|AMAT|AMD|AMZN|APP|AVGO|COST|CRWD|CSCO|GOOG|GOOGL|INTC|KLAC|LIN|LRCX|META|MSFT|MU|NFLX|NVDA|PANW|PEP|PLTR|QCOM|SNDK|STX|TMUS|TSLA|TXN|WMT,"APPLE INC.|ANALOG DEVICES CMN|APPLIED MATERIALS|ADV MICRO DEVICES|AMAZON.COM INC|APPLOVIN CORP CLA CM|BROADCOM INC.|COSTCO WHOLESALE|CROWDSTRIKE HLD CM A|CISCO SYSTEMS INC.|ALPHABET CL C CAP|ALPHABET CL A CMN|INTEL CORP|KLA CP CMN STK|LINDE PLC|LAM RESEARCH CORP|META PLATFORMS, INC.|MICROSOFT CORP|MICRON TECHNOLOGY|NETFLIX, INC.|NVIDIA CORPORATION|PALO ALTO NTWKS CM|PEPSICO INC|PALANTIR TECH CL A|QUALCOMM INC|SANDISK CP CMN|SEAGATE TCH HLDGS OR|T-MOBILE US CMN|TESLA, INC.|TEXAS INSTRUMENTS|WALMART INC CMN"
2026-06-29,31,AAPL|ADI|AMAT|AMD|AMZN|APP|AVGO|COST|CRWD|CSCO|GOOG|GOOGL|INTC|KLAC|LIN|LRCX|META|MSFT|MU|NFLX|NVDA|PANW|PEP|PLTR|QCOM|SNDK|STX|TMUS|TSLA|TXN|WMT,"APPLE INC.|ANALOG DEVICES CMN|APPLIED MATERIALS|ADV MICRO DEVICES|AMAZON.COM INC|APPLOVIN CORP CLA CM|BROADCOM INC.|COSTCO WHOLESALE|CROWDSTRIKE HLD CM A|CISCO SYSTEMS INC.|ALPHABET CL C CAP|ALPHABET CL A CMN|INTEL CORP|KLA CP CMN STK|LINDE PLC|LAM RESEARCH CORP|META PLATFORMS, INC.|MICROSOFT CORP|MICRON TECHNOLOGY|NETFLIX, INC.|NVIDIA CORPORATION|PALO ALTO NTWKS CM|PEPSICO INC|PALANTIR TECH CL A|QUALCOMM INC|SANDISK CP CMN|SEAGATE TCH HLDGS OR|T-MOBILE US CMN|TESLA, INC.|TEXAS INSTRUMENTS|WALMART INC CMN"
2026-06-30,31,AAPL|ADI|AMAT|AMD|AMZN|APP|AVGO|COST|CRWD|CSCO|GOOG|GOOGL|INTC|KLAC|LIN|LRCX|META|MSFT|MU|NFLX|NVDA|PANW|PEP|PLTR|QCOM|SNDK|STX|TMUS|TSLA|TXN|WMT,"APPLE INC.|ANALOG DEVICES CMN|APPLIED MATERIALS|ADV MICRO DEVICES|AMAZON.COM INC|APPLOVIN CORP CLA CM|BROADCOM INC.|COSTCO WHOLESALE|CROWDSTRIKE HLD CM A|CISCO SYSTEMS INC.|ALPHABET CL C CAP|ALPHABET CL A CMN|INTEL CORP|KLA CP CMN STK|LINDE PLC|LAM RESEARCH CORP|META PLATFORMS, INC.|MICROSOFT CORP|MICRON TECHNOLOGY|NETFLIX, INC.|NVIDIA CORPORATION|PALO ALTO NTWKS CM|PEPSICO INC|PALANTIR TECH CL A|QUALCOMM INC|SANDISK CP CMN|SEAGATE TCH HLDGS OR|T-MOBILE US CMN|TESLA, INC.|TEXAS INSTRUMENTS|WALMART INC CMN"
2026-07-01,31,AAPL|ADI|AMAT|AMD|AMZN|APP|AVGO|COST|CRWD|CSCO|GOOG|GOOGL|INTC|KLAC|LIN|LRCX|META|MSFT|MU|NFLX|NVDA|PANW|PEP|PLTR|QCOM|SNDK|STX|TMUS|TSLA|TXN|WMT,"APPLE INC.|ANALOG DEVICES CMN|APPLIED MATERIALS|ADV MICRO DEVICES|AMAZON.COM INC|APPLOVIN CORP CLA CM|BROADCOM INC.|COSTCO WHOLESALE|CROWDSTRIKE HLD CM A|CISCO SYSTEMS INC.|ALPHABET CL C CAP|ALPHABET CL A CMN|INTEL CORP|KLA CP CMN STK|LINDE PLC|LAM RESEARCH CORP|META PLATFORMS, INC.|MICROSOFT CORP|MICRON TECHNOLOGY|NETFLIX, INC.|NVIDIA CORPORATION|PALO ALTO NTWKS CM|PEPSICO INC|PALANTIR TECH CL A|QUALCOMM INC|SANDISK CP CMN|SEAGATE TCH HLDGS OR|T-MOBILE US CMN|TESLA, INC.|TEXAS INSTRUMENTS|WALMART INC CMN"
2026-07-02,31,AAPL|ADI|AMAT|AMD|AMZN|APP|AVGO|COST|CRWD|CSCO|GOOG|GOOGL|INTC|KLAC|LIN|LRCX|META|MSFT|MU|NFLX|NVDA|PANW|PEP|PLTR|QCOM|SNDK|STX|TMUS|TSLA|TXN|WMT,"APPLE INC.|ANALOG DEVICES CMN|APPLIED MATERIALS|ADV MICRO DEVICES|AMAZON.COM INC|APPLOVIN CORP CLA CM|BROADCOM INC.|COSTCO WHOLESALE|CROWDSTRIKE HLD CM A|CISCO SYSTEMS INC.|ALPHABET CL C CAP|ALPHABET CL A CMN|INTEL CORP|KLA CP CMN STK|LINDE PLC|LAM RESEARCH CORP|META PLATFORMS, INC.|MICROSOFT CORP|MICRON TECHNOLOGY|NETFLIX, INC.|NVIDIA CORPORATION|PALO ALTO NTWKS CM|PEPSICO INC|PALANTIR TECH CL A|QUALCOMM INC|SANDISK CP CMN|SEAGATE TCH HLDGS OR|T-MOBILE US CMN|TESLA, INC.|TEXAS INSTRUMENTS|WALMART INC CMN"
2026-07-06,31,AAPL|ADI|AMAT|AMD|AMZN|APP|AVGO|COST|CRWD|CSCO|GOOG|GOOGL|INTC|KLAC|LIN|LRCX|META|MSFT|MU|NFLX|NVDA|PANW|PEP|PLTR|QCOM|SNDK|STX|TMUS|TSLA|TXN|WMT,"APPLE INC.|ANALOG DEVICES CMN|APPLIED MATERIALS|ADV MICRO DEVICES|AMAZON.COM INC|APPLOVIN CORP CLA CM|BROADCOM INC.|COSTCO WHOLESALE|CROWDSTRIKE HLD CM A|CISCO SYSTEMS INC.|ALPHABET CL C CAP|ALPHABET CL A CMN|INTEL CORP|KLA CP CMN STK|LINDE PLC|LAM RESEARCH CORP|META PLATFORMS, INC.|MICROSOFT CORP|MICRON TECHNOLOGY|NETFLIX, INC.|NVIDIA CORPORATION|PALO ALTO NTWKS CM|PEPSICO INC|PALANTIR TECH CL A|QUALCOMM INC|SANDISK CP CMN|SEAGATE TCH HLDGS OR|T-MOBILE US CMN|TESLA, INC.|TEXAS INSTRUMENTS|WALMART INC CMN"
2026-07-07,31,AAPL|ADI|AMAT|AMD|AMZN|APP|AVGO|COST|CRWD|CSCO|GOOG|GOOGL|INTC|KLAC|LIN|LRCX|META|MSFT|MU|NFLX|NVDA|PANW|PEP|PLTR|QCOM|SNDK|STX|TMUS|TSLA|TXN|WMT,"APPLE INC.|ANALOG DEVICES CMN|APPLIED MATERIALS|ADV MICRO DEVICES|AMAZON.COM INC|APPLOVIN CORP CLA CM|BROADCOM INC.|COSTCO WHOLESALE|CROWDSTRIKE HLD CM A|CISCO SYSTEMS INC.|ALPHABET CL C CAP|ALPHABET CL A CMN|INTEL CORP|KLA CP CMN STK|LINDE PLC|LAM RESEARCH CORP|META PLATFORMS, INC.|MICROSOFT CORP|MICRON TECHNOLOGY|NETFLIX, INC.|NVIDIA CORPORATION|PALO ALTO NTWKS CM|PEPSICO INC|PALANTIR TECH CL A|QUALCOMM INC|SANDISK CP CMN|SEAGATE TCH HLDGS OR|T-MOBILE US CMN|TESLA, INC.|TEXAS INSTRUMENTS|WALMART INC CMN"
2026-07-08,31,AAPL|ADI|AMAT|AMD|AMZN|APP|AVGO|COST|CRWD|CSCO|GOOG|GOOGL|INTC|KLAC|LIN|LRCX|META|MSFT|MU|NFLX|NVDA|PANW|PEP|PLTR|QCOM|SNDK|STX|TMUS|TSLA|TXN|WMT,"APPLE INC.|ANALOG DEVICES CMN|APPLIED MATERIALS|ADV MICRO DEVICES|AMAZON.COM INC|APPLOVIN CORP CLA CM|BROADCOM INC.|COSTCO WHOLESALE|CROWDSTRIKE HLD CM A|CISCO SYSTEMS INC.|ALPHABET CL C CAP|ALPHABET CL A CMN|INTEL CORP|KLA CP CMN STK|LINDE PLC|LAM RESEARCH CORP|META PLATFORMS, INC.|MICROSOFT CORP|MICRON TECHNOLOGY|NETFLIX, INC.|NVIDIA CORPORATION|PALO ALTO NTWKS CM|PEPSICO INC|PALANTIR TECH CL A|QUALCOMM INC|SANDISK CP CMN|SEAGATE TCH HLDGS OR|T-MOBILE US CMN|TESLA, INC.|TEXAS INSTRUMENTS|WALMART INC CMN"
2026-07-09,31,AAPL|ADI|AMAT|AMD|AMZN|APP|AVGO|COST|CRWD|CSCO|GOOG|GOOGL|INTC|KLAC|LIN|LRCX|META|MSFT|MU|NFLX|NVDA|PANW|PEP|PLTR|QCOM|SNDK|STX|TMUS|TSLA|TXN|WMT,"APPLE INC.|ANALOG DEVICES CMN|APPLIED MATERIALS|ADV MICRO DEVICES|AMAZON.COM INC|APPLOVIN CORP CLA CM|BROADCOM INC.|COSTCO WHOLESALE|CROWDSTRIKE HLD CM A|CISCO SYSTEMS INC.|ALPHABET CL C CAP|ALPHABET CL A CMN|INTEL CORP|KLA CP CMN STK|LINDE PLC|LAM RESEARCH CORP|META PLATFORMS, INC.|MICROSOFT CORP|MICRON TECHNOLOGY|NETFLIX, INC.|NVIDIA CORPORATION|PALO ALTO NTWKS CM|PEPSICO INC|PALANTIR TECH CL A|QUALCOMM INC|SANDISK CP CMN|SEAGATE TCH HLDGS OR|T-MOBILE US CMN|TESLA, INC.|TEXAS INSTRUMENTS|WALMART INC CMN"
2026-07-10,31,AAPL|ADI|AMAT|AMD|AMZN|APP|AVGO|COST|CRWD|CSCO|GOOG|GOOGL|INTC|KLAC|LIN|LRCX|META|MSFT|MU|NFLX|NVDA|PANW|PEP|PLTR|QCOM|SNDK|STX|TMUS|TSLA|TXN|WMT,"APPLE INC.|ANALOG DEVICES CMN|APPLIED MATERIALS|ADV MICRO DEVICES|AMAZON.COM INC|APPLOVIN CORP CLA CM|BROADCOM INC.|COSTCO WHOLESALE|CROWDSTRIKE HLD CM A|CISCO SYSTEMS INC.|ALPHABET CL C CAP|ALPHABET CL A CMN|INTEL CORP|KLA CP CMN STK|LINDE PLC|LAM RESEARCH CORP|META PLATFORMS, INC.|MICROSOFT CORP|MICRON TECHNOLOGY|NETFLIX, INC.|NVIDIA CORPORATION|PALO ALTO NTWKS CM|PEPSICO INC|PALANTIR TECH CL A|QUALCOMM INC|SANDISK CP CMN|SEAGATE TCH HLDGS OR|T-MOBILE US CMN|TESLA, INC.|TEXAS INSTRUMENTS|WALMART INC CMN"
2026-07-13,31,AAPL|ADI|AMAT|AMD|AMZN|APP|AVGO|COST|CRWD|CSCO|GOOG|GOOGL|INTC|KLAC|LIN|LRCX|META|MSFT|MU|NFLX|NVDA|PANW|PEP|PLTR|QCOM|SNDK|STX|TMUS|TSLA|TXN|WMT,"APPLE INC.|ANALOG DEVICES CMN|APPLIED MATERIALS|ADV MICRO DEVICES|AMAZON.COM INC|APPLOVIN CORP CLA CM|BROADCOM INC.|COSTCO WHOLESALE|CROWDSTRIKE HLD CM A|CISCO SYSTEMS INC.|ALPHABET CL C CAP|ALPHABET CL A CMN|INTEL CORP|KLA CP CMN STK|LINDE PLC|LAM RESEARCH CORP|META PLATFORMS, INC.|MICROSOFT CORP|MICRON TECHNOLOGY|NETFLIX, INC.|NVIDIA CORPORATION|PALO ALTO NTWKS CM|PEPSICO INC|PALANTIR TECH CL A|QUALCOMM INC|SANDISK CP CMN|SEAGATE TCH HLDGS OR|T-MOBILE US CMN|TESLA, INC.|TEXAS INSTRUMENTS|WALMART INC CMN"
2026-07-14,31,AAPL|ADI|AMAT|AMD|AMZN|APP|AVGO|COST|CRWD|CSCO|GOOG|GOOGL|INTC|KLAC|LIN|LRCX|META|MSFT|MU|NFLX|NVDA|PANW|PEP|PLTR|QCOM|SNDK|STX|TMUS|TSLA|TXN|WMT,"APPLE INC.|ANALOG DEVICES CMN|APPLIED MATERIALS|ADV MICRO DEVICES|AMAZON.COM INC|APPLOVIN CORP CLA CM|BROADCOM INC.|COSTCO WHOLESALE|CROWDSTRIKE HLD CM A|CISCO SYSTEMS INC.|ALPHABET CL C CAP|ALPHABET CL A CMN|INTEL CORP|KLA CP CMN STK|LINDE PLC|LAM RESEARCH CORP|META PLATFORMS, INC.|MICROSOFT CORP|MICRON TECHNOLOGY|NETFLIX, INC.|NVIDIA CORPORATION|PALO ALTO NTWKS CM|PEPSICO INC|PALANTIR TECH CL A|QUALCOMM INC|SANDISK CP CMN|SEAGATE TCH HLDGS OR|T-MOBILE US CMN|TESLA, INC.|TEXAS INSTRUMENTS|WALMART INC CMN"
2026-07-15,31,AAPL|ADI|AMAT|AMD|AMZN|APP|AVGO|COST|CRWD|CSCO|GOOG|GOOGL|INTC|KLAC|LIN|LRCX|META|MSFT|MU|NFLX|NVDA|PANW|PEP|PLTR|QCOM|SNDK|STX|TMUS|TSLA|TXN|WMT,"APPLE INC.|ANALOG DEVICES CMN|APPLIED MATERIALS|ADV MICRO DEVICES|AMAZON.COM INC|APPLOVIN CORP CLA CM|BROADCOM INC.|COSTCO WHOLESALE|CROWDSTRIKE HLD CM A|CISCO SYSTEMS INC.|ALPHABET CL C CAP|ALPHABET CL A CMN|INTEL CORP|KLA CP CMN STK|LINDE PLC|LAM RESEARCH CORP|META PLATFORMS, INC.|MICROSOFT CORP|MICRON TECHNOLOGY|NETFLIX, INC.|NVIDIA CORPORATION|PALO ALTO NTWKS CM|PEPSICO INC|PALANTIR TECH CL A|QUALCOMM INC|SANDISK CP CMN|SEAGATE TCH HLDGS OR|T-MOBILE US CMN|TESLA, INC.|TEXAS INSTRUMENTS|WALMART INC CMN"
2026-07-16,31,AAPL|ADI|AMAT|AMD|AMZN|APP|AVGO|COST|CRWD|CSCO|GOOG|GOOGL|INTC|KLAC|LIN|LRCX|META|MSFT|MU|NFLX|NVDA|PANW|PEP|PLTR|QCOM|SNDK|STX|TMUS|TSLA|TXN|WMT,"APPLE INC.|ANALOG DEVICES CMN|APPLIED MATERIALS|ADV MICRO DEVICES|AMAZON.COM INC|APPLOVIN CORP CLA CM|BROADCOM INC.|COSTCO WHOLESALE|CROWDSTRIKE HLD CM A|CISCO SYSTEMS INC.|ALPHABET CL C CAP|ALPHABET CL A CMN|INTEL CORP|KLA CP CMN STK|LINDE PLC|LAM RESEARCH CORP|META PLATFORMS, INC.|MICROSOFT CORP|MICRON TECHNOLOGY|NETFLIX, INC.|NVIDIA CORPORATION|PALO ALTO NTWKS CM|PEPSICO INC|PALANTIR TECH CL A|QUALCOMM INC|SANDISK CP CMN|SEAGATE TCH HLDGS OR|T-MOBILE US CMN|TESLA, INC.|TEXAS INSTRUMENTS|WALMART INC CMN"
2026-07-17,31,AAPL|ADI|AMAT|AMD|AMZN|APP|AVGO|COST|CRWD|CSCO|GOOG|GOOGL|INTC|KLAC|LIN|LRCX|META|MSFT|MU|NFLX|NVDA|PANW|PEP|PLTR|QCOM|SNDK|STX|TMUS|TSLA|TXN|WMT,"APPLE INC.|ANALOG DEVICES CMN|APPLIED MATERIALS|ADV MICRO DEVICES|AMAZON.COM INC|APPLOVIN CORP CLA CM|BROADCOM INC.|COSTCO WHOLESALE|CROWDSTRIKE HLD CM A|CISCO SYSTEMS INC.|ALPHABET CL C CAP|ALPHABET CL A CMN|INTEL CORP|KLA CP CMN STK|LINDE PLC|LAM RESEARCH CORP|META PLATFORMS, INC.|MICROSOFT CORP|MICRON TECHNOLOGY|NETFLIX, INC.|NVIDIA CORPORATION|PALO ALTO NTWKS CM|PEPSICO INC|PALANTIR TECH CL A|QUALCOMM INC|SANDISK CP CMN|SEAGATE TCH HLDGS OR|T-MOBILE US CMN|TESLA, INC.|TEXAS INSTRUMENTS|WALMART INC CMN"
2026-07-20,31,AAPL|ADI|AMAT|AMD|AMZN|APP|AVGO|COST|CRWD|CSCO|GOOG|GOOGL|INTC|KLAC|LIN|LRCX|META|MSFT|MU|NFLX|NVDA|PANW|PEP|PLTR|QCOM|SNDK|STX|TMUS|TSLA|TXN|WMT,"APPLE INC.|ANALOG DEVICES CMN|APPLIED MATERIALS|ADV MICRO DEVICES|AMAZON.COM INC|APPLOVIN CORP CLA CM|BROADCOM INC.|COSTCO WHOLESALE|CROWDSTRIKE HLD CM A|CISCO SYSTEMS INC.|ALPHABET CL C CAP|ALPHABET CL A CMN|INTEL CORP|KLA CP CMN STK|LINDE PLC|LAM RESEARCH CORP|META PLATFORMS, INC.|MICROSOFT CORP|MICRON TECHNOLOGY|NETFLIX, INC.|NVIDIA CORPORATION|PALO ALTO NTWKS CM|PEPSICO INC|PALANTIR TECH CL A|QUALCOMM INC|SANDISK CP CMN|SEAGATE TCH HLDGS OR|T-MOBILE US CMN|TESLA, INC.|TEXAS INSTRUMENTS|WALMART INC CMN"
2026-07-21,31,AAPL|ADI|AMAT|AMD|AMZN|APP|AVGO|COST|CRWD|CSCO|GOOG|GOOGL|INTC|KLAC|LIN|LRCX|META|MSFT|MU|NFLX|NVDA|PANW|PEP|PLTR|QCOM|SNDK|STX|TMUS|TSLA|TXN|WMT,"APPLE INC.|ANALOG DEVICES CMN|APPLIED MATERIALS|ADV MICRO DEVICES|AMAZON.COM INC|APPLOVIN CORP CLA CM|BROADCOM INC.|COSTCO WHOLESALE|CROWDSTRIKE HLD CM A|CISCO SYSTEMS INC.|ALPHABET CL C CAP|ALPHABET CL A CMN|INTEL CORP|KLA CP CMN STK|LINDE PLC|LAM RESEARCH CORP|META PLATFORMS, INC.|MICROSOFT CORP|MICRON TECHNOLOGY|NETFLIX, INC.|NVIDIA CORPORATION|PALO ALTO NTWKS CM|PEPSICO INC|PALANTIR TECH CL A|QUALCOMM INC|SANDISK CP CMN|SEAGATE TCH HLDGS OR|T-MOBILE US CMN|TESLA, INC.|TEXAS INSTRUMENTS|WALMART INC CMN"
2026-07-22,31,AAPL|ADI|AMAT|AMD|AMZN|APP|AVGO|COST|CRWD|CSCO|GOOG|GOOGL|INTC|KLAC|LIN|LRCX|META|MSFT|MU|NFLX|NVDA|PANW|PEP|PLTR|QCOM|SNDK|STX|TMUS|TSLA|TXN|WMT,"APPLE INC.|ANALOG DEVICES CMN|APPLIED MATERIALS|ADV MICRO DEVICES|AMAZON.COM INC|APPLOVIN CORP CLA CM|BROADCOM INC.|COSTCO WHOLESALE|CROWDSTRIKE HLD CM A|CISCO SYSTEMS INC.|ALPHABET CL C CAP|ALPHABET CL A CMN|INTEL CORP|KLA CP CMN STK|LINDE PLC|LAM RESEARCH CORP|META PLATFORMS, INC.|MICROSOFT CORP|MICRON TECHNOLOGY|NETFLIX, INC.|NVIDIA CORPORATION|PALO ALTO NTWKS CM|PEPSICO INC|PALANTIR TECH CL A|QUALCOMM INC|SANDISK CP CMN|SEAGATE TCH HLDGS OR|T-MOBILE US CMN|TESLA, INC.|TEXAS INSTRUMENTS|WALMART INC CMN"
2026-07-23,31,AAPL|ADI|AMAT|AMD|AMZN|APP|AVGO|COST|CRWD|CSCO|GOOG|GOOGL|INTC|KLAC|LIN|LRCX|META|MSFT|MU|NFLX|NVDA|PANW|PEP|PLTR|QCOM|SNDK|STX|TMUS|TSLA|TXN|WMT,"APPLE INC.|ANALOG DEVICES CMN|APPLIED MATERIALS|ADV MICRO DEVICES|AMAZON.COM INC|APPLOVIN CORP CLA CM|BROADCOM INC.|COSTCO WHOLESALE|CROWDSTRIKE HLD CM A|CISCO SYSTEMS INC.|ALPHABET CL C CAP|ALPHABET CL A CMN|INTEL CORP|KLA CP CMN STK|LINDE PLC|LAM RESEARCH CORP|META PLATFORMS, INC.|MICROSOFT CORP|MICRON TECHNOLOGY|NETFLIX, INC.|NVIDIA CORPORATION|PALO ALTO NTWKS CM|PEPSICO INC|PALANTIR TECH CL A|QUALCOMM INC|SANDISK CP CMN|SEAGATE TCH HLDGS OR|T-MOBILE US CMN|TESLA, INC.|TEXAS INSTRUMENTS|WALMART INC CMN"
2026-07-24,31,AAPL|ADI|AMAT|AMD|AMZN|APP|AVGO|COST|CRWD|CSCO|GOOG|GOOGL|INTC|KLAC|LIN|LRCX|META|MSFT|MU|NFLX|NVDA|PANW|PEP|PLTR|QCOM|SNDK|STX|TMUS|TSLA|TXN|WMT,"APPLE INC.|ANALOG DEVICES CMN|APPLIED MATERIALS|ADV MICRO DEVICES|AMAZON.COM INC|APPLOVIN CORP CLA CM|BROADCOM INC.|COSTCO WHOLESALE|CROWDSTRIKE HLD CM A|CISCO SYSTEMS INC.|ALPHABET CL C CAP|ALPHABET CL A CMN|INTEL CORP|KLA CP CMN STK|LINDE PLC|LAM RESEARCH CORP|META PLATFORMS, INC.|MICROSOFT CORP|MICRON TECHNOLOGY|NETFLIX, INC.|NVIDIA CORPORATION|PALO ALTO NTWKS CM|PEPSICO INC|PALANTIR TECH CL A|QUALCOMM INC|SANDISK CP CMN|SEAGATE TCH HLDGS OR|T-MOBILE US CMN|TESLA, INC.|TEXAS INSTRUMENTS|WALMART INC CMN"
2026-07-27,31,AAPL|ADI|AMAT|AMD|AMZN|APP|AVGO|COST|CRWD|CSCO|GOOG|GOOGL|INTC|KLAC|LIN|LRCX|META|MSFT|MU|NFLX|NVDA|PANW|PEP|PLTR|QCOM|SNDK|STX|TMUS|TSLA|TXN|WMT,"APPLE INC.|ANALOG DEVICES CMN|APPLIED MATERIALS|ADV MICRO DEVICES|AMAZON.COM INC|APPLOVIN CORP CLA CM|BROADCOM INC.|COSTCO WHOLESALE|CROWDSTRIKE HLD CM A|CISCO SYSTEMS INC.|ALPHABET CL C CAP|ALPHABET CL A CMN|INTEL CORP|KLA CP CMN STK|LINDE PLC|LAM RESEARCH CORP|META PLATFORMS, INC.|MICROSOFT CORP|MICRON TECHNOLOGY|NETFLIX, INC.|NVIDIA CORPORATION|PALO ALTO NTWKS CM|PEPSICO INC|PALANTIR TECH CL A|QUALCOMM INC|SANDISK CP CMN|SEAGATE TCH HLDGS OR|T-MOBILE US CMN|TESLA, INC.|TEXAS INSTRUMENTS|WALMART INC CMN"
2026-07-28,31,AAPL|ADI|AMAT|AMD|AMZN|APP|AVGO|COST|CRWD|CSCO|GOOG|GOOGL|INTC|KLAC|LIN|LRCX|META|MSFT|MU|NFLX|NVDA|PANW|PEP|PLTR|QCOM|SNDK|STX|TMUS|TSLA|TXN|WMT,"APPLE INC.|ANALOG DEVICES CMN|APPLIED MATERIALS|ADV MICRO DEVICES|AMAZON.COM INC|APPLOVIN CORP CLA CM|BROADCOM INC.|COSTCO WHOLESALE|CROWDSTRIKE HLD CM A|CISCO SYSTEMS INC.|ALPHABET CL C CAP|ALPHABET CL A CMN|INTEL CORP|KLA CP CMN STK|LINDE PLC|LAM RESEARCH CORP|META PLATFORMS, INC.|MICROSOFT CORP|MICRON TECHNOLOGY|NETFLIX, INC.|NVIDIA CORPORATION|PALO ALTO NTWKS CM|PEPSICO INC|PALANTIR TECH CL A|QUALCOMM INC|SANDISK CP CMN|SEAGATE TCH HLDGS OR|T-MOBILE US CMN|TESLA, INC.|TEXAS INSTRUMENTS|WALMART INC CMN"
2026-07-29,31,AAPL|ADI|AMAT|AMD|AMZN|APP|AVGO|COST|CRWD|CSCO|GOOG|GOOGL|INTC|KLAC|LIN|LRCX|META|MSFT|MU|NFLX|NVDA|PANW|PEP|PLTR|QCOM|SNDK|STX|TMUS|TSLA|TXN|WMT,"APPLE INC.|ANALOG DEVICES CMN|APPLIED MATERIALS|ADV MICRO DEVICES|AMAZON.COM INC|APPLOVIN CORP CLA CM|BROADCOM INC.|COSTCO WHOLESALE|CROWDSTRIKE HLD CM A|CISCO SYSTEMS INC.|ALPHABET CL C CAP|ALPHABET CL A CMN|INTEL CORP|KLA CP CMN STK|LINDE PLC|LAM RESEARCH CORP|META PLATFORMS, INC.|MICROSOFT CORP|MICRON TECHNOLOGY|NETFLIX, INC.|NVIDIA CORPORATION|PALO ALTO NTWKS CM|PEPSICO INC|PALANTIR TECH CL A|QUALCOMM INC|SANDISK CP CMN|SEAGATE TCH HLDGS OR|T-MOBILE US CMN|TESLA, INC.|TEXAS INSTRUMENTS|WALMART INC CMN"
2026-07-30,31,AAPL|ADI|AMAT|AMD|AMZN|APP|AVGO|COST|CRWD|CSCO|GOOG|GOOGL|INTC|KLAC|LIN|LRCX|META|MSFT|MU|NFLX|NVDA|PANW|PEP|PLTR|QCOM|SNDK|STX|TMUS|TSLA|TXN|WMT,"APPLE INC.|ANALOG DEVICES CMN|APPLIED MATERIALS|ADV MICRO DEVICES|AMAZON.COM INC|APPLOVIN CORP CLA CM|BROADCOM INC.|COSTCO WHOLESALE|CROWDSTRIKE HLD CM A|CISCO SYSTEMS INC.|ALPHABET CL C CAP|ALPHABET CL A CMN|INTEL CORP|KLA CP CMN STK|LINDE PLC|LAM RESEARCH CORP|META PLATFORMS, INC.|MICROSOFT CORP|MICRON TECHNOLOGY|NETFLIX, INC.|NVIDIA CORPORATION|PALO ALTO NTWKS CM|PEPSICO INC|PALANTIR TECH CL A|QUALCOMM INC|SANDISK CP CMN|SEAGATE TCH HLDGS OR|T-MOBILE US CMN|TESLA, INC.|TEXAS INSTRUMENTS|WALMART INC CMN"
2026-07-31,31,AAPL|ADI|AMAT|AMD|AMZN|APP|AVGO|COST|CRWD|CSCO|GOOG|GOOGL|INTC|KLAC|LIN|LRCX|META|MSFT|MU|NFLX|NVDA|PANW|PEP|PLTR|QCOM|SNDK|STX|TMUS|TSLA|TXN|WMT,"APPLE INC.|ANALOG DEVICES CMN|APPLIED MATERIALS|ADV MICRO DEVICES|AMAZON.COM INC|APPLOVIN CORP CLA CM|BROADCOM INC.|COSTCO WHOLESALE|CROWDSTRIKE HLD CM A|CISCO SYSTEMS INC.|ALPHABET CL C CAP|ALPHABET CL A CMN|INTEL CORP|KLA CP CMN STK|LINDE PLC|LAM RESEARCH CORP|META PLATFORMS, INC.|MICROSOFT CORP|MICRON TECHNOLOGY|NETFLIX, INC.|NVIDIA CORPORATION|PALO ALTO NTWKS CM|PEPSICO INC|PALANTIR TECH CL A|QUALCOMM INC|SANDISK CP CMN|SEAGATE TCH HLDGS OR|T-MOBILE US CMN|TESLA, INC.|TEXAS INSTRUMENTS|WALMART INC CMN"
2026-08-03,31,AAPL|ADI|AMAT|AMD|AMZN|APP|AVGO|COST|CRWD|CSCO|GOOG|GOOGL|INTC|KLAC|LIN|LRCX|META|MSFT|MU|NFLX|NVDA|PANW|PEP|PLTR|QCOM|SNDK|STX|TMUS|TSLA|TXN|WMT,"APPLE INC.|ANALOG DEVICES CMN|APPLIED MATERIALS|ADV MICRO DEVICES|AMAZON.COM INC|APPLOVIN CORP CLA CM|BROADCOM INC.|COSTCO WHOLESALE|CROWDSTRIKE HLD CM A|CISCO SYSTEMS INC.|ALPHABET CL C CAP|ALPHABET CL A CMN|INTEL CORP|KLA CP CMN STK|LINDE PLC|LAM RESEARCH CORP|META PLATFORMS, INC.|MICROSOFT CORP|MICRON TECHNOLOGY|NETFLIX, INC.|NVIDIA CORPORATION|PALO ALTO NTWKS CM|PEPSICO INC|PALANTIR TECH CL A|QUALCOMM INC|SANDISK CP CMN|SEAGATE TCH HLDGS OR|T-MOBILE US CMN|TESLA, INC.|TEXAS INSTRUMENTS|WALMART INC CMN"
2026-08-04,31,AAPL|ADI|AMAT|AMD|AMZN|APP|AVGO|COST|CRWD|CSCO|GOOG|GOOGL|INTC|KLAC|LIN|LRCX|META|MSFT|MU|NFLX|NVDA|PANW|PEP|PLTR|QCOM|SNDK|STX|TMUS|TSLA|TXN|WMT,"APPLE INC.|ANALOG DEVICES CMN|APPLIED MATERIALS|ADV MICRO DEVICES|AMAZON.COM INC|APPLOVIN CORP CLA CM|BROADCOM INC.|COSTCO WHOLESALE|CROWDSTRIKE HLD CM A|CISCO SYSTEMS INC.|ALPHABET CL C CAP|ALPHABET CL A CMN|INTEL CORP|KLA CP CMN STK|LINDE PLC|LAM RESEARCH CORP|META PLATFORMS, INC.|MICROSOFT CORP|MICRON TECHNOLOGY|NETFLIX, INC.|NVIDIA CORPORATION|PALO ALTO NTWKS CM|PEPSICO INC|PALANTIR TECH CL A|QUALCOMM INC|SANDISK CP CMN|SEAGATE TCH HLDGS OR|T-MOBILE US CMN|TESLA, INC.|TEXAS INSTRUMENTS|WALMART INC CMN"
2026-08-05,31,AAPL|ADI|AMAT|AMD|AMZN|APP|AVGO|COST|CRWD|CSCO|GOOG|GOOGL|INTC|KLAC|LIN|LRCX|META|MSFT|MU|NFLX|NVDA|PANW|PEP|PLTR|QCOM|SNDK|STX|TMUS|TSLA|TXN|WMT,"APPLE INC.|ANALOG DEVICES CMN|APPLIED MATERIALS|ADV MICRO DEVICES|AMAZON.COM INC|APPLOVIN CORP CLA CM|BROADCOM INC.|COSTCO WHOLESALE|CROWDSTRIKE HLD CM A|CISCO SYSTEMS INC.|ALPHABET CL C CAP|ALPHABET CL A CMN|INTEL CORP|KLA CP CMN STK|LINDE PLC|LAM RESEARCH CORP|META PLATFORMS, INC.|MICROSOFT CORP|MICRON TECHNOLOGY|NETFLIX, INC.|NVIDIA CORPORATION|PALO ALTO NTWKS CM|PEPSICO INC|PALANTIR TECH CL A|QUALCOMM INC|SANDISK CP CMN|SEAGATE TCH HLDGS OR|T-MOBILE US CMN|TESLA, INC.|TEXAS INSTRUMENTS|WALMART INC CMN"
2026-08-06,31,AAPL|ADI|AMAT|AMD|AMZN|APP|AVGO|COST|CRWD|CSCO|GOOG|GOOGL|INTC|KLAC|LIN|LRCX|META|MSFT|MU|NFLX|NVDA|PANW|PEP|PLTR|QCOM|SNDK|STX|TMUS|TSLA|TXN|WMT,"APPLE INC.|ANALOG DEVICES CMN|APPLIED MATERIALS|ADV MICRO DEVICES|AMAZON.COM INC|APPLOVIN CORP CLA CM|BROADCOM INC.|COSTCO WHOLESALE|CROWDSTRIKE HLD CM A|CISCO SYSTEMS INC.|ALPHABET CL C CAP|ALPHABET CL A CMN|INTEL CORP|KLA CP CMN STK|LINDE PLC|LAM RESEARCH CORP|META PLATFORMS, INC.|MICROSOFT CORP|MICRON TECHNOLOGY|NETFLIX, INC.|NVIDIA CORPORATION|PALO ALTO NTWKS CM|PEPSICO INC|PALANTIR TECH CL A|QUALCOMM INC|SANDISK CP CMN|SEAGATE TCH HLDGS OR|T-MOBILE US CMN|TESLA, INC.|TEXAS INSTRUMENTS|WALMART INC CMN"
2026-08-07,31,AAPL|ADI|AMAT|AMD|AMZN|APP|AVGO|COST|CRWD|CSCO|GOOG|GOOGL|INTC|KLAC|LIN|LRCX|META|MSFT|MU|NFLX|NVDA|PANW|PEP|PLTR|QCOM|SNDK|STX|TMUS|TSLA|TXN|WMT,"APPLE INC.|ANALOG DEVICES CMN|APPLIED MATERIALS|ADV MICRO DEVICES|AMAZON.COM INC|APPLOVIN CORP CLA CM|BROADCOM INC.|COSTCO WHOLESALE|CROWDSTRIKE HLD CM A|CISCO SYSTEMS INC.|ALPHABET CL C CAP|ALPHABET CL A CMN|INTEL CORP|KLA CP CMN STK|LINDE PLC|LAM RESEARCH CORP|META PLATFORMS, INC.|MICROSOFT CORP|MICRON TECHNOLOGY|NETFLIX, INC.|NVIDIA CORPORATION|PALO ALTO NTWKS CM|PEPSICO INC|PALANTIR TECH CL A|QUALCOMM INC|SANDISK CP CMN|SEAGATE TCH HLDGS OR|T-MOBILE US CMN|TESLA, INC.|TEXAS INSTRUMENTS|WALMART INC CMN"
