StartDate,EndDate,Count,Tickers,Names
2003-01-02,2003-04-30,100,AAPL|ADBE|ADCT|ALTR|AMAT|AMGN|AMZN|APCC|APOL|BBBY|BEAS|BGEN|BMET|BRCD|BRCM|CDWC|CEPH|CHIR|CHKP|CHRW|CIEN|CMCSA|CMVT|COST|CPWR|CSCO|CTAS|CTXS|DELL|DISH|DLTR|EBAY|ERICY|ERTS|ESRX|EXPD|FAST|FHCC|FISV|FLEX|GENZ|GILD|GNTX|HGSI|HSIC|ICOS|IDPH|INTC|INTU|IVGN|JDSU|JNPR|KLAC|LAMR|LLTC|LNCR|MCHP|MEDI|MERQ|MLNM|MOLX|MSFT|MXIM|NTAP|NVDA|NVLS|NXTL|ORCL|PAYX|PCAR|PDCO|PETM|PIXR|PSFT|PTEN|QCOM|QLGC|RFMD|ROST|RYAAY|SANM|SBUX|SEBL|SIAL|SNPS|SPLS|SPOT|SSCC|SUNW|SYMC|TEVA|TLAB|TMPW|USAI|VRSN|VRTS|WFMI|XLNX|XRAY|YHOO,|||||||||||||||||||||||||||||||||||||||||||||||||||||||||||||||||||||||||||||||||||||||||||||||||||
2003-05-01,2003-06-20,100,AAPL|ADBE|ADCT|ALTR|AMAT|AMGN|AMZN|APCC|APOL|BBBY|BEAS|BGEN|BMET|BRCD|BRCM|CDWC|CEPH|CHIR|CHKP|CHRW|CIEN|CMCSA|CMVT|COST|CPWR|CSCO|CTAS|CTXS|DELL|DISH|DLTR|EBAY|ERICY|ERTS|ESRX|EXPD|FAST|FHCC|FISV|FLEX|GENZ|GILD|GNTX|HGSI|HSIC|ICOS|IDPH|INTC|INTU|IVGN|JDSU|JNPR|KLAC|LAMR|LLTC|LNCR|MCHP|MEDI|MERQ|MLNM|MNST|MOLX|MSFT|MXIM|NTAP|NVDA|NVLS|NXTL|ORCL|PAYX|PCAR|PDCO|PETM|PIXR|PSFT|PTEN|QCOM|QLGC|RFMD|ROST|RYAAY|SANM|SBUX|SEBL|SIAL|SNPS|SPLS|SPOT|SSCC|SUNW|SYMC|TEVA|TLAB|USAI|VRSN|VRTS|WFMI|XLNX|XRAY|YHOO,|||||||||||||||||||||||||||||||||||||||||||||||||||||||||||||||||||||||||||||||||||||||||||||||||||
2003-06-23,2003-11-12,100,AAPL|ADBE|ADCT|ALTR|AMAT|AMGN|AMZN|APCC|APOL|BBBY|BEAS|BGEN|BMET|BRCD|BRCM|CDWC|CEPH|CHIR|CHKP|CHRW|CIEN|CMCSA|CMVT|COST|CPWR|CSCO|CTAS|CTXS|DELL|DISH|DLTR|EBAY|ERICY|ERTS|ESRX|EXPD|FAST|FHCC|FISV|FLEX|GENZ|GILD|GNTX|HGSI|HSIC|IACI|ICOS|IDPH|INTC|INTU|IVGN|JDSU|JNPR|KLAC|LAMR|LLTC|LNCR|MCHP|MEDI|MERQ|MLNM|MNST|MOLX|MSFT|MXIM|NTAP|NVDA|NVLS|NXTL|ORCL|PAYX|PCAR|PDCO|PETM|PIXR|PSFT|PTEN|QCOM|QLGC|RFMD|ROST|RYAAY|SANM|SBUX|SEBL|SIAL|SNPS|SPLS|SPOT|SSCC|SUNW|SYMC|TEVA|TLAB|VRSN|VRTS|WFMI|XLNX|XRAY|YHOO,|||||||||||||||||||||||||||||||||||||||||||||||||||||||||||||||||||||||||||||||||||||||||||||||||||
2003-11-13,2003-12-19,100,AAPL|ADBE|ADCT|ALTR|AMAT|AMGN|AMZN|APCC|APOL|BBBY|BEAS|BIIB|BMET|BRCD|BRCM|CDWC|CEPH|CHIR|CHKP|CHRW|CIEN|CMCSA|CMVT|COST|CPWR|CSCO|CTAS|CTXS|DELL|DISH|DLTR|EBAY|ERICY|ERTS|ESRX|EXPD|FAST|FHCC|FISV|FLEX|GENZ|GILD|GNTX|HGSI|HSIC|IACI|ICOS|INTC|INTU|IVGN|JDSU|JNPR|KLAC|LAMR|LLTC|LNCR|MCHP|MEDI|MERQ|MLNM|MNST|MOLX|MSFT|MXIM|NTAP|NVDA|NVLS|NXTL|ORCL|PAYX|PCAR|PDCO|PETM|PIXR|PSFT|PTEN|QCOM|QLGC|RFMD|ROST|RYAAY|SANM|SBUX|SEBL|SIAL|SNDK|SNPS|SPLS|SPOT|SSCC|SUNW|SYMC|TEVA|TLAB|VRSN|VRTS|WFMI|XLNX|XRAY|YHOO,|||||||||||||||||||||||||||||||||||||||||||||||||||||||||||||||||||||||||||||||||||||||||||||||||||
2003-12-22,2004-03-18,100,AAPL|ADBE|ALTR|AMAT|AMGN|AMZN|APCC|APOL|ATYT|BBBY|BEAS|BIIB|BMET|BRCM|CDWC|CECO|CEPH|CHIR|CHKP|CHRW|CMCSA|CMVT|COST|CPWR|CSCO|CTAS|CTXS|DELL|DISH|DLTR|EBAY|ERTS|ESRX|EXPD|FAST|FHCC|FISV|FLEX|GENZ|GILD|GNTX|GRMN|HSIC|IACI|INTC|INTU|ISIL|IVGN|JDSU|JNPR|KLAC|LAMR|LLTC|LNCR|LRCX|LVLT|MCHP|MEDI|MERQ|MLNM|MOLX|MRVL|MSFT|MXIM|NTAP|NVDA|NVLS|NXTL|ORCL|PAYX|PCAR|PDCO|PETM|PIXR|PSFT|PTEN|QCOM|QLGC|RIMM|ROST|RYAAY|SANM|SBUX|SEBL|SIAL|SNDK|SNPS|SPLS|SPOT|SSCC|SUNW|SYMC|TEVA|TLAB|VRSN|VRTS|WFMI|XLNX|XRAY|YHOO,|||||||||||||||||||||||||||||||||||||||||||||||||||||||||||||||||||||||||||||||||||||||||||||||||||
2004-03-19,2004-06-15,100,AAPL|ADBE|ALTR|AMAT|AMGN|AMZN|APCC|APOL|ATYT|BBBY|BEAS|BIIB|BMET|BRCM|CDWC|CECO|CEPH|CHIR|CHKP|CHRW|CMCSA|CMVT|COST|CPWR|CSCO|CTAS|CTXS|DELL|DISH|DLTR|EBAY|ERTS|ESRX|EXPD|FAST|FHCC|FISV|FLEX|GENZ|GILD|GNTX|GRMN|HSIC|IACI|INTC|INTU|ISIL|IVGN|JDSU|JNPR|KLAC|LAMR|LLTC|LNCR|LRCX|LVLT|MCHP|MEDI|MERQ|MLNM|MOLX|MRVL|MSFT|MXIM|NTAP|NVDA|NVLS|NXTL|ORCL|PAYX|PCAR|PDCO|PETM|PIXR|PSFT|PTEN|QCOM|QLGC|RIMM|ROST|RYAAY|SANM|SBUX|SEBL|SIAL|SNDK|SNPS|SPLS|SPOT|SSCC|SUNW|SYMC|TEVA|TLAB|VRSN|VRTSE|WFMI|XLNX|XRAY|YHOO,|||||||||||||||||||||||||||||||||||||||||||||||||||||||||||||||||||||||||||||||||||||||||||||||||||
2004-06-16,2004-08-18,100,AAPL|ADBE|ALTR|AMAT|AMGN|AMZN|APCC|APOL|ATYT|BBBY|BEAS|BIIB|BMET|BRCM|CDWC|CECO|CEPH|CHIR|CHKP|CHRW|CMCSA|CMVT|COST|CPWR|CSCO|CTAS|CTXS|DELL|DISH|DLTR|EBAY|ERTS|ESRX|EXPD|FAST|FHCC|FISV|FLEX|GENZ|GILD|GNTX|GRMN|HSIC|IACI|INTC|INTU|ISIL|IVGN|JDSU|JNPR|KLAC|LAMR|LLTC|LNCR|LRCX|LVLT|MCHP|MEDI|MERQ|MLNM|MOLX|MRVL|MSFT|MXIM|NTAP|NVDA|NVLS|NXTL|ORCL|PAYX|PCAR|PDCO|PETM|PIXR|PSFT|PTEN|QCOM|QLGC|RIMM|ROST|RYAAY|SANM|SBUX|SEBL|SIAL|SNDK|SNPS|SPLS|SPOT|SSCC|SUNW|SYMC|TEVA|TLAB|VRSN|VRTS|WFMI|XLNX|XRAY|YHOO,|||||||||||||||||||||||||||||||||||||||||||||||||||||||||||||||||||||||||||||||||||||||||||||||||||
2004-08-19,2004-11-16,100,AAPL|ADBE|ALTR|AMAT|AMGN|AMZN|APCC|APOL|ATYT|BBBY|BEAS|BIIB|BMET|BRCM|CDWC|CECO|CEPH|CHIR|CHKP|CHRW|CMCSA|CMVT|COST|CPWR|CSCO|CTAS|CTXS|DELL|DISH|DLTR|EBAY|ERTS|ESRX|EXPD|FAST|FHCC|FISV|FLEX|GENZ|GILD|GNTX|GRMN|HSIC|IACI|INTC|INTU|ISIL|IVGN|JDSU|JNPR|KLAC|KMRT|LAMR|LLTC|LNCR|LRCX|LVLT|MCHP|MEDI|MERQ|MLNM|MOLX|MRVL|MSFT|MXIM|NTAP|NVDA|NVLS|NXTL|ORCL|PAYX|PCAR|PDCO|PETM|PIXR|PSFT|PTEN|QCOM|QLGC|RIMM|ROST|RYAAY|SANM|SBUX|SEBL|SIAL|SNDK|SNPS|SPLS|SSCC|SUNW|SYMC|TEVA|TLAB|VRSN|VRTS|WFMI|XLNX|XRAY|YHOO,|||||||||||||||||||||||||||||||||||||||||||||||||||||||||||||||||||||||||||||||||||||||||||||||||||
2004-11-17,2004-12-17,100,AAPL|ADBE|ALTR|AMAT|AMGN|AMZN|APCC|APOL|ATYT|BBBY|BEAS|BIIB|BMET|BRCM|CDWC|CECO|CEPH|CHIR|CHKP|CHRW|CMCSA|CMVT|COST|CPWR|CSCO|CTAS|CTXS|DELL|DISH|DLTR|EBAY|ERTS|ESRX|EXPD|FAST|FHCC|FISV|FLEX|GENZ|GILD|GNTX|GRMN|HSIC|IACI|INTC|INTU|ISIL|IVGN|JDSU|JNPR|KLAC|KMRT|LAMR|LLTC|LNCR|LRCX|LVLT|MCHP|MEDI|MERQ|MLNM|MOLXE|MRVL|MSFT|MXIM|NTAP|NVDA|NVLS|NXTL|ORCL|PAYX|PCAR|PDCO|PETM|PIXR|PSFT|PTEN|QCOM|QLGC|RIMM|ROST|RYAAY|SANM|SBUX|SEBL|SIAL|SNDK|SNPS|SPLS|SSCC|SUNW|SYMC|TEVA|TLAB|VRSN|VRTS|WFMI|XLNX|XRAY|YHOO,|||||||||||||||||||||||||||||||||||||||||||||||||||||||||||||||||||||||||||||||||||||||||||||||||||
2004-12-20,2004-12-28,100,AAPL|ADBE|ADSK|ALTR|AMAT|AMGN|AMZN|APCC|APOL|ATYT|BBBY|BEAS|BIIB|BMET|BRCM|CDWC|CECO|CHIR|CHKP|CHRW|CMCSA|CMVT|COST|CSCO|CTAS|CTXS|DELL|DISH|DLTR|EBAY|ERICY|ERTS|ESRX|EXPD|FAST|FISV|FLEX|GENZ|GILD|GRMN|IACI|INTC|INTU|ISIL|IVGN|JDSU|JNPR|KLAC|KMRT|LAMR|LBTYA|LLTC|LNCR|LRCX|LVLT|MCHP|MCIP|MEDI|MERQ|MLNM|MOLXE|MRVL|MSFT|MXIM|NTAP|NTLI|NVLS|NXTL|ORCL|PAYX|PCAR|PDCO|PETM|PIXR|PSFT|QCOM|QLGC|RIMM|ROST|SANM|SBUX|SEBL|SIAL|SIRI|SNDK|SNPS|SPLS|SSCC|SUNW|SYMC|TEVA|TLAB|VRSN|VRTS|WFMI|WYNN|XLNX|XMSR|XRAY|YHOO,|||||||||||||||||||||||||||||||||||||||||||||||||||||||||||||||||||||||||||||||||||||||||||||||||||
2004-12-29,2005-03-23,100,AAPL|ADBE|ADSK|ALTR|AMAT|AMGN|AMZN|APCC|APOL|ATYT|BBBY|BEAS|BIIB|BMET|BRCM|CDWC|CECO|CHIR|CHKP|CHRW|CMCSA|CMVT|COST|CSCO|CTAS|CTSH|CTXS|DELL|DISH|DLTR|EBAY|ERICY|ERTS|ESRX|EXPD|FAST|FISV|FLEX|GENZ|GILD|GRMN|IACI|INTC|INTU|ISIL|IVGN|JDSU|JNPR|KLAC|KMRT|LAMR|LBTYA|LLTC|LNCR|LRCX|LVLT|MCHP|MCIP|MEDI|MERQ|MLNM|MOLXE|MRVL|MSFT|MXIM|NTAP|NTLI|NVLS|NXTL|ORCL|PAYX|PCAR|PDCO|PETM|PIXR|QCOM|QLGC|RIMM|ROST|SANM|SBUX|SEBL|SIAL|SIRI|SNDK|SNPS|SPLS|SSCC|SUNW|SYMC|TEVA|TLAB|VRSN|VRTS|WFMI|WYNN|XLNX|XMSR|XRAY|YHOO,|||||||||||||||||||||||||||||||||||||||||||||||||||||||||||||||||||||||||||||||||||||||||||||||||||
2005-03-24,2005-03-24,100,AAPL|ADBE|ADSK|ALTR|AMAT|AMGN|AMZN|APCC|APOL|ATYT|BBBY|BEAS|BIIB|BMET|BRCM|CDWC|CECO|CHIR|CHKP|CHRW|CMCSA|CMVT|COST|CSCO|CTAS|CTSH|CTXS|DELL|DISH|DLTR|EBAY|ERICY|ERTS|ESRX|EXPD|FAST|FISV|FLEX|GENZ|GILD|GRMN|IACI|INTC|INTU|ISIL|IVGN|JDSU|JNPR|KLAC|KMRT|LAMR|LBTYA|LLTC|LNCR|LRCX|LVLT|MCHP|MCIP|MEDI|MERQ|MLNM|MOLX|MRVL|MSFT|MXIM|NTAP|NTLI|NVLS|NXTL|ORCL|PAYX|PCAR|PDCO|PETM|PIXR|QCOM|QLGC|RIMM|ROST|SANM|SBUX|SEBL|SIAL|SIRI|SNDK|SNPS|SPLS|SSCC|SUNW|SYMC|TEVA|TLAB|VRSN|VRTS|WFMI|WYNN|XLNX|XMSR|XRAY|YHOO,|||||||||||||||||||||||||||||||||||||||||||||||||||||||||||||||||||||||||||||||||||||||||||||||||||
2005-03-28,2005-04-04,100,AAPL|ADBE|ADSK|ALTR|AMAT|AMGN|AMZN|APCC|APOL|ATYT|BBBY|BEAS|BIIB|BMET|BRCM|CDWC|CECO|CHIR|CHKP|CHRW|CMCSA|CMVT|COST|CSCO|CTAS|CTSH|CTXS|DELL|DISH|DLTR|EBAY|ERICY|ERTS|ESRX|EXPD|FAST|FISV|FLEX|GENZ|GILD|GRMN|IACI|INTC|INTU|ISIL|IVGN|JDSU|JNPR|KLAC|LAMR|LBTYA|LLTC|LNCR|LRCX|LVLT|MCHP|MCIP|MEDI|MERQ|MLNM|MOLX|MRVL|MSFT|MXIM|NTAP|NTLI|NVLS|NXTL|ORCL|PAYX|PCAR|PDCO|PETM|PIXR|QCOM|QLGC|RIMM|ROST|SANM|SBUX|SEBL|SHLD|SIAL|SIRI|SNDK|SNPS|SPLS|SSCC|SUNW|SYMC|TEVA|TLAB|VRSN|VRTS|WFMI|WYNN|XLNX|XMSR|XRAY|YHOO,|||||||||||||||||||||||||||||||||||||||||||||||||||||||||||||||||||||||||||||||||||||||||||||||||||
2005-04-05,2005-04-12,100,AAPL|ADBE|ADSK|ALTR|AMAT|AMGN|AMZN|APCC|APOL|ATYT|BBBY|BEAS|BIIB|BMET|BRCM|CDWC|CECO|CHIR|CHKP|CHRW|CMCSA|CMVT|COST|CSCO|CTAS|CTSH|CTXS|DELL|DISH|DLTR|EBAY|ERICY|ERTS|ESRX|EXPD|FAST|FISV|FLEX|GENZ|GILD|GRMN|IACI|INTC|INTU|ISIL|IVGN|JDSU|JNPR|KLAC|LAMR|LBTYA|LLTC|LNCR|LRCX|LVLT|MCHP|MCIP|MEDI|MERQ|MLNM|MOLX|MRVL|MSFT|MXIM|NTAP|NTLI|NVLS|NXTL|ORCL|PAYX|PCAR|PDCO|PETM|PIXR|QCOM|QLGC|RIMM|ROST|SANM|SBUX|SEBL|SHLD|SIAL|SIRI|SNDK|SNPS|SPLS|SSCC|SUNW|SYMC|TEVA|TLAB|VRSN|VRTSE|WFMI|WYNN|XLNX|XMSR|XRAY|YHOO,|||||||||||||||||||||||||||||||||||||||||||||||||||||||||||||||||||||||||||||||||||||||||||||||||||
2005-04-13,2005-07-01,100,AAPL|ADBE|ADSK|ALTR|AMAT|AMGN|AMZN|APCC|APOL|ATYT|BBBY|BEAS|BIIB|BMET|BRCM|CDWC|CECO|CHIR|CHKP|CHRW|CMCSA|CMVT|COST|CSCO|CTAS|CTSH|CTXS|DELL|DISH|DLTR|EBAY|ERICY|ERTS|ESRX|EXPD|FAST|FISV|FLEX|GENZ|GILD|GRMN|IACI|INTC|INTU|ISIL|IVGN|JDSU|JNPR|KLAC|LAMR|LBTYA|LLTC|LNCR|LRCX|LVLT|MCHP|MCIP|MEDI|MERQ|MLNM|MOLX|MRVL|MSFT|MXIM|NTAP|NTLI|NVLS|NXTL|ORCL|PAYX|PCAR|PDCO|PETM|PIXR|QCOM|QLGC|RIMM|ROST|SANM|SBUX|SEBL|SHLD|SIAL|SIRI|SNDK|SNPS|SPLS|SSCC|SUNW|SYMC|TEVA|TLAB|VRSN|VRTS|WFMI|WYNN|XLNX|XMSR|XRAY|YHOO,|||||||||||||||||||||||||||||||||||||||||||||||||||||||||||||||||||||||||||||||||||||||||||||||||||
2005-07-05,2005-08-08,100,AAPL|ADBE|ADSK|ALTR|AMAT|AMGN|AMZN|APCC|APOL|ATYT|BBBY|BEAS|BIIB|BMET|BRCM|CDWC|CECO|CELG|CHIR|CHKP|CHRW|CMCSA|CMVT|COST|CSCO|CTAS|CTSH|CTXS|DELL|DISH|DLTR|EBAY|ERICY|ERTS|ESRX|EXPD|FAST|FISV|FLEX|GENZ|GILD|GRMN|IACI|INTC|INTU|ISIL|IVGN|JDSU|JNPR|KLAC|LAMR|LBTYA|LLTC|LNCR|LRCX|LVLT|MCHP|MCIP|MEDI|MERQ|MLNM|MOLX|MRVL|MSFT|MXIM|NTAP|NTLI|NVLS|NXTL|ORCL|PAYX|PCAR|PDCO|PETM|PIXR|QCOM|QLGC|RIMM|ROST|SANM|SBUX|SEBL|SHLD|SIAL|SIRI|SNDK|SNPS|SPLS|SSCC|SUNW|SYMC|TEVA|TLAB|VRSN|WFMI|WYNN|XLNX|XMSR|XRAY|YHOO,|||||||||||||||||||||||||||||||||||||||||||||||||||||||||||||||||||||||||||||||||||||||||||||||||||
2005-08-09,2005-08-12,100,AAPL|ADBE|ADSK|ALTR|AMAT|AMGN|AMZN|APCC|APOL|ATYT|BBBY|BEAS|BIIB|BMET|BRCM|CDWC|CECO|CELG|CHIR|CHKP|CHRW|CMCSA|CMVT|COST|CSCO|CTAS|CTSH|CTXS|DELL|DISH|DLTR|EBAY|ERICY|ERTS|ESRX|EXPD|FAST|FISV|FLEX|GENZ|GILD|GRMN|IACID|INTC|INTU|ISIL|IVGN|JDSU|JNPR|KLAC|LAMR|LBTYA|LLTC|LNCR|LRCX|LVLT|MCHP|MCIP|MEDI|MERQ|MLNM|MOLX|MRVL|MSFT|MXIM|NTAP|NTLI|NVLS|NXTL|ORCL|PAYX|PCAR|PDCO|PETM|PIXR|QCOM|QLGC|RIMM|ROST|SANM|SBUX|SEBL|SHLD|SIAL|SIRI|SNDK|SNPS|SPLS|SSCC|SUNW|SYMC|TEVA|TLAB|VRSN|WFMI|WYNN|XLNX|XMSR|XRAY|YHOO,|||||||||||||||||||||||||||||||||||||||||||||||||||||||||||||||||||||||||||||||||||||||||||||||||||
2005-08-15,2005-09-06,100,AAPL|ADBE|ADSK|ALTR|AMAT|AMGN|AMZN|APCC|APOL|ATYT|BBBY|BEAS|BIIB|BMET|BRCM|CDWC|CECO|CELG|CHIR|CHKP|CHRW|CMCSA|CMVT|COST|CSCO|CTAS|CTSH|CTXS|DELL|DISH|DLTR|EBAY|ERICY|ERTS|ESRX|EXPD|FAST|FISV|FLEX|GENZ|GILD|GRMN|IACID|INTC|INTU|ISIL|IVGN|JDSU|JNPR|KLAC|LAMR|LBTYA|LLTC|LNCR|LRCX|LVLT|MCHP|MCIP|MEDI|MERQE|MLNM|MOLX|MRVL|MSFT|MXIM|NTAP|NTLI|NVLS|ORCL|PAYX|PCAR|PDCO|PETM|PIXR|QCOM|QLGC|RIMM|ROST|SANM|SBUX|SEBL|SEPR|SHLD|SIAL|SIRI|SNDK|SNPS|SPLS|SSCC|SUNW|SYMC|TEVA|TLAB|VRSN|WFMI|WYNN|XLNX|XMSR|XRAY|YHOO,|||||||||||||||||||||||||||||||||||||||||||||||||||||||||||||||||||||||||||||||||||||||||||||||||||
2005-09-07,2005-10-14,100,AAPL|ADBE|ADSK|ALTR|AMAT|AMGN|AMZN|APCC|APOL|ATYT|BBBY|BEAS|BIIB|BMET|BRCM|CDWC|CECO|CELG|CHIR|CHKP|CHRW|CMCSA|CMVT|COST|CSCO|CTAS|CTSH|CTXS|DELL|DISH|DLTR|EBAY|ERICY|ERTS|ESRX|EXPD|FAST|FISV|FLEX|GENZ|GILD|GRMN|IACI|INTC|INTU|ISIL|IVGN|JDSU|JNPR|KLAC|LAMR|LBTYA|LLTC|LNCR|LRCX|LVLT|MCHP|MCIP|MEDI|MERQE|MLNM|MOLX|MRVL|MSFT|MXIM|NTAP|NTLI|NVLS|ORCL|PAYX|PCAR|PDCO|PETM|PIXR|QCOM|QLGC|RIMM|ROST|SANM|SBUX|SEBL|SEPR|SHLD|SIAL|SIRI|SNDK|SNPS|SPLS|SSCC|SUNW|SYMC|TEVA|TLAB|VRSN|WFMI|WYNN|XLNX|XMSR|XRAY|YHOO,|||||||||||||||||||||||||||||||||||||||||||||||||||||||||||||||||||||||||||||||||||||||||||||||||||
2005-10-17,2005-11-11,100,AAPL|ADBE|ADSK|ALTR|AMAT|AMGN|AMZN|APCC|APOL|ATYT|BBBY|BEAS|BIIB|BMET|BRCM|CDWC|CECO|CELG|CHIR|CHKP|CHRWD|CMCSA|CMVT|COST|CSCO|CTAS|CTSH|CTXS|DELL|DISH|DLTR|EBAY|ERICY|ERTS|ESRX|EXPD|FAST|FISV|FLEX|GENZ|GILD|GRMN|IACI|INTC|INTU|ISIL|IVGN|JDSU|JNPR|KLAC|LAMR|LBTYA|LLTC|LNCR|LRCX|LVLT|MCHP|MCIP|MEDI|MERQE|MLNM|MOLX|MRVL|MSFT|MXIM|NTAP|NTLI|NVLS|ORCL|PAYX|PCAR|PDCO|PETM|PIXR|QCOM|QLGC|RIMM|ROST|SANM|SBUX|SEBL|SEPR|SHLD|SIAL|SIRI|SNDK|SNPS|SPLS|SSCC|SUNW|SYMC|TEVA|TLAB|VRSN|WFMI|WYNN|XLNX|XMSR|XRAY|YHOO,|||||||||||||||||||||||||||||||||||||||||||||||||||||||||||||||||||||||||||||||||||||||||||||||||||
2005-11-14,2005-12-16,100,AAPL|ADBE|ADSK|ALTR|AMAT|AMGN|AMZN|APCC|APOL|ATYT|BBBY|BEAS|BIIB|BMET|BRCM|CDWC|CECO|CELG|CHIR|CHKP|CHRW|CMCSA|CMVT|COST|CSCO|CTAS|CTSH|CTXS|DELL|DISH|DLTR|EBAY|ERICY|ERTS|ESRX|EXPD|FAST|FISV|FLEX|GENZ|GILD|GRMN|IACI|INTC|INTU|ISIL|IVGN|JDSU|JNPR|KLAC|LAMR|LBTYA|LLTC|LNCR|LRCX|LVLT|MCHP|MCIP|MEDI|MERQE|MLNM|MOLX|MRVL|MSFT|MXIM|NTAP|NTLI|NVLS|ORCL|PAYX|PCAR|PDCO|PETM|PIXR|QCOM|QLGC|RIMM|ROST|SANM|SBUX|SEBL|SEPR|SHLD|SIAL|SIRI|SNDK|SNPS|SPLS|SSCC|SUNW|SYMC|TEVA|TLAB|VRSN|WFMI|WYNN|XLNX|XMSR|XRAY|YHOO,|||||||||||||||||||||||||||||||||||||||||||||||||||||||||||||||||||||||||||||||||||||||||||||||||||
2005-12-19,2006-01-03,100,AAPL|ADBE|ADSK|ALTR|AMAT|AMGN|AMZN|APCC|APOL|ATVI|ATYT|BBBY|BEAS|BIIB|BMET|BRCM|CDNS|CDWC|CELG|CHIR|CHKP|CHRW|CKFR|CMCSA|CMVT|COST|CSCO|CTAS|CTSH|CTXS|DELL|DISCA|DISH|EBAY|ERICY|ERTS|ESRX|EXPD|EXPE|FAST|FISV|FLEX|GENZ|GILD|GOOG|GRMN|IACI|INTC|INTU|JDSU|JNPR|KLAC|LAMR|LBTYA|LLTC|LNCR|LRCX|MCHP|MCIP|MEDI|MERQE|MNST|MRVL|MSFT|MXIM|NIHD|NTAP|NTLI|NVDA|ORCL|PAYX|PCAR|PDCO|PETM|PIXR|PTEN|QCOM|RHAT|RIMM|ROST|SBUX|SEBL|SEPR|SHLD|SIAL|SIRI|SNDK|SPLS|SUNW|SYMC|TEVA|TLAB|URBN|VRSN|WFMI|WYNN|XLNX|XMSR|XRAY|YHOO,|||||||||||||||||||||||||||||||||||||||||||||||||||||||||||||||||||||||||||||||||||||||||||||||||||
2006-01-04,2006-01-06,100,AAPL|ADBE|ADSK|ALTR|AMAT|AMGN|AMZN|APCC|APOL|ATVI|ATYT|BBBY|BEAS|BIIB|BMET|BRCM|CDNS|CDWC|CELG|CHIR|CHKP|CHRW|CKFR|CMCSA|CMVT|COST|CSCO|CTAS|CTSH|CTXS|DELL|DISCA|DISH|EBAY|ERICY|ERTS|ESRX|EXPD|EXPE|FAST|FISV|FLEX|GENZ|GILD|GOOG|GRMN|IACI|INTC|INTU|JDSU|JNPR|JOYG|KLAC|LAMR|LBTYA|LLTC|LNCR|LRCX|MCHP|MCIP|MEDI|MNST|MRVL|MSFT|MXIM|NIHD|NTAP|NTLI|NVDA|ORCL|PAYX|PCAR|PDCO|PETM|PIXR|PTEN|QCOM|RHAT|RIMM|ROST|SBUX|SEBL|SEPR|SHLD|SIAL|SIRI|SNDK|SPLS|SUNW|SYMC|TEVA|TLAB|URBN|VRSN|WFMI|WYNN|XLNX|XMSR|XRAY|YHOO,|||||||||||||||||||||||||||||||||||||||||||||||||||||||||||||||||||||||||||||||||||||||||||||||||||
2006-01-09,2006-01-31,100,AAPL|ADBE|ADSK|ALTR|AMAT|AMGN|AMLN|AMZN|APCC|APOL|ATVI|ATYT|BBBY|BEAS|BIIB|BMET|BRCM|CDNS|CDWC|CELG|CHIR|CHKP|CHRW|CKFR|CMCSA|CMVT|COST|CSCO|CTAS|CTSH|CTXS|DELL|DISCA|DISH|EBAY|ERICY|ERTS|ESRX|EXPD|EXPE|FAST|FISV|FLEX|GENZ|GILD|GOOG|GRMN|IACI|INTC|INTU|JDSU|JNPR|JOYG|KLAC|LAMR|LBTYA|LLTC|LNCR|LRCX|MCHP|MEDI|MNST|MRVL|MSFT|MXIM|NIHD|NTAP|NTLI|NVDA|ORCL|PAYX|PCAR|PDCO|PETM|PIXR|PTEN|QCOM|RHAT|RIMM|ROST|SBUX|SEBL|SEPR|SHLD|SIAL|SIRI|SNDK|SPLS|SUNW|SYMC|TEVA|TLAB|URBN|VRSN|WFMI|WYNN|XLNX|XMSR|XRAY|YHOO,|||||||||||||||||||||||||||||||||||||||||||||||||||||||||||||||||||||||||||||||||||||||||||||||||||
2006-02-01,2006-03-03,100,AAPL|ADBE|ADSK|ALTR|AMAT|AMGN|AMLN|AMZN|APCC|APOL|ATVI|ATYT|BBBY|BEAS|BIIB|BMET|BRCM|CDNS|CDWC|CELG|CHIR|CHKP|CHRW|CKFR|CMCSA|CMVT|COST|CSCO|CTAS|CTSH|CTXS|DELL|DISCA|DISH|EBAY|ERICY|ERTS|ESRX|EXPD|EXPE|FAST|FISV|FLEX|GENZ|GILD|GOOG|GRMN|IACI|INTC|INTU|ISRG|JDSU|JNPR|JOYG|KLAC|LAMR|LBTYA|LLTC|LNCR|LRCX|MCHP|MEDI|MNST|MRVL|MSFT|MXIM|NIHD|NTAP|NTLI|NVDA|ORCL|PAYX|PCAR|PDCO|PETM|PIXR|PTEN|QCOM|RHAT|RIMM|ROST|SBUX|SEPR|SHLD|SIAL|SIRI|SNDK|SPLS|SUNW|SYMC|TEVA|TLAB|URBN|VRSN|WFMI|WYNN|XLNX|XMSR|XRAY|YHOO,|||||||||||||||||||||||||||||||||||||||||||||||||||||||||||||||||||||||||||||||||||||||||||||||||||
2006-03-06,2006-03-31,100,AAPL|ADBE|ADSK|ALTR|AMAT|AMGN|AMLN|AMZN|APCC|APOL|ATVI|ATYT|BBBY|BEAS|BIIB|BMET|BRCM|CDNS|CDWC|CELG|CHIR|CHKP|CHRW|CKFR|CMCSA|CMVT|COST|CSCO|CTAS|CTSH|CTXS|DELL|DISCA|DISH|EBAY|ERICY|ERTS|ESRX|EXPD|EXPE|FAST|FISV|FLEX|GENZ|GILD|GOOG|GRMN|IACI|INTC|INTU|ISRG|JDSU|JNPR|JOYG|KLAC|LAMR|LBTYA|LLTC|LNCR|LRCX|MCHP|MEDI|MNST|MRVL|MSFT|MXIM|NIHD|NTAP|NTLID|NVDA|ORCL|PAYX|PCAR|PDCO|PETM|PIXR|PTEN|QCOM|RHAT|RIMM|ROST|SBUX|SEPR|SHLD|SIAL|SIRI|SNDK|SPLS|SUNW|SYMC|TEVA|TLAB|URBN|VRSN|WFMI|WYNN|XLNX|XMSR|XRAY|YHOO,|||||||||||||||||||||||||||||||||||||||||||||||||||||||||||||||||||||||||||||||||||||||||||||||||||
2006-04-03,2006-04-19,100,AAPL|ADBE|ADSK|ALTR|AMAT|AMGN|AMLN|AMZN|APCC|APOL|ATVI|ATYT|BBBY|BEAS|BIIB|BMET|BRCM|CDNS|CDWC|CELG|CHIR|CHKP|CHRW|CKFR|CMCSA|CMVT|COST|CSCO|CTAS|CTSH|CTXS|DELL|DISCA|DISH|EBAY|ERICY|ERTS|ESRX|EXPD|EXPE|FAST|FISV|FLEX|GENZ|GILD|GOOG|GRMN|IACI|INTC|INTU|ISRG|JDSU|JNPR|JOYG|KLAC|LAMR|LBTYA|LLTC|LNCR|LRCX|MCHP|MEDI|MNST|MRVL|MSFT|MXIM|NIHD|NTAP|NTLI|NVDA|ORCL|PAYX|PCAR|PDCO|PETM|PIXR|PTEN|QCOM|RHAT|RIMM|ROST|SBUX|SEPR|SHLD|SIAL|SIRI|SNDK|SPLS|SUNW|SYMC|TEVA|TLAB|URBN|VRSN|WFMI|WYNN|XLNX|XMSR|XRAY|YHOO,|||||||||||||||||||||||||||||||||||||||||||||||||||||||||||||||||||||||||||||||||||||||||||||||||||
2006-04-20,2006-05-05,100,AAPL|ADBE|ADSK|AKAM|ALTR|AMAT|AMGN|AMLN|AMZN|APCC|APOL|ATVI|ATYT|BBBY|BEAS|BIIB|BMET|BRCM|CDNS|CDWC|CELG|CHKP|CHRW|CKFR|CMCSA|CMVT|COST|CSCO|CTAS|CTSH|CTXS|DELL|DISCA|DISH|EBAY|ERICY|ERTS|ESRX|EXPD|EXPE|FAST|FISV|FLEX|GENZ|GILD|GOOG|GRMN|IACI|INTC|INTU|ISRG|JDSU|JNPR|JOYG|KLAC|LAMR|LBTYA|LLTC|LNCR|LRCX|MCHP|MEDI|MNST|MRVL|MSFT|MXIM|NIHD|NTAP|NTLI|NVDA|ORCL|PAYX|PCAR|PDCO|PETM|PIXR|PTEN|QCOM|RHAT|RIMM|ROST|SBUX|SEPR|SHLD|SIAL|SIRI|SNDK|SPLS|SUNW|SYMC|TEVA|TLAB|URBN|VRSN|WFMI|WYNN|XLNX|XMSR|XRAY|YHOO,|||||||||||||||||||||||||||||||||||||||||||||||||||||||||||||||||||||||||||||||||||||||||||||||||||
2006-05-08,2006-08-23,100,AAPL|ADBE|ADSK|AKAM|ALTR|AMAT|AMGN|AMLN|AMZN|APCC|APOL|ATVI|ATYT|BBBY|BEAS|BIIB|BMET|BRCM|CDNS|CDWC|CELG|CHKP|CHRW|CKFR|CMCSA|CMVT|COST|CSCO|CTAS|CTSH|CTXS|DELL|DISCA|DISH|EBAY|ERICY|ERTS|ESRX|EXPD|EXPE|FAST|FISV|FLEX|GENZ|GILD|GOOG|GRMN|IACI|INTC|INTU|ISRG|JDSU|JNPR|JOYG|KLAC|LAMR|LBTYA|LLTC|LNCR|LRCX|MCHP|MEDI|MICC|MNST|MRVL|MSFT|MXIM|NIHD|NTAP|NTLI|NVDA|ORCL|PAYX|PCAR|PDCO|PETM|PTEN|QCOM|RHAT|RIMM|ROST|SBUX|SEPR|SHLD|SIAL|SIRI|SNDK|SPLS|SUNW|SYMC|TEVA|TLAB|URBN|VRSN|WFMI|WYNN|XLNX|XMSR|XRAY|YHOO,|||||||||||||||||||||||||||||||||||||||||||||||||||||||||||||||||||||||||||||||||||||||||||||||||||
2006-08-24,2006-10-16,100,AAPL|ADBE|ADSK|AKAM|ALTR|AMAT|AMGN|AMLN|AMZN|APCC|APOL|ATVI|ATYT|BBBY|BEAS|BIIB|BMET|BRCM|CDNS|CDWC|CELG|CHKP|CHRW|CKFR|CMCSA|CMVT|COST|CSCO|CTAS|CTSH|CTXS|DELL|DISCA|DISH|EBAY|ERIC|ERTS|ESRX|EXPD|EXPE|FAST|FISV|FLEX|GENZ|GILD|GOOG|GRMN|IACI|INTC|INTU|ISRG|JDSU|JNPR|JOYG|KLAC|LAMR|LBTYA|LLTC|LNCR|LRCX|MCHP|MEDI|MICC|MNST|MRVL|MSFT|MXIM|NIHD|NTAP|NTLI|NVDA|ORCL|PAYX|PCAR|PDCO|PETM|PTEN|QCOM|RHAT|RIMM|ROST|SBUX|SEPR|SHLD|SIAL|SIRI|SNDK|SPLS|SUNW|SYMC|TEVA|TLAB|URBN|VRSN|WFMI|WYNN|XLNX|XMSR|XRAY|YHOO,|||||||||||||||||||||||||||||||||||||||||||||||||||||||||||||||||||||||||||||||||||||||||||||||||||
2006-10-17,2006-10-23,100,AAPL|ADBE|ADSK|AKAM|ALTR|AMAT|AMGN|AMLN|AMZN|APCC|APOL|ATVI|ATYT|BBBY|BEAS|BIIB|BMET|BRCM|CDNS|CDWC|CELG|CHKP|CHRW|CKFR|CMCSA|CMVT|COST|CSCO|CTAS|CTSH|CTXS|DELL|DISCA|DISH|EBAY|ERIC|ERTS|ESRX|EXPD|EXPE|FAST|FISV|FLEX|GENZ|GILD|GOOG|GRMN|IACI|INTC|INTU|ISRG|JDSUD|JNPR|JOYG|KLAC|LAMR|LBTYA|LLTC|LNCR|LRCX|MCHP|MEDI|MICC|MNST|MRVL|MSFT|MXIM|NIHD|NTAP|NTLI|NVDA|ORCL|PAYX|PCAR|PDCO|PETM|PTEN|QCOM|RHAT|RIMM|ROST|SBUX|SEPR|SHLD|SIAL|SIRI|SNDK|SPLS|SUNW|SYMC|TEVA|TLAB|URBN|VRSN|WFMI|WYNN|XLNX|XMSR|XRAY|YHOO,|||||||||||||||||||||||||||||||||||||||||||||||||||||||||||||||||||||||||||||||||||||||||||||||||||
2006-10-24,2006-11-13,100,AAPL|ADBE|ADSK|AKAM|ALTR|AMAT|AMGN|AMLN|AMZN|APCC|APOL|ATVI|BBBY|BEAS|BIIB|BMET|BRCM|CDNS|CDWC|CELG|CHKP|CHRW|CKFR|CMCSA|CMVT|COST|CSCO|CTAS|CTSH|CTXS|DELL|DISCA|DISH|EBAY|ERIC|ERTS|ESRX|EXPD|EXPE|FAST|FISV|FLEX|GENZ|GILD|GOOG|GRMN|IACI|INTC|INTU|ISRG|JDSUD|JNPR|JOYG|KLAC|LAMR|LBTYA|LINTA|LLTC|LNCR|LRCX|MCHP|MEDI|MICC|MNST|MRVL|MSFT|MXIM|NIHD|NTAP|NTLI|NVDA|ORCL|PAYX|PCAR|PDCO|PETM|PTEN|QCOM|RHAT|RIMM|ROST|SBUX|SEPR|SHLD|SIAL|SIRI|SNDK|SPLS|SUNW|SYMC|TEVA|TLAB|URBN|VRSN|WFMI|WYNN|XLNX|XMSR|XRAY|YHOO,|||||||||||||||||||||||||||||||||||||||||||||||||||||||||||||||||||||||||||||||||||||||||||||||||||
2006-11-14,2006-12-11,100,AAPL|ADBE|ADSK|AKAM|ALTR|AMAT|AMGN|AMLN|AMZN|APCC|APOL|ATVI|BBBY|BEAS|BIIB|BMET|BRCM|CDNS|CDWC|CELG|CHKP|CHRW|CKFR|CMCSA|CMVT|COST|CSCO|CTAS|CTSH|CTXS|DELL|DISCA|DISH|EBAY|ERIC|ERTS|ESRX|EXPD|EXPE|FAST|FISV|FLEX|GENZ|GILD|GOOG|GRMN|IACI|INTC|INTU|ISRG|JDSU|JNPR|JOYG|KLAC|LAMR|LBTYA|LINTA|LLTC|LNCR|LRCX|MCHP|MEDI|MICC|MNST|MRVL|MSFT|MXIM|NIHD|NTAP|NTLI|NVDA|ORCL|PAYX|PCAR|PDCO|PETM|PTEN|QCOM|RHAT|RIMM|ROST|SBUX|SEPR|SHLD|SIAL|SIRI|SNDK|SPLS|SUNW|SYMC|TEVA|TLAB|URBN|VRSN|WFMI|WYNN|XLNX|XMSR|XRAY|YHOO,|||||||||||||||||||||||||||||||||||||||||||||||||||||||||||||||||||||||||||||||||||||||||||||||||||
2006-12-12,2006-12-15,100,AAPL|ADBE|ADSK|AEOS|AKAM|ALTR|AMAT|AMGN|AMLN|AMZN|APCC|APOL|ATVI|BBBY|BEAS|BIIB|BMET|BRCM|CDNS|CDWC|CELG|CHKP|CHRW|CKFR|CMCSA|CMVT|COST|CSCO|CTAS|CTSH|CTXS|DELL|DISCA|DISH|EBAY|ERIC|ERTS|ESRX|EXPD|EXPE|FAST|FISV|FLEX|GENZ|GILD|GOOG|GRMN|IACI|INTC|INTU|ISRG|JDSU|JNPR|JOYG|KLAC|LAMR|LBTYA|LINTA|LLTC|LNCR|LRCX|MCHP|MEDI|MICC|MNST|MRVL|MSFT|MXIM|NIHD|NTAP|NTLI|NVDA|ORCL|PAYX|PCAR|PDCO|PETM|PTEN|QCOM|RIMM|ROST|SBUX|SEPR|SHLD|SIAL|SIRI|SNDK|SPLS|SUNW|SYMC|TEVA|TLAB|URBN|VRSN|WFMI|WYNN|XLNX|XMSR|XRAY|YHOO,|||||||||||||||||||||||||||||||||||||||||||||||||||||||||||||||||||||||||||||||||||||||||||||||||||
2006-12-18,2007-01-31,100,AAPL|ADBE|ADSK|AEOS|AKAM|ALTR|AMAT|AMGN|AMLN|AMZN|APCC|APOL|ATVI|BBBY|BEAS|BIIB|BMET|BRCM|CDNS|CDWC|CELG|CHKP|CHRW|CKFR|CMCSA|CMVT|COST|CSCO|CTAS|CTSH|CTXS|DELL|DISCA|DISH|EBAY|ERIC|ERTS|ESRX|EXPD|EXPE|FAST|FISV|FLEX|GENZ|GILD|GOOG|GRMN|IACI|INFY|INTC|INTU|ISRG|JNPR|JOYG|KLAC|LAMR|LBTYA|LINTA|LLTC|LRCX|LVLT|MCHP|MEDI|MICC|MNST|MRVL|MSFT|MXIM|NIHD|NTAP|NTLI|NVDA|ORCL|PAYX|PCAR|PDCO|PETM|PTEN|QCOM|RIMM|ROST|SBUX|SEPR|SHLD|SIAL|SIRI|SNDK|SPLS|SUNW|SYMC|TEVA|TLAB|VRSN|VRTX|WFMI|WYNN|XLNX|XMSR|XRAY|YHOO,|||||||||||||||||||||||||||||||||||||||||||||||||||||||||||||||||||||||||||||||||||||||||||||||||||
2007-02-01,2007-02-07,100,AAPL|ADBE|ADSK|AEOS|AKAM|ALTR|AMAT|AMGN|AMLN|AMZN|APCC|APOL|ATVI|BBBY|BEAS|BIIB|BMET|BRCM|CDNS|CDWC|CELG|CHKP|CHRW|CKFR|CMCSA|COST|CSCO|CTAS|CTSH|CTXS|DELL|DISCA|DISH|EBAY|ERIC|ERTS|ESRX|EXPD|EXPE|FAST|FISV|FLEX|GENZ|GILD|GOOG|GRMN|IACI|INFY|INTC|INTU|ISRG|JNPR|JOYG|KLAC|LAMR|LBTYA|LINTA|LLTC|LOGI|LRCX|LVLT|MCHP|MEDI|MICC|MNST|MRVL|MSFT|MXIM|NIHD|NTAP|NTLI|NVDA|ORCL|PAYX|PCAR|PDCO|PETM|PTEN|QCOM|RIMM|ROST|SBUX|SEPR|SHLD|SIAL|SIRI|SNDK|SPLS|SUNW|SYMC|TEVA|TLAB|VRSN|VRTX|WFMI|WYNN|XLNX|XMSR|XRAY|YHOO,|||||||||||||||||||||||||||||||||||||||||||||||||||||||||||||||||||||||||||||||||||||||||||||||||||
2007-02-08,2007-02-13,100,AAPL|ADBE|ADSK|AEOS|AKAM|ALTR|AMAT|AMGN|AMLN|AMZN|APCC|APOL|ATVI|BBBY|BEAS|BIIB|BMET|BRCM|CDNS|CDWC|CELG|CHKP|CHRW|CKFR|CMCSA|COST|CSCO|CTAS|CTSH|CTXS|DELL|DISCA|DISH|EBAY|ERIC|ERTS|ESRX|EXPD|EXPE|FAST|FISV|FLEX|GENZ|GILD|GOOG|GRMN|IACI|INFY|INTC|INTU|ISRG|JNPR|JOYG|KLAC|LAMR|LBTYA|LINTA|LLTC|LOGI|LRCX|LVLT|MCHP|MEDI|MICC|MNST|MRVL|MSFT|MXIM|NIHD|NTAP|NVDA|ORCL|PAYX|PCAR|PDCO|PETM|PTEN|QCOM|RIMM|ROST|SBUX|SEPR|SHLD|SIAL|SIRI|SNDK|SPLS|SUNW|SYMC|TEVA|TLAB|VMED|VRSN|VRTX|WFMI|WYNN|XLNX|XMSR|XRAY|YHOO,"Apple Inc.|Adobe Systems Incorporated|Autodesk, Inc.|American Eagle Outfitters, Inc.|Akamai Technologies, Inc.|Altera Corporation|Applied Materials, Inc.|Amgen Inc.|Amylin Pharmaceuticals, Inc.|Amazon.com, Inc.|American Power Conversion Corporation|Apollo Group, Inc.|Activision, Inc.|Bed Bath & Beyond Inc.|BEA Systems, Inc.|Biogen Idec Inc|Biomet, Inc.|Broadcom Corporation|Cadence Design Systems, Inc.|CDW Corporation|Celgene Corporation|Check Point Software Technologies Ltd.|C.H. Robinson Worldwide, Inc.|CheckFree Corporation|Comcast Corporation|Costco Wholesale Corporation|Cisco Systems, Inc.|Cintas Corporation|Cognizant Technology Solutions Corporation|Citrix Systems, Inc.|Dell Inc.|Discovery Holding Co|EchoStar Communications Corporation|eBay Inc.|LM Ericsson Telephone Company|Electronic Arts Inc.|Express Scripts, Inc.|Expeditors International of Washington, Inc.|Expedia, Inc.|Fastenal Company|Fiserv, Inc.|Flextronics International Ltd.|Genzyme Corporation|Gilead Sciences, Inc.|Google Inc.|Garmin Ltd.|IAC/InterActiveCorp|Infosys Technologies Limited|Intel Corporation|Intuit Inc.|Intuitive Surgical, Inc.|Juniper Networks, Inc.|Joy Global Inc.|KLA-Tencor Corporation|Lamar Advertising Company|Liberty Global, Inc.|Liberty Media Corporation|Linear Technology Corporation|Logitech International S.A.|Lam Research Corporation|Level 3 Communications, Inc.|Microchip Technology Incorporated|MedImmune, Inc.|Millicom International Cellular S.A.|Monster Worldwide, Inc.|Marvell Technology Group, Ltd.|Microsoft Corporation|Maxim Integrated Products, Inc.|NII Holdings, Inc.|Network Appliance, Inc.|NVIDIA Corporation|Oracle Corporation|Paychex, Inc.|PACCAR Inc.|Patterson Companies Inc.|PETsMART, Inc.|Patterson-UTI Energy, Inc.|QUALCOMM Incorporated|Research in Motion Limited|Ross Stores, Inc.|Starbucks Corporation|Sepracor Inc.|Sears Holdings Corporation|Sigma-Aldrich Corporation|Sirius Satellite Radio Inc.|SanDisk Corporation|Staples, Inc.|Sun Microsystems, Inc.|Symantec Corporation|Teva Pharmaceutical Industries Limited|Tellabs, Inc.|Virgin Media Inc.|VeriSign, Inc.|Vertex Pharmaceuticals Incorporated|Whole Foods Market, Inc.|Wynn Resorts, Limited|Xilinx, Inc.|XM Satellite Radio Holdings Inc.|DENTSPLY International Inc.|Yahoo! Inc."
2007-02-14,2007-03-07,100,AAPL|ADBE|ADSK|AEOS|AKAM|ALTR|AMAT|AMGN|AMLN|AMZN|APOL|ATVI|BBBY|BEAS|BIIB|BMET|BRCM|CDNS|CDWC|CELG|CHKP|CHRW|CKFR|CMCSA|COST|CSCO|CTAS|CTSH|CTXS|DELL|DISCA|DISH|EBAY|ERIC|ERTS|ESRX|EXPD|EXPE|FAST|FISV|FLEX|GENZ|GILD|GOOG|GRMN|IACI|INFY|INTC|INTU|ISRG|JNPR|JOYG|KLAC|LAMR|LBTYA|LINTA|LLTC|LOGI|LRCX|LVLT|MCHP|MEDI|MICC|MNST|MRVL|MSFT|MXIM|NIHD|NTAP|NVDA|ORCL|PAYX|PCAR|PDCO|PETM|PTEN|QCOM|RIMM|ROST|RYAAY|SBUX|SEPR|SHLD|SIAL|SIRI|SNDK|SPLS|SUNW|SYMC|TEVA|TLAB|VMED|VRSN|VRTX|WFMI|WYNN|XLNX|XMSR|XRAY|YHOO,"Apple Inc.|Adobe Systems Incorporated|Autodesk, Inc.|American Eagle Outfitters, Inc.|Akamai Technologies, Inc.|Altera Corporation|Applied Materials, Inc.|Amgen Inc.|Amylin Pharmaceuticals, Inc.|Amazon.com, Inc.|Apollo Group, Inc.|Activision, Inc.|Bed Bath & Beyond Inc.|BEA Systems, Inc.|Biogen Idec Inc|Biomet, Inc.|Broadcom Corporation|Cadence Design Systems, Inc.|CDW Corporation|Celgene Corporation|Check Point Software Technologies Ltd.|C.H. Robinson Worldwide, Inc.|CheckFree Corporation|Comcast Corporation|Costco Wholesale Corporation|Cisco Systems, Inc.|Cintas Corporation|Cognizant Technology Solutions Corporation|Citrix Systems, Inc.|Dell Inc.|Discovery Holding Co|EchoStar Communications Corporation|eBay Inc.|LM Ericsson Telephone Company|Electronic Arts Inc.|Express Scripts, Inc.|Expeditors International of Washington, Inc.|Expedia, Inc.|Fastenal Company|Fiserv, Inc.|Flextronics International Ltd.|Genzyme Corporation|Gilead Sciences, Inc.|Google Inc.|Garmin Ltd.|IAC/InterActiveCorp|Infosys Technologies Limited|Intel Corporation|Intuit Inc.|Intuitive Surgical, Inc.|Juniper Networks, Inc.|Joy Global Inc.|KLA-Tencor Corporation|Lamar Advertising Company|Liberty Global, Inc.|Liberty Media Corporation|Linear Technology Corporation|Logitech International S.A.|Lam Research Corporation|Level 3 Communications, Inc.|Microchip Technology Incorporated|MedImmune, Inc.|Millicom International Cellular S.A.|Monster Worldwide, Inc.|Marvell Technology Group, Ltd.|Microsoft Corporation|Maxim Integrated Products, Inc.|NII Holdings, Inc.|Network Appliance, Inc.|NVIDIA Corporation|Oracle Corporation|Paychex, Inc.|PACCAR Inc.|Patterson Companies Inc.|PETsMART, Inc.|Patterson-UTI Energy, Inc.|QUALCOMM Incorporated|Research in Motion Limited|Ross Stores, Inc.|Ryanair Holdings plc|Starbucks Corporation|Sepracor Inc.|Sears Holdings Corporation|Sigma-Aldrich Corporation|Sirius Satellite Radio Inc.|SanDisk Corporation|Staples, Inc.|Sun Microsystems, Inc.|Symantec Corporation|Teva Pharmaceutical Industries Limited|Tellabs, Inc.|Virgin Media Inc.|VeriSign, Inc.|Vertex Pharmaceuticals Incorporated|Whole Foods Market, Inc.|Wynn Resorts, Limited|Xilinx, Inc.|XM Satellite Radio Holdings Inc.|DENTSPLY International Inc.|Yahoo! Inc."
2007-03-08,2007-05-31,100,AAPL|ADBE|ADSK|AKAM|ALTR|AMAT|AMGN|AMLN|AMZN|APOL|ATVI|BBBY|BEAS|BIIB|BMET|BRCM|CDNS|CDWC|CELG|CHKP|CHRW|CKFR|CMCSA|COST|CSCO|CTAS|CTSH|CTXS|DELL|DISCA|DISH|EBAY|ERIC|ERTS|ESRX|EXPD|EXPE|FAST|FISV|FLEX|GENZ|GILD|GOOG|GRMN|IACI|INFY|INTC|INTU|ISRG|JNPR|JOYG|KLAC|LAMR|LBTYA|LINTA|LLTC|LOGI|LRCX|LVLT|MCHP|MEDI|MICC|MNST|MRVL|MSFT|MXIM|NIHD|NTAP|NVDA|ORCL|PAYX|PCAR|PDCO|PETM|PTEN|QCOM|RIMM|ROST|RYAAY|SBUX|SEPR|SHLD|SIAL|SIRI|SNDK|SPLS|SUNW|SYMC|TEVA|TLAB|UAUA|VMED|VRSN|VRTX|WFMI|WYNN|XLNX|XMSR|XRAY|YHOO,"Apple Inc.|Adobe Systems Incorporated|Autodesk, Inc.|Akamai Technologies, Inc.|Altera Corporation|Applied Materials, Inc.|Amgen Inc.|Amylin Pharmaceuticals, Inc.|Amazon.com, Inc.|Apollo Group, Inc.|Activision, Inc.|Bed Bath & Beyond Inc.|BEA Systems, Inc.|Biogen Idec Inc|Biomet, Inc.|Broadcom Corporation|Cadence Design Systems, Inc.|CDW Corporation|Celgene Corporation|Check Point Software Technologies Ltd.|C.H. Robinson Worldwide, Inc.|CheckFree Corporation|Comcast Corporation|Costco Wholesale Corporation|Cisco Systems, Inc.|Cintas Corporation|Cognizant Technology Solutions Corporation|Citrix Systems, Inc.|Dell Inc.|Discovery Holding Co|EchoStar Communications Corporation|eBay Inc.|LM Ericsson Telephone Company|Electronic Arts Inc.|Express Scripts, Inc.|Expeditors International of Washington, Inc.|Expedia, Inc.|Fastenal Company|Fiserv, Inc.|Flextronics International Ltd.|Genzyme Corporation|Gilead Sciences, Inc.|Google Inc.|Garmin Ltd.|IAC/InterActiveCorp|Infosys Technologies Limited|Intel Corporation|Intuit Inc.|Intuitive Surgical, Inc.|Juniper Networks, Inc.|Joy Global Inc.|KLA-Tencor Corporation|Lamar Advertising Company|Liberty Global, Inc.|Liberty Media Corporation|Linear Technology Corporation|Logitech International S.A.|Lam Research Corporation|Level 3 Communications, Inc.|Microchip Technology Incorporated|MedImmune, Inc.|Millicom International Cellular S.A.|Monster Worldwide, Inc.|Marvell Technology Group, Ltd.|Microsoft Corporation|Maxim Integrated Products, Inc.|NII Holdings, Inc.|Network Appliance, Inc.|NVIDIA Corporation|Oracle Corporation|Paychex, Inc.|PACCAR Inc.|Patterson Companies Inc.|PETsMART, Inc.|Patterson-UTI Energy, Inc.|QUALCOMM Incorporated|Research in Motion Limited|Ross Stores, Inc.|Ryanair Holdings plc|Starbucks Corporation|Sepracor Inc.|Sears Holdings Corporation|Sigma-Aldrich Corporation|Sirius Satellite Radio Inc.|SanDisk Corporation|Staples, Inc.|Sun Microsystems, Inc.|Symantec Corporation|Teva Pharmaceutical Industries Limited|Tellabs, Inc.|UAL Corporation|Virgin Media Inc.|VeriSign, Inc.|Vertex Pharmaceuticals Incorporated|Whole Foods Market, Inc.|Wynn Resorts, Limited|Xilinx, Inc.|XM Satellite Radio Holdings Inc.|DENTSPLY International Inc.|Yahoo! Inc."
2007-06-01,2007-07-11,100,AAPL|ADBE|ADSK|AKAM|ALTR|AMAT|AMGN|AMLN|AMZN|APOL|ATVI|BBBY|BEAS|BIIB|BMET|BRCM|CDNS|CDWC|CELG|CEPH|CHKP|CHRW|CKFR|CMCSA|COST|CSCO|CTAS|CTSH|CTXS|DELL|DISCA|DISH|EBAY|ERIC|ERTS|ESRX|EXPD|EXPE|FAST|FISV|FLEX|GENZ|GILD|GOOG|GRMN|IACI|INFY|INTC|INTU|ISRG|JNPR|JOYG|KLAC|LAMR|LBTYA|LINTA|LLTC|LOGI|LRCX|LVLT|MCHP|MICC|MNST|MRVL|MSFT|MXIM|NIHD|NTAP|NVDA|ORCL|PAYX|PCAR|PDCO|PETM|PTEN|QCOM|RIMM|ROST|RYAAY|SBUX|SEPR|SHLD|SIAL|SIRI|SNDK|SPLS|SUNW|SYMC|TEVA|TLAB|UAUA|VMED|VRSN|VRTX|WFMI|WYNN|XLNX|XMSR|XRAY|YHOO,"Apple Inc.|Adobe Systems Incorporated|Autodesk, Inc.|Akamai Technologies, Inc.|Altera Corporation|Applied Materials, Inc.|Amgen Inc.|Amylin Pharmaceuticals, Inc.|Amazon.com, Inc.|Apollo Group, Inc.|Activision, Inc.|Bed Bath & Beyond Inc.|BEA Systems, Inc.|Biogen Idec Inc|Biomet, Inc.|Broadcom Corporation|Cadence Design Systems, Inc.|CDW Corporation|Celgene Corporation|Cephalon, Inc.|Check Point Software Technologies Ltd.|C.H. Robinson Worldwide, Inc.|CheckFree Corporation|Comcast Corporation|Costco Wholesale Corporation|Cisco Systems, Inc.|Cintas Corporation|Cognizant Technology Solutions Corporation|Citrix Systems, Inc.|Dell Inc.|Discovery Holding Co|EchoStar Communications Corporation|eBay Inc.|LM Ericsson Telephone Company|Electronic Arts Inc.|Express Scripts, Inc.|Expeditors International of Washington, Inc.|Expedia, Inc.|Fastenal Company|Fiserv, Inc.|Flextronics International Ltd.|Genzyme Corporation|Gilead Sciences, Inc.|Google Inc.|Garmin Ltd.|IAC/InterActiveCorp|Infosys Technologies Limited|Intel Corporation|Intuit Inc.|Intuitive Surgical, Inc.|Juniper Networks, Inc.|Joy Global Inc.|KLA-Tencor Corporation|Lamar Advertising Company|Liberty Global, Inc.|Liberty Media Corporation|Linear Technology Corporation|Logitech International S.A.|Lam Research Corporation|Level 3 Communications, Inc.|Microchip Technology Incorporated|Millicom International Cellular S.A.|Monster Worldwide, Inc.|Marvell Technology Group, Ltd.|Microsoft Corporation|Maxim Integrated Products, Inc.|NII Holdings, Inc.|Network Appliance, Inc.|NVIDIA Corporation|Oracle Corporation|Paychex, Inc.|PACCAR Inc.|Patterson Companies Inc.|PETsMART, Inc.|Patterson-UTI Energy, Inc.|QUALCOMM Incorporated|Research in Motion Limited|Ross Stores, Inc.|Ryanair Holdings plc|Starbucks Corporation|Sepracor Inc.|Sears Holdings Corporation|Sigma-Aldrich Corporation|Sirius Satellite Radio Inc.|SanDisk Corporation|Staples, Inc.|Sun Microsystems, Inc.|Symantec Corporation|Teva Pharmaceutical Industries Limited|Tellabs, Inc.|UAL Corporation|Virgin Media Inc.|VeriSign, Inc.|Vertex Pharmaceuticals Incorporated|Whole Foods Market, Inc.|Wynn Resorts, Limited|Xilinx, Inc.|XM Satellite Radio Holdings Inc.|DENTSPLY International Inc.|Yahoo! Inc."
2007-07-12,2007-08-24,100,AAPL|ADBE|ADSK|AKAM|ALTR|AMAT|AMGN|AMLN|AMZN|APOL|ATVI|BBBY|BEAS|BIIB|BRCM|CDNS|CDWC|CELG|CEPH|CHKP|CHRW|CKFR|CMCSA|COST|CSCO|CTAS|CTSH|CTXS|DELL|DISCA|DISH|EBAY|ERIC|ERTS|ESRX|EXPD|EXPE|FAST|FISV|FLEX|FWLT|GENZ|GILD|GOOG|GRMN|IACI|INFY|INTC|INTU|ISRG|JNPR|JOYG|KLAC|LAMR|LBTYA|LINTA|LLTC|LOGI|LRCX|LVLT|MCHP|MICC|MNST|MRVL|MSFT|MXIM|NIHD|NTAP|NVDA|ORCL|PAYX|PCAR|PDCO|PETM|PTEN|QCOM|RIMM|ROST|RYAAY|SBUX|SEPR|SHLD|SIAL|SIRI|SNDK|SPLS|SUNW|SYMC|TEVA|TLAB|UAUA|VMED|VRSN|VRTX|WFMI|WYNN|XLNX|XMSR|XRAY|YHOO,"Apple Inc.|Adobe Systems Incorporated|Autodesk, Inc.|Akamai Technologies, Inc.|Altera Corporation|Applied Materials, Inc.|Amgen Inc.|Amylin Pharmaceuticals, Inc.|Amazon.com, Inc.|Apollo Group, Inc.|Activision, Inc.|Bed Bath & Beyond Inc.|BEA Systems, Inc.|Biogen Idec Inc|Broadcom Corporation|Cadence Design Systems, Inc.|CDW Corporation|Celgene Corporation|Cephalon, Inc.|Check Point Software Technologies Ltd.|C.H. Robinson Worldwide, Inc.|CheckFree Corporation|Comcast Corporation|Costco Wholesale Corporation|Cisco Systems, Inc.|Cintas Corporation|Cognizant Technology Solutions Corporation|Citrix Systems, Inc.|Dell Inc.|Discovery Holding Co|EchoStar Communications Corporation|eBay Inc.|LM Ericsson Telephone Company|Electronic Arts Inc.|Express Scripts, Inc.|Expeditors International of Washington, Inc.|Expedia, Inc.|Fastenal Company|Fiserv, Inc.|Flextronics International Ltd.|Foster Wheeler Ltd.|Genzyme Corporation|Gilead Sciences, Inc.|Google Inc.|Garmin Ltd.|IAC/InterActiveCorp|Infosys Technologies Limited|Intel Corporation|Intuit Inc.|Intuitive Surgical, Inc.|Juniper Networks, Inc.|Joy Global Inc.|KLA-Tencor Corporation|Lamar Advertising Company|Liberty Global, Inc.|Liberty Media Corporation|Linear Technology Corporation|Logitech International S.A.|Lam Research Corporation|Level 3 Communications, Inc.|Microchip Technology Incorporated|Millicom International Cellular S.A.|Monster Worldwide, Inc.|Marvell Technology Group, Ltd.|Microsoft Corporation|Maxim Integrated Products, Inc.|NII Holdings, Inc.|Network Appliance, Inc.|NVIDIA Corporation|Oracle Corporation|Paychex, Inc.|PACCAR Inc.|Patterson Companies Inc.|PETsMART, Inc.|Patterson-UTI Energy, Inc.|QUALCOMM Incorporated|Research in Motion Limited|Ross Stores, Inc.|Ryanair Holdings plc|Starbucks Corporation|Sepracor Inc.|Sears Holdings Corporation|Sigma-Aldrich Corporation|Sirius Satellite Radio Inc.|SanDisk Corporation|Staples, Inc.|Sun Microsystems, Inc.|Symantec Corporation|Teva Pharmaceutical Industries Limited|Tellabs, Inc.|UAL Corporation|Virgin Media Inc.|VeriSign, Inc.|Vertex Pharmaceuticals Incorporated|Whole Foods Market, Inc.|Wynn Resorts, Limited|Xilinx, Inc.|XM Satellite Radio Holdings Inc.|DENTSPLY International Inc.|Yahoo! Inc."
2007-08-27,2007-10-01,100,AAPL|ADBE|ADSK|AKAM|ALTR|AMAT|AMGN|AMLN|AMZN|APOL|ATVI|BBBY|BEAS|BIIB|BRCM|CDNS|CDWC|CELG|CEPH|CHKP|CHRW|CKFR|CMCSA|COST|CSCO|CTAS|CTSH|CTXS|DELL|DISCA|DISH|EBAY|ERIC|ERTS|ESRX|EXPD|EXPE|FAST|FISV|FLEX|FWLT|GENZ|GILD|GOOG|GRMN|IACI|INFY|INTC|INTU|ISRG|JAVA|JNPR|JOYG|KLAC|LAMR|LBTYA|LINTA|LLTC|LOGI|LRCX|LVLT|MCHP|MICC|MNST|MRVL|MSFT|MXIM|NIHD|NTAP|NVDA|ORCL|PAYX|PCAR|PDCO|PETM|PTEN|QCOM|RIMM|ROST|RYAAY|SBUX|SEPR|SHLD|SIAL|SIRI|SNDK|SPLS|SYMC|TEVA|TLAB|UAUA|VMED|VRSN|VRTX|WFMI|WYNN|XLNX|XMSR|XRAY|YHOO,"Apple Inc.|Adobe Systems Incorporated|Autodesk, Inc.|Akamai Technologies, Inc.|Altera Corporation|Applied Materials, Inc.|Amgen Inc.|Amylin Pharmaceuticals, Inc.|Amazon.com, Inc.|Apollo Group, Inc.|Activision, Inc.|Bed Bath & Beyond Inc.|BEA Systems, Inc.|Biogen Idec Inc|Broadcom Corporation|Cadence Design Systems, Inc.|CDW Corporation|Celgene Corporation|Cephalon, Inc.|Check Point Software Technologies Ltd.|C.H. Robinson Worldwide, Inc.|CheckFree Corporation|Comcast Corporation|Costco Wholesale Corporation|Cisco Systems, Inc.|Cintas Corporation|Cognizant Technology Solutions Corporation|Citrix Systems, Inc.|Dell Inc.|Discovery Holding Co|EchoStar Communications Corporation|eBay Inc.|LM Ericsson Telephone Company|Electronic Arts Inc.|Express Scripts, Inc.|Expeditors International of Washington, Inc.|Expedia, Inc.|Fastenal Company|Fiserv, Inc.|Flextronics International Ltd.|Foster Wheeler Ltd.|Genzyme Corporation|Gilead Sciences, Inc.|Google Inc.|Garmin Ltd.|IAC/InterActiveCorp|Infosys Technologies Limited|Intel Corporation|Intuit Inc.|Intuitive Surgical, Inc.|Sun Microsystems, Inc.|Juniper Networks, Inc.|Joy Global Inc.|KLA-Tencor Corporation|Lamar Advertising Company|Liberty Global, Inc.|Liberty Media Corporation|Linear Technology Corporation|Logitech International S.A.|Lam Research Corporation|Level 3 Communications, Inc.|Microchip Technology Incorporated|Millicom International Cellular S.A.|Monster Worldwide, Inc.|Marvell Technology Group, Ltd.|Microsoft Corporation|Maxim Integrated Products, Inc.|NII Holdings, Inc.|Network Appliance, Inc.|NVIDIA Corporation|Oracle Corporation|Paychex, Inc.|PACCAR Inc.|Patterson Companies Inc.|PETsMART, Inc.|Patterson-UTI Energy, Inc.|QUALCOMM Incorporated|Research in Motion Limited|Ross Stores, Inc.|Ryanair Holdings plc|Starbucks Corporation|Sepracor Inc.|Sears Holdings Corporation|Sigma-Aldrich Corporation|Sirius Satellite Radio Inc.|SanDisk Corporation|Staples, Inc.|Symantec Corporation|Teva Pharmaceutical Industries Limited|Tellabs, Inc.|UAL Corporation|Virgin Media Inc.|VeriSign, Inc.|Vertex Pharmaceuticals Incorporated|Whole Foods Market, Inc.|Wynn Resorts, Limited|Xilinx, Inc.|XM Satellite Radio Holdings Inc.|DENTSPLY International Inc.|Yahoo! Inc."
2007-10-02,2007-10-05,100,AAPL|ADBE|ADSK|AKAM|ALTR|AMAT|AMGN|AMLN|AMZN|APOL|ATVI|BBBY|BEAS|BIIB|BRCM|CDNS|CDWC|CELG|CEPH|CHKP|CHRW|CKFR|CMCSA|COST|CSCO|CTAS|CTSH|CTXS|DELL|DISCA|DISH|EBAY|ERIC|ERTS|ESRX|EXPD|EXPE|FAST|FISV|FLEX|FWLT|GENZ|GILD|GOOG|GRMN|HSIC|IACI|INFY|INTC|INTU|ISRG|JAVA|JNPR|JOYG|KLAC|LAMR|LBTYA|LINTA|LLTC|LOGI|LRCX|LVLT|MCHP|MICC|MNST|MRVL|MSFT|NIHD|NTAP|NVDA|ORCL|PAYX|PCAR|PDCO|PETM|PTEN|QCOM|RIMM|ROST|RYAAY|SBUX|SEPR|SHLD|SIAL|SIRI|SNDK|SPLS|SYMC|TEVA|TLAB|UAUA|VMED|VRSN|VRTX|WFMI|WYNN|XLNX|XMSR|XRAY|YHOO,"Apple Inc.|Adobe Systems Incorporated|Autodesk, Inc.|Akamai Technologies, Inc.|Altera Corporation|Applied Materials, Inc.|Amgen Inc.|Amylin Pharmaceuticals, Inc.|Amazon.com, Inc.|Apollo Group, Inc.|Activision, Inc.|Bed Bath & Beyond Inc.|BEA Systems, Inc.|Biogen Idec Inc|Broadcom Corporation|Cadence Design Systems, Inc.|CDW Corporation|Celgene Corporation|Cephalon, Inc.|Check Point Software Technologies Ltd.|C.H. Robinson Worldwide, Inc.|CheckFree Corporation|Comcast Corporation|Costco Wholesale Corporation|Cisco Systems, Inc.|Cintas Corporation|Cognizant Technology Solutions Corporation|Citrix Systems, Inc.|Dell Inc.|Discovery Holding Co|EchoStar Communications Corporation|eBay Inc.|LM Ericsson Telephone Company|Electronic Arts Inc.|Express Scripts, Inc.|Expeditors International of Washington, Inc.|Expedia, Inc.|Fastenal Company|Fiserv, Inc.|Flextronics International Ltd.|Foster Wheeler Ltd.|Genzyme Corporation|Gilead Sciences, Inc.|Google Inc.|Garmin Ltd.|Henry Schein, Inc.|IAC/InterActiveCorp|Infosys Technologies Limited|Intel Corporation|Intuit Inc.|Intuitive Surgical, Inc.|Sun Microsystems, Inc.|Juniper Networks, Inc.|Joy Global Inc.|KLA-Tencor Corporation|Lamar Advertising Company|Liberty Global, Inc.|Liberty Media Corporation|Linear Technology Corporation|Logitech International S.A.|Lam Research Corporation|Level 3 Communications, Inc.|Microchip Technology Incorporated|Millicom International Cellular S.A.|Monster Worldwide, Inc.|Marvell Technology Group, Ltd.|Microsoft Corporation|NII Holdings, Inc.|Network Appliance, Inc.|NVIDIA Corporation|Oracle Corporation|Paychex, Inc.|PACCAR Inc.|Patterson Companies Inc.|PETsMART, Inc.|Patterson-UTI Energy, Inc.|QUALCOMM Incorporated|Research in Motion Limited|Ross Stores, Inc.|Ryanair Holdings plc|Starbucks Corporation|Sepracor Inc.|Sears Holdings Corporation|Sigma-Aldrich Corporation|Sirius Satellite Radio Inc.|SanDisk Corporation|Staples, Inc.|Symantec Corporation|Teva Pharmaceutical Industries Limited|Tellabs, Inc.|UAL Corporation|Virgin Media Inc.|VeriSign, Inc.|Vertex Pharmaceuticals Incorporated|Whole Foods Market, Inc.|Wynn Resorts, Limited|Xilinx, Inc.|XM Satellite Radio Holdings Inc.|DENTSPLY International Inc.|Yahoo! Inc."
2007-10-08,2007-11-09,100,AAPL|ADBE|ADSK|AKAM|ALTR|AMAT|AMGN|AMLN|AMZN|APOL|ATVI|BBBY|BEAS|BIIB|BRCM|CDNS|CELG|CEPH|CHKP|CHRW|CKFR|CMCSA|COST|CSCO|CTAS|CTSH|CTXS|DELL|DISCA|DISH|EBAY|ERIC|ERTS|ESRX|EXPD|EXPE|FAST|FISV|FLEX|FWLT|GENZ|GILD|GOOG|GRMN|HSIC|IACI|INFY|INTC|INTU|ISRG|JAVA|JNPR|JOYG|KLAC|LAMR|LBTYA|LEAP|LINTA|LLTC|LOGI|LRCX|LVLT|MCHP|MICC|MNST|MRVL|MSFT|NIHD|NTAP|NVDA|ORCL|PAYX|PCAR|PDCO|PETM|PTEN|QCOM|RIMM|ROST|RYAAY|SBUX|SEPR|SHLD|SIAL|SIRI|SNDK|SPLS|SYMC|TEVA|TLAB|UAUA|VMED|VRSN|VRTX|WFMI|WYNN|XLNX|XMSR|XRAY|YHOO,"Apple Inc.|Adobe Systems Incorporated|Autodesk, Inc.|Akamai Technologies, Inc.|Altera Corporation|Applied Materials, Inc.|Amgen Inc.|Amylin Pharmaceuticals, Inc.|Amazon.com, Inc.|Apollo Group, Inc.|Activision, Inc.|Bed Bath & Beyond Inc.|BEA Systems, Inc.|Biogen Idec Inc|Broadcom Corporation|Cadence Design Systems, Inc.|Celgene Corporation|Cephalon, Inc.|Check Point Software Technologies Ltd.|C.H. Robinson Worldwide, Inc.|CheckFree Corporation|Comcast Corporation|Costco Wholesale Corporation|Cisco Systems, Inc.|Cintas Corporation|Cognizant Technology Solutions Corporation|Citrix Systems, Inc.|Dell Inc.|Discovery Holding Co|EchoStar Communications Corporation|eBay Inc.|LM Ericsson Telephone Company|Electronic Arts Inc.|Express Scripts, Inc.|Expeditors International of Washington, Inc.|Expedia, Inc.|Fastenal Company|Fiserv, Inc.|Flextronics International Ltd.|Foster Wheeler Ltd.|Genzyme Corporation|Gilead Sciences, Inc.|Google Inc.|Garmin Ltd.|Henry Schein, Inc.|IAC/InterActiveCorp|Infosys Technologies Limited|Intel Corporation|Intuit Inc.|Intuitive Surgical, Inc.|Sun Microsystems, Inc.|Juniper Networks, Inc.|Joy Global Inc.|KLA-Tencor Corporation|Lamar Advertising Company|Liberty Global, Inc.|Leap Wireless International, Inc.|Liberty Media Corporation|Linear Technology Corporation|Logitech International S.A.|Lam Research Corporation|Level 3 Communications, Inc.|Microchip Technology Incorporated|Millicom International Cellular S.A.|Monster Worldwide, Inc.|Marvell Technology Group, Ltd.|Microsoft Corporation|NII Holdings, Inc.|Network Appliance, Inc.|NVIDIA Corporation|Oracle Corporation|Paychex, Inc.|PACCAR Inc.|Patterson Companies Inc.|PETsMART, Inc.|Patterson-UTI Energy, Inc.|QUALCOMM Incorporated|Research in Motion Limited|Ross Stores, Inc.|Ryanair Holdings plc|Starbucks Corporation|Sepracor Inc.|Sears Holdings Corporation|Sigma-Aldrich Corporation|Sirius Satellite Radio Inc.|SanDisk Corporation|Staples, Inc.|Symantec Corporation|Teva Pharmaceutical Industries Limited|Tellabs, Inc.|UAL Corporation|Virgin Media Inc.|VeriSign, Inc.|Vertex Pharmaceuticals Incorporated|Whole Foods Market, Inc.|Wynn Resorts, Limited|Xilinx, Inc.|XM Satellite Radio Holdings Inc.|DENTSPLY International Inc.|Yahoo! Inc."
2007-11-12,2007-12-03,100,AAPL|ADBE|ADSK|AKAM|ALTR|AMAT|AMGN|AMLN|AMZN|APOL|ATVI|BBBY|BEAS|BIIB|BRCM|CDNS|CELG|CEPH|CHKP|CHRW|CKFR|CMCSA|COST|CSCO|CTAS|CTSH|CTXS|DELL|DISCA|DISH|EBAY|ERIC|ERTS|ESRX|EXPD|EXPE|FAST|FISV|FLEX|FWLT|GENZ|GILD|GOOG|GRMN|HSIC|IACI|INFY|INTC|INTU|ISRG|JAVAD|JNPR|JOYG|KLAC|LAMR|LBTYA|LEAP|LINTA|LLTC|LOGI|LRCX|LVLT|MCHP|MICC|MNST|MRVL|MSFT|NIHD|NTAP|NVDA|ORCL|PAYX|PCAR|PDCO|PETM|PTEN|QCOM|RIMM|ROST|RYAAY|SBUX|SEPR|SHLD|SIAL|SIRI|SNDK|SPLS|SYMC|TEVA|TLAB|UAUA|VMED|VRSN|VRTX|WFMI|WYNN|XLNX|XMSR|XRAY|YHOO,"Apple Inc.|Adobe Systems Incorporated|Autodesk, Inc.|Akamai Technologies, Inc.|Altera Corporation|Applied Materials, Inc.|Amgen Inc.|Amylin Pharmaceuticals, Inc.|Amazon.com, Inc.|Apollo Group, Inc.|Activision, Inc.|Bed Bath & Beyond Inc.|BEA Systems, Inc.|Biogen Idec Inc|Broadcom Corporation|Cadence Design Systems, Inc.|Celgene Corporation|Cephalon, Inc.|Check Point Software Technologies Ltd.|C.H. Robinson Worldwide, Inc.|CheckFree Corporation|Comcast Corporation|Costco Wholesale Corporation|Cisco Systems, Inc.|Cintas Corporation|Cognizant Technology Solutions Corporation|Citrix Systems, Inc.|Dell Inc.|Discovery Holding Co|EchoStar Communications Corporation|eBay Inc.|LM Ericsson Telephone Company|Electronic Arts Inc.|Express Scripts, Inc.|Expeditors International of Washington, Inc.|Expedia, Inc.|Fastenal Company|Fiserv, Inc.|Flextronics International Ltd.|Foster Wheeler Ltd.|Genzyme Corporation|Gilead Sciences, Inc.|Google Inc.|Garmin Ltd.|Henry Schein, Inc.|IAC/InterActiveCorp|Infosys Technologies Limited|Intel Corporation|Intuit Inc.|Intuitive Surgical, Inc.|Sun Microsystems, Inc.|Juniper Networks, Inc.|Joy Global Inc.|KLA-Tencor Corporation|Lamar Advertising Company|Liberty Global, Inc.|Leap Wireless International, Inc.|Liberty Media Corporation|Linear Technology Corporation|Logitech International S.A.|Lam Research Corporation|Level 3 Communications, Inc.|Microchip Technology Incorporated|Millicom International Cellular S.A.|Monster Worldwide, Inc.|Marvell Technology Group, Ltd.|Microsoft Corporation|NII Holdings, Inc.|Network Appliance, Inc.|NVIDIA Corporation|Oracle Corporation|Paychex, Inc.|PACCAR Inc.|Patterson Companies Inc.|PETsMART, Inc.|Patterson-UTI Energy, Inc.|QUALCOMM Incorporated|Research in Motion Limited|Ross Stores, Inc.|Ryanair Holdings plc|Starbucks Corporation|Sepracor Inc.|Sears Holdings Corporation|Sigma-Aldrich Corporation|Sirius Satellite Radio Inc.|SanDisk Corporation|Staples, Inc.|Symantec Corporation|Teva Pharmaceutical Industries Limited|Tellabs, Inc.|UAL Corporation|Virgin Media Inc.|VeriSign, Inc.|Vertex Pharmaceuticals Incorporated|Whole Foods Market, Inc.|Wynn Resorts, Limited|Xilinx, Inc.|XM Satellite Radio Holdings Inc.|DENTSPLY International Inc.|Yahoo! Inc."
2007-12-04,2007-12-10,100,AAPL|ADBE|ADSK|AKAM|ALTR|AMAT|AMGN|AMLN|AMZN|APOL|ATVI|BBBY|BEAS|BIDU|BIIB|BRCM|CDNS|CELG|CEPH|CHKP|CHRW|CMCSA|COST|CSCO|CTAS|CTSH|CTXS|DELL|DISCA|DISH|EBAY|ERIC|ERTS|ESRX|EXPD|EXPE|FAST|FISV|FLEX|FWLT|GENZ|GILD|GOOG|GRMN|HSIC|IACI|INFY|INTC|INTU|ISRG|JAVAD|JNPR|JOYG|KLAC|LAMR|LBTYA|LEAP|LINTA|LLTC|LOGI|LRCX|LVLT|MCHP|MICC|MNST|MRVL|MSFT|NIHD|NTAP|NVDA|ORCL|PAYX|PCAR|PDCO|PETM|PTEN|QCOM|RIMM|ROST|RYAAY|SBUX|SEPR|SHLD|SIAL|SIRI|SNDK|SPLS|SYMC|TEVA|TLAB|UAUA|VMED|VRSN|VRTX|WFMI|WYNN|XLNX|XMSR|XRAY|YHOO,"Apple Inc.|Adobe Systems Incorporated|Autodesk, Inc.|Akamai Technologies, Inc.|Altera Corporation|Applied Materials, Inc.|Amgen Inc.|Amylin Pharmaceuticals, Inc.|Amazon.com, Inc.|Apollo Group, Inc.|Activision, Inc.|Bed Bath & Beyond Inc.|BEA Systems, Inc.|Baidu.com, Inc.|Biogen Idec Inc|Broadcom Corporation|Cadence Design Systems, Inc.|Celgene Corporation|Cephalon, Inc.|Check Point Software Technologies Ltd.|C.H. Robinson Worldwide, Inc.|Comcast Corporation|Costco Wholesale Corporation|Cisco Systems, Inc.|Cintas Corporation|Cognizant Technology Solutions Corporation|Citrix Systems, Inc.|Dell Inc.|Discovery Holding Co|EchoStar Communications Corporation|eBay Inc.|LM Ericsson Telephone Company|Electronic Arts Inc.|Express Scripts, Inc.|Expeditors International of Washington, Inc.|Expedia, Inc.|Fastenal Company|Fiserv, Inc.|Flextronics International Ltd.|Foster Wheeler Ltd.|Genzyme Corporation|Gilead Sciences, Inc.|Google Inc.|Garmin Ltd.|Henry Schein, Inc.|IAC/InterActiveCorp|Infosys Technologies Limited|Intel Corporation|Intuit Inc.|Intuitive Surgical, Inc.|Sun Microsystems, Inc.|Juniper Networks, Inc.|Joy Global Inc.|KLA-Tencor Corporation|Lamar Advertising Company|Liberty Global, Inc.|Leap Wireless International, Inc.|Liberty Media Corporation|Linear Technology Corporation|Logitech International S.A.|Lam Research Corporation|Level 3 Communications, Inc.|Microchip Technology Incorporated|Millicom International Cellular S.A.|Monster Worldwide, Inc.|Marvell Technology Group, Ltd.|Microsoft Corporation|NII Holdings, Inc.|Network Appliance, Inc.|NVIDIA Corporation|Oracle Corporation|Paychex, Inc.|PACCAR Inc.|Patterson Companies Inc.|PETsMART, Inc.|Patterson-UTI Energy, Inc.|QUALCOMM Incorporated|Research in Motion Limited|Ross Stores, Inc.|Ryanair Holdings plc|Starbucks Corporation|Sepracor Inc.|Sears Holdings Corporation|Sigma-Aldrich Corporation|Sirius Satellite Radio Inc.|SanDisk Corporation|Staples, Inc.|Symantec Corporation|Teva Pharmaceutical Industries Limited|Tellabs, Inc.|UAL Corporation|Virgin Media Inc.|VeriSign, Inc.|Vertex Pharmaceuticals Incorporated|Whole Foods Market, Inc.|Wynn Resorts, Limited|Xilinx, Inc.|XM Satellite Radio Holdings Inc.|DENTSPLY International Inc.|Yahoo! Inc."
2007-12-11,2007-12-21,100,AAPL|ADBE|ADSK|AKAM|ALTR|AMAT|AMGN|AMLN|AMZN|APOL|ATVI|BBBY|BEAS|BIDU|BIIB|BRCM|CDNS|CELG|CEPH|CHKP|CHRW|CMCSA|COST|CSCO|CTAS|CTSH|CTXS|DELL|DISCA|DISH|EBAY|ERIC|ERTS|ESRX|EXPD|EXPE|FAST|FISV|FLEX|FWLT|GENZ|GILD|GOOG|GRMN|HSIC|IACI|INFY|INTC|INTU|ISRG|JAVA|JNPR|JOYG|KLAC|LAMR|LBTYA|LEAP|LINTA|LLTC|LOGI|LRCX|LVLT|MCHP|MICC|MNST|MRVL|MSFT|NIHD|NTAP|NVDA|ORCL|PAYX|PCAR|PDCO|PETM|PTEN|QCOM|RIMM|ROST|RYAAY|SBUX|SEPR|SHLD|SIAL|SIRI|SNDK|SPLS|SYMC|TEVA|TLAB|UAUA|VMED|VRSN|VRTX|WFMI|WYNN|XLNX|XMSR|XRAY|YHOO,"Apple Inc.|Adobe Systems Incorporated|Autodesk, Inc.|Akamai Technologies, Inc.|Altera Corporation|Applied Materials, Inc.|Amgen Inc.|Amylin Pharmaceuticals, Inc.|Amazon.com, Inc.|Apollo Group, Inc.|Activision, Inc.|Bed Bath & Beyond Inc.|BEA Systems, Inc.|Baidu.com, Inc.|Biogen Idec Inc|Broadcom Corporation|Cadence Design Systems, Inc.|Celgene Corporation|Cephalon, Inc.|Check Point Software Technologies Ltd.|C.H. Robinson Worldwide, Inc.|Comcast Corporation|Costco Wholesale Corporation|Cisco Systems, Inc.|Cintas Corporation|Cognizant Technology Solutions Corporation|Citrix Systems, Inc.|Dell Inc.|Discovery Holding Co|EchoStar Communications Corporation|eBay Inc.|LM Ericsson Telephone Company|Electronic Arts Inc.|Express Scripts, Inc.|Expeditors International of Washington, Inc.|Expedia, Inc.|Fastenal Company|Fiserv, Inc.|Flextronics International Ltd.|Foster Wheeler Ltd.|Genzyme Corporation|Gilead Sciences, Inc.|Google Inc.|Garmin Ltd.|Henry Schein, Inc.|IAC/InterActiveCorp|Infosys Technologies Limited|Intel Corporation|Intuit Inc.|Intuitive Surgical, Inc.|Sun Microsystems, Inc.|Juniper Networks, Inc.|Joy Global Inc.|KLA-Tencor Corporation|Lamar Advertising Company|Liberty Global, Inc.|Leap Wireless International, Inc.|Liberty Media Corporation|Linear Technology Corporation|Logitech International S.A.|Lam Research Corporation|Level 3 Communications, Inc.|Microchip Technology Incorporated|Millicom International Cellular S.A.|Monster Worldwide, Inc.|Marvell Technology Group, Ltd.|Microsoft Corporation|NII Holdings, Inc.|Network Appliance, Inc.|NVIDIA Corporation|Oracle Corporation|Paychex, Inc.|PACCAR Inc.|Patterson Companies Inc.|PETsMART, Inc.|Patterson-UTI Energy, Inc.|QUALCOMM Incorporated|Research in Motion Limited|Ross Stores, Inc.|Ryanair Holdings plc|Starbucks Corporation|Sepracor Inc.|Sears Holdings Corporation|Sigma-Aldrich Corporation|Sirius Satellite Radio Inc.|SanDisk Corporation|Staples, Inc.|Symantec Corporation|Teva Pharmaceutical Industries Limited|Tellabs, Inc.|UAL Corporation|Virgin Media Inc.|VeriSign, Inc.|Vertex Pharmaceuticals Incorporated|Whole Foods Market, Inc.|Wynn Resorts, Limited|Xilinx, Inc.|XM Satellite Radio Holdings Inc.|DENTSPLY International Inc.|Yahoo! Inc."
2007-12-24,2008-04-29,100,AAPL|ADBE|ADSK|AKAM|ALTR|AMAT|AMGN|AMLN|AMZN|APOL|ATVI|BBBY|BEAS|BIDU|BIIB|BRCM|CDNS|CELG|CEPH|CHKP|CHRW|CMCSA|COST|CSCO|CTAS|CTSH|CTXS|DELL|DISCA|DISH|EBAY|ERTS|ESRX|EXPD|EXPE|FAST|FISV|FLEX|FMCN|FWLT|GENZ|GILD|GOOG|GRMN|HANS|HOLX|HSIC|IACI|INFY|INTC|INTU|ISRG|JAVA|JNPR|JOYG|KLAC|LAMR|LBTYA|LEAP|LINTA|LLTC|LOGI|LRCX|LVLT|MCHP|MICC|MNST|MRVL|MSFT|NIHD|NTAP|NVDA|ORCL|PAYX|PCAR|PDCO|PETM|QCOM|RIMM|RYAAY|SBUX|SHLD|SIAL|SIRI|SNDK|SPLS|SRCL|STLD|SYMC|TEVA|TLAB|UAUA|VMED|VRSN|VRTX|WFMI|WYNN|XLNX|XRAY|YHOO,"Apple Inc.|Adobe Systems Incorporated|Autodesk, Inc.|Akamai Technologies, Inc.|Altera Corporation|Applied Materials, Inc.|Amgen Inc.|Amylin Pharmaceuticals, Inc.|Amazon.com, Inc.|Apollo Group, Inc.|Activision, Inc.|Bed Bath & Beyond Inc.|BEA Systems, Inc.|Baidu.com, Inc.|Biogen Idec Inc|Broadcom Corporation|Cadence Design Systems, Inc.|Celgene Corporation|Cephalon, Inc.|Check Point Software Technologies Ltd.|C.H. Robinson Worldwide, Inc.|Comcast Corporation|Costco Wholesale Corporation|Cisco Systems, Inc.|Cintas Corporation|Cognizant Technology Solutions Corporation|Citrix Systems, Inc.|Dell Inc.|Discovery Holding Co|EchoStar Communications Corporation|eBay Inc.|Electronic Arts Inc.|Express Scripts, Inc.|Expeditors International of Washington, Inc.|Expedia, Inc.|Fastenal Company|Fiserv, Inc.|Flextronics International Ltd.|Focus Media Holding Limited|Foster Wheeler Ltd.|Genzyme Corporation|Gilead Sciences, Inc.|Google Inc.|Garmin Ltd.|Hansen Natural Corporation|Hologic, Inc.|Henry Schein, Inc.|IAC/InterActiveCorp|Infosys Technologies Limited|Intel Corporation|Intuit Inc.|Intuitive Surgical, Inc.|Sun Microsystems, Inc.|Juniper Networks, Inc.|Joy Global Inc.|KLA-Tencor Corporation|Lamar Advertising Company|Liberty Global, Inc.|Leap Wireless International, Inc.|Liberty Media Corporation|Linear Technology Corporation|Logitech International S.A.|Lam Research Corporation|Level 3 Communications, Inc.|Microchip Technology Incorporated|Millicom International Cellular S.A.|Monster Worldwide, Inc.|Marvell Technology Group, Ltd.|Microsoft Corporation|NII Holdings, Inc.|Network Appliance, Inc.|NVIDIA Corporation|Oracle Corporation|Paychex, Inc.|PACCAR Inc.|Patterson Companies Inc.|PETsMART, Inc.|QUALCOMM Incorporated|Research in Motion Limited|Ryanair Holdings plc|Starbucks Corporation|Sears Holdings Corporation|Sigma-Aldrich Corporation|Sirius Satellite Radio Inc.|SanDisk Corporation|Staples, Inc.|Stericycle, Inc.|Steel Dynamics, Inc.|Symantec Corporation|Teva Pharmaceutical Industries Limited|Tellabs, Inc.|UAL Corporation|Virgin Media Inc.|VeriSign, Inc.|Vertex Pharmaceuticals Incorporated|Whole Foods Market, Inc.|Wynn Resorts, Limited|Xilinx, Inc.|DENTSPLY International Inc.|Yahoo! Inc."
2008-04-30,2008-05-16,100,AAPL|ADBE|ADSK|AKAM|ALTR|AMAT|AMGN|AMLN|AMZN|APOL|ATVI|BBBY|BIDU|BIIB|BRCM|CDNS|CELG|CEPH|CHKP|CHRW|CMCSA|COST|CSCO|CTAS|CTSH|CTXS|DELL|DISCA|DISH|DTV|EBAY|ERTS|ESRX|EXPD|EXPE|FAST|FISV|FLEX|FMCN|FWLT|GENZ|GILD|GOOG|GRMN|HANS|HOLX|HSIC|IACI|INFY|INTC|INTU|ISRG|JAVA|JNPR|JOYG|KLAC|LAMR|LBTYA|LEAP|LINTA|LLTC|LOGI|LRCX|LVLT|MCHP|MICC|MNST|MRVL|MSFT|NIHD|NTAP|NVDA|ORCL|PAYX|PCAR|PDCO|PETM|QCOM|RIMM|RYAAY|SBUX|SHLD|SIAL|SIRI|SNDK|SPLS|SRCL|STLD|SYMC|TEVA|TLAB|UAUA|VMED|VRSN|VRTX|WFMI|WYNN|XLNX|XRAY|YHOO,"Apple Inc.|Adobe Systems Incorporated|Autodesk, Inc.|Akamai Technologies, Inc.|Altera Corporation|Applied Materials, Inc.|Amgen Inc.|Amylin Pharmaceuticals, Inc.|Amazon.com, Inc.|Apollo Group, Inc.|Activision, Inc.|Bed Bath & Beyond Inc.|Baidu.com, Inc.|Biogen Idec Inc|Broadcom Corporation|Cadence Design Systems, Inc.|Celgene Corporation|Cephalon, Inc.|Check Point Software Technologies Ltd.|C.H. Robinson Worldwide, Inc.|Comcast Corporation|Costco Wholesale Corporation|Cisco Systems, Inc.|Cintas Corporation|Cognizant Technology Solutions Corporation|Citrix Systems, Inc.|Dell Inc.|Discovery Holding Co|DISH Network Corporation|The DIRECTV Group, Inc.|eBay Inc.|Electronic Arts Inc.|Express Scripts, Inc.|Expeditors International of Washington, Inc.|Expedia, Inc.|Fastenal Company|Fiserv, Inc.|Flextronics International Ltd.|Focus Media Holding Limited|Foster Wheeler Ltd.|Genzyme Corporation|Gilead Sciences, Inc.|Google Inc.|Garmin Ltd.|Hansen Natural Corporation|Hologic, Inc.|Henry Schein, Inc.|IAC/InterActiveCorp|Infosys Technologies Limited|Intel Corporation|Intuit Inc.|Intuitive Surgical, Inc.|Sun Microsystems, Inc.|Juniper Networks, Inc.|Joy Global Inc.|KLA-Tencor Corporation|Lamar Advertising Company|Liberty Global, Inc.|Leap Wireless International, Inc.|Liberty Media Corporation|Linear Technology Corporation|Logitech International S.A.|Lam Research Corporation|Level 3 Communications, Inc.|Microchip Technology Incorporated|Millicom International Cellular S.A.|Monster Worldwide, Inc.|Marvell Technology Group, Ltd.|Microsoft Corporation|NII Holdings, Inc.|NetApp, Inc.|NVIDIA Corporation|Oracle Corporation|Paychex, Inc.|PACCAR Inc.|Patterson Companies Inc.|PETsMART, Inc.|QUALCOMM Incorporated|Research in Motion Limited|Ryanair Holdings plc|Starbucks Corporation|Sears Holdings Corporation|Sigma-Aldrich Corporation|Sirius Satellite Radio Inc.|SanDisk Corporation|Staples, Inc.|Stericycle, Inc.|Steel Dynamics, Inc.|Symantec Corporation|Teva Pharmaceutical Industries Limited|Tellabs, Inc.|UAL Corporation|Virgin Media Inc.|VeriSign, Inc.|Vertex Pharmaceuticals Incorporated|Whole Foods Market, Inc.|Wynn Resorts, Limited|Xilinx, Inc.|DENTSPLY International Inc.|Yahoo! Inc."
2008-05-19,2008-07-09,100,AAPL|ADBE|ADSK|AKAM|ALTR|AMAT|AMGN|AMLN|AMZN|APOL|ATVI|BBBY|BIDU|BIIB|BRCM|CA|CDNS|CELG|CEPH|CHKP|CHRW|CMCSA|COST|CSCO|CTAS|CTSH|CTXS|DELL|DISCA|DISH|DTV|EBAY|ERTS|ESRX|EXPD|EXPE|FAST|FISV|FLEX|FMCN|FWLT|GENZ|GILD|GOOG|GRMN|HANS|HOLX|HSIC|IACI|INFY|INTC|INTU|ISRG|JAVA|JNPR|JOYG|KLAC|LAMR|LBTYA|LEAP|LINTA|LLTC|LOGI|LRCX|LVLT|MCHP|MICC|MNST|MRVL|MSFT|NIHD|NTAP|NVDA|ORCL|PAYX|PCAR|PDCO|PETM|QCOM|RIMM|RYAAY|SBUX|SHLD|SIAL|SIRI|SNDK|SPLS|SRCL|STLD|SYMC|TEVA|UAUA|VMED|VRSN|VRTX|WFMI|WYNN|XLNX|XRAY|YHOO,"Apple Inc.|Adobe Systems Incorporated|Autodesk, Inc.|Akamai Technologies, Inc.|Altera Corporation|Applied Materials, Inc.|Amgen Inc.|Amylin Pharmaceuticals, Inc.|Amazon.com, Inc.|Apollo Group, Inc.|Activision, Inc.|Bed Bath & Beyond Inc.|Baidu.com, Inc.|Biogen Idec Inc|Broadcom Corporation|CA Inc.|Cadence Design Systems, Inc.|Celgene Corporation|Cephalon, Inc.|Check Point Software Technologies Ltd.|C.H. Robinson Worldwide, Inc.|Comcast Corporation|Costco Wholesale Corporation|Cisco Systems, Inc.|Cintas Corporation|Cognizant Technology Solutions Corporation|Citrix Systems, Inc.|Dell Inc.|Discovery Holding Co|DISH Network Corporation|The DIRECTV Group, Inc.|eBay Inc.|Electronic Arts Inc.|Express Scripts, Inc.|Expeditors International of Washington, Inc.|Expedia, Inc.|Fastenal Company|Fiserv, Inc.|Flextronics International Ltd.|Focus Media Holding Limited|Foster Wheeler Ltd.|Genzyme Corporation|Gilead Sciences, Inc.|Google Inc.|Garmin Ltd.|Hansen Natural Corporation|Hologic, Inc.|Henry Schein, Inc.|IAC/InterActiveCorp|Infosys Technologies Limited|Intel Corporation|Intuit Inc.|Intuitive Surgical, Inc.|Sun Microsystems, Inc.|Juniper Networks, Inc.|Joy Global Inc.|KLA-Tencor Corporation|Lamar Advertising Company|Liberty Global, Inc.|Leap Wireless International, Inc.|Liberty Media Corporation|Linear Technology Corporation|Logitech International S.A.|Lam Research Corporation|Level 3 Communications, Inc.|Microchip Technology Incorporated|Millicom International Cellular S.A.|Monster Worldwide, Inc.|Marvell Technology Group, Ltd.|Microsoft Corporation|NII Holdings, Inc.|NetApp, Inc.|NVIDIA Corporation|Oracle Corporation|Paychex, Inc.|PACCAR Inc.|Patterson Companies Inc.|PETsMART, Inc.|QUALCOMM Incorporated|Research in Motion Limited|Ryanair Holdings plc|Starbucks Corporation|Sears Holdings Corporation|Sigma-Aldrich Corporation|Sirius Satellite Radio Inc.|SanDisk Corporation|Staples, Inc.|Stericycle, Inc.|Steel Dynamics, Inc.|Symantec Corporation|Teva Pharmaceutical Industries Limited|UAL Corporation|Virgin Media Inc.|VeriSign, Inc.|Vertex Pharmaceuticals Incorporated|Whole Foods Market, Inc.|Wynn Resorts, Limited|Xilinx, Inc.|DENTSPLY International Inc.|Yahoo! Inc."
2008-07-10,2008-07-18,100,AAPL|ADBE|ADSK|AKAM|ALTR|AMAT|AMGN|AMLN|AMZN|APOL|ATVID|BBBY|BIDU|BIIB|BRCM|CA|CDNS|CELG|CEPH|CHKP|CHRW|CMCSA|COST|CSCO|CTAS|CTSH|CTXS|DELL|DISCA|DISH|DTV|EBAY|ERTS|ESRX|EXPD|EXPE|FAST|FISV|FLEX|FMCN|FWLT|GENZ|GILD|GOOG|GRMN|HANS|HOLX|HSIC|IACI|INFY|INTC|INTU|ISRG|JAVA|JNPR|JOYG|KLAC|LAMR|LBTYA|LEAP|LINTA|LLTC|LOGI|LRCX|LVLT|MCHP|MICC|MNST|MRVL|MSFT|NIHD|NTAP|NVDA|ORCL|PAYX|PCAR|PDCO|PETM|QCOM|RIMM|RYAAY|SBUX|SHLD|SIAL|SIRI|SNDK|SPLS|SRCL|STLD|SYMC|TEVA|UAUA|VMED|VRSN|VRTX|WFMI|WYNN|XLNX|XRAY|YHOO,"Apple Inc.|Adobe Systems Incorporated|Autodesk, Inc.|Akamai Technologies, Inc.|Altera Corporation|Applied Materials, Inc.|Amgen Inc.|Amylin Pharmaceuticals, Inc.|Amazon.com, Inc.|Apollo Group, Inc.|Activision, Inc.|Bed Bath & Beyond Inc.|Baidu.com, Inc.|Biogen Idec Inc|Broadcom Corporation|CA Inc.|Cadence Design Systems, Inc.|Celgene Corporation|Cephalon, Inc.|Check Point Software Technologies Ltd.|C.H. Robinson Worldwide, Inc.|Comcast Corporation|Costco Wholesale Corporation|Cisco Systems, Inc.|Cintas Corporation|Cognizant Technology Solutions Corporation|Citrix Systems, Inc.|Dell Inc.|Discovery Holding Co|DISH Network Corporation|The DIRECTV Group, Inc.|eBay Inc.|Electronic Arts Inc.|Express Scripts, Inc.|Expeditors International of Washington, Inc.|Expedia, Inc.|Fastenal Company|Fiserv, Inc.|Flextronics International Ltd.|Focus Media Holding Limited|Foster Wheeler Ltd.|Genzyme Corporation|Gilead Sciences, Inc.|Google Inc.|Garmin Ltd.|Hansen Natural Corporation|Hologic, Inc.|Henry Schein, Inc.|IAC/InterActiveCorp|Infosys Technologies Limited|Intel Corporation|Intuit Inc.|Intuitive Surgical, Inc.|Sun Microsystems, Inc.|Juniper Networks, Inc.|Joy Global Inc.|KLA-Tencor Corporation|Lamar Advertising Company|Liberty Global, Inc.|Leap Wireless International, Inc.|Liberty Media Corporation|Linear Technology Corporation|Logitech International S.A.|Lam Research Corporation|Level 3 Communications, Inc.|Microchip Technology Incorporated|Millicom International Cellular S.A.|Monster Worldwide, Inc.|Marvell Technology Group, Ltd.|Microsoft Corporation|NII Holdings, Inc.|NetApp, Inc.|NVIDIA Corporation|Oracle Corporation|Paychex, Inc.|PACCAR Inc.|Patterson Companies Inc.|PETsMART, Inc.|QUALCOMM Incorporated|Research in Motion Limited|Ryanair Holdings plc|Starbucks Corporation|Sears Holdings Corporation|Sigma-Aldrich Corporation|Sirius Satellite Radio Inc.|SanDisk Corporation|Staples, Inc.|Stericycle, Inc.|Steel Dynamics, Inc.|Symantec Corporation|Teva Pharmaceutical Industries Limited|UAL Corporation|Virgin Media Inc.|VeriSign, Inc.|Vertex Pharmaceuticals Incorporated|Whole Foods Market, Inc.|Wynn Resorts, Limited|Xilinx, Inc.|DENTSPLY International Inc.|Yahoo! Inc."
2008-07-21,2008-08-06,100,AAPL|ADBE|ADSK|AKAM|ALTR|AMAT|AMGN|AMLN|AMZN|APOL|ATVID|BBBY|BIDU|BIIB|BRCM|CA|CDNS|CELG|CEPH|CHKP|CHRW|CMCSA|COST|CSCO|CTAS|CTSH|CTXS|DELL|DISCA|DISH|DTV|EBAY|ERTS|ESRX|EXPD|EXPE|FAST|FISV|FLEX|FLIR|FMCN|FWLT|GENZ|GILD|GOOG|GRMN|HANS|HOLX|HSIC|IACI|INFY|INTC|INTU|ISRG|JAVA|JNPR|JOYG|KLAC|LAMR|LBTYA|LEAP|LINTA|LLTC|LOGI|LRCX|LVLT|MCHP|MICC|MNST|MRVL|MSFT|NIHD|NTAP|NVDA|ORCL|PAYX|PCAR|PDCO|PETM|QCOM|RIMM|RYAAY|SBUX|SHLD|SIAL|SIRI|SNDK|SPLS|SRCL|STLD|SYMC|TEVA|VMED|VRSN|VRTX|WFMI|WYNN|XLNX|XRAY|YHOO,"Apple Inc.|Adobe Systems Incorporated|Autodesk, Inc.|Akamai Technologies, Inc.|Altera Corporation|Applied Materials, Inc.|Amgen Inc.|Amylin Pharmaceuticals, Inc.|Amazon.com, Inc.|Apollo Group, Inc.||Bed Bath & Beyond Inc.|Baidu.com, Inc.|Biogen Idec Inc|Broadcom Corporation|CA Inc.|Cadence Design Systems, Inc.|Celgene Corporation|Cephalon, Inc.|Check Point Software Technologies Ltd.|C.H. Robinson Worldwide, Inc.|Comcast Corporation|Costco Wholesale Corporation|Cisco Systems, Inc.|Cintas Corporation|Cognizant Technology Solutions Corporation|Citrix Systems, Inc.|Dell Inc.|Discovery Holding Co|DISH Network Corporation|The DIRECTV Group, Inc.|eBay Inc.|Electronic Arts Inc.|Express Scripts, Inc.|Expeditors International of Washington, Inc.|Expedia, Inc.|Fastenal Company|Fiserv, Inc.|Flextronics International Ltd.|FLIR Systems, Inc.|Focus Media Holding Limited|Foster Wheeler Ltd.|Genzyme Corporation|Gilead Sciences, Inc.|Google Inc.|Garmin Ltd.|Hansen Natural Corporation|Hologic, Inc.|Henry Schein, Inc.|IAC/InterActiveCorp|Infosys Technologies Limited|Intel Corporation|Intuit Inc.|Intuitive Surgical, Inc.|Sun Microsystems, Inc.|Juniper Networks, Inc.|Joy Global Inc.|KLA-Tencor Corporation|Lamar Advertising Company|Liberty Global, Inc.|Leap Wireless International, Inc.|Liberty Media Corporation|Linear Technology Corporation|Logitech International S.A.|Lam Research Corporation|Level 3 Communications, Inc.|Microchip Technology Incorporated|Millicom International Cellular S.A.|Monster Worldwide, Inc.|Marvell Technology Group, Ltd.|Microsoft Corporation|NII Holdings, Inc.|NetApp, Inc.|NVIDIA Corporation|Oracle Corporation|Paychex, Inc.|PACCAR Inc.|Patterson Companies Inc.|PETsMART, Inc.|QUALCOMM Incorporated|Research in Motion Limited|Ryanair Holdings plc|Starbucks Corporation|Sears Holdings Corporation|Sigma-Aldrich Corporation|Sirius Satellite Radio Inc.|SanDisk Corporation|Staples, Inc.|Stericycle, Inc.|Steel Dynamics, Inc.|Symantec Corporation|Teva Pharmaceutical Industries Limited|Virgin Media Inc.|VeriSign, Inc.|Vertex Pharmaceuticals Incorporated|Whole Foods Market, Inc.|Wynn Resorts, Limited|Xilinx, Inc.|DENTSPLY International Inc.|Yahoo! Inc."
2008-08-07,2008-08-20,100,AAPL|ADBE|ADSK|AKAM|ALTR|AMAT|AMGN|AMLN|AMZN|APOL|ATVI|BBBY|BIDU|BIIB|BRCM|CA|CDNS|CELG|CEPH|CHKP|CHRW|CMCSA|COST|CSCO|CTAS|CTSH|CTXS|DELL|DISCA|DISH|DTV|EBAY|ERTS|ESRX|EXPD|EXPE|FAST|FISV|FLEX|FLIR|FMCN|FWLT|GENZ|GILD|GOOG|GRMN|HANS|HOLX|HSIC|IACI|INFY|INTC|INTU|ISRG|JAVA|JNPR|JOYG|KLAC|LAMR|LBTYA|LEAP|LINTA|LLTC|LOGI|LRCX|LVLT|MCHP|MICC|MNST|MRVL|MSFT|NIHD|NTAP|NVDA|ORCL|PAYX|PCAR|PDCO|PETM|QCOM|RIMM|RYAAY|SBUX|SHLD|SIAL|SIRI|SNDK|SPLS|SRCL|STLD|SYMC|TEVA|VMED|VRSN|VRTX|WFMI|WYNN|XLNX|XRAY|YHOO,"Apple Inc.|Adobe Systems Incorporated|Autodesk, Inc.|Akamai Technologies, Inc.|Altera Corporation|Applied Materials, Inc.|Amgen Inc.|Amylin Pharmaceuticals, Inc.|Amazon.com, Inc.|Apollo Group, Inc.|Activision Blizzard, Inc|Bed Bath & Beyond Inc.|Baidu.com, Inc.|Biogen Idec Inc|Broadcom Corporation|CA Inc.|Cadence Design Systems, Inc.|Celgene Corporation|Cephalon, Inc.|Check Point Software Technologies Ltd.|C.H. Robinson Worldwide, Inc.|Comcast Corporation|Costco Wholesale Corporation|Cisco Systems, Inc.|Cintas Corporation|Cognizant Technology Solutions Corporation|Citrix Systems, Inc.|Dell Inc.|Discovery Holding Co|DISH Network Corporation|The DIRECTV Group, Inc.|eBay Inc.|Electronic Arts Inc.|Express Scripts, Inc.|Expeditors International of Washington, Inc.|Expedia, Inc.|Fastenal Company|Fiserv, Inc.|Flextronics International Ltd.|FLIR Systems, Inc.|Focus Media Holding Limited|Foster Wheeler Ltd.|Genzyme Corporation|Gilead Sciences, Inc.|Google Inc.|Garmin Ltd.|Hansen Natural Corporation|Hologic, Inc.|Henry Schein, Inc.|IAC/InterActiveCorp|Infosys Technologies Limited|Intel Corporation|Intuit Inc.|Intuitive Surgical, Inc.|Sun Microsystems, Inc.|Juniper Networks, Inc.|Joy Global Inc.|KLA-Tencor Corporation|Lamar Advertising Company|Liberty Global, Inc.|Leap Wireless International, Inc.|Liberty Media Corporation|Linear Technology Corporation|Logitech International S.A.|Lam Research Corporation|Level 3 Communications, Inc.|Microchip Technology Incorporated|Millicom International Cellular S.A.|Monster Worldwide, Inc.|Marvell Technology Group, Ltd.|Microsoft Corporation|NII Holdings, Inc.|NetApp, Inc.|NVIDIA Corporation|Oracle Corporation|Paychex, Inc.|PACCAR Inc.|Patterson Companies Inc.|PETsMART, Inc.|QUALCOMM Incorporated|Research in Motion Limited|Ryanair Holdings plc|Starbucks Corporation|Sears Holdings Corporation|Sigma-Aldrich Corporation|Sirius XM Radio Inc.|SanDisk Corporation|Staples, Inc.|Stericycle, Inc.|Steel Dynamics, Inc.|Symantec Corporation|Teva Pharmaceutical Industries Limited|Virgin Media Inc.|VeriSign, Inc.|Vertex Pharmaceuticals Incorporated|Whole Foods Market, Inc.|Wynn Resorts, Limited|Xilinx, Inc.|DENTSPLY International Inc.|Yahoo! Inc."
2008-08-21,2008-09-17,100,AAPL|ADBE|ADSK|AKAM|ALTR|AMAT|AMGN|AMLN|AMZN|APOL|ATVI|BBBY|BIDU|BIIB|BRCM|CA|CDNS|CELG|CEPH|CHKP|CHRW|CMCSA|COST|CSCO|CTAS|CTSH|CTXS|DELL|DISCA|DISH|DTV|EBAY|ERTS|ESRX|EXPD|EXPE|FAST|FISV|FLEX|FLIR|FMCN|FWLT|GENZ|GILD|GOOG|GRMN|HANS|HOLX|HSIC|IACID|INFY|INTC|INTU|ISRG|JAVA|JNPR|JOYG|KLAC|LAMR|LBTYA|LEAP|LINTA|LLTC|LOGI|LRCX|LVLT|MCHP|MICC|MNST|MRVL|MSFT|NIHD|NTAP|NVDA|ORCL|PAYX|PCAR|PDCO|PETM|QCOM|RIMM|RYAAY|SBUX|SHLD|SIAL|SIRI|SNDK|SPLS|SRCL|STLD|SYMC|TEVA|VMED|VRSN|VRTX|WFMI|WYNN|XLNX|XRAY|YHOO,"Apple Inc.|Adobe Systems Incorporated|Autodesk, Inc.|Akamai Technologies, Inc.|Altera Corporation|Applied Materials, Inc.|Amgen Inc.|Amylin Pharmaceuticals, Inc.|Amazon.com, Inc.|Apollo Group, Inc.|Activision Blizzard, Inc|Bed Bath & Beyond Inc.|Baidu.com, Inc.|Biogen Idec Inc|Broadcom Corporation|CA Inc.|Cadence Design Systems, Inc.|Celgene Corporation|Cephalon, Inc.|Check Point Software Technologies Ltd.|C.H. Robinson Worldwide, Inc.|Comcast Corporation|Costco Wholesale Corporation|Cisco Systems, Inc.|Cintas Corporation|Cognizant Technology Solutions Corporation|Citrix Systems, Inc.|Dell Inc.|Discovery Holding Co|DISH Network Corporation|The DIRECTV Group, Inc.|eBay Inc.|Electronic Arts Inc.|Express Scripts, Inc.|Expeditors International of Washington, Inc.|Expedia, Inc.|Fastenal Company|Fiserv, Inc.|Flextronics International Ltd.|FLIR Systems, Inc.|Focus Media Holding Limited|Foster Wheeler Ltd.|Genzyme Corporation|Gilead Sciences, Inc.|Google Inc.|Garmin Ltd.|Hansen Natural Corporation|Hologic, Inc.|Henry Schein, Inc.|IAC/InterActiveCorp|Infosys Technologies Limited|Intel Corporation|Intuit Inc.|Intuitive Surgical, Inc.|Sun Microsystems, Inc.|Juniper Networks, Inc.|Joy Global Inc.|KLA-Tencor Corporation|Lamar Advertising Company|Liberty Global, Inc.|Leap Wireless International, Inc.|Liberty Media Corporation|Linear Technology Corporation|Logitech International S.A.|Lam Research Corporation|Level 3 Communications, Inc.|Microchip Technology Incorporated|Millicom International Cellular S.A.|Monster Worldwide, Inc.|Marvell Technology Group, Ltd.|Microsoft Corporation|NII Holdings, Inc.|NetApp, Inc.|NVIDIA Corporation|Oracle Corporation|Paychex, Inc.|PACCAR Inc.|Patterson Companies Inc.|PETsMART, Inc.|QUALCOMM Incorporated|Research in Motion Limited|Ryanair Holdings plc|Starbucks Corporation|Sears Holdings Corporation|Sigma-Aldrich Corporation|Sirius XM Radio Inc.|SanDisk Corporation|Staples, Inc.|Stericycle, Inc.|Steel Dynamics, Inc.|Symantec Corporation|Teva Pharmaceutical Industries Limited|Virgin Media Inc.|VeriSign, Inc.|Vertex Pharmaceuticals Incorporated|Whole Foods Market, Inc.|Wynn Resorts, Limited|Xilinx, Inc.|DENTSPLY International Inc.|Yahoo! Inc."
2008-09-18,2008-09-18,100,AAPL|ADBE|ADSK|AKAM|ALTR|AMAT|AMGN|AMLN|AMZN|APOL|ATVI|BBBY|BIDU|BIIB|BRCM|CA|CDNS|CELG|CEPH|CHKP|CHRW|CMCSA|COST|CSCO|CTAS|CTSH|CTXS|DELL|DISAD|DISH|DTV|EBAY|ERTS|ESRX|EXPD|EXPE|FAST|FISV|FLEX|FLIR|FMCN|FWLT|GENZ|GILD|GOOG|GRMN|HANS|HOLX|HSIC|IACID|INFY|INTC|INTU|ISRG|JAVA|JNPR|JOYG|KLAC|LAMR|LBTYA|LEAP|LINTA|LLTC|LOGI|LRCX|LVLT|MCHP|MICC|MNST|MRVL|MSFT|NIHD|NTAP|NVDA|ORCL|PAYX|PCAR|PDCO|PETM|QCOM|RIMM|RYAAY|SBUX|SHLD|SIAL|SIRI|SNDK|SPLS|SRCL|STLD|SYMC|TEVA|VMED|VRSN|VRTX|WFMI|WYNN|XLNX|XRAY|YHOO,"Apple Inc.|Adobe Systems Incorporated|Autodesk, Inc.|Akamai Technologies, Inc.|Altera Corporation|Applied Materials, Inc.|Amgen Inc.|Amylin Pharmaceuticals, Inc.|Amazon.com, Inc.|Apollo Group, Inc.|Activision Blizzard, Inc|Bed Bath & Beyond Inc.|Baidu.com, Inc.|Biogen Idec Inc|Broadcom Corporation|CA Inc.|Cadence Design Systems, Inc.|Celgene Corporation|Cephalon, Inc.|Check Point Software Technologies Ltd.|C.H. Robinson Worldwide, Inc.|Comcast Corporation|Costco Wholesale Corporation|Cisco Systems, Inc.|Cintas Corporation|Cognizant Technology Solutions Corporation|Citrix Systems, Inc.|Dell Inc.|Discovery Holding Co|DISH Network Corporation|The DIRECTV Group, Inc.|eBay Inc.|Electronic Arts Inc.|Express Scripts, Inc.|Expeditors International of Washington, Inc.|Expedia, Inc.|Fastenal Company|Fiserv, Inc.|Flextronics International Ltd.|FLIR Systems, Inc.|Focus Media Holding Limited|Foster Wheeler Ltd.|Genzyme Corporation|Gilead Sciences, Inc.|Google Inc.|Garmin Ltd.|Hansen Natural Corporation|Hologic, Inc.|Henry Schein, Inc.|IAC/InterActiveCorp|Infosys Technologies Limited|Intel Corporation|Intuit Inc.|Intuitive Surgical, Inc.|Sun Microsystems, Inc.|Juniper Networks, Inc.|Joy Global Inc.|KLA-Tencor Corporation|Lamar Advertising Company|Liberty Global, Inc.|Leap Wireless International, Inc.|Liberty Media Corporation|Linear Technology Corporation|Logitech International S.A.|Lam Research Corporation|Level 3 Communications, Inc.|Microchip Technology Incorporated|Millicom International Cellular S.A.|Monster Worldwide, Inc.|Marvell Technology Group, Ltd.|Microsoft Corporation|NII Holdings, Inc.|NetApp, Inc.|NVIDIA Corporation|Oracle Corporation|Paychex, Inc.|PACCAR Inc.|Patterson Companies Inc.|PETsMART, Inc.|QUALCOMM Incorporated|Research In Motion Limited|Ryanair Holdings plc|Starbucks Corporation|Sears Holdings Corporation|Sigma-Aldrich Corporation|Sirius XM Radio Inc.|SanDisk Corporation|Staples, Inc.|Stericycle, Inc.|Steel Dynamics, Inc.|Symantec Corporation|Teva Pharmaceutical Industries Limited|Virgin Media Inc.|VeriSign, Inc.|Vertex Pharmaceuticals Incorporated|Whole Foods Market, Inc.|Wynn Resorts, Limited|Xilinx, Inc.|DENTSPLY International Inc.|Yahoo! Inc."
2008-09-19,2008-10-15,100,AAPL|ADBE|ADSK|AKAM|ALTR|AMAT|AMGN|AMLN|AMZN|APOL|ATVI|BBBY|BIDU|BIIB|BRCM|CA|CDNS|CELG|CEPH|CHKP|CHRW|CMCSA|COST|CSCO|CTAS|CTSH|CTXS|DELL|DISAD|DISH|DTV|EBAY|ERTS|ESRX|EXPD|EXPE|FAST|FISV|FLEX|FLIR|FMCN|FWLT|GENZ|GILD|GOOG|GRMN|HANS|HOLX|HSIC|IACI|INFY|INTC|INTU|ISRG|JAVA|JNPR|JOYG|KLAC|LAMR|LBTYA|LEAP|LINTA|LLTC|LOGI|LRCX|LVLT|MCHP|MICC|MNST|MRVL|MSFT|NIHD|NTAP|NVDA|ORCL|PAYX|PCAR|PDCO|PETM|QCOM|RIMM|RYAAY|SBUX|SHLD|SIAL|SIRI|SNDK|SPLS|SRCL|STLD|SYMC|TEVA|VMED|VRSN|VRTX|WFMI|WYNN|XLNX|XRAY|YHOO,"Apple Inc.|Adobe Systems Incorporated|Autodesk, Inc.|Akamai Technologies, Inc.|Altera Corporation|Applied Materials, Inc.|Amgen Inc.|Amylin Pharmaceuticals, Inc.|Amazon.com, Inc.|Apollo Group, Inc.|Activision Blizzard, Inc|Bed Bath & Beyond Inc.|Baidu.com, Inc.|Biogen Idec Inc|Broadcom Corporation|CA Inc.|Cadence Design Systems, Inc.|Celgene Corporation|Cephalon, Inc.|Check Point Software Technologies Ltd.|C.H. Robinson Worldwide, Inc.|Comcast Corporation|Costco Wholesale Corporation|Cisco Systems, Inc.|Cintas Corporation|Cognizant Technology Solutions Corporation|Citrix Systems, Inc.|Dell Inc.|Discovery Communications, Inc|DISH Network Corporation|The DIRECTV Group, Inc.|eBay Inc.|Electronic Arts Inc.|Express Scripts, Inc.|Expeditors International of Washington, Inc.|Expedia, Inc.|Fastenal Company|Fiserv, Inc.|Flextronics International Ltd.|FLIR Systems, Inc.|Focus Media Holding Limited|Foster Wheeler Ltd.|Genzyme Corporation|Gilead Sciences, Inc.|Google Inc.|Garmin Ltd.|Hansen Natural Corporation|Hologic, Inc.|Henry Schein, Inc.|IAC/InterActiveCorp|Infosys Technologies Limited|Intel Corporation|Intuit Inc.|Intuitive Surgical, Inc.|Sun Microsystems, Inc.|Juniper Networks, Inc.|Joy Global Inc.|KLA-Tencor Corporation|Lamar Advertising Company|Liberty Global, Inc.|Leap Wireless International, Inc.|Liberty Media Corporation|Linear Technology Corporation|Logitech International S.A.|Lam Research Corporation|Level 3 Communications, Inc.|Microchip Technology Incorporated|Millicom International Cellular S.A.|Monster Worldwide, Inc.|Marvell Technology Group, Ltd.|Microsoft Corporation|NII Holdings, Inc.|NetApp, Inc.|NVIDIA Corporation|Oracle Corporation|Paychex, Inc.|PACCAR Inc.|Patterson Companies Inc.|PETsMART, Inc.|QUALCOMM Incorporated|Research In Motion Limited|Ryanair Holdings plc|Starbucks Corporation|Sears Holdings Corporation|Sigma-Aldrich Corporation|Sirius XM Radio Inc.|SanDisk Corporation|Staples, Inc.|Stericycle, Inc.|Steel Dynamics, Inc.|Symantec Corporation|Teva Pharmaceutical Industries Limited|Virgin Media Inc.|VeriSign, Inc.|Vertex Pharmaceuticals Incorporated|Whole Foods Market, Inc.|Wynn Resorts, Limited|Xilinx, Inc.|DENTSPLY International Inc.|Yahoo! Inc."
2008-10-16,2008-11-07,100,AAPL|ADBE|ADSK|AKAM|ALTR|AMAT|AMGN|AMLN|AMZN|APOL|ATVI|BBBY|BIDU|BIIB|BRCM|CA|CDNS|CELG|CEPH|CHKP|CHRW|CMCSA|COST|CSCO|CTAS|CTSH|CTXS|DELL|DISCA|DISH|DTV|EBAY|ERTS|ESRX|EXPD|EXPE|FAST|FISV|FLEX|FLIR|FMCN|FWLT|GENZ|GILD|GOOG|GRMN|HANS|HOLX|HSIC|IACI|INFY|INTC|INTU|ISRG|JAVA|JNPR|JOYG|KLAC|LAMR|LBTYA|LEAP|LINTA|LLTC|LOGI|LRCX|LVLT|MCHP|MICC|MNST|MRVL|MSFT|NIHD|NTAP|NVDA|ORCL|PAYX|PCAR|PDCO|PETM|QCOM|RIMM|RYAAY|SBUX|SHLD|SIAL|SIRI|SNDK|SPLS|SRCL|STLD|SYMC|TEVA|VMED|VRSN|VRTX|WFMI|WYNN|XLNX|XRAY|YHOO,"Apple Inc.|Adobe Systems Incorporated|Autodesk, Inc.|Akamai Technologies, Inc.|Altera Corporation|Applied Materials, Inc.|Amgen Inc.|Amylin Pharmaceuticals, Inc.|Amazon.com, Inc.|Apollo Group, Inc.|Activision Blizzard, Inc|Bed Bath & Beyond Inc.|Baidu.com, Inc.|Biogen Idec Inc|Broadcom Corporation|CA Inc.|Cadence Design Systems, Inc.|Celgene Corporation|Cephalon, Inc.|Check Point Software Technologies Ltd.|C.H. Robinson Worldwide, Inc.|Comcast Corporation|Costco Wholesale Corporation|Cisco Systems, Inc.|Cintas Corporation|Cognizant Technology Solutions Corporation|Citrix Systems, Inc.|Dell Inc.|Discovery Communications, Inc|DISH Network Corporation|The DIRECTV Group, Inc.|eBay Inc.|Electronic Arts Inc.|Express Scripts, Inc.|Expeditors International of Washington, Inc.|Expedia, Inc.|Fastenal Company|Fiserv, Inc.|Flextronics International Ltd.|FLIR Systems, Inc.|Focus Media Holding Limited|Foster Wheeler Ltd.|Genzyme Corporation|Gilead Sciences, Inc.|Google Inc.|Garmin Ltd.|Hansen Natural Corporation|Hologic, Inc.|Henry Schein, Inc.|IAC/InterActiveCorp|Infosys Technologies Limited|Intel Corporation|Intuit Inc.|Intuitive Surgical, Inc.|Sun Microsystems, Inc.|Juniper Networks, Inc.|Joy Global Inc.|KLA-Tencor Corporation|Lamar Advertising Company|Liberty Global, Inc.|Leap Wireless International, Inc.|Liberty Media Corporation|Linear Technology Corporation|Logitech International S.A.|Lam Research Corporation|Level 3 Communications, Inc.|Microchip Technology Incorporated|Millicom International Cellular S.A.|Monster Worldwide, Inc.|Marvell Technology Group, Ltd.|Microsoft Corporation|NII Holdings, Inc.|NetApp, Inc.|NVIDIA Corporation|Oracle Corporation|Paychex, Inc.|PACCAR Inc.|Patterson Companies Inc.|PetSmart, Inc|QUALCOMM Incorporated|Research In Motion Limited|Ryanair Holdings plc|Starbucks Corporation|Sears Holdings Corporation|Sigma-Aldrich Corporation|Sirius XM Radio Inc.|SanDisk Corporation|Staples, Inc.|Stericycle, Inc.|Steel Dynamics, Inc.|Symantec Corporation|Teva Pharmaceutical Industries Limited|Virgin Media Inc.|VeriSign, Inc.|Vertex Pharmaceuticals Incorporated|Whole Foods Market, Inc.|Wynn Resorts, Limited|Xilinx, Inc.|DENTSPLY International Inc.|Yahoo! Inc."
2008-11-10,2008-12-19,100,AAPL|ADBE|ADSK|AKAM|ALTR|AMAT|AMGN|AMLN|AMZN|APOL|ATVI|BBBY|BIDU|BIIB|BRCM|CA|CDNS|CELG|CEPH|CHKP|CHRW|CMCSA|COST|CSCO|CTAS|CTSH|CTXS|DELL|DISCA|DISH|DTV|EBAY|ERTS|ESRX|EXPD|EXPE|FAST|FISV|FLEX|FLIR|FMCN|FWLT|GENZ|GILD|GOOG|GRMN|HANS|HOLX|HSIC|IACI|INFY|INTC|INTU|ISRG|JAVA|JNPR|JOYG|KLAC|LAMR|LBTYA|LEAP|LINTA|LLTC|LOGI|LRCX|LVLT|MCHP|MICC|MRVL|MSFT|NIHD|NTAP|NVDA|ORCL|PAYX|PCAR|PDCO|PETM|QCOM|RIMM|RYAAY|SBUX|SHLD|SIAL|SIRI|SNDK|SPLS|SRCL|STLD|STX|SYMC|TEVA|VMED|VRSN|VRTX|WFMI|WYNN|XLNX|XRAY|YHOO,"Apple Inc.|Adobe Systems Incorporated|Autodesk, Inc.|Akamai Technologies, Inc.|Altera Corporation|Applied Materials, Inc.|Amgen Inc.|Amylin Pharmaceuticals, Inc.|Amazon.com, Inc.|Apollo Group, Inc.|Activision Blizzard, Inc|Bed Bath & Beyond Inc.|Baidu.com, Inc.|Biogen Idec Inc|Broadcom Corporation|CA Inc.|Cadence Design Systems, Inc.|Celgene Corporation|Cephalon, Inc.|Check Point Software Technologies Ltd.|C.H. Robinson Worldwide, Inc.|Comcast Corporation|Costco Wholesale Corporation|Cisco Systems, Inc.|Cintas Corporation|Cognizant Technology Solutions Corporation|Citrix Systems, Inc.|Dell Inc.|Discovery Communications, Inc|DISH Network Corporation|The DIRECTV Group, Inc.|eBay Inc.|Electronic Arts Inc.|Express Scripts, Inc.|Expeditors International of Washington, Inc.|Expedia, Inc.|Fastenal Company|Fiserv, Inc.|Flextronics International Ltd.|FLIR Systems, Inc.|Focus Media Holding Limited|Foster Wheeler Ltd.|Genzyme Corporation|Gilead Sciences, Inc.|Google Inc.|Garmin Ltd.|Hansen Natural Corporation|Hologic, Inc.|Henry Schein, Inc.|IAC/InterActiveCorp|Infosys Technologies Limited|Intel Corporation|Intuit Inc.|Intuitive Surgical, Inc.|Sun Microsystems, Inc.|Juniper Networks, Inc.|Joy Global Inc.|KLA-Tencor Corporation|Lamar Advertising Company|Liberty Global, Inc.|Leap Wireless International, Inc.|Liberty Media Corporation|Linear Technology Corporation|Logitech International S.A.|Lam Research Corporation|Level 3 Communications, Inc.|Microchip Technology Incorporated|Millicom International Cellular S.A.|Marvell Technology Group, Ltd.|Microsoft Corporation|NII Holdings, Inc.|NetApp, Inc.|NVIDIA Corporation|Oracle Corporation|Paychex, Inc.|PACCAR Inc.|Patterson Companies Inc.|PetSmart, Inc|QUALCOMM Incorporated|Research In Motion Limited|Ryanair Holdings plc|Starbucks Corporation|Sears Holdings Corporation|Sigma-Aldrich Corporation|Sirius XM Radio Inc.|SanDisk Corporation|Staples, Inc.|Stericycle, Inc.|Steel Dynamics, Inc.|Seagate Technology Holdings|Symantec Corporation|Teva Pharmaceutical Industries Limited|Virgin Media Inc.|VeriSign, Inc.|Vertex Pharmaceuticals Incorporated|Whole Foods Market, Inc.|Wynn Resorts, Limited|Xilinx, Inc.|DENTSPLY International Inc.|Yahoo! Inc."
2008-12-22,2009-01-16,100,AAPL|ADBE|ADP|ADSK|AKAM|ALTR|AMAT|AMGN|AMZN|APOL|ATVI|BBBY|BIDU|BIIB|BRCM|CA|CELG|CEPH|CHKP|CHRW|CMCSA|COST|CSCO|CTAS|CTSH|CTXS|DELL|DISH|DTV|EBAY|ERTS|ESRX|EXPD|EXPE|FAST|FISV|FLEX|FLIR|FMCN|FSLR|FWLT|GENZ|GILD|GOOG|GRMN|HANS|HOLX|HSIC|IACI|ILMN|INFY|INTC|INTU|ISRG|JAVA|JBHT|JNPR|JOYG|KLAC|LBTYA|LIFE|LINTA|LLTC|LOGI|LRCX|MCHP|MICC|MRVL|MSFT|MXIM|NIHD|NTAP|NVDA|ORCL|ORLY|PAYX|PCAR|PDCO|PPDI|QCOM|RIMM|ROST|RYAAY|SBUX|SHLD|SIAL|SPLS|SRCL|STLD|STX|SYMC|TEVA|URBN|VRSN|VRTX|WCRX|WYNN|XLNX|XRAY|YHOO,"APPLE INC                     |ADOBE SYSTEMS INC ##          |AUTOMATIC DATA PROCS          |AUTODESK INC      ##          |AKAMAI TECH INC   ##          |ALTERA CP         ##          |APPLIED MATERIALS ##          |AMGEN             ##          |AMAZON.COM INC    ##          |APOLLO GP INC A   ##          |ACTIVISION BLIZZARD           |BED BATH & BEYOND ##          |BAIDU.COM, INC.               |BIOGEN IDEC INC               |BROADCOM CORP CL A##          |CA INC                        |CELGENE CP        ##          |CEPHALON INC      ##          |CHECK POINT SOFTWA##          |C.H. ROBINSON WW              |COMCAST CP A      ##          |COSTCO WHOLESALE C##          |CISCO SYS INC     ##          |CINTAS CP         ##          |COGNIZANT TECH SOL##          |CITRIX SYSTEMS    ##          |DELL INC          ##          |DISH NETWORK CORP##           |THE DIRECTV GROUP I           |EBAY INC          ##          |ELECTRONIC ARTS   ##          |EXPRESS SCRIPTS CO##          |EXPEDITORS INTL   ##          |EXPEDIA, INC.                 |FASTENAL CO       ##          |FISERV INC        ##          |FLEXTRONICS INTL  ##          |F L I R SYSTEMS IN##          |FOCUS MEDIA HOLDING           |FIRST SOLAR, INC.             |FOSTER WHEELER                |GENZYME CORPORATION           |GILEAD SCIENCES   ##          |GOOGLE                        |GARMIN LTD        ##          |HANSEN NATURAL COR            |HOLOGIC INC       ##          |HENRY SCHEIN INC  ##          |IAC/INTERACTIVE               |ILLUMINA INC      ##          |INFOSYS TECHN ADS ##          |INTEL CP          ##          |INTUIT INC        ##          |INTUITIVE SURG INC##          |SUN MICROSYSTEMS INC          |J B HUNT TRANS    ##          |JUNIPER NETWORKS  ##          |JOY GLOBAL INC    ##          |K L A-TENCOR CP   ##          |LIBERTY GLOBAL CL-A           |LIFE TECHNOLOGIES             |LIBERTY MED INT A             |LINEAR TECHNOLOGY ##          |LOGITECH INT SA               |LAM RESEARCH CP   ##          |MICROCHIP TECH    ##          |MILLICOM INTL CELL##          |MARVELL TECH GROUP##          |MICROSOFT CP      ##          |MAXIM INTEGRATED  #           |NII HLDGS INC     ##          |NETAPP INC                    |NVIDIA CORP       ##          |ORACLE CORP       ##          |O'REILLY AUTO     ##          |PAYCHEX INC       ##          |PACCAR INC        ##          |PATTERSON COMPANIES           |PHARM PROD DEV    ##          |QUALCOMM INC                  |RESEARCH IN MOTION##          |ROSS STORES INC   ##          |RYANAIR HLDGS ADR ##          |STARBUCKS CP      ##          |SEARS HLDGS CORP              |SIGMA ALDRICH CP  ##          |STAPLES INC       ##          |STERICYCLE INC    ##          |STEEL DYNAMICS    ##          |SEAGATE TECHNOLOGY            |SYMANTEC CP       ##          |TEVA PHARM INDS AD##          |URBAN OUTFITTERS I##          |VERISIGN INC      ##          |VERTEX PHARMACEUT ##          |WARNER CHILCOTT LTD           |WYNN RESORTS LTD  ##          |XILINX INC        ##          |DENTSPLY INTL INC ##          |YAHOO INC         ##          "
2009-01-20,2009-07-16,100,AAPL|ADBE|ADP|ADSK|AKAM|ALTR|AMAT|AMGN|AMZN|APOL|ATVI|BBBY|BIDU|BIIB|BRCM|CA|CELG|CEPH|CHKP|CHRW|CMCSA|COST|CSCO|CTAS|CTSH|CTXS|DELL|DISH|DTV|EBAY|ERTS|ESRX|EXPD|EXPE|FAST|FISV|FLEX|FLIR|FSLR|FWLT|GENZ|GILD|GOOG|GRMN|HANS|HOLX|HSIC|IACI|ILMN|INFY|INTC|INTU|ISRG|JAVA|JBHT|JNPR|JOYG|KLAC|LBTYA|LIFE|LINTA|LLTC|LOGI|LRCX|MCHP|MICC|MRVL|MSFT|MXIM|NIHD|NTAP|NVDA|NWSA|ORCL|ORLY|PAYX|PCAR|PDCO|PPDI|QCOM|RIMM|ROST|RYAAY|SBUX|SHLD|SIAL|SPLS|SRCL|STLD|STX|SYMC|TEVA|URBN|VRSN|VRTX|WCRX|WYNN|XLNX|XRAY|YHOO,"APPLE INC                     |ADOBE SYSTEMS INC ##          |AUTOMATIC DATA PROCS          |AUTODESK INC      ##          |AKAMAI TECH INC   ##          |ALTERA CP         ##          |APPLIED MATERIALS ##          |AMGEN             ##          |AMAZON.COM INC    ##          |APOLLO GP INC A   ##          |ACTIVISION BLIZZARD           |BED BATH & BEYOND ##          |BAIDU INC                     |BIOGEN IDEC INC               |BROADCOM CORP CL A##          |CA INC                        |CELGENE CP        ##          |CEPHALON INC      ##          |CHECK POINT SOFTWA##          |C.H. ROBINSON WW              |COMCAST CP A      ##          |COSTCO WHOLESALE C##          |CISCO SYS INC     ##          |CINTAS CP         ##          |COGNIZANT TECH SOL##          |CITRIX SYSTEMS    ##          |DELL INC          ##          |DISH NETWORK CORP##           |THE DIRECTV GROUP I           |EBAY INC          ##          |ELECTRONIC ARTS   ##          |EXPRESS SCRIPTS CO##          |EXPEDITORS INTL   ##          |EXPEDIA, INC.                 |FASTENAL CO       ##          |FISERV INC        ##          |FLEXTRONICS INTL  ##          |F L I R SYSTEMS IN##          |FIRST SOLAR, INC.             |FOSTER WHEELER                |GENZYME CORPORATION           |GILEAD SCIENCES   ##          |GOOGLE                        |GARMIN LTD        ##          |HANSEN NATURAL COR            |HOLOGIC INC       ##          |HENRY SCHEIN INC  ##          |IAC/INTERACTIVE               |ILLUMINA INC      ##          |INFOSYS TECHN ADS ##          |INTEL CP          ##          |INTUIT INC        ##          |INTUITIVE SURG INC##          |SUN MICROSYSTEMS INC          |J B HUNT TRANS    ##          |JUNIPER NETWORKS  ##          |JOY GLOBAL INC    ##          |K L A-TENCOR CP   ##          |LIBERTY GLOBAL CL-A           |LIFE TECHNOLOGIES             |LIBERTY MED INT A             |LINEAR TECHNOLOGY ##          |LOGITECH INT SA               |LAM RESEARCH CP   ##          |MICROCHIP TECH    ##          |MILLICOM INTL CELL##          |MARVELL TECH GROUP##          |MICROSOFT CP      ##          |MAXIM INTEGRATED  #           |NII HLDGS INC     ##          |NETAPP INC                    |NVIDIA CORP       ##          |NEWS CORP CL A                |ORACLE CORP       ##          |O'REILLY AUTO     ##          |PAYCHEX INC       ##          |PACCAR INC        ##          |PATTERSON COMPANIES           |PHARM PROD DEV    ##          |QUALCOMM INC                  |RESEARCH IN MOTION##          |ROSS STORES INC   ##          |RYANAIR HLDGS ADR ##          |STARBUCKS CP      ##          |SEARS HLDGS CORP              |SIGMA ALDRICH CP  ##          |STAPLES INC       ##          |STERICYCLE INC    ##          |STEEL DYNAMICS    ##          |SEAGATE TECHNOLOGY            |SYMANTEC CP       ##          |TEVA PHARM INDS AD##          |URBAN OUTFITTERS I##          |VERISIGN INC      ##          |VERTEX PHARMACEUT ##          |WARNER CHILCOTT LTD           |WYNN RESORTS LTD  ##          |XILINX INC        ##          |DENTSPLY INTL INC ##          |YAHOO INC         ##          "
2009-07-17,2009-10-28,100,AAPL|ADBE|ADP|ADSK|AKAM|ALTR|AMAT|AMGN|AMZN|APOL|ATVI|BBBY|BIDU|BIIB|BRCM|CA|CELG|CEPH|CERN|CHKP|CHRW|CMCSA|COST|CSCO|CTAS|CTSH|CTXS|DELL|DISH|DTV|EBAY|ERTS|ESRX|EXPD|EXPE|FAST|FISV|FLEX|FLIR|FSLR|FWLT|GENZ|GILD|GOOG|GRMN|HANS|HOLX|HSIC|IACI|ILMN|INFY|INTC|INTU|ISRG|JBHT|JNPR|JOYG|KLAC|LBTYA|LIFE|LINTA|LLTC|LOGI|LRCX|MCHP|MICC|MRVL|MSFT|MXIM|NIHD|NTAP|NVDA|NWSA|ORCL|ORLY|PAYX|PCAR|PDCO|PPDI|QCOM|RIMM|ROST|RYAAY|SBUX|SHLD|SIAL|SPLS|SRCL|STLD|STX|SYMC|TEVA|URBN|VRSN|VRTX|WCRX|WYNN|XLNX|XRAY|YHOO,"APPLE INC                     |ADOBE SYSTEMS INC ##          |AUTOMATIC DATA PROCS          |AUTODESK INC      ##          |AKAMAI TECHNOLOGIES           |ALTERA CP         ##          |APPLIED MATERIALS ##          |AMGEN             ##          |AMAZON.COM INC                |APOLLO GP INC A   ##          |ACTIVISION BLIZZARD           |BED BATH & BEYOND ##          |BAIDU INC                     |BIOGEN IDEC INC               |BROADCOM CORP CL A##          |CA INC                        |CELGENE CP        ##          |CEPHALON INC      ##          |CERNER CP         ##          |CHECK POINT SOFTWA##          |C.H. ROBINSON WW              |COMCAST CP A      ##          |COSTCO WHOLESALE C##          |CISCO SYS INC     ##          |CINTAS CP         ##          |COGNIZANT TECH SOL##          |CITRIX SYSTEMS    ##          |DELL INC          ##          |DISH NETWORK CORP##           |THE DIRECTV GROUP I           |EBAY INC          ##          |ELECTRONIC ARTS   ##          |EXPRESS SCRIPTS CO##          |EXPEDITORS INTL   ##          |EXPEDIA, INC.                 |FASTENAL CO       ##          |FISERV INC        ##          |FLEXTRONICS INTL  ##          |F L I R SYSTEMS IN##          |FIRST SOLAR, INC.             |FOSTER WHEELER AG             |GENZYME CORPORATION           |GILEAD SCIENCES   ##          |GOOGLE                        |GARMIN LTD        ##          |HANSEN NATURAL COR            |HOLOGIC INC       ##          |HENRY SCHEIN INC  ##          |IAC/INTERACTIVE               |ILLUMINA INC      ##          |INFOSYS TECHN ADS ##          |INTEL CP          ##          |INTUIT INC        ##          |INTUITIVE SURG INC##          |J B HUNT TRANS    ##          |JUNIPER NETWORKS  ##          |JOY GLOBAL INC    ##          |K L A-TENCOR CP   ##          |LIBERTY GLOBAL CL-A           |LIFE TECHNOLOGIES             |LIBERTY MED INT A             |LINEAR TECHNOLOGY ##          |LOGITECH INT SA               |LAM RESEARCH CP   ##          |MICROCHIP TECH    ##          |MILLICOM INTL CELL##          |MARVELL TECH GROUP##          |MICROSOFT CP      ##          |MAXIM INTEGRATED  #           |NII HLDGS INC     ##          |NETAPP INC                    |NVIDIA CORP       ##          |NEWS CORP CL A                |ORACLE CORP       ##          |O'REILLY AUTO     ##          |PAYCHEX INC       ##          |PACCAR INC        ##          |PATTERSON COMPANIES           |PHARM PROD DEV    ##          |QUALCOMM INC                  |RESEARCH IN MOTION##          |ROSS STORES INC   ##          |RYANAIR HLDGS ADR ##          |STARBUCKS CP      ##          |SEARS HLDGS CORP              |SIGMA ALDRICH CP  ##          |STAPLES INC       ##          |STERICYCLE INC    ##          |STEEL DYNAMICS    ##          |SEAGATE TECHNOLOGY            |SYMANTEC CP       ##          |TEVA PHARM INDS AD##          |URBAN OUTFITTERS I##          |VERISIGN INC      ##          |VERTEX PHARMACEUT ##          |WARNER CHILCOTT LTD           |WYNN RESORTS LTD  ##          |XILINX INC        ##          |DENTSPLY INTL INC ##          |YAHOO INC         ##          "
2009-10-29,2009-12-18,100,AAPL|ADBE|ADP|ADSK|AKAM|ALTR|AMAT|AMGN|AMZN|APOL|ATVI|BBBY|BIDU|BIIB|BRCM|CA|CELG|CEPH|CERN|CHKP|CHRW|CMCSA|COST|CSCO|CTAS|CTSH|CTXS|DELL|DISH|DTV|EBAY|ERTS|ESRX|EXPD|EXPE|FAST|FISV|FLEX|FLIR|FSLR|FWLT|GENZ|GILD|GOOG|GRMN|HANS|HOLX|HSIC|IACI|ILMN|INFY|INTC|INTU|ISRG|JBHT|JOYG|KLAC|LBTYA|LIFE|LINTA|LLTC|LOGI|LRCX|MCHP|MICC|MRVL|MSFT|MXIM|NIHD|NTAP|NVDA|NWSA|ORCL|ORLY|PAYX|PCAR|PCLN|PDCO|PPDI|QCOM|RIMM|ROST|RYAAY|SBUX|SHLD|SIAL|SPLS|SRCL|STLD|STX|SYMC|TEVA|URBN|VRSN|VRTX|WCRX|WYNN|XLNX|XRAY|YHOO,"APPLE INC                     |ADOBE SYSTEMS INC ##          |AUTOMATIC DATA PROCS          |AUTODESK INC      ##          |AKAMAI TECHNOLOGIES           |ALTERA CP         ##          |APPLIED MATERIALS ##          |AMGEN             ##          |AMAZON.COM INC                |APOLLO GP INC A   ##          |ACTIVISION BLIZZARD           |BED BATH & BEYOND ##          |BAIDU, INC.                   |BIOGEN IDEC INC               |BROADCOM CORP CL A##          |CA INC                        |CELGENE CP        ##          |CEPHALON INC      ##          |CERNER CP         ##          |CHECK POINT SOFTWA##          |C.H. ROBINSON WW              |COMCAST CP A      ##          |COSTCO WHOLESALE C##          |CISCO SYS INC     ##          |CINTAS CP         ##          |COGNIZANT TECH SOL##          |CITRIX SYSTEMS    ##          |DELL INC          ##          |DISH NETWORK CORP##           |THE DIRECTV GROUP I           |EBAY INC.                     |ELECTRONIC ARTS   ##          |EXPRESS SCRIPTS CO##          |EXPEDITORS INTL   ##          |EXPEDIA, INC.                 |FASTENAL CO       ##          |FISERV INC        ##          |FLEXTRONICS INTL  ##          |F L I R SYSTEMS IN##          |FIRST SOLAR, INC.             |FOSTER WHEELER AG             |GENZYME CORPORATION           |GILEAD SCIENCES   ##          |GOOGLE INC.                   |GARMIN LTD        ##          |HANSEN NATURAL COR            |HOLOGIC INC       ##          |HENRY SCHEIN INC  ##          |IAC/INTERACTIVE               |ILLUMINA INC      ##          |INFOSYS TECHN ADS ##          |INTEL CP          ##          |INTUIT INC        ##          |INTUITIVE SURG INC##          |J B HUNT TRANS    ##          |JOY GLOBAL INC    ##          |K L A-TENCOR CP   ##          |LIBERTY GLOBAL CL-A           |LIFE TECHNOLOGIES             |LIBERTY MED INT A             |LINEAR TECHNOLOGY ##          |LOGITECH INT SA               |LAM RESEARCH CP   ##          |MICROCHIP TECH    ##          |MILLICOM INTL CELL##          |MARVELL TECH GROUP##          |MICROSOFT CP      ##          |MAXIM INTEGRATED  #           |NII HLDGS INC     ##          |NETAPP INC                    |NVIDIA CORP       ##          |NEWS CORP CL A                |ORACLE CORP       ##          |O'REILLY AUTO     ##          |PAYCHEX INC       ##          |PACCAR INC        ##          |PRICELINE.COM INC ##          |PATTERSON COMPANIES           |PHARM PROD DEV    ##          |QUALCOMM INC                  |RESEARCH IN MOTION##          |ROSS STORES INC   ##          |RYANAIR HLDGS ADR ##          |STARBUCKS CP      ##          |SEARS HLDGS CORP              |SIGMA ALDRICH CP  ##          |STAPLES INC       ##          |STERICYCLE INC    ##          |STEEL DYNAMICS    ##          |SEAGATE TECHNOLOGY            |SYMANTEC CP       ##          |TEVA PHARM INDS AD##          |URBAN OUTFITTERS I##          |VERISIGN INC      ##          |VERTEX PHARMACEUT ##          |WARNER CHILCOTT PLC           |WYNN RESORTS LTD  ##          |XILINX INC        ##          |DENTSPLY INTL INC ##          |YAHOO INC         ##          "
2009-12-21,2010-12-17,100,AAPL|ADBE|ADP|ADSK|ALTR|AMAT|AMGN|AMZN|APOL|ATVI|BBBY|BIDU|BIIB|BMC|BRCM|CA|CELG|CEPH|CERN|CHKP|CHRW|CMCSA|COST|CSCO|CTAS|CTSH|CTXS|DELL|DISH|DTV|EBAY|ERTS|ESRX|EXPD|EXPE|FAST|FISV|FLEX|FLIR|FSLR|FWLT|GENZ|GILD|GOOG|GRMN|HOLX|HSIC|ILMN|INFY|INTC|INTU|ISRG|JBHT|JOYG|KLAC|LIFE|LINTA|LLTC|LOGI|LRCX|MAT|MCHP|MICC|MRVL|MSFT|MXIM|MYL|NIHD|NTAP|NVDA|NWSA|ORCL|ORLY|PAYX|PCAR|PCLN|PDCO|QCOM|QGEN|RIMM|ROST|SBUX|SHLD|SIAL|SNDK|SPLS|SRCL|STX|SYMC|TEVA|URBN|VMED|VOD|VRSN|VRTX|WCRX|WYNN|XLNX|XRAY|YHOO,"APPLE INC                     |ADOBE SYSTEMS INC ##          |AUTOMATIC DATA PROCS          |AUTODESK INC      ##          |ALTERA CP         ##          |APPLIED MATERIALS ##          |AMGEN             ##          |AMAZON.COM INC                |APOLLO GP INC A   ##          |ACTIVISION BLIZZARD           |BED BATH & BEYOND ##          |BAIDU, INC.                   |BIOGEN IDEC INC               |BMC SOFTWARE INC              |BROADCOM CORP CL A##          |CA INC                        |CELGENE CP        ##          |CEPHALON INC      ##          |CERNER CP         ##          |CHECK POINT SOFTWA##          |C.H. ROBINSON WW              |COMCAST CP A      ##          |COSTCO WHOLESALE C##          |CISCO SYS INC     ##          |CINTAS CP         ##          |COGNIZANT TECH SOL##          |CITRIX SYSTEMS    ##          |DELL INC          ##          |DISH NETWORK CORP##           |DIRECTV CLASS A               |EBAY INC.                     |ELECTRONIC ARTS   ##          |EXPRESS SCRIPTS CO##          |EXPEDITORS INTL   ##          |EXPEDIA, INC.                 |FASTENAL CO       ##          |FISERV INC        ##          |FLEXTRONICS INTL  ##          |F L I R SYSTEMS IN##          |FIRST SOLAR, INC.             |FOSTER WHEELER AG             |GENZYME CORPORATION           |GILEAD SCIENCES   ##          |GOOGLE INC.                   |GARMIN LTD        ##          |HOLOGIC INC       ##          |HENRY SCHEIN INC  ##          |ILLUMINA INC      ##          |INFOSYS TECHN ADS ##          |INTEL CP          ##          |INTUIT INC        ##          |INTUITIVE SURG INC##          |J B HUNT TRANS    ##          |JOY GLOBAL INC    ##          |K L A-TENCOR CP   ##          |LIFE TECHNOLOGIES             |LIBERTY MED INT A             |LINEAR TECHNOLOGY ##          |LOGITECH INT SA               |LAM RESEARCH CP   ##          |MATTEL INC                    |MICROCHIP TECH    ##          |MILLICOM INTL CELL##          |MARVELL TECH GROUP##          |MICROSOFT CP      ##          |MAXIM INTEGRATED  #           |MYLAN INC                     |NII HLDGS INC     ##          |NETAPP INC                    |NVIDIA CORP       ##          |NEWS CORP CL A                |ORACLE CORP       ##          |O'REILLY AUTO     ##          |PAYCHEX INC       ##          |PACCAR INC        ##          |PRICELINE.COM INC ##          |PATTERSON COMPANIES           |QUALCOMM INC                  |QIAGEN N.V.                   |RESEARCH IN MOTION##          |ROSS STORES INC   ##          |STARBUCKS CP      ##          |SEARS HLDGS CORP              |SIGMA ALDRICH CP  ##          |SANDISK CP        ##          |STAPLES INC       ##          |STERICYCLE INC    ##          |SEAGATE TECHNOLOGY            |SYMANTEC CP       ##          |TEVA PHARM INDS AD##          |URBAN OUTFITTERS I##          |VIRGIN MEDIA INC              |VODAFONE GROUP PLC            |VERISIGN INC      ##          |VERTEX PHARMACEUT ##          |WARNER CHILCOTT PLC           |WYNN RESORTS LTD  ##          |XILINX INC        ##          |DENTSPLY INTL INC ##          |YAHOO INC         ##          "
2010-12-20,2011-04-01,100,AAPL|ADBE|ADP|ADSK|AKAM|ALTR|AMAT|AMGN|AMZN|APOL|ATVI|BBBY|BIDU|BIIB|BMC|BRCM|CA|CELG|CEPH|CERN|CHKP|CHRW|CMCSA|COST|CSCO|CTRP|CTSH|CTXS|DELL|DLTR|DTV|EBAY|ERTS|ESRX|EXPD|EXPE|FAST|FFIV|FISV|FLEX|FLIR|FSLR|GENZ|GILD|GOOG|GRMN|HSIC|ILMN|INFY|INTC|INTU|ISRG|JOYG|KLAC|LIFE|LINTA|LLTC|LRCX|MAT|MCHP|MICC|MRVL|MSFT|MU|MXIM|MYL|NFLX|NIHD|NTAP|NVDA|NWSA|ORCL|ORLY|PAYX|PCAR|PCLN|QCOM|QGEN|RIMM|ROST|SBUX|SHLD|SIAL|SNDK|SPLS|SRCL|STX|SYMC|TEVA|URBN|VMED|VOD|VRSN|VRTX|WCRX|WFMI|WYNN|XLNX|XRAY|YHOO,"APPLE INC                     |ADOBE SYSTEMS INC             |AUTOMATIC DATA PROCS          |AUTODESK INC                  |AKAMAI TECHNOLOGIES           |ALTERA CORP                   |APPLIED MATERIALS             |AMGEN                         |AMAZON.COM INC                |APOLLO GP INC A               |ACTIVISION BLIZZARD           |BED BATH & BEYOND             |BAIDU, INC.                   |BIOGEN IDEC INC               |BMC SOFTWARE INC              |BROADCOM CORP                 |CA INC                        |CELGENE CORP                  |CEPHALON INC                  |CERNER CORP                   |CHECK POINT SOFTWARE          |C.H. ROBINSON WW              |COMCAST CORP A                |COSTCO WHOLESALE              |CISCO SYSTEMS INC             |CTRIP.COM INTL LTD            |COGNIZANT TECH SOL            |CITRIX SYSTEMS INC            |DELL INC                      |DOLLAR TREE INC               |DIRECTV CLASS A               |EBAY INC.                     |ELECTRONIC ARTS INC           |EXPRESS SCRIPTS INC           |EXPEDITORS INTL               |EXPEDIA, INC.                 |FASTENAL CO                   |F5 NETWORKS, INC.             |FISERV, INC.                  |FLEXTRONICS INTL LTD          |FLIR SYSTEMS, INC.            |FIRST SOLAR, INC.             |GENZYME CORPORATION           |GILEAD SCIENCES, INC          |GOOGLE INC.                   |GARMIN LTD                    |HENRY SCHEIN, INC.            |ILLUMINA, INC.                |INFOSYS TECH LTD              |INTEL CORP                    |INTUIT INC                    |INTUITIVE SURG, INC.          |JOY GLOBAL INC                |K L A-TENCOR CORP             |LIFE TECHNOLOGIES             |LIBERTY MED INT A             |LINEAR TECHNOLOGY             |LAM RESEARCH CORP             |MATTEL INC                    |MICROCHIP TECHNOLOGY          |MILLICOM INTL CELL            |MARVELL TECH GROUP            |MICROSOFT CORP                |MICRON TECHNOLOGY             |MAXIM INTEGRATED              |MYLAN INC                     |NETFLIX, INC.                 |NII HOLDINGS, INC.            |NETAPP, INC.                  |NVIDIA CORPORATION            |NEWS CORP CL A                |ORACLE CORPORATION            |O'REILLY AUTOMOTIVE           |PAYCHEX, INC.                 |PACCAR INC.                   |PRICELINE.COM INC             |QUALCOMM INC                  |QIAGEN N.V.                   |RESEARCH IN MOTION            |ROSS STORES, INC.             |STARBUCKS CORP                |SEARS HLDGS CORP              |SIGMA ALDRICH CORP            |SANDISK CORPORATION           |STAPLES, INC.                 |STERICYCLE, INC.              |SEAGATE TECHNOLOGY            |SYMANTEC CORPORATION          |TEVA PHARM INDS LTD           |URBAN OUTFITTERS INC          |VIRGIN MEDIA INC              |VODAFONE GROUP PLC            |VERISIGN, INC.                |VERTEX PHARMACEUTIC           |WARNER CHILCOTT PLC           |WHOLE FOODS MARKET INC        |WYNN RESORTS LIMITED          |XILINX, INC.                  |DENTSPLY INTL INC             |YAHOO! INC.                   "
2011-04-04,2011-05-05,100,AAPL|ADBE|ADP|ADSK|AKAM|ALTR|ALXN|AMAT|AMGN|AMZN|APOL|ATVI|BBBY|BIDU|BIIB|BMC|BRCM|CA|CELG|CEPH|CERN|CHKP|CHRW|CMCSA|COST|CSCO|CTRP|CTSH|CTXS|DELL|DLTR|DTV|EBAY|ERTS|ESRX|EXPD|EXPE|FAST|FFIV|FISV|FLEX|FLIR|FSLR|GILD|GOOG|GRMN|HSIC|ILMN|INFY|INTC|INTU|ISRG|JOYG|KLAC|LIFE|LINTA|LLTC|LRCX|MAT|MCHP|MICC|MRVL|MSFT|MU|MXIM|MYL|NFLX|NIHD|NTAP|NVDA|NWSA|ORCL|ORLY|PAYX|PCAR|PCLN|QCOM|QGEN|RIMM|ROST|SBUX|SHLD|SIAL|SNDK|SPLS|SRCL|STX|SYMC|TEVA|URBN|VMED|VOD|VRSN|VRTX|WCRX|WFMI|WYNN|XLNX|XRAY|YHOO,"APPLE INC                     |ADOBE SYSTEMS INC             |AUTOMATIC DATA PROCS          |AUTODESK INC                  |AKAMAI TECHNOLOGIES           |ALTERA CORP                   |ALEXION PHARM INC             |APPLIED MATERIALS             |AMGEN                         |AMAZON.COM INC                |APOLLO GP INC A               |ACTIVISION BLIZZARD           |BED BATH & BEYOND             |BAIDU, INC.                   |BIOGEN IDEC INC               |BMC SOFTWARE INC              |BROADCOM CORP                 |CA INC                        |CELGENE CORP                  |CEPHALON INC                  |CERNER CORP                   |CHECK POINT SOFTWARE          |C.H. ROBINSON WW              |COMCAST CORP A                |COSTCO WHOLESALE              |CISCO SYSTEMS INC             |CTRIP.COM INTL LTD            |COGNIZANT TECH SOL            |CITRIX SYSTEMS INC            |DELL INC                      |DOLLAR TREE INC               |DIRECTV CLASS A               |EBAY INC.                     |ELECTRONIC ARTS INC           |EXPRESS SCRIPTS INC           |EXPEDITORS INTL               |EXPEDIA, INC.                 |FASTENAL CO                   |F5 NETWORKS, INC.             |FISERV, INC.                  |FLEXTRONICS INTL LTD          |FLIR SYSTEMS, INC.            |FIRST SOLAR, INC.             |GILEAD SCIENCES, INC          |GOOGLE INC.                   |GARMIN LTD                    |HENRY SCHEIN, INC.            |ILLUMINA, INC.                |INFOSYS TECH LTD              |INTEL CORP                    |INTUIT INC                    |INTUITIVE SURG, INC.          |JOY GLOBAL INC                |K L A-TENCOR CORP             |LIFE TECHNOLOGIES             |LIBERTY MED INT A             |LINEAR TECHNOLOGY             |LAM RESEARCH CORP             |MATTEL INC                    |MICROCHIP TECHNOLOGY          |MILLICOM INTL CELL            |MARVELL TECH GROUP            |MICROSOFT CORP                |MICRON TECHNOLOGY             |MAXIM INTEGRATED              |MYLAN INC                     |NETFLIX, INC.                 |NII HOLDINGS, INC.            |NETAPP, INC.                  |NVIDIA CORPORATION            |NEWS CORP CL A                |ORACLE CORPORATION            |O'REILLY AUTOMOTIVE           |PAYCHEX, INC.                 |PACCAR INC.                   |PRICELINE.COM INC             |QUALCOMM INC                  |QIAGEN N.V.                   |RESEARCH IN MOTION            |ROSS STORES, INC.             |STARBUCKS CORP                |SEARS HLDGS CORP              |SIGMA ALDRICH CORP            |SANDISK CORPORATION           |STAPLES, INC.                 |STERICYCLE, INC.              |SEAGATE TECHNOLOGY            |SYMANTEC CORPORATION          |TEVA PHARM INDS LTD           |URBAN OUTFITTERS INC          |VIRGIN MEDIA INC              |VODAFONE GROUP PLC            |VERISIGN, INC.                |VERTEX PHARMACEUTIC           |WARNER CHILCOTT PLC           |WHOLE FOODS MARKET            |WYNN RESORTS LIMITED          |XILINX, INC.                  |DENTSPLY INTL INC             |YAHOO! INC.                   "
2011-05-06,2011-05-26,100,AAPL|ADBE|ADP|ADSK|AKAM|ALTR|ALXN|AMAT|AMGN|AMZN|APOL|ATVI|BBBY|BIDU|BIIB|BMC|BRCM|CA|CELG|CEPH|CERN|CHKP|CHRW|CMCSA|COST|CSCO|CTRP|CTSH|CTXS|DELL|DLTR|DTV|EBAY|ERTS|ESRX|EXPD|EXPE|FAST|FFIV|FISV|FLEX|FLIR|FSLR|GILD|GOOG|GRMN|HSIC|ILMN|INFY|INTC|INTU|ISRG|JOYG|KLAC|LIFE|LINTA|LLTC|LRCX|MAT|MCHP|MICC|MRVL|MSFT|MU|MXIM|MYL|NFLX|NIHD|NTAP|NVDA|NWSA|ORCL|ORLY|PAYX|PCAR|PCLN|QCOM|QGEN|RIMM|ROST|SBUX|SHLD|SIAL|SNDK|SPLS|SRCL|STX|SYMC|TEVA|URBN|VMED|VOD|VRSN|VRTX|WCRX|WFM|WYNN|XLNX|XRAY|YHOO,"APPLE INC                     |ADOBE SYSTEMS INC             |AUTOMATIC DATA PROCS          |AUTODESK INC                  |AKAMAI TECHNOLOGIES           |ALTERA CORP                   |ALEXION PHARM INC             |APPLIED MATERIALS             |AMGEN                         |AMAZON.COM INC                |APOLLO GP INC A               |ACTIVISION BLIZZARD           |BED BATH & BEYOND             |BAIDU, INC.                   |BIOGEN IDEC INC               |BMC SOFTWARE INC              |BROADCOM CORP                 |CA INC                        |CELGENE CORP                  |CEPHALON INC                  |CERNER CORP                   |CHECK POINT SOFTWARE          |C.H. ROBINSON WW              |COMCAST CORP A                |COSTCO WHOLESALE              |CISCO SYSTEMS INC             |CTRIP.COM INTL LTD            |COGNIZANT TECH SOL            |CITRIX SYSTEMS INC            |DELL INC                      |DOLLAR TREE INC               |DIRECTV CLASS A               |EBAY INC.                     |ELECTRONIC ARTS INC           |EXPRESS SCRIPTS INC           |EXPEDITORS INTL               |EXPEDIA, INC.                 |FASTENAL CO                   |F5 NETWORKS, INC.             |FISERV, INC.                  |FLEXTRONICS INTL LTD          |FLIR SYSTEMS, INC.            |FIRST SOLAR, INC.             |GILEAD SCIENCES, INC          |GOOGLE INC.                   |GARMIN LTD                    |HENRY SCHEIN, INC.            |ILLUMINA, INC.                |INFOSYS TECH LTD              |INTEL CORP                    |INTUIT INC                    |INTUITIVE SURG, INC.          |JOY GLOBAL INC                |K L A-TENCOR CORP             |LIFE TECHNOLOGIES             |LIBERTY MED INT A             |LINEAR TECHNOLOGY             |LAM RESEARCH CORP             |MATTEL INC                    |MICROCHIP TECHNOLOGY          |MILLICOM INTL CELL            |MARVELL TECH GROUP            |MICROSOFT CORP                |MICRON TECHNOLOGY             |MAXIM INTEGRATED              |MYLAN INC                     |NETFLIX, INC.                 |NII HOLDINGS, INC.            |NETAPP, INC.                  |NVIDIA CORPORATION            |NEWS CORP CL A                |ORACLE CORPORATION            |O'REILLY AUTOMOTIVE           |PAYCHEX, INC.                 |PACCAR INC.                   |PRICELINE.COM INC             |QUALCOMM INC                  |QIAGEN N.V.                   |RESEARCH IN MOTION            |ROSS STORES, INC.             |STARBUCKS CORP                |SEARS HLDGS CORP              |SIGMA ALDRICH CORP            |SANDISK CORPORATION           |STAPLES, INC.                 |STERICYCLE, INC.              |SEAGATE TECHNOLOGY            |SYMANTEC CORPORATION          |TEVA PHARM INDS LTD           |URBAN OUTFITTERS INC          |VIRGIN MEDIA INC              |VODAFONE GROUP PLC            |VERISIGN, INC.                |VERTEX PHARMACEUTIC           |WARNER CHILCOTT PLC           |WHOLE FOODS MARKET            |WYNN RESORTS LIMITED          |XILINX, INC.                  |DENTSPLY INTL INC             |YAHOO! INC.                   "
2011-05-27,2011-07-14,100,AAPL|ADBE|ADP|ADSK|AKAM|ALTR|ALXN|AMAT|AMGN|AMZN|APOL|ATVI|BBBY|BIDU|BIIB|BMC|BRCM|CA|CELG|CEPH|CERN|CHKP|CHRW|CMCSA|COST|CSCO|CTRP|CTSH|CTXS|DELL|DLTR|DTV|EBAY|ERTS|ESRX|EXPD|EXPE|FAST|FFIV|FISV|FLEX|FLIR|FSLR|GILD|GMCR|GOOG|GRMN|HSIC|ILMN|INFY|INTC|INTU|ISRG|JOYG|KLAC|LIFE|LINTA|LLTC|LRCX|MAT|MCHP|MRVL|MSFT|MU|MXIM|MYL|NFLX|NIHD|NTAP|NVDA|NWSA|ORCL|ORLY|PAYX|PCAR|PCLN|QCOM|QGEN|RIMM|ROST|SBUX|SHLD|SIAL|SNDK|SPLS|SRCL|STX|SYMC|TEVA|URBN|VMED|VOD|VRSN|VRTX|WCRX|WFM|WYNN|XLNX|XRAY|YHOO,"APPLE INC                     |ADOBE SYSTEMS INC             |AUTOMATIC DATA PROCS          |AUTODESK INC                  |AKAMAI TECHNOLOGIES           |ALTERA CORP                   |ALEXION PHARM INC             |APPLIED MATERIALS             |AMGEN                         |AMAZON.COM INC                |APOLLO GP INC A               |ACTIVISION BLIZZARD           |BED BATH & BEYOND             |BAIDU, INC.                   |BIOGEN IDEC INC               |BMC SOFTWARE INC              |BROADCOM CORP                 |CA INC                        |CELGENE CORP                  |CEPHALON INC                  |CERNER CORP                   |CHECK POINT SOFTWARE          |C.H. ROBINSON WW              |COMCAST CORP A                |COSTCO WHOLESALE              |CISCO SYSTEMS INC             |CTRIP.COM INTL LTD            |COGNIZANT TECH SOL            |CITRIX SYSTEMS INC            |DELL INC                      |DOLLAR TREE INC               |DIRECTV CLASS A               |EBAY INC.                     |ELECTRONIC ARTS INC           |EXPRESS SCRIPTS INC           |EXPEDITORS INTL               |EXPEDIA, INC.                 |FASTENAL CO                   |F5 NETWORKS, INC.             |FISERV, INC.                  |FLEXTRONICS INTL LTD          |FLIR SYSTEMS, INC.            |FIRST SOLAR, INC.             |GILEAD SCIENCES, INC          |GREEN MT COFFEE RSTR          |GOOGLE INC.                   |GARMIN LTD                    |HENRY SCHEIN, INC.            |ILLUMINA, INC.                |INFOSYS TECH LTD              |INTEL CORP                    |INTUIT INC                    |INTUITIVE SURG, INC.          |JOY GLOBAL INC                |K L A-TENCOR CORP             |LIFE TECHNOLOGIES             |LIBERTY MED INT A             |LINEAR TECHNOLOGY             |LAM RESEARCH CORP             |MATTEL INC                    |MICROCHIP TECHNOLOGY          |MARVELL TECH GROUP            |MICROSOFT CORP                |MICRON TECHNOLOGY             |MAXIM INTEGRATED              |MYLAN INC                     |NETFLIX, INC.                 |NII HOLDINGS, INC.            |NETAPP, INC.                  |NVIDIA CORPORATION            |NEWS CORP CL A                |ORACLE CORPORATION            |O'REILLY AUTOMOTIVE           |PAYCHEX, INC.                 |PACCAR INC.                   |PRICELINE.COM INC             |QUALCOMM INC                  |QIAGEN N.V.                   |RESEARCH IN MOTION            |ROSS STORES, INC.             |STARBUCKS CORP                |SEARS HLDGS CORP              |SIGMA ALDRICH CORP            |SANDISK CORPORATION           |STAPLES, INC.                 |STERICYCLE, INC.              |SEAGATE TECHNOLOGY            |SYMANTEC CORPORATION          |TEVA PHARM INDS LTD           |URBAN OUTFITTERS INC          |VIRGIN MEDIA INC              |VODAFONE GROUP PLC            |VERISIGN, INC.                |VERTEX PHARMACEUTIC           |WARNER CHILCOTT PLC           |WHOLE FOODS MARKET            |WYNN RESORTS LIMITED          |XILINX, INC.                  |DENTSPLY INTL INC             |YAHOO! INC.                   "
2011-07-15,2011-12-05,100,AAPL|ADBE|ADP|ADSK|AKAM|ALTR|ALXN|AMAT|AMGN|AMZN|APOL|ATVI|BBBY|BIDU|BIIB|BMC|BRCM|CA|CELG|CERN|CHKP|CHRW|CMCSA|COST|CSCO|CTRP|CTSH|CTXS|DELL|DLTR|DTV|EBAY|ERTS|ESRX|EXPD|EXPE|FAST|FFIV|FISV|FLEX|FLIR|FSLR|GILD|GMCR|GOOG|GRMN|HSIC|ILMN|INFY|INTC|INTU|ISRG|JOYG|KLAC|LIFE|LINTA|LLTC|LRCX|MAT|MCHP|MRVL|MSFT|MU|MXIM|MYL|NFLX|NIHD|NTAP|NVDA|NWSA|ORCL|ORLY|PAYX|PCAR|PCLN|QCOM|QGEN|RIMM|ROST|SBUX|SHLD|SIAL|SIRI|SNDK|SPLS|SRCL|STX|SYMC|TEVA|URBN|VMED|VOD|VRSN|VRTX|WCRX|WFM|WYNN|XLNX|XRAY|YHOO,"APPLE INC                     |ADOBE SYSTEMS INC             |AUTOMATIC DATA PROCS          |AUTODESK INC                  |AKAMAI TECHNOLOGIES           |ALTERA CORP                   |ALEXION PHARM INC             |APPLIED MATERIALS             |AMGEN                         |AMAZON.COM INC                |APOLLO GP INC A               |ACTIVISION BLIZZARD           |BED BATH & BEYOND             |BAIDU, INC.                   |BIOGEN IDEC INC               |BMC SOFTWARE INC              |BROADCOM CORP                 |CA INC                        |CELGENE CORP                  |CERNER CORP                   |CHECK POINT SOFTWARE          |C.H. ROBINSON WW              |COMCAST CORP A                |COSTCO WHOLESALE              |CISCO SYSTEMS INC             |CTRIP.COM INTL LTD            |COGNIZANT TECH SOL            |CITRIX SYSTEMS INC            |DELL INC                      |DOLLAR TREE INC               |DIRECTV CLASS A               |EBAY INC.                     |ELECTRONIC ARTS INC           |EXPRESS SCRIPTS INC           |EXPEDITORS INTL               |EXPEDIA, INC.                 |FASTENAL CO                   |F5 NETWORKS, INC.             |FISERV, INC.                  |FLEXTRONICS INTL LTD          |FLIR SYSTEMS, INC.            |FIRST SOLAR, INC.             |GILEAD SCIENCES, INC          |GREEN MT COFFEE RSTR          |GOOGLE INC.                   |GARMIN LTD                    |HENRY SCHEIN, INC.            |ILLUMINA, INC.                |INFOSYS LTD ADS               |INTEL CORP                    |INTUIT INC                    |INTUITIVE SURG, INC.          |JOY GLOBAL INC                |K L A-TENCOR CORP             |LIFE TECHNOLOGIES             |LIBERTY MED INT A             |LINEAR TECHNOLOGY             |LAM RESEARCH CORP             |MATTEL INC                    |MICROCHIP TECHNOLOGY          |MARVELL TECH GROUP            |MICROSOFT CORP                |MICRON TECHNOLOGY             |MAXIM INTEGRATED              |MYLAN INC                     |NETFLIX, INC.                 |NII HOLDINGS, INC.            |NETAPP, INC.                  |NVIDIA CORPORATION            |NEWS CORP CL A                |ORACLE CORPORATION            |O'REILLY AUTOMOTIVE           |PAYCHEX, INC.                 |PACCAR INC.                   |PRICELINE.COM INC             |QUALCOMM INC                  |QIAGEN N.V.                   |RESEARCH IN MOTION            |ROSS STORES, INC.             |STARBUCKS CORP                |SEARS HLDGS CORP              |SIGMA ALDRICH CORP            |SIRIUS XM RADIO INC.          |SANDISK CORPORATION           |STAPLES, INC.                 |STERICYCLE, INC.              |SEAGATE TECHNOLOGY            |SYMANTEC CORPORATION          |TEVA PHARM INDS LTD           |URBAN OUTFITTERS INC          |VIRGIN MEDIA INC              |VODAFONE GROUP PLC            |VERISIGN, INC.                |VERTEX PHARMACEUTIC           |WARNER CHILCOTT PLC           |WHOLE FOODS MARKET            |WYNN RESORTS LIMITED          |XILINX, INC.                  |DENTSPLY INTL INC             |YAHOO! INC.                   "
2011-12-06,2011-12-16,100,AAPL|ADBE|ADP|ADSK|AKAM|ALTR|ALXN|AMAT|AMGN|AMZN|APOL|ATVI|BBBY|BIDU|BIIB|BMC|BRCM|CA|CELG|CERN|CHKP|CHRW|CMCSA|COST|CSCO|CTRP|CTSH|CTXS|DELL|DLTR|DTV|EBAY|ERTS|ESRX|EXPD|EXPE|FAST|FFIV|FISV|FLEX|FLIR|FSLR|GILD|GMCR|GOOG|GRMN|HSIC|ILMN|INFY|INTC|INTU|ISRG|KLAC|LIFE|LINTA|LLTC|LRCX|MAT|MCHP|MRVL|MSFT|MU|MXIM|MYL|NFLX|NIHD|NTAP|NVDA|NWSA|ORCL|ORLY|PAYX|PCAR|PCLN|PRGO|QCOM|QGEN|RIMM|ROST|SBUX|SHLD|SIAL|SIRI|SNDK|SPLS|SRCL|STX|SYMC|TEVA|URBN|VMED|VOD|VRSN|VRTX|WCRX|WFM|WYNN|XLNX|XRAY|YHOO,"APPLE INC                     |ADOBE SYSTEMS INC             |AUTOMATIC DATA PROCS          |AUTODESK INC                  |AKAMAI TECHNOLOGIES           |ALTERA CORP                   |ALEXION PHARM INC             |APPLIED MATERIALS             |AMGEN                         |AMAZON.COM INC                |APOLLO GP INC A               |ACTIVISION BLIZZARD           |BED BATH & BEYOND             |BAIDU, INC.                   |BIOGEN IDEC INC               |BMC SOFTWARE INC              |BROADCOM CORP                 |CA INC                        |CELGENE CORP                  |CERNER CORP                   |CHECK POINT SOFTWARE          |C.H. ROBINSON WW              |COMCAST CORP A                |COSTCO WHOLESALE              |CISCO SYSTEMS INC             |CTRIP.COM INTL LTD            |COGNIZANT TECH SOL            |CITRIX SYSTEMS INC            |DELL INC                      |DOLLAR TREE INC               |DIRECTV CLASS A               |EBAY INC.                     |ELECTRONIC ARTS INC           |EXPRESS SCRIPTS INC           |EXPEDITORS INTL               |EXPEDIA, INC.                 |FASTENAL CO                   |F5 NETWORKS, INC.             |FISERV, INC.                  |FLEXTRONICS INTL LTD          |FLIR SYSTEMS, INC.            |FIRST SOLAR, INC.             |GILEAD SCIENCES, INC          |GREEN MT COFFEE RSTR          |GOOGLE INC.                   |GARMIN LTD                    |HENRY SCHEIN, INC.            |ILLUMINA, INC.                |INFOSYS LTD ADS               |INTEL CORP                    |INTUIT INC                    |INTUITIVE SURG, INC.          |K L A-TENCOR CORP             |LIFE TECHNOLOGIES             |LIBERTY INTATV SRS A          |LINEAR TECHNOLOGY             |LAM RESEARCH CORP             |MATTEL INC                    |MICROCHIP TECHNOLOGY          |MARVELL TECH GROUP            |MICROSOFT CORP                |MICRON TECHNOLOGY             |MAXIM INTEGRATED              |MYLAN INC                     |NETFLIX, INC.                 |NII HOLDINGS, INC.            |NETAPP, INC.                  |NVIDIA CORPORATION            |NEWS CORP CL A                |ORACLE CORPORATION            |O'REILLY AUTOMOTIVE           |PAYCHEX, INC.                 |PACCAR INC.                   |PRICELINE.COM INC             |PERRIGO COMPANY               |QUALCOMM INC                  |QIAGEN N.V.                   |RESEARCH IN MOTION            |ROSS STORES, INC.             |STARBUCKS CORP                |SEARS HLDGS CORP              |SIGMA ALDRICH CORP            |SIRIUS XM RADIO INC.          |SANDISK CORPORATION           |STAPLES, INC.                 |STERICYCLE, INC.              |SEAGATE TECHNOLOGY            |SYMANTEC CORPORATION          |TEVA PHARM INDS LTD           |URBAN OUTFITTERS INC          |VIRGIN MEDIA INC              |VODAFONE GROUP PLC            |VERISIGN, INC.                |VERTEX PHARMACEUTIC           |WARNER CHILCOTT PLC           |WHOLE FOODS MARKET            |WYNN RESORTS LIMITED          |XILINX, INC.                  |DENTSPLY INTL INC             |YAHOO! INC.                   "
2011-12-19,2011-12-19,100,AAPL|ADBE|ADP|ADSK|AKAM|ALTR|ALXN|AMAT|AMGN|AMZN|APOL|ATVI|AVGO|BBBY|BIDU|BIIB|BMC|BRCM|CA|CELG|CERN|CHKP|CHRW|CMCSA|COST|CSCO|CTRP|CTSH|CTXS|DELL|DLTR|DTV|EBAY|ERTS|ESRX|EXPD|EXPE|FAST|FFIV|FISV|FLEX|FOSL|FSLR|GILD|GMCR|GOLD|GOOG|GRMN|HANS|HSIC|INFY|INTC|INTU|ISRG|KLAC|LIFE|LINTA|LLTC|LRCX|MAT|MCHP|MRVL|MSFT|MU|MXIM|MYL|NFLX|NTAP|NUAN|NVDA|NWSA|ORCL|ORLY|PAYX|PCAR|PCLN|PRGO|QCOM|RIMM|ROST|SBUX|SHLD|SIAL|SIRI|SNDK|SPLS|SRCL|STX|SYMC|TEVA|VMED|VOD|VRSN|VRTX|WCRX|WFM|WYNN|XLNX|XRAY|YHOO,"APPLE INC                     |ADOBE SYSTEMS INC             |AUTOMATIC DATA PROCS          |AUTODESK INC                  |AKAMAI TECHNOLOGIES           |ALTERA CORP                   |ALEXION PHARM INC             |APPLIED MATERIALS             |AMGEN                         |AMAZON.COM INC                |APOLLO GP INC A               |ACTIVISION BLIZZARD           |AVAGO TECHNOLOGIES L          |BED BATH & BEYOND             |BAIDU, INC.                   |BIOGEN IDEC INC               |BMC SOFTWARE INC              |BROADCOM CORP                 |CA INC                        |CELGENE CORP                  |CERNER CORP                   |CHECK POINT SOFTWARE          |C.H. ROBINSON WW              |COMCAST CORP A                |COSTCO WHOLESALE              |CISCO SYSTEMS INC             |CTRIP.COM INTL LTD            |COGNIZANT TECH SOL            |CITRIX SYSTEMS INC            |DELL INC                      |DOLLAR TREE INC               |DIRECTV CLASS A               |EBAY INC.                     |ELECTRONIC ARTS INC           |EXPRESS SCRIPTS INC           |EXPEDITORS INTL               |EXPEDIA, INC.                 |FASTENAL CO                   |F5 NETWORKS, INC.             |FISERV, INC.                  |FLEXTRONICS INTL LTD          |FOSSIL INC        ##          |FIRST SOLAR, INC.             |GILEAD SCIENCES, INC          |GREEN MT COFFEE RSTR          |RANDGOLD RES LTD              |GOOGLE INC.                   |GARMIN LTD                    |HANSEN NATURAL COR            |HENRY SCHEIN, INC.            |INFOSYS LTD ADS               |INTEL CORP                    |INTUIT INC                    |INTUITIVE SURG, INC.          |K L A-TENCOR CORP             |LIFE TECHNOLOGIES             |LIBERTY INTATV SRS A          |LINEAR TECHNOLOGY             |LAM RESEARCH CORP             |MATTEL INC                    |MICROCHIP TECHNOLOGY          |MARVELL TECH GROUP            |MICROSOFT CORP                |MICRON TECHNOLOGY             |MAXIM INTEGRATED              |MYLAN INC                     |NETFLIX, INC.                 |NETAPP, INC.                  |NUANCE COMMUNICATNS           |NVIDIA CORPORATION            |NEWS CORP CL A                |ORACLE CORPORATION            |O'REILLY AUTOMOTIVE           |PAYCHEX, INC.                 |PACCAR INC.                   |PRICELINE.COM INC             |PERRIGO COMPANY               |QUALCOMM INC                  |RESEARCH IN MOTION            |ROSS STORES, INC.             |STARBUCKS CORP                |SEARS HLDGS CORP              |SIGMA ALDRICH CORP            |SIRIUS XM RADIO INC.          |SANDISK CORPORATION           |STAPLES, INC.                 |STERICYCLE, INC.              |SEAGATE TECHNOLOGY            |SYMANTEC CORPORATION          |TEVA PHARM INDS LTD           |VIRGIN MEDIA INC              |VODAFONE GROUP PLC            |VERISIGN, INC.                |VERTEX PHARMACEUTIC           |WARNER CHILCOTT PLC           |WHOLE FOODS MARKET            |WYNN RESORTS LIMITED          |XILINX, INC.                  |DENTSPLY INTL INC             |YAHOO! INC.                   "
2011-12-20,2012-01-06,100,AAPL|ADBE|ADP|ADSK|AKAM|ALTR|ALXN|AMAT|AMGN|AMZN|APOL|ATVI|AVGO|BBBY|BIDU|BIIB|BMC|BRCM|CA|CELG|CERN|CHKP|CHRW|CMCSA|COST|CSCO|CTRP|CTSH|CTXS|DELL|DLTR|DTV|EA|EBAY|ESRX|EXPD|EXPE|FAST|FFIV|FISV|FLEX|FOSL|FSLR|GILD|GMCR|GOLD|GOOG|GRMN|HANS|HSIC|INFY|INTC|INTU|ISRG|KLAC|LIFE|LINTA|LLTC|LRCX|MAT|MCHP|MRVL|MSFT|MU|MXIM|MYL|NFLX|NTAP|NUAN|NVDA|NWSA|ORCL|ORLY|PAYX|PCAR|PCLN|PRGO|QCOM|RIMM|ROST|SBUX|SHLD|SIAL|SIRI|SNDK|SPLS|SRCL|STX|SYMC|TEVA|VMED|VOD|VRSN|VRTX|WCRX|WFM|WYNN|XLNX|XRAY|YHOO,"APPLE INC                     |ADOBE SYSTEMS INC             |AUTOMATIC DATA PROCS          |AUTODESK INC                  |AKAMAI TECHNOLOGIES           |ALTERA CORP                   |ALEXION PHARM INC             |APPLIED MATERIALS             |AMGEN                         |AMAZON.COM INC                |APOLLO GP INC A               |ACTIVISION BLIZZARD           |AVAGO TECHNOLOGIES L          |BED BATH & BEYOND             |BAIDU, INC.                   |BIOGEN IDEC INC               |BMC SOFTWARE INC              |BROADCOM CORP                 |CA INC                        |CELGENE CORP                  |CERNER CORP                   |CHECK POINT SOFTWARE          |C.H. ROBINSON WW              |COMCAST CORP A                |COSTCO WHOLESALE              |CISCO SYSTEMS INC             |CTRIP.COM INTL LTD            |COGNIZANT TECH SOL            |CITRIX SYSTEMS INC            |DELL INC                      |DOLLAR TREE INC               |DIRECTV CLASS A               |ELECTRONIC ARTS INC           |EBAY INC.                     |EXPRESS SCRIPTS INC           |EXPEDITORS INTL               |EXPEDIA, INC.                 |FASTENAL CO                   |F5 NETWORKS, INC.             |FISERV, INC.                  |FLEXTRONICS INTL LTD          |FOSSIL INC        ##          |FIRST SOLAR, INC.             |GILEAD SCIENCES, INC          |GREEN MT COFFEE RSTR          |RANDGOLD RES LTD              |GOOGLE INC.                   |GARMIN LTD                    |HANSEN NATURAL COR            |HENRY SCHEIN, INC.            |INFOSYS LTD ADS               |INTEL CORP                    |INTUIT INC                    |INTUITIVE SURG, INC.          |K L A-TENCOR CORP             |LIFE TECHNOLOGIES             |LIBERTY INTATV SRS A          |LINEAR TECHNOLOGY             |LAM RESEARCH CORP             |MATTEL INC                    |MICROCHIP TECHNOLOGY          |MARVELL TECH GROUP            |MICROSOFT CORP                |MICRON TECHNOLOGY             |MAXIM INTEGRATED              |MYLAN INC                     |NETFLIX, INC.                 |NETAPP, INC.                  |NUANCE COMMUNICATNS           |NVIDIA CORPORATION            |NEWS CORP CL A                |ORACLE CORPORATION            |O'REILLY AUTOMOTIVE           |PAYCHEX, INC.                 |PACCAR INC.                   |PRICELINE.COM INC             |PERRIGO COMPANY               |QUALCOMM INC                  |RESEARCH IN MOTION            |ROSS STORES, INC.             |STARBUCKS CORP                |SEARS HLDGS CORP              |SIGMA ALDRICH CORP            |SIRIUS XM RADIO INC.          |SANDISK CORPORATION           |STAPLES, INC.                 |STERICYCLE, INC.              |SEAGATE TECHNOLOGY            |SYMANTEC CORPORATION          |TEVA PHARM INDS LTD           |VIRGIN MEDIA INC              |VODAFONE GROUP PLC            |VERISIGN, INC.                |VERTEX PHARMACEUTIC           |WARNER CHILCOTT PLC           |WHOLE FOODS MARKET            |WYNN RESORTS LIMITED          |XILINX, INC.                  |DENTSPLY INTL INC             |YAHOO! INC.                   "
2012-01-09,2012-04-20,100,AAPL|ADBE|ADP|ADSK|AKAM|ALTR|ALXN|AMAT|AMGN|AMZN|APOL|ATVI|AVGO|BBBY|BIDU|BIIB|BMC|BRCM|CA|CELG|CERN|CHKP|CHRW|CMCSA|COST|CSCO|CTRP|CTSH|CTXS|DELL|DLTR|DTV|EA|EBAY|ESRX|EXPD|EXPE|FAST|FFIV|FISV|FLEX|FOSL|FSLR|GILD|GMCR|GOLD|GOOG|GRMN|HSIC|INFY|INTC|INTU|ISRG|KLAC|LIFE|LINTA|LLTC|LRCX|MAT|MCHP|MNST|MRVL|MSFT|MU|MXIM|MYL|NFLX|NTAP|NUAN|NVDA|NWSA|ORCL|ORLY|PAYX|PCAR|PCLN|PRGO|QCOM|RIMM|ROST|SBUX|SHLD|SIAL|SIRI|SNDK|SPLS|SRCL|STX|SYMC|TEVA|VMED|VOD|VRSN|VRTX|WCRX|WFM|WYNN|XLNX|XRAY|YHOO,"APPLE INC                     |ADOBE SYSTEMS INC             |AUTOMATIC DATA PROCS          |AUTODESK INC                  |AKAMAI TECHNOLOGIES           |ALTERA CORP                   |ALEXION PHARM INC             |APPLIED MATERIALS             |AMGEN                         |AMAZON.COM INC                |APOLLO GP INC A               |ACTIVISION BLIZZARD           |AVAGO TECHNOLOGIES L          |BED BATH & BEYOND             |BAIDU, INC.                   |BIOGEN IDEC INC               |BMC SOFTWARE INC              |BROADCOM CORP                 |CA INC                        |CELGENE CORP                  |CERNER CORP                   |CHECK POINT SOFTWARE          |C.H. ROBINSON WW              |COMCAST CORP A                |COSTCO WHOLESALE              |CISCO SYSTEMS INC             |CTRIP.COM INTL LTD            |COGNIZANT TECH SOL            |CITRIX SYSTEMS INC            |DELL INC                      |DOLLAR TREE INC               |DIRECTV CLASS A               |ELECTRONIC ARTS INC           |EBAY INC.                     |EXPRESS SCRIPTS INC           |EXPEDITORS INTL               |EXPEDIA, INC. NEW             |FASTENAL CO                   |F5 NETWORKS, INC.             |FISERV, INC.                  |FLEXTRONICS INTL LTD          |FOSSIL INC        ##          |FIRST SOLAR, INC.             |GILEAD SCIENCES, INC          |GREEN MT COFFEE RSTR          |RANDGOLD RES LTD              |GOOGLE INC.                   |GARMIN LTD                    |HENRY SCHEIN, INC.            |INFOSYS LTD ADS               |INTEL CORP                    |INTUIT INC                    |INTUITIVE SURG, INC.          |K L A-TENCOR CORP             |LIFE TECHNOLOGIES             |LIBERTY INTATV SRS A          |LINEAR TECHNOLOGY             |LAM RESEARCH CORP             |MATTEL INC                    |MICROCHIP TECHNOLOGY          |MONSTER BEVERAGE CP           |MARVELL TECH GROUP            |MICROSOFT CORP                |MICRON TECHNOLOGY             |MAXIM INTEGRATED              |MYLAN INC                     |NETFLIX, INC.                 |NETAPP, INC.                  |NUANCE COMMUNICATNS           |NVIDIA CORPORATION            |NEWS CORP CL A                |ORACLE CORPORATION            |O'REILLY AUTOMOTIVE           |PAYCHEX, INC.                 |PACCAR INC.                   |PRICELINE.COM INC             |PERRIGO COMPANY               |QUALCOMM INC                  |RESEARCH IN MOTION            |ROSS STORES, INC.             |STARBUCKS CORP                |SEARS HLDGS CORP              |SIGMA ALDRICH CORP            |SIRIUS XM RADIO INC.          |SANDISK CORPORATION           |STAPLES, INC.                 |STERICYCLE, INC.              |SEAGATE TECHNOLOGY            |SYMANTEC CORPORATION          |TEVA PHARM INDS LTD           |VIRGIN MEDIA INC              |VODAFONE GROUP PLC            |VERISIGN, INC.                |VERTEX PHARMACEUTIC           |WARNER CHILCOTT PLC           |WHOLE FOODS MARKET            |WYNN RESORTS LIMITED          |XILINX, INC.                  |DENTSPLY INTL INC             |YAHOO! INC.                   "
2012-04-23,2012-05-29,100,AAPL|ADBE|ADP|ADSK|AKAM|ALTR|ALXN|AMAT|AMGN|AMZN|APOL|ATVI|AVGO|BBBY|BIDU|BIIB|BMC|BRCM|CA|CELG|CERN|CHKP|CHRW|CMCSA|COST|CSCO|CTRP|CTSH|CTXS|DELL|DLTR|DTV|EA|EBAY|ESRX|EXPD|EXPE|FAST|FFIV|FISV|FLEX|FOSL|GILD|GMCR|GOLD|GOOG|GRMN|HSIC|INFY|INTC|INTU|ISRG|KLAC|LIFE|LINTA|LLTC|LRCX|MAT|MCHP|MNST|MRVL|MSFT|MU|MXIM|MYL|NFLX|NTAP|NUAN|NVDA|NWSA|ORCL|ORLY|PAYX|PCAR|PCLN|PRGO|QCOM|RIMM|ROST|SBUX|SHLD|SIAL|SIRI|SNDK|SPLS|SRCL|STX|SYMC|TEVA|TXN|VMED|VOD|VRSN|VRTX|WCRX|WFM|WYNN|XLNX|XRAY|YHOO,"APPLE INC                     |ADOBE SYSTEMS INC             |AUTOMATIC DATA PROCS          |AUTODESK INC                  |AKAMAI TECHNOLOGIES           |ALTERA CORP                   |ALEXION PHARM INC             |APPLIED MATERIALS             |AMGEN                         |AMAZON.COM INC                |APOLLO GP INC A               |ACTIVISION BLIZZARD           |AVAGO TECHNOLOGIES L          |BED BATH & BEYOND             |BAIDU, INC.                   |BIOGEN IDEC INC               |BMC SOFTWARE INC              |BROADCOM CORP                 |CA INC                        |CELGENE CORP                  |CERNER CORP                   |CHECK POINT SOFTWARE          |C.H. ROBINSON WW              |COMCAST CORP A                |COSTCO WHOLESALE              |CISCO SYSTEMS INC             |CTRIP.COM INTL LTD            |COGNIZANT TECH SOL            |CITRIX SYSTEMS INC            |DELL INC                      |DOLLAR TREE INC               |DIRECTV CLASS A               |ELECTRONIC ARTS INC           |EBAY INC.                     |EXPRESS SCRIPTS               |EXPEDITORS INTL               |EXPEDIA, INC. NEW             |FASTENAL CO                   |F5 NETWORKS, INC.             |FISERV, INC.                  |FLEXTRONICS INTL LTD          |FOSSIL INC        ##          |GILEAD SCIENCES, INC          |GREEN MT COFFEE RSTR          |RANDGOLD RES LTD              |GOOGLE INC.                   |GARMIN LTD                    |HENRY SCHEIN, INC.            |INFOSYS LTD ADS               |INTEL CORP                    |INTUIT INC                    |INTUITIVE SURG, INC.          |K L A-TENCOR CORP             |LIFE TECHNOLOGIES             |LIBERTY INTATV SRS A          |LINEAR TECHNOLOGY             |LAM RESEARCH CORP             |MATTEL INC                    |MICROCHIP TECHNOLOGY          |MONSTER BEVERAGE CP           |MARVELL TECH GROUP            |MICROSOFT CORP                |MICRON TECHNOLOGY             |MAXIM INTEGRATED              |MYLAN INC                     |NETFLIX, INC.                 |NETAPP, INC.                  |NUANCE COMMUNICATNS           |NVIDIA CORPORATION            |NEWS CORP CL A                |ORACLE CORPORATION            |O'REILLY AUTOMOTIVE           |PAYCHEX, INC.                 |PACCAR INC.                   |PRICELINE.COM INC             |PERRIGO COMPANY               |QUALCOMM INC                  |RESEARCH IN MOTION            |ROSS STORES, INC.             |STARBUCKS CORP                |SEARS HLDGS CORP              |SIGMA ALDRICH CORP            |SIRIUS XM RADIO INC.          |SANDISK CORPORATION           |STAPLES, INC.                 |STERICYCLE, INC.              |SEAGATE TECHNOLOGY            |SYMANTEC CORPORATION          |TEVA PHARM INDS LTD           |TEXAS INSTRUMENTS             |VIRGIN MEDIA INC              |VODAFONE GROUP PLC            |VERISIGN, INC.                |VERTEX PHARMACEUTIC           |WARNER CHILCOTT PLC           |WHOLE FOODS MARKET            |WYNN RESORTS LIMITED          |XILINX, INC.                  |DENTSPLY INTL INC             |YAHOO! INC.                   "
2012-05-30,2012-07-20,100,AAPL|ADBE|ADP|ADSK|AKAM|ALTR|ALXN|AMAT|AMGN|AMZN|APOL|ATVI|AVGO|BBBY|BIDU|BIIB|BMC|BRCM|CA|CELG|CERN|CHKP|CHRW|CMCSA|COST|CSCO|CTRP|CTSH|CTXS|DELL|DLTR|DTV|EA|EBAY|ESRX|EXPD|EXPE|FAST|FFIV|FISV|FLEX|FOSL|GILD|GMCR|GOLD|GOOG|GRMN|HSIC|INFY|INTC|INTU|ISRG|KLAC|LIFE|LINTA|LLTC|LRCX|MAT|MCHP|MNST|MRVL|MSFT|MU|MXIM|MYL|NFLX|NTAP|NUAN|NVDA|NWSA|ORCL|ORLY|PAYX|PCAR|PCLN|PRGO|QCOM|RIMM|ROST|SBUX|SHLD|SIAL|SIRI|SNDK|SPLS|SRCL|STX|SYMC|TXN|VIAB|VMED|VOD|VRSN|VRTX|WCRX|WFM|WYNN|XLNX|XRAY|YHOO,"APPLE INC                     |ADOBE SYSTEMS INC             |AUTOMATIC DATA PROCS          |AUTODESK INC                  |AKAMAI TECHNOLOGIES           |ALTERA CORP                   |ALEXION PHARM INC             |APPLIED MATERIALS             |AMGEN                         |AMAZON.COM INC                |APOLLO GP INC A               |ACTIVISION BLIZZARD           |AVAGO TECHNOLOGIES L          |BED BATH & BEYOND             |BAIDU, INC.                   |BIOGEN IDEC INC               |BMC SOFTWARE INC              |BROADCOM CORP                 |CA INC                        |CELGENE CORP                  |CERNER CORP                   |CHECK POINT SOFTWARE          |C.H. ROBINSON WW              |COMCAST CORP A                |COSTCO WHOLESALE              |CISCO SYSTEMS INC             |CTRIP.COM INTL LTD            |COGNIZANT TECH SOL            |CITRIX SYSTEMS INC            |DELL INC                      |DOLLAR TREE INC               |DIRECTV CLASS A               |ELECTRONIC ARTS INC           |EBAY INC.                     |EXPRESS SCRIPTS               |EXPEDITORS INTL               |EXPEDIA, INC. NEW             |FASTENAL CO                   |F5 NETWORKS, INC.             |FISERV, INC.                  |FLEXTRONICS INTL LTD          |FOSSIL INC        ##          |GILEAD SCIENCES, INC          |GREEN MT COFFEE RSTR          |RANDGOLD RES LTD              |GOOGLE INC.                   |GARMIN LTD                    |HENRY SCHEIN, INC.            |INFOSYS LTD ADS               |INTEL CORP                    |INTUIT INC                    |INTUITIVE SURG, INC.          |K L A-TENCOR CORP             |LIFE TECHNOLOGIES             |LIBERTY INTATV SRS A          |LINEAR TECHNOLOGY             |LAM RESEARCH CORP             |MATTEL INC                    |MICROCHIP TECHNOLOGY          |MONSTER BEVERAGE CP           |MARVELL TECH GROUP            |MICROSOFT CORP                |MICRON TECHNOLOGY             |MAXIM INTEGRATED              |MYLAN INC                     |NETFLIX, INC.                 |NETAPP, INC.                  |NUANCE COMMUNICATNS           |NVIDIA CORPORATION            |NEWS CORP CL A                |ORACLE CORPORATION            |O'REILLY AUTOMOTIVE           |PAYCHEX, INC.                 |PACCAR INC.                   |PRICELINE.COM INC             |PERRIGO COMPANY               |QUALCOMM INC                  |RESEARCH IN MOTION            |ROSS STORES, INC.             |STARBUCKS CORP                |SEARS HLDGS CORP              |SIGMA ALDRICH CORP            |SIRIUS XM RADIO INC.          |SANDISK CORPORATION           |STAPLES, INC.                 |STERICYCLE, INC.              |SEAGATE TECHNOLOGY            |SYMANTEC CORPORATION          |TEXAS INSTRUMENTS             |VIACOM INC CL B               |VIRGIN MEDIA INC              |VODAFONE GROUP PLC            |VERISIGN, INC.                |VERTEX PHARMACEUTIC           |WARNER CHILCOTT PLC           |WHOLE FOODS MARKET            |WYNN RESORTS LIMITED          |XILINX, INC.                  |DENTSPLY INTL INC             |YAHOO! INC.                   "
2012-07-23,2012-10-01,100,AAPL|ADBE|ADP|ADSK|AKAM|ALTR|ALXN|AMAT|AMGN|AMZN|APOL|ATVI|AVGO|BBBY|BIDU|BIIB|BMC|BRCM|CA|CELG|CERN|CHKP|CHRW|CMCSA|COST|CSCO|CTSH|CTXS|DELL|DLTR|DTV|EA|EBAY|ESRX|EXPD|EXPE|FAST|FFIV|FISV|FLEX|FOSL|GILD|GMCR|GOLD|GOOG|GRMN|HSIC|INFY|INTC|INTU|ISRG|KFT|KLAC|LIFE|LINTA|LLTC|LRCX|MAT|MCHP|MNST|MRVL|MSFT|MU|MXIM|MYL|NFLX|NTAP|NUAN|NVDA|NWSA|ORCL|ORLY|PAYX|PCAR|PCLN|PRGO|QCOM|RIMM|ROST|SBUX|SHLD|SIAL|SIRI|SNDK|SPLS|SRCL|STX|SYMC|TXN|VIAB|VMED|VOD|VRSN|VRTX|WCRX|WFM|WYNN|XLNX|XRAY|YHOO,"APPLE INC|ADOBE SYSTEMS INC|AUTOMATIC DATA PROCS|AUTODESK INC|AKAMAI TECHNOLOGIES|ALTERA CORP|ALEXION PHARM INC|APPLIED MATERIALS|AMGEN|AMAZON.COM INC|APOLLO GP INC A|ACTIVISION BLIZZARD|AVAGO TECHNOLOGIES L|BED BATH & BEYOND|BAIDU, INC.|BIOGEN IDEC INC|BMC SOFTWARE INC|BROADCOM CORP|CA INC|CELGENE CORP|CERNER CORP|CHECK POINT SOFTWARE|C.H. ROBINSON WW|COMCAST CORP A|COSTCO WHOLESALE|CISCO SYSTEMS INC|COGNIZANT TECH SOL|CITRIX SYSTEMS INC|DELL INC|DOLLAR TREE INC|DIRECTV CLASS A|ELECTRONIC ARTS INC|EBAY INC.|EXPRESS SCRIPTS|EXPEDITORS INTL|EXPEDIA, INC. NEW|FASTENAL CO|F5 NETWORKS, INC.|FISERV, INC.|FLEXTRONICS INTL LTD|FOSSIL INC|GILEAD SCIENCES, INC|GREEN MT COFFEE RSTR|RANDGOLD RES LTD|GOOGLE INC.|GARMIN LTD|HENRY SCHEIN, INC.|INFOSYS LTD ADS|INTEL CORP|INTUIT INC|INTUITIVE SURG, INC.|KRAFT FOODS CMN A|K L A-TENCOR CORP|LIFE TECHNOLOGIES|LIBERTY INTATV SRS A|LINEAR TECHNOLOGY|LAM RESEARCH CORP|MATTEL INC|MICROCHIP TECHNOLOGY|MONSTER BEVERAGE CP|MARVELL TECH GROUP|MICROSOFT CORP|MICRON TECHNOLOGY|MAXIM INTEGRATED|MYLAN INC|NETFLIX, INC.|NETAPP, INC.|NUANCE COMMUNICATNS|NVIDIA CORPORATION|NEWS CORP CL A|ORACLE CORPORATION|O'REILLY AUTOMOTIVE|PAYCHEX, INC.|PACCAR INC.|PRICELINE.COM INC|PERRIGO COMPANY|QUALCOMM INC|RESEARCH IN MOTION|ROSS STORES, INC.|STARBUCKS CORP|SEARS HLDGS CORP|SIGMA ALDRICH CORP|SIRIUS XM RADIO INC.|SANDISK CORPORATION|STAPLES, INC.|STERICYCLE, INC.|SEAGATE TECHNOLOGY|SYMANTEC CORPORATION|TEXAS INSTRUMENTS|VIACOM INC CL B|VIRGIN MEDIA INC|VODAFONE GROUP PLC|VERISIGN, INC.|VERTEX PHARMACEUTIC|WARNER CHILCOTT PLC|WHOLE FOODS MARKET|WYNN RESORTS LIMITED|XILINX, INC.|DENTSPLY INTL INC|YAHOO! INC."
2012-10-02,2012-12-11,100,AAPL|ADBE|ADP|ADSK|AKAM|ALTR|ALXN|AMAT|AMGN|AMZN|APOL|ATVI|AVGO|BBBY|BIDU|BIIB|BMC|BRCM|CA|CELG|CERN|CHKP|CHRW|CMCSA|COST|CSCO|CTSH|CTXS|DELL|DLTR|DTV|EA|EBAY|ESRX|EXPD|EXPE|FAST|FFIV|FISV|FLEX|FOSL|GILD|GMCR|GOLD|GOOG|GRMN|HSIC|INFY|INTC|INTU|ISRG|KLAC|LIFE|LINTA|LLTC|LRCX|MAT|MCHP|MDLZ|MNST|MRVL|MSFT|MU|MXIM|MYL|NFLX|NTAP|NUAN|NVDA|NWSA|ORCL|ORLY|PAYX|PCAR|PCLN|PRGO|QCOM|RIMM|ROST|SBUX|SHLD|SIAL|SIRI|SNDK|SPLS|SRCL|STX|SYMC|TXN|VIAB|VMED|VOD|VRSN|VRTX|WCRX|WFM|WYNN|XLNX|XRAY|YHOO,"APPLE INC|ADOBE SYSTEMS INC|AUTOMATIC DATA PROCS|AUTODESK INC|AKAMAI TECHNOLOGIES|ALTERA CORP|ALEXION PHARM INC|APPLIED MATERIALS|AMGEN|AMAZON.COM INC|APOLLO GP INC A|ACTIVISION BLIZZARD|AVAGO TECHNOLOGIES L|BED BATH & BEYOND|BAIDU, INC.|BIOGEN IDEC INC|BMC SOFTWARE INC|BROADCOM CORP|CA INC|CELGENE CORP|CERNER CORP|CHECK POINT SOFTWARE|C.H. ROBINSON WW|COMCAST CORP A|COSTCO WHOLESALE|CISCO SYSTEMS INC|COGNIZANT TECH SOL|CITRIX SYSTEMS INC|DELL INC|DOLLAR TREE INC|DIRECTV|ELECTRONIC ARTS INC|EBAY INC.|EXPRESS SCRIPTS|EXPEDITORS INTL|EXPEDIA, INC. NEW|FASTENAL CO|F5 NETWORKS, INC.|FISERV, INC.|FLEXTRONICS INTL LTD|FOSSIL INC|GILEAD SCIENCES, INC|GREEN MT COFFEE RSTR|RANDGOLD RES LTD|GOOGLE INC.|GARMIN LTD|HENRY SCHEIN, INC.|INFOSYS LTD ADS|INTEL CORP|INTUIT INC|INTUITIVE SURG, INC.|K L A-TENCOR CORP|LIFE TECHNOLOGIES|LIBERTY INTATV SRS A|LINEAR TECHNOLOGY|LAM RESEARCH CORP|MATTEL INC|MICROCHIP TECHNOLOGY|MONDELEZ INTL CMN A|MONSTER BEVERAGE CP|MARVELL TECH GROUP|MICROSOFT CORP|MICRON TECHNOLOGY|MAXIM INTEGRATED|MYLAN INC|NETFLIX, INC.|NETAPP, INC.|NUANCE COMMUNICATNS|NVIDIA CORPORATION|NEWS CORP CL A|ORACLE CORPORATION|O'REILLY AUTOMOTIVE|PAYCHEX, INC.|PACCAR INC.|PRICELINE.COM INC|PERRIGO COMPANY|QUALCOMM INC|RESEARCH IN MOTION|ROSS STORES, INC.|STARBUCKS CORP|SEARS HLDGS CORP|SIGMA ALDRICH CORP|SIRIUS XM RADIO INC.|SANDISK CORPORATION|STAPLES, INC.|STERICYCLE, INC.|SEAGATE TECHNOLOGY|SYMANTEC CORPORATION|TEXAS INSTRUMENTS|VIACOM INC CL B|VIRGIN MEDIA INC|VODAFONE GROUP PLC|VERISIGN, INC.|VERTEX PHARMACEUTIC|WARNER CHILCOTT PLC|WHOLE FOODS MARKET|WYNN RESORTS LIMITED|XILINX, INC.|DENTSPLY INTL INC|YAHOO! INC."
2012-12-12,2012-12-21,100,AAPL|ADBE|ADP|ADSK|AKAM|ALTR|ALXN|AMAT|AMGN|AMZN|APOL|ATVI|AVGO|BBBY|BIDU|BIIB|BMC|BRCM|CA|CELG|CERN|CHKP|CHRW|CMCSA|COST|CSCO|CTSH|CTXS|DELL|DLTR|DTV|EA|EBAY|ESRX|EXPD|EXPE|FAST|FB|FFIV|FISV|FLEX|FOSL|GILD|GMCR|GOLD|GOOG|GRMN|HSIC|INTC|INTU|ISRG|KLAC|LIFE|LINTA|LLTC|LRCX|MAT|MCHP|MDLZ|MNST|MRVL|MSFT|MU|MXIM|MYL|NFLX|NTAP|NUAN|NVDA|NWSA|ORCL|ORLY|PAYX|PCAR|PCLN|PRGO|QCOM|RIMM|ROST|SBUX|SHLD|SIAL|SIRI|SNDK|SPLS|SRCL|STX|SYMC|TXN|VIAB|VMED|VOD|VRSN|VRTX|WCRX|WFM|WYNN|XLNX|XRAY|YHOO,"APPLE INC|ADOBE SYSTEMS INC|AUTOMATIC DATA PROCS|AUTODESK INC|AKAMAI TECHNOLOGIES|ALTERA CORP|ALEXION PHARM INC|APPLIED MATERIALS|AMGEN|AMAZON.COM INC|APOLLO GP INC A|ACTIVISION BLIZZARD|AVAGO TECHNOLOGIES L|BED BATH & BEYOND|BAIDU, INC.|BIOGEN IDEC INC|BMC SOFTWARE INC|BROADCOM CORP|CA INC|CELGENE CORP|CERNER CORP|CHECK POINT SOFTWARE|C.H. ROBINSON WW|COMCAST CORP A|COSTCO WHOLESALE|CISCO SYSTEMS INC|COGNIZANT TECH SOL|CITRIX SYSTEMS INC|DELL INC|DOLLAR TREE INC|DIRECTV|ELECTRONIC ARTS INC|EBAY INC.|EXPRESS SCRIPTS|EXPEDITORS INTL|EXPEDIA, INC. NEW|FASTENAL CO|FACEBOOK INC|F5 NETWORKS, INC.|FISERV, INC.|FLEXTRONICS INTL LTD|FOSSIL INC|GILEAD SCIENCES, INC|GREEN MT COFFEE RSTR|RANDGOLD RES LTD|GOOGLE INC.|GARMIN LTD|HENRY SCHEIN, INC.|INTEL CORP|INTUIT INC|INTUITIVE SURG, INC.|K L A-TENCOR CORP|LIFE TECHNOLOGIES|LIBERTY INTATV SRS A|LINEAR TECHNOLOGY|LAM RESEARCH CORP|MATTEL INC|MICROCHIP TECHNOLOGY|MONDELEZ INTL CMN A|MONSTER BEVERAGE CP|MARVELL TECH GROUP|MICROSOFT CORP|MICRON TECHNOLOGY|MAXIM INTEGRATED|MYLAN INC|NETFLIX, INC.|NETAPP, INC.|NUANCE COMMUNICATNS|NVIDIA CORPORATION|NEWS CORP CL A|ORACLE CORPORATION|O'REILLY AUTOMOTIVE|PAYCHEX, INC.|PACCAR INC.|PRICELINE.COM INC|PERRIGO COMPANY|QUALCOMM INC|RESEARCH IN MOTION|ROSS STORES, INC.|STARBUCKS CORP|SEARS HLDGS CORP|SIGMA ALDRICH CORP|SIRIUS XM RADIO INC.|SANDISK CORPORATION|STAPLES, INC.|STERICYCLE, INC.|SEAGATE TECHNOLOGY|SYMANTEC CORPORATION|TEXAS INSTRUMENTS|VIACOM INC CL B|VIRGIN MEDIA INC|VODAFONE GROUP PLC|VERISIGN, INC.|VERTEX PHARMACEUTIC|WARNER CHILCOTT PLC|WHOLE FOODS MARKET|WYNN RESORTS LIMITED|XILINX, INC.|DENTSPLY INTL INC|YAHOO! INC."
2012-12-24,2013-01-11,100,AAPL|ADBE|ADI|ADP|ADSK|AKAM|ALTR|ALXN|AMAT|AMGN|AMZN|ATVI|AVGO|BBBY|BIDU|BIIB|BMC|BRCM|CA|CELG|CERN|CHKP|CHRW|CMCSA|COST|CSCO|CTRX|CTSH|CTXS|DELL|DISCA|DLTR|DTV|EBAY|EQIX|ESRX|EXPD|EXPE|FAST|FB|FFIV|FISV|FOSL|GILD|GOLD|GOOG|GRMN|HSIC|INTC|INTU|ISRG|KLAC|LBTYA|LIFE|LINTA|LLTC|LMCA|MAT|MCHP|MDLZ|MNST|MSFT|MU|MXIM|MYL|NTAP|NUAN|NVDA|NWSA|ORCL|ORLY|PAYX|PCAR|PCLN|PRGO|QCOM|REGN|ROST|SBAC|SBUX|SHLD|SIAL|SIRI|SNDK|SPLS|SRCL|STX|SYMC|TXN|VIAB|VMED|VOD|VRSK|VRTX|WDC|WFM|WYNN|XLNX|XRAY|YHOO,"APPLE INC|ADOBE SYSTEMS INC|ANALOG DEVICES CMN|AUTOMATIC DATA PROCS|AUTODESK INC|AKAMAI TECHNOLOGIES|ALTERA CORP|ALEXION PHARM INC|APPLIED MATERIALS|AMGEN|AMAZON.COM INC|ACTIVISION BLIZZARD|AVAGO TECHNOLOGIES L|BED BATH & BEYOND|BAIDU, INC.|BIOGEN IDEC INC|BMC SOFTWARE INC|BROADCOM CORP|CA INC|CELGENE CORP|CERNER CORP|CHECK POINT SOFTWARE|C.H. ROBINSON WW|COMCAST CORP A|COSTCO WHOLESALE|CISCO SYSTEMS INC|CATAMARAN CORPORATIO|COGNIZANT TECH SOL|CITRIX SYSTEMS INC|DELL INC|DISCOVERY COMM A|DOLLAR TREE INC|DIRECTV|EBAY INC.|EQUINIX, INC.|EXPRESS SCRIPTS|EXPEDITORS INTL|EXPEDIA, INC. NEW|FASTENAL CO|FACEBOOK INC|F5 NETWORKS, INC.|FISERV, INC.|FOSSIL INC|GILEAD SCIENCES, INC|RANDGOLD RES LTD|GOOGLE INC.|GARMIN LTD|HENRY SCHEIN, INC.|INTEL CORP|INTUIT INC|INTUITIVE SURG, INC.|K L A-TENCOR CORP|LIBERTY GLOBAL CL-A|LIFE TECHNOLOGIES|LIBERTY INTATV SRS A|LINEAR TECHNOLOGY|LIBERTY MEDIA CORP A|MATTEL INC|MICROCHIP TECHNOLOGY|MONDELEZ INTL CMN A|MONSTER BEVERAGE CP|MICROSOFT CORP|MICRON TECHNOLOGY|MAXIM INTEGRATED|MYLAN INC|NETAPP, INC.|NUANCE COMMUNICATNS|NVIDIA CORPORATION|NEWS CORP CL A|ORACLE CORPORATION|O'REILLY AUTOMOTIVE|PAYCHEX, INC.|PACCAR INC.|PRICELINE.COM INC|PERRIGO COMPANY|QUALCOMM INC|REGENERON PHARMACEUT|ROSS STORES, INC.|SBA COMMUNICATIONS|STARBUCKS CORP|SEARS HLDGS CORP|SIGMA ALDRICH CORP|SIRIUS XM RADIO INC.|SANDISK CORPORATION|STAPLES, INC.|STERICYCLE, INC.|SEAGATE TECHNOLOGY|SYMANTEC CORPORATION|TEXAS INSTRUMENTS|VIACOM INC CL B|VIRGIN MEDIA INC|VODAFONE GROUP PLC|VERISK ANALYTICS INC|VERTEX PHARMACEUTIC|WESTERN DIGITAL CP|WHOLE FOODS MARKET|WYNN RESORTS LIMITED|XILINX, INC.|DENTSPLY INTL INC|YAHOO! INC."
2013-01-14,2013-03-15,100,AAPL|ADBE|ADI|ADP|ADSK|AKAM|ALTR|ALXN|AMAT|AMGN|AMZN|ATVI|AVGO|BBBY|BIDU|BIIB|BMC|BRCM|CA|CELG|CERN|CHKP|CHRW|CMCSA|COST|CSCO|CTRX|CTSH|CTXS|DELL|DISCA|DLTR|DTV|EBAY|EQIX|ESRX|EXPD|EXPE|FAST|FB|FFIV|FISV|FOSL|GILD|GOLD|GOOG|GRMN|HSIC|INTC|INTU|ISRG|KLAC|LBTYA|LIFE|LINTA|LLTC|MAT|MCHP|MDLZ|MNST|MSFT|MU|MXIM|MYL|NTAP|NUAN|NVDA|NWSA|ORCL|ORLY|PAYX|PCAR|PCLN|PRGO|QCOM|REGN|ROST|SBAC|SBUX|SHLD|SIAL|SIRI|SNDK|SPLS|SRCL|STRZA|STX|SYMC|TXN|VIAB|VMED|VOD|VRSK|VRTX|WDC|WFM|WYNN|XLNX|XRAY|YHOO,"APPLE INC|ADOBE SYSTEMS INC|ANALOG DEVICES CMN|AUTOMATIC DATA PROCS|AUTODESK INC|AKAMAI TECHNOLOGIES|ALTERA CORP|ALEXION PHARM INC|APPLIED MATERIALS|AMGEN|AMAZON.COM INC|ACTIVISION BLIZZARD|AVAGO TECHNOLOGIES L|BED BATH & BEYOND|BAIDU, INC.|BIOGEN IDEC INC|BMC SOFTWARE INC|BROADCOM CORP|CA INC|CELGENE CORP|CERNER CORP|CHECK POINT SOFTWARE|C.H. ROBINSON WW|COMCAST CORP A|COSTCO WHOLESALE|CISCO SYSTEMS INC|CATAMARAN CORPORATIO|COGNIZANT TECH SOL|CITRIX SYSTEMS INC|DELL INC|DISCOVERY COMM A|DOLLAR TREE INC|DIRECTV|EBAY INC.|EQUINIX, INC.|EXPRESS SCRIPTS|EXPEDITORS INTL|EXPEDIA, INC. NEW|FASTENAL CO|FACEBOOK INC|F5 NETWORKS, INC.|FISERV, INC.|FOSSIL INC|GILEAD SCIENCES, INC|RANDGOLD RES LTD|GOOGLE INC.|GARMIN LTD|HENRY SCHEIN, INC.|INTEL CORP|INTUIT INC|INTUITIVE SURG, INC.|K L A-TENCOR CORP|LIBERTY GLOBAL CL-A|LIFE TECHNOLOGIES|LIBERTY INTATV SRS A|LINEAR TECHNOLOGY|MATTEL INC|MICROCHIP TECHNOLOGY|MONDELEZ INTL CMN A|MONSTER BEVERAGE CP|MICROSOFT CORP|MICRON TECHNOLOGY|MAXIM INTEGRATED|MYLAN INC|NETAPP, INC.|NUANCE COMMUNICATNS|NVIDIA CORPORATION|NEWS CORP CL A|ORACLE CORPORATION|O'REILLY AUTOMOTIVE|PAYCHEX, INC.|PACCAR INC.|PRICELINE.COM INC|PERRIGO COMPANY|QUALCOMM INC|REGENERON PHARMACEUT|ROSS STORES, INC.|SBA COMMUNICATIONS|STARBUCKS CORP|SEARS HLDGS CORP|SIGMA ALDRICH CORP|SIRIUS XM RADIO INC.|SANDISK CORPORATION|STAPLES, INC.|STERICYCLE, INC.|STARZ SRS A LIB CAP|SEAGATE TECHNOLOGY|SYMANTEC CORPORATION|TEXAS INSTRUMENTS|VIACOM INC CL B|VIRGIN MEDIA INC|VODAFONE GROUP PLC|VERISK ANALYTICS INC|VERTEX PHARMACEUTIC|WESTERN DIGITAL CP|WHOLE FOODS MARKET|WYNN RESORTS LIMITED|XILINX, INC.|DENTSPLY INTL INC|YAHOO! INC."
2013-03-18,2013-06-04,100,AAPL|ADBE|ADI|ADP|ADSK|AKAM|ALTR|ALXN|AMAT|AMGN|AMZN|ATVI|AVGO|BBBY|BIDU|BIIB|BMC|BRCM|CA|CELG|CERN|CHKP|CHRW|CMCSA|COST|CSCO|CTRX|CTSH|CTXS|DELL|DISCA|DLTR|DTV|EBAY|EQIX|ESRX|EXPD|EXPE|FAST|FB|FFIV|FISV|FOSL|GILD|GOLD|GOOG|GRMN|HSIC|INTC|INTU|ISRG|KLAC|KRFT|LBTYA|LIFE|LINTA|LLTC|MAT|MCHP|MDLZ|MNST|MSFT|MU|MXIM|MYL|NTAP|NUAN|NVDA|NWSA|ORCL|ORLY|PAYX|PCAR|PCLN|PRGO|QCOM|REGN|ROST|SBAC|SBUX|SHLD|SIAL|SIRI|SNDK|SPLS|SRCL|STX|SYMC|TXN|VIAB|VMED|VOD|VRSK|VRTX|WDC|WFM|WYNN|XLNX|XRAY|YHOO,"APPLE INC|ADOBE SYSTEMS INC|ANALOG DEVICES CMN|AUTOMATIC DATA PROCS|AUTODESK INC|AKAMAI TECHNOLOGIES|ALTERA CORP|ALEXION PHARM INC|APPLIED MATERIALS|AMGEN|AMAZON.COM INC|ACTIVISION BLIZZARD|AVAGO TECHNOLOGIES L|BED BATH & BEYOND|BAIDU, INC.|BIOGEN IDEC INC|BMC SOFTWARE INC|BROADCOM CORP|CA INC|CELGENE CORP|CERNER CORP|CHECK POINT SOFTWARE|C.H. ROBINSON WW|COMCAST CORP A|COSTCO WHOLESALE|CISCO SYSTEMS INC|CATAMARAN CORPORATIO|COGNIZANT TECH SOL|CITRIX SYSTEMS INC|DELL INC|DISCOVERY COMM A|DOLLAR TREE INC|DIRECTV|EBAY INC.|EQUINIX, INC.|EXPRESS SCRIPTS|EXPEDITORS INTL|EXPEDIA, INC. NEW|FASTENAL CO|FACEBOOK INC|F5 NETWORKS, INC.|FISERV, INC.|FOSSIL INC|GILEAD SCIENCES, INC|RANDGOLD RES LTD|GOOGLE INC.|GARMIN LTD|HENRY SCHEIN, INC.|INTEL CORP|INTUIT INC|INTUITIVE SURG, INC.|K L A-TENCOR CORP|KRAFT FOODS GROUP|LIBERTY GLOBAL CL-A|LIFE TECHNOLOGIES|LIBERTY INTATV SRS A|LINEAR TECHNOLOGY|MATTEL INC|MICROCHIP TECHNOLOGY|MONDELEZ INTL CMN A|MONSTER BEVERAGE CP|MICROSOFT CORP|MICRON TECHNOLOGY|MAXIM INTEGRATED|MYLAN INC|NETAPP, INC.|NUANCE COMMUNICATNS|NVIDIA CORPORATION|NEWS CORP CL A|ORACLE CORPORATION|O'REILLY AUTOMOTIVE|PAYCHEX, INC.|PACCAR INC.|PRICELINE.COM INC|PERRIGO COMPANY|QUALCOMM INC|REGENERON PHARMACEUT|ROSS STORES, INC.|SBA COMMUNICATIONS|STARBUCKS CORP|SEARS HLDGS CORP|SIGMA ALDRICH CORP|SIRIUS XM RADIO INC.|SANDISK CORPORATION|STAPLES, INC.|STERICYCLE, INC.|SEAGATE TECHNOLOGY|SYMANTEC CORPORATION|TEXAS INSTRUMENTS|VIACOM INC CL B|VIRGIN MEDIA INC|VODAFONE GROUP PLC|VERISK ANALYTICS INC|VERTEX PHARMACEUTIC|WESTERN DIGITAL CP|WHOLE FOODS MARKET|WYNN RESORTS LIMITED|XILINX, INC.|DENTSPLY INTL INC|YAHOO! INC."
2013-06-05,2013-06-05,100,AAPL|ADBE|ADI|ADP|ADSK|AKAM|ALTR|ALXN|AMAT|AMGN|AMZN|ATVI|AVGO|BBBY|BIDU|BIIB|BMC|BRCM|CA|CELG|CERN|CHKP|CHRW|CMCSA|COST|CSCO|CTRX|CTSH|CTXS|DELL|DISCA|DLTR|DTV|EBAY|EQIX|ESRX|EXPD|EXPE|FAST|FB|FFIV|FISV|FOSL|GILD|GOLD|GOOG|GRMN|HSIC|INTC|INTU|ISRG|KLAC|KRFT|LBTYA|LIFE|LINTA|LLTC|LMCA|MAT|MCHP|MDLZ|MNST|MSFT|MU|MXIM|MYL|NTAP|NUAN|NVDA|NWSA|ORCL|ORLY|PAYX|PCAR|PCLN|PRGO|QCOM|REGN|ROST|SBAC|SBUX|SHLD|SIAL|SIRI|SNDK|SPLS|SRCL|STX|SYMC|TXN|VIAB|VOD|VRSK|VRTX|WDC|WFM|WYNN|XLNX|XRAY|YHOO,"APPLE INC|ADOBE SYSTEMS INC|ANALOG DEVICES CMN|AUTOMATIC DATA PROCS|AUTODESK INC|AKAMAI TECHNOLOGIES|ALTERA CORP|ALEXION PHARM INC|APPLIED MATERIALS|AMGEN|AMAZON.COM INC|ACTIVISION BLIZZARD|AVAGO TECHNOLOGIES L|BED BATH & BEYOND|BAIDU, INC.|BIOGEN IDEC INC|BMC SOFTWARE INC|BROADCOM CORP|CA INC|CELGENE CORP|CERNER CORP|CHECK POINT SOFTWARE|C.H. ROBINSON WW|COMCAST CORP A|COSTCO WHOLESALE|CISCO SYSTEMS INC|CATAMARAN CORPORATIO|COGNIZANT TECH SOL|CITRIX SYSTEMS INC|DELL INC|DISCOVERY COMM A|DOLLAR TREE INC|DIRECTV|EBAY INC.|EQUINIX, INC.|EXPRESS SCRIPTS|EXPEDITORS INTL|EXPEDIA, INC. NEW|FASTENAL CO|FACEBOOK INC|F5 NETWORKS, INC.|FISERV, INC.|FOSSIL INC|GILEAD SCIENCES, INC|RANDGOLD RES LTD|GOOGLE INC.|GARMIN LTD|HENRY SCHEIN, INC.|INTEL CORP|INTUIT INC|INTUITIVE SURG, INC.|K L A-TENCOR CORP|KRAFT FOODS GROUP|LIBERTY GLOBAL CL-A|LIFE TECHNOLOGIES|LIBERTY INTATV SRS A|LINEAR TECHNOLOGY|LIBERTY MEDIA SRS A|MATTEL INC|MICROCHIP TECHNOLOGY|MONDELEZ INTL CMN A|MONSTER BEVERAGE CP|MICROSOFT CORP|MICRON TECHNOLOGY|MAXIM INTEGRATED|MYLAN INC|NETAPP, INC.|NUANCE COMMUNICATNS|NVIDIA CORPORATION|NEWS CORP CL A|ORACLE CORPORATION|O'REILLY AUTOMOTIVE|PAYCHEX, INC.|PACCAR INC.|PRICELINE.COM INC|PERRIGO COMPANY|QUALCOMM INC|REGENERON PHARMACEUT|ROSS STORES, INC.|SBA COMMUNICATIONS|STARBUCKS CORP|SEARS HLDGS CORP|SIGMA ALDRICH CORP|SIRIUS XM RADIO INC.|SANDISK CORPORATION|STAPLES, INC.|STERICYCLE, INC.|SEAGATE TECHNOLOGY|SYMANTEC CORPORATION|TEXAS INSTRUMENTS|VIACOM INC CL B|VODAFONE GROUP PLC|VERISK ANALYTICS INC|VERTEX PHARMACEUTIC|WESTERN DIGITAL CP|WHOLE FOODS MARKET|WYNN RESORTS LIMITED|XILINX, INC.|DENTSPLY INTL INC|YAHOO! INC."
2013-06-06,2013-06-28,100,AAPL|ADBE|ADI|ADP|ADSK|AKAM|ALTR|ALXN|AMAT|AMGN|AMZN|ATVI|AVGO|BBBY|BIDU|BIIB|BMC|BRCM|CA|CELG|CERN|CHKP|CHRW|CMCSA|COST|CSCO|CTRX|CTSH|CTXS|DELL|DISCA|DLTR|DTV|EBAY|EQIX|ESRX|EXPD|EXPE|FAST|FB|FFIV|FISV|FOSL|GILD|GOLD|GOOG|GRMN|HSIC|INTC|INTU|ISRG|KLAC|KRFT|LBTYA|LIFE|LINTA|LLTC|LMCA|MAT|MCHP|MDLZ|MNST|MSFT|MU|MXIM|MYL|NFLX|NTAP|NUAN|NVDA|NWSA|ORCL|ORLY|PAYX|PCAR|PCLN|QCOM|REGN|ROST|SBAC|SBUX|SHLD|SIAL|SIRI|SNDK|SPLS|SRCL|STX|SYMC|TXN|VIAB|VOD|VRSK|VRTX|WDC|WFM|WYNN|XLNX|XRAY|YHOO,"APPLE INC|ADOBE SYSTEMS INC|ANALOG DEVICES CMN|AUTOMATIC DATA PROCS|AUTODESK INC|AKAMAI TECHNOLOGIES|ALTERA CORP|ALEXION PHARM INC|APPLIED MATERIALS|AMGEN|AMAZON.COM INC|ACTIVISION BLIZZARD|AVAGO TECHNOLOGIES L|BED BATH & BEYOND|BAIDU, INC.|BIOGEN IDEC INC|BMC SOFTWARE INC|BROADCOM CORP|CA INC|CELGENE CORP|CERNER CORP|CHECK POINT SOFTWARE|C.H. ROBINSON WW|COMCAST CORP A|COSTCO WHOLESALE|CISCO SYSTEMS INC|CATAMARAN CORPORATIO|COGNIZANT TECH SOL|CITRIX SYSTEMS INC|DELL INC|DISCOVERY COMM A|DOLLAR TREE INC|DIRECTV|EBAY INC.|EQUINIX, INC.|EXPRESS SCRIPTS|EXPEDITORS INTL|EXPEDIA, INC. NEW|FASTENAL CO|FACEBOOK INC|F5 NETWORKS, INC.|FISERV, INC.|FOSSIL GROUP CMN STK|GILEAD SCIENCES, INC|RANDGOLD RES LTD|GOOGLE INC.|GARMIN LTD|HENRY SCHEIN, INC.|INTEL CORP|INTUIT INC|INTUITIVE SURG, INC.|K L A-TENCOR CORP|KRAFT FOODS GROUP|LIBERTY GLOBAL CL-A|LIFE TECHNOLOGIES|LIBERTY INTATV SRS A|LINEAR TECHNOLOGY|LIBERTY MEDIA SRS A|MATTEL INC|MICROCHIP TECHNOLOGY|MONDELEZ INTL CMN A|MONSTER BEVERAGE CP|MICROSOFT CORP|MICRON TECHNOLOGY|MAXIM INTEGRATED|MYLAN INC|NETFLIX, INC.|NETAPP, INC.|NUANCE COMMUNICATNS|NVIDIA CORPORATION|NEWS CORP CL A|ORACLE CORPORATION|O'REILLY AUTOMOTIVE|PAYCHEX, INC.|PACCAR INC.|PRICELINE.COM INC|QUALCOMM INC|REGENERON PHARMACEUT|ROSS STORES, INC.|SBA COMMUNICATIONS|STARBUCKS CORP|SEARS HLDGS CORP|SIGMA ALDRICH CORP|SIRIUS XM RADIO INC.|SANDISK CORPORATION|STAPLES, INC.|STERICYCLE, INC.|SEAGATE TECHNOLOGY|SYMANTEC CORPORATION|TEXAS INSTRUMENTS|VIACOM INC CL B|VODAFONE GROUP PLC|VERISK ANALYTICS INC|VERTEX PHARMACEUTIC|WESTERN DIGITAL CP|WHOLE FOODS MARKET|WYNN RESORTS LIMITED|XILINX, INC.|DENTSPLY INTL INC|YAHOO! INC."
2013-07-01,2013-07-12,100,AAPL|ADBE|ADI|ADP|ADSK|AKAM|ALTR|ALXN|AMAT|AMGN|AMZN|ATVI|AVGO|BBBY|BIDU|BIIB|BMC|BRCM|CA|CELG|CERN|CHKP|CHRW|CMCSA|COST|CSCO|CTRX|CTSH|CTXS|DELL|DISCA|DLTR|DTV|EBAY|EQIX|ESRX|EXPD|EXPE|FAST|FB|FFIV|FISV|FOSL|FOXA|GILD|GOLD|GOOG|GRMN|HSIC|INTC|INTU|ISRG|KLAC|KRFT|LBTYA|LIFE|LINTA|LLTC|LMCA|MAT|MCHP|MDLZ|MNST|MSFT|MU|MXIM|MYL|NFLX|NTAP|NUAN|NVDA|ORCL|ORLY|PAYX|PCAR|PCLN|QCOM|REGN|ROST|SBAC|SBUX|SHLD|SIAL|SIRI|SNDK|SPLS|SRCL|STX|SYMC|TXN|VIAB|VOD|VRSK|VRTX|WDC|WFM|WYNN|XLNX|XRAY|YHOO,"APPLE INC|ADOBE SYSTEMS INC|ANALOG DEVICES CMN|AUTOMATIC DATA PROCS|AUTODESK INC|AKAMAI TECHNOLOGIES|ALTERA CORP|ALEXION PHARM INC|APPLIED MATERIALS|AMGEN|AMAZON.COM INC|ACTIVISION BLIZZARD|AVAGO TECHNOLOGIES L|BED BATH & BEYOND|BAIDU, INC.|BIOGEN IDEC INC|BMC SOFTWARE INC|BROADCOM CORP|CA INC|CELGENE CORP|CERNER CORP|CHECK POINT SOFTWARE|C.H. ROBINSON WW|COMCAST CORP A|COSTCO WHOLESALE|CISCO SYSTEMS INC|CATAMARAN CORPORATIO|COGNIZANT TECH SOL|CITRIX SYSTEMS INC|DELL INC|DISCOVERY COMM A|DOLLAR TREE INC|DIRECTV|EBAY INC.|EQUINIX, INC.|EXPRESS SCRIPTS|EXPEDITORS INTL|EXPEDIA, INC. NEW|FASTENAL CO|FACEBOOK INC|F5 NETWORKS, INC.|FISERV, INC.|FOSSIL GROUP CMN STK|21ST CENTRY FOX A CM|GILEAD SCIENCES, INC|RANDGOLD RES LTD|GOOGLE INC.|GARMIN LTD|HENRY SCHEIN, INC.|INTEL CORP|INTUIT INC|INTUITIVE SURG, INC.|K L A-TENCOR CORP|KRAFT FOODS GROUP|LIBERTY GLOBAL ORD A|LIFE TECHNOLOGIES|LIBERTY INTATV SRS A|LINEAR TECHNOLOGY|LIBERTY MEDIA SRS A|MATTEL INC|MICROCHIP TECHNOLOGY|MONDELEZ INTL CMN A|MONSTER BEVERAGE CP|MICROSOFT CORP|MICRON TECHNOLOGY|MAXIM INTEGRATED|MYLAN INC|NETFLIX, INC.|NETAPP, INC.|NUANCE COMMUNICATNS|NVIDIA CORPORATION|ORACLE CORPORATION|O'REILLY AUTOMOTIVE|PAYCHEX, INC.|PACCAR INC.|PRICELINE.COM INC|QUALCOMM INC|REGENERON PHARMACEUT|ROSS STORES, INC.|SBA COMMUNICATIONS|STARBUCKS CORP|SEARS HLDGS CORP|SIGMA ALDRICH CORP|SIRIUS XM RADIO INC.|SANDISK CORPORATION|STAPLES, INC.|STERICYCLE, INC.|SEAGATE TECHNOLOGY|SYMANTEC CORPORATION|TEXAS INSTRUMENTS|VIACOM INC CL B|VODAFONE GROUP PLC|VERISK ANALYTICS INC|VERTEX PHARMACEUTIC|WESTERN DIGITAL CP|WHOLE FOODS MARKET|WYNN RESORTS LIMITED|XILINX, INC.|DENTSPLY INTL INC|YAHOO! INC."
2013-07-15,2013-07-24,100,AAPL|ADBE|ADI|ADP|ADSK|AKAM|ALTR|ALXN|AMAT|AMGN|AMZN|ATVI|AVGO|BBBY|BIDU|BIIB|BMC|BRCM|CA|CELG|CERN|CHKP|CHRW|CMCSA|COST|CSCO|CTRX|CTSH|CTXS|DELL|DISCA|DLTR|DTV|EBAY|EQIX|ESRX|EXPD|EXPE|FAST|FB|FFIV|FISV|FOSL|FOXA|GILD|GOLD|GOOG|GRMN|HSIC|INTC|INTU|ISRG|KLAC|KRFT|LBTYA|LIFE|LINTA|LLTC|LMCA|MAT|MCHP|MDLZ|MNST|MSFT|MU|MXIM|MYL|NFLX|NTAP|NUAN|NVDA|ORLY|PAYX|PCAR|PCLN|QCOM|REGN|ROST|SBAC|SBUX|SHLD|SIAL|SIRI|SNDK|SPLS|SRCL|STX|SYMC|TSLA|TXN|VIAB|VOD|VRSK|VRTX|WDC|WFM|WYNN|XLNX|XRAY|YHOO,"APPLE INC|ADOBE SYSTEMS INC|ANALOG DEVICES CMN|AUTOMATIC DATA PROCS|AUTODESK INC|AKAMAI TECHNOLOGIES|ALTERA CORP|ALEXION PHARM INC|APPLIED MATERIALS|AMGEN|AMAZON.COM INC|ACTIVISION BLIZZARD|AVAGO TECHNOLOGIES L|BED BATH & BEYOND|BAIDU, INC.|BIOGEN IDEC INC|BMC SOFTWARE INC|BROADCOM CORP|CA INC|CELGENE CORP|CERNER CORP|CHECK POINT SOFTWARE|C.H. ROBINSON WW|COMCAST CORP A|COSTCO WHOLESALE|CISCO SYSTEMS INC|CATAMARAN CORPORATIO|COGNIZANT TECH SOL|CITRIX SYSTEMS INC|DELL INC|DISCOVERY COMM A|DOLLAR TREE INC|DIRECTV|EBAY INC.|EQUINIX, INC.|EXPRESS SCRIPTS|EXPEDITORS INTL|EXPEDIA, INC. NEW|FASTENAL CO|FACEBOOK INC|F5 NETWORKS, INC.|FISERV, INC.|FOSSIL GROUP CMN STK|21ST CENTRY FOX A CM|GILEAD SCIENCES, INC|RANDGOLD RES LTD|GOOGLE INC.|GARMIN LTD|HENRY SCHEIN, INC.|INTEL CORP|INTUIT INC|INTUITIVE SURG, INC.|K L A-TENCOR CORP|KRAFT FOODS GROUP|LIBERTY GLOBAL ORD A|LIFE TECHNOLOGIES|LIBERTY INTATV SRS A|LINEAR TECHNOLOGY|LIBERTY MEDIA SRS A|MATTEL INC|MICROCHIP TECHNOLOGY|MONDELEZ INTL CMN A|MONSTER BEVERAGE CP|MICROSOFT CORP|MICRON TECHNOLOGY|MAXIM INTEGRATED|MYLAN INC|NETFLIX, INC.|NETAPP, INC.|NUANCE COMMUNICATNS|NVIDIA CORPORATION|O'REILLY AUTOMOTIVE|PAYCHEX, INC.|PACCAR INC.|PRICELINE.COM INC|QUALCOMM INC|REGENERON PHARMACEUT|ROSS STORES, INC.|SBA COMMUNICATIONS|STARBUCKS CORP|SEARS HLDGS CORP|SIGMA ALDRICH CORP|SIRIUS XM RADIO INC.|SANDISK CORPORATION|STAPLES, INC.|STERICYCLE, INC.|SEAGATE TECHNOLOGY|SYMANTEC CORPORATION|TESLA MOTORS INC|TEXAS INSTRUMENTS|VIACOM INC CL B|VODAFONE GROUP PLC|VERISK ANALYTICS INC|VERTEX PHARMACEUTIC|WESTERN DIGITAL CP|WHOLE FOODS MARKET|WYNN RESORTS LIMITED|XILINX, INC.|DENTSPLY INTL INC|YAHOO! INC."
2013-07-25,2013-08-21,100,AAPL|ADBE|ADI|ADP|ADSK|AKAM|ALTR|ALXN|AMAT|AMGN|AMZN|ATVI|AVGO|BBBY|BIDU|BIIB|BRCM|CA|CELG|CERN|CHKP|CHRW|CHTR|CMCSA|COST|CSCO|CTRX|CTSH|CTXS|DELL|DISCA|DLTR|DTV|EBAY|EQIX|ESRX|EXPD|EXPE|FAST|FB|FFIV|FISV|FOSL|FOXA|GILD|GOLD|GOOG|GRMN|HSIC|INTC|INTU|ISRG|KLAC|KRFT|LBTYA|LIFE|LINTA|LLTC|LMCA|MAT|MCHP|MDLZ|MNST|MSFT|MU|MXIM|MYL|NFLX|NTAP|NUAN|NVDA|ORLY|PAYX|PCAR|PCLN|QCOM|REGN|ROST|SBAC|SBUX|SHLD|SIAL|SIRI|SNDK|SPLS|SRCL|STX|SYMC|TSLA|TXN|VIAB|VOD|VRSK|VRTX|WDC|WFM|WYNN|XLNX|XRAY|YHOO,"APPLE INC|ADOBE SYSTEMS INC|ANALOG DEVICES CMN|AUTOMATIC DATA PROCS|AUTODESK INC|AKAMAI TECHNOLOGIES|ALTERA CORP|ALEXION PHARM INC|APPLIED MATERIALS|AMGEN|AMAZON.COM INC|ACTIVISION BLIZZARD|AVAGO TECHNOLOGIES L|BED BATH & BEYOND|BAIDU, INC.|BIOGEN IDEC INC|BROADCOM CORP|CA INC|CELGENE CORP|CERNER CORP|CHECK POINT SOFTWARE|C.H. ROBINSON WW|CHARTER COMMUNICATIO|COMCAST CORP A|COSTCO WHOLESALE|CISCO SYSTEMS INC|CATAMARAN CORPORATIO|COGNIZANT TECH SOL|CITRIX SYSTEMS INC|DELL INC|DISCOVERY COMM A|DOLLAR TREE INC|DIRECTV|EBAY INC.|EQUINIX, INC.|EXPRESS SCRIPTS|EXPEDITORS INTL|EXPEDIA, INC. NEW|FASTENAL CO|FACEBOOK INC|F5 NETWORKS, INC.|FISERV, INC.|FOSSIL GROUP CMN STK|21ST CENTRY FOX A CM|GILEAD SCIENCES, INC|RANDGOLD RES LTD|GOOGLE INC.|GARMIN LTD|HENRY SCHEIN, INC.|INTEL CORP|INTUIT INC|INTUITIVE SURG, INC.|K L A-TENCOR CORP|KRAFT FOODS GROUP|LIBERTY GLOBAL ORD A|LIFE TECHNOLOGIES|LIBERTY INTATV SRS A|LINEAR TECHNOLOGY|LIBERTY MEDIA SRS A|MATTEL INC|MICROCHIP TECHNOLOGY|MONDELEZ INTL CMN A|MONSTER BEVERAGE CP|MICROSOFT CORP|MICRON TECHNOLOGY|MAXIM INTEGRATED|MYLAN INC|NETFLIX, INC.|NETAPP, INC.|NUANCE COMMUNICATNS|NVIDIA CORPORATION|O'REILLY AUTOMOTIVE|PAYCHEX, INC.|PACCAR INC.|PRICELINE.COM INC|QUALCOMM INC|REGENERON PHARMACEUT|ROSS STORES, INC.|SBA COMMUNICATIONS|STARBUCKS CORP|SEARS HLDGS CORP|SIGMA ALDRICH CORP|SIRIUS XM RADIO INC.|SANDISK CORPORATION|STAPLES, INC.|STERICYCLE, INC.|SEAGATE TECHNOLOGY|SYMANTEC CORPORATION|TESLA MOTORS INC|TEXAS INSTRUMENTS|VIACOM INC CL B|VODAFONE GROUP PLC|VERISK ANALYTICS INC|VERTEX PHARMACEUTIC|WESTERN DIGITAL CP|WHOLE FOODS MARKET|WYNN RESORTS LIMITED|XILINX, INC.|DENTSPLY INTL INC|YAHOO! INC."
2013-08-22,2013-10-28,100,AAPL|ADBE|ADI|ADP|ADSK|AKAM|ALTR|ALXN|AMAT|AMGN|AMZN|ATVI|AVGO|BBBY|BIDU|BIIB|BRCM|CA|CELG|CERN|CHKP|CHRW|CHTR|CMCSA|COST|CSCO|CTRX|CTSH|CTXS|DELL|DISCA|DLTR|DTV|EBAY|EQIX|ESRX|EXPD|EXPE|FAST|FB|FFIV|FISV|FOSL|FOXA|GILD|GMCR|GOLD|GOOG|GRMN|HSIC|INTC|INTU|ISRG|KLAC|KRFT|LBTYA|LINTA|LLTC|LMCA|MAT|MCHP|MDLZ|MNST|MSFT|MU|MXIM|MYL|NFLX|NTAP|NUAN|NVDA|ORLY|PAYX|PCAR|PCLN|QCOM|REGN|ROST|SBAC|SBUX|SHLD|SIAL|SIRI|SNDK|SPLS|SRCL|STX|SYMC|TSLA|TXN|VIAB|VOD|VRSK|VRTX|WDC|WFM|WYNN|XLNX|XRAY|YHOO,"APPLE INC|ADOBE SYSTEMS INC|ANALOG DEVICES CMN|AUTOMATIC DATA PROCS|AUTODESK INC|AKAMAI TECHNOLOGIES|ALTERA CORP|ALEXION PHARM INC|APPLIED MATERIALS|AMGEN|AMAZON.COM INC|ACTIVISION BLIZZARD|AVAGO TECHNOLOGIES L|BED BATH & BEYOND|BAIDU, INC.|BIOGEN IDEC INC|BROADCOM CORP|CA INC|CELGENE CORP|CERNER CORP|CHECK POINT SOFTWARE|C.H. ROBINSON WW|CHARTER COMMUNICATIO|COMCAST CORP A|COSTCO WHOLESALE|CISCO SYSTEMS INC|CATAMARAN CORPORATIO|COGNIZANT TECH SOL|CITRIX SYSTEMS INC|DELL INC|DISCOVERY COMM A|DOLLAR TREE INC|DIRECTV|EBAY INC.|EQUINIX, INC.|EXPRESS SCRIPTS|EXPEDITORS INTL|EXPEDIA, INC. NEW|FASTENAL CO|FACEBOOK INC|F5 NETWORKS, INC.|FISERV, INC.|FOSSIL GROUP CMN STK|21ST CENTRY FOX A CM|GILEAD SCIENCES, INC|GREEN MT COFFEE RSTR|RANDGOLD RES LTD|GOOGLE INC.|GARMIN LTD|HENRY SCHEIN, INC.|INTEL CORP|INTUIT INC|INTUITIVE SURG, INC.|K L A-TENCOR CORP|KRAFT FOODS GROUP|LIBERTY GLOBAL ORD A|LIBERTY INTATV SRS A|LINEAR TECHNOLOGY|LIBERTY MEDIA SRS A|MATTEL INC|MICROCHIP TECHNOLOGY|MONDELEZ INTL CMN A|MONSTER BEVERAGE CP|MICROSOFT CORP|MICRON TECHNOLOGY|MAXIM INTEGRATED|MYLAN INC|NETFLIX, INC.|NETAPP, INC.|NUANCE COMMUNICATNS|NVIDIA CORPORATION|O'REILLY AUTOMOTIVE|PAYCHEX, INC.|PACCAR INC.|PRICELINE.COM INC|QUALCOMM INC|REGENERON PHARMACEUT|ROSS STORES, INC.|SBA COMMUNICATIONS|STARBUCKS CORP|SEARS HLDGS CORP|SIGMA ALDRICH CORP|SIRIUS XM RADIO INC.|SANDISK CORPORATION|STAPLES, INC.|STERICYCLE, INC.|SEAGATE TECHNOLOGY|SYMANTEC CORPORATION|TESLA MOTORS INC|TEXAS INSTRUMENTS|VIACOM INC CL B|VODAFONE GROUP PLC|VERISK ANALYTICS INC|VERTEX PHARMACEUTIC|WESTERN DIGITAL CP|WHOLE FOODS MARKET|WYNN RESORTS LIMITED|XILINX, INC.|DENTSPLY INTL INC|YAHOO! INC."
2013-10-29,2013-11-15,100,AAPL|ADBE|ADI|ADP|ADSK|AKAM|ALTR|ALXN|AMAT|AMGN|AMZN|ATVI|AVGO|BBBY|BIDU|BIIB|BRCM|CA|CELG|CERN|CHKP|CHRW|CHTR|CMCSA|COST|CSCO|CTRX|CTSH|CTXS|DISCA|DLTR|DTV|EBAY|EQIX|ESRX|EXPD|EXPE|FAST|FB|FFIV|FISV|FOSL|FOXA|GILD|GMCR|GOLD|GOOG|GRMN|HSIC|INTC|INTU|ISRG|KLAC|KRFT|LBTYA|LINTA|LLTC|LMCA|MAT|MCHP|MDLZ|MNST|MSFT|MU|MXIM|MYL|NFLX|NTAP|NUAN|NVDA|ORLY|PAYX|PCAR|PCLN|QCOM|REGN|ROST|SBAC|SBUX|SHLD|SIAL|SIRI|SNDK|SPLS|SRCL|STX|SYMC|TSLA|TXN|VIAB|VIP|VOD|VRSK|VRTX|WDC|WFM|WYNN|XLNX|XRAY|YHOO,"APPLE INC|ADOBE SYSTEMS INC|ANALOG DEVICES CMN|AUTOMATIC DATA PROCS|AUTODESK INC|AKAMAI TECHNOLOGIES|ALTERA CORP|ALEXION PHARM INC|APPLIED MATERIALS|AMGEN|AMAZON.COM INC|ACTIVISION BLIZZARD|AVAGO TECHNOLOGIES L|BED BATH & BEYOND|BAIDU, INC.|BIOGEN IDEC INC|BROADCOM CORP|CA INC|CELGENE CORP|CERNER CORP|CHECK POINT SOFTWARE|C.H. ROBINSON WW|CHARTER COMMUNICATIO|COMCAST CORP A|COSTCO WHOLESALE|CISCO SYSTEMS INC|CATAMARAN CORPORATIO|COGNIZANT TECH SOL|CITRIX SYSTEMS INC|DISCOVERY COMM A|DOLLAR TREE INC|DIRECTV|EBAY INC.|EQUINIX, INC.|EXPRESS SCRIPTS|EXPEDITORS INTL|EXPEDIA, INC. NEW|FASTENAL CO|FACEBOOK INC|F5 NETWORKS, INC.|FISERV, INC.|FOSSIL GROUP CMN STK|21ST CENTRY FOX A CM|GILEAD SCIENCES, INC|GREEN MT COFFEE RSTR|RANDGOLD RES LTD|GOOGLE INC.|GARMIN LTD|HENRY SCHEIN, INC.|INTEL CORP|INTUIT INC|INTUITIVE SURG, INC.|K L A-TENCOR CORP|KRAFT FOODS GROUP|LIBERTY GLOBAL ORD A|LIBERTY INTATV SRS A|LINEAR TECHNOLOGY|LIBERTY MEDIA SRS A|MATTEL INC|MICROCHIP TECHNOLOGY|MONDELEZ INTL CMN A|MONSTER BEVERAGE CP|MICROSOFT CORP|MICRON TECHNOLOGY|MAXIM INTEGRATED|MYLAN INC|NETFLIX, INC.|NETAPP, INC.|NUANCE COMMUNICATNS|NVIDIA CORPORATION|O'REILLY AUTOMOTIVE|PAYCHEX, INC.|PACCAR INC.|PRICELINE.COM INC|QUALCOMM INC|REGENERON PHARMACEUT|ROSS STORES, INC.|SBA COMMUNICATIONS|STARBUCKS CORP|SEARS HLDGS CORP|SIGMA ALDRICH CORP|SIRIUS XM RADIO INC.|SANDISK CORPORATION|STAPLES, INC.|STERICYCLE, INC.|SEAGATE TECHNOLOGY|SYMANTEC CORPORATION|TESLA MOTORS INC|TEXAS INSTRUMENTS|VIACOM INC CL B|VIMPELCOM LTD|VODAFONE GROUP PLC|VERISK ANALYTICS INC|VERTEX PHARMACEUTIC|WESTERN DIGITAL CP|WHOLE FOODS MARKET|WYNN RESORTS LIMITED|XILINX, INC.|DENTSPLY INTL INC|YAHOO! INC."
2013-11-18,2013-12-20,100,AAPL|ADBE|ADI|ADP|ADSK|AKAM|ALTR|ALXN|AMAT|AMGN|AMZN|ATVI|AVGO|BBBY|BIDU|BIIB|BRCM|CA|CELG|CERN|CHKP|CHRW|CHTR|CMCSA|COST|CSCO|CTRX|CTSH|CTXS|DISCA|DLTR|DTV|EBAY|EQIX|ESRX|EXPD|EXPE|FAST|FB|FFIV|FISV|FOSL|FOXA|GILD|GMCR|GOOG|GRMN|HSIC|INTC|INTU|ISRG|KLAC|KRFT|LBTYA|LINTA|LLTC|LMCA|MAR|MAT|MCHP|MDLZ|MNST|MSFT|MU|MXIM|MYL|NFLX|NTAP|NUAN|NVDA|ORLY|PAYX|PCAR|PCLN|QCOM|REGN|ROST|SBAC|SBUX|SHLD|SIAL|SIRI|SNDK|SPLS|SRCL|STX|SYMC|TSLA|TXN|VIAB|VIP|VOD|VRSK|VRTX|WDC|WFM|WYNN|XLNX|XRAY|YHOO,"APPLE INC|ADOBE SYSTEMS INC|ANALOG DEVICES CMN|AUTOMATIC DATA PROCS|AUTODESK INC|AKAMAI TECHNOLOGIES|ALTERA CORP|ALEXION PHARM INC|APPLIED MATERIALS|AMGEN|AMAZON.COM INC|ACTIVISION BLIZZARD|AVAGO TECHNOLOGIES L|BED BATH & BEYOND|BAIDU, INC.|BIOGEN IDEC INC|BROADCOM CORP|CA INC|CELGENE CORP|CERNER CORP|CHECK POINT SOFTWARE|C.H. ROBINSON WW|CHARTER COMMUNICATIO|COMCAST CORP A|COSTCO WHOLESALE|CISCO SYSTEMS INC|CATAMARAN CORPORATIO|COGNIZANT TECH SOL|CITRIX SYSTEMS INC|DISCOVERY COMM A|DOLLAR TREE INC|DIRECTV|EBAY INC.|EQUINIX, INC.|EXPRESS SCRIPTS|EXPEDITORS INTL|EXPEDIA, INC. NEW|FASTENAL CO|FACEBOOK INC|F5 NETWORKS, INC.|FISERV, INC.|FOSSIL GROUP CMN STK|21ST CENTRY FOX A CM|GILEAD SCIENCES, INC|GREEN MT COFFEE RSTR|GOOGLE INC.|GARMIN LTD|HENRY SCHEIN, INC.|INTEL CORP|INTUIT INC|INTUITIVE SURG, INC.|K L A-TENCOR CORP|KRAFT FOODS GROUP|LIBERTY GLOBAL ORD A|LIBERTY INTATV SRS A|LINEAR TECHNOLOGY|LIBERTY MEDIA SRS A|MARRIOT INT CL A|MATTEL INC|MICROCHIP TECHNOLOGY|MONDELEZ INTL CMN A|MONSTER BEVERAGE CP|MICROSOFT CORP|MICRON TECHNOLOGY|MAXIM INTEGRATED|MYLAN INC|NETFLIX, INC.|NETAPP, INC.|NUANCE COMMUNICATNS|NVIDIA CORPORATION|O'REILLY AUTOMOTIVE|PAYCHEX, INC.|PACCAR INC.|PRICELINE.COM INC|QUALCOMM INC|REGENERON PHARMACEUT|ROSS STORES, INC.|SBA COMMUNICATIONS|STARBUCKS CORP|SEARS HLDGS CORP|SIGMA ALDRICH CORP|SIRIUS XM HOLDINGS I|SANDISK CORPORATION|STAPLES, INC.|STERICYCLE, INC.|SEAGATE TECHNOLOGY|SYMANTEC CORPORATION|TESLA MOTORS INC|TEXAS INSTRUMENTS|VIACOM INC CL B|VIMPELCOM LTD|VODAFONE GROUP PLC|VERISK ANALYTICS INC|VERTEX PHARMACEUTIC|WESTERN DIGITAL CP|WHOLE FOODS MARKET|WYNN RESORTS LIMITED|XILINX, INC.|DENTSPLY INTL INC|YAHOO! INC."
2013-12-23,2014-04-02,100,AAPL|ADBE|ADI|ADP|ADSK|AKAM|ALTR|ALXN|AMAT|AMGN|AMZN|ATVI|AVGO|BBBY|BIDU|BIIB|BRCM|CA|CELG|CERN|CHKP|CHRW|CHTR|CMCSA|COST|CSCO|CTRX|CTSH|CTXS|DISCA|DISH|DLTR|DTV|EBAY|EQIX|ESRX|EXPD|EXPE|FAST|FB|FFIV|FISV|FOXA|GILD|GMCR|GOOG|GRMN|HSIC|ILMN|INTC|INTU|ISRG|KLAC|KRFT|LBTYA|LINTA|LLTC|LMCA|MAR|MAT|MDLZ|MNST|MSFT|MU|MXIM|MYL|NFLX|NTAP|NVDA|NXPI|ORLY|PAYX|PCAR|PCLN|QCOM|REGN|ROST|SBAC|SBUX|SIAL|SIRI|SNDK|SPLS|SRCL|STX|SYMC|TRIP|TSCO|TSLA|TXN|VIAB|VIP|VOD|VRSK|VRTX|WDC|WFM|WYNN|XLNX|YHOO,"APPLE INC|ADOBE SYSTEMS INC|ANALOG DEVICES CMN|AUTOMATIC DATA PROCS|AUTODESK INC|AKAMAI TECHNOLOGIES|ALTERA CORP|ALEXION PHARM INC|APPLIED MATERIALS|AMGEN|AMAZON.COM INC|ACTIVISION BLIZZARD|AVAGO TECHNOLOGIES L|BED BATH & BEYOND|BAIDU, INC.|BIOGEN IDEC INC|BROADCOM CORP|CA INC|CELGENE CORP|CERNER CORP|CHECK POINT SOFTWARE|C.H. ROBINSON WW|CHARTER COMMUNICATIO|COMCAST CORP A|COSTCO WHOLESALE|CISCO SYSTEMS INC|CATAMARAN CORPORATIO|COGNIZANT TECH SOL|CITRIX SYSTEMS INC|DISCOVERY COMM A|DISH NETWORK CORP|DOLLAR TREE INC|DIRECTV|EBAY INC.|EQUINIX, INC.|EXPRESS SCRIPTS|EXPEDITORS INTL|EXPEDIA, INC. NEW|FASTENAL CO|FACEBOOK INC|F5 NETWORKS, INC.|FISERV, INC.|21ST CENTRY FOX A CM|GILEAD SCIENCES, INC|GREEN MT COFFEE RSTR|GOOGLE INC.|GARMIN LTD|HENRY SCHEIN, INC.|ILLUMINA, INC.|INTEL CORP|INTUIT INC|INTUITIVE SURG, INC.|K L A-TENCOR CORP|KRAFT FOODS GROUP|LIBERTY GLOBAL ORD A|LIBERTY INTATV SRS A|LINEAR TECHNOLOGY|LIBERTY MEDIA SRS A|MARRIOT INT CL A|MATTEL INC|MONDELEZ INTL CMN A|MONSTER BEVERAGE CP|MICROSOFT CORP|MICRON TECHNOLOGY|MAXIM INTEGRATED|MYLAN INC|NETFLIX, INC.|NETAPP, INC.|NVIDIA CORPORATION|NXP SEMICONDUCTORS|O'REILLY AUTOMOTIVE|PAYCHEX, INC.|PACCAR INC.|PRICELINE.COM INC|QUALCOMM INC|REGENERON PHARMACEUT|ROSS STORES, INC.|SBA COMMUNICATIONS|STARBUCKS CORP|SIGMA ALDRICH CORP|SIRIUS XM HOLDINGS I|SANDISK CORPORATION|STAPLES, INC.|STERICYCLE, INC.|SEAGATE TECHNOLOGY|SYMANTEC CORPORATION|TRIPADVISOR, INC.|TRACTOR SUPPLY CO|TESLA MOTORS INC|TEXAS INSTRUMENTS|VIACOM INC CL B|VIMPELCOM LTD|VODAFONE GROUP PLC|VERISK ANALYTICS INC|VERTEX PHARMACEUTIC|WESTERN DIGITAL CP|WHOLE FOODS MARKET|WYNN RESORTS LIMITED|XILINX, INC.|YAHOO! INC."
2014-04-03,2014-07-23,101,AAPL|ADBE|ADI|ADP|ADSK|AKAM|ALTR|ALXN|AMAT|AMGN|AMZN|ATVI|AVGO|BBBY|BIDU|BIIB|BRCM|CA|CELG|CERN|CHKP|CHRW|CHTR|CMCSA|COST|CSCO|CTRX|CTSH|CTXS|DISCA|DISH|DLTR|DTV|EBAY|EQIX|ESRX|EXPD|EXPE|FAST|FB|FFIV|FISV|FOXA|GILD|GMCR|GOOG|GOOGL|GRMN|HSIC|ILMN|INTC|INTU|ISRG|KLAC|KRFT|LBTYA|LINTA|LLTC|LMCA|MAR|MAT|MDLZ|MNST|MSFT|MU|MXIM|MYL|NFLX|NTAP|NVDA|NXPI|ORLY|PAYX|PCAR|PCLN|QCOM|REGN|ROST|SBAC|SBUX|SIAL|SIRI|SNDK|SPLS|SRCL|STX|SYMC|TRIP|TSCO|TSLA|TXN|VIAB|VIP|VOD|VRSK|VRTX|WDC|WFM|WYNN|XLNX|YHOO,"APPLE INC|ADOBE SYSTEMS INC|ANALOG DEVICES CMN|AUTOMATIC DATA PROCS|AUTODESK INC|AKAMAI TECHNOLOGIES|ALTERA CORP|ALEXION PHARM INC|APPLIED MATERIALS|AMGEN|AMAZON.COM INC|ACTIVISION BLIZZARD|AVAGO TECHNOLOGIES L|BED BATH & BEYOND|BAIDU, INC.|BIOGEN IDEC INC|BROADCOM CORP|CA INC|CELGENE CORP|CERNER CORP|CHECK POINT SOFTWARE|C.H. ROBINSON WW|CHARTER COMMUNICATIO|COMCAST CORP A|COSTCO WHOLESALE|CISCO SYSTEMS INC|CATAMARAN CORPORATIO|COGNIZANT TECH SOL|CITRIX SYSTEMS INC|DISCOVERY COMM A|DISH NETWORK CORP|DOLLAR TREE INC|DIRECTV|EBAY INC.|EQUINIX, INC.|EXPRESS SCRIPTS|EXPEDITORS INTL|EXPEDIA, INC. NEW|FASTENAL CO|FACEBOOK INC|F5 NETWORKS, INC.|FISERV, INC.|21ST CENTRY FOX A CM|GILEAD SCIENCES, INC|KEURIG GREEN MTN CMN|GOOGLE INC CL C CAP|GOOGLE INC CL A CMN|GARMIN LTD|HENRY SCHEIN, INC.|ILLUMINA, INC.|INTEL CORP|INTUIT INC|INTUITIVE SURG, INC.|K L A-TENCOR CORP|KRAFT FOODS GROUP|LIBERTY GLOBAL ORD A|LIBERTY INTATV SRS A|LINEAR TECHNOLOGY|LIBERTY MEDIA SRS A|MARRIOT INT CL A|MATTEL INC|MONDELEZ INTL CMN A|MONSTER BEVERAGE CP|MICROSOFT CORP|MICRON TECHNOLOGY|MAXIM INTEGRATED|MYLAN INC|NETFLIX, INC.|NETAPP, INC.|NVIDIA CORPORATION|NXP SEMICONDUCTORS|O'REILLY AUTOMOTIVE|PAYCHEX, INC.|PACCAR INC.|THE PRICELINE GP CM|QUALCOMM INC|REGENERON PHARMACEUT|ROSS STORES, INC.|SBA COMMUNICATIONS|STARBUCKS CORP|SIGMA ALDRICH CORP|SIRIUS XM HOLDINGS I|SANDISK CORPORATION|STAPLES, INC.|STERICYCLE, INC.|SEAGATE TECHNOLOGY|SYMANTEC CORPORATION|TRIPADVISOR, INC.|TRACTOR SUPPLY CO|TESLA MOTORS INC|TEXAS INSTRUMENTS|VIACOM INC CL B|VIMPELCOM LTD|VODAFONE GRP PLC ADS|VERISK ANALYTICS INC|VERTEX PHARMACEUTIC|WESTERN DIGITAL CP|WHOLE FOODS MARKET|WYNN RESORTS LIMITED|XILINX, INC.|YAHOO! INC."
2014-07-24,2014-08-06,102,AAPL|ADBE|ADI|ADP|ADSK|AKAM|ALTR|ALXN|AMAT|AMGN|AMZN|ATVI|AVGO|BBBY|BIDU|BIIB|BRCM|CA|CELG|CERN|CHKP|CHRW|CHTR|CMCSA|COST|CSCO|CTRX|CTSH|CTXS|DISCA|DISH|DLTR|DTV|EBAY|EQIX|ESRX|EXPD|EXPE|FAST|FB|FFIV|FISV|FOXA|GILD|GMCR|GOOG|GOOGL|GRMN|HSIC|ILMN|INTC|INTU|ISRG|KLAC|KRFT|LBTYA|LINTA|LLTC|LMCA|LMCK|MAR|MAT|MDLZ|MNST|MSFT|MU|MXIM|MYL|NFLX|NTAP|NVDA|NXPI|ORLY|PAYX|PCAR|PCLN|QCOM|REGN|ROST|SBAC|SBUX|SIAL|SIRI|SNDK|SPLS|SRCL|STX|SYMC|TRIP|TSCO|TSLA|TXN|VIAB|VIP|VOD|VRSK|VRTX|WDC|WFM|WYNN|XLNX|YHOO,"APPLE INC.|ADOBE SYSTEMS INC|ANALOG DEVICES CMN|AUTOMATIC DATA PROCS|AUTODESK INC|AKAMAI TECHNOLOGIES|ALTERA CORP|ALEXION PHARM INC|APPLIED MATERIALS|AMGEN|AMAZON.COM INC|ACTIVISION BLIZZARD|AVAGO TECHNOLOGIES L|BED BATH & BEYOND|BAIDU, INC.|BIOGEN IDEC INC|BROADCOM CORP|CA INC|CELGENE CORP|CERNER CORP|CHECK POINT SOFTWARE|C.H. ROBINSON WW|CHARTER COMMUNICATIO|COMCAST CORP A|COSTCO WHOLESALE|CISCO SYSTEMS INC|CATAMARAN CORPORATIO|COGNIZANT TECH SOL|CITRIX SYSTEMS INC|DISCOVERY COMM A|DISH NETWORK CORP|DOLLAR TREE INC|DIRECTV|EBAY INC.|EQUINIX, INC.|EXPRESS SCRIPTS|EXPEDITORS INTL|EXPEDIA, INC. NEW|FASTENAL CO|FACEBOOK INC|F5 NETWORKS, INC.|FISERV, INC.|21ST CENTRY FOX A CM|GILEAD SCIENCES, INC|KEURIG GREEN MTN CMN|GOOGLE INC CL C CAP|GOOGLE INC CL A CMN|GARMIN LTD|HENRY SCHEIN, INC.|ILLUMINA, INC.|INTEL CORP|INTUIT INC|INTUITIVE SURG, INC.|K L A-TENCOR CORP|KRAFT FOODS GROUP|LIBERTY GLOBAL ORD A|LIBERTY INTATV SRS A|LINEAR TECHNOLOGY|LIBERTY MEDIA SRS A|LIBERTY MEDIA C|MARRIOT INT CL A|MATTEL INC|MONDELEZ INTL CMN A|MONSTER BEVERAGE CP|MICROSOFT CORP|MICRON TECHNOLOGY|MAXIM INTEGRATED|MYLAN INC|NETFLIX, INC.|NETAPP, INC.|NVIDIA CORPORATION|NXP SEMICONDUCTORS|O'REILLY AUTOMOTIVE|PAYCHEX, INC.|PACCAR INC.|THE PRICELINE GP CM|QUALCOMM INC|REGENERON PHARMACEUT|ROSS STORES, INC.|SBA COMMUNICATIONS|STARBUCKS CORP|SIGMA ALDRICH CORP|SIRIUS XM HOLDINGS I|SANDISK CORPORATION|STAPLES, INC.|STERICYCLE, INC.|SEAGATE TECHNOLOGY|SYMANTEC CORPORATION|TRIPADVISOR, INC.|TRACTOR SUPPLY CO|TESLA MOTORS INC|TEXAS INSTRUMENTS|VIACOM INC CL B|VIMPELCOM LTD|VODAFONE GRP PLC ADS|VERISK ANALYTICS INC|VERTEX PHARMACEUTIC|WESTERN DIGITAL CP|WHOLE FOODS MARKET|WYNN RESORTS LIMITED|XILINX, INC.|YAHOO! INC."
2014-08-07,2014-10-06,103,AAPL|ADBE|ADI|ADP|ADSK|AKAM|ALTR|ALXN|AMAT|AMGN|AMZN|ATVI|AVGO|BBBY|BIDU|BIIB|BRCM|CA|CELG|CERN|CHKP|CHRW|CHTR|CMCSA|COST|CSCO|CTRX|CTSH|CTXS|DISCA|DISCK|DISH|DLTR|DTV|EBAY|EQIX|ESRX|EXPD|EXPE|FAST|FB|FFIV|FISV|FOXA|GILD|GMCR|GOOG|GOOGL|GRMN|HSIC|ILMN|INTC|INTU|ISRG|KLAC|KRFT|LBTYA|LINTA|LLTC|LMCA|LMCK|MAR|MAT|MDLZ|MNST|MSFT|MU|MXIM|MYL|NFLX|NTAP|NVDA|NXPI|ORLY|PAYX|PCAR|PCLN|QCOM|REGN|ROST|SBAC|SBUX|SIAL|SIRI|SNDK|SPLS|SRCL|STX|SYMC|TRIP|TSCO|TSLA|TXN|VIAB|VIP|VOD|VRSK|VRTX|WDC|WFM|WYNN|XLNX|YHOO,"APPLE INC.|ADOBE SYSTEMS INC|ANALOG DEVICES CMN|AUTOMATIC DATA PROCS|AUTODESK INC|AKAMAI TECHNOLOGIES|ALTERA CORP|ALEXION PHARM INC|APPLIED MATERIALS|AMGEN|AMAZON.COM INC|ACTIVISION BLIZZARD|AVAGO TECHNOLOGIES L|BED BATH & BEYOND|BAIDU, INC.|BIOGEN IDEC INC|BROADCOM CORP|CA INC|CELGENE CORP|CERNER CORP|CHECK POINT SOFTWARE|C.H. ROBINSON WW|CHARTER COMMUNICATIO|COMCAST CORP A|COSTCO WHOLESALE|CISCO SYSTEMS INC|CATAMARAN CORPORATIO|COGNIZANT TECH SOL|CITRIX SYSTEMS INC|DISCOVERY COMM A|DISCOVERY COMM INC|DISH NETWORK CORP|DOLLAR TREE INC|DIRECTV|EBAY INC.|EQUINIX, INC.|EXPRESS SCRIPTS|EXPEDITORS INTL|EXPEDIA, INC. NEW|FASTENAL CO|FACEBOOK INC|F5 NETWORKS, INC.|FISERV, INC.|21ST CENTRY FOX A CM|GILEAD SCIENCES, INC|KEURIG GREEN MTN CMN|GOOGLE INC CL C CAP|GOOGLE INC CL A CMN|GARMIN LTD|HENRY SCHEIN, INC.|ILLUMINA, INC.|INTEL CORP|INTUIT INC|INTUITIVE SURG, INC.|K L A-TENCOR CORP|KRAFT FOODS GROUP|LIBERTY GLOBAL ORD A|LIBERTY INTATV SRS A|LINEAR TECHNOLOGY|LIBERTY MEDIA SRS A|LIBERTY MEDIA C|MARRIOT INT CL A|MATTEL INC|MONDELEZ INTL CMN A|MONSTER BEVERAGE CP|MICROSOFT CORP|MICRON TECHNOLOGY|MAXIM INTEGRATED|MYLAN INC|NETFLIX, INC.|NETAPP, INC.|NVIDIA CORPORATION|NXP SEMICONDUCTORS|O'REILLY AUTOMOTIVE|PAYCHEX, INC.|PACCAR INC.|THE PRICELINE GP CM|QUALCOMM INC|REGENERON PHARMACEUT|ROSS STORES, INC.|SBA COMMUNICATIONS|STARBUCKS CORP|SIGMA ALDRICH CORP|SIRIUS XM HOLDINGS I|SANDISK CORPORATION|STAPLES, INC.|STERICYCLE, INC.|SEAGATE TECHNOLOGY|SYMANTEC CORPORATION|TRIPADVISOR, INC.|TRACTOR SUPPLY CO|TESLA MOTORS INC|TEXAS INSTRUMENTS|VIACOM INC CL B|VIMPELCOM LTD|VODAFONE GRP PLC ADS|VERISK ANALYTICS INC|VERTEX PHARMACEUTIC|WESTERN DIGITAL CP|WHOLE FOODS MARKET|WYNN RESORTS LIMITED|XILINX, INC.|YAHOO! INC."
2014-10-07,2014-10-14,103,AAPL|ADBE|ADI|ADP|ADSK|AKAM|ALTR|ALXN|AMAT|AMGN|AMZN|ATVI|AVGO|BBBY|BIDU|BIIB|BRCM|CA|CELG|CERN|CHKP|CHRW|CHTR|CMCSA|COST|CSCO|CTRX|CTSH|CTXS|DISCA|DISCK|DISH|DLTR|DTV|EBAY|EQIX|ESRX|EXPD|EXPE|FAST|FB|FFIV|FISV|FOXA|GILD|GMCR|GOOG|GOOGL|GRMN|HSIC|ILMN|INTC|INTU|ISRG|KLAC|KRFT|LBTYA|LLTC|LMCA|LMCK|MAR|MAT|MDLZ|MNST|MSFT|MU|MXIM|MYL|NFLX|NTAP|NVDA|NXPI|ORLY|PAYX|PCAR|PCLN|QCOM|QVCA|REGN|ROST|SBAC|SBUX|SIAL|SIRI|SNDK|SPLS|SRCL|STX|SYMC|TRIP|TSCO|TSLA|TXN|VIAB|VIP|VOD|VRSK|VRTX|WDC|WFM|WYNN|XLNX|YHOO,"APPLE INC.|ADOBE SYSTEMS INC|ANALOG DEVICES CMN|AUTOMATIC DATA PROCS|AUTODESK INC|AKAMAI TECHNOLOGIES|ALTERA CORP|ALEXION PHARM INC|APPLIED MATERIALS|AMGEN|AMAZON.COM INC|ACTIVISION BLIZZARD|AVAGO TECHNOLOGIES L|BED BATH & BEYOND|BAIDU, INC.|BIOGEN IDEC INC|BROADCOM CORP|CA INC|CELGENE CORP|CERNER CORP|CHECK POINT SOFTWARE|C.H. ROBINSON WW|CHARTER COMMUNICATIO|COMCAST CORP A|COSTCO WHOLESALE|CISCO SYSTEMS INC|CATAMARAN CORPORATIO|COGNIZANT TECH SOL|CITRIX SYSTEMS INC|DISCOVERY COMM A|DISCOVERY COMM INC|DISH NETWORK CORP|DOLLAR TREE INC|DIRECTV|EBAY INC.|EQUINIX, INC.|EXPRESS SCRIPTS|EXPEDITORS INTL|EXPEDIA, INC. NEW|FASTENAL CO|FACEBOOK INC|F5 NETWORKS, INC.|FISERV, INC.|21ST CENTRY FOX A CM|GILEAD SCIENCES, INC|KEURIG GREEN MTN CMN|GOOGLE INC CL C CAP|GOOGLE INC CL A CMN|GARMIN LTD|HENRY SCHEIN, INC.|ILLUMINA, INC.|INTEL CORP|INTUIT INC|INTUITIVE SURG, INC.|K L A-TENCOR CORP|KRAFT FOODS GROUP|LIBERTY GLOBAL ORD A|LINEAR TECHNOLOGY|LIBERTY MEDIA SRS A|LIBERTY MEDIA C|MARRIOT INT CL A|MATTEL INC|MONDELEZ INTL CMN A|MONSTER BEVERAGE CP|MICROSOFT CORP|MICRON TECHNOLOGY|MAXIM INTEGRATED|MYLAN INC|NETFLIX, INC.|NETAPP, INC.|NVIDIA CORPORATION|NXP SEMICONDUCTORS|O'REILLY AUTOMOTIVE|PAYCHEX, INC.|PACCAR INC.|THE PRICELINE GP CM|QUALCOMM INC|LIBERTY INTATV SRS A|REGENERON PHARMACEUT|ROSS STORES, INC.|SBA COMMUNICATIONS|STARBUCKS CORP|SIGMA ALDRICH CORP|SIRIUS XM HOLDINGS I|SANDISK CORPORATION|STAPLES, INC.|STERICYCLE, INC.|SEAGATE TECHNOLOGY|SYMANTEC CORPORATION|TRIPADVISOR, INC.|TRACTOR SUPPLY CO|TESLA MOTORS INC|TEXAS INSTRUMENTS|VIACOM INC CL B|VIMPELCOM LTD|VODAFONE GRP PLC ADS|VERISK ANALYTICS INC|VERTEX PHARMACEUTIC|WESTERN DIGITAL CP|WHOLE FOODS MARKET|WYNN RESORTS LIMITED|XILINX, INC.|YAHOO! INC."
2014-10-15,2014-12-19,104,AAPL|ADBE|ADI|ADP|ADSK|AKAM|ALTR|ALXN|AMAT|AMGN|AMZN|ATVI|AVGO|BBBY|BIDU|BIIB|BRCM|CA|CELG|CERN|CHKP|CHRW|CHTR|CMCSA|COST|CSCO|CTRX|CTSH|CTXS|DISCA|DISCK|DISH|DLTR|DTV|EBAY|EQIX|ESRX|EXPD|EXPE|FAST|FB|FFIV|FISV|FOXA|GILD|GMCR|GOOG|GOOGL|GRMN|HSIC|ILMN|INTC|INTU|ISRG|KLAC|KRFT|LBTYA|LLTC|LMCA|LMCK|LVNTA|MAR|MAT|MDLZ|MNST|MSFT|MU|MXIM|MYL|NFLX|NTAP|NVDA|NXPI|ORLY|PAYX|PCAR|PCLN|QCOM|QVCA|REGN|ROST|SBAC|SBUX|SIAL|SIRI|SNDK|SPLS|SRCL|STX|SYMC|TRIP|TSCO|TSLA|TXN|VIAB|VIP|VOD|VRSK|VRTX|WDC|WFM|WYNN|XLNX|YHOO,"APPLE INC.|ADOBE SYSTEMS INC|ANALOG DEVICES CMN|AUTOMATIC DATA PROCS|AUTODESK INC|AKAMAI TECHNOLOGIES|ALTERA CORP|ALEXION PHARM INC|APPLIED MATERIALS|AMGEN|AMAZON.COM INC|ACTIVISION BLIZZARD|AVAGO TECHNOLOGIES L|BED BATH & BEYOND|BAIDU, INC.|BIOGEN IDEC INC|BROADCOM CORP|CA INC|CELGENE CORP|CERNER CORP|CHECK POINT SOFTWARE|C.H. ROBINSON WW|CHARTER COMMUNICATIO|COMCAST CORP A|COSTCO WHOLESALE|CISCO SYSTEMS INC|CATAMARAN CORPORATIO|COGNIZANT TECH SOL|CITRIX SYSTEMS INC|DISCOVERY COMM A|DISCOVERY COMM INC|DISH NETWORK CORP|DOLLAR TREE INC|DIRECTV|EBAY INC.|EQUINIX, INC.|EXPRESS SCRIPTS|EXPEDITORS INTL|EXPEDIA, INC. NEW|FASTENAL CO|FACEBOOK INC|F5 NETWORKS, INC.|FISERV, INC.|21ST CENTRY FOX A CM|GILEAD SCIENCES, INC|KEURIG GREEN MTN CMN|GOOGLE INC CL C CAP|GOOGLE INC CL A CMN|GARMIN LTD|HENRY SCHEIN, INC.|ILLUMINA, INC.|INTEL CORP|INTUIT INC|INTUITIVE SURG, INC.|K L A-TENCOR CORP|KRAFT FOODS GROUP|LIBERTY GLOBAL ORD A|LINEAR TECHNOLOGY|LIBERTY MEDIA SRS A|LIBERTY MEDIA C|LIBERTY VNTRS SRS A|MARRIOT INT CL A|MATTEL INC|MONDELEZ INTL CMN A|MONSTER BEVERAGE CP|MICROSOFT CORP|MICRON TECHNOLOGY|MAXIM INTEGRATED|MYLAN INC|NETFLIX, INC.|NETAPP, INC.|NVIDIA CORPORATION|NXP SEMICONDUCTORS|O'REILLY AUTOMOTIVE|PAYCHEX, INC.|PACCAR INC.|THE PRICELINE GP CM|QUALCOMM INC|LIBERTY INTATV SRS A|REGENERON PHARMACEUT|ROSS STORES, INC.|SBA COMMUNICATIONS|STARBUCKS CORP|SIGMA ALDRICH CORP|SIRIUS XM HOLDINGS I|SANDISK CORPORATION|STAPLES, INC.|STERICYCLE, INC.|SEAGATE TECHNOLOGY|SYMANTEC CORPORATION|TRIPADVISOR, INC.|TRACTOR SUPPLY CO|TESLA MOTORS INC|TEXAS INSTRUMENTS|VIACOM INC CL B|VIMPELCOM LTD|VODAFONE GRP PLC ADS|VERISK ANALYTICS INC|VERTEX PHARMACEUTIC|WESTERN DIGITAL CP|WHOLE FOODS MARKET|WYNN RESORTS LIMITED|XILINX, INC.|YAHOO! INC."
2014-12-22,2015-03-20,107,AAL|AAPL|ADBE|ADI|ADP|ADSK|AKAM|ALTR|ALXN|AMAT|AMGN|AMZN|ATVI|AVGO|BBBY|BIDU|BIIB|BRCM|CA|CELG|CERN|CHKP|CHRW|CHTR|CMCSA|CMCSK|COST|CSCO|CTRX|CTSH|CTXS|DISCA|DISCK|DISH|DLTR|DTV|EA|EBAY|EQIX|ESRX|EXPD|FAST|FB|FISV|FOX|FOXA|GILD|GMCR|GOOG|GOOGL|GRMN|HSIC|ILMN|INTC|INTU|ISRG|KLAC|KRFT|LBTYA|LBTYK|LLTC|LMCA|LMCK|LRCX|LVNTA|MAR|MAT|MDLZ|MNST|MSFT|MU|MYL|NFLX|NTAP|NVDA|NXPI|ORLY|PAYX|PCAR|PCLN|QCOM|QVCA|REGN|ROST|SBAC|SBUX|SIAL|SIRI|SNDK|SPLS|SRCL|STX|SYMC|TRIP|TSCO|TSLA|TXN|VIAB|VIP|VOD|VRSK|VRTX|WDC|WFM|WYNN|XLNX|YHOO,"AMERICAN AIRLINES GP|APPLE INC.|ADOBE SYSTEMS INC|ANALOG DEVICES CMN|AUTOMATIC DATA PROCS|AUTODESK INC|AKAMAI TECHNOLOGIES|ALTERA CORP|ALEXION PHARM INC|APPLIED MATERIALS|AMGEN|AMAZON.COM INC|ACTIVISION BLIZZARD|AVAGO TECHNOLOGIES L|BED BATH & BEYOND|BAIDU, INC.|BIOGEN IDEC INC|BROADCOM CORP|CA INC|CELGENE CORP|CERNER CORP|CHECK POINT SOFTWARE|C.H. ROBINSON WW|CHARTER COMMUNICATIO|COMCAST CORP A|COMCAST CL A SPCL|COSTCO WHOLESALE|CISCO SYSTEMS INC|CATAMARAN CORPORATIO|COGNIZANT TECH SOL|CITRIX SYSTEMS INC|DISCOVERY COMM A|DISCOVERY COMM INC|DISH NETWORK CORP|DOLLAR TREE INC|DIRECTV|ELECTRONIC ARTS INC|EBAY INC.|EQUINIX, INC.|EXPRESS SCRIPTS|EXPEDITORS INTL|FASTENAL CO|FACEBOOK INC|FISERV, INC.|21ST CENTRY FOX B CM|21ST CENTRY FOX A CM|GILEAD SCIENCES, INC|KEURIG GREEN MTN CMN|GOOGLE INC CL C CAP|GOOGLE INC CL A CMN|GARMIN LTD|HENRY SCHEIN, INC.|ILLUMINA, INC.|INTEL CORP|INTUIT INC|INTUITIVE SURG, INC.|K L A-TENCOR CORP|KRAFT FOODS GROUP|LIBERTY GLOBAL ORD A|LIBERTY GLOBAL ORD C|LINEAR TECHNOLOGY|LIBERTY MEDIA SRS A|LIBERTY MEDIA C|LAM RESEARCH CORP|LIBERTY VNTRS SRS A|MARRIOT INT CL A|MATTEL INC|MONDELEZ INTL CMN A|MONSTER BEVERAGE CP|MICROSOFT CORP|MICRON TECHNOLOGY|MYLAN INC|NETFLIX, INC.|NETAPP, INC.|NVIDIA CORPORATION|NXP SEMICONDUCTORS|O'REILLY AUTOMOTIVE|PAYCHEX, INC.|PACCAR INC.|THE PRICELINE GP CM|QUALCOMM INC|LIBERTY INTATV SRS A|REGENERON PHARMACEUT|ROSS STORES, INC.|SBA COMMUNICATIONS|STARBUCKS CORP|SIGMA ALDRICH CORP|SIRIUS XM HOLDINGS I|SANDISK CORPORATION|STAPLES, INC.|STERICYCLE, INC.|SEAGATE TECHNOLOGY|SYMANTEC CORPORATION|TRIPADVISOR, INC.|TRACTOR SUPPLY CO|TESLA MOTORS INC|TEXAS INSTRUMENTS|VIACOM INC CL B|VIMPELCOM LTD|VODAFONE GRP PLC ADS|VERISK ANALYTICS INC|VERTEX PHARMACEUTIC|WESTERN DIGITAL CP|WHOLE FOODS MARKET|WYNN RESORTS LIMITED|XILINX, INC.|YAHOO! INC."
2015-03-23,2015-07-01,107,AAL|AAPL|ADBE|ADI|ADP|ADSK|AKAM|ALTR|ALXN|AMAT|AMGN|AMZN|ATVI|AVGO|BBBY|BIDU|BIIB|BRCM|CA|CELG|CERN|CHKP|CHRW|CHTR|CMCSA|CMCSK|COST|CSCO|CTRX|CTSH|CTXS|DISCA|DISCK|DISH|DLTR|DTV|EA|EBAY|ESRX|EXPD|FAST|FB|FISV|FOX|FOXA|GILD|GMCR|GOOG|GOOGL|GRMN|HSIC|ILMN|INTC|INTU|ISRG|KLAC|KRFT|LBTYA|LBTYK|LLTC|LMCA|LMCK|LRCX|LVNTA|MAR|MAT|MDLZ|MNST|MSFT|MU|MYL|NFLX|NTAP|NVDA|NXPI|ORLY|PAYX|PCAR|PCLN|QCOM|QVCA|REGN|ROST|SBAC|SBUX|SIAL|SIRI|SNDK|SPLS|SRCL|STX|SYMC|TRIP|TSCO|TSLA|TXN|VIAB|VIP|VOD|VRSK|VRTX|WBA|WDC|WFM|WYNN|XLNX|YHOO,"AMERICAN AIRLINES GP|APPLE INC.|ADOBE SYSTEMS INC|ANALOG DEVICES CMN|AUTOMATIC DATA PROCS|AUTODESK INC|AKAMAI TECHNOLOGIES|ALTERA CORP|ALEXION PHARM INC|APPLIED MATERIALS|AMGEN|AMAZON.COM INC|ACTIVISION BLIZZARD|AVAGO TECHNOLOGIES L|BED BATH & BEYOND|BAIDU, INC.|BIOGEN IDEC INC|BROADCOM CORP|CA INC|CELGENE CORP|CERNER CORP|CHECK POINT SOFTWARE|C.H. ROBINSON WW|CHARTER COMMUNICATIO|COMCAST CORP A|COMCAST CL A SPCL|COSTCO WHOLESALE|CISCO SYSTEMS INC|CATAMARAN CORPORATIO|COGNIZANT TECH SOL|CITRIX SYSTEMS INC|DISCOVERY COMM A|DISCOVERY COMM INC|DISH NETWORK CORP|DOLLAR TREE INC|DIRECTV|ELECTRONIC ARTS INC|EBAY INC.|EXPRESS SCRIPTS|EXPEDITORS INTL|FASTENAL CO|FACEBOOK INC|FISERV, INC.|21ST CENTRY FOX B CM|21ST CENTRY FOX A CM|GILEAD SCIENCES, INC|KEURIG GREEN MTN CMN|GOOGLE INC CL C CAP|GOOGLE INC CL A CMN|GARMIN LTD|HENRY SCHEIN, INC.|ILLUMINA, INC.|INTEL CORP|INTUIT INC|INTUITIVE SURG, INC.|K L A-TENCOR CORP|KRAFT FOODS GROUP|LIBERTY GLOBAL ORD A|LIBERTY GLOBAL ORD C|LINEAR TECHNOLOGY|LIBERTY MEDIA SRS A|LIBERTY MEDIA C|LAM RESEARCH CORP|LIBERTY VNTRS SRS A|MARRIOT INT CL A|MATTEL INC|MONDELEZ INTL CMN A|MONSTER BEVERAGE CP|MICROSOFT CORP|MICRON TECHNOLOGY|MYLAN NV ORD SHS|NETFLIX, INC.|NETAPP, INC.|NVIDIA CORPORATION|NXP SEMICONDUCTORS|O'REILLY AUTOMOTIVE|PAYCHEX, INC.|PACCAR INC.|THE PRICELINE GP CM|QUALCOMM INC|LIBERTY INTATV SRS A|REGENERON PHARMACEUT|ROSS STORES, INC.|SBA COMMUNICATIONS|STARBUCKS CORP|SIGMA ALDRICH CORP|SIRIUS XM HOLDINGS I|SANDISK CORPORATION|STAPLES, INC.|STERICYCLE, INC.|SEAGATE TECHNOLOGY|SYMANTEC CORPORATION|TRIPADVISOR, INC.|TRACTOR SUPPLY CO|TESLA MOTORS INC|TEXAS INSTRUMENTS|VIACOM INC CL B|VIMPELCOM LTD|VODAFONE GRP PLC ADS|VERISK ANALYTICS INC|VERTEX PHARMACEUTIC|WALGREENS BTS ALN CM|WESTERN DIGITAL CP|WHOLE FOODS MARKET|WYNN RESORTS LIMITED|XILINX, INC.|YAHOO! INC."
2015-07-02,2015-07-02,109,AAL|AAPL|ADBE|ADI|ADP|ADSK|AKAM|ALTR|ALXN|AMAT|AMGN|AMZN|ATVI|AVGO|BBBY|BIDU|BIIB|BRCM|CA|CELG|CERN|CHKP|CHRW|CHTR|CMCSA|CMCSK|COST|CSCO|CTRX|CTSH|CTXS|DISCA|DISCK|DISH|DLTR|DTV|EA|EBAY|ESRX|EXPD|FAST|FB|FISV|FOX|FOXA|GILD|GMCR|GOOG|GOOGL|GRMN|HSIC|ILMN|INTC|INTU|ISRG|KLAC|KRFT|LBTYA|LBTYK|LILA|LILAK|LLTC|LMCA|LMCK|LRCX|LVNTA|MAR|MAT|MDLZ|MNST|MSFT|MU|MYL|NFLX|NTAP|NVDA|NXPI|ORLY|PAYX|PCAR|PCLN|QCOM|QVCA|REGN|ROST|SBAC|SBUX|SIAL|SIRI|SNDK|SPLS|SRCL|STX|SYMC|TRIP|TSCO|TSLA|TXN|VIAB|VIP|VOD|VRSK|VRTX|WBA|WDC|WFM|WYNN|XLNX|YHOO,"AMERICAN AIRLINES GP|APPLE INC.|ADOBE SYSTEMS INC|ANALOG DEVICES CMN|AUTOMATIC DATA PROCS|AUTODESK INC|AKAMAI TECHNOLOGIES|ALTERA CORP|ALEXION PHARM INC|APPLIED MATERIALS|AMGEN|AMAZON.COM INC|ACTIVISION BLIZZARD|AVAGO TECHNOLOGIES L|BED BATH & BEYOND|BAIDU, INC.|BIOGEN INC CMN|BROADCOM CORP|CA INC|CELGENE CORP|CERNER CORP|CHECK POINT SOFTWARE|C.H. ROBINSON WW|CHARTER COMMUNICATIO|COMCAST CORP A|COMCAST CL A SPCL|COSTCO WHOLESALE|CISCO SYSTEMS INC|CATAMARAN CORPORATIO|COGNIZANT TECH SOL|CITRIX SYSTEMS INC|DISCOVERY COMM A|DISCOVERY COMM INC|DISH NETWORK CORP|DOLLAR TREE INC|DIRECTV|ELECTRONIC ARTS INC|EBAY INC.|EXPRESS SCRIPTS|EXPEDITORS INTL|FASTENAL CO|FACEBOOK INC|FISERV, INC.|21ST CENTRY FOX B CM|21ST CENTRY FOX A CM|GILEAD SCIENCES, INC|KEURIG GREEN MTN CMN|GOOGLE INC CL C CAP|GOOGLE INC CL A CMN|GARMIN LTD|HENRY SCHEIN, INC.|ILLUMINA, INC.|INTEL CORP|INTUIT INC|INTUITIVE SURG, INC.|K L A-TENCOR CORP|KRAFT FOODS GROUP|LIBERTY GLOBAL ORD A|LIBERTY GLOBAL ORD C|LIBERTY LILAC CL A|LIBERTY LILAC CL C|LINEAR TECHNOLOGY|LIBERTY MEDIA SRS A|LIBERTY MEDIA C|LAM RESEARCH CORP|LIBERTY VNTRS SRS A|MARRIOT INT CL A|MATTEL INC|MONDELEZ INTL CMN A|MONSTER BEVERAGE CP|MICROSOFT CORP|MICRON TECHNOLOGY|MYLAN NV ORD SHS|NETFLIX, INC.|NETAPP, INC.|NVIDIA CORPORATION|NXP SEMICONDUCTORS|O'REILLY AUTOMOTIVE|PAYCHEX, INC.|PACCAR INC.|THE PRICELINE GP CM|QUALCOMM INC|LIBERTY INT QVC SR A|REGENERON PHARMACEUT|ROSS STORES, INC.|SBA COMMUNICATIONS|STARBUCKS CORP|SIGMA ALDRICH CORP|SIRIUS XM HOLDINGS I|SANDISK CORPORATION|STAPLES, INC.|STERICYCLE, INC.|SEAGATE TECHNOLOGY|SYMANTEC CORPORATION|TRIPADVISOR, INC.|TRACTOR SUPPLY CO|TESLA MOTORS INC|TEXAS INSTRUMENTS|VIACOM INC CL B|VIMPELCOM LTD|VODAFONE GRP PLC ADS|VERISK ANALYTICS INC|VERTEX PHARMACEUTIC|WALGREENS BTS ALN CM|WESTERN DIGITAL CP|WHOLE FOODS MARKET|WYNN RESORTS LIMITED|XILINX, INC.|YAHOO! INC."
2015-07-06,2015-07-23,109,AAL|AAPL|ADBE|ADI|ADP|ADSK|AKAM|ALTR|ALXN|AMAT|AMGN|AMZN|ATVI|AVGO|BBBY|BIDU|BIIB|BRCM|CA|CELG|CERN|CHKP|CHRW|CHTR|CMCSA|CMCSK|COST|CSCO|CTRX|CTSH|CTXS|DISCA|DISCK|DISH|DLTR|DTV|EA|EBAY|ESRX|EXPD|FAST|FB|FISV|FOX|FOXA|GILD|GMCR|GOOG|GOOGL|GRMN|HSIC|ILMN|INTC|INTU|ISRG|KHC|KLAC|LBTYA|LBTYK|LILA|LILAK|LLTC|LMCA|LMCK|LRCX|LVNTA|MAR|MAT|MDLZ|MNST|MSFT|MU|MYL|NFLX|NTAP|NVDA|NXPI|ORLY|PAYX|PCAR|PCLN|QCOM|QVCA|REGN|ROST|SBAC|SBUX|SIAL|SIRI|SNDK|SPLS|SRCL|STX|SYMC|TRIP|TSCO|TSLA|TXN|VIAB|VIP|VOD|VRSK|VRTX|WBA|WDC|WFM|WYNN|XLNX|YHOO,"AMERICAN AIRLINES GP|APPLE INC.|ADOBE SYSTEMS INC|ANALOG DEVICES CMN|AUTOMATIC DATA PROCS|AUTODESK INC|AKAMAI TECHNOLOGIES|ALTERA CORP|ALEXION PHARM INC|APPLIED MATERIALS|AMGEN|AMAZON.COM INC|ACTIVISION BLIZZARD|AVAGO TECHNOLOGIES L|BED BATH & BEYOND|BAIDU, INC.|BIOGEN INC CMN|BROADCOM CORP|CA INC|CELGENE CORP|CERNER CORP|CHECK POINT SOFTWARE|C.H. ROBINSON WW|CHARTER COMMUNICATIO|COMCAST CORP A|COMCAST CL A SPCL|COSTCO WHOLESALE|CISCO SYSTEMS INC|CATAMARAN CORPORATIO|COGNIZANT TECH SOL|CITRIX SYSTEMS INC|DISCOVERY COMM A|DISCOVERY COMM INC|DISH NETWORK CORP|DOLLAR TREE INC|DIRECTV|ELECTRONIC ARTS INC|EBAY INC.|EXPRESS SCRIPTS|EXPEDITORS INTL|FASTENAL CO|FACEBOOK INC|FISERV, INC.|21ST CENTRY FOX B CM|21ST CENTRY FOX A CM|GILEAD SCIENCES, INC|KEURIG GREEN MTN CMN|GOOGLE INC CL C CAP|GOOGLE INC CL A CMN|GARMIN LTD|HENRY SCHEIN, INC.|ILLUMINA, INC.|INTEL CORP|INTUIT INC|INTUITIVE SURG, INC.|KRAFT HEINZ CO CMN|K L A-TENCOR CORP|LIBERTY GLOBAL ORD A|LIBERTY GLOBAL ORD C|LIBERTY LILAC CL A|LIBERTY LILAC CL C|LINEAR TECHNOLOGY|LIBERTY MEDIA SRS A|LIBERTY MEDIA C|LAM RESEARCH CORP|LIBERTY VNTRS SRS A|MARRIOT INT CL A|MATTEL INC|MONDELEZ INTL CMN A|MONSTER BEVERAGE CP|MICROSOFT CORP|MICRON TECHNOLOGY|MYLAN NV ORD SHS|NETFLIX, INC.|NETAPP, INC.|NVIDIA CORPORATION|NXP SEMICONDUCTORS|O'REILLY AUTOMOTIVE|PAYCHEX, INC.|PACCAR INC.|THE PRICELINE GP CM|QUALCOMM INC|LIBERTY INT QVC SR A|REGENERON PHARMACEUT|ROSS STORES, INC.|SBA COMMUNICATIONS|STARBUCKS CORP|SIGMA ALDRICH CORP|SIRIUS XM HOLDINGS I|SANDISK CORPORATION|STAPLES, INC.|STERICYCLE, INC.|SEAGATE TECHNOLOGY|SYMANTEC CORPORATION|TRIPADVISOR, INC.|TRACTOR SUPPLY CO|TESLA MOTORS INC|TEXAS INSTRUMENTS|VIACOM INC CL B|VIMPELCOM LTD|VODAFONE GRP PLC ADS|VERISK ANALYTICS INC|VERTEX PHARMACEUTIC|WALGREENS BTS ALN CM|WESTERN DIGITAL CP|WHOLE FOODS MARKET|WYNN RESORTS LIMITED|XILINX, INC.|YAHOO! INC."
2015-07-24,2015-07-24,108,AAL|AAPL|ADBE|ADI|ADP|ADSK|AKAM|ALTR|ALXN|AMAT|AMGN|AMZN|ATVI|AVGO|BBBY|BIDU|BIIB|BRCM|CA|CELG|CERN|CHKP|CHRW|CHTR|CMCSA|CMCSK|COST|CSCO|CTSH|CTXS|DISCA|DISCK|DISH|DLTR|DTV|EA|EBAY|ESRX|EXPD|FAST|FB|FISV|FOX|FOXA|GILD|GMCR|GOOG|GOOGL|GRMN|HSIC|ILMN|INTC|INTU|ISRG|KHC|KLAC|LBTYA|LBTYK|LILA|LILAK|LLTC|LMCA|LMCK|LRCX|LVNTA|MAR|MAT|MDLZ|MNST|MSFT|MU|MYL|NFLX|NTAP|NVDA|NXPI|ORLY|PAYX|PCAR|PCLN|QCOM|QVCA|REGN|ROST|SBAC|SBUX|SIAL|SIRI|SNDK|SPLS|SRCL|STX|SYMC|TRIP|TSCO|TSLA|TXN|VIAB|VIP|VOD|VRSK|VRTX|WBA|WDC|WFM|WYNN|XLNX|YHOO,"AMERICAN AIRLINES GP|APPLE INC.|ADOBE SYSTEMS INC|ANALOG DEVICES CMN|AUTOMATIC DATA PROCS|AUTODESK INC|AKAMAI TECHNOLOGIES|ALTERA CORP|ALEXION PHARM INC|APPLIED MATERIALS|AMGEN|AMAZON.COM INC|ACTIVISION BLIZZARD|AVAGO TECHNOLOGIES L|BED BATH & BEYOND|BAIDU, INC.|BIOGEN INC CMN|BROADCOM CORP|CA INC|CELGENE CORP|CERNER CORP|CHECK POINT SOFTWARE|C.H. ROBINSON WW|CHARTER COMMUNICATIO|COMCAST CORP A|COMCAST CL A SPCL|COSTCO WHOLESALE|CISCO SYSTEMS INC|COGNIZANT TECH SOL|CITRIX SYSTEMS INC|DISCOVERY COMM A|DISCOVERY COMM INC|DISH NETWORK CORP|DOLLAR TREE INC|DIRECTV|ELECTRONIC ARTS INC|EBAY INC.|EXPRESS SCRIPTS|EXPEDITORS INTL|FASTENAL CO|FACEBOOK INC|FISERV, INC.|21ST CENTRY FOX B CM|21ST CENTRY FOX A CM|GILEAD SCIENCES, INC|KEURIG GREEN MTN CMN|GOOGLE INC CL C CAP|GOOGLE INC CL A CMN|GARMIN LTD|HENRY SCHEIN, INC.|ILLUMINA, INC.|INTEL CORP|INTUIT INC|INTUITIVE SURG, INC.|KRAFT HEINZ CO CMN|K L A-TENCOR CORP|LIBERTY GLOBAL ORD A|LIBERTY GLOBAL ORD C|LIBERTY LILAC CL A|LIBERTY LILAC CL C|LINEAR TECHNOLOGY|LIBERTY MEDIA SRS A|LIBERTY MEDIA C|LAM RESEARCH CORP|LIBERTY VNTRS SRS A|MARRIOT INT CL A|MATTEL INC|MONDELEZ INTL CMN A|MONSTER BEVERAGE CP|MICROSOFT CORP|MICRON TECHNOLOGY|MYLAN NV ORD SHS|NETFLIX, INC.|NETAPP, INC.|NVIDIA CORPORATION|NXP SEMICONDUCTORS|O'REILLY AUTOMOTIVE|PAYCHEX, INC.|PACCAR INC.|THE PRICELINE GP CM|QUALCOMM INC|LIBERTY INT QVC SR A|REGENERON PHARMACEUT|ROSS STORES, INC.|SBA COMMUNICATIONS|STARBUCKS CORP|SIGMA ALDRICH CORP|SIRIUS XM HOLDINGS I|SANDISK CORPORATION|STAPLES, INC.|STERICYCLE, INC.|SEAGATE TECHNOLOGY|SYMANTEC CORPORATION|TRIPADVISOR, INC.|TRACTOR SUPPLY CO|TESLA MOTORS INC|TEXAS INSTRUMENTS|VIACOM INC CL B|VIMPELCOM LTD|VODAFONE GRP PLC ADS|VERISK ANALYTICS INC|VERTEX PHARMACEUTIC|WALGREENS BTS ALN CM|WESTERN DIGITAL CP|WHOLE FOODS MARKET|WYNN RESORTS LIMITED|XILINX, INC.|YAHOO! INC."
2015-07-27,2015-07-28,108,AAL|AAPL|ADBE|ADI|ADP|ADSK|AKAM|ALTR|ALXN|AMAT|AMGN|AMZN|ATVI|AVGO|BBBY|BIDU|BIIB|BMRN|BRCM|CA|CELG|CERN|CHKP|CHRW|CHTR|CMCSA|CMCSK|COST|CSCO|CTSH|CTXS|DISCA|DISCK|DISH|DLTR|EA|EBAY|ESRX|EXPD|FAST|FB|FISV|FOX|FOXA|GILD|GMCR|GOOG|GOOGL|GRMN|HSIC|ILMN|INTC|INTU|ISRG|KHC|KLAC|LBTYA|LBTYK|LILA|LILAK|LLTC|LMCA|LMCK|LRCX|LVNTA|MAR|MAT|MDLZ|MNST|MSFT|MU|MYL|NFLX|NTAP|NVDA|NXPI|ORLY|PAYX|PCAR|PCLN|QCOM|QVCA|REGN|ROST|SBAC|SBUX|SIAL|SIRI|SNDK|SPLS|SRCL|STX|SYMC|TRIP|TSCO|TSLA|TXN|VIAB|VIP|VOD|VRSK|VRTX|WBA|WDC|WFM|WYNN|XLNX|YHOO,"AMERICAN AIRLINES GP|APPLE INC.|ADOBE SYSTEMS INC|ANALOG DEVICES CMN|AUTOMATIC DATA PROCS|AUTODESK INC|AKAMAI TECHNOLOGIES|ALTERA CORP|ALEXION PHARM INC|APPLIED MATERIALS|AMGEN|AMAZON.COM INC|ACTIVISION BLIZZARD|AVAGO TECHNOLOGIES L|BED BATH & BEYOND|BAIDU, INC.|BIOGEN INC CMN|BIOMARIN PHARMACEUT|BROADCOM CORP|CA INC|CELGENE CORP|CERNER CORP|CHECK POINT SOFTWARE|C.H. ROBINSON WW|CHARTER COMMUNICATIO|COMCAST CORP A|COMCAST CL A SPCL|COSTCO WHOLESALE|CISCO SYSTEMS INC|COGNIZANT TECH SOL|CITRIX SYSTEMS INC|DISCOVERY COMM A|DISCOVERY COMM INC|DISH NETWORK CORP|DOLLAR TREE INC|ELECTRONIC ARTS INC|EBAY INC.|EXPRESS SCRIPTS|EXPEDITORS INTL|FASTENAL CO|FACEBOOK INC|FISERV, INC.|21ST CENTRY FOX B CM|21ST CENTRY FOX A CM|GILEAD SCIENCES, INC|KEURIG GREEN MTN CMN|GOOGLE INC CL C CAP|GOOGLE INC CL A CMN|GARMIN LTD|HENRY SCHEIN, INC.|ILLUMINA, INC.|INTEL CORP|INTUIT INC|INTUITIVE SURG, INC.|KRAFT HEINZ CO CMN|K L A-TENCOR CORP|LIBERTY GLOBAL ORD A|LIBERTY GLOBAL ORD C|LIBERTY LILAC CL A|LIBERTY LILAC CL C|LINEAR TECHNOLOGY|LIBERTY MEDIA SRS A|LIBERTY MEDIA C|LAM RESEARCH CORP|LIBERTY VNTRS SRS A|MARRIOT INT CL A|MATTEL INC|MONDELEZ INTL CMN A|MONSTER BEVERAGE CP|MICROSOFT CORP|MICRON TECHNOLOGY|MYLAN NV ORD SHS|NETFLIX, INC.|NETAPP, INC.|NVIDIA CORPORATION|NXP SEMICONDUCTORS|O'REILLY AUTOMOTIVE|PAYCHEX, INC.|PACCAR INC.|THE PRICELINE GP CM|QUALCOMM INC|LIBERTY INT QVC SR A|REGENERON PHARMACEUT|ROSS STORES, INC.|SBA COMMUNICATIONS|STARBUCKS CORP|SIGMA ALDRICH CORP|SIRIUS XM HOLDINGS I|SANDISK CORPORATION|STAPLES, INC.|STERICYCLE, INC.|SEAGATE TECHNOLOGY|SYMANTEC CORPORATION|TRIPADVISOR, INC.|TRACTOR SUPPLY CO|TESLA MOTORS INC|TEXAS INSTRUMENTS|VIACOM INC CL B|VIMPELCOM LTD|VODAFONE GRP PLC ADS|VERISK ANALYTICS INC|VERTEX PHARMACEUTIC|WALGREENS BTS ALN CM|WESTERN DIGITAL CP|WHOLE FOODS MARKET|WYNN RESORTS LIMITED|XILINX, INC.|YAHOO! INC."
2015-07-29,2015-07-31,109,AAL|AAPL|ADBE|ADI|ADP|ADSK|AKAM|ALTR|ALXN|AMAT|AMGN|AMZN|ATVI|AVGO|BBBY|BIDU|BIIB|BMRN|BRCM|CA|CELG|CERN|CHKP|CHRW|CHTR|CMCSA|CMCSK|COST|CSCO|CTSH|CTXS|DISCA|DISCK|DISH|DLTR|EA|EBAY|ESRX|EXPD|FAST|FB|FISV|FOX|FOXA|GILD|GMCR|GOOG|GOOGL|GRMN|HSIC|ILMN|INTC|INTU|ISRG|JD|KHC|KLAC|LBTYA|LBTYK|LILA|LILAK|LLTC|LMCA|LMCK|LRCX|LVNTA|MAR|MAT|MDLZ|MNST|MSFT|MU|MYL|NFLX|NTAP|NVDA|NXPI|ORLY|PAYX|PCAR|PCLN|QCOM|QVCA|REGN|ROST|SBAC|SBUX|SIAL|SIRI|SNDK|SPLS|SRCL|STX|SYMC|TRIP|TSCO|TSLA|TXN|VIAB|VIP|VOD|VRSK|VRTX|WBA|WDC|WFM|WYNN|XLNX|YHOO,"AMERICAN AIRLINES GP|APPLE INC.|ADOBE SYSTEMS INC|ANALOG DEVICES CMN|AUTOMATIC DATA PROCS|AUTODESK INC|AKAMAI TECHNOLOGIES|ALTERA CORP|ALEXION PHARM INC|APPLIED MATERIALS|AMGEN|AMAZON.COM INC|ACTIVISION BLIZZARD|AVAGO TECHNOLOGIES L|BED BATH & BEYOND|BAIDU, INC.|BIOGEN INC CMN|BIOMARIN PHARMACEUT|BROADCOM CORP|CA INC|CELGENE CORP|CERNER CORP|CHECK POINT SOFTWARE|C.H. ROBINSON WW|CHARTER COMMUNICATIO|COMCAST CORP A|COMCAST CL A SPCL|COSTCO WHOLESALE|CISCO SYSTEMS INC|COGNIZANT TECH SOL|CITRIX SYSTEMS INC|DISCOVERY COMM A|DISCOVERY COMM INC|DISH NETWORK CORP|DOLLAR TREE INC|ELECTRONIC ARTS INC|EBAY INC.|EXPRESS SCRIPTS|EXPEDITORS INTL|FASTENAL CO|FACEBOOK INC|FISERV, INC.|21ST CENTRY FOX B CM|21ST CENTRY FOX A CM|GILEAD SCIENCES, INC|KEURIG GREEN MTN CMN|GOOGLE INC CL C CAP|GOOGLE INC CL A CMN|GARMIN LTD|HENRY SCHEIN, INC.|ILLUMINA, INC.|INTEL CORP|INTUIT INC|INTUITIVE SURG, INC.|JD.COM, INC. ADS|KRAFT HEINZ CO CMN|K L A-TENCOR CORP|LIBERTY GLOBAL ORD A|LIBERTY GLOBAL ORD C|LIBERTY LILAC CL A|LIBERTY LILAC CL C|LINEAR TECHNOLOGY|LIBERTY MEDIA SRS A|LIBERTY MEDIA C|LAM RESEARCH CORP|LIBERTY VNTRS SRS A|MARRIOT INT CL A|MATTEL INC|MONDELEZ INTL CMN A|MONSTER BEVERAGE CP|MICROSOFT CORP|MICRON TECHNOLOGY|MYLAN NV ORD SHS|NETFLIX, INC.|NETAPP, INC.|NVIDIA CORPORATION|NXP SEMICONDUCTORS|O'REILLY AUTOMOTIVE|PAYCHEX, INC.|PACCAR INC.|THE PRICELINE GP CM|QUALCOMM INC|LIBERTY INT QVC SR A|REGENERON PHARMACEUT|ROSS STORES, INC.|SBA COMMUNICATIONS|STARBUCKS CORP|SIGMA ALDRICH CORP|SIRIUS XM HOLDINGS I|SANDISK CORPORATION|STAPLES, INC.|STERICYCLE, INC.|SEAGATE TECHNOLOGY|SYMANTEC CORPORATION|TRIPADVISOR, INC.|TRACTOR SUPPLY CO|TESLA MOTORS INC|TEXAS INSTRUMENTS|VIACOM INC CL B|VIMPELCOM LTD|VODAFONE GRP PLC ADS|VERISK ANALYTICS INC|VERTEX PHARMACEUTIC|WALGREENS BTS ALN CM|WESTERN DIGITAL CP|WHOLE FOODS MARKET|WYNN RESORTS LIMITED|XILINX, INC.|YAHOO! INC."
2015-08-03,2015-10-06,109,AAL|AAPL|ADBE|ADI|ADP|ADSK|AKAM|ALTR|ALXN|AMAT|AMGN|AMZN|ATVI|AVGO|BBBY|BIDU|BIIB|BMRN|BRCM|CA|CELG|CERN|CHKP|CHRW|CHTR|CMCSA|CMCSK|COST|CSCO|CTSH|CTXS|DISCA|DISCK|DISH|DLTR|EA|EBAY|ESRX|EXPD|FAST|FB|FISV|FOX|FOXA|GILD|GMCR|GOOG|GOOGL|GRMN|HSIC|ILMN|INTC|INTU|ISRG|JD|KHC|KLAC|LBTYA|LBTYK|LILA|LILAK|LLTC|LMCA|LMCK|LRCX|LVNTA|MAR|MAT|MDLZ|MNST|MSFT|MU|MYL|NFLX|NTAP|NVDA|NXPI|ORLY|PAYX|PCAR|PCLN|QCOM|QVCA|REGN|ROST|SBAC|SBUX|SIRI|SNDK|SPLS|SRCL|STX|SWKS|SYMC|TRIP|TSCO|TSLA|TXN|VIAB|VIP|VOD|VRSK|VRTX|WBA|WDC|WFM|WYNN|XLNX|YHOO,"AMERICAN AIRLINES GP|APPLE INC.|ADOBE SYSTEMS INC|ANALOG DEVICES CMN|AUTOMATIC DATA PROCS|AUTODESK INC|AKAMAI TECHNOLOGIES|ALTERA CORP|ALEXION PHARM INC|APPLIED MATERIALS|AMGEN|AMAZON.COM INC|ACTIVISION BLIZZARD|AVAGO TECHNOLOGIES L|BED BATH & BEYOND|BAIDU, INC.|BIOGEN INC CMN|BIOMARIN PHARMACEUT|BROADCOM CORP|CA INC|CELGENE CORP|CERNER CORP|CHECK POINT SOFTWARE|C.H. ROBINSON WW|CHARTER COMMUNICATIO|COMCAST CORP A|COMCAST CL A SPCL|COSTCO WHOLESALE|CISCO SYSTEMS INC|COGNIZANT TECH SOL|CITRIX SYSTEMS INC|DISCOVERY COMM A|DISCOVERY COMM INC|DISH NETWORK CORP|DOLLAR TREE INC|ELECTRONIC ARTS INC|EBAY INC.|EXPRESS SCRIPTS|EXPEDITORS INTL|FASTENAL CO|FACEBOOK INC|FISERV, INC.|21ST CENTRY FOX B CM|21ST CENTRY FOX A CM|GILEAD SCIENCES, INC|KEURIG GREEN MTN CMN|GOOGLE INC CL C CAP|GOOGLE INC CL A CMN|GARMIN LTD|HENRY SCHEIN, INC.|ILLUMINA, INC.|INTEL CORP|INTUIT INC|INTUITIVE SURG, INC.|JD.COM, INC. ADS|KRAFT HEINZ CO CMN|K L A-TENCOR CORP|LIBERTY GLOBAL ORD A|LIBERTY GLOBAL ORD C|LIBERTY LILAC CL A|LIBERTY LILAC CL C|LINEAR TECHNOLOGY|LIBERTY MEDIA SRS A|LIBERTY MEDIA C|LAM RESEARCH CORP|LIBERTY VNTRS SRS A|MARRIOT INT CL A|MATTEL INC|MONDELEZ INTL CMN A|MONSTER BEVERAGE CP|MICROSOFT CORP|MICRON TECHNOLOGY|MYLAN NV ORD SHS|NETFLIX, INC.|NETAPP, INC.|NVIDIA CORPORATION|NXP SEMICONDUCTORS|O'REILLY AUTOMOTIVE|PAYCHEX, INC.|PACCAR INC.|THE PRICELINE GP CM|QUALCOMM INC|LIBERTY INT QVC SR A|REGENERON PHARMACEUT|ROSS STORES, INC.|SBA COMMUNICATIONS|STARBUCKS CORP|SIRIUS XM HOLDINGS I|SANDISK CORPORATION|STAPLES, INC.|STERICYCLE, INC.|SEAGATE TECHNOLOGY|SKYWORKS SOLUTIONS|SYMANTEC CORPORATION|TRIPADVISOR, INC.|TRACTOR SUPPLY CO|TESLA MOTORS INC|TEXAS INSTRUMENTS|VIACOM INC CL B|VIMPELCOM LTD|VODAFONE GRP PLC ADS|VERISK ANALYTICS INC|VERTEX PHARMACEUTIC|WALGREENS BTS ALN CM|WESTERN DIGITAL CP|WHOLE FOODS MARKET|WYNN RESORTS LIMITED|XILINX, INC.|YAHOO! INC."
2015-10-07,2015-11-10,109,AAL|AAPL|ADBE|ADI|ADP|ADSK|AKAM|ALXN|AMAT|AMGN|AMZN|ATVI|AVGO|BBBY|BIDU|BIIB|BMRN|BRCM|CA|CELG|CERN|CHKP|CHRW|CHTR|CMCSA|CMCSK|COST|CSCO|CTSH|CTXS|DISCA|DISCK|DISH|DLTR|EA|EBAY|ESRX|EXPD|FAST|FB|FISV|FOX|FOXA|GILD|GMCR|GOOG|GOOGL|GRMN|HSIC|ILMN|INCY|INTC|INTU|ISRG|JD|KHC|KLAC|LBTYA|LBTYK|LILA|LILAK|LLTC|LMCA|LMCK|LRCX|LVNTA|MAR|MAT|MDLZ|MNST|MSFT|MU|MYL|NFLX|NTAP|NVDA|NXPI|ORLY|PAYX|PCAR|PCLN|QCOM|QVCA|REGN|ROST|SBAC|SBUX|SIRI|SNDK|SPLS|SRCL|STX|SWKS|SYMC|TRIP|TSCO|TSLA|TXN|VIAB|VIP|VOD|VRSK|VRTX|WBA|WDC|WFM|WYNN|XLNX|YHOO,"AMERICAN AIRLINES GP|APPLE INC.|ADOBE SYSTEMS INC|ANALOG DEVICES CMN|AUTOMATIC DATA PROCS|AUTODESK INC|AKAMAI TECHNOLOGIES|ALEXION PHARM INC|APPLIED MATERIALS|AMGEN|AMAZON.COM INC|ACTIVISION BLIZZARD|AVAGO TECHNOLOGIES L|BED BATH & BEYOND|BAIDU, INC.|BIOGEN INC CMN|BIOMARIN PHARMACEUT|BROADCOM CORP|CA INC|CELGENE CORP|CERNER CORP|CHECK POINT SOFTWARE|C.H. ROBINSON WW|CHARTER COMMUNICATIO|COMCAST CORP A|COMCAST CL A SPCL|COSTCO WHOLESALE|CISCO SYSTEMS INC|COGNIZANT TECH SOL|CITRIX SYSTEMS INC|DISCOVERY COMM A|DISCOVERY COMM INC|DISH NETWORK CORP|DOLLAR TREE INC|ELECTRONIC ARTS INC|EBAY INC.|EXPRESS SCRIPTS|EXPEDITORS INTL|FASTENAL CO|FACEBOOK INC|FISERV, INC.|21ST CENTRY FOX B CM|21ST CENTRY FOX A CM|GILEAD SCIENCES, INC|KEURIG GREEN MTN CMN|ALPHABET CL C CAP|ALPHABET CL A CMN|GARMIN LTD|HENRY SCHEIN, INC.|ILLUMINA, INC.|INCYTE CORPORATION|INTEL CORP|INTUIT INC|INTUITIVE SURG, INC.|JD.COM, INC. ADS|KRAFT HEINZ CO CMN|K L A-TENCOR CORP|LIBERTY GLOBAL ORD A|LIBERTY GLOBAL ORD C|LIBERTY LILAC CL A|LIBERTY LILAC CL C|LINEAR TECHNOLOGY|LIBERTY MEDIA SRS A|LIBERTY MEDIA C|LAM RESEARCH CORP|LIBERTY VNTRS SRS A|MARRIOT INT CL A|MATTEL INC|MONDELEZ INTL CMN A|MONSTER BEVERAGE CP|MICROSOFT CORP|MICRON TECHNOLOGY|MYLAN NV ORD SHS|NETFLIX, INC.|NETAPP, INC.|NVIDIA CORPORATION|NXP SEMICONDUCTORS|O'REILLY AUTOMOTIVE|PAYCHEX, INC.|PACCAR INC.|THE PRICELINE GP CM|QUALCOMM INC|LIBERTY INT QVC SR A|REGENERON PHARMACEUT|ROSS STORES, INC.|SBA COMMUNICATIONS|STARBUCKS CORP|SIRIUS XM HOLDINGS I|SANDISK CORPORATION|STAPLES, INC.|STERICYCLE, INC.|SEAGATE TECHNOLOGY|SKYWORKS SOLUTIONS|SYMANTEC CORPORATION|TRIPADVISOR, INC.|TRACTOR SUPPLY CO|TESLA MOTORS INC|TEXAS INSTRUMENTS|VIACOM INC CL B|VIMPELCOM LTD|VODAFONE GRP PLC ADS|VERISK ANALYTICS INC|VERTEX PHARMACEUTIC|WALGREENS BTS ALN CM|WESTERN DIGITAL CP|WHOLE FOODS MARKET|WYNN RESORTS LIMITED|XILINX, INC.|YAHOO! INC."
2015-11-11,2015-12-11,109,AAL|AAPL|ADBE|ADI|ADP|ADSK|AKAM|ALXN|AMAT|AMGN|AMZN|ATVI|AVGO|BBBY|BIDU|BIIB|BMRN|CA|CELG|CERN|CHKP|CHRW|CHTR|CMCSA|CMCSK|COST|CSCO|CTSH|CTXS|DISCA|DISCK|DISH|DLTR|EA|EBAY|ESRX|EXPD|FAST|FB|FISV|FOX|FOXA|GILD|GMCR|GOOG|GOOGL|GRMN|HSIC|ILMN|INCY|INTC|INTU|ISRG|JD|KHC|KLAC|LBTYA|LBTYK|LILA|LILAK|LLTC|LMCA|LMCK|LRCX|LVNTA|MAR|MAT|MDLZ|MNST|MSFT|MU|MYL|NFLX|NTAP|NVDA|NXPI|ORLY|PAYX|PCAR|PCLN|PYPL|QCOM|QVCA|REGN|ROST|SBAC|SBUX|SIRI|SNDK|SPLS|SRCL|STX|SWKS|SYMC|TRIP|TSCO|TSLA|TXN|VIAB|VIP|VOD|VRSK|VRTX|WBA|WDC|WFM|WYNN|XLNX|YHOO,"AMERICAN AIRLINES GP|APPLE INC.|ADOBE SYSTEMS INC|ANALOG DEVICES CMN|AUTOMATIC DATA PROCS|AUTODESK INC|AKAMAI TECHNOLOGIES|ALEXION PHARM INC|APPLIED MATERIALS|AMGEN|AMAZON.COM INC|ACTIVISION BLIZZARD|AVAGO TECHNOLOGIES L|BED BATH & BEYOND|BAIDU, INC.|BIOGEN INC CMN|BIOMARIN PHARMACEUT|CA INC|CELGENE CORP|CERNER CORP|CHECK POINT SOFTWARE|C.H. ROBINSON WW|CHARTER COMMUNICATIO|COMCAST CORP A|COMCAST CL A SPCL|COSTCO WHOLESALE|CISCO SYSTEMS INC|COGNIZANT TECH SOL|CITRIX SYSTEMS INC|DISCOVERY COMM A|DISCOVERY COMM INC|DISH NETWORK CORP|DOLLAR TREE INC|ELECTRONIC ARTS INC|EBAY INC.|EXPRESS SCRIPTS|EXPEDITORS INTL|FASTENAL CO|FACEBOOK INC|FISERV, INC.|21ST CENTRY FOX B CM|21ST CENTRY FOX A CM|GILEAD SCIENCES, INC|KEURIG GREEN MTN CMN|ALPHABET CL C CAP|ALPHABET CL A CMN|GARMIN LTD|HENRY SCHEIN, INC.|ILLUMINA, INC.|INCYTE CORPORATION|INTEL CORP|INTUIT INC|INTUITIVE SURG, INC.|JD.COM, INC. ADS|KRAFT HEINZ CO CMN|K L A-TENCOR CORP|LIBERTY GLOBAL ORD A|LIBERTY GLOBAL ORD C|LIBERTY LILAC CL A|LIBERTY LILAC CL C|LINEAR TECHNOLOGY|LIBERTY MEDIA SRS A|LIBERTY MEDIA C|LAM RESEARCH CORP|LIBERTY VNTRS SRS A|MARRIOT INT CL A|MATTEL INC|MONDELEZ INTL CMN A|MONSTER BEVERAGE CP|MICROSOFT CORP|MICRON TECHNOLOGY|MYLAN NV ORD SHS|NETFLIX, INC.|NETAPP, INC.|NVIDIA CORPORATION|NXP SEMICONDUCTORS|O'REILLY AUTOMOTIVE|PAYCHEX, INC.|PACCAR INC.|THE PRICELINE GP CM|PAYPAL HOLDINGS|QUALCOMM INC|LIBERTY INT QVC SR A|REGENERON PHARMACEUT|ROSS STORES, INC.|SBA COMMUNICATIONS|STARBUCKS CORP|SIRIUS XM HOLDINGS I|SANDISK CORPORATION|STAPLES, INC.|STERICYCLE, INC.|SEAGATE TECHNOLOGY|SKYWORKS SOLUTIONS|SYMANTEC CORPORATION|TRIPADVISOR, INC.|TRACTOR SUPPLY CO|TESLA MOTORS INC|TEXAS INSTRUMENTS|VIACOM INC CL B|VIMPELCOM LTD|VODAFONE GRP PLC ADS|VERISK ANALYTICS INC|VERTEX PHARMACEUTIC|WALGREENS BTS ALN CM|WESTERN DIGITAL CP|WHOLE FOODS MARKET|WYNN RESORTS LIMITED|XILINX, INC.|YAHOO! INC."
2015-12-14,2015-12-18,108,AAL|AAPL|ADBE|ADI|ADP|ADSK|AKAM|ALXN|AMAT|AMGN|AMZN|ATVI|AVGO|BBBY|BIDU|BIIB|BMRN|CA|CELG|CERN|CHKP|CHRW|CHTR|CMCSA|COST|CSCO|CTSH|CTXS|DISCA|DISCK|DISH|DLTR|EA|EBAY|ESRX|EXPD|FAST|FB|FISV|FOX|FOXA|GILD|GMCR|GOOG|GOOGL|GRMN|HSIC|ILMN|INCY|INTC|INTU|ISRG|JD|KHC|KLAC|LBTYA|LBTYK|LILA|LILAK|LLTC|LMCA|LMCK|LRCX|LVNTA|MAR|MAT|MDLZ|MNST|MSFT|MU|MYL|NFLX|NTAP|NVDA|NXPI|ORLY|PAYX|PCAR|PCLN|PYPL|QCOM|QVCA|REGN|ROST|SBAC|SBUX|SIRI|SNDK|SPLS|SRCL|STX|SWKS|SYMC|TRIP|TSCO|TSLA|TXN|VIAB|VIP|VOD|VRSK|VRTX|WBA|WDC|WFM|WYNN|XLNX|YHOO,"AMERICAN AIRLINES GP|APPLE INC.|ADOBE SYSTEMS INC|ANALOG DEVICES CMN|AUTOMATIC DATA PROCS|AUTODESK INC|AKAMAI TECHNOLOGIES|ALEXION PHARM INC|APPLIED MATERIALS|AMGEN|AMAZON.COM INC|ACTIVISION BLIZZARD|AVAGO TECHNOLOGIES L|BED BATH & BEYOND|BAIDU, INC.|BIOGEN INC CMN|BIOMARIN PHARMACEUT|CA INC|CELGENE CORP|CERNER CORP|CHECK POINT SOFTWARE|C.H. ROBINSON WW|CHARTER COMMUNICATIO|COMCAST CORP A|COSTCO WHOLESALE|CISCO SYSTEMS INC|COGNIZANT TECH SOL|CITRIX SYSTEMS INC|DISCOVERY COMM A|DISCOVERY COMM INC|DISH NETWORK CORP|DOLLAR TREE INC|ELECTRONIC ARTS INC|EBAY INC.|EXPRESS SCRIPTS|EXPEDITORS INTL|FASTENAL CO|FACEBOOK INC|FISERV, INC.|21ST CENTRY FOX B CM|21ST CENTRY FOX A CM|GILEAD SCIENCES, INC|KEURIG GREEN MTN CMN|ALPHABET CL C CAP|ALPHABET CL A CMN|GARMIN LTD|HENRY SCHEIN, INC.|ILLUMINA, INC.|INCYTE CORPORATION|INTEL CORP|INTUIT INC|INTUITIVE SURG, INC.|JD.COM, INC. ADS|KRAFT HEINZ CO CMN|K L A-TENCOR CORP|LIBERTY GLOBAL ORD A|LIBERTY GLOBAL ORD C|LIBERTY LILAC CL A|LIBERTY LILAC CL C|LINEAR TECHNOLOGY|LIBERTY MEDIA SRS A|LIBERTY MEDIA C|LAM RESEARCH CORP|LIBERTY VNTRS SRS A|MARRIOT INT CL A|MATTEL INC|MONDELEZ INTL CMN A|MONSTER BEVERAGE CP|MICROSOFT CORP|MICRON TECHNOLOGY|MYLAN NV ORD SHS|NETFLIX, INC.|NETAPP, INC.|NVIDIA CORPORATION|NXP SEMICONDUCTORS|O'REILLY AUTOMOTIVE|PAYCHEX, INC.|PACCAR INC.|THE PRICELINE GP CM|PAYPAL HOLDINGS|QUALCOMM INC|LIBERTY INT QVC SR A|REGENERON PHARMACEUT|ROSS STORES, INC.|SBA COMMUNICATIONS|STARBUCKS CORP|SIRIUS XM HOLDINGS I|SANDISK CORPORATION|STAPLES, INC.|STERICYCLE, INC.|SEAGATE TECHNOLOGY|SKYWORKS SOLUTIONS|SYMANTEC CORPORATION|TRIPADVISOR, INC.|TRACTOR SUPPLY CO|TESLA MOTORS INC|TEXAS INSTRUMENTS|VIACOM INC CL B|VIMPELCOM LTD|VODAFONE GRP PLC ADS|VERISK ANALYTICS INC|VERTEX PHARMACEUTIC|WALGREENS BTS ALN CM|WESTERN DIGITAL CP|WHOLE FOODS MARKET|WYNN RESORTS LIMITED|XILINX, INC.|YAHOO! INC."
2015-12-21,2016-02-19,106,AAL|AAPL|ADBE|ADI|ADP|ADSK|AKAM|ALXN|AMAT|AMGN|AMZN|ATVI|AVGO|BBBY|BIDU|BIIB|BMRN|CA|CELG|CERN|CHKP|CHTR|CMCSA|COST|CSCO|CTRP|CTSH|CTXS|DISCA|DISCK|DISH|DLTR|EA|EBAY|ENDP|ESRX|EXPE|FAST|FB|FISV|FOX|FOXA|GILD|GOOG|GOOGL|HSIC|ILMN|INCY|INTC|INTU|ISRG|JD|KHC|KLAC|LBTYA|LBTYK|LLTC|LMCA|LMCK|LRCX|LVNTA|MAR|MAT|MDLZ|MNST|MSFT|MU|MXIM|MYL|NCLH|NFLX|NTAP|NVDA|NXPI|ORLY|PAYX|PCAR|PCLN|PYPL|QCOM|QVCA|REGN|ROST|SBAC|SBUX|SIRI|SNDK|SRCL|STX|SWKS|SYMC|TMUS|TRIP|TSCO|TSLA|TXN|ULTA|VIAB|VOD|VRSK|VRTX|WBA|WDC|WFM|XLNX|YHOO,"AMERICAN AIRLINES GP|APPLE INC.|ADOBE SYSTEMS INC|ANALOG DEVICES CMN|AUTOMATIC DATA PROCS|AUTODESK INC|AKAMAI TECHNOLOGIES|ALEXION PHARM INC|APPLIED MATERIALS|AMGEN|AMAZON.COM INC|ACTIVISION BLIZZARD|AVAGO TECHNOLOGIES L|BED BATH & BEYOND|BAIDU, INC.|BIOGEN INC CMN|BIOMARIN PHARMACEUT|CA INC|CELGENE CORP|CERNER CORP|CHECK POINT SOFTWARE|CHARTER COMMUNICATIO|COMCAST CORP A|COSTCO WHOLESALE|CISCO SYSTEMS INC|CTRIP.COM INTL LTD|COGNIZANT TECH SOL|CITRIX SYSTEMS INC|DISCOVERY COMM A|DISCOVERY COMM INC|DISH NETWORK CORP|DOLLAR TREE INC|ELECTRONIC ARTS INC|EBAY INC.|ENDO INT'L PLC|EXPRESS SCRIPTS|EXPEDIA, INC. NEW|FASTENAL CO|FACEBOOK INC|FISERV, INC.|21ST CENTRY FOX B CM|21ST CENTRY FOX A CM|GILEAD SCIENCES, INC|ALPHABET CL C CAP|ALPHABET CL A CMN|HENRY SCHEIN, INC.|ILLUMINA, INC.|INCYTE CORPORATION|INTEL CORP|INTUIT INC|INTUITIVE SURG, INC.|JD.COM, INC. ADS|KRAFT HEINZ CO CMN|K L A-TENCOR CORP|LIBERTY GLOBAL ORD A|LIBERTY GLOBAL ORD C|LINEAR TECHNOLOGY|LIBERTY MEDIA SRS A|LIBERTY MEDIA C|LAM RESEARCH CORP|LIBERTY VNTRS SRS A|MARRIOT INT CL A|MATTEL INC|MONDELEZ INTL CMN A|MONSTER BEVERAGE CP|MICROSOFT CORP|MICRON TECHNOLOGY|MAXIM INTEGRATED|MYLAN NV ORD SHS|NORWEGIAN CRUISE ORD|NETFLIX, INC.|NETAPP, INC.|NVIDIA CORPORATION|NXP SEMICONDUCTORS|O'REILLY AUTOMOTIVE|PAYCHEX, INC.|PACCAR INC.|THE PRICELINE GP CM|PAYPAL HOLDINGS|QUALCOMM INC|LIBERTY INT QVC SR A|REGENERON PHARMACEUT|ROSS STORES, INC.|SBA COMMUNICATIONS|STARBUCKS CORP|SIRIUS XM HOLDINGS I|SANDISK CORPORATION|STERICYCLE, INC.|SEAGATE TECHNOLOGY|SKYWORKS SOLUTIONS|SYMANTEC CORPORATION|T-MOBILE US CMN|TRIPADVISOR, INC.|TRACTOR SUPPLY CO|TESLA MOTORS INC|TEXAS INSTRUMENTS|ULTA SALON, COSMETIC|VIACOM INC CL B|VODAFONE GRP PLC ADS|VERISK ANALYTICS INC|VERTEX PHARMACEUTIC|WALGREENS BTS ALN CM|WESTERN DIGITAL CP|WHOLE FOODS MARKET|XILINX, INC.|YAHOO! INC."
2016-02-22,2016-03-15,106,AAL|AAPL|ADBE|ADI|ADP|ADSK|AKAM|ALXN|AMAT|AMGN|AMZN|ATVI|AVGO|BBBY|BIDU|BIIB|BMRN|CA|CELG|CERN|CHKP|CHTR|CMCSA|COST|CSCO|CSX|CTRP|CTSH|CTXS|DISCA|DISCK|DISH|DLTR|EA|EBAY|ENDP|ESRX|EXPE|FAST|FB|FISV|FOX|FOXA|GILD|GOOG|GOOGL|HSIC|ILMN|INCY|INTC|INTU|ISRG|JD|KHC|LBTYA|LBTYK|LLTC|LMCA|LMCK|LRCX|LVNTA|MAR|MAT|MDLZ|MNST|MSFT|MU|MXIM|MYL|NCLH|NFLX|NTAP|NVDA|NXPI|ORLY|PAYX|PCAR|PCLN|PYPL|QCOM|QVCA|REGN|ROST|SBAC|SBUX|SIRI|SNDK|SRCL|STX|SWKS|SYMC|TMUS|TRIP|TSCO|TSLA|TXN|ULTA|VIAB|VOD|VRSK|VRTX|WBA|WDC|WFM|XLNX|YHOO,"AMERICAN AIRLINES GP|APPLE INC.|ADOBE SYSTEMS INC|ANALOG DEVICES CMN|AUTOMATIC DATA PROCS|AUTODESK INC|AKAMAI TECHNOLOGIES|ALEXION PHARM INC|APPLIED MATERIALS|AMGEN|AMAZON.COM INC|ACTIVISION BLIZZARD|BROADCOM LTD|BED BATH & BEYOND|BAIDU, INC.|BIOGEN INC CMN|BIOMARIN PHARMACEUT|CA INC|CELGENE CORP|CERNER CORP|CHECK POINT SOFTWARE|CHARTER COMMUNICATIO|COMCAST CORP A|COSTCO WHOLESALE|CISCO SYSTEMS INC|C S X CP|CTRIP.COM INTL LTD|COGNIZANT TECH SOL|CITRIX SYSTEMS INC|DISCOVERY COMM A|DISCOVERY COMM INC|DISH NETWORK CORP|DOLLAR TREE INC|ELECTRONIC ARTS INC|EBAY INC.|ENDO INT'L PLC|EXPRESS SCRIPTS|EXPEDIA, INC. NEW|FASTENAL CO|FACEBOOK INC|FISERV, INC.|21ST CENTRY FOX B CM|21ST CENTRY FOX A CM|GILEAD SCIENCES, INC|ALPHABET CL C CAP|ALPHABET CL A CMN|HENRY SCHEIN, INC.|ILLUMINA, INC.|INCYTE CORPORATION|INTEL CORP|INTUIT INC|INTUITIVE SURG, INC.|JD.COM, INC. ADS|KRAFT HEINZ CO CMN|LIBERTY GLOBAL ORD A|LIBERTY GLOBAL ORD C|LINEAR TECHNOLOGY|LIBERTY MEDIA SRS A|LIBERTY MEDIA C|LAM RESEARCH CORP|LIBERTY VNTRS SRS A|MARRIOT INT CL A|MATTEL INC|MONDELEZ INTL CMN A|MONSTER BEVERAGE CP|MICROSOFT CORP|MICRON TECHNOLOGY|MAXIM INTEGRATED|MYLAN NV ORD SHS|NORWEGIAN CRUISE ORD|NETFLIX, INC.|NETAPP, INC.|NVIDIA CORPORATION|NXP SEMICONDUCTORS|O'REILLY AUTOMOTIVE|PAYCHEX, INC.|PACCAR INC.|THE PRICELINE GP CM|PAYPAL HOLDINGS|QUALCOMM INC|LIBERTY INT QVC SR A|REGENERON PHARMACEUT|ROSS STORES, INC.|SBA COMMUNICATIONS|STARBUCKS CORP|SIRIUS XM HOLDINGS I|SANDISK CORPORATION|STERICYCLE, INC.|SEAGATE TECH ORD SHS|SKYWORKS SOLUTIONS|SYMANTEC CORPORATION|T-MOBILE US CMN|TRIPADVISOR, INC.|TRACTOR SUPPLY CO|TESLA MOTORS INC|TEXAS INSTRUMENTS|ULTA SALON, COSMETIC|VIACOM INC CL B|VODAFONE GRP PLC ADS|VERISK ANALYTICS INC|VERTEX PHARMACEUTIC|WALGREENS BTS ALN CM|WESTERN DIGITAL CP|WHOLE FOODS MARKET|XILINX, INC.|YAHOO! INC."
2016-03-16,2016-04-15,106,AAL|AAPL|ADBE|ADI|ADP|ADSK|AKAM|ALXN|AMAT|AMGN|AMZN|ATVI|AVGO|BBBY|BIDU|BIIB|BMRN|CA|CELG|CERN|CHKP|CHTR|CMCSA|COST|CSCO|CSX|CTRP|CTSH|CTXS|DISCA|DISCK|DISH|DLTR|EA|EBAY|ENDP|ESRX|EXPE|FAST|FB|FISV|FOX|FOXA|GILD|GOOG|GOOGL|HSIC|ILMN|INCY|INTC|INTU|ISRG|JD|KHC|LBTYA|LBTYK|LLTC|LMCA|LMCK|LRCX|LVNTA|MAR|MAT|MDLZ|MNST|MSFT|MU|MXIM|MYL|NCLH|NFLX|NTAP|NTES|NVDA|NXPI|ORLY|PAYX|PCAR|PCLN|PYPL|QCOM|QVCA|REGN|ROST|SBAC|SBUX|SIRI|SRCL|STX|SWKS|SYMC|TMUS|TRIP|TSCO|TSLA|TXN|ULTA|VIAB|VOD|VRSK|VRTX|WBA|WDC|WFM|XLNX|YHOO,"AMERICAN AIRLINES GP|APPLE INC.|ADOBE SYSTEMS INC|ANALOG DEVICES CMN|AUTOMATIC DATA PROCS|AUTODESK INC|AKAMAI TECHNOLOGIES|ALEXION PHARM INC|APPLIED MATERIALS|AMGEN|AMAZON.COM INC|ACTIVISION BLIZZARD|BROADCOM LTD|BED BATH & BEYOND|BAIDU, INC.|BIOGEN INC CMN|BIOMARIN PHARMACEUT|CA INC|CELGENE CORP|CERNER CORP|CHECK POINT SOFTWARE|CHARTER COMMUNICATIO|COMCAST CORP A|COSTCO WHOLESALE|CISCO SYSTEMS INC|C S X CP|CTRIP.COM INTL LTD|COGNIZANT TECH SOL|CITRIX SYSTEMS INC|DISCOVERY COMM A|DISCOVERY COMM INC|DISH NETWORK CORP|DOLLAR TREE INC|ELECTRONIC ARTS INC|EBAY INC.|ENDO INT'L PLC|EXPRESS SCRIPTS|EXPEDIA, INC. NEW|FASTENAL CO|FACEBOOK INC|FISERV, INC.|21ST CENTRY FOX B CM|21ST CENTRY FOX A CM|GILEAD SCIENCES, INC|ALPHABET CL C CAP|ALPHABET CL A CMN|HENRY SCHEIN, INC.|ILLUMINA, INC.|INCYTE CORPORATION|INTEL CORP|INTUIT INC|INTUITIVE SURG, INC.|JD.COM, INC. ADS|KRAFT HEINZ CO CMN|LIBERTY GLOBAL ORD A|LIBERTY GLOBAL ORD C|LINEAR TECHNOLOGY|LIBERTY MEDIA SRS A|LIBERTY MEDIA C|LAM RESEARCH CORP|LIBERTY VNTRS SRS A|MARRIOT INT CL A|MATTEL INC|MONDELEZ INTL CMN A|MONSTER BEVERAGE CP|MICROSOFT CORP|MICRON TECHNOLOGY|MAXIM INTEGRATED|MYLAN NV ORD SHS|NORWEGIAN CRUISE ORD|NETFLIX, INC.|NETAPP, INC.|NETEASE INC ADS|NVIDIA CORPORATION|NXP SEMICONDUCTORS|O'REILLY AUTOMOTIVE|PAYCHEX, INC.|PACCAR INC.|THE PRICELINE GP CM|PAYPAL HOLDINGS|QUALCOMM INC|LIBERTY INT QVC SR A|REGENERON PHARMACEUT|ROSS STORES, INC.|SBA COMMUNICATIONS|STARBUCKS CORP|SIRIUS XM HOLDINGS I|STERICYCLE, INC.|SEAGATE TECH ORD SHS|SKYWORKS SOLUTIONS|SYMANTEC CORPORATION|T-MOBILE US CMN|TRIPADVISOR, INC.|TRACTOR SUPPLY CO|TESLA MOTORS INC|TEXAS INSTRUMENTS|ULTA SALON, COSMETIC|VIACOM INC CL B|VODAFONE GRP PLC ADS|VERISK ANALYTICS INC|VERTEX PHARMACEUTIC|WALGREENS BTS ALN CM|WESTERN DIGITAL CP|WHOLE FOODS MARKET|XILINX, INC.|YAHOO! INC."
2016-04-18,2016-04-18,110,AAL|AAPL|ADBE|ADI|ADP|ADSK|AKAM|ALXN|AMAT|AMGN|AMZN|ATVI|AVGO|BATRA|BATRK|BBBY|BIDU|BIIB|BMRN|CA|CELG|CERN|CHKP|CHTR|CMCSA|COST|CSCO|CSX|CTRP|CTSH|CTXS|DISCA|DISCK|DISH|DLTR|EA|EBAY|ENDP|ESRX|EXPE|FAST|FB|FISV|FOX|FOXA|GILD|GOOG|GOOGL|HSIC|ILMN|INCY|INTC|INTU|ISRG|JD|KHC|LBTYA|LBTYK|LLTC|LMCA|LMCK|LRCX|LSXMA|LSXMK|LVNTA|MAR|MAT|MDLZ|MNST|MSFT|MU|MXIM|MYL|NCLH|NFLX|NTAP|NTES|NVDA|NXPI|ORLY|PAYX|PCAR|PCLN|PYPL|QCOM|QVCA|REGN|ROST|SBAC|SBUX|SIRI|SRCL|STX|SWKS|SYMC|TMUS|TRIP|TSCO|TSLA|TXN|ULTA|VIAB|VOD|VRSK|VRTX|WBA|WDC|WFM|XLNX|YHOO,"AMERICAN AIRLINES GP|APPLE INC.|ADOBE SYSTEMS INC|ANALOG DEVICES CMN|AUTOMATIC DATA PROCS|AUTODESK INC|AKAMAI TECHNOLOGIES|ALEXION PHARM INC|APPLIED MATERIALS|AMGEN|AMAZON.COM INC|ACTIVISION BLIZZARD|BROADCOM LTD|LIBERTY BRAVES CS A|LIBERTY BRAVES CS C|BED BATH & BEYOND|BAIDU, INC.|BIOGEN INC CMN|BIOMARIN PHARMACEUT|CA INC|CELGENE CORP|CERNER CORP|CHECK POINT SOFTWARE|CHARTER COMMUNICATIO|COMCAST CORP A|COSTCO WHOLESALE|CISCO SYSTEMS INC|C S X CP|CTRIP.COM INTL LTD|COGNIZANT TECH SOL|CITRIX SYSTEMS INC|DISCOVERY COMM A|DISCOVERY COMM INC|DISH NETWORK CORP|DOLLAR TREE INC|ELECTRONIC ARTS INC|EBAY INC.|ENDO INT'L PLC|EXPRESS SCRIPTS|EXPEDIA, INC. NEW|FASTENAL CO|FACEBOOK INC|FISERV, INC.|21ST CENTRY FOX B CM|21ST CENTRY FOX A CM|GILEAD SCIENCES, INC|ALPHABET CL C CAP|ALPHABET CL A CMN|HENRY SCHEIN, INC.|ILLUMINA, INC.|INCYTE CORPORATION|INTEL CORP|INTUIT INC|INTUITIVE SURG, INC.|JD.COM, INC. ADS|KRAFT HEINZ CO CMN|LIBERTY GLOBAL ORD A|LIBERTY GLOBAL ORD C|LINEAR TECHNOLOGY|LIBERTY MEDIA CS A|LIBERTY MEDIA CS C|LAM RESEARCH CORP|LIBERTY SRS XM CS A|LIBERTY SRS XM CS C|LIBERTY VNTRS SRS A|MARRIOT INT CL A|MATTEL INC|MONDELEZ INTL CMN A|MONSTER BEVERAGE CP|MICROSOFT CORP|MICRON TECHNOLOGY|MAXIM INTEGRATED|MYLAN NV ORD SHS|NORWEGIAN CRUISE ORD|NETFLIX, INC.|NETAPP, INC.|NETEASE INC ADS|NVIDIA CORPORATION|NXP SEMICONDUCTORS|O'REILLY AUTOMOTIVE|PAYCHEX, INC.|PACCAR INC.|THE PRICELINE GP CM|PAYPAL HOLDINGS|QUALCOMM INC|LIBERTY INT QVC SR A|REGENERON PHARMACEUT|ROSS STORES, INC.|SBA COMMUNICATIONS|STARBUCKS CORP|SIRIUS XM HOLDINGS I|STERICYCLE, INC.|SEAGATE TECH ORD SHS|SKYWORKS SOLUTIONS|SYMANTEC CORPORATION|T-MOBILE US CMN|TRIPADVISOR, INC.|TRACTOR SUPPLY CO|TESLA MOTORS INC|TEXAS INSTRUMENTS|ULTA SALON, COSMETIC|VIACOM INC CL B|VODAFONE GRP PLC ADS|VERISK ANALYTICS INC|VERTEX PHARMACEUTIC|WALGREENS BTS ALN CM|WESTERN DIGITAL CP|WHOLE FOODS MARKET|XILINX, INC.|YAHOO! INC."
2016-04-19,2016-06-17,108,AAL|AAPL|ADBE|ADI|ADP|ADSK|AKAM|ALXN|AMAT|AMGN|AMZN|ATVI|AVGO|BATRA|BATRK|BBBY|BIDU|BIIB|BMRN|CA|CELG|CERN|CHKP|CHTR|CMCSA|COST|CSCO|CSX|CTRP|CTSH|CTXS|DISCA|DISCK|DISH|DLTR|EA|EBAY|ENDP|ESRX|EXPE|FAST|FB|FISV|FOX|FOXA|GILD|GOOG|GOOGL|HSIC|ILMN|INCY|INTC|INTU|ISRG|JD|KHC|LBTYA|LBTYK|LLTC|LMCA|LMCK|LRCX|LVNTA|MAR|MAT|MDLZ|MNST|MSFT|MU|MXIM|MYL|NCLH|NFLX|NTAP|NTES|NVDA|NXPI|ORLY|PAYX|PCAR|PCLN|PYPL|QCOM|QVCA|REGN|ROST|SBAC|SBUX|SIRI|SRCL|STX|SWKS|SYMC|TMUS|TRIP|TSCO|TSLA|TXN|ULTA|VIAB|VOD|VRSK|VRTX|WBA|WDC|WFM|XLNX|YHOO,"AMERICAN AIRLINES GP|APPLE INC.|ADOBE SYSTEMS INC|ANALOG DEVICES CMN|AUTOMATIC DATA PROCS|AUTODESK INC|AKAMAI TECHNOLOGIES|ALEXION PHARM INC|APPLIED MATERIALS|AMGEN|AMAZON.COM INC|ACTIVISION BLIZZARD|BROADCOM LTD|LIBERTY BRAVES CS A|LIBERTY BRAVES CS C|BED BATH & BEYOND|BAIDU, INC.|BIOGEN INC CMN|BIOMARIN PHARMACEUT|CA INC|CELGENE CORP|CERNER CORP|CHECK POINT SOFTWARE|CHARTER COMMUNICATIO|COMCAST CORP A|COSTCO WHOLESALE|CISCO SYSTEMS INC|C S X CP|CTRIP.COM INTL LTD|COGNIZANT TECH SOL|CITRIX SYSTEMS INC|DISCOVERY COMM A|DISCOVERY COMM INC|DISH NETWORK CORP|DOLLAR TREE INC|ELECTRONIC ARTS INC|EBAY INC.|ENDO INT'L PLC|EXPRESS SCRIPTS|EXPEDIA, INC. NEW|FASTENAL CO|FACEBOOK INC|FISERV, INC.|21ST CENTRY FOX B CM|21ST CENTRY FOX A CM|GILEAD SCIENCES, INC|ALPHABET CL C CAP|ALPHABET CL A CMN|HENRY SCHEIN, INC.|ILLUMINA, INC.|INCYTE CORPORATION|INTEL CORP|INTUIT INC|INTUITIVE SURG, INC.|JD.COM, INC. ADS|KRAFT HEINZ CO CMN|LIBERTY GLOBAL ORD A|LIBERTY GLOBAL ORD C|LINEAR TECHNOLOGY|LIBERTY MEDIA CS A|LIBERTY MEDIA CS C|LAM RESEARCH CORP|LIBERTY VNTRS SRS A|MARRIOT INT CL A|MATTEL INC|MONDELEZ INTL CMN A|MONSTER BEVERAGE CP|MICROSOFT CORP|MICRON TECHNOLOGY|MAXIM INTEGRATED|MYLAN NV ORD SHS|NORWEGIAN CRUISE ORD|NETFLIX, INC.|NETAPP, INC.|NETEASE INC ADS|NVIDIA CORPORATION|NXP SEMICONDUCTORS|O'REILLY AUTOMOTIVE|PAYCHEX, INC.|PACCAR INC.|THE PRICELINE GP CM|PAYPAL HOLDINGS|QUALCOMM INC|LIBERTY INT QVC SR A|REGENERON PHARMACEUT|ROSS STORES, INC.|SBA COMMUNICATIONS|STARBUCKS CORP|SIRIUS XM HOLDINGS I|STERICYCLE, INC.|SEAGATE TECH ORD SHS|SKYWORKS SOLUTIONS|SYMANTEC CORPORATION|T-MOBILE US CMN|TRIPADVISOR, INC.|TRACTOR SUPPLY CO|TESLA MOTORS INC|TEXAS INSTRUMENTS|ULTA SALON, COSMETIC|VIACOM INC CL B|VODAFONE GRP PLC ADS|VERISK ANALYTICS INC|VERTEX PHARMACEUTIC|WALGREENS BTS ALN CM|WESTERN DIGITAL CP|WHOLE FOODS MARKET|XILINX, INC.|YAHOO! INC."
2016-06-20,2016-07-15,105,AAL|AAPL|ADBE|ADI|ADP|ADSK|AKAM|ALXN|AMAT|AMGN|AMZN|ATVI|AVGO|BBBY|BIDU|BIIB|BMRN|CA|CELG|CERN|CHKP|CHTR|CMCSA|COST|CSCO|CSX|CTRP|CTSH|CTXS|DISCA|DISCK|DISH|DLTR|EA|EBAY|ENDP|ESRX|EXPE|FAST|FB|FISV|FOX|FOXA|GILD|GOOG|GOOGL|HSIC|ILMN|INCY|INTC|INTU|ISRG|JD|KHC|LBTYA|LBTYK|LLTC|LRCX|LVNTA|MAR|MAT|MDLZ|MNST|MSFT|MU|MXIM|MYL|NCLH|NFLX|NTAP|NTES|NVDA|NXPI|ORLY|PAYX|PCAR|PCLN|PYPL|QCOM|QVCA|REGN|ROST|SBAC|SBUX|SIRI|SRCL|STX|SWKS|SYMC|TMUS|TRIP|TSCO|TSLA|TXN|ULTA|VIAB|VOD|VRSK|VRTX|WBA|WDC|WFM|XLNX|XRAY|YHOO,"AMERICAN AIRLINES GP|APPLE INC.|ADOBE SYSTEMS INC|ANALOG DEVICES CMN|AUTOMATIC DATA PROCS|AUTODESK INC|AKAMAI TECHNOLOGIES|ALEXION PHARM INC|APPLIED MATERIALS|AMGEN|AMAZON.COM INC|ACTIVISION BLIZZARD|BROADCOM LTD|BED BATH & BEYOND|BAIDU, INC.|BIOGEN INC CMN|BIOMARIN PHARMACEUT|CA INC|CELGENE CORP|CERNER CORP|CHECK POINT SOFTWARE|CHARTER COMMUNICATIO|COMCAST CORP A|COSTCO WHOLESALE|CISCO SYSTEMS INC|C S X CP|CTRIP.COM INTL LTD|COGNIZANT TECH SOL|CITRIX SYSTEMS INC|DISCOVERY COMM A|DISCOVERY COMM INC|DISH NETWORK CORP|DOLLAR TREE INC|ELECTRONIC ARTS INC|EBAY INC.|ENDO INT'L PLC|EXPRESS SCRIPTS|EXPEDIA, INC. NEW|FASTENAL CO|FACEBOOK INC|FISERV, INC.|21ST CENTRY FOX B CM|21ST CENTRY FOX A CM|GILEAD SCIENCES, INC|ALPHABET CL C CAP|ALPHABET CL A CMN|HENRY SCHEIN, INC.|ILLUMINA, INC.|INCYTE CORPORATION|INTEL CORP|INTUIT INC|INTUITIVE SURG, INC.|JD.COM, INC. ADS|KRAFT HEINZ CO CMN|LIBERTY GLOBAL ORD A|LIBERTY GLOBAL ORD C|LINEAR TECHNOLOGY|LAM RESEARCH CORP|LIBERTY VNTRS SRS A|MARRIOT INT CL A|MATTEL INC|MONDELEZ INTL CMN A|MONSTER BEVERAGE CP|MICROSOFT CORP|MICRON TECHNOLOGY|MAXIM INTEGRATED|MYLAN NV ORD SHS|NORWEGIAN CRUISE ORD|NETFLIX, INC.|NETAPP, INC.|NETEASE INC ADS|NVIDIA CORPORATION|NXP SEMICONDUCTORS|O'REILLY AUTOMOTIVE|PAYCHEX, INC.|PACCAR INC.|THE PRICELINE GP CM|PAYPAL HOLDINGS|QUALCOMM INC|LIBERTY INT QVC SR A|REGENERON PHARMACEUT|ROSS STORES, INC.|SBA COMMUNICATIONS|STARBUCKS CORP|SIRIUS XM HOLDINGS I|STERICYCLE, INC.|SEAGATE TECH ORD SHS|SKYWORKS SOLUTIONS|SYMANTEC CORPORATION|T-MOBILE US CMN|TRIPADVISOR, INC.|TRACTOR SUPPLY CO|TESLA MOTORS INC|TEXAS INSTRUMENTS|ULTA SALON, COSMETIC|VIACOM INC CL B|VODAFONE GRP PLC ADS|VERISK ANALYTICS INC|VERTEX PHARMACEUTIC|WALGREENS BTS ALN CM|WESTERN DIGITAL CP|WHOLE FOODS MARKET|XILINX, INC.|DENTSPLY SIRONA INC.|YAHOO! INC."
2016-07-18,2016-10-18,105,AAL|AAPL|ADBE|ADI|ADP|ADSK|AKAM|ALXN|AMAT|AMGN|AMZN|ATVI|AVGO|BBBY|BIDU|BIIB|BMRN|CA|CELG|CERN|CHKP|CHTR|CMCSA|COST|CSCO|CSX|CTRP|CTSH|CTXS|DISCA|DISCK|DISH|DLTR|EA|EBAY|ESRX|EXPE|FAST|FB|FISV|FOX|FOXA|GILD|GOOG|GOOGL|HSIC|ILMN|INCY|INTC|INTU|ISRG|JD|KHC|LBTYA|LBTYK|LLTC|LRCX|LVNTA|MAR|MAT|MCHP|MDLZ|MNST|MSFT|MU|MXIM|MYL|NCLH|NFLX|NTAP|NTES|NVDA|NXPI|ORLY|PAYX|PCAR|PCLN|PYPL|QCOM|QVCA|REGN|ROST|SBAC|SBUX|SIRI|SRCL|STX|SWKS|SYMC|TMUS|TRIP|TSCO|TSLA|TXN|ULTA|VIAB|VOD|VRSK|VRTX|WBA|WDC|WFM|XLNX|XRAY|YHOO,"AMERICAN AIRLINES GP|APPLE INC.|ADOBE SYSTEMS INC|ANALOG DEVICES CMN|AUTOMATIC DATA PROCS|AUTODESK INC|AKAMAI TECHNOLOGIES|ALEXION PHARM INC|APPLIED MATERIALS|AMGEN|AMAZON.COM INC|ACTIVISION BLIZZARD|BROADCOM LTD|BED BATH & BEYOND|BAIDU, INC.|BIOGEN INC CMN|BIOMARIN PHARMACEUT|CA INC|CELGENE CORP|CERNER CORP|CHECK POINT SOFTWARE|CHARTER COMMUNICATIO|COMCAST CORP A|COSTCO WHOLESALE|CISCO SYSTEMS INC|C S X CP|CTRIP.COM INTL LTD|COGNIZANT TECH SOL|CITRIX SYSTEMS INC|DISCOVERY COMM A|DISCOVERY COMM INC|DISH NETWORK CORP|DOLLAR TREE INC|ELECTRONIC ARTS INC|EBAY INC.|EXPRESS SCRIPTS|EXPEDIA, INC. NEW|FASTENAL CO|FACEBOOK INC|FISERV, INC.|21ST CENTRY FOX B CM|21ST CENTRY FOX A CM|GILEAD SCIENCES, INC|ALPHABET CL C CAP|ALPHABET CL A CMN|HENRY SCHEIN, INC.|ILLUMINA, INC.|INCYTE CORPORATION|INTEL CORP|INTUIT INC|INTUITIVE SURG, INC.|JD.COM, INC. ADS|KRAFT HEINZ CO CMN|LIBERTY GLOBAL ORD A|LIBERTY GLOBAL ORD C|LINEAR TECHNOLOGY|LAM RESEARCH CORP|LIBERTY VNTRS SRS A|MARRIOT INT CL A|MATTEL INC|MICROCHIP TECHNOLOGY|MONDELEZ INTL CMN A|MONSTER BEVERAGE CP|MICROSOFT CORP|MICRON TECHNOLOGY|MAXIM INTEGRATED|MYLAN NV ORD SHS|NORWEGIAN CRUISE ORD|NETFLIX, INC.|NETAPP, INC.|NETEASE INC ADS|NVIDIA CORPORATION|NXP SEMICONDUCTORS|O'REILLY AUTOMOTIVE|PAYCHEX, INC.|PACCAR INC.|THE PRICELINE GP CM|PAYPAL HOLDINGS|QUALCOMM INC|LIBERTY INT QVC SR A|REGENERON PHARMACEUT|ROSS STORES, INC.|SBA COMMUNICATIONS|STARBUCKS CORP|SIRIUS XM HOLDINGS I|STERICYCLE, INC.|SEAGATE TECH ORD SHS|SKYWORKS SOLUTIONS|SYMANTEC CORPORATION|T-MOBILE US CMN|TRIPADVISOR, INC.|TRACTOR SUPPLY CO|TESLA MOTORS INC|TEXAS INSTRUMENTS|ULTA SALON, COSMETIC|VIACOM INC CL B|VODAFONE GRP PLC ADS|VERISK ANALYTICS INC|VERTEX PHARMACEUTIC|WALGREENS BTS ALN CM|WESTERN DIGITAL CP|WHOLE FOODS MARKET|XILINX, INC.|DENTSPLY SIRONA INC.|YAHOO! INC."
2016-10-19,2016-11-04,105,AAL|AAPL|ADBE|ADI|ADP|ADSK|AKAM|ALXN|AMAT|AMGN|AMZN|ATVI|AVGO|BBBY|BIDU|BIIB|BMRN|CA|CELG|CERN|CHKP|CHTR|CMCSA|COST|CSCO|CSX|CTRP|CTSH|CTXS|DISCA|DISCK|DISH|DLTR|EA|EBAY|ESRX|EXPE|FAST|FB|FISV|FOX|FOXA|GILD|GOOG|GOOGL|HSIC|ILMN|INCY|INTC|INTU|ISRG|JD|KHC|LBTYA|LBTYK|LRCX|LVNTA|MAR|MAT|MCHP|MDLZ|MNST|MSFT|MU|MXIM|MYL|NCLH|NFLX|NTAP|NTES|NVDA|NXPI|ORLY|PAYX|PCAR|PCLN|PYPL|QCOM|QVCA|REGN|ROST|SBAC|SBUX|SHPG|SIRI|SRCL|STX|SWKS|SYMC|TMUS|TRIP|TSCO|TSLA|TXN|ULTA|VIAB|VOD|VRSK|VRTX|WBA|WDC|WFM|XLNX|XRAY|YHOO,"AMERICAN AIRLINES GP|APPLE INC.|ADOBE SYSTEMS INC|ANALOG DEVICES CMN|AUTOMATIC DATA PROCS|AUTODESK INC|AKAMAI TECHNOLOGIES|ALEXION PHARM INC|APPLIED MATERIALS|AMGEN|AMAZON.COM INC|ACTIVISION BLIZZARD|BROADCOM LTD|BED BATH & BEYOND|BAIDU, INC.|BIOGEN INC CMN|BIOMARIN PHARMACEUT|CA INC|CELGENE CORP|CERNER CORP|CHECK POINT SOFTWARE|CHARTER COMMUNICATIO|COMCAST CORP A|COSTCO WHOLESALE|CISCO SYSTEMS INC|C S X CP|CTRIP.COM INTL LTD|COGNIZANT TECH SOL|CITRIX SYSTEMS INC|DISCOVERY COMM A|DISCOVERY COMM INC|DISH NETWORK CORP|DOLLAR TREE INC|ELECTRONIC ARTS INC|EBAY INC.|EXPRESS SCRIPTS|EXPEDIA, INC. NEW|FASTENAL CO|FACEBOOK INC|FISERV, INC.|21ST CENTRY FOX B CM|21ST CENTRY FOX A CM|GILEAD SCIENCES, INC|ALPHABET CL C CAP|ALPHABET CL A CMN|HENRY SCHEIN, INC.|ILLUMINA, INC.|INCYTE CORPORATION|INTEL CORP|INTUIT INC|INTUITIVE SURG, INC.|JD.COM, INC. ADS|KRAFT HEINZ CO CMN|LIBERTY GLOBAL ORD A|LIBERTY GLOBAL ORD C|LAM RESEARCH CORP|LIBERTY VNTRS SRS A|MARRIOT INT CL A|MATTEL INC|MICROCHIP TECHNOLOGY|MONDELEZ INTL CMN A|MONSTER BEVERAGE CP|MICROSOFT CORP|MICRON TECHNOLOGY|MAXIM INTEGRATED|MYLAN NV ORD SHS|NORWEGIAN CRUISE ORD|NETFLIX, INC.|NETAPP, INC.|NETEASE INC ADS|NVIDIA CORPORATION|NXP SEMICONDUCTORS|O'REILLY AUTOMOTIVE|PAYCHEX, INC.|PACCAR INC.|THE PRICELINE GP CM|PAYPAL HOLDINGS|QUALCOMM INC|LIBERTY INT QVC SR A|REGENERON PHARMACEUT|ROSS STORES, INC.|SBA COMMUNICATIONS|STARBUCKS CORP|SHIRE PLC ADS|SIRIUS XM HOLDINGS I|STERICYCLE, INC.|SEAGATE TECH ORD SHS|SKYWORKS SOLUTIONS|SYMANTEC CORPORATION|T-MOBILE US CMN|TRIPADVISOR, INC.|TRACTOR SUPPLY CO|TESLA MOTORS INC|TEXAS INSTRUMENTS|ULTA SALON, COSMETIC|VIACOM INC CL B|VODAFONE GRP PLC ADS|VERISK ANALYTICS INC|VERTEX PHARMACEUTIC|WALGREENS BTS ALN CM|WESTERN DIGITAL CP|WHOLE FOODS MARKET|XILINX, INC.|DENTSPLY SIRONA INC.|YAHOO! INC."
2016-11-07,2016-11-07,106,AAL|AAPL|ADBE|ADI|ADP|ADSK|AKAM|ALXN|AMAT|AMGN|AMZN|ATVI|AVGO|BBBY|BIDU|BIIB|BMRN|CA|CELG|CERN|CHKP|CHTR|CMCSA|COST|CSCO|CSX|CTRP|CTSH|CTXS|DISCA|DISCK|DISH|DLTR|EA|EBAY|ESRX|EXPE|FAST|FB|FISV|FOX|FOXA|GILD|GOOG|GOOGL|HSIC|ILMN|INCY|INTC|INTU|ISRG|JD|KHC|LBTYA|LBTYK|LEXEA|LRCX|LVNTA|MAR|MAT|MCHP|MDLZ|MNST|MSFT|MU|MXIM|MYL|NCLH|NFLX|NTAP|NTES|NVDA|NXPI|ORLY|PAYX|PCAR|PCLN|PYPL|QCOM|QVCA|REGN|ROST|SBAC|SBUX|SHPG|SIRI|SRCL|STX|SWKS|SYMC|TMUS|TRIP|TSCO|TSLA|TXN|ULTA|VIAB|VOD|VRSK|VRTX|WBA|WDC|WFM|XLNX|XRAY|YHOO,"AMERICAN AIRLINES GP|APPLE INC.|ADOBE SYSTEMS INC|ANALOG DEVICES CMN|AUTOMATIC DATA PROCS|AUTODESK INC|AKAMAI TECHNOLOGIES|ALEXION PHARM INC|APPLIED MATERIALS|AMGEN|AMAZON.COM INC|ACTIVISION BLIZZARD|BROADCOM LTD|BED BATH & BEYOND|BAIDU, INC.|BIOGEN INC CMN|BIOMARIN PHARMACEUT|CA INC|CELGENE CORP|CERNER CORP|CHECK POINT SOFTWARE|CHARTER COMMUNICATIO|COMCAST CORP A|COSTCO WHOLESALE|CISCO SYSTEMS INC|C S X CP|CTRIP.COM INTL LTD|COGNIZANT TECH SOL|CITRIX SYSTEMS INC|DISCOVERY COMM A|DISCOVERY COMM INC|DISH NETWORK CORP|DOLLAR TREE INC|ELECTRONIC ARTS INC|EBAY INC.|EXPRESS SCRIPTS|EXPEDIA, INC. NEW|FASTENAL CO|FACEBOOK INC|FISERV, INC.|21ST CENTRY FOX B CM|21ST CENTRY FOX A CM|GILEAD SCIENCES, INC|ALPHABET CL C CAP|ALPHABET CL A CMN|HENRY SCHEIN, INC.|ILLUMINA, INC.|INCYTE CORPORATION|INTEL CORP|INTUIT INC|INTUITIVE SURG, INC.|JD.COM, INC. ADS|KRAFT HEINZ CO CMN|LIBERTY GLOBAL ORD A|LIBERTY GLOBAL ORD C|LIBERTY EXPEDIA SR A|LAM RESEARCH CORP|LIBERTY VNTRS SRS A|MARRIOT INT CL A|MATTEL INC|MICROCHIP TECHNOLOGY|MONDELEZ INTL CMN A|MONSTER BEVERAGE CP|MICROSOFT CORP|MICRON TECHNOLOGY|MAXIM INTEGRATED|MYLAN NV ORD SHS|NORWEGIAN CRUISE ORD|NETFLIX, INC.|NETAPP, INC.|NETEASE INC ADS|NVIDIA CORPORATION|NXP SEMICONDUCTORS|O'REILLY AUTOMOTIVE|PAYCHEX, INC.|PACCAR INC.|THE PRICELINE GP CM|PAYPAL HOLDINGS|QUALCOMM INC|LIBERTY INT QVC SR A|REGENERON PHARMACEUT|ROSS STORES, INC.|SBA COMMUNICATIONS|STARBUCKS CORP|SHIRE PLC ADS|SIRIUS XM HOLDINGS I|STERICYCLE, INC.|SEAGATE TECH ORD SHS|SKYWORKS SOLUTIONS|SYMANTEC CORPORATION|T-MOBILE US CMN|TRIPADVISOR, INC.|TRACTOR SUPPLY CO|TESLA MOTORS INC|TEXAS INSTRUMENTS|ULTA SALON, COSMETIC|VIACOM INC CL B|VODAFONE GRP PLC ADS|VERISK ANALYTICS INC|VERTEX PHARMACEUTIC|WALGREENS BTS ALN CM|WESTERN DIGITAL CP|WHOLE FOODS MARKET|XILINX, INC.|DENTSPLY SIRONA INC.|YAHOO! INC."
2016-11-08,2016-12-16,105,AAL|AAPL|ADBE|ADI|ADP|ADSK|AKAM|ALXN|AMAT|AMGN|AMZN|ATVI|AVGO|BBBY|BIDU|BIIB|BMRN|CA|CELG|CERN|CHKP|CHTR|CMCSA|COST|CSCO|CSX|CTRP|CTSH|CTXS|DISCA|DISCK|DISH|DLTR|EA|EBAY|ESRX|EXPE|FAST|FB|FISV|FOX|FOXA|GILD|GOOG|GOOGL|HSIC|ILMN|INCY|INTC|INTU|ISRG|JD|KHC|LBTYA|LBTYK|LRCX|LVNTA|MAR|MAT|MCHP|MDLZ|MNST|MSFT|MU|MXIM|MYL|NCLH|NFLX|NTAP|NTES|NVDA|NXPI|ORLY|PAYX|PCAR|PCLN|PYPL|QCOM|QVCA|REGN|ROST|SBAC|SBUX|SHPG|SIRI|SRCL|STX|SWKS|SYMC|TMUS|TRIP|TSCO|TSLA|TXN|ULTA|VIAB|VOD|VRSK|VRTX|WBA|WDC|WFM|XLNX|XRAY|YHOO,"AMERICAN AIRLINES GP|APPLE INC.|ADOBE SYSTEMS INC|ANALOG DEVICES CMN|AUTOMATIC DATA PROCS|AUTODESK INC|AKAMAI TECHNOLOGIES|ALEXION PHARM INC|APPLIED MATERIALS|AMGEN|AMAZON.COM INC|ACTIVISION BLIZZARD|BROADCOM LTD|BED BATH & BEYOND|BAIDU, INC.|BIOGEN INC CMN|BIOMARIN PHARMACEUT|CA INC|CELGENE CORP|CERNER CORP|CHECK POINT SOFTWARE|CHARTER COMMUNICATIO|COMCAST CORP A|COSTCO WHOLESALE|CISCO SYSTEMS INC|C S X CP|CTRIP.COM INTL LTD|COGNIZANT TECH SOL|CITRIX SYSTEMS INC|DISCOVERY COMM A|DISCOVERY COMM INC|DISH NETWORK CORP|DOLLAR TREE INC|ELECTRONIC ARTS INC|EBAY INC.|EXPRESS SCRIPTS|EXPEDIA, INC. NEW|FASTENAL CO|FACEBOOK INC|FISERV, INC.|21ST CENTRY FOX B CM|21ST CENTRY FOX A CM|GILEAD SCIENCES, INC|ALPHABET CL C CAP|ALPHABET CL A CMN|HENRY SCHEIN, INC.|ILLUMINA, INC.|INCYTE CORPORATION|INTEL CORP|INTUIT INC|INTUITIVE SURG, INC.|JD.COM, INC. ADS|KRAFT HEINZ CO CMN|LIBERTY GLOBAL ORD A|LIBERTY GLOBAL ORD C|LAM RESEARCH CORP|LIBERTY VNTRS SRS A|MARRIOT INT CL A|MATTEL INC|MICROCHIP TECHNOLOGY|MONDELEZ INTL CMN A|MONSTER BEVERAGE CP|MICROSOFT CORP|MICRON TECHNOLOGY|MAXIM INTEGRATED|MYLAN NV ORD SHS|NORWEGIAN CRUISE ORD|NETFLIX, INC.|NETAPP, INC.|NETEASE INC ADS|NVIDIA CORPORATION|NXP SEMICONDUCTORS|O'REILLY AUTOMOTIVE|PAYCHEX, INC.|PACCAR INC.|THE PRICELINE GP CM|PAYPAL HOLDINGS|QUALCOMM INC|LIBERTY INT QVC SR A|REGENERON PHARMACEUT|ROSS STORES, INC.|SBA COMMUNICATIONS|STARBUCKS CORP|SHIRE PLC ADS|SIRIUS XM HOLDINGS I|STERICYCLE, INC.|SEAGATE TECH ORD SHS|SKYWORKS SOLUTIONS|SYMANTEC CORPORATION|T-MOBILE US CMN|TRIPADVISOR, INC.|TRACTOR SUPPLY CO|TESLA MOTORS INC|TEXAS INSTRUMENTS|ULTA SALON, COSMETIC|VIACOM INC CL B|VODAFONE GRP PLC ADS|VERISK ANALYTICS INC|VERTEX PHARMACEUTIC|WALGREENS BTS ALN CM|WESTERN DIGITAL CP|WHOLE FOODS MARKET|XILINX, INC.|DENTSPLY SIRONA INC.|YAHOO! INC."
2016-12-19,2017-02-06,107,AAL|AAPL|ADBE|ADI|ADP|ADSK|AKAM|ALXN|AMAT|AMGN|AMZN|ATVI|AVGO|BIDU|BIIB|BMRN|CA|CELG|CERN|CHKP|CHTR|CMCSA|COST|CSCO|CSX|CTAS|CTRP|CTSH|CTXS|DISCA|DISCK|DISH|DLTR|EA|EBAY|ESRX|EXPE|FAST|FB|FISV|FOX|FOXA|GILD|GOOG|GOOGL|HAS|HOLX|HSIC|ILMN|INCY|INTC|INTU|ISRG|JD|KHC|KLAC|LBTYA|LBTYK|LILA|LILAK|LRCX|LVNTA|MAR|MAT|MCHP|MDLZ|MNST|MSFT|MU|MXIM|MYL|NCLH|NFLX|NTES|NVDA|NXPI|ORLY|PAYX|PCAR|PCLN|PYPL|QCOM|QVCA|REGN|ROST|SBAC|SBUX|SHPG|SIRI|STX|SWKS|SYMC|TMUS|TRIP|TSCO|TSLA|TXN|ULTA|VIAB|VOD|VRSK|VRTX|WBA|WDC|XLNX|XRAY|YHOO,"AMERICAN AIRLINES GP|APPLE INC.|ADOBE SYSTEMS INC|ANALOG DEVICES CMN|AUTOMATIC DATA PROCS|AUTODESK INC|AKAMAI TECHNOLOGIES|ALEXION PHARM INC|APPLIED MATERIALS|AMGEN|AMAZON.COM INC|ACTIVISION BLIZZARD|BROADCOM LTD|BAIDU, INC.|BIOGEN INC CMN|BIOMARIN PHARMACEUT|CA INC|CELGENE CORP|CERNER CORP|CHECK POINT SOFTWARE|CHARTER COMMUNICATIO|COMCAST CORP A|COSTCO WHOLESALE|CISCO SYSTEMS INC|C S X CP|CINTAS CORP|CTRIP.COM INTL LTD|COGNIZANT TECH SOL|CITRIX SYSTEMS INC|DISCOVERY COMM A|DISCOVERY COMM INC|DISH NETWORK CORP|DOLLAR TREE INC|ELECTRONIC ARTS INC|EBAY INC.|EXPRESS SCRIPTS|EXPEDIA, INC. NEW|FASTENAL CO|FACEBOOK INC|FISERV, INC.|21ST CENTRY FOX B CM|21ST CENTRY FOX A CM|GILEAD SCIENCES, INC|ALPHABET CL C CAP|ALPHABET CL A CMN|HASBRO INC|HOLOGIC, INC.|HENRY SCHEIN, INC.|ILLUMINA, INC.|INCYTE CORPORATION|INTEL CORP|INTUIT INC|INTUITIVE SURG, INC.|JD.COM, INC. ADS|KRAFT HEINZ CO CMN|K L A-TENCOR CORP|LIBERTY GLOBAL ORD A|LIBERTY GLOBAL ORD C|LIBERTY LILAC CL A|LIBERTY LILAC CL C|LAM RESEARCH CORP|LIBERTY VNTRS SRS A|MARRIOT INT CL A|MATTEL INC|MICROCHIP TECHNOLOGY|MONDELEZ INTL CMN A|MONSTER BEVERAGE CP|MICROSOFT CORP|MICRON TECHNOLOGY|MAXIM INTEGRATED|MYLAN NV ORD SHS|NORWEGIAN CRUISE ORD|NETFLIX, INC.|NETEASE INC ADS|NVIDIA CORPORATION|NXP SEMICONDUCTORS|O'REILLY AUTOMOTIVE|PAYCHEX, INC.|PACCAR INC.|THE PRICELINE GP CM|PAYPAL HOLDINGS|QUALCOMM INC|LIBERTY INT QVC SR A|REGENERON PHARMACEUT|ROSS STORES, INC.|SBA COMMUNICATIONS|STARBUCKS CORP|SHIRE PLC ADS|SIRIUS XM HOLDINGS I|SEAGATE TECH ORD SHS|SKYWORKS SOLUTIONS|SYMANTEC CORPORATION|T-MOBILE US CMN|TRIPADVISOR, INC.|TRACTOR SUPPLY CO|TESLA MOTORS INC|TEXAS INSTRUMENTS|ULTA SALON, COSMETIC|VIACOM INC CL B|VODAFONE GRP PLC ADS|VERISK ANALYTICS INC|VERTEX PHARMACEUTIC|WALGREENS BTS ALN CM|WESTERN DIGITAL CP|XILINX, INC.|DENTSPLY SIRONA INC.|YAHOO! INC."
2017-02-07,2017-03-17,107,AAL|AAPL|ADBE|ADI|ADP|ADSK|AKAM|ALXN|AMAT|AMGN|AMZN|ATVI|AVGO|BIDU|BIIB|BMRN|CA|CELG|CERN|CHKP|CHTR|CMCSA|COST|CSCO|CSX|CTAS|CTRP|CTSH|CTXS|DISCA|DISCK|DISH|DLTR|EA|EBAY|ESRX|EXPE|FAST|FB|FISV|FOX|FOXA|GILD|GOOG|GOOGL|HAS|HOLX|HSIC|ILMN|INCY|INTC|INTU|ISRG|JBHT|JD|KHC|KLAC|LBTYA|LBTYK|LILA|LILAK|LRCX|LVNTA|MAR|MAT|MCHP|MDLZ|MNST|MSFT|MU|MXIM|MYL|NCLH|NFLX|NTES|NVDA|ORLY|PAYX|PCAR|PCLN|PYPL|QCOM|QVCA|REGN|ROST|SBAC|SBUX|SHPG|SIRI|STX|SWKS|SYMC|TMUS|TRIP|TSCO|TSLA|TXN|ULTA|VIAB|VOD|VRSK|VRTX|WBA|WDC|XLNX|XRAY|YHOO,"AMERICAN AIRLINES GP|APPLE INC.|ADOBE SYSTEMS INC|ANALOG DEVICES CMN|AUTOMATIC DATA PROCS|AUTODESK INC|AKAMAI TECHNOLOGIES|ALEXION PHARM INC|APPLIED MATERIALS|AMGEN|AMAZON.COM INC|ACTIVISION BLIZZARD|BROADCOM LTD|BAIDU, INC.|BIOGEN INC CMN|BIOMARIN PHARMACEUT|CA INC|CELGENE CORP|CERNER CORP|CHECK POINT SOFTWARE|CHARTER COMMUNICATIO|COMCAST CORP A|COSTCO WHOLESALE|CISCO SYSTEMS INC|C S X CP|CINTAS CORP|CTRIP.COM INTL LTD|COGNIZANT TECH SOL|CITRIX SYSTEMS INC|DISCOVERY COMM A|DISCOVERY COMM INC|DISH NETWORK CORP|DOLLAR TREE INC|ELECTRONIC ARTS INC|EBAY INC.|EXPRESS SCRIPTS|EXPEDIA, INC. NEW|FASTENAL CO|FACEBOOK INC|FISERV, INC.|21ST CENTRY FOX B CM|21ST CENTRY FOX A CM|GILEAD SCIENCES, INC|ALPHABET CL C CAP|ALPHABET CL A CMN|HASBRO INC|HOLOGIC, INC.|HENRY SCHEIN, INC.|ILLUMINA, INC.|INCYTE CORPORATION|INTEL CORP|INTUIT INC|INTUITIVE SURG, INC.|J B HUNT TRANSPORT|JD.COM, INC. ADS|KRAFT HEINZ CO CMN|K L A-TENCOR CORP|LIBERTY GLOBAL ORD A|LIBERTY GLOBAL ORD C|LIBERTY LILAC CL A|LIBERTY LILAC CL C|LAM RESEARCH CORP|LIBERTY VNTRS SRS A|MARRIOT INT CL A|MATTEL INC|MICROCHIP TECHNOLOGY|MONDELEZ INTL CMN A|MONSTER BEVERAGE CP|MICROSOFT CORP|MICRON TECHNOLOGY|MAXIM INTEGRATED|MYLAN NV ORD SHS|NORWEGIAN CRUISE ORD|NETFLIX, INC.|NETEASE INC ADS|NVIDIA CORPORATION|O'REILLY AUTOMOTIVE|PAYCHEX, INC.|PACCAR INC.|THE PRICELINE GP CM|PAYPAL HOLDINGS|QUALCOMM INC|LIBERTY INT QVC SR A|REGENERON PHARMACEUT|ROSS STORES, INC.|SBA COMMUNICATIONS|STARBUCKS CORP|SHIRE PLC ADS|SIRIUS XM HOLDINGS I|SEAGATE TECH ORD SHS|SKYWORKS SOLUTIONS|SYMANTEC CORPORATION|T-MOBILE US CMN|TRIPADVISOR, INC.|TRACTOR SUPPLY CO|TESLA, INC.|TEXAS INSTRUMENTS|ULTA BEAUTY, INC.|VIACOM INC CL B|VODAFONE GRP PLC ADS|VERISK ANALYTICS INC|VERTEX PHARMACEUTIC|WALGREENS BTS ALN CM|WESTERN DIGITAL CP|XILINX, INC.|DENTSPLY SIRONA INC.|YAHOO! INC."
2017-03-20,2017-04-21,107,AAL|AAPL|ADBE|ADI|ADP|ADSK|AKAM|ALXN|AMAT|AMGN|AMZN|ATVI|AVGO|BIDU|BIIB|BMRN|CA|CELG|CERN|CHKP|CHTR|CMCSA|COST|CSCO|CSX|CTAS|CTRP|CTSH|CTXS|DISCA|DISCK|DISH|DLTR|EA|EBAY|ESRX|EXPE|FAST|FB|FISV|FOX|FOXA|GILD|GOOG|GOOGL|HAS|HOLX|HSIC|IDXX|ILMN|INCY|INTC|INTU|ISRG|JBHT|JD|KHC|KLAC|LBTYA|LBTYK|LILA|LILAK|LRCX|LVNTA|MAR|MAT|MCHP|MDLZ|MNST|MSFT|MU|MXIM|MYL|NCLH|NFLX|NTES|NVDA|ORLY|PAYX|PCAR|PCLN|PYPL|QCOM|QVCA|REGN|ROST|SBUX|SHPG|SIRI|STX|SWKS|SYMC|TMUS|TRIP|TSCO|TSLA|TXN|ULTA|VIAB|VOD|VRSK|VRTX|WBA|WDC|XLNX|XRAY|YHOO,"AMERICAN AIRLINES GP|APPLE INC.|ADOBE SYSTEMS INC|ANALOG DEVICES CMN|AUTOMATIC DATA PROCS|AUTODESK INC|AKAMAI TECHNOLOGIES|ALEXION PHARM INC|APPLIED MATERIALS|AMGEN|AMAZON.COM INC|ACTIVISION BLIZZARD|BROADCOM LTD|BAIDU, INC.|BIOGEN INC CMN|BIOMARIN PHARMACEUT|CA INC|CELGENE CORP|CERNER CORP|CHECK POINT SOFTWARE|CHARTER COMMUNICATIO|COMCAST CORP A|COSTCO WHOLESALE|CISCO SYSTEMS INC|C S X CP|CINTAS CORP|CTRIP.COM INTL LTD|COGNIZANT TECH SOL|CITRIX SYSTEMS INC|DISCOVERY COMM A|DISCOVERY COMM INC|DISH NETWORK CORP|DOLLAR TREE INC|ELECTRONIC ARTS INC|EBAY INC.|EXPRESS SCRIPTS|EXPEDIA, INC. NEW|FASTENAL CO|FACEBOOK INC|FISERV, INC.|21ST CENTRY FOX B CM|21ST CENTRY FOX A CM|GILEAD SCIENCES, INC|ALPHABET CL C CAP|ALPHABET CL A CMN|HASBRO INC|HOLOGIC, INC.|HENRY SCHEIN, INC.|IDEXX LABORATORIES|ILLUMINA, INC.|INCYTE CORPORATION|INTEL CORP|INTUIT INC|INTUITIVE SURG, INC.|J B HUNT TRANSPORT|JD.COM, INC. ADS|KRAFT HEINZ CO CMN|K L A-TENCOR CORP|LIBERTY GLOBAL ORD A|LIBERTY GLOBAL ORD C|LIBERTY LILAC CL A|LIBERTY LILAC CL C|LAM RESEARCH CORP|LIBERTY VNTRS SRS A|MARRIOT INT CL A|MATTEL INC|MICROCHIP TECHNOLOGY|MONDELEZ INTL CMN A|MONSTER BEVERAGE CP|MICROSOFT CORP|MICRON TECHNOLOGY|MAXIM INTEGRATED|MYLAN NV ORD SHS|NORWEGIAN CRUISE ORD|NETFLIX, INC.|NETEASE INC ADS|NVIDIA CORPORATION|O'REILLY AUTOMOTIVE|PAYCHEX, INC.|PACCAR INC.|THE PRICELINE GP CM|PAYPAL HOLDINGS|QUALCOMM INC|LIBERTY INT QVC SR A|REGENERON PHARMACEUT|ROSS STORES, INC.|STARBUCKS CORP|SHIRE PLC ADS|SIRIUS XM HOLDINGS I|SEAGATE TECH ORD SHS|SKYWORKS SOLUTIONS|SYMANTEC CORPORATION|T-MOBILE US CMN|TRIPADVISOR, INC.|TRACTOR SUPPLY CO|TESLA, INC.|TEXAS INSTRUMENTS|ULTA BEAUTY, INC.|VIACOM INC CL B|VODAFONE GRP PLC ADS|VERISK ANALYTICS INC|VERTEX PHARMACEUTIC|WALGREENS BTS ALN CM|WESTERN DIGITAL CP|XILINX, INC.|DENTSPLY SIRONA INC.|YAHOO! INC."
2017-04-24,2017-06-16,107,AAL|AAPL|ADBE|ADI|ADP|ADSK|AKAM|ALXN|AMAT|AMGN|AMZN|ATVI|AVGO|BIDU|BIIB|BMRN|CA|CELG|CERN|CHKP|CHTR|CMCSA|COST|CSCO|CSX|CTAS|CTRP|CTSH|CTXS|DISCA|DISCK|DISH|DLTR|EA|EBAY|ESRX|EXPE|FAST|FB|FISV|FOX|FOXA|GILD|GOOG|GOOGL|HAS|HOLX|HSIC|IDXX|ILMN|INCY|INTC|INTU|ISRG|JBHT|JD|KHC|KLAC|LBTYA|LBTYK|LILA|LILAK|LRCX|LVNTA|MAR|MAT|MCHP|MDLZ|MNST|MSFT|MU|MXIM|MYL|NCLH|NFLX|NTES|NVDA|ORLY|PAYX|PCAR|PCLN|PYPL|QCOM|QVCA|REGN|ROST|SBUX|SHPG|SIRI|STX|SWKS|SYMC|TMUS|TSCO|TSLA|TXN|ULTA|VIAB|VOD|VRSK|VRTX|WBA|WDC|WYNN|XLNX|XRAY|YHOO,"AMERICAN AIRLINES GP|APPLE INC.|ADOBE SYSTEMS INC|ANALOG DEVICES CMN|AUTOMATIC DATA PROCS|AUTODESK INC|AKAMAI TECHNOLOGIES|ALEXION PHARM INC|APPLIED MATERIALS|AMGEN|AMAZON.COM INC|ACTIVISION BLIZZARD|BROADCOM LTD|BAIDU, INC.|BIOGEN INC CMN|BIOMARIN PHARMACEUT|CA INC|CELGENE CORP|CERNER CORP|CHECK POINT SOFTWARE|CHARTER COMMUNICATIO|COMCAST CORP A|COSTCO WHOLESALE|CISCO SYSTEMS INC|C S X CP|CINTAS CORP|CTRIP.COM INTL LTD|COGNIZANT TECH SOL|CITRIX SYSTEMS INC|DISCOVERY COMM A|DISCOVERY COMM INC|DISH NETWORK CORP|DOLLAR TREE INC|ELECTRONIC ARTS INC|EBAY INC.|EXPRESS SCRIPTS|EXPEDIA, INC. NEW|FASTENAL CO|FACEBOOK INC|FISERV, INC.|21ST CENTRY FOX B CM|21ST CENTRY FOX A CM|GILEAD SCIENCES, INC|ALPHABET CL C CAP|ALPHABET CL A CMN|HASBRO INC|HOLOGIC, INC.|HENRY SCHEIN, INC.|IDEXX LABORATORIES|ILLUMINA, INC.|INCYTE CORPORATION|INTEL CORP|INTUIT INC|INTUITIVE SURG, INC.|J B HUNT TRANSPORT|JD.COM, INC. ADS|KRAFT HEINZ CO CMN|K L A-TENCOR CORP|LIBERTY GLOBAL ORD A|LIBERTY GLOBAL ORD C|LIBERTY LILAC CL A|LIBERTY LILAC CL C|LAM RESEARCH CORP|LIBERTY VNTRS SRS A|MARRIOT INT CL A|MATTEL INC|MICROCHIP TECHNOLOGY|MONDELEZ INTL CMN A|MONSTER BEVERAGE CP|MICROSOFT CORP|MICRON TECHNOLOGY|MAXIM INTEGRATED|MYLAN NV ORD SHS|NORWEGIAN CRUISE ORD|NETFLIX, INC.|NETEASE INC ADS|NVIDIA CORPORATION|O'REILLY AUTOMOTIVE|PAYCHEX, INC.|PACCAR INC.|THE PRICELINE GP CM|PAYPAL HOLDINGS|QUALCOMM INC|LIBERTY INT QVC SR A|REGENERON PHARMACEUT|ROSS STORES, INC.|STARBUCKS CORP|SHIRE PLC ADS|SIRIUS XM HOLDINGS I|SEAGATE TECH ORD SHS|SKYWORKS SOLUTIONS|SYMANTEC CORPORATION|T-MOBILE US CMN|TRACTOR SUPPLY CO|TESLA, INC.|TEXAS INSTRUMENTS|ULTA BEAUTY, INC.|VIACOM INC CL B|VODAFONE GRP PLC ADS|VERISK ANALYTICS INC|VERTEX PHARMACEUTIC|WALGREENS BTS ALN CM|WESTERN DIGITAL CP|WYNN RESORTS LIMITED|XILINX, INC.|DENTSPLY SIRONA INC.|YAHOO! INC."
2017-06-19,2017-10-20,107,AAL|AAPL|ADBE|ADI|ADP|ADSK|AKAM|ALXN|AMAT|AMGN|AMZN|ATVI|AVGO|BIDU|BIIB|BMRN|CA|CELG|CERN|CHKP|CHTR|CMCSA|COST|CSCO|CSX|CTAS|CTRP|CTSH|CTXS|DISCA|DISCK|DISH|DLTR|EA|EBAY|ESRX|EXPE|FAST|FB|FISV|FOX|FOXA|GILD|GOOG|GOOGL|HAS|HOLX|HSIC|IDXX|ILMN|INCY|INTC|INTU|ISRG|JBHT|JD|KHC|KLAC|LBTYA|LBTYK|LILA|LILAK|LRCX|LVNTA|MAR|MAT|MCHP|MDLZ|MELI|MNST|MSFT|MU|MXIM|MYL|NCLH|NFLX|NTES|NVDA|ORLY|PAYX|PCAR|PCLN|PYPL|QCOM|QVCA|REGN|ROST|SBUX|SHPG|SIRI|STX|SWKS|SYMC|TMUS|TSCO|TSLA|TXN|ULTA|VIAB|VOD|VRSK|VRTX|WBA|WDC|WYNN|XLNX|XRAY,"AMERICAN AIRLINES GP|APPLE INC.|ADOBE SYSTEMS INC|ANALOG DEVICES CMN|AUTOMATIC DATA PROCS|AUTODESK INC|AKAMAI TECHNOLOGIES|ALEXION PHARM INC|APPLIED MATERIALS|AMGEN|AMAZON.COM INC|ACTIVISION BLIZZARD|BROADCOM LTD|BAIDU, INC.|BIOGEN INC CMN|BIOMARIN PHARMACEUT|CA INC|CELGENE CORP|CERNER CORP|CHECK POINT SOFTWARE|CHARTER COMMUNICATIO|COMCAST CORP A|COSTCO WHOLESALE|CISCO SYSTEMS INC|C S X CP|CINTAS CORP|CTRIP.COM INTL LTD|COGNIZANT TECH SOL|CITRIX SYSTEMS INC|DISCOVERY COMM A|DISCOVERY COMM INC|DISH NETWORK CORP|DOLLAR TREE INC|ELECTRONIC ARTS INC|EBAY INC.|EXPRESS SCRIPTS|EXPEDIA, INC. NEW|FASTENAL CO|FACEBOOK INC|FISERV, INC.|21ST CENTRY FOX B CM|21ST CENTRY FOX A CM|GILEAD SCIENCES, INC|ALPHABET CL C CAP|ALPHABET CL A CMN|HASBRO INC|HOLOGIC, INC.|HENRY SCHEIN, INC.|IDEXX LABORATORIES|ILLUMINA, INC.|INCYTE CORPORATION|INTEL CORP|INTUIT INC|INTUITIVE SURG, INC.|J B HUNT TRANSPORT|JD.COM, INC. ADS|KRAFT HEINZ CO CMN|K L A-TENCOR CORP|LIBERTY GLOBAL ORD A|LIBERTY GLOBAL ORD C|LIBERTY LILAC CL A|LIBERTY LILAC CL C|LAM RESEARCH CORP|LIBERTY VNTRS SRS A|MARRIOT INT CL A|MATTEL INC|MICROCHIP TECHNOLOGY|MONDELEZ INTL CMN A|MERCADOLIBRE, INC.|MONSTER BEVERAGE CP|MICROSOFT CORP|MICRON TECHNOLOGY|MAXIM INTEGRATED|MYLAN NV ORD SHS|NORWEGIAN CRUISE ORD|NETFLIX, INC.|NETEASE INC ADS|NVIDIA CORPORATION|O'REILLY AUTOMOTIVE|PAYCHEX, INC.|PACCAR INC.|THE PRICELINE GP CM|PAYPAL HOLDINGS|QUALCOMM INC|LIBERTY INT QVC SR A|REGENERON PHARMACEUT|ROSS STORES, INC.|STARBUCKS CORP|SHIRE PLC ADS|SIRIUS XM HOLDINGS I|SEAGATE TECH ORD SHS|SKYWORKS SOLUTIONS|SYMANTEC CORPORATION|T-MOBILE US CMN|TRACTOR SUPPLY CO|TESLA, INC.|TEXAS INSTRUMENTS|ULTA BEAUTY, INC.|VIACOM INC CL B|VODAFONE GRP PLC ADS|VERISK ANALYTICS INC|VERTEX PHARMACEUTIC|WALGREENS BTS ALN CM|WESTERN DIGITAL CP|WYNN RESORTS LIMITED|XILINX, INC.|DENTSPLY SIRONA INC."
2017-10-23,2017-12-15,107,AAL|AAPL|ADBE|ADI|ADP|ADSK|AKAM|ALGN|ALXN|AMAT|AMGN|AMZN|ATVI|AVGO|BIDU|BIIB|BMRN|CA|CELG|CERN|CHKP|CHTR|CMCSA|COST|CSCO|CSX|CTAS|CTRP|CTSH|CTXS|DISCA|DISCK|DISH|DLTR|EA|EBAY|ESRX|EXPE|FAST|FB|FISV|FOX|FOXA|GILD|GOOG|GOOGL|HAS|HOLX|HSIC|IDXX|ILMN|INCY|INTC|INTU|ISRG|JBHT|JD|KHC|KLAC|LBTYA|LBTYK|LILA|LILAK|LRCX|LVNTA|MAR|MCHP|MDLZ|MELI|MNST|MSFT|MU|MXIM|MYL|NCLH|NFLX|NTES|NVDA|ORLY|PAYX|PCAR|PCLN|PYPL|QCOM|QVCA|REGN|ROST|SBUX|SHPG|SIRI|STX|SWKS|SYMC|TMUS|TSCO|TSLA|TXN|ULTA|VIAB|VOD|VRSK|VRTX|WBA|WDC|WYNN|XLNX|XRAY,"AMERICAN AIRLINES GP|APPLE INC.|ADOBE SYSTEMS INC|ANALOG DEVICES CMN|AUTOMATIC DATA PROCS|AUTODESK INC|AKAMAI TECHNOLOGIES|ALIGN TECHNOLOGY I|ALEXION PHARM INC|APPLIED MATERIALS|AMGEN|AMAZON.COM INC|ACTIVISION BLIZZARD|BROADCOM LTD|BAIDU, INC.|BIOGEN INC CMN|BIOMARIN PHARMACEUT|CA INC|CELGENE CORP|CERNER CORP|CHECK POINT SOFTWARE|CHARTER COMMUNICATIO|COMCAST CORP A|COSTCO WHOLESALE|CISCO SYSTEMS INC|C S X CP|CINTAS CORP|CTRIP.COM INTL LTD|COGNIZANT TECH SOL|CITRIX SYSTEMS INC|DISCOVERY COMM A|DISCOVERY COMM INC|DISH NETWORK CORP|DOLLAR TREE INC|ELECTRONIC ARTS INC|EBAY INC.|EXPRESS SCRIPTS|EXPEDIA, INC. NEW|FASTENAL CO|FACEBOOK INC|FISERV, INC.|21ST CENTRY FOX B CM|21ST CENTRY FOX A CM|GILEAD SCIENCES, INC|ALPHABET CL C CAP|ALPHABET CL A CMN|HASBRO INC|HOLOGIC, INC.|HENRY SCHEIN, INC.|IDEXX LABORATORIES|ILLUMINA, INC.|INCYTE CORPORATION|INTEL CORP|INTUIT INC|INTUITIVE SURG, INC.|J B HUNT TRANSPORT|JD.COM, INC. ADS|KRAFT HEINZ CO CMN|K L A-TENCOR CORP|LIBERTY GLOBAL ORD A|LIBERTY GLOBAL ORD C|LIBERTY LILAC CL A|LIBERTY LILAC CL C|LAM RESEARCH CORP|LIBERTY VNTRS SRS A|MARRIOT INT CL A|MICROCHIP TECHNOLOGY|MONDELEZ INTL CMN A|MERCADOLIBRE, INC.|MONSTER BEVERAGE CP|MICROSOFT CORP|MICRON TECHNOLOGY|MAXIM INTEGRATED|MYLAN NV ORD SHS|NORWEGIAN CRUISE ORD|NETFLIX, INC.|NETEASE INC ADS|NVIDIA CORPORATION|O'REILLY AUTOMOTIVE|PAYCHEX, INC.|PACCAR INC.|THE PRICELINE GP CM|PAYPAL HOLDINGS|QUALCOMM INC|LIBERTY INT QVC SR A|REGENERON PHARMACEUT|ROSS STORES, INC.|STARBUCKS CORP|SHIRE PLC ADS|SIRIUS XM HOLDINGS I|SEAGATE TECH ORD SHS|SKYWORKS SOLUTIONS|SYMANTEC CORPORATION|T-MOBILE US CMN|TRACTOR SUPPLY CO|TESLA, INC.|TEXAS INSTRUMENTS|ULTA BEAUTY, INC.|VIACOM INC CL B|VODAFONE GRP PLC ADS|VERISK ANALYTICS INC|VERTEX PHARMACEUTIC|WALGREENS BTS ALN CM|WESTERN DIGITAL CP|WYNN RESORTS LIMITED|XILINX, INC.|DENTSPLY SIRONA INC."
2017-12-18,2017-12-29,106,AAL|AAPL|ADBE|ADI|ADP|ADSK|ALGN|ALXN|AMAT|AMGN|AMZN|ASML|ATVI|AVGO|BIDU|BIIB|BMRN|CA|CDNS|CELG|CERN|CHKP|CHTR|CMCSA|COST|CSCO|CSX|CTAS|CTRP|CTSH|CTXS|DISH|DLTR|EA|EBAY|ESRX|EXPE|FAST|FB|FISV|FOX|FOXA|GILD|GOOG|GOOGL|HAS|HOLX|HSIC|IDXX|ILMN|INCY|INTC|INTU|ISRG|JBHT|JD|KHC|KLAC|LBTYA|LBTYK|LILA|LILAK|LRCX|LVNTA|MAR|MCHP|MDLZ|MELI|MNST|MSFT|MU|MXIM|MYL|NFLX|NTES|NVDA|ORLY|PAYX|PCAR|PCLN|PYPL|QCOM|QVCA|REGN|ROST|SBUX|SHPG|SIRI|SNPS|STX|SWKS|SYMC|TMUS|TSLA|TTWO|TXN|ULTA|VOD|VRSK|VRTX|WBA|WDAY|WDC|WYNN|XLNX|XRAY,"AMERICAN AIRLINES GP|APPLE INC.|ADOBE SYSTEMS INC|ANALOG DEVICES CMN|AUTOMATIC DATA PROCS|AUTODESK INC|ALIGN TECHNOLOGY I|ALEXION PHARM INC|APPLIED MATERIALS|AMGEN|AMAZON.COM INC|ASML HLDG NY REG|ACTIVISION BLIZZARD|BROADCOM LTD|BAIDU, INC.|BIOGEN INC CMN|BIOMARIN PHARMACEUT|CA INC|CADENCE DESIGN SYS|CELGENE CORP|CERNER CORP|CHECK POINT SOFTWARE|CHARTER COMMUNICATIO|COMCAST CORP A|COSTCO WHOLESALE|CISCO SYSTEMS INC|C S X CP|CINTAS CORP|CTRIP.COM INTL LTD|COGNIZANT TECH SOL|CITRIX SYSTEMS INC|DISH NETWORK CORP|DOLLAR TREE INC|ELECTRONIC ARTS INC|EBAY INC.|EXPRESS SCRIPTS|EXPEDIA, INC. NEW|FASTENAL CO|FACEBOOK INC|FISERV, INC.|21ST CENTRY FOX B CM|21ST CENTRY FOX A CM|GILEAD SCIENCES, INC|ALPHABET CL C CAP|ALPHABET CL A CMN|HASBRO INC|HOLOGIC, INC.|HENRY SCHEIN, INC.|IDEXX LABORATORIES|ILLUMINA, INC.|INCYTE CORPORATION|INTEL CORP|INTUIT INC|INTUITIVE SURG, INC.|J B HUNT TRANSPORT|JD.COM, INC. ADS|KRAFT HEINZ CO CMN|K L A-TENCOR CORP|LIBERTY GLOBAL ORD A|LIBERTY GLOBAL ORD C|LIBERTY LILAC CL A|LIBERTY LILAC CL C|LAM RESEARCH CORP|LIBERTY VNTRS SRS A|MARRIOT INT CL A|MICROCHIP TECHNOLOGY|MONDELEZ INTL CMN A|MERCADOLIBRE, INC.|MONSTER BEVERAGE CP|MICROSOFT CORP|MICRON TECHNOLOGY|MAXIM INTEGRATED|MYLAN NV ORD SHS|NETFLIX, INC.|NETEASE INC ADS|NVIDIA CORPORATION|O'REILLY AUTOMOTIVE|PAYCHEX, INC.|PACCAR INC.|THE PRICELINE GP CM|PAYPAL HOLDINGS|QUALCOMM INC|LIBERTY INT QVC SR A|REGENERON PHARMACEUT|ROSS STORES, INC.|STARBUCKS CORP|SHIRE PLC ADS|SIRIUS XM HOLDINGS I|SYNOPSYS, INC.|SEAGATE TECH ORD SHS|SKYWORKS SOLUTIONS|SYMANTEC CORPORATION|T-MOBILE US CMN|TESLA, INC.|TAKE-TWO INTERACTI|TEXAS INSTRUMENTS|ULTA BEAUTY, INC.|VODAFONE GRP PLC ADS|VERISK ANALYTICS INC|VERTEX PHARMACEUTIC|WALGREENS BTS ALN CM|WORKDAY, INC.|WESTERN DIGITAL CP|WYNN RESORTS LIMITED|XILINX, INC.|DENTSPLY SIRONA INC."
2018-01-02,2018-02-26,104,AAL|AAPL|ADBE|ADI|ADP|ADSK|ALGN|ALXN|AMAT|AMGN|AMZN|ASML|ATVI|AVGO|BIDU|BIIB|BMRN|CA|CDNS|CELG|CERN|CHKP|CHTR|CMCSA|COST|CSCO|CSX|CTAS|CTRP|CTSH|CTXS|DISH|DLTR|EA|EBAY|ESRX|EXPE|FAST|FB|FISV|FOX|FOXA|GILD|GOOG|GOOGL|HAS|HOLX|HSIC|IDXX|ILMN|INCY|INTC|INTU|ISRG|JBHT|JD|KHC|KLAC|LBTYA|LBTYK|LRCX|LVNTA|MAR|MCHP|MDLZ|MELI|MNST|MSFT|MU|MXIM|MYL|NFLX|NTES|NVDA|ORLY|PAYX|PCAR|PCLN|PYPL|QCOM|QVCA|REGN|ROST|SBUX|SHPG|SIRI|SNPS|STX|SWKS|SYMC|TMUS|TSLA|TTWO|TXN|ULTA|VOD|VRSK|VRTX|WBA|WDAY|WDC|WYNN|XLNX|XRAY,"AMERICAN AIRLINES GP|APPLE INC.|ADOBE SYSTEMS INC|ANALOG DEVICES CMN|AUTOMATIC DATA PROCS|AUTODESK INC|ALIGN TECHNOLOGY I|ALEXION PHARM INC|APPLIED MATERIALS|AMGEN|AMAZON.COM INC|ASML HLDG NY REG|ACTIVISION BLIZZARD|BROADCOM LTD|BAIDU, INC.|BIOGEN INC CMN|BIOMARIN PHARMACEUT|CA INC|CADENCE DESIGN SYS|CELGENE CORP|CERNER CORP|CHECK POINT SOFTWARE|CHARTER COMMUNICATIO|COMCAST CORP A|COSTCO WHOLESALE|CISCO SYSTEMS INC|C S X CP|CINTAS CORP|CTRIP.COM INTL LTD|COGNIZANT TECH SOL|CITRIX SYSTEMS INC|DISH NETWORK CORP|DOLLAR TREE INC|ELECTRONIC ARTS INC|EBAY INC.|EXPRESS SCRIPTS|EXPEDIA, INC. NEW|FASTENAL CO|FACEBOOK INC|FISERV, INC.|21ST CENTRY FOX B CM|21ST CENTRY FOX A CM|GILEAD SCIENCES, INC|ALPHABET CL C CAP|ALPHABET CL A CMN|HASBRO INC|HOLOGIC, INC.|HENRY SCHEIN, INC.|IDEXX LABORATORIES|ILLUMINA, INC.|INCYTE CORPORATION|INTEL CORP|INTUIT INC|INTUITIVE SURG, INC.|J B HUNT TRANSPORT|JD.COM, INC. ADS|KRAFT HEINZ CO CMN|K L A-TENCOR CORP|LIBERTY GLOBAL ORD A|LIBERTY GLOBAL ORD C|LAM RESEARCH CORP|LIBERTY VNTRS SRS A|MARRIOT INT CL A|MICROCHIP TECHNOLOGY|MONDELEZ INTL CMN A|MERCADOLIBRE, INC.|MONSTER BEVERAGE CP|MICROSOFT CORP|MICRON TECHNOLOGY|MAXIM INTEGRATED|MYLAN NV ORD SHS|NETFLIX, INC.|NETEASE INC ADS|NVIDIA CORPORATION|O'REILLY AUTOMOTIVE|PAYCHEX, INC.|PACCAR INC.|THE PRICELINE GP CM|PAYPAL HOLDINGS|QUALCOMM INC|LIBERTY INT QVC SR A|REGENERON PHARMACEUT|ROSS STORES, INC.|STARBUCKS CORP|SHIRE PLC ADS|SIRIUS XM HOLDINGS I|SYNOPSYS, INC.|SEAGATE TECH ORD SHS|SKYWORKS SOLUTIONS|SYMANTEC CORPORATION|T-MOBILE US CMN|TESLA, INC.|TAKE-TWO INTERACTI|TEXAS INSTRUMENTS|ULTA BEAUTY, INC.|VODAFONE GRP PLC ADS|VERISK ANALYTICS INC|VERTEX PHARMACEUTIC|WALGREENS BTS ALN CM|WORKDAY, INC.|WESTERN DIGITAL CP|WYNN RESORTS LIMITED|XILINX, INC.|DENTSPLY SIRONA INC."
2018-02-27,2018-03-09,104,AAL|AAPL|ADBE|ADI|ADP|ADSK|ALGN|ALXN|AMAT|AMGN|AMZN|ASML|ATVI|AVGO|BIDU|BIIB|BKNG|BMRN|CA|CDNS|CELG|CERN|CHKP|CHTR|CMCSA|COST|CSCO|CSX|CTAS|CTRP|CTSH|CTXS|DISH|DLTR|EA|EBAY|ESRX|EXPE|FAST|FB|FISV|FOX|FOXA|GILD|GOOG|GOOGL|HAS|HOLX|HSIC|IDXX|ILMN|INCY|INTC|INTU|ISRG|JBHT|JD|KHC|KLAC|LBTYA|LBTYK|LRCX|LVNTA|MAR|MCHP|MDLZ|MELI|MNST|MSFT|MU|MXIM|MYL|NFLX|NTES|NVDA|ORLY|PAYX|PCAR|PYPL|QCOM|QVCA|REGN|ROST|SBUX|SHPG|SIRI|SNPS|STX|SWKS|SYMC|TMUS|TSLA|TTWO|TXN|ULTA|VOD|VRSK|VRTX|WBA|WDAY|WDC|WYNN|XLNX|XRAY,"AMERICAN AIRLINES GP|APPLE INC.|ADOBE SYSTEMS INC|ANALOG DEVICES CMN|AUTOMATIC DATA PROCS|AUTODESK INC|ALIGN TECHNOLOGY I|ALEXION PHARM INC|APPLIED MATERIALS|AMGEN|AMAZON.COM INC|ASML HLDG NY REG|ACTIVISION BLIZZARD|BROADCOM LTD|BAIDU, INC.|BIOGEN INC CMN|BOOKING HOLDINGS INC|BIOMARIN PHARMACEUT|CA INC|CADENCE DESIGN SYS|CELGENE CORP|CERNER CORP|CHECK POINT SOFTWARE|CHARTER COMMUNICATIO|COMCAST CORP A|COSTCO WHOLESALE|CISCO SYSTEMS INC|C S X CP|CINTAS CORP|CTRIP.COM INTL LTD|COGNIZANT TECH SOL|CITRIX SYSTEMS INC|DISH NETWORK CORP|DOLLAR TREE INC|ELECTRONIC ARTS INC|EBAY INC.|EXPRESS SCRIPTS|EXPEDIA, INC. NEW|FASTENAL CO|FACEBOOK INC|FISERV, INC.|21ST CENTRY FOX B CM|21ST CENTRY FOX A CM|GILEAD SCIENCES, INC|ALPHABET CL C CAP|ALPHABET CL A CMN|HASBRO INC|HOLOGIC, INC.|HENRY SCHEIN, INC.|IDEXX LABORATORIES|ILLUMINA, INC.|INCYTE CORPORATION|INTEL CORP|INTUIT INC|INTUITIVE SURG, INC.|J B HUNT TRANSPORT|JD.COM, INC. ADS|KRAFT HEINZ CO CMN|K L A-TENCOR CORP|LIBERTY GLOBAL ORD A|LIBERTY GLOBAL ORD C|LAM RESEARCH CORP|LIBERTY VNTRS SRS A|MARRIOT INT CL A|MICROCHIP TECHNOLOGY|MONDELEZ INTL CMN A|MERCADOLIBRE, INC.|MONSTER BEVERAGE CP|MICROSOFT CORP|MICRON TECHNOLOGY|MAXIM INTEGRATED|MYLAN NV ORD SHS|NETFLIX, INC.|NETEASE INC ADS|NVIDIA CORPORATION|O'REILLY AUTOMOTIVE|PAYCHEX, INC.|PACCAR INC.|PAYPAL HOLDINGS|QUALCOMM INC|LIBERTY INT QVC SR A|REGENERON PHARMACEUT|ROSS STORES, INC.|STARBUCKS CORP|SHIRE PLC ADS|SIRIUS XM HOLDINGS I|SYNOPSYS, INC.|SEAGATE TECH ORD SHS|SKYWORKS SOLUTIONS|SYMANTEC CORPORATION|T-MOBILE US CMN|TESLA, INC.|TAKE-TWO INTERACTI|TEXAS INSTRUMENTS|ULTA BEAUTY, INC.|VODAFONE GRP PLC ADS|VERISK ANALYTICS INC|VERTEX PHARMACEUTIC|WALGREENS BTS ALN CM|WORKDAY, INC.|WESTERN DIGITAL CP|WYNN RESORTS LIMITED|XILINX, INC.|DENTSPLY SIRONA INC."
2018-03-12,2018-07-20,103,AAL|AAPL|ADBE|ADI|ADP|ADSK|ALGN|ALXN|AMAT|AMGN|AMZN|ASML|ATVI|AVGO|BIDU|BIIB|BKNG|BMRN|CA|CDNS|CELG|CERN|CHKP|CHTR|CMCSA|COST|CSCO|CSX|CTAS|CTRP|CTSH|CTXS|DISH|DLTR|EA|EBAY|ESRX|EXPE|FAST|FB|FISV|FOX|FOXA|GILD|GOOG|GOOGL|HAS|HOLX|HSIC|IDXX|ILMN|INCY|INTC|INTU|ISRG|JBHT|JD|KHC|KLAC|LBTYA|LBTYK|LRCX|MAR|MCHP|MDLZ|MELI|MNST|MSFT|MU|MXIM|MYL|NFLX|NTES|NVDA|ORLY|PAYX|PCAR|PYPL|QCOM|QRTEA|REGN|ROST|SBUX|SHPG|SIRI|SNPS|STX|SWKS|SYMC|TMUS|TSLA|TTWO|TXN|ULTA|VOD|VRSK|VRTX|WBA|WDAY|WDC|WYNN|XLNX|XRAY,"AMERICAN AIRLINES GP|APPLE INC.|ADOBE SYSTEMS INC|ANALOG DEVICES CMN|AUTOMATIC DATA PROCS|AUTODESK INC|ALIGN TECHNOLOGY I|ALEXION PHARM INC|APPLIED MATERIALS|AMGEN|AMAZON.COM INC|ASML HLDG NY REG|ACTIVISION BLIZZARD|BROADCOM LTD|BAIDU, INC.|BIOGEN INC CMN|BOOKING HOLDINGS INC|BIOMARIN PHARMACEUT|CA INC|CADENCE DESIGN SYS|CELGENE CORP|CERNER CORP|CHECK POINT SOFTWARE|CHARTER COMMUNICATIO|COMCAST CORP A|COSTCO WHOLESALE|CISCO SYSTEMS INC|C S X CP|CINTAS CORP|CTRIP.COM INTL LTD|COGNIZANT TECH SOL|CITRIX SYSTEMS INC|DISH NETWORK CORP|DOLLAR TREE INC|ELECTRONIC ARTS INC|EBAY INC.|EXPRESS SCRIPTS|EXPEDIA, INC. NEW|FASTENAL CO|FACEBOOK INC|FISERV, INC.|21ST CENTRY FOX B CM|21ST CENTRY FOX A CM|GILEAD SCIENCES, INC|ALPHABET CL C CAP|ALPHABET CL A CMN|HASBRO INC|HOLOGIC, INC.|HENRY SCHEIN, INC.|IDEXX LABORATORIES|ILLUMINA, INC.|INCYTE CORPORATION|INTEL CORP|INTUIT INC|INTUITIVE SURG, INC.|J B HUNT TRANSPORT|JD.COM, INC. ADS|KRAFT HEINZ CO CMN|K L A-TENCOR CORP|LIBERTY GLOBAL ORD A|LIBERTY GLOBAL ORD C|LAM RESEARCH CORP|MARRIOT INT CL A|MICROCHIP TECHNOLOGY|MONDELEZ INTL CMN A|MERCADOLIBRE, INC.|MONSTER BEVERAGE CP|MICROSOFT CORP|MICRON TECHNOLOGY|MAXIM INTEGRATED|MYLAN NV ORD SHS|NETFLIX, INC.|NETEASE INC ADS|NVIDIA CORPORATION|O'REILLY AUTOMOTIVE|PAYCHEX, INC.|PACCAR INC.|PAYPAL HOLDINGS|QUALCOMM INC|LIBERTY INT QVC SR A|REGENERON PHARMACEUT|ROSS STORES, INC.|STARBUCKS CORP|SHIRE PLC ADS|SIRIUS XM HOLDINGS I|SYNOPSYS, INC.|SEAGATE TECH ORD SHS|SKYWORKS SOLUTIONS|SYMANTEC CORPORATION|T-MOBILE US CMN|TESLA, INC.|TAKE-TWO INTERACTI|TEXAS INSTRUMENTS|ULTA BEAUTY, INC.|VODAFONE GRP PLC ADS|VERISK ANALYTICS INC|VERTEX PHARMACEUTIC|WALGREENS BTS ALN CM|WORKDAY, INC.|WESTERN DIGITAL CP|WYNN RESORTS LIMITED|XILINX, INC.|DENTSPLY SIRONA INC."
2018-07-23,2018-11-02,103,AAL|AAPL|ADBE|ADI|ADP|ADSK|ALGN|ALXN|AMAT|AMGN|AMZN|ASML|ATVI|AVGO|BIDU|BIIB|BKNG|BMRN|CA|CDNS|CELG|CERN|CHKP|CHTR|CMCSA|COST|CSCO|CSX|CTAS|CTRP|CTSH|CTXS|DLTR|EA|EBAY|ESRX|EXPE|FAST|FB|FISV|FOX|FOXA|GILD|GOOG|GOOGL|HAS|HOLX|HSIC|IDXX|ILMN|INCY|INTC|INTU|ISRG|JBHT|JD|KHC|KLAC|LBTYA|LBTYK|LRCX|MAR|MCHP|MDLZ|MELI|MNST|MSFT|MU|MXIM|MYL|NFLX|NTES|NVDA|ORLY|PAYX|PCAR|PEP|PYPL|QCOM|QRTEA|REGN|ROST|SBUX|SHPG|SIRI|SNPS|STX|SWKS|SYMC|TMUS|TSLA|TTWO|TXN|ULTA|VOD|VRSK|VRTX|WBA|WDAY|WDC|WYNN|XLNX|XRAY,"AMERICAN AIRLINES GP|APPLE INC.|ADOBE SYSTEMS INC|ANALOG DEVICES CMN|AUTOMATIC DATA PROCS|AUTODESK INC|ALIGN TECHNOLOGY I|ALEXION PHARM INC|APPLIED MATERIALS|AMGEN|AMAZON.COM INC|ASML HLDG NY REG|ACTIVISION BLIZZARD|BROADCOM INC.|BAIDU, INC.|BIOGEN INC CMN|BOOKING HOLDINGS INC|BIOMARIN PHARMACEUT|CA INC|CADENCE DESIGN SYS|CELGENE CORP|CERNER CORP|CHECK POINT SOFTWARE|CHARTER COMMUNICATIO|COMCAST CORP A|COSTCO WHOLESALE|CISCO SYSTEMS INC|C S X CP|CINTAS CORP|CTRIP.COM INTL LTD|COGNIZANT TECH SOL|CITRIX SYSTEMS INC|DOLLAR TREE INC|ELECTRONIC ARTS INC|EBAY INC.|EXPRESS SCRIPTS|EXPEDIA GROUP, INC.|FASTENAL CO|FACEBOOK INC|FISERV, INC.|21ST CENTRY FOX B CM|21ST CENTRY FOX A CM|GILEAD SCIENCES, INC|ALPHABET CL C CAP|ALPHABET CL A CMN|HASBRO INC|HOLOGIC, INC.|HENRY SCHEIN, INC.|IDEXX LABORATORIES|ILLUMINA, INC.|INCYTE CORPORATION|INTEL CORP|INTUIT INC|INTUITIVE SURG, INC.|J B HUNT TRANSPORT|JD.COM, INC. ADS|KRAFT HEINZ CO CMN|K L A-TENCOR CORP|LIBERTY GLOBAL ORD A|LIBERTY GLOBAL ORD C|LAM RESEARCH CORP|MARRIOTT INT CL A CM|MICROCHIP TECHNOLOGY|MONDELEZ INTL CMN A|MERCADOLIBRE, INC.|MONSTER BEVERAGE CP|MICROSOFT CORP|MICRON TECHNOLOGY|MAXIM INTEGRATED|MYLAN NV ORD SHS|NETFLIX, INC.|NETEASE INC ADS|NVIDIA CORPORATION|O'REILLY AUTOMOTIVE|PAYCHEX, INC.|PACCAR INC.|PEPSICO INC|PAYPAL HOLDINGS|QUALCOMM INC|QURATE RTL SR A|REGENERON PHARMACEUT|ROSS STORES, INC.|STARBUCKS CORP|SHIRE PLC ADS|SIRIUS XM HOLDINGS I|SYNOPSYS, INC.|SEAGATE TECH ORD SHS|SKYWORKS SOLUTIONS|SYMANTEC CORPORATION|T-MOBILE US CMN|TESLA, INC.|TAKE-TWO INTERACTI|TEXAS INSTRUMENTS|ULTA BEAUTY, INC.|VODAFONE GRP PLC ADS|VERISK ANALYTICS INC|VERTEX PHARMACEUTIC|WALGREENS BTS ALN CM|WORKDAY, INC.|WESTERN DIGITAL CP|WYNN RESORTS LIMITED|XILINX, INC.|DENTSPLY SIRONA INC."
2018-11-05,2018-11-16,103,AAL|AAPL|ADBE|ADI|ADP|ADSK|ALGN|ALXN|AMAT|AMGN|AMZN|ASML|ATVI|AVGO|BIDU|BIIB|BKNG|BMRN|CDNS|CELG|CERN|CHKP|CHTR|CMCSA|COST|CSCO|CSX|CTAS|CTRP|CTSH|CTXS|DLTR|EA|EBAY|ESRX|EXPE|FAST|FB|FISV|FOX|FOXA|GILD|GOOG|GOOGL|HAS|HOLX|HSIC|IDXX|ILMN|INCY|INTC|INTU|ISRG|JBHT|JD|KHC|KLAC|LBTYA|LBTYK|LRCX|MAR|MCHP|MDLZ|MELI|MNST|MSFT|MU|MXIM|MYL|NFLX|NTES|NVDA|NXPI|ORLY|PAYX|PCAR|PEP|PYPL|QCOM|QRTEA|REGN|ROST|SBUX|SHPG|SIRI|SNPS|STX|SWKS|SYMC|TMUS|TSLA|TTWO|TXN|ULTA|VOD|VRSK|VRTX|WBA|WDAY|WDC|WYNN|XLNX|XRAY,"AMERICAN AIRLINES GP|APPLE INC.|ADOBE INC.|ANALOG DEVICES CMN|AUTOMATIC DATA PROCS|AUTODESK INC|ALIGN TECHNOLOGY I|ALEXION PHARM INC|APPLIED MATERIALS|AMGEN|AMAZON.COM INC|ASML HLDG NY REG|ACTIVISION BLIZZARD|BROADCOM INC.|BAIDU, INC.|BIOGEN INC CMN|BOOKING HOLDINGS INC|BIOMARIN PHARMACEUT|CADENCE DESIGN SYS|CELGENE CORP|CERNER CORP|CHECK POINT SOFTWARE|CHARTER COMMUNICATIO|COMCAST CORP A|COSTCO WHOLESALE|CISCO SYSTEMS INC|C S X CP|CINTAS CORP|CTRIP.COM INTL LTD|COGNIZANT TECH SOL|CITRIX SYSTEMS INC|DOLLAR TREE INC|ELECTRONIC ARTS INC|EBAY INC.|EXPRESS SCRIPTS|EXPEDIA GROUP, INC.|FASTENAL CO|FACEBOOK INC|FISERV, INC.|21ST CENTRY FOX B CM|21ST CENTRY FOX A CM|GILEAD SCIENCES, INC|ALPHABET CL C CAP|ALPHABET CL A CMN|HASBRO INC|HOLOGIC, INC.|HENRY SCHEIN, INC.|IDEXX LABORATORIES|ILLUMINA, INC.|INCYTE CORPORATION|INTEL CORP|INTUIT INC|INTUITIVE SURG, INC.|J B HUNT TRANSPORT|JD.COM, INC. ADS|KRAFT HEINZ CO CMN|K L A-TENCOR CORP|LIBERTY GLOBAL ORD A|LIBERTY GLOBAL ORD C|LAM RESEARCH CORP|MARRIOTT INT CL A CM|MICROCHIP TECHNOLOGY|MONDELEZ INTL CMN A|MERCADOLIBRE, INC.|MONSTER BEVERAGE CP|MICROSOFT CORP|MICRON TECHNOLOGY|MAXIM INTEGRATED|MYLAN NV ORD SHS|NETFLIX, INC.|NETEASE INC ADS|NVIDIA CORPORATION|NXP SEMICONDUCTORS|O'REILLY AUTOMOTIVE|PAYCHEX, INC.|PACCAR INC.|PEPSICO INC|PAYPAL HOLDINGS|QUALCOMM INC|QURATE RTL SR A|REGENERON PHARMACEUT|ROSS STORES, INC.|STARBUCKS CORP|SHIRE PLC ADS|SIRIUS XM HOLDINGS I|SYNOPSYS, INC.|SEAGATE TECH ORD SHS|SKYWORKS SOLUTIONS|SYMANTEC CORPORATION|T-MOBILE US CMN|TESLA, INC.|TAKE-TWO INTERACTI|TEXAS INSTRUMENTS|ULTA BEAUTY, INC.|VODAFONE GRP PLC ADS|VERISK ANALYTICS INC|VERTEX PHARMACEUTIC|WALGREENS BTS ALN CM|WORKDAY, INC.|WESTERN DIGITAL CP|WYNN RESORTS LIMITED|XILINX, INC.|DENTSPLY SIRONA INC."
2018-11-19,2018-12-20,103,AAL|AAPL|ADBE|ADI|ADP|ADSK|ALGN|ALXN|AMAT|AMGN|AMZN|ASML|ATVI|AVGO|BIDU|BIIB|BKNG|BMRN|CDNS|CELG|CERN|CHKP|CHTR|CMCSA|COST|CSCO|CSX|CTAS|CTRP|CTSH|CTXS|DLTR|EA|EBAY|ESRX|EXPE|FAST|FB|FISV|FOX|FOXA|GILD|GOOG|GOOGL|HAS|HOLX|HSIC|IDXX|ILMN|INCY|INTC|INTU|ISRG|JBHT|JD|KHC|KLAC|LBTYA|LBTYK|LRCX|MAR|MCHP|MDLZ|MELI|MNST|MSFT|MU|MXIM|MYL|NFLX|NTES|NVDA|NXPI|ORLY|PAYX|PCAR|PEP|PYPL|QCOM|QRTEA|REGN|ROST|SBUX|SHPG|SIRI|SNPS|STX|SWKS|SYMC|TMUS|TSLA|TTWO|TXN|ULTA|VOD|VRSK|VRTX|WBA|WDAY|WDC|WYNN|XEL|XLNX,"AMERICAN AIRLINES GP|APPLE INC.|ADOBE INC.|ANALOG DEVICES CMN|AUTOMATIC DATA PROCS|AUTODESK INC|ALIGN TECHNOLOGY I|ALEXION PHARM INC|APPLIED MATERIALS|AMGEN|AMAZON.COM INC|ASML HLDG NY REG|ACTIVISION BLIZZARD|BROADCOM INC.|BAIDU, INC.|BIOGEN INC CMN|BOOKING HOLDINGS INC|BIOMARIN PHARMACEUT|CADENCE DESIGN SYS|CELGENE CORP|CERNER CORP|CHECK POINT SOFTWARE|CHARTER COMMUNICATIO|COMCAST CORP A|COSTCO WHOLESALE|CISCO SYSTEMS INC|C S X CP|CINTAS CORP|CTRIP.COM INTL LTD|COGNIZANT TECH SOL|CITRIX SYSTEMS INC|DOLLAR TREE INC|ELECTRONIC ARTS INC|EBAY INC.|EXPRESS SCRIPTS|EXPEDIA GROUP, INC.|FASTENAL CO|FACEBOOK INC|FISERV, INC.|21ST CENTRY FOX B CM|21ST CENTRY FOX A CM|GILEAD SCIENCES, INC|ALPHABET CL C CAP|ALPHABET CL A CMN|HASBRO INC|HOLOGIC, INC.|HENRY SCHEIN, INC.|IDEXX LABORATORIES|ILLUMINA, INC.|INCYTE CORPORATION|INTEL CORP|INTUIT INC|INTUITIVE SURG, INC.|J B HUNT TRANSPORT|JD.COM, INC. ADS|KRAFT HEINZ CO CMN|K L A-TENCOR CORP|LIBERTY GLOBAL ORD A|LIBERTY GLOBAL ORD C|LAM RESEARCH CORP|MARRIOTT INT CL A CM|MICROCHIP TECHNOLOGY|MONDELEZ INTL CMN A|MERCADOLIBRE, INC.|MONSTER BEVERAGE CP|MICROSOFT CORP|MICRON TECHNOLOGY|MAXIM INTEGRATED|MYLAN NV ORD SHS|NETFLIX, INC.|NETEASE INC ADS|NVIDIA CORPORATION|NXP SEMICONDUCTORS|O'REILLY AUTOMOTIVE|PAYCHEX, INC.|PACCAR INC.|PEPSICO INC|PAYPAL HOLDINGS|QUALCOMM INC|QURATE RTL SR A|REGENERON PHARMACEUT|ROSS STORES, INC.|STARBUCKS CORP|SHIRE PLC ADS|SIRIUS XM HOLDINGS I|SYNOPSYS, INC.|SEAGATE TECH ORD SHS|SKYWORKS SOLUTIONS|SYMANTEC CORPORATION|T-MOBILE US CMN|TESLA, INC.|TAKE-TWO INTERACTI|TEXAS INSTRUMENTS|ULTA BEAUTY, INC.|VODAFONE GRP PLC ADS|VERISK ANALYTICS INC|VERTEX PHARMACEUTIC|WALGREENS BTS ALN CM|WORKDAY, INC.|WESTERN DIGITAL CP|WYNN RESORTS LIMITED|XCEL ENERGY CMN|XILINX, INC."
2018-12-21,2018-12-21,103,$ESRX$|AAL|AAPL|ADBE|ADI|ADP|ADSK|ALGN|ALXN|AMAT|AMGN|AMZN|ASML|ATVI|AVGO|BIDU|BIIB|BKNG|BMRN|CDNS|CELG|CERN|CHKP|CHTR|CMCSA|COST|CSCO|CSX|CTAS|CTRP|CTSH|CTXS|DLTR|EA|EBAY|EXPE|FAST|FB|FISV|FOX|FOXA|GILD|GOOG|GOOGL|HAS|HOLX|HSIC|IDXX|ILMN|INCY|INTC|INTU|ISRG|JBHT|JD|KHC|KLAC|LBTYA|LBTYK|LRCX|MAR|MCHP|MDLZ|MELI|MNST|MSFT|MU|MXIM|MYL|NFLX|NTES|NVDA|NXPI|ORLY|PAYX|PCAR|PEP|PYPL|QCOM|QRTEA|REGN|ROST|SBUX|SHPG|SIRI|SNPS|STX|SWKS|SYMC|TMUS|TSLA|TTWO|TXN|ULTA|VOD|VRSK|VRTX|WBA|WDAY|WDC|WYNN|XEL|XLNX,"EXPRESS SCRIPTS|AMERICAN AIRLINES GP|APPLE INC.|ADOBE INC.|ANALOG DEVICES CMN|AUTOMATIC DATA PROCS|AUTODESK INC|ALIGN TECHNOLOGY I|ALEXION PHARM INC|APPLIED MATERIALS|AMGEN|AMAZON.COM INC|ASML HLDG NY REG|ACTIVISION BLIZZARD|BROADCOM INC.|BAIDU, INC.|BIOGEN INC CMN|BOOKING HOLDINGS INC|BIOMARIN PHARMACEUT|CADENCE DESIGN SYS|CELGENE CORP|CERNER CORP|CHECK POINT SOFTWARE|CHARTER COMMUNICATIO|COMCAST CORP A|COSTCO WHOLESALE|CISCO SYSTEMS INC|C S X CP|CINTAS CORP|CTRIP.COM INTL LTD|COGNIZANT TECH SOL|CITRIX SYSTEMS INC|DOLLAR TREE INC|ELECTRONIC ARTS INC|EBAY INC.|EXPEDIA GROUP, INC.|FASTENAL CO|FACEBOOK INC|FISERV, INC.|21ST CENTRY FOX B CM|21ST CENTRY FOX A CM|GILEAD SCIENCES, INC|ALPHABET CL C CAP|ALPHABET CL A CMN|HASBRO INC|HOLOGIC, INC.|HENRY SCHEIN, INC.|IDEXX LABORATORIES|ILLUMINA, INC.|INCYTE CORPORATION|INTEL CORP|INTUIT INC|INTUITIVE SURG, INC.|J B HUNT TRANSPORT|JD.COM, INC. ADS|KRAFT HEINZ CO CMN|K L A-TENCOR CORP|LIBERTY GLOBAL ORD A|LIBERTY GLOBAL ORD C|LAM RESEARCH CORP|MARRIOTT INT CL A CM|MICROCHIP TECHNOLOGY|MONDELEZ INTL CMN A|MERCADOLIBRE, INC.|MONSTER BEVERAGE CP|MICROSOFT CORP|MICRON TECHNOLOGY|MAXIM INTEGRATED|MYLAN NV ORD SHS|NETFLIX, INC.|NETEASE INC ADS|NVIDIA CORPORATION|NXP SEMICONDUCTORS|O'REILLY AUTOMOTIVE|PAYCHEX, INC.|PACCAR INC.|PEPSICO INC|PAYPAL HOLDINGS|QUALCOMM INC|QURATE RTL SR A|REGENERON PHARMACEUT|ROSS STORES, INC.|STARBUCKS CORP|SHIRE PLC ADS|SIRIUS XM HOLDINGS I|SYNOPSYS, INC.|SEAGATE TECH ORD SHS|SKYWORKS SOLUTIONS|SYMANTEC CORPORATION|T-MOBILE US CMN|TESLA, INC.|TAKE-TWO INTERACTI|TEXAS INSTRUMENTS|ULTA BEAUTY, INC.|VODAFONE GRP PLC ADS|VERISK ANALYTICS INC|VERTEX PHARMACEUTIC|WALGREENS BTS ALN CM|WORKDAY, INC.|WESTERN DIGITAL CP|WYNN RESORTS LIMITED|XCEL ENERGY CMN|XILINX, INC."
2018-12-24,2019-03-18,103,AAL|AAPL|ADBE|ADI|ADP|ADSK|ALGN|ALXN|AMAT|AMD|AMGN|AMZN|ASML|ATVI|AVGO|BIDU|BIIB|BKNG|BMRN|CDNS|CELG|CERN|CHKP|CHTR|CMCSA|COST|CSCO|CSX|CTAS|CTRP|CTSH|CTXS|DLTR|EA|EBAY|EXPE|FAST|FB|FISV|FOX|FOXA|GILD|GOOG|GOOGL|HAS|HSIC|IDXX|ILMN|INCY|INTC|INTU|ISRG|JBHT|JD|KHC|KLAC|LBTYA|LBTYK|LRCX|LULU|MAR|MCHP|MDLZ|MELI|MNST|MSFT|MU|MXIM|MYL|NFLX|NTAP|NTES|NVDA|NXPI|ORLY|PAYX|PCAR|PEP|PYPL|QCOM|REGN|ROST|SBUX|SIRI|SNPS|SWKS|SYMC|TMUS|TSLA|TTWO|TXN|UAL|ULTA|VRSK|VRSN|VRTX|WBA|WDAY|WDC|WLTW|WYNN|XEL|XLNX,"AMERICAN AIRLINES GP|APPLE INC.|ADOBE INC.|ANALOG DEVICES CMN|AUTOMATIC DATA PROCS|AUTODESK INC|ALIGN TECHNOLOGY I|ALEXION PHARM INC|APPLIED MATERIALS|ADV MICRO DEVICES|AMGEN|AMAZON.COM INC|ASML HLDG NY REG|ACTIVISION BLIZZARD|BROADCOM INC.|BAIDU, INC.|BIOGEN INC CMN|BOOKING HOLDINGS INC|BIOMARIN PHARMACEUT|CADENCE DESIGN SYS|CELGENE CORP|CERNER CORP|CHECK POINT SOFTWARE|CHARTER COMMUNICATIO|COMCAST CORP A|COSTCO WHOLESALE|CISCO SYSTEMS INC|C S X CP|CINTAS CORP|CTRIP.COM INTL LTD|COGNIZANT TECH SOL|CITRIX SYSTEMS INC|DOLLAR TREE INC|ELECTRONIC ARTS INC|EBAY INC.|EXPEDIA GROUP, INC.|FASTENAL CO|FACEBOOK INC|FISERV, INC.|21ST CENTRY FOX B CM|21ST CENTRY FOX A CM|GILEAD SCIENCES, INC|ALPHABET CL C CAP|ALPHABET CL A CMN|HASBRO INC|HENRY SCHEIN, INC.|IDEXX LABORATORIES|ILLUMINA, INC.|INCYTE CORPORATION|INTEL CORP|INTUIT INC|INTUITIVE SURG, INC.|J B HUNT TRANSPORT|JD.COM, INC. ADS|KRAFT HEINZ CO CMN|K L A-TENCOR CORP|LIBERTY GLOBAL ORD A|LIBERTY GLOBAL ORD C|LAM RESEARCH CORP|LULULEMON ATHLETICA|MARRIOTT INT CL A CM|MICROCHIP TECHNOLOGY|MONDELEZ INTL CMN A|MERCADOLIBRE, INC.|MONSTER BEVERAGE CP|MICROSOFT CORP|MICRON TECHNOLOGY|MAXIM INTEGRATED|MYLAN NV ORD SHS|NETFLIX, INC.|NETAPP, INC.|NETEASE INC ADS|NVIDIA CORPORATION|NXP SEMICONDUCTORS|O'REILLY AUTOMOTIVE|PAYCHEX, INC.|PACCAR INC.|PEPSICO INC|PAYPAL HOLDINGS|QUALCOMM INC|REGENERON PHARMACEUT|ROSS STORES, INC.|STARBUCKS CORP|SIRIUS XM HOLDINGS I|SYNOPSYS, INC.|SKYWORKS SOLUTIONS|SYMANTEC CORPORATION|T-MOBILE US CMN|TESLA, INC.|TAKE-TWO INTERACTI|TEXAS INSTRUMENTS|UNITED CONTINENTL CM|ULTA BEAUTY, INC.|VERISK ANALYTICS INC|VERISIGN, INC.|VERTEX PHARMACEUTIC|WALGREENS BTS ALN CM|WORKDAY, INC.|WESTERN DIGITAL CP|WILLIS TOWERS WTS CM|WYNN RESORTS LIMITED|XCEL ENERGY CMN|XILINX, INC."
2019-03-19,2019-03-19,105,AAL|AAPL|ADBE|ADI|ADP|ADSK|ALGN|ALXN|AMAT|AMD|AMGN|AMZN|ASML|ATVI|AVGO|BIDU|BIIB|BKNG|BMRN|CDNS|CELG|CERN|CHKP|CHTR|CMCSA|COST|CSCO|CSX|CTAS|CTRP|CTSH|CTXS|DLTR|EA|EBAY|EXPE|FAST|FB|FISV|FOX|FOXA|GILD|GOOG|GOOGL|HAS|HSIC|IDXX|ILMN|INCY|INTC|INTU|ISRG|JBHT|JD|KHC|KLAC|LBTYA|LBTYK|LRCX|LULU|MAR|MCHP|MDLZ|MELI|MNST|MSFT|MU|MXIM|MYL|NFLX|NTAP|NTES|NVDA|NXPI|ORLY|PAYX|PCAR|PEP|PYPL|QCOM|REGN|ROST|SBUX|SIRI|SNPS|SWKS|SYMC|TFCF|TFCFA|TMUS|TSLA|TTWO|TXN|UAL|ULTA|VRSK|VRSN|VRTX|WBA|WDAY|WDC|WLTW|WYNN|XEL|XLNX,"AMERICAN AIRLINES GP|APPLE INC.|ADOBE INC.|ANALOG DEVICES CMN|AUTOMATIC DATA PROCS|AUTODESK INC|ALIGN TECHNOLOGY I|ALEXION PHARM INC|APPLIED MATERIALS|ADV MICRO DEVICES|AMGEN|AMAZON.COM INC|ASML HLDG NY REG|ACTIVISION BLIZZARD|BROADCOM INC.|BAIDU, INC.|BIOGEN INC CMN|BOOKING HOLDINGS INC|BIOMARIN PHARMACEUT|CADENCE DESIGN SYS|CELGENE CORP|CERNER CORP|CHECK POINT SOFTWARE|CHARTER COMMUNICATIO|COMCAST CORP A|COSTCO WHOLESALE|CISCO SYSTEMS INC|C S X CP|CINTAS CORP|CTRIP.COM INTL LTD|COGNIZANT TECH SOL|CITRIX SYSTEMS INC|DOLLAR TREE INC|ELECTRONIC ARTS INC|EBAY INC.|EXPEDIA GROUP, INC.|FASTENAL CO|FACEBOOK INC|FISERV, INC.|FOX CORP CM B|FOX CORP CM A|GILEAD SCIENCES, INC|ALPHABET CL C CAP|ALPHABET CL A CMN|HASBRO INC|HENRY SCHEIN CMN|IDEXX LABORATORIES|ILLUMINA, INC.|INCYTE CORPORATION|INTEL CORP|INTUIT INC|INTUITIVE SURG, INC.|J B HUNT TRANSPORT|JD.COM, INC. ADS|KRAFT HEINZ CO CMN|K L A-TENCOR CORP|LIBERTY GLOBAL ORD A|LIBERTY GLOBAL ORD C|LAM RESEARCH CORP|LULULEMON ATHLETICA|MARRIOTT INT CL A CM|MICROCHIP TECHNOLOGY|MONDELEZ INTL CMN A|MERCADOLIBRE, INC.|MONSTER BEVERAGE CP|MICROSOFT CORP|MICRON TECHNOLOGY|MAXIM INTEGRATED|MYLAN NV ORD SHS|NETFLIX, INC.|NETAPP, INC.|NETEASE INC ADS|NVIDIA CORPORATION|NXP SEMICONDUCTORS|O'REILLY AUTOMOTIVE|PAYCHEX, INC.|PACCAR INC.|PEPSICO INC|PAYPAL HOLDINGS|QUALCOMM INC|REGENERON PHARMACEUT|ROSS STORES, INC.|STARBUCKS CORP|SIRIUS XM HOLDINGS I|SYNOPSYS, INC.|SKYWORKS SOLUTIONS|SYMANTEC CORPORATION|21ST CENTRY FOX B CM|21ST CENTRY FOX A CM|T-MOBILE US CMN|TESLA, INC.|TAKE-TWO INTERACTI|TEXAS INSTRUMENTS|UNITED CONTINENTL CM|ULTA BEAUTY, INC.|VERISK ANALYTICS INC|VERISIGN, INC.|VERTEX PHARMACEUTIC|WALGREENS BTS ALN CM|WORKDAY, INC.|WESTERN DIGITAL CP|WILLIS TOWERS WTS CM|WYNN RESORTS LIMITED|XCEL ENERGY CMN|XILINX, INC."
2019-03-20,2019-11-04,103,AAL|AAPL|ADBE|ADI|ADP|ADSK|ALGN|ALXN|AMAT|AMD|AMGN|AMZN|ASML|ATVI|AVGO|BIDU|BIIB|BKNG|BMRN|CDNS|CELG|CERN|CHKP|CHTR|CMCSA|COST|CSCO|CSX|CTAS|CTRP|CTSH|CTXS|DLTR|EA|EBAY|EXPE|FAST|FB|FISV|FOX|FOXA|GILD|GOOG|GOOGL|HAS|HSIC|IDXX|ILMN|INCY|INTC|INTU|ISRG|JBHT|JD|KHC|KLAC|LBTYA|LBTYK|LRCX|LULU|MAR|MCHP|MDLZ|MELI|MNST|MSFT|MU|MXIM|MYL|NFLX|NTAP|NTES|NVDA|NXPI|ORLY|PAYX|PCAR|PEP|PYPL|QCOM|REGN|ROST|SBUX|SIRI|SNPS|SWKS|SYMC|TMUS|TSLA|TTWO|TXN|UAL|ULTA|VRSK|VRSN|VRTX|WBA|WDAY|WDC|WLTW|WYNN|XEL|XLNX,"AMERICAN AIRLINES GP|APPLE INC.|ADOBE INC.|ANALOG DEVICES CMN|AUTOMATIC DATA PROCS|AUTODESK INC|ALIGN TECHNOLOGY I|ALEXION PHARM INC|APPLIED MATERIALS|ADV MICRO DEVICES|AMGEN|AMAZON.COM INC|ASML HLDG NY REG|ACTIVISION BLIZZARD|BROADCOM INC.|BAIDU, INC.|BIOGEN INC CMN|BOOKING HOLDINGS INC|BIOMARIN PHARMACEUT|CADENCE DESIGN SYS|CELGENE CORP|CERNER CORP|CHECK POINT SOFTWARE|CHARTER COMMUNICATIO|COMCAST CORP A|COSTCO WHOLESALE|CISCO SYSTEMS INC|C S X CP|CINTAS CORP|CTRIP.COM INTL LTD|COGNIZANT TECH SOL|CITRIX SYSTEMS INC|DOLLAR TREE INC|ELECTRONIC ARTS INC|EBAY INC.|EXPEDIA GROUP, INC.|FASTENAL CO|FACEBOOK INC|FISERV, INC.|FOX CORP CM B|FOX CORP CM A|GILEAD SCIENCES, INC|ALPHABET CL C CAP|ALPHABET CL A CMN|HASBRO INC|HENRY SCHEIN CMN|IDEXX LABORATORIES|ILLUMINA, INC.|INCYTE CORPORATION|INTEL CORP|INTUIT INC|INTUITIVE SURG, INC.|J B HUNT TRANSPORT|JD.COM, INC. ADS|KRAFT HEINZ CO CMN|K L A-TENCOR CORP|LIBERTY GLOBAL ORD A|LIBERTY GLOBAL ORD C|LAM RESEARCH CORP|LULULEMON ATHLETICA|MARRIOTT INT CL A CM|MICROCHIP TECHNOLOGY|MONDELEZ INTL CMN A|MERCADOLIBRE, INC.|MONSTER BEVERAGE CP|MICROSOFT CORP|MICRON TECHNOLOGY|MAXIM INTEGRATED|MYLAN NV ORD SHS|NETFLIX, INC.|NETAPP, INC.|NETEASE INC ADS|NVIDIA CORPORATION|NXP SEMICONDUCTORS|O'REILLY AUTOMOTIVE|PAYCHEX, INC.|PACCAR INC.|PEPSICO INC|PAYPAL HOLDINGS|QUALCOMM INC|REGENERON PHARMACEUT|ROSS STORES, INC.|STARBUCKS CORP|SIRIUS XM HOLDINGS I|SYNOPSYS, INC.|SKYWORKS SOLUTIONS|SYMANTEC CORPORATION|T-MOBILE US CMN|TESLA, INC.|TAKE-TWO INTERACTI|TEXAS INSTRUMENTS|UNITED CONTINENTL CM|ULTA BEAUTY, INC.|VERISK ANALYTICS INC|VERISIGN, INC.|VERTEX PHARMACEUTIC|WALGREENS BTS ALN CM|WORKDAY, INC.|WESTERN DIGITAL CP|WILLIS TOWERS WTS CM|WYNN RESORTS LIMITED|XCEL ENERGY CMN|XILINX, INC."
2019-11-05,2019-11-20,103,AAL|AAPL|ADBE|ADI|ADP|ADSK|ALGN|ALXN|AMAT|AMD|AMGN|AMZN|ASML|ATVI|AVGO|BIDU|BIIB|BKNG|BMRN|CDNS|CELG|CERN|CHKP|CHTR|CMCSA|COST|CSCO|CSX|CTAS|CTSH|CTXS|DLTR|EA|EBAY|EXPE|FAST|FB|FISV|FOX|FOXA|GILD|GOOG|GOOGL|HAS|HSIC|IDXX|ILMN|INCY|INTC|INTU|ISRG|JBHT|JD|KHC|KLAC|LBTYA|LBTYK|LRCX|LULU|MAR|MCHP|MDLZ|MELI|MNST|MSFT|MU|MXIM|MYL|NFLX|NLOK|NTAP|NTES|NVDA|NXPI|ORLY|PAYX|PCAR|PEP|PYPL|QCOM|REGN|ROST|SBUX|SIRI|SNPS|SWKS|TCOM|TMUS|TSLA|TTWO|TXN|UAL|ULTA|VRSK|VRSN|VRTX|WBA|WDAY|WDC|WLTW|WYNN|XEL|XLNX,"AMERICAN AIRLINES GP|APPLE INC.|ADOBE INC.|ANALOG DEVICES CMN|AUTOMATIC DATA PROCS|AUTODESK INC|ALIGN TECHNOLOGY I|ALEXION PHARM INC|APPLIED MATERIALS|ADV MICRO DEVICES|AMGEN|AMAZON.COM INC|ASML HLDG NY REG|ACTIVISION BLIZZARD|BROADCOM INC.|BAIDU, INC.|BIOGEN INC CMN|BOOKING HOLDINGS INC|BIOMARIN PHARMACEUT|CADENCE DESIGN SYS|CELGENE CORP|CERNER CORP|CHECK POINT SOFTWARE|CHARTER COMMUNICATIO|COMCAST CORP A|COSTCO WHOLESALE|CISCO SYSTEMS INC|CSX CORPORATION|CINTAS CORP|COGNIZANT TECH SOL|CITRIX SYSTEMS INC|DOLLAR TREE INC|ELECTRONIC ARTS INC|EBAY INC.|EXPEDIA GROUP, INC.|FASTENAL CO|FACEBOOK INC|FISERV, INC.|FOX CORP CM B|FOX CORP CM A|GILEAD SCIENCES, INC|ALPHABET CL C CAP|ALPHABET CL A CMN|HASBRO INC|HENRY SCHEIN CMN|IDEXX LABORATORIES|ILLUMINA, INC.|INCYTE CORPORATION|INTEL CORP|INTUIT INC|INTUITIVE SURG, INC.|J B HUNT TRANSPORT|JD.COM, INC. ADS|KRAFT HEINZ CO CMN|KLA CP CMN STK|LIBERTY GLOBAL ORD A|LIBERTY GLOBAL ORD C|LAM RESEARCH CORP|LULULEMON ATHLETICA|MARRIOTT INT CL A CM|MICROCHIP TECHNOLOGY|MONDELEZ INTL CMN A|MERCADOLIBRE, INC.|MONSTER BEVERAGE CP|MICROSOFT CORP|MICRON TECHNOLOGY|MAXIM INTEGRATED|MYLAN NV ORD SHS|NETFLIX, INC.|NORTONLIFELOCK INC.|NETAPP, INC.|NETEASE INC ADS|NVIDIA CORPORATION|NXP SEMICONDUCTORS|O'REILLY AUTOMOTIVE|PAYCHEX, INC.|PACCAR INC.|PEPSICO INC|PAYPAL HOLDINGS|QUALCOMM INC|REGENERON PHARMACEUT|ROSS STORES, INC.|STARBUCKS CORP|SIRIUS XM HOLDINGS I|SYNOPSYS, INC.|SKYWORKS SOLUTIONS|TRIP.COM GROUP LTD.|T-MOBILE US CMN|TESLA, INC.|TAKE-TWO INTERACTI|TEXAS INSTRUMENTS|UNITED AIRLNS HLD CM|ULTA BEAUTY, INC.|VERISK ANALYTICS INC|VERISIGN, INC.|VERTEX PHARMACEUTIC|WALGREENS BTS ALN CM|WORKDAY INC CL A|WESTERN DIGITAL CP|WILLIS TOWERS WTS CM|WYNN RESORTS LIMITED|XCEL ENERGY CMN|XILINX, INC."
2019-11-21,2019-12-20,103,AAL|AAPL|ADBE|ADI|ADP|ADSK|ALGN|ALXN|AMAT|AMD|AMGN|AMZN|ASML|ATVI|AVGO|BIDU|BIIB|BKNG|BMRN|CDNS|CERN|CHKP|CHTR|CMCSA|COST|CSCO|CSX|CTAS|CTSH|CTXS|DLTR|EA|EBAY|EXC|EXPE|FAST|FB|FISV|FOX|FOXA|GILD|GOOG|GOOGL|HAS|HSIC|IDXX|ILMN|INCY|INTC|INTU|ISRG|JBHT|JD|KHC|KLAC|LBTYA|LBTYK|LRCX|LULU|MAR|MCHP|MDLZ|MELI|MNST|MSFT|MU|MXIM|MYL|NFLX|NLOK|NTAP|NTES|NVDA|NXPI|ORLY|PAYX|PCAR|PEP|PYPL|QCOM|REGN|ROST|SBUX|SIRI|SNPS|SWKS|TCOM|TMUS|TSLA|TTWO|TXN|UAL|ULTA|VRSK|VRSN|VRTX|WBA|WDAY|WDC|WLTW|WYNN|XEL|XLNX,"AMERICAN AIRLINES GP|APPLE INC.|ADOBE INC.|ANALOG DEVICES CMN|AUTOMATIC DATA PROCS|AUTODESK INC|ALIGN TECHNOLOGY I|ALEXION PHARM INC|APPLIED MATERIALS|ADV MICRO DEVICES|AMGEN|AMAZON.COM INC|ASML HLDG NY REG|ACTIVISION BLIZZARD|BROADCOM INC.|BAIDU, INC.|BIOGEN INC CMN|BOOKING HOLDINGS INC|BIOMARIN PHARMACEUT|CADENCE DESIGN SYS|CERNER CORP|CHECK POINT SOFTWARE|CHARTER COMMUNICATIO|COMCAST CORP A|COSTCO WHOLESALE|CISCO SYSTEMS INC|CSX CORPORATION|CINTAS CORP|COGNIZANT TECH SOL|CITRIX SYSTEMS INC|DOLLAR TREE INC|ELECTRONIC ARTS INC|EBAY INC.|EXELON CORP CMN STK|EXPEDIA GROUP, INC.|FASTENAL CO|FACEBOOK INC|FISERV, INC.|FOX CORP CM B|FOX CORP CM A|GILEAD SCIENCES, INC|ALPHABET CL C CAP|ALPHABET CL A CMN|HASBRO INC|HENRY SCHEIN CMN|IDEXX LABORATORIES|ILLUMINA, INC.|INCYTE CORPORATION|INTEL CORP|INTUIT INC|INTUITIVE SURG, INC.|J B HUNT TRANSPORT|JD.COM, INC. ADS|KRAFT HEINZ CO CMN|KLA CP CMN STK|LIBERTY GLOBAL ORD A|LIBERTY GLOBAL ORD C|LAM RESEARCH CORP|LULULEMON ATHLETICA|MARRIOTT INT CL A CM|MICROCHIP TECHNOLOGY|MONDELEZ INTL CMN A|MERCADOLIBRE, INC.|MONSTER BEVERAGE CP|MICROSOFT CORP|MICRON TECHNOLOGY|MAXIM INTEGRATED|MYLAN NV ORD SHS|NETFLIX, INC.|NORTONLIFELOCK INC.|NETAPP, INC.|NETEASE INC ADS|NVIDIA CORPORATION|NXP SEMICONDUCTORS|O'REILLY AUTOMOTIVE|PAYCHEX, INC.|PACCAR INC.|PEPSICO INC|PAYPAL HOLDINGS|QUALCOMM INC|REGENERON PHARMACEUT|ROSS STORES, INC.|STARBUCKS CORP|SIRIUS XM HOLDINGS I|SYNOPSYS, INC.|SKYWORKS SOLUTIONS|TRIP.COM GROUP LTD.|T-MOBILE US CMN|TESLA, INC.|TAKE-TWO INTERACTI|TEXAS INSTRUMENTS|UNITED AIRLNS HLD CM|ULTA BEAUTY, INC.|VERISK ANALYTICS INC|VERISIGN, INC.|VERTEX PHARMACEUTIC|WALGREENS BTS ALN CM|WORKDAY INC CL A|WESTERN DIGITAL CP|WILLIS TOWERS WTS CM|WYNN RESORTS LIMITED|XCEL ENERGY CMN|XILINX, INC."
2019-12-23,2020-04-17,103,AAL|AAPL|ADBE|ADI|ADP|ADSK|ALGN|ALXN|AMAT|AMD|AMGN|AMZN|ANSS|ASML|ATVI|AVGO|BIDU|BIIB|BKNG|BMRN|CDNS|CDW|CERN|CHKP|CHTR|CMCSA|COST|CPRT|CSCO|CSGP|CSX|CTAS|CTSH|CTXS|DLTR|EA|EBAY|EXC|EXPE|FAST|FB|FISV|FOX|FOXA|GILD|GOOG|GOOGL|IDXX|ILMN|INCY|INTC|INTU|ISRG|JD|KHC|KLAC|LBTYA|LBTYK|LRCX|LULU|MAR|MCHP|MDLZ|MELI|MNST|MSFT|MU|MXIM|NFLX|NTAP|NTES|NVDA|NXPI|ORLY|PAYX|PCAR|PEP|PYPL|QCOM|REGN|ROST|SBUX|SGEN|SIRI|SNPS|SPLK|SWKS|TCOM|TMUS|TSLA|TTWO|TXN|UAL|ULTA|VRSK|VRSN|VRTX|WBA|WDAY|WDC|WLTW|XEL|XLNX,"AMERICAN AIRLINES GP|APPLE INC.|ADOBE INC.|ANALOG DEVICES CMN|AUTOMATIC DATA PROCS|AUTODESK INC|ALIGN TECHNOLOGY I|ALEXION PHARM INC|APPLIED MATERIALS|ADV MICRO DEVICES|AMGEN|AMAZON.COM INC|ANSYS INC|ASML HLDG NY REG|ACTIVISION BLIZZARD|BROADCOM INC.|BAIDU, INC.|BIOGEN INC CMN|BOOKING HOLDINGS INC|BIOMARIN PHARMACEUT|CADENCE DESIGN SYS|CDW CORPORATION|CERNER CORP|CHECK POINT SOFTWARE|CHARTER COMMUNICATIO|COMCAST CORP A|COSTCO WHOLESALE|COPART, INC.|CISCO SYSTEMS INC|COSTAR GROUP INC|CSX CORPORATION|CINTAS CORP|COGNIZANT TECH SOL|CITRIX SYSTEMS INC|DOLLAR TREE INC|ELECTRONIC ARTS INC|EBAY INC.|EXELON CORP CMN STK|EXPEDIA GROUP, INC.|FASTENAL CO|FACEBOOK INC|FISERV, INC.|FOX CORP CM B|FOX CORP CM A|GILEAD SCIENCES, INC|ALPHABET CL C CAP|ALPHABET CL A CMN|IDEXX LABORATORIES|ILLUMINA, INC.|INCYTE CORPORATION|INTEL CORP|INTUIT INC|INTUITIVE SURG, INC.|JD.COM, INC. ADS|KRAFT HEINZ CO CMN|KLA CP CMN STK|LIBERTY GLOBAL ORD A|LIBERTY GLOBAL ORD C|LAM RESEARCH CORP|LULULEMON ATHLETICA|MARRIOTT INT CL A CM|MICROCHIP TECHNOLOGY|MONDELEZ INTL CMN A|MERCADOLIBRE, INC.|MONSTER BEVERAGE CP|MICROSOFT CORP|MICRON TECHNOLOGY|MAXIM INTEGRATED|NETFLIX, INC.|NETAPP, INC.|NETEASE INC ADS|NVIDIA CORPORATION|NXP SEMICONDUCTORS|O'REILLY AUTOMOTIVE|PAYCHEX, INC.|PACCAR INC.|PEPSICO INC|PAYPAL HOLDINGS|QUALCOMM INC|REGENERON PHARMACEUT|ROSS STORES, INC.|STARBUCKS CORP|SEATTLE GENETICS INC|SIRIUS XM HOLDINGS I|SYNOPSYS, INC.|SPLUNK INC.|SKYWORKS SOLUTIONS|TRIP.COM GROUP LTD.|T-MOBILE US CMN|TESLA, INC.|TAKE-TWO INTERACTI|TEXAS INSTRUMENTS|UNITED AIRLNS HLD CM|ULTA BEAUTY, INC.|VERISK ANALYTICS INC|VERISIGN, INC.|VERTEX PHARMACEUTIC|WALGREENS BTS ALN CM|WORKDAY INC CL A|WESTERN DIGITAL CP|WILLIS TOWERS WTS CM|XCEL ENERGY CMN|XILINX, INC."
2020-04-20,2020-04-29,103,AAPL|ADBE|ADI|ADP|ADSK|ALGN|ALXN|AMAT|AMD|AMGN|AMZN|ANSS|ASML|ATVI|AVGO|BIDU|BIIB|BKNG|BMRN|CDNS|CDW|CERN|CHKP|CHTR|CMCSA|COST|CPRT|CSCO|CSGP|CSX|CTAS|CTSH|CTXS|DLTR|DXCM|EA|EBAY|EXC|EXPE|FAST|FB|FISV|FOX|FOXA|GILD|GOOG|GOOGL|IDXX|ILMN|INCY|INTC|INTU|ISRG|JD|KHC|KLAC|LBTYA|LBTYK|LRCX|LULU|MAR|MCHP|MDLZ|MELI|MNST|MSFT|MU|MXIM|NFLX|NTAP|NTES|NVDA|NXPI|ORLY|PAYX|PCAR|PEP|PYPL|QCOM|REGN|ROST|SBUX|SGEN|SIRI|SNPS|SPLK|SWKS|TCOM|TMUS|TSLA|TTWO|TXN|UAL|ULTA|VRSK|VRSN|VRTX|WBA|WDAY|WDC|WLTW|XEL|XLNX,"APPLE INC.|ADOBE INC.|ANALOG DEVICES CMN|AUTOMATIC DATA PROCS|AUTODESK INC|ALIGN TECHNOLOGY I|ALEXION PHARM INC|APPLIED MATERIALS|ADV MICRO DEVICES|AMGEN|AMAZON.COM INC|ANSYS INC|ASML HLDG NY REG|ACTIVISION BLIZZARD|BROADCOM INC.|BAIDU, INC.|BIOGEN INC CMN|BOOKING HOLDINGS INC|BIOMARIN PHARMACEUT|CADENCE DESIGN SYS|CDW CORPORATION|CERNER CORP|CHECK POINT SOFTWARE|CHARTER COMMUNICATIO|COMCAST CORP A|COSTCO WHOLESALE|COPART, INC.|CISCO SYSTEMS INC|COSTAR GROUP INC|CSX CORPORATION|CINTAS CORP|COGNIZANT TECH SOL|CITRIX SYSTEMS INC|DOLLAR TREE INC|DEXCOM|ELECTRONIC ARTS INC|EBAY INC.|EXELON CORP CMN STK|EXPEDIA GROUP, INC.|FASTENAL CO|FACEBOOK INC|FISERV, INC.|FOX CORP CM B|FOX CORP CM A|GILEAD SCIENCES, INC|ALPHABET CL C CAP|ALPHABET CL A CMN|IDEXX LABORATORIES|ILLUMINA, INC.|INCYTE CORPORATION|INTEL CORP|INTUIT INC|INTUITIVE SURG, INC.|JD.COM, INC. ADS|KRAFT HEINZ CO CMN|KLA CP CMN STK|LIBERTY GLOBAL ORD A|LIBERTY GLOBAL ORD C|LAM RESEARCH CORP|LULULEMON ATHLETICA|MARRIOTT INT CL A CM|MICROCHIP TECHNOLOGY|MONDELEZ INTL CMN A|MERCADOLIBRE, INC.|MONSTER BEVERAGE CP|MICROSOFT CORP|MICRON TECHNOLOGY|MAXIM INTEGRATED|NETFLIX, INC.|NETAPP, INC.|NETEASE INC ADS|NVIDIA CORPORATION|NXP SEMICONDUCTORS|O'REILLY AUTOMOTIVE|PAYCHEX, INC.|PACCAR INC.|PEPSICO INC|PAYPAL HOLDINGS|QUALCOMM INC|REGENERON PHARMACEUT|ROSS STORES, INC.|STARBUCKS CORP|SEATTLE GENETICS INC|SIRIUS XM HOLDINGS I|SYNOPSYS, INC.|SPLUNK INC.|SKYWORKS SOLUTIONS|TRIP.COM GROUP LTD.|T-MOBILE US CMN|TESLA, INC.|TAKE-TWO INTERACTI|TEXAS INSTRUMENTS|UNITED AIRLNS HLD CM|ULTA BEAUTY, INC.|VERISK ANALYTICS INC|VERISIGN, INC.|VERTEX PHARMACEUTIC|WALGREENS BTS ALN CM|WORKDAY INC CL A|WESTERN DIGITAL CP|WILLIS TOWERS WTS CM|XCEL ENERGY CMN|XILINX, INC."
2020-04-30,2020-06-19,103,AAPL|ADBE|ADI|ADP|ADSK|ALGN|ALXN|AMAT|AMD|AMGN|AMZN|ANSS|ASML|ATVI|AVGO|BIDU|BIIB|BKNG|BMRN|CDNS|CDW|CERN|CHKP|CHTR|CMCSA|COST|CPRT|CSCO|CSGP|CSX|CTAS|CTSH|CTXS|DLTR|DXCM|EA|EBAY|EXC|EXPE|FAST|FB|FISV|FOX|FOXA|GILD|GOOG|GOOGL|IDXX|ILMN|INCY|INTC|INTU|ISRG|JD|KHC|KLAC|LBTYA|LBTYK|LRCX|LULU|MAR|MCHP|MDLZ|MELI|MNST|MSFT|MU|MXIM|NFLX|NTAP|NTES|NVDA|NXPI|ORLY|PAYX|PCAR|PEP|PYPL|QCOM|REGN|ROST|SBUX|SGEN|SIRI|SNPS|SPLK|SWKS|TCOM|TMUS|TSLA|TTWO|TXN|UAL|ULTA|VRSK|VRSN|VRTX|WBA|WDAY|WDC|XEL|XLNX|ZM,"APPLE INC.|ADOBE INC.|ANALOG DEVICES CMN|AUTOMATIC DATA PROCS|AUTODESK INC|ALIGN TECHNOLOGY I|ALEXION PHARM INC|APPLIED MATERIALS|ADV MICRO DEVICES|AMGEN|AMAZON.COM INC|ANSYS INC|ASML HLDG NY REG|ACTIVISION BLIZZARD|BROADCOM INC.|BAIDU, INC.|BIOGEN INC CMN|BOOKING HOLDINGS INC|BIOMARIN PHARMACEUT|CADENCE DESIGN SYS|CDW CORPORATION|CERNER CORP|CHECK POINT SOFTWARE|CHARTER COMMUNICATIO|COMCAST CORP A|COSTCO WHOLESALE|COPART, INC.|CISCO SYSTEMS INC|COSTAR GROUP INC|CSX CORPORATION|CINTAS CORP|COGNIZANT TECH SOL|CITRIX SYSTEMS INC|DOLLAR TREE INC|DEXCOM|ELECTRONIC ARTS INC|EBAY INC.|EXELON CORP CMN STK|EXPEDIA GROUP, INC.|FASTENAL CO|FACEBOOK INC|FISERV, INC.|FOX CORP CM B|FOX CORP CM A|GILEAD SCIENCES, INC|ALPHABET CL C CAP|ALPHABET CL A CMN|IDEXX LABORATORIES|ILLUMINA, INC.|INCYTE CORPORATION|INTEL CORP|INTUIT INC|INTUITIVE SURG, INC.|JD.COM, INC. ADS|KRAFT HEINZ CO CMN|KLA CP CMN STK|LIBERTY GLOBAL ORD A|LIBERTY GLOBAL ORD C|LAM RESEARCH CORP|LULULEMON ATHLETICA|MARRIOTT INT CL A CM|MICROCHIP TECHNOLOGY|MONDELEZ INTL CMN A|MERCADOLIBRE, INC.|MONSTER BEVERAGE CP|MICROSOFT CORP|MICRON TECHNOLOGY|MAXIM INTEGRATED|NETFLIX, INC.|NETAPP, INC.|NETEASE INC ADS|NVIDIA CORPORATION|NXP SEMICONDUCTORS|O'REILLY AUTOMOTIVE|PAYCHEX, INC.|PACCAR INC.|PEPSICO INC|PAYPAL HOLDINGS|QUALCOMM INC|REGENERON PHARMACEUT|ROSS STORES, INC.|STARBUCKS CORP|SEATTLE GENETICS INC|SIRIUS XM HOLDINGS I|SYNOPSYS, INC.|SPLUNK INC.|SKYWORKS SOLUTIONS|TRIP.COM GROUP LTD.|T-MOBILE US CMN|TESLA, INC.|TAKE-TWO INTERACTI|TEXAS INSTRUMENTS|UNITED AIRLNS HLD CM|ULTA BEAUTY, INC.|VERISK ANALYTICS INC|VERISIGN, INC.|VERTEX PHARMACEUTIC|WALGREENS BTS ALN CM|WORKDAY INC CL A|WESTERN DIGITAL CP|XCEL ENERGY CMN|XILINX, INC.|ZOOM VIDEO CMTS CM A"
2020-06-22,2020-07-17,103,AAPL|ADBE|ADI|ADP|ADSK|ALGN|ALXN|AMAT|AMD|AMGN|AMZN|ANSS|ASML|ATVI|AVGO|BIDU|BIIB|BKNG|BMRN|CDNS|CDW|CERN|CHKP|CHTR|CMCSA|COST|CPRT|CSCO|CSGP|CSX|CTAS|CTSH|CTXS|DLTR|DOCU|DXCM|EA|EBAY|EXC|EXPE|FAST|FB|FISV|FOX|FOXA|GILD|GOOG|GOOGL|IDXX|ILMN|INCY|INTC|INTU|ISRG|JD|KHC|KLAC|LBTYA|LBTYK|LRCX|LULU|MAR|MCHP|MDLZ|MELI|MNST|MSFT|MU|MXIM|NFLX|NTAP|NTES|NVDA|NXPI|ORLY|PAYX|PCAR|PEP|PYPL|QCOM|REGN|ROST|SBUX|SGEN|SIRI|SNPS|SPLK|SWKS|TCOM|TMUS|TSLA|TTWO|TXN|ULTA|VRSK|VRSN|VRTX|WBA|WDAY|WDC|XEL|XLNX|ZM,"APPLE INC.|ADOBE INC.|ANALOG DEVICES CMN|AUTOMATIC DATA PROCS|AUTODESK INC|ALIGN TECHNOLOGY I|ALEXION PHARM INC|APPLIED MATERIALS|ADV MICRO DEVICES|AMGEN|AMAZON.COM INC|ANSYS INC|ASML HLDG NY REG|ACTIVISION BLIZZARD|BROADCOM INC.|BAIDU, INC.|BIOGEN INC CMN|BOOKING HOLDINGS INC|BIOMARIN PHARMACEUT|CADENCE DESIGN SYS|CDW CORPORATION|CERNER CORP|CHECK POINT SOFTWARE|CHARTER COMMUNICATIO|COMCAST CORP A|COSTCO WHOLESALE|COPART, INC.|CISCO SYSTEMS INC|COSTAR GROUP INC|CSX CORPORATION|CINTAS CORP|COGNIZANT TECH SOL|CITRIX SYSTEMS INC|DOLLAR TREE INC|DOCUSIGN, INC. CMN|DEXCOM|ELECTRONIC ARTS INC|EBAY INC.|EXELON CORP CMN STK|EXPEDIA GROUP, INC.|FASTENAL CO|FACEBOOK INC|FISERV, INC.|FOX CORP CM B|FOX CORP CM A|GILEAD SCIENCES, INC|ALPHABET CL C CAP|ALPHABET CL A CMN|IDEXX LABORATORIES|ILLUMINA, INC.|INCYTE CORPORATION|INTEL CORP|INTUIT INC|INTUITIVE SURG, INC.|JD.COM, INC. ADS|KRAFT HEINZ CO CMN|KLA CP CMN STK|LIBERTY GLOBAL ORD A|LIBERTY GLOBAL ORD C|LAM RESEARCH CORP|LULULEMON ATHLETICA|MARRIOTT INT CL A CM|MICROCHIP TECHNOLOGY|MONDELEZ INTL CMN A|MERCADOLIBRE, INC.|MONSTER BEVERAGE CP|MICROSOFT CORP|MICRON TECHNOLOGY|MAXIM INTEGRATED|NETFLIX, INC.|NETAPP, INC.|NETEASE INC ADS|NVIDIA CORPORATION|NXP SEMICONDUCTORS|O'REILLY AUTOMOTIVE|PAYCHEX, INC.|PACCAR INC.|PEPSICO INC|PAYPAL HOLDINGS|QUALCOMM INC|REGENERON PHARMACEUT|ROSS STORES, INC.|STARBUCKS CORP|SEATTLE GENETICS INC|SIRIUS XM HOLDINGS I|SYNOPSYS, INC.|SPLUNK INC.|SKYWORKS SOLUTIONS|TRIP.COM GROUP LTD.|T-MOBILE US CMN|TESLA, INC.|TAKE-TWO INTERACTI|TEXAS INSTRUMENTS|ULTA BEAUTY, INC.|VERISK ANALYTICS INC|VERISIGN, INC.|VERTEX PHARMACEUTIC|WALGREENS BTS ALN CM|WORKDAY INC CL A|WESTERN DIGITAL CP|XCEL ENERGY CMN|XILINX, INC.|ZOOM VIDEO CMTS CM A"
2020-07-20,2020-08-21,103,AAPL|ADBE|ADI|ADP|ADSK|ALGN|ALXN|AMAT|AMD|AMGN|AMZN|ANSS|ASML|ATVI|AVGO|BIDU|BIIB|BKNG|BMRN|CDNS|CDW|CERN|CHKP|CHTR|CMCSA|COST|CPRT|CSCO|CSX|CTAS|CTSH|CTXS|DLTR|DOCU|DXCM|EA|EBAY|EXC|EXPE|FAST|FB|FISV|FOX|FOXA|GILD|GOOG|GOOGL|IDXX|ILMN|INCY|INTC|INTU|ISRG|JD|KHC|KLAC|LBTYA|LBTYK|LRCX|LULU|MAR|MCHP|MDLZ|MELI|MNST|MRNA|MSFT|MU|MXIM|NFLX|NTAP|NTES|NVDA|NXPI|ORLY|PAYX|PCAR|PEP|PYPL|QCOM|REGN|ROST|SBUX|SGEN|SIRI|SNPS|SPLK|SWKS|TCOM|TMUS|TSLA|TTWO|TXN|ULTA|VRSK|VRSN|VRTX|WBA|WDAY|WDC|XEL|XLNX|ZM,"APPLE INC.|ADOBE INC.|ANALOG DEVICES CMN|AUTOMATIC DATA PROCS|AUTODESK INC|ALIGN TECHNOLOGY I|ALEXION PHARM INC|APPLIED MATERIALS|ADV MICRO DEVICES|AMGEN|AMAZON.COM INC|ANSYS INC|ASML HLDG NY REG|ACTIVISION BLIZZARD|BROADCOM INC.|BAIDU, INC.|BIOGEN INC CMN|BOOKING HOLDINGS INC|BIOMARIN PHARMACEUT|CADENCE DESIGN SYS|CDW CORPORATION|CERNER CORP|CHECK POINT SOFTWARE|CHARTER COMMUNICATIO|COMCAST CORP A|COSTCO WHOLESALE|COPART, INC.|CISCO SYSTEMS INC|CSX CORPORATION|CINTAS CORP|COGNIZANT TECH SOL|CITRIX SYSTEMS INC|DOLLAR TREE INC|DOCUSIGN, INC. CMN|DEXCOM|ELECTRONIC ARTS INC|EBAY INC.|EXELON CORP CMN STK|EXPEDIA GROUP, INC.|FASTENAL CO|FACEBOOK INC|FISERV, INC.|FOX CORP CM B|FOX CORP CM A|GILEAD SCIENCES, INC|ALPHABET CL C CAP|ALPHABET CL A CMN|IDEXX LABORATORIES|ILLUMINA, INC.|INCYTE CORPORATION|INTEL CORP|INTUIT INC|INTUITIVE SURG, INC.|JD.COM, INC. ADS|KRAFT HEINZ CO CMN|KLA CP CMN STK|LIBERTY GLOBAL ORD A|LIBERTY GLOBAL ORD C|LAM RESEARCH CORP|LULULEMON ATHLETICA|MARRIOTT INT CL A CM|MICROCHIP TECHNOLOGY|MONDELEZ INTL CMN A|MERCADOLIBRE, INC.|MONSTER BEVERAGE CP|MODERNA INC CS|MICROSOFT CORP|MICRON TECHNOLOGY|MAXIM INTEGRATED|NETFLIX, INC.|NETAPP, INC.|NETEASE INC ADS|NVIDIA CORPORATION|NXP SEMICONDUCTORS|O'REILLY AUTOMOTIVE|PAYCHEX, INC.|PACCAR INC.|PEPSICO INC|PAYPAL HOLDINGS|QUALCOMM INC|REGENERON PHARMACEUT|ROSS STORES, INC.|STARBUCKS CORP|SEATTLE GENETICS INC|SIRIUS XM HOLDINGS I|SYNOPSYS, INC.|SPLUNK INC.|SKYWORKS SOLUTIONS|TRIP.COM GROUP LTD.|T-MOBILE US CMN|TESLA, INC.|TAKE-TWO INTERACTI|TEXAS INSTRUMENTS|ULTA BEAUTY, INC.|VERISK ANALYTICS INC|VERISIGN, INC.|VERTEX PHARMACEUTIC|WALGREENS BTS ALN CM|WORKDAY INC CL A|WESTERN DIGITAL CP|XCEL ENERGY CMN|XILINX, INC.|ZOOM VIDEO CMTS CM A"
2020-08-24,2020-10-16,103,AAPL|ADBE|ADI|ADP|ADSK|ALGN|ALXN|AMAT|AMD|AMGN|AMZN|ANSS|ASML|ATVI|AVGO|BIDU|BIIB|BKNG|BMRN|CDNS|CDW|CERN|CHKP|CHTR|CMCSA|COST|CPRT|CSCO|CSX|CTAS|CTSH|CTXS|DLTR|DOCU|DXCM|EA|EBAY|EXC|EXPE|FAST|FB|FISV|FOX|FOXA|GILD|GOOG|GOOGL|IDXX|ILMN|INCY|INTC|INTU|ISRG|JD|KHC|KLAC|LBTYA|LBTYK|LRCX|LULU|MAR|MCHP|MDLZ|MELI|MNST|MRNA|MSFT|MU|MXIM|NFLX|NTES|NVDA|NXPI|ORLY|PAYX|PCAR|PDD|PEP|PYPL|QCOM|REGN|ROST|SBUX|SGEN|SIRI|SNPS|SPLK|SWKS|TCOM|TMUS|TSLA|TTWO|TXN|ULTA|VRSK|VRSN|VRTX|WBA|WDAY|WDC|XEL|XLNX|ZM,"APPLE INC.|ADOBE INC.|ANALOG DEVICES CMN|AUTOMATIC DATA PROCS|AUTODESK INC|ALIGN TECHNOLOGY I|ALEXION PHARM INC|APPLIED MATERIALS|ADV MICRO DEVICES|AMGEN|AMAZON.COM INC|ANSYS INC|ASML HLDG NY REG|ACTIVISION BLIZZARD|BROADCOM INC.|BAIDU, INC.|BIOGEN INC CMN|BOOKING HOLDINGS INC|BIOMARIN PHARMACEUT|CADENCE DESIGN SYS|CDW CORPORATION|CERNER CORP|CHECK POINT SOFTWARE|CHARTER COMMUNICATIO|COMCAST CORP A|COSTCO WHOLESALE|COPART, INC.|CISCO SYSTEMS INC|CSX CORPORATION|CINTAS CORP|COGNIZANT TECH SOL|CITRIX SYSTEMS INC|DOLLAR TREE INC|DOCUSIGN, INC. CMN|DEXCOM|ELECTRONIC ARTS INC|EBAY INC.|EXELON CORP CMN STK|EXPEDIA GROUP, INC.|FASTENAL CO|FACEBOOK INC|FISERV, INC.|FOX CORP CM B|FOX CORP CM A|GILEAD SCIENCES, INC|ALPHABET CL C CAP|ALPHABET CL A CMN|IDEXX LABORATORIES|ILLUMINA, INC.|INCYTE CORPORATION|INTEL CORP|INTUIT INC|INTUITIVE SURG, INC.|JD.COM, INC. ADS|KRAFT HEINZ CO CMN|KLA CP CMN STK|LIBERTY GLOBAL ORD A|LIBERTY GLOBAL ORD C|LAM RESEARCH CORP|LULULEMON ATHLETICA|MARRIOTT INT CL A CM|MICROCHIP TECHNOLOGY|MONDELEZ INTL CMN A|MERCADOLIBRE, INC.|MONSTER BEVERAGE CP|MODERNA INC CS|MICROSOFT CORP|MICRON TECHNOLOGY|MAXIM INTEGRATED|NETFLIX, INC.|NETEASE INC ADS|NVIDIA CORPORATION|NXP SEMICONDUCTORS|O'REILLY AUTOMOTIVE|PAYCHEX, INC.|PACCAR INC.|PINDUODUO INC. ADS|PEPSICO INC|PAYPAL HOLDINGS|QUALCOMM INC|REGENERON PHARMACEUT|ROSS STORES, INC.|STARBUCKS CORP|SEATTLE GENETICS INC|SIRIUS XM HOLDINGS I|SYNOPSYS, INC.|SPLUNK INC.|SKYWORKS SOLUTIONS|TRIP.COM GROUP LTD.|T-MOBILE US CMN|TESLA, INC.|TAKE-TWO INTERACTI|TEXAS INSTRUMENTS|ULTA BEAUTY, INC.|VERISK ANALYTICS INC|VERISIGN, INC.|VERTEX PHARMACEUTIC|WALGREENS BTS ALN CM|WORKDAY INC CL A|WESTERN DIGITAL CP|XCEL ENERGY CMN|XILINX, INC.|ZOOM VIDEO CMTS CM A"
2020-10-19,2020-12-18,103,AAPL|ADBE|ADI|ADP|ADSK|ALGN|ALXN|AMAT|AMD|AMGN|AMZN|ANSS|ASML|ATVI|AVGO|BIDU|BIIB|BKNG|BMRN|CDNS|CDW|CERN|CHKP|CHTR|CMCSA|COST|CPRT|CSCO|CSX|CTAS|CTSH|CTXS|DLTR|DOCU|DXCM|EA|EBAY|EXC|EXPE|FAST|FB|FISV|FOX|FOXA|GILD|GOOG|GOOGL|IDXX|ILMN|INCY|INTC|INTU|ISRG|JD|KDP|KHC|KLAC|LBTYA|LBTYK|LRCX|LULU|MAR|MCHP|MDLZ|MELI|MNST|MRNA|MSFT|MU|MXIM|NFLX|NTES|NVDA|NXPI|ORLY|PAYX|PCAR|PDD|PEP|PYPL|QCOM|REGN|ROST|SBUX|SGEN|SIRI|SNPS|SPLK|SWKS|TCOM|TMUS|TSLA|TTWO|TXN|ULTA|VRSK|VRSN|VRTX|WBA|WDAY|XEL|XLNX|ZM,"APPLE INC.|ADOBE INC.|ANALOG DEVICES CMN|AUTOMATIC DATA PROCS|AUTODESK INC|ALIGN TECHNOLOGY I|ALEXION PHARM INC|APPLIED MATERIALS|ADV MICRO DEVICES|AMGEN|AMAZON.COM INC|ANSYS INC|ASML HLDG NY REG|ACTIVISION BLIZZARD|BROADCOM INC.|BAIDU, INC.|BIOGEN INC CMN|BOOKING HOLDINGS INC|BIOMARIN PHARMACEUT|CADENCE DESIGN SYS|CDW CORPORATION|CERNER CORP|CHECK POINT SOFTWARE|CHARTER COMMUNICATIO|COMCAST CORP A|COSTCO WHOLESALE|COPART, INC.|CISCO SYSTEMS INC|CSX CORPORATION|CINTAS CORP|COGNIZANT TECH SOL|CITRIX SYSTEMS INC|DOLLAR TREE INC|DOCUSIGN, INC. CMN|DEXCOM|ELECTRONIC ARTS INC|EBAY INC.|EXELON CORP CMN STK|EXPEDIA GROUP, INC.|FASTENAL CO|FACEBOOK INC|FISERV, INC.|FOX CORP CM B|FOX CORP CM A|GILEAD SCIENCES, INC|ALPHABET CL C CAP|ALPHABET CL A CMN|IDEXX LABORATORIES|ILLUMINA, INC.|INCYTE CORPORATION|INTEL CORP|INTUIT INC|INTUITIVE SURG, INC.|JD.COM, INC. ADS|KEURIG DR PEPPER INC|KRAFT HEINZ CO CMN|KLA CP CMN STK|LIBERTY GLOBAL ORD A|LIBERTY GLOBAL ORD C|LAM RESEARCH CORP|LULULEMON ATHLETICA|MARRIOTT INT CL A CM|MICROCHIP TECHNOLOGY|MONDELEZ INTL CMN A|MERCADOLIBRE, INC.|MONSTER BEVERAGE CP|MODERNA INC CS|MICROSOFT CORP|MICRON TECHNOLOGY|MAXIM INTEGRATED|NETFLIX, INC.|NETEASE INC ADS|NVIDIA CORPORATION|NXP SEMICONDUCTORS|O'REILLY AUTOMOTIVE|PAYCHEX, INC.|PACCAR INC.|PINDUODUO INC. ADS|PEPSICO INC|PAYPAL HOLDINGS|QUALCOMM INC|REGENERON PHARMACEUT|ROSS STORES, INC.|STARBUCKS CORP|SEAGEN INC. CMN STK|SIRIUS XM HOLDINGS I|SYNOPSYS, INC.|SPLUNK INC.|SKYWORKS SOLUTIONS|TRIP.COM GROUP LTD.|T-MOBILE US CMN|TESLA, INC.|TAKE-TWO INTERACTI|TEXAS INSTRUMENTS|ULTA BEAUTY, INC.|VERISK ANALYTICS INC|VERISIGN, INC.|VERTEX PHARMACEUTIC|WALGREENS BTS ALN CM|WORKDAY INC CL A|XCEL ENERGY CMN|XILINX, INC.|ZOOM VIDEO CMTS CM A"
2020-12-21,2021-07-20,102,AAPL|ADBE|ADI|ADP|ADSK|AEP|ALGN|ALXN|AMAT|AMD|AMGN|AMZN|ANSS|ASML|ATVI|AVGO|BIDU|BIIB|BKNG|CDNS|CDW|CERN|CHKP|CHTR|CMCSA|COST|CPRT|CSCO|CSX|CTAS|CTSH|DLTR|DOCU|DXCM|EA|EBAY|EXC|FAST|FB|FISV|FOX|FOXA|GILD|GOOG|GOOGL|IDXX|ILMN|INCY|INTC|INTU|ISRG|JD|KDP|KHC|KLAC|LRCX|LULU|MAR|MCHP|MDLZ|MELI|MNST|MRNA|MRVL|MSFT|MTCH|MU|MXIM|NFLX|NTES|NVDA|NXPI|OKTA|ORLY|PAYX|PCAR|PDD|PEP|PTON|PYPL|QCOM|REGN|ROST|SBUX|SGEN|SIRI|SNPS|SPLK|SWKS|TCOM|TEAM|TMUS|TSLA|TXN|VRSK|VRSN|VRTX|WBA|WDAY|XEL|XLNX|ZM,"APPLE INC.|ADOBE INC.|ANALOG DEVICES CMN|AUTOMATIC DATA PROCS|AUTODESK INC|AMER ELC PWR CO CMN|ALIGN TECHNOLOGY I|ALEXION PHARM INC|APPLIED MATERIALS|ADV MICRO DEVICES|AMGEN|AMAZON.COM INC|ANSYS INC|ASML HLDG NY REG|ACTIVISION BLIZZARD|BROADCOM INC.|BAIDU, INC.|BIOGEN INC CMN|BOOKING HOLDINGS INC|CADENCE DESIGN SYS|CDW CORPORATION|CERNER CORP|CHECK POINT SOFTWARE|CHARTER COMMUNICATIO|COMCAST CORP A|COSTCO WHOLESALE|COPART, INC.|CISCO SYSTEMS INC|CSX CORPORATION|CINTAS CORP|COGNIZANT TECH SOL|DOLLAR TREE INC|DOCUSIGN, INC. CMN|DEXCOM|ELECTRONIC ARTS INC|EBAY INC.|EXELON CORP CMN STK|FASTENAL CO|FACEBOOK INC|FISERV, INC.|FOX CORP CM B|FOX CORP CM A|GILEAD SCIENCES, INC|ALPHABET CL C CAP|ALPHABET CL A CMN|IDEXX LABORATORIES|ILLUMINA, INC.|INCYTE CORPORATION|INTEL CORP|INTUIT INC|INTUITIVE SURG, INC.|JD.COM, INC. ADS|KEURIG DR PEPPER INC|KRAFT HEINZ CO CMN|KLA CP CMN STK|LAM RESEARCH CORP|LULULEMON ATHLETICA|MARRIOTT INT CL A CM|MICROCHIP TECHNOLOGY|MONDELEZ INTL CMN A|MERCADOLIBRE, INC.|MONSTER BEVERAGE CP|MODERNA INC CS|MARVELL TECH GROUP|MICROSOFT CORP|MATCH GROUP CMN|MICRON TECHNOLOGY|MAXIM INTEGRATED|NETFLIX, INC.|NETEASE INC ADS|NVIDIA CORPORATION|NXP SEMICONDUCTORS|OKTA, INC. CL A CM|O'REILLY AUTOMOTIVE|PAYCHEX, INC.|PACCAR INC.|PINDUODUO INC. ADS|PEPSICO INC|PELOTON INTACTV CM A|PAYPAL HOLDINGS|QUALCOMM INC|REGENERON PHARMACEUT|ROSS STORES, INC.|STARBUCKS CORP|SEAGEN INC. CMN STK|SIRIUS XM HOLDINGS I|SYNOPSYS, INC.|SPLUNK INC.|SKYWORKS SOLUTIONS|TRIP.COM GROUP LTD.|ATLASSIAN CLS A ORD|T-MOBILE US CMN|TESLA, INC.|TEXAS INSTRUMENTS|VERISK ANALYTICS INC|VERISIGN, INC.|VERTEX PHARMACEUTIC|WALGREENS BTS ALN CM|WORKDAY INC CL A|XCEL ENERGY CMN|XILINX, INC.|ZOOM VIDEO CMTS CM A"
2021-07-21,2021-08-25,102,AAPL|ADBE|ADI|ADP|ADSK|AEP|ALGN|AMAT|AMD|AMGN|AMZN|ANSS|ASML|ATVI|AVGO|BIDU|BIIB|BKNG|CDNS|CDW|CERN|CHKP|CHTR|CMCSA|COST|CPRT|CSCO|CSX|CTAS|CTSH|DLTR|DOCU|DXCM|EA|EBAY|EXC|FAST|FB|FISV|FOX|FOXA|GILD|GOOG|GOOGL|HON|IDXX|ILMN|INCY|INTC|INTU|ISRG|JD|KDP|KHC|KLAC|LRCX|LULU|MAR|MCHP|MDLZ|MELI|MNST|MRNA|MRVL|MSFT|MTCH|MU|MXIM|NFLX|NTES|NVDA|NXPI|OKTA|ORLY|PAYX|PCAR|PDD|PEP|PTON|PYPL|QCOM|REGN|ROST|SBUX|SGEN|SIRI|SNPS|SPLK|SWKS|TCOM|TEAM|TMUS|TSLA|TXN|VRSK|VRSN|VRTX|WBA|WDAY|XEL|XLNX|ZM,"APPLE INC.|ADOBE INC.|ANALOG DEVICES CMN|AUTOMATIC DATA PROCS|AUTODESK INC|AMER ELC PWR CO CMN|ALIGN TECHNOLOGY I|APPLIED MATERIALS|ADV MICRO DEVICES|AMGEN|AMAZON.COM INC|ANSYS INC|ASML HLDG NY REG|ACTIVISION BLIZZARD|BROADCOM INC.|BAIDU, INC|BIOGEN INC CMN|BOOKING HOLDINGS INC|CADENCE DESIGN SYS|CDW CORPORATION|CERNER CORP|CHECK POINT SOFTWARE|CHARTER COMMUNICATIO|COMCAST CORP A|COSTCO WHOLESALE|COPART, INC.|CISCO SYSTEMS INC.|CSX CORPORATION|CINTAS CORP|COGNIZANT TECH SOL|DOLLAR TREE INC|DOCUSIGN, INC. CMN|DEXCOM|ELECTRONIC ARTS INC|EBAY INC.|EXELON CORP CMN STK|FASTENAL CO|FACEBOOK INC|FISERV, INC.|FOX CORP CM B|FOX CORP CM A|GILEAD SCIENCES, INC|ALPHABET CL C CAP|ALPHABET CL A CMN|HONEYWELL INTL INC|IDEXX LABORATORIES|ILLUMINA, INC.|INCYTE CORPORATION|INTEL CORP|INTUIT INC|INTUITIVE SURG, INC.|JD.COM, INC. ADS|KEURIG DR PEPPER INC|KRAFT HEINZ CO CMN|KLA CP CMN STK|LAM RESEARCH CORP|LULULEMON ATHLETICA|MARRIOTT INT CL A CM|MICROCHIP TECHNOLOGY|MONDELEZ INTL CMN A|MERCADOLIBRE, INC.|MONSTER BEVERAGE CP|MODERNA INC CS|MARVELL TECH INC CMN|MICROSOFT CORP|MATCH GROUP CMN|MICRON TECHNOLOGY|MAXIM INTEGRATED|NETFLIX, INC.|NETEASE INC ADS|NVIDIA CORPORATION|NXP SEMICONDUCTORS|OKTA, INC. CL A CM|O'REILLY AUTOMOTIVE|PAYCHEX, INC.|PACCAR INC.|PINDUODUO INC. ADS|PEPSICO INC|PELOTON INTACTV CM A|PAYPAL HOLDINGS|QUALCOMM INC|REGENERON PHARMACEUT|ROSS STORES, INC.|STARBUCKS CORP|SEAGEN INC. CMN STK|SIRIUS XM HOLDINGS I|SYNOPSYS, INC.|SPLUNK INC.|SKYWORKS SOLUTIONS|TRIP.COM GROUP LTD.|ATLASSIAN CLS A ORD|T-MOBILE US CMN|TESLA, INC.|TEXAS INSTRUMENTS|VERISK ANALYTICS INC|VERISIGN, INC.|VERTEX PHARMACEUTIC|WALGREENS BTS ALN CM|WORKDAY INC CL A|XCEL ENERGY CMN|XILINX, INC.|ZOOM VIDEO CMTS CM A"
2021-08-26,2021-12-17,102,AAPL|ADBE|ADI|ADP|ADSK|AEP|ALGN|AMAT|AMD|AMGN|AMZN|ANSS|ASML|ATVI|AVGO|BIDU|BIIB|BKNG|CDNS|CDW|CERN|CHKP|CHTR|CMCSA|COST|CPRT|CRWD|CSCO|CSX|CTAS|CTSH|DLTR|DOCU|DXCM|EA|EBAY|EXC|FAST|FB|FISV|FOX|FOXA|GILD|GOOG|GOOGL|HON|IDXX|ILMN|INCY|INTC|INTU|ISRG|JD|KDP|KHC|KLAC|LRCX|LULU|MAR|MCHP|MDLZ|MELI|MNST|MRNA|MRVL|MSFT|MTCH|MU|NFLX|NTES|NVDA|NXPI|OKTA|ORLY|PAYX|PCAR|PDD|PEP|PTON|PYPL|QCOM|REGN|ROST|SBUX|SGEN|SIRI|SNPS|SPLK|SWKS|TCOM|TEAM|TMUS|TSLA|TXN|VRSK|VRSN|VRTX|WBA|WDAY|XEL|XLNX|ZM,"APPLE INC.|ADOBE INC.|ANALOG DEVICES CMN|AUTOMATIC DATA PROCS|AUTODESK INC|AMER ELC PWR CO CMN|ALIGN TECHNOLOGY I|APPLIED MATERIALS|ADV MICRO DEVICES|AMGEN|AMAZON.COM INC|ANSYS INC|ASML HLDG NY REG|ACTIVISION BLIZZARD|BROADCOM INC.|BAIDU, INC|BIOGEN INC CMN|BOOKING HOLDINGS INC|CADENCE DESIGN SYS|CDW CORPORATION|CERNER CORP|CHECK POINT SOFTWARE|CHARTER COMMUNICATIO|COMCAST CORP A|COSTCO WHOLESALE|COPART, INC.|CROWDSTRIKE HLD CM A|CISCO SYSTEMS INC.|CSX CORPORATION|CINTAS CORP|COGNIZANT TECH SOL|DOLLAR TREE INC|DOCUSIGN, INC. CMN|DEXCOM|ELECTRONIC ARTS INC|EBAY INC.|EXELON CORP CMN STK|FASTENAL CO|FACEBOOK INC|FISERV, INC.|FOX CORP CM B|FOX CORP CM A|GILEAD SCIENCES, INC|ALPHABET CL C CAP|ALPHABET CL A CMN|HONEYWELL INTL INC|IDEXX LABORATORIES|ILLUMINA, INC.|INCYTE CORPORATION|INTEL CORP|INTUIT INC|INTUITIVE SURG, INC.|JD.COM, INC. ADS|KEURIG DR PEPPER INC|KRAFT HEINZ CO CMN|KLA CP CMN STK|LAM RESEARCH CORP|LULULEMON ATHLETICA|MARRIOTT INT CL A CM|MICROCHIP TECHNOLOGY|MONDELEZ INTL CMN A|MERCADOLIBRE, INC.|MONSTER BEVERAGE CP|MODERNA INC CS|MARVELL TECH INC CMN|MICROSOFT CORP|MATCH GROUP CMN|MICRON TECHNOLOGY|NETFLIX, INC.|NETEASE INC ADS|NVIDIA CORPORATION|NXP SEMICONDUCTORS|OKTA, INC. CL A CM|O'REILLY AUTOMOTIVE|PAYCHEX, INC.|PACCAR INC.|PINDUODUO INC. ADS|PEPSICO INC|PELOTON INTACTV CM A|PAYPAL HOLDINGS|QUALCOMM INC|REGENERON PHARMACEUT|ROSS STORES, INC.|STARBUCKS CORP|SEAGEN INC. CMN STK|SIRIUS XM HOLDINGS I|SYNOPSYS, INC.|SPLUNK INC.|SKYWORKS SOLUTIONS|TRIP.COM GROUP LTD.|ATLASSIAN CLS A ORD|T-MOBILE US CMN|TESLA, INC.|TEXAS INSTRUMENTS|VERISK ANALYTICS INC|VERISIGN, INC.|VERTEX PHARMACEUTIC|WALGREENS BTS ALN CM|WORKDAY INC CL A|XCEL ENERGY CMN|XILINX, INC.|ZOOM VIDEO CMTS CM A"
2021-12-20,2022-01-21,101,AAPL|ABNB|ADBE|ADI|ADP|ADSK|AEP|ALGN|AMAT|AMD|AMGN|AMZN|ANSS|ASML|ATVI|AVGO|BIDU|BIIB|BKNG|CDNS|CHTR|CMCSA|COST|CPRT|CRWD|CSCO|CSX|CTAS|CTSH|DDOG|DLTR|DOCU|DXCM|EA|EBAY|EXC|FAST|FB|FISV|FTNT|GILD|GOOG|GOOGL|HON|IDXX|ILMN|INTC|INTU|ISRG|JD|KDP|KHC|KLAC|LCID|LRCX|LULU|MAR|MCHP|MDLZ|MELI|MNST|MRNA|MRVL|MSFT|MTCH|MU|NFLX|NTES|NVDA|NXPI|OKTA|ORLY|PANW|PAYX|PCAR|PDD|PEP|PTON|PYPL|QCOM|REGN|ROST|SBUX|SGEN|SIRI|SNPS|SPLK|SWKS|TEAM|TMUS|TSLA|TXN|VRSK|VRSN|VRTX|WBA|WDAY|XEL|XLNX|ZM|ZS,"APPLE INC.|AIRBNB, INC CL A CMN|ADOBE INC.|ANALOG DEVICES CMN|AUTOMATIC DATA PROCS|AUTODESK INC|AMER ELC PWR CO CMN|ALIGN TECHNOLOGY I|APPLIED MATERIALS|ADV MICRO DEVICES|AMGEN|AMAZON.COM INC|ANSYS INC|ASML HLDG NY REG|ACTIVISION BLIZZARD|BROADCOM INC.|BAIDU, INC|BIOGEN INC CMN|BOOKING HOLDINGS INC|CADENCE DESIGN SYS|CHARTER COMMUNICATIO|COMCAST CORP A|COSTCO WHOLESALE|COPART, INC.|CROWDSTRIKE HLD CM A|CISCO SYSTEMS INC.|CSX CORPORATION|CINTAS CORP|COGNIZANT TECH SOL|DATADOG INC.L A CM|DOLLAR TREE INC|DOCUSIGN, INC. CMN|DEXCOM|ELECTRONIC ARTS INC|EBAY INC.|EXELON CORP CMN STK|FASTENAL CO|META PLATFORMS, INC.|FISERV, INC.|FORTINET, INC.|GILEAD SCIENCES, INC|ALPHABET CL C CAP|ALPHABET CL A CMN|HONEYWELL INTL INC|IDEXX LABORATORIES|ILLUMINA, INC.|INTEL CORP|INTUIT INC|INTUITIVE SURG, INC.|JD.COM, INC. ADS|KEURIG DR PEPPER INC|KRAFT HEINZ CO CMN|KLA CP CMN STK|LUCID GROUP CMN|LAM RESEARCH CORP|LULULEMON ATHLETICA|MARRIOTT INT CL A CM|MICROCHIP TECHNOLOGY|MONDELEZ INTL CMN A|MERCADOLIBRE, INC.|MONSTER BEVERAGE CP|MODERNA INC CS|MARVELL TECH INC CMN|MICROSOFT CORP|MATCH GROUP CMN|MICRON TECHNOLOGY|NETFLIX, INC.|NETEASE INC ADS|NVIDIA CORPORATION|NXP SEMICONDUCTORS|OKTA, INC. CL A CM|O'REILLY AUTOMOTIVE|PALO ALTO NTWKS CM|PAYCHEX, INC.|PACCAR INC.|PINDUODUO INC. ADS|PEPSICO INC|PELOTON INTACTV CM A|PAYPAL HOLDINGS|QUALCOMM INC|REGENERON PHARMACEUT|ROSS STORES, INC.|STARBUCKS CORP|SEAGEN INC. CMN STK|SIRIUS XM HOLDINGS I|SYNOPSYS, INC.|SPLUNK INC.|SKYWORKS SOLUTIONS|ATLASSIAN CLS A ORD|T-MOBILE US CMN|TESLA, INC.|TEXAS INSTRUMENTS|VERISK ANALYTICS INC|VERISIGN, INC.|VERTEX PHARMACEUTIC|WALGREENS BTS ALN CM|WORKDAY INC CL A|XCEL ENERGY CMN|XILINX, INC.|ZOOM VIDEO CMTS CM A|ZSCALER, INC. CMN"
2022-01-24,2022-02-01,101,AAPL|ABNB|ADBE|ADI|ADP|ADSK|AEP|ALGN|AMAT|AMD|AMGN|AMZN|ANSS|ASML|ATVI|AVGO|BIDU|BIIB|BKNG|CDNS|CHTR|CMCSA|COST|CPRT|CRWD|CSCO|CSX|CTAS|CTSH|DDOG|DLTR|DOCU|DXCM|EA|EBAY|EXC|FAST|FB|FISV|FTNT|GILD|GOOG|GOOGL|HON|IDXX|ILMN|INTC|INTU|ISRG|JD|KDP|KHC|KLAC|LCID|LRCX|LULU|MAR|MCHP|MDLZ|MELI|MNST|MRNA|MRVL|MSFT|MTCH|MU|NFLX|NTES|NVDA|NXPI|ODFL|OKTA|ORLY|PANW|PAYX|PCAR|PDD|PEP|PYPL|QCOM|REGN|ROST|SBUX|SGEN|SIRI|SNPS|SPLK|SWKS|TEAM|TMUS|TSLA|TXN|VRSK|VRSN|VRTX|WBA|WDAY|XEL|XLNX|ZM|ZS,"APPLE INC.|AIRBNB, INC CL A CMN|ADOBE INC.|ANALOG DEVICES CMN|AUTOMATIC DATA PROCS|AUTODESK INC|AMER ELC PWR CO CMN|ALIGN TECHNOLOGY I|APPLIED MATERIALS|ADV MICRO DEVICES|AMGEN|AMAZON.COM INC|ANSYS INC|ASML HLDG NY REG|ACTIVISION BLIZZARD|BROADCOM INC.|BAIDU, INC|BIOGEN INC CMN|BOOKING HOLDINGS INC|CADENCE DESIGN SYS|CHARTER COMMUNICATIO|COMCAST CORP A|COSTCO WHOLESALE|COPART, INC.|CROWDSTRIKE HLD CM A|CISCO SYSTEMS INC.|CSX CORPORATION|CINTAS CORP|COGNIZANT TECH SOL|DATADOG INC.L A CM|DOLLAR TREE INC|DOCUSIGN, INC. CMN|DEXCOM|ELECTRONIC ARTS INC|EBAY INC.|EXELON CORP CMN STK|FASTENAL CO|META PLATFORMS, INC.|FISERV, INC.|FORTINET, INC.|GILEAD SCIENCES, INC|ALPHABET CL C CAP|ALPHABET CL A CMN|HONEYWELL INTL INC|IDEXX LABORATORIES|ILLUMINA, INC.|INTEL CORP|INTUIT INC|INTUITIVE SURG, INC.|JD.COM, INC. ADS|KEURIG DR PEPPER INC|KRAFT HEINZ CO CMN|KLA CP CMN STK|LUCID GROUP CMN|LAM RESEARCH CORP|LULULEMON ATHLETICA|MARRIOTT INT CL A CM|MICROCHIP TECHNOLOGY|MONDELEZ INTL CMN A|MERCADOLIBRE, INC.|MONSTER BEVERAGE CP|MODERNA INC CS|MARVELL TECH INC CMN|MICROSOFT CORP|MATCH GROUP CMN|MICRON TECHNOLOGY|NETFLIX, INC.|NETEASE INC ADS|NVIDIA CORPORATION|NXP SEMICONDUCTORS|OLD DOMINION FREIG|OKTA, INC. CL A CM|O'REILLY AUTOMOTIVE|PALO ALTO NTWKS CM|PAYCHEX, INC.|PACCAR INC.|PINDUODUO INC. ADS|PEPSICO INC|PAYPAL HOLDINGS|QUALCOMM INC|REGENERON PHARMACEUT|ROSS STORES, INC.|STARBUCKS CORP|SEAGEN INC. CMN STK|SIRIUS XM HOLDINGS I|SYNOPSYS, INC.|SPLUNK INC.|SKYWORKS SOLUTIONS|ATLASSIAN CLS A ORD|T-MOBILE US CMN|TESLA, INC.|TEXAS INSTRUMENTS|VERISK ANALYTICS INC|VERISIGN, INC.|VERTEX PHARMACEUTIC|WALGREENS BTS ALN CM|WORKDAY INC CL A|XCEL ENERGY CMN|XILINX, INC.|ZOOM VIDEO CMTS CM A|ZSCALER, INC. CMN"
2022-02-02,2022-02-11,102,AAPL|ABNB|ADBE|ADI|ADP|ADSK|AEP|ALGN|AMAT|AMD|AMGN|AMZN|ANSS|ASML|ATVI|AVGO|BIDU|BIIB|BKNG|CDNS|CEG|CHTR|CMCSA|COST|CPRT|CRWD|CSCO|CSX|CTAS|CTSH|DDOG|DLTR|DOCU|DXCM|EA|EBAY|EXC|FAST|FB|FISV|FTNT|GILD|GOOG|GOOGL|HON|IDXX|ILMN|INTC|INTU|ISRG|JD|KDP|KHC|KLAC|LCID|LRCX|LULU|MAR|MCHP|MDLZ|MELI|MNST|MRNA|MRVL|MSFT|MTCH|MU|NFLX|NTES|NVDA|NXPI|ODFL|OKTA|ORLY|PANW|PAYX|PCAR|PDD|PEP|PYPL|QCOM|REGN|ROST|SBUX|SGEN|SIRI|SNPS|SPLK|SWKS|TEAM|TMUS|TSLA|TXN|VRSK|VRSN|VRTX|WBA|WDAY|XEL|XLNX|ZM|ZS,"APPLE INC.|AIRBNB, INC CL A CMN|ADOBE INC.|ANALOG DEVICES CMN|AUTOMATIC DATA PROCS|AUTODESK INC|AMER ELC PWR CO CMN|ALIGN TECHNOLOGY I|APPLIED MATERIALS|ADV MICRO DEVICES|AMGEN|AMAZON.COM INC|ANSYS INC|ASML HLDG NY REG|ACTIVISION BLIZZARD|BROADCOM INC.|BAIDU, INC|BIOGEN INC CMN|BOOKING HOLDINGS INC|CADENCE DESIGN SYS|CONSTELLATION EN CM|CHARTER COMMUNICATIO|COMCAST CORP A|COSTCO WHOLESALE|COPART, INC.|CROWDSTRIKE HLD CM A|CISCO SYSTEMS INC.|CSX CORPORATION|CINTAS CORP|COGNIZANT TECH SOL|DATADOG INC.L A CM|DOLLAR TREE INC|DOCUSIGN, INC. CMN|DEXCOM|ELECTRONIC ARTS INC|EBAY INC.|EXELON CORP CMN STK|FASTENAL CO|META PLATFORMS, INC.|FISERV, INC.|FORTINET, INC.|GILEAD SCIENCES, INC|ALPHABET CL C CAP|ALPHABET CL A CMN|HONEYWELL INTL INC|IDEXX LABORATORIES|ILLUMINA, INC.|INTEL CORP|INTUIT INC|INTUITIVE SURG, INC.|JD.COM, INC. ADS|KEURIG DR PEPPER INC|KRAFT HEINZ CO CMN|KLA CP CMN STK|LUCID GROUP CMN|LAM RESEARCH CORP|LULULEMON ATHLETICA|MARRIOTT INT CL A CM|MICROCHIP TECHNOLOGY|MONDELEZ INTL CMN A|MERCADOLIBRE, INC.|MONSTER BEVERAGE CP|MODERNA INC CS|MARVELL TECH INC CMN|MICROSOFT CORP|MATCH GROUP CMN|MICRON TECHNOLOGY|NETFLIX, INC.|NETEASE INC ADS|NVIDIA CORPORATION|NXP SEMICONDUCTORS|OLD DOMINION FREIG|OKTA, INC. CL A CM|O'REILLY AUTOMOTIVE|PALO ALTO NTWKS CM|PAYCHEX, INC.|PACCAR INC.|PINDUODUO INC. ADS|PEPSICO INC|PAYPAL HOLDINGS|QUALCOMM INC|REGENERON PHARMACEUT|ROSS STORES, INC.|STARBUCKS CORP|SEAGEN INC. CMN STK|SIRIUS XM HOLDINGS I|SYNOPSYS, INC.|SPLUNK INC.|SKYWORKS SOLUTIONS|ATLASSIAN CLS A ORD|T-MOBILE US CMN|TESLA, INC.|TEXAS INSTRUMENTS|VERISK ANALYTICS INC|VERISIGN, INC.|VERTEX PHARMACEUTIC|WALGREENS BTS ALN CM|WORKDAY INC CL A|XCEL ENERGY CMN|XILINX, INC.|ZOOM VIDEO CMTS CM A|ZSCALER, INC. CMN"
2022-02-14,2022-02-18,101,AAPL|ABNB|ADBE|ADI|ADP|ADSK|AEP|ALGN|AMAT|AMD|AMGN|AMZN|ANSS|ASML|ATVI|AVGO|BIDU|BIIB|BKNG|CDNS|CEG|CHTR|CMCSA|COST|CPRT|CRWD|CSCO|CSX|CTAS|CTSH|DDOG|DLTR|DOCU|DXCM|EA|EBAY|EXC|FAST|FB|FISV|FTNT|GILD|GOOG|GOOGL|HON|IDXX|ILMN|INTC|INTU|ISRG|JD|KDP|KHC|KLAC|LCID|LRCX|LULU|MAR|MCHP|MDLZ|MELI|MNST|MRNA|MRVL|MSFT|MTCH|MU|NFLX|NTES|NVDA|NXPI|ODFL|OKTA|ORLY|PANW|PAYX|PCAR|PDD|PEP|PYPL|QCOM|REGN|ROST|SBUX|SGEN|SIRI|SNPS|SPLK|SWKS|TEAM|TMUS|TSLA|TXN|VRSK|VRSN|VRTX|WBA|WDAY|XEL|ZM|ZS,"APPLE INC.|AIRBNB, INC CL A CMN|ADOBE INC.|ANALOG DEVICES CMN|AUTOMATIC DATA PROCS|AUTODESK INC|AMER ELC PWR CO CMN|ALIGN TECHNOLOGY I|APPLIED MATERIALS|ADV MICRO DEVICES|AMGEN|AMAZON.COM INC|ANSYS INC|ASML HLDG NY REG|ACTIVISION BLIZZARD|BROADCOM INC.|BAIDU, INC|BIOGEN INC CMN|BOOKING HOLDINGS INC|CADENCE DESIGN SYS|CONSTELLATION EN CM|CHARTER COMMUNICATIO|COMCAST CORP A|COSTCO WHOLESALE|COPART, INC.|CROWDSTRIKE HLD CM A|CISCO SYSTEMS INC.|CSX CORPORATION|CINTAS CORP|COGNIZANT TECH SOL|DATADOG INC.L A CM|DOLLAR TREE INC|DOCUSIGN, INC. CMN|DEXCOM|ELECTRONIC ARTS INC|EBAY INC.|EXELON CORP CMN STK|FASTENAL CO|META PLATFORMS, INC.|FISERV, INC.|FORTINET, INC.|GILEAD SCIENCES, INC|ALPHABET CL C CAP|ALPHABET CL A CMN|HONEYWELL INTL INC|IDEXX LABORATORIES|ILLUMINA, INC.|INTEL CORP|INTUIT INC|INTUITIVE SURG, INC.|JD.COM, INC. ADS|KEURIG DR PEPPER INC|KRAFT HEINZ CO CMN|KLA CP CMN STK|LUCID GROUP CMN|LAM RESEARCH CORP|LULULEMON ATHLETICA|MARRIOTT INT CL A CM|MICROCHIP TECHNOLOGY|MONDELEZ INTL CMN A|MERCADOLIBRE, INC.|MONSTER BEVERAGE CP|MODERNA INC CS|MARVELL TECH INC CMN|MICROSOFT CORP|MATCH GROUP CMN|MICRON TECHNOLOGY|NETFLIX, INC.|NETEASE INC ADS|NVIDIA CORPORATION|NXP SEMICONDUCTORS|OLD DOMINION FREIG|OKTA, INC. CL A CM|O'REILLY AUTOMOTIVE|PALO ALTO NTWKS CM|PAYCHEX, INC.|PACCAR INC.|PINDUODUO INC. ADS|PEPSICO INC|PAYPAL HOLDINGS|QUALCOMM INC|REGENERON PHARMACEUT|ROSS STORES, INC.|STARBUCKS CORP|SEAGEN INC. CMN STK|SIRIUS XM HOLDINGS I|SYNOPSYS, INC.|SPLUNK INC.|SKYWORKS SOLUTIONS|ATLASSIAN CLS A ORD|T-MOBILE US CMN|TESLA, INC.|TEXAS INSTRUMENTS|VERISK ANALYTICS INC|VERISIGN, INC.|VERTEX PHARMACEUTIC|WALGREENS BTS ALN CM|WORKDAY INC CL A|XCEL ENERGY CMN|ZOOM VIDEO CMTS CM A|ZSCALER, INC. CMN"
2022-02-22,2022-06-08,102,AAPL|ABNB|ADBE|ADI|ADP|ADSK|AEP|ALGN|AMAT|AMD|AMGN|AMZN|ANSS|ASML|ATVI|AVGO|AZN|BIDU|BIIB|BKNG|CDNS|CEG|CHTR|CMCSA|COST|CPRT|CRWD|CSCO|CSX|CTAS|CTSH|DDOG|DLTR|DOCU|DXCM|EA|EBAY|EXC|FAST|FB|FISV|FTNT|GILD|GOOG|GOOGL|HON|IDXX|ILMN|INTC|INTU|ISRG|JD|KDP|KHC|KLAC|LCID|LRCX|LULU|MAR|MCHP|MDLZ|MELI|MNST|MRNA|MRVL|MSFT|MTCH|MU|NFLX|NTES|NVDA|NXPI|ODFL|OKTA|ORLY|PANW|PAYX|PCAR|PDD|PEP|PYPL|QCOM|REGN|ROST|SBUX|SGEN|SIRI|SNPS|SPLK|SWKS|TEAM|TMUS|TSLA|TXN|VRSK|VRSN|VRTX|WBA|WDAY|XEL|ZM|ZS,"APPLE INC.|AIRBNB, INC CL A CMN|ADOBE INC.|ANALOG DEVICES CMN|AUTOMATIC DATA PROCS|AUTODESK INC|AMER ELC PWR CO CMN|ALIGN TECHNOLOGY I|APPLIED MATERIALS|ADV MICRO DEVICES|AMGEN|AMAZON.COM INC|ANSYS INC|ASML HLDG NY REG|ACTIVISION BLIZZARD|BROADCOM INC.|ASTRAZENECA PLC ADS|BAIDU, INC|BIOGEN INC CMN|BOOKING HOLDINGS INC|CADENCE DESIGN SYS|CONSTELLATION EN CM|CHARTER COMMUNICATIO|COMCAST CORP A|COSTCO WHOLESALE|COPART, INC.|CROWDSTRIKE HLD CM A|CISCO SYSTEMS INC.|CSX CORPORATION|CINTAS CORP|COGNIZANT TECH SOL|DATADOG INC.L A CM|DOLLAR TREE INC|DOCUSIGN, INC. CMN|DEXCOM|ELECTRONIC ARTS INC|EBAY INC.|EXELON CORP CMN STK|FASTENAL CO|META PLATFORMS, INC.|FISERV, INC.|FORTINET, INC.|GILEAD SCIENCES, INC|ALPHABET CL C CAP|ALPHABET CL A CMN|HONEYWELL INTL INC|IDEXX LABORATORIES|ILLUMINA, INC.|INTEL CORP|INTUIT INC|INTUITIVE SURG, INC.|JD.COM, INC. ADS|KEURIG DR PEPPER INC|KRAFT HEINZ CO CMN|KLA CP CMN STK|LUCID GROUP CMN|LAM RESEARCH CORP|LULULEMON ATHLETICA|MARRIOTT INT CL A CM|MICROCHIP TECHNOLOGY|MONDELEZ INTL CMN A|MERCADOLIBRE, INC.|MONSTER BEVERAGE CP|MODERNA INC CS|MARVELL TECH INC CMN|MICROSOFT CORP|MATCH GROUP CMN|MICRON TECHNOLOGY|NETFLIX, INC.|NETEASE INC ADS|NVIDIA CORPORATION|NXP SEMICONDUCTORS|OLD DOMINION FREIG|OKTA, INC. CL A CM|O'REILLY AUTOMOTIVE|PALO ALTO NTWKS CM|PAYCHEX, INC.|PACCAR INC.|PINDUODUO INC. ADS|PEPSICO INC|PAYPAL HOLDINGS|QUALCOMM INC|REGENERON PHARMACEUT|ROSS STORES, INC.|STARBUCKS CORP|SEAGEN INC. CMN STK|SIRIUS XM HOLDINGS I|SYNOPSYS, INC.|SPLUNK INC.|SKYWORKS SOLUTIONS|ATLASSIAN CLS A ORD|T-MOBILE US CMN|TESLA, INC.|TEXAS INSTRUMENTS|VERISK ANALYTICS INC|VERISIGN, INC.|VERTEX PHARMACEUTIC|WALGREENS BTS ALN CM|WORKDAY INC CL A|XCEL ENERGY CMN|ZOOM VIDEO CMTS CM A|ZSCALER, INC. CMN"
2022-06-09,2022-11-18,102,AAPL|ABNB|ADBE|ADI|ADP|ADSK|AEP|ALGN|AMAT|AMD|AMGN|AMZN|ANSS|ASML|ATVI|AVGO|AZN|BIDU|BIIB|BKNG|CDNS|CEG|CHTR|CMCSA|COST|CPRT|CRWD|CSCO|CSX|CTAS|CTSH|DDOG|DLTR|DOCU|DXCM|EA|EBAY|EXC|FAST|FISV|FTNT|GILD|GOOG|GOOGL|HON|IDXX|ILMN|INTC|INTU|ISRG|JD|KDP|KHC|KLAC|LCID|LRCX|LULU|MAR|MCHP|MDLZ|MELI|META|MNST|MRNA|MRVL|MSFT|MTCH|MU|NFLX|NTES|NVDA|NXPI|ODFL|OKTA|ORLY|PANW|PAYX|PCAR|PDD|PEP|PYPL|QCOM|REGN|ROST|SBUX|SGEN|SIRI|SNPS|SPLK|SWKS|TEAM|TMUS|TSLA|TXN|VRSK|VRSN|VRTX|WBA|WDAY|XEL|ZM|ZS,"APPLE INC.|AIRBNB, INC CL A CMN|ADOBE INC.|ANALOG DEVICES CMN|AUTOMATIC DATA PROCS|AUTODESK INC|AMER ELC PWR CO CMN|ALIGN TECHNOLOGY I|APPLIED MATERIALS|ADV MICRO DEVICES|AMGEN|AMAZON.COM INC|ANSYS INC|ASML HLDG NY REG|ACTIVISION BLIZZARD|BROADCOM INC.|ASTRAZENECA PLC ADS|BAIDU, INC|BIOGEN INC CMN|BOOKING HOLDINGS INC|CADENCE DESIGN SYS|CONSTELLATION EN CM|CHARTER COMMUNICATIO|COMCAST CORP A|COSTCO WHOLESALE|COPART, INC.|CROWDSTRIKE HLD CM A|CISCO SYSTEMS INC.|CSX CORPORATION|CINTAS CORP|COGNIZANT TECH SOL|DATADOG INC.L A CM|DOLLAR TREE INC|DOCUSIGN, INC. CMN|DEXCOM|ELECTRONIC ARTS INC|EBAY INC.|EXELON CORP CMN STK|FASTENAL CO|FISERV, INC.|FORTINET, INC.|GILEAD SCIENCES, INC|ALPHABET CL C CAP|ALPHABET CL A CMN|HONEYWELL INTL INC|IDEXX LABORATORIES|ILLUMINA, INC.|INTEL CORP|INTUIT INC|INTUITIVE SURG, INC.|JD.COM, INC. ADS|KEURIG DR PEPPER INC|KRAFT HEINZ CO CMN|KLA CP CMN STK|LUCID GROUP CMN|LAM RESEARCH CORP|LULULEMON ATHLETICA|MARRIOTT INT CL A CM|MICROCHIP TECHNOLOGY|MONDELEZ INTL CMN A|MERCADOLIBRE, INC.|META PLATFORMS, INC.|MONSTER BEVERAGE CP|MODERNA INC CS|MARVELL TECH INC CMN|MICROSOFT CORP|MATCH GROUP CMN|MICRON TECHNOLOGY|NETFLIX, INC.|NETEASE INC ADS|NVIDIA CORPORATION|NXP SEMICONDUCTORS|OLD DOMINION FREIG|OKTA, INC. CL A CM|O'REILLY AUTOMOTIVE|PALO ALTO NTWKS CM|PAYCHEX, INC.|PACCAR INC.|PINDUODUO INC. ADS|PEPSICO INC|PAYPAL HOLDINGS|QUALCOMM INC|REGENERON PHARMACEUT|ROSS STORES, INC.|STARBUCKS CORP|SEAGEN INC. CMN STK|SIRIUS XM HOLDINGS I|SYNOPSYS, INC.|SPLUNK INC.|SKYWORKS SOLUTIONS|ATLASSIAN CLS A ORD|T-MOBILE US CMN|TESLA, INC.|TEXAS INSTRUMENTS|VERISK ANALYTICS INC|VERISIGN, INC.|VERTEX PHARMACEUTIC|WALGREENS BTS ALN CM|WORKDAY INC CL A|XCEL ENERGY CMN|ZOOM VIDEO CMTS CM A|ZSCALER, INC. CMN"
2022-11-21,2022-12-16,102,AAPL|ABNB|ADBE|ADI|ADP|ADSK|AEP|ALGN|AMAT|AMD|AMGN|AMZN|ANSS|ASML|ATVI|AVGO|AZN|BIDU|BIIB|BKNG|CDNS|CEG|CHTR|CMCSA|COST|CPRT|CRWD|CSCO|CSX|CTAS|CTSH|DDOG|DLTR|DOCU|DXCM|EA|EBAY|ENPH|EXC|FAST|FISV|FTNT|GILD|GOOG|GOOGL|HON|IDXX|ILMN|INTC|INTU|ISRG|JD|KDP|KHC|KLAC|LCID|LRCX|LULU|MAR|MCHP|MDLZ|MELI|META|MNST|MRNA|MRVL|MSFT|MTCH|MU|NFLX|NTES|NVDA|NXPI|ODFL|ORLY|PANW|PAYX|PCAR|PDD|PEP|PYPL|QCOM|REGN|ROST|SBUX|SGEN|SIRI|SNPS|SPLK|SWKS|TEAM|TMUS|TSLA|TXN|VRSK|VRSN|VRTX|WBA|WDAY|XEL|ZM|ZS,"APPLE INC.|AIRBNB, INC CL A CMN|ADOBE INC.|ANALOG DEVICES CMN|AUTOMATIC DATA PROCS|AUTODESK INC|AMER ELC PWR CO CMN|ALIGN TECHNOLOGY I|APPLIED MATERIALS|ADV MICRO DEVICES|AMGEN|AMAZON.COM INC|ANSYS INC|ASML HLDG NY REG|ACTIVISION BLIZZARD|BROADCOM INC.|ASTRAZENECA PLC ADS|BAIDU, INC|BIOGEN INC CMN|BOOKING HOLDINGS INC|CADENCE DESIGN SYS|CONSTELLATION EN CM|CHARTER COMMUNICATIO|COMCAST CORP A|COSTCO WHOLESALE|COPART, INC.|CROWDSTRIKE HLD CM A|CISCO SYSTEMS INC.|CSX CORPORATION|CINTAS CORP|COGNIZANT TECH SOL|DATADOG INC.L A CM|DOLLAR TREE INC|DOCUSIGN, INC. CMN|DEXCOM|ELECTRONIC ARTS INC|EBAY INC.|ENPHASE ENERGY, INC.|EXELON CORP CMN STK|FASTENAL CO|FISERV, INC.|FORTINET, INC.|GILEAD SCIENCES, INC|ALPHABET CL C CAP|ALPHABET CL A CMN|HONEYWELL INTL INC|IDEXX LABORATORIES|ILLUMINA, INC.|INTEL CORP|INTUIT INC|INTUITIVE SURG, INC.|JD.COM, INC. ADS|KEURIG DR PEPPER INC|KRAFT HEINZ CO CMN|KLA CP CMN STK|LUCID GROUP CMN|LAM RESEARCH CORP|LULULEMON ATHLETICA|MARRIOTT INT CL A CM|MICROCHIP TECHNOLOGY|MONDELEZ INTL CMN A|MERCADOLIBRE, INC.|META PLATFORMS, INC.|MONSTER BEVERAGE CP|MODERNA INC CS|MARVELL TECH INC CMN|MICROSOFT CORP|MATCH GROUP CMN|MICRON TECHNOLOGY|NETFLIX, INC.|NETEASE INC ADS|NVIDIA CORPORATION|NXP SEMICONDUCTORS|OLD DOMINION FREIG|O'REILLY AUTOMOTIVE|PALO ALTO NTWKS CM|PAYCHEX, INC.|PACCAR INC.|PINDUODUO INC. ADS|PEPSICO INC|PAYPAL HOLDINGS|QUALCOMM INC|REGENERON PHARMACEUT|ROSS STORES, INC.|STARBUCKS CORP|SEAGEN INC. CMN STK|SIRIUS XM HOLDINGS I|SYNOPSYS, INC.|SPLUNK INC.|SKYWORKS SOLUTIONS|ATLASSIAN CLS A CS|T-MOBILE US CMN|TESLA, INC.|TEXAS INSTRUMENTS|VERISK ANALYTICS INC|VERISIGN, INC.|VERTEX PHARMACEUTIC|WALGREENS BTS ALN CM|WORKDAY INC CL A|XCEL ENERGY CMN|ZOOM VIDEO CMTS CM A|ZSCALER, INC. CMN"
2022-12-19,2023-06-06,101,AAPL|ABNB|ADBE|ADI|ADP|ADSK|AEP|ALGN|AMAT|AMD|AMGN|AMZN|ANSS|ASML|ATVI|AVGO|AZN|BIIB|BKNG|BKR|CDNS|CEG|CHTR|CMCSA|COST|CPRT|CRWD|CSCO|CSGP|CSX|CTAS|CTSH|DDOG|DLTR|DXCM|EA|EBAY|ENPH|EXC|FANG|FAST|FISV|FTNT|GFS|GILD|GOOG|GOOGL|HON|IDXX|ILMN|INTC|INTU|ISRG|JD|KDP|KHC|KLAC|LCID|LRCX|LULU|MAR|MCHP|MDLZ|MELI|META|MNST|MRNA|MRVL|MSFT|MU|NFLX|NVDA|NXPI|ODFL|ORLY|PANW|PAYX|PCAR|PDD|PEP|PYPL|QCOM|REGN|RIVN|ROST|SBUX|SGEN|SIRI|SNPS|TEAM|TMUS|TSLA|TXN|VRSK|VRTX|WBA|WBD|WDAY|XEL|ZM|ZS,"APPLE INC.|AIRBNB, INC CL A CMN|ADOBE INC.|ANALOG DEVICES CMN|AUTOMATIC DATA PROCS|AUTODESK INC|AMER ELC PWR CO CMN|ALIGN TECHNOLOGY I|APPLIED MATERIALS|ADV MICRO DEVICES|AMGEN|AMAZON.COM INC|ANSYS INC|ASML HLDG NY REG|ACTIVISION BLIZZARD|BROADCOM INC.|ASTRAZENECA PLC ADS|BIOGEN INC CMN|BOOKING HOLDINGS INC|BAKER HUGHES CO|CADENCE DESIGN SYS|CONSTELLATION EN CM|CHARTER COMMUNICATIO|COMCAST CORP A|COSTCO WHOLESALE|COPART, INC.|CROWDSTRIKE HLD CM A|CISCO SYSTEMS INC.|COSTAR GROUP INC|CSX CORPORATION|CINTAS CORP|COGNIZANT TECH SOL|DATADOG INC.L A CM|DOLLAR TREE INC|DEXCOM|ELECTRONIC ARTS INC|EBAY INC.|ENPHASE ENERGY, INC.|EXELON CORP CMN STK|DIAMONDBACK ENERGY|FASTENAL CO|FISERV, INC.|FORTINET, INC.|GLOBALFOUNDRIES ORD|GILEAD SCIENCES, INC|ALPHABET CL C CAP|ALPHABET CL A CMN|HONEYWELL INTL INC|IDEXX LABORATORIES|ILLUMINA, INC.|INTEL CORP|INTUIT INC|INTUITIVE SURG, INC.|JD.COM, INC. ADS|KEURIG DR PEPPER INC|KRAFT HEINZ CO CMN|KLA CP CMN STK|LUCID GROUP CMN|LAM RESEARCH CORP|LULULEMON ATHLETICA|MARRIOTT INT CL A CM|MICROCHIP TECHNOLOGY|MONDELEZ INTL CMN A|MERCADOLIBRE, INC.|META PLATFORMS, INC.|MONSTER BEVERAGE CP|MODERNA INC CS|MARVELL TECH INC CMN|MICROSOFT CORP|MICRON TECHNOLOGY|NETFLIX, INC.|NVIDIA CORPORATION|NXP SEMICONDUCTORS|OLD DOMINION FREIG|O'REILLY AUTOMOTIVE|PALO ALTO NTWKS CM|PAYCHEX, INC.|PACCAR INC.|PINDUODUO INC. ADS|PEPSICO INC|PAYPAL HOLDINGS|QUALCOMM INC|REGENERON PHARMACEUT|RIVIAN AUTO CL A CM|ROSS STORES, INC.|STARBUCKS CORP|SEAGEN INC. CMN STK|SIRIUS XM HOLDINGS I|SYNOPSYS, INC.|ATLASSIAN CLS A CS|T-MOBILE US CMN|TESLA, INC.|TEXAS INSTRUMENTS|VERISK ANALYTICS INC|VERTEX PHARMACEUTIC|WALGREENS BTS ALN CM|WRNR BRS DS CM WI|WORKDAY INC CL A|XCEL ENERGY CMN|ZOOM VIDEO CMTS CM A|ZSCALER, INC. CMN"
2023-06-07,2023-06-16,101,AAPL|ABNB|ADBE|ADI|ADP|ADSK|AEP|ALGN|AMAT|AMD|AMGN|AMZN|ANSS|ASML|ATVI|AVGO|AZN|BIIB|BKNG|BKR|CDNS|CEG|CHTR|CMCSA|COST|CPRT|CRWD|CSCO|CSGP|CSX|CTAS|CTSH|DDOG|DLTR|DXCM|EA|EBAY|ENPH|EXC|FANG|FAST|FTNT|GEHC|GFS|GILD|GOOG|GOOGL|HON|IDXX|ILMN|INTC|INTU|ISRG|JD|KDP|KHC|KLAC|LCID|LRCX|LULU|MAR|MCHP|MDLZ|MELI|META|MNST|MRNA|MRVL|MSFT|MU|NFLX|NVDA|NXPI|ODFL|ORLY|PANW|PAYX|PCAR|PDD|PEP|PYPL|QCOM|REGN|RIVN|ROST|SBUX|SGEN|SIRI|SNPS|TEAM|TMUS|TSLA|TXN|VRSK|VRTX|WBA|WBD|WDAY|XEL|ZM|ZS,"APPLE INC.|AIRBNB, INC CL A CMN|ADOBE INC.|ANALOG DEVICES CMN|AUTOMATIC DATA PROCS|AUTODESK INC|AMER ELC PWR CO CMN|ALIGN TECHNOLOGY I|APPLIED MATERIALS|ADV MICRO DEVICES|AMGEN|AMAZON.COM INC|ANSYS INC|ASML HLDG NY REG|ACTIVISION BLIZZARD|BROADCOM INC.|ASTRAZENECA PLC ADS|BIOGEN INC CMN|BOOKING HOLDINGS INC|BAKER HUGHES CO|CADENCE DESIGN SYS|CONSTELLATION EN CM|CHARTER COMMUNICATIO|COMCAST CORP A|COSTCO WHOLESALE|COPART, INC.|CROWDSTRIKE HLD CM A|CISCO SYSTEMS INC.|COSTAR GROUP INC|CSX CORPORATION|CINTAS CORP|COGNIZANT TECH SOL|DATADOG INC.L A CM|DOLLAR TREE INC|DEXCOM|ELECTRONIC ARTS INC|EBAY INC.|ENPHASE ENERGY, INC.|EXELON CORP CMN STK|DIAMONDBACK ENERGY|FASTENAL CO|FORTINET, INC.|GE HEALTHCARE CM|GLOBALFOUNDRIES ORD|GILEAD SCIENCES, INC|ALPHABET CL C CAP|ALPHABET CL A CMN|HONEYWELL INTL INC|IDEXX LABORATORIES|ILLUMINA, INC.|INTEL CORP|INTUIT INC|INTUITIVE SURG, INC.|JD.COM, INC. ADS|KEURIG DR PEPPER INC|KRAFT HEINZ CO CMN|KLA CP CMN STK|LUCID GROUP CMN|LAM RESEARCH CORP|LULULEMON ATHLETICA|MARRIOTT INT CL A CM|MICROCHIP TECHNOLOGY|MONDELEZ INTL CMN A|MERCADOLIBRE, INC.|META PLATFORMS, INC.|MONSTER BEVERAGE CP|MODERNA INC CS|MARVELL TECH INC CMN|MICROSOFT CORP|MICRON TECHNOLOGY|NETFLIX, INC.|NVIDIA CORPORATION|NXP SEMICONDUCTORS|OLD DOMINION FREIG|O'REILLY AUTOMOTIVE|PALO ALTO NTWKS CM|PAYCHEX, INC.|PACCAR INC.|PDD HOLDINGS INC ADS|PEPSICO INC|PAYPAL HOLDINGS|QUALCOMM INC|REGENERON PHARMACEUT|RIVIAN AUTO CL A CM|ROSS STORES, INC.|STARBUCKS CORP|SEAGEN INC. CMN STK|SIRIUS XM HOLDINGS I|SYNOPSYS, INC.|ATLASSIAN CLS A CS|T-MOBILE US CMN|TESLA, INC.|TEXAS INSTRUMENTS|VERISK ANALYTICS INC|VERTEX PHARMACEUTIC|WALGREENS BTS ALN CM|WRNR BRS DS CM WI|WORKDAY INC CL A|XCEL ENERGY CMN|ZOOM VIDEO CMTS CM A|ZSCALER, INC. CMN"
2023-06-20,2023-07-14,101,AAPL|ABNB|ADBE|ADI|ADP|ADSK|AEP|ALGN|AMAT|AMD|AMGN|AMZN|ANSS|ASML|ATVI|AVGO|AZN|BIIB|BKNG|BKR|CDNS|CEG|CHTR|CMCSA|COST|CPRT|CRWD|CSCO|CSGP|CSX|CTAS|CTSH|DDOG|DLTR|DXCM|EA|EBAY|ENPH|EXC|FANG|FAST|FTNT|GEHC|GFS|GILD|GOOG|GOOGL|HON|IDXX|ILMN|INTC|INTU|ISRG|JD|KDP|KHC|KLAC|LCID|LRCX|LULU|MAR|MCHP|MDLZ|MELI|META|MNST|MRNA|MRVL|MSFT|MU|NFLX|NVDA|NXPI|ODFL|ON|ORLY|PANW|PAYX|PCAR|PDD|PEP|PYPL|QCOM|REGN|ROST|SBUX|SGEN|SIRI|SNPS|TEAM|TMUS|TSLA|TXN|VRSK|VRTX|WBA|WBD|WDAY|XEL|ZM|ZS,"APPLE INC.|AIRBNB, INC CL A CMN|ADOBE INC.|ANALOG DEVICES CMN|AUTOMATIC DATA PROCS|AUTODESK INC|AMER ELC PWR CO CMN|ALIGN TECHNOLOGY I|APPLIED MATERIALS|ADV MICRO DEVICES|AMGEN|AMAZON.COM INC|ANSYS INC|ASML HLDG NY REG|ACTIVISION BLIZZARD|BROADCOM INC.|ASTRAZENECA PLC ADS|BIOGEN INC CMN|BOOKING HOLDINGS INC|BAKER HUGHES CO|CADENCE DESIGN SYS|CONSTELLATION EN CM|CHARTER COMMUNICATIO|COMCAST CORP A|COSTCO WHOLESALE|COPART, INC.|CROWDSTRIKE HLD CM A|CISCO SYSTEMS INC.|COSTAR GROUP INC|CSX CORPORATION|CINTAS CORP|COGNIZANT TECH SOL|DATADOG INC.L A CM|DOLLAR TREE INC|DEXCOM|ELECTRONIC ARTS INC|EBAY INC.|ENPHASE ENERGY, INC.|EXELON CORP CMN STK|DIAMONDBACK ENERGY|FASTENAL CO|FORTINET, INC.|GE HEALTHCARE CM|GLOBALFOUNDRIES ORD|GILEAD SCIENCES, INC|ALPHABET CL C CAP|ALPHABET CL A CMN|HONEYWELL INTL INC|IDEXX LABORATORIES|ILLUMINA, INC.|INTEL CORP|INTUIT INC|INTUITIVE SURG, INC.|JD.COM, INC. ADS|KEURIG DR PEPPER INC|KRAFT HEINZ CO CMN|KLA CP CMN STK|LUCID GROUP CMN|LAM RESEARCH CORP|LULULEMON ATHLETICA|MARRIOTT INT CL A CM|MICROCHIP TECHNOLOGY|MONDELEZ INTL CMN A|MERCADOLIBRE, INC.|META PLATFORMS, INC.|MONSTER BEVERAGE CP|MODERNA INC CS|MARVELL TECH INC CMN|MICROSOFT CORP|MICRON TECHNOLOGY|NETFLIX, INC.|NVIDIA CORPORATION|NXP SEMICONDUCTORS|OLD DOMINION FREIG|ON SEMICONDUCTOR|O'REILLY AUTOMOTIVE|PALO ALTO NTWKS CM|PAYCHEX, INC.|PACCAR INC.|PDD HOLDINGS INC ADS|PEPSICO INC|PAYPAL HOLDINGS|QUALCOMM INC|REGENERON PHARMACEUT|ROSS STORES, INC.|STARBUCKS CORP|SEAGEN INC. CMN STK|SIRIUS XM HOLDINGS I|SYNOPSYS, INC.|ATLASSIAN CLS A CS|T-MOBILE US CMN|TESLA, INC.|TEXAS INSTRUMENTS|VERISK ANALYTICS INC|VERTEX PHARMACEUTIC|WALGREENS BTS ALN CM|WRNR BRS DS CM WI|WORKDAY INC CL A|XCEL ENERGY CMN|ZOOM VIDEO CMTS CM A|ZSCALER, INC. CMN"
2023-07-17,2023-12-14,101,AAPL|ABNB|ADBE|ADI|ADP|ADSK|AEP|ALGN|AMAT|AMD|AMGN|AMZN|ANSS|ASML|AVGO|AZN|BIIB|BKNG|BKR|CDNS|CEG|CHTR|CMCSA|COST|CPRT|CRWD|CSCO|CSGP|CSX|CTAS|CTSH|DDOG|DLTR|DXCM|EA|EBAY|ENPH|EXC|FANG|FAST|FTNT|GEHC|GFS|GILD|GOOG|GOOGL|HON|IDXX|ILMN|INTC|INTU|ISRG|JD|KDP|KHC|KLAC|LCID|LRCX|LULU|MAR|MCHP|MDLZ|MELI|META|MNST|MRNA|MRVL|MSFT|MU|NFLX|NVDA|NXPI|ODFL|ON|ORLY|PANW|PAYX|PCAR|PDD|PEP|PYPL|QCOM|REGN|ROST|SBUX|SGEN|SIRI|SNPS|TEAM|TMUS|TSLA|TTD|TXN|VRSK|VRTX|WBA|WBD|WDAY|XEL|ZM|ZS,"APPLE INC.|AIRBNB, INC CL A CMN|ADOBE INC.|ANALOG DEVICES CMN|AUTOMATIC DATA PROCS|AUTODESK INC|AMER ELC PWR CO CMN|ALIGN TECHNOLOGY I|APPLIED MATERIALS|ADV MICRO DEVICES|AMGEN|AMAZON.COM INC|ANSYS INC|ASML HLDG NY REG|BROADCOM INC.|ASTRAZENECA PLC ADS|BIOGEN INC CMN|BOOKING HOLDINGS INC|BAKER HUGHES CO|CADENCE DESIGN SYS|CONSTELLATION EN CM|CHARTER COMMUNICATIO|COMCAST CORP A|COSTCO WHOLESALE|COPART, INC.|CROWDSTRIKE HLD CM A|CISCO SYSTEMS INC.|COSTAR GROUP INC|CSX CORPORATION|CINTAS CORP|COGNIZANT TECH SOL|DATADOG INC.L A CM|DOLLAR TREE INC|DEXCOM|ELECTRONIC ARTS INC|EBAY INC.|ENPHASE ENERGY, INC.|EXELON CORP CMN STK|DIAMONDBACK ENERGY|FASTENAL CO|FORTINET, INC.|GE HEALTHCARE CM|GLOBALFOUNDRIES ORD|GILEAD SCIENCES, INC|ALPHABET CL C CAP|ALPHABET CL A CMN|HONEYWELL INTL INC|IDEXX LABORATORIES|ILLUMINA, INC.|INTEL CORP|INTUIT INC|INTUITIVE SURG, INC.|JD.COM, INC. ADS|KEURIG DR PEPPER INC|KRAFT HEINZ CO CMN|KLA CP CMN STK|LUCID GROUP CMN|LAM RESEARCH CORP|LULULEMON ATHLETICA|MARRIOTT INT CL A CM|MICROCHIP TECHNOLOGY|MONDELEZ INTL CMN A|MERCADOLIBRE, INC.|META PLATFORMS, INC.|MONSTER BEVERAGE CP|MODERNA INC CS|MARVELL TECH INC CMN|MICROSOFT CORP|MICRON TECHNOLOGY|NETFLIX, INC.|NVIDIA CORPORATION|NXP SEMICONDUCTORS|OLD DOMINION FREIG|ON SEMICONDUCTOR|O'REILLY AUTOMOTIVE|PALO ALTO NTWKS CM|PAYCHEX, INC.|PACCAR INC.|PDD HOLDINGS INC ADS|PEPSICO INC|PAYPAL HOLDINGS|QUALCOMM INC|REGENERON PHARMACEUT|ROSS STORES, INC.|STARBUCKS CORP|SEAGEN INC. CMN STK|SIRIUS XM HOLDINGS I|SYNOPSYS, INC.|ATLASSIAN CLS A CS|T-MOBILE US CMN|TESLA, INC.|THE TRADE DESK CL A|TEXAS INSTRUMENTS|VERISK ANALYTICS INC|VERTEX PHARMACEUTIC|WALGREENS BTS ALN CM|WRNR BRS DS CM WI|WORKDAY INC CL A|XCEL ENERGY CMN|ZOOM VIDEO CMTS CM A|ZSCALER, INC. CMN"
2023-12-15,2023-12-15,101,$SGEN$|AAPL|ABNB|ADBE|ADI|ADP|ADSK|AEP|ALGN|AMAT|AMD|AMGN|AMZN|ANSS|ASML|AVGO|AZN|BIIB|BKNG|BKR|CDNS|CEG|CHTR|CMCSA|COST|CPRT|CRWD|CSCO|CSGP|CSX|CTAS|CTSH|DDOG|DLTR|DXCM|EA|EBAY|ENPH|EXC|FANG|FAST|FTNT|GEHC|GFS|GILD|GOOG|GOOGL|HON|IDXX|ILMN|INTC|INTU|ISRG|JD|KDP|KHC|KLAC|LCID|LRCX|LULU|MAR|MCHP|MDLZ|MELI|META|MNST|MRNA|MRVL|MSFT|MU|NFLX|NVDA|NXPI|ODFL|ON|ORLY|PANW|PAYX|PCAR|PDD|PEP|PYPL|QCOM|REGN|ROST|SBUX|SIRI|SNPS|TEAM|TMUS|TSLA|TTD|TXN|VRSK|VRTX|WBA|WBD|WDAY|XEL|ZM|ZS,"SEAGEN INC. CMN STK|APPLE INC.|AIRBNB, INC CL A CMN|ADOBE INC.|ANALOG DEVICES CMN|AUTOMATIC DATA PROCS|AUTODESK INC|AMER ELC PWR CO CMN|ALIGN TECHNOLOGY I|APPLIED MATERIALS|ADV MICRO DEVICES|AMGEN|AMAZON.COM INC|ANSYS INC|ASML HLDG NY REG|BROADCOM INC.|ASTRAZENECA PLC ADS|BIOGEN INC CMN|BOOKING HOLDINGS INC|BAKER HUGHES CO|CADENCE DESIGN SYS|CONSTELLATION EN CM|CHARTER COMMUNICATIO|COMCAST CORP A|COSTCO WHOLESALE|COPART, INC.|CROWDSTRIKE HLD CM A|CISCO SYSTEMS INC.|COSTAR GROUP INC|CSX CORPORATION|CINTAS CORP|COGNIZANT TECH SOL|DATADOG INC.L A CM|DOLLAR TREE INC|DEXCOM|ELECTRONIC ARTS INC|EBAY INC.|ENPHASE ENERGY, INC.|EXELON CORP CMN STK|DIAMONDBACK ENERGY|FASTENAL CO|FORTINET, INC.|GE HEALTHCARE CM|GLOBALFOUNDRIES ORD|GILEAD SCIENCES, INC|ALPHABET CL C CAP|ALPHABET CL A CMN|HONEYWELL INTL INC|IDEXX LABORATORIES|ILLUMINA, INC.|INTEL CORP|INTUIT INC|INTUITIVE SURG, INC.|JD.COM, INC. ADS|KEURIG DR PEPPER INC|KRAFT HEINZ CO CMN|KLA CP CMN STK|LUCID GROUP CMN|LAM RESEARCH CORP|LULULEMON ATHLETICA|MARRIOTT INT CL A CM|MICROCHIP TECHNOLOGY|MONDELEZ INTL CMN A|MERCADOLIBRE, INC.|META PLATFORMS, INC.|MONSTER BEVERAGE CP|MODERNA INC CS|MARVELL TECH INC CMN|MICROSOFT CORP|MICRON TECHNOLOGY|NETFLIX, INC.|NVIDIA CORPORATION|NXP SEMICONDUCTORS|OLD DOMINION FREIG|ON SEMICONDUCTOR|O'REILLY AUTOMOTIVE|PALO ALTO NTWKS CM|PAYCHEX, INC.|PACCAR INC.|PDD HOLDINGS INC ADS|PEPSICO INC|PAYPAL HOLDINGS|QUALCOMM INC|REGENERON PHARMACEUT|ROSS STORES, INC.|STARBUCKS CORP|SIRIUS XM HOLDINGS I|SYNOPSYS, INC.|ATLASSIAN CLS A CS|T-MOBILE US CMN|TESLA, INC.|THE TRADE DESK CL A|TEXAS INSTRUMENTS|VERISK ANALYTICS INC|VERTEX PHARMACEUTIC|WALGREENS BTS ALN CM|WRNR BRS DS CM WI|WORKDAY INC CL A|XCEL ENERGY CMN|ZOOM VIDEO CMTS CM A|ZSCALER, INC. CMN"
2023-12-18,2024-03-15,101,AAPL|ABNB|ADBE|ADI|ADP|ADSK|AEP|AMAT|AMD|AMGN|AMZN|ANSS|ASML|AVGO|AZN|BIIB|BKNG|BKR|CCEP|CDNS|CDW|CEG|CHTR|CMCSA|COST|CPRT|CRWD|CSCO|CSGP|CSX|CTAS|CTSH|DASH|DDOG|DLTR|DXCM|EA|EXC|FANG|FAST|FTNT|GEHC|GFS|GILD|GOOG|GOOGL|HON|IDXX|ILMN|INTC|INTU|ISRG|KDP|KHC|KLAC|LRCX|LULU|MAR|MCHP|MDB|MDLZ|MELI|META|MNST|MRNA|MRVL|MSFT|MU|NFLX|NVDA|NXPI|ODFL|ON|ORLY|PANW|PAYX|PCAR|PDD|PEP|PYPL|QCOM|REGN|ROP|ROST|SBUX|SIRI|SNPS|SPLK|TEAM|TMUS|TSLA|TTD|TTWO|TXN|VRSK|VRTX|WBA|WBD|WDAY|XEL|ZS,"APPLE INC.|AIRBNB, INC CL A CMN|ADOBE INC.|ANALOG DEVICES CMN|AUTOMATIC DATA PROCS|AUTODESK INC|AMER ELC PWR CO CMN|APPLIED MATERIALS|ADV MICRO DEVICES|AMGEN|AMAZON.COM INC|ANSYS INC|ASML HLDG NY REG|BROADCOM INC.|ASTRAZENECA PLC ADS|BIOGEN INC CMN|BOOKING HOLDINGS INC|BAKER HUGHES CO|COCA-COLA EUROPACIFI|CADENCE DESIGN SYS|CDW CORPORATION|CONSTELLATION EN CM|CHARTER COMMUNICATIO|COMCAST CORP A|COSTCO WHOLESALE|COPART, INC.|CROWDSTRIKE HLD CM A|CISCO SYSTEMS INC.|COSTAR GROUP INC|CSX CORPORATION|CINTAS CORP|COGNIZANT TECH SOL|DOORDASH, INC. CL A|DATADOG INC.L A CM|DOLLAR TREE INC|DEXCOM|ELECTRONIC ARTS INC|EXELON CORP CMN STK|DIAMONDBACK ENERGY|FASTENAL CO|FORTINET, INC.|GE HEALTHCARE CM|GLOBALFOUNDRIES ORD|GILEAD SCIENCES, INC|ALPHABET CL C CAP|ALPHABET CL A CMN|HONEYWELL INTL INC|IDEXX LABORATORIES|ILLUMINA, INC.|INTEL CORP|INTUIT INC|INTUITIVE SURG, INC.|KEURIG DR PEPPER INC|KRAFT HEINZ CO CMN|KLA CP CMN STK|LAM RESEARCH CORP|LULULEMON ATHLETICA|MARRIOTT INT CL A CM|MICROCHIP TECHNOLOGY|MONGODB, INC CL A CM|MONDELEZ INTL CMN A|MERCADOLIBRE, INC.|META PLATFORMS, INC.|MONSTER BEVERAGE CP|MODERNA INC CS|MARVELL TECH INC CMN|MICROSOFT CORP|MICRON TECHNOLOGY|NETFLIX, INC.|NVIDIA CORPORATION|NXP SEMICONDUCTORS|OLD DOMINION FREIG|ON SEMICONDUCTOR|O'REILLY AUTOMOTIVE|PALO ALTO NTWKS CM|PAYCHEX, INC.|PACCAR INC.|PDD HOLDINGS INC ADS|PEPSICO INC|PAYPAL HOLDINGS|QUALCOMM INC|REGENERON PHARMACEUT|ROPER TECH CMN|ROSS STORES, INC.|STARBUCKS CORP|SIRIUS XM HOLDINGS I|SYNOPSYS, INC.|SPLUNK INC.|ATLASSIAN CLS A CS|T-MOBILE US CMN|TESLA, INC.|THE TRADE DESK CL A|TAKE-TWO INTERACTI|TEXAS INSTRUMENTS|VERISK ANALYTICS INC|VERTEX PHARMACEUTIC|WALGREENS BTS ALN CM|WRNR BRS DS CM WI|WORKDAY INC CL A|XCEL ENERGY CMN|ZSCALER, INC. CMN"
2024-03-18,2024-06-21,101,AAPL|ABNB|ADBE|ADI|ADP|ADSK|AEP|AMAT|AMD|AMGN|AMZN|ANSS|ASML|AVGO|AZN|BIIB|BKNG|BKR|CCEP|CDNS|CDW|CEG|CHTR|CMCSA|COST|CPRT|CRWD|CSCO|CSGP|CSX|CTAS|CTSH|DASH|DDOG|DLTR|DXCM|EA|EXC|FANG|FAST|FTNT|GEHC|GFS|GILD|GOOG|GOOGL|HON|IDXX|ILMN|INTC|INTU|ISRG|KDP|KHC|KLAC|LIN|LRCX|LULU|MAR|MCHP|MDB|MDLZ|MELI|META|MNST|MRNA|MRVL|MSFT|MU|NFLX|NVDA|NXPI|ODFL|ON|ORLY|PANW|PAYX|PCAR|PDD|PEP|PYPL|QCOM|REGN|ROP|ROST|SBUX|SIRI|SNPS|TEAM|TMUS|TSLA|TTD|TTWO|TXN|VRSK|VRTX|WBA|WBD|WDAY|XEL|ZS,"APPLE INC.|AIRBNB, INC CL A CMN|ADOBE INC.|ANALOG DEVICES CMN|AUTOMATIC DATA PROCS|AUTODESK INC|AMER ELC PWR CO CMN|APPLIED MATERIALS|ADV MICRO DEVICES|AMGEN|AMAZON.COM INC|ANSYS INC|ASML HLDG NY REG|BROADCOM INC.|ASTRAZENECA PLC ADS|BIOGEN INC CMN|BOOKING HOLDINGS INC|BAKER HUGHES CO|COCA-COLA EUROPACIFI|CADENCE DESIGN SYS|CDW CORPORATION|CONSTELLATION EN CM|CHARTER COMMUNICATIO|COMCAST CORP A|COSTCO WHOLESALE|COPART, INC.|CROWDSTRIKE HLD CM A|CISCO SYSTEMS INC.|COSTAR GROUP INC|CSX CORPORATION|CINTAS CORP|COGNIZANT TECH SOL|DOORDASH, INC. CL A|DATADOG INC.L A CM|DOLLAR TREE INC|DEXCOM|ELECTRONIC ARTS INC|EXELON CORP CMN STK|DIAMONDBACK ENERGY|FASTENAL CO|FORTINET, INC.|GE HEALTHCARE CM|GLOBALFOUNDRIES ORD|GILEAD SCIENCES, INC|ALPHABET CL C CAP|ALPHABET CL A CMN|HONEYWELL INTL INC|IDEXX LABORATORIES|ILLUMINA, INC.|INTEL CORP|INTUIT INC|INTUITIVE SURG, INC.|KEURIG DR PEPPER INC|KRAFT HEINZ CO CMN|KLA CP CMN STK|LINDE PLC|LAM RESEARCH CORP|LULULEMON ATHLETICA|MARRIOTT INT CL A CM|MICROCHIP TECHNOLOGY|MONGODB, INC CL A CM|MONDELEZ INTL CMN A|MERCADOLIBRE, INC.|META PLATFORMS, INC.|MONSTER BEVERAGE CP|MODERNA INC CS|MARVELL TECH INC CMN|MICROSOFT CORP|MICRON TECHNOLOGY|NETFLIX, INC.|NVIDIA CORPORATION|NXP SEMICONDUCTORS|OLD DOMINION FREIG|ON SEMICONDUCTOR|O'REILLY AUTOMOTIVE|PALO ALTO NTWKS CM|PAYCHEX, INC.|PACCAR INC.|PDD HOLDINGS INC ADS|PEPSICO INC|PAYPAL HOLDINGS|QUALCOMM INC|REGENERON PHARMACEUT|ROPER TECH CMN|ROSS STORES, INC.|STARBUCKS CORP|SIRIUS XM HOLDINGS I|SYNOPSYS, INC.|ATLASSIAN CLS A CS|T-MOBILE US CMN|TESLA, INC.|THE TRADE DESK CL A|TAKE-TWO INTERACTI|TEXAS INSTRUMENTS|VERISK ANALYTICS INC|VERTEX PHARMACEUTIC|WALGREENS BTS ALN CM|WRNR BRS DS CM WI|WORKDAY INC CL A|XCEL ENERGY CMN|ZSCALER, INC. CMN"
2024-06-24,2024-06-24,101,AAPL|ABNB|ADBE|ADI|ADP|ADSK|AEP|AMAT|AMD|AMGN|AMZN|ANSS|ARM|ASML|AVGO|AZN|BIIB|BKNG|BKR|CCEP|CDNS|CDW|CEG|CHTR|CMCSA|COST|CPRT|CRWD|CSCO|CSGP|CSX|CTAS|CTSH|DASH|DDOG|DLTR|DXCM|EA|EXC|FANG|FAST|FTNT|GEHC|GFS|GILD|GOOG|GOOGL|HON|IDXX|ILMN|INTC|INTU|ISRG|KDP|KHC|KLAC|LIN|LRCX|LULU|MAR|MCHP|MDB|MDLZ|MELI|META|MNST|MRNA|MRVL|MSFT|MU|NFLX|NVDA|NXPI|ODFL|ON|ORLY|PANW|PAYX|PCAR|PDD|PEP|PYPL|QCOM|REGN|ROP|ROST|SBUX|SNPS|TEAM|TMUS|TSLA|TTD|TTWO|TXN|VRSK|VRTX|WBA|WBD|WDAY|XEL|ZS,"APPLE INC.|AIRBNB, INC CL A CMN|ADOBE INC.|ANALOG DEVICES CMN|AUTOMATIC DATA PROCS|AUTODESK INC|AMER ELC PWR CO CMN|APPLIED MATERIALS|ADV MICRO DEVICES|AMGEN|AMAZON.COM INC|ANSYS INC|ARM HOLDINGS PLC ADS|ASML HLDG NY REG|BROADCOM INC.|ASTRAZENECA PLC ADS|BIOGEN INC CMN|BOOKING HOLDINGS INC|BAKER HUGHES CO|COCA-COLA EUROPACIFI|CADENCE DESIGN SYS|CDW CORPORATION|CONSTELLATION EN CM|CHARTER COMMUNICATIO|COMCAST CORP A|COSTCO WHOLESALE|COPART, INC.|CROWDSTRIKE HLD CM A|CISCO SYSTEMS INC.|COSTAR GROUP INC|CSX CORPORATION|CINTAS CORP|COGNIZANT TECH SOL|DOORDASH, INC. CL A|DATADOG INC.L A CM|DOLLAR TREE INC|DEXCOM|ELECTRONIC ARTS INC|EXELON CORP CMN STK|DIAMONDBACK ENERGY|FASTENAL CO|FORTINET, INC.|GE HEALTHCARE CM|GLOBALFOUNDRIES ORD|GILEAD SCIENCES, INC|ALPHABET CL C CAP|ALPHABET CL A CMN|HONEYWELL INTL INC|IDEXX LABORATORIES|ILLUMINA, INC.|INTEL CORP|INTUIT INC|INTUITIVE SURG, INC.|KEURIG DR PEPPER INC|KRAFT HEINZ CO CMN|KLA CP CMN STK|LINDE PLC|LAM RESEARCH CORP|LULULEMON ATHLETICA|MARRIOTT INT CL A CM|MICROCHIP TECHNOLOGY|MONGODB, INC CL A CM|MONDELEZ INTL CMN A|MERCADOLIBRE, INC.|META PLATFORMS, INC.|MONSTER BEVERAGE CP|MODERNA INC CS|MARVELL TECH INC CMN|MICROSOFT CORP|MICRON TECHNOLOGY|NETFLIX, INC.|NVIDIA CORPORATION|NXP SEMICONDUCTORS|OLD DOMINION FREIG|ON SEMICONDUCTOR|O'REILLY AUTOMOTIVE|PALO ALTO NTWKS CM|PAYCHEX, INC.|PACCAR INC.|PDD HOLDINGS INC ADS|PEPSICO INC|PAYPAL HOLDINGS|QUALCOMM INC|REGENERON PHARMACEUT|ROPER TECH CMN|ROSS STORES, INC.|STARBUCKS CORP|SYNOPSYS, INC.|ATLASSIAN CLS A CS|T-MOBILE US CMN|TESLA, INC.|THE TRADE DESK CL A|TAKE-TWO INTERACTI|TEXAS INSTRUMENTS|VERISK ANALYTICS INC|VERTEX PHARMACEUTIC|WALGREENS BTS ALN CM|WRNR BRS DS CM WI|WORKDAY INC CL A|XCEL ENERGY CMN|ZSCALER, INC. CMN"
2024-06-25,2024-07-05,102,AAPL|ABNB|ADBE|ADI|ADP|ADSK|AEP|AMAT|AMD|AMGN|AMZN|ANSS|ARM|ASML|AVGO|AZN|BIIB|BKNG|BKR|CCEP|CDNS|CDW|CEG|CHTR|CMCSA|COST|CPRT|CRWD|CSCO|CSGP|CSX|CTAS|CTSH|DASH|DDOG|DLTR|DXCM|EA|EXC|FANG|FAST|FTNT|GEHC|GFS|GILD|GOOG|GOOGL|GRAL|HON|IDXX|ILMN|INTC|INTU|ISRG|KDP|KHC|KLAC|LIN|LRCX|LULU|MAR|MCHP|MDB|MDLZ|MELI|META|MNST|MRNA|MRVL|MSFT|MU|NFLX|NVDA|NXPI|ODFL|ON|ORLY|PANW|PAYX|PCAR|PDD|PEP|PYPL|QCOM|REGN|ROP|ROST|SBUX|SNPS|TEAM|TMUS|TSLA|TTD|TTWO|TXN|VRSK|VRTX|WBA|WBD|WDAY|XEL|ZS,"APPLE INC.|AIRBNB, INC CL A CMN|ADOBE INC.|ANALOG DEVICES CMN|AUTOMATIC DATA PROCS|AUTODESK INC|AMER ELC PWR CO CMN|APPLIED MATERIALS|ADV MICRO DEVICES|AMGEN|AMAZON.COM INC|ANSYS INC|ARM HOLDINGS PLC ADS|ASML HLDG NY REG|BROADCOM INC.|ASTRAZENECA PLC ADS|BIOGEN INC CMN|BOOKING HOLDINGS INC|BAKER HUGHES CO|COCA-COLA EUROPACIFI|CADENCE DESIGN SYS|CDW CORPORATION|CONSTELLATION EN CM|CHARTER COMMUNICATIO|COMCAST CORP A|COSTCO WHOLESALE|COPART, INC.|CROWDSTRIKE HLD CM A|CISCO SYSTEMS INC.|COSTAR GROUP INC|CSX CORPORATION|CINTAS CORP|COGNIZANT TECH SOL|DOORDASH, INC. CL A|DATADOG INC.L A CM|DOLLAR TREE INC|DEXCOM|ELECTRONIC ARTS INC|EXELON CORP CMN STK|DIAMONDBACK ENERGY|FASTENAL CO|FORTINET, INC.|GE HEALTHCARE CM|GLOBALFOUNDRIES ORD|GILEAD SCIENCES, INC|ALPHABET CL C CAP|ALPHABET CL A CMN|GRAIL COMMON STOCK|HONEYWELL INTL INC|IDEXX LABORATORIES|ILLUMINA, INC.|INTEL CORP|INTUIT INC|INTUITIVE SURG, INC.|KEURIG DR PEPPER INC|KRAFT HEINZ CO CMN|KLA CP CMN STK|LINDE PLC|LAM RESEARCH CORP|LULULEMON ATHLETICA|MARRIOTT INT CL A CM|MICROCHIP TECHNOLOGY|MONGODB, INC CL A CM|MONDELEZ INTL CMN A|MERCADOLIBRE, INC.|META PLATFORMS, INC.|MONSTER BEVERAGE CP|MODERNA INC CS|MARVELL TECH INC CMN|MICROSOFT CORP|MICRON TECHNOLOGY|NETFLIX, INC.|NVIDIA CORPORATION|NXP SEMICONDUCTORS|OLD DOMINION FREIG|ON SEMICONDUCTOR|O'REILLY AUTOMOTIVE|PALO ALTO NTWKS CM|PAYCHEX, INC.|PACCAR INC.|PDD HOLDINGS INC ADS|PEPSICO INC|PAYPAL HOLDINGS|QUALCOMM INC|REGENERON PHARMACEUT|ROPER TECH CMN|ROSS STORES, INC.|STARBUCKS CORP|SYNOPSYS, INC.|ATLASSIAN CLS A CS|T-MOBILE US CMN|TESLA, INC.|THE TRADE DESK CL A|TAKE-TWO INTERACTI|TEXAS INSTRUMENTS|VERISK ANALYTICS INC|VERTEX PHARMACEUTIC|WALGREENS BTS ALN CM|WRNR BRS DS CM WI|WORKDAY INC CL A|XCEL ENERGY CMN|ZSCALER, INC. CMN"
2024-07-08,2024-07-19,101,AAPL|ABNB|ADBE|ADI|ADP|ADSK|AEP|AMAT|AMD|AMGN|AMZN|ANSS|ARM|ASML|AVGO|AZN|BIIB|BKNG|BKR|CCEP|CDNS|CDW|CEG|CHTR|CMCSA|COST|CPRT|CRWD|CSCO|CSGP|CSX|CTAS|CTSH|DASH|DDOG|DLTR|DXCM|EA|EXC|FANG|FAST|FTNT|GEHC|GFS|GILD|GOOG|GOOGL|HON|IDXX|ILMN|INTC|INTU|ISRG|KDP|KHC|KLAC|LIN|LRCX|LULU|MAR|MCHP|MDB|MDLZ|MELI|META|MNST|MRNA|MRVL|MSFT|MU|NFLX|NVDA|NXPI|ODFL|ON|ORLY|PANW|PAYX|PCAR|PDD|PEP|PYPL|QCOM|REGN|ROP|ROST|SBUX|SNPS|TEAM|TMUS|TSLA|TTD|TTWO|TXN|VRSK|VRTX|WBA|WBD|WDAY|XEL|ZS,"APPLE INC.|AIRBNB, INC CL A CMN|ADOBE INC.|ANALOG DEVICES CMN|AUTOMATIC DATA PROCS|AUTODESK INC|AMER ELC PWR CO CMN|APPLIED MATERIALS|ADV MICRO DEVICES|AMGEN|AMAZON.COM INC|ANSYS INC|ARM HOLDINGS PLC ADS|ASML HLDG NY REG|BROADCOM INC.|ASTRAZENECA PLC ADS|BIOGEN INC CMN|BOOKING HOLDINGS INC|BAKER HUGHES CO|COCA-COLA EUROPACIFI|CADENCE DESIGN SYS|CDW CORPORATION|CONSTELLATION EN CM|CHARTER COMMUNICATIO|COMCAST CORP A|COSTCO WHOLESALE|COPART, INC.|CROWDSTRIKE HLD CM A|CISCO SYSTEMS INC.|COSTAR GROUP INC|CSX CORPORATION|CINTAS CORP|COGNIZANT TECH SOL|DOORDASH, INC. CL A|DATADOG INC.L A CM|DOLLAR TREE INC|DEXCOM|ELECTRONIC ARTS INC|EXELON CORP CMN STK|DIAMONDBACK ENERGY|FASTENAL CO|FORTINET, INC.|GE HEALTHCARE CM|GLOBALFOUNDRIES ORD|GILEAD SCIENCES, INC|ALPHABET CL C CAP|ALPHABET CL A CMN|HONEYWELL INTL INC|IDEXX LABORATORIES|ILLUMINA, INC.|INTEL CORP|INTUIT INC|INTUITIVE SURG, INC.|KEURIG DR PEPPER INC|KRAFT HEINZ CO CMN|KLA CP CMN STK|LINDE PLC|LAM RESEARCH CORP|LULULEMON ATHLETICA|MARRIOTT INT CL A CM|MICROCHIP TECHNOLOGY|MONGODB, INC CL A CM|MONDELEZ INTL CMN A|MERCADOLIBRE, INC.|META PLATFORMS, INC.|MONSTER BEVERAGE CP|MODERNA INC CS|MARVELL TECH INC CMN|MICROSOFT CORP|MICRON TECHNOLOGY|NETFLIX, INC.|NVIDIA CORPORATION|NXP SEMICONDUCTORS|OLD DOMINION FREIG|ON SEMICONDUCTOR|O'REILLY AUTOMOTIVE|PALO ALTO NTWKS CM|PAYCHEX, INC.|PACCAR INC.|PDD HOLDINGS INC ADS|PEPSICO INC|PAYPAL HOLDINGS|QUALCOMM INC|REGENERON PHARMACEUT|ROPER TECH CMN|ROSS STORES, INC.|STARBUCKS CORP|SYNOPSYS, INC.|ATLASSIAN CLS A CS|T-MOBILE US CMN|TESLA, INC.|THE TRADE DESK CL A|TAKE-TWO INTERACTI|TEXAS INSTRUMENTS|VERISK ANALYTICS INC|VERTEX PHARMACEUTIC|WALGREENS BTS ALN CM|WRNR BRS DS CM WI|WORKDAY INC CL A|XCEL ENERGY CMN|ZSCALER, INC. CMN"
2024-07-22,2024-11-15,101,AAPL|ABNB|ADBE|ADI|ADP|ADSK|AEP|AMAT|AMD|AMGN|AMZN|ANSS|ARM|ASML|AVGO|AZN|BIIB|BKNG|BKR|CCEP|CDNS|CDW|CEG|CHTR|CMCSA|COST|CPRT|CRWD|CSCO|CSGP|CSX|CTAS|CTSH|DASH|DDOG|DLTR|DXCM|EA|EXC|FANG|FAST|FTNT|GEHC|GFS|GILD|GOOG|GOOGL|HON|IDXX|ILMN|INTC|INTU|ISRG|KDP|KHC|KLAC|LIN|LRCX|LULU|MAR|MCHP|MDB|MDLZ|MELI|META|MNST|MRNA|MRVL|MSFT|MU|NFLX|NVDA|NXPI|ODFL|ON|ORLY|PANW|PAYX|PCAR|PDD|PEP|PYPL|QCOM|REGN|ROP|ROST|SBUX|SMCI|SNPS|TEAM|TMUS|TSLA|TTD|TTWO|TXN|VRSK|VRTX|WBD|WDAY|XEL|ZS,"APPLE INC.|AIRBNB, INC CL A CMN|ADOBE INC.|ANALOG DEVICES CMN|AUTOMATIC DATA PROCS|AUTODESK INC|AMER ELC PWR CO CMN|APPLIED MATERIALS|ADV MICRO DEVICES|AMGEN|AMAZON.COM INC|ANSYS INC|ARM HOLDINGS PLC ADS|ASML HLDG NY REG|BROADCOM INC.|ASTRAZENECA PLC ADS|BIOGEN INC CMN|BOOKING HOLDINGS INC|BAKER HUGHES CO|COCA-COLA EUROPACIFI|CADENCE DESIGN SYS|CDW CORPORATION|CONSTELLATION EN CM|CHARTER COMMUNICATIO|COMCAST CORP A|COSTCO WHOLESALE|COPART, INC.|CROWDSTRIKE HLD CM A|CISCO SYSTEMS INC.|COSTAR GROUP INC|CSX CORPORATION|CINTAS CORP|COGNIZANT TECH SOL|DOORDASH, INC. CL A|DATADOG INC.L A CM|DOLLAR TREE INC|DEXCOM|ELECTRONIC ARTS INC|EXELON CORP CMN STK|DIAMONDBACK ENERGY|FASTENAL CO|FORTINET, INC.|GE HEALTHCARE CM|GLOBALFOUNDRIES ORD|GILEAD SCIENCES, INC|ALPHABET CL C CAP|ALPHABET CL A CMN|HONEYWELL INTL INC|IDEXX LABORATORIES|ILLUMINA, INC.|INTEL CORP|INTUIT INC|INTUITIVE SURG, INC.|KEURIG DR PEPPER INC|KRAFT HEINZ CO CMN|KLA CP CMN STK|LINDE PLC|LAM RESEARCH CORP|LULULEMON ATHLETICA|MARRIOTT INT CL A CM|MICROCHIP TECHNOLOGY|MONGODB, INC CL A CM|MONDELEZ INTL CMN A|MERCADOLIBRE, INC.|META PLATFORMS, INC.|MONSTER BEVERAGE CP|MODERNA INC CS|MARVELL TECH INC CMN|MICROSOFT CORP|MICRON TECHNOLOGY|NETFLIX, INC.|NVIDIA CORPORATION|NXP SEMICONDUCTORS|OLD DOMINION FREIG|ON SEMICONDUCTOR|O'REILLY AUTOMOTIVE|PALO ALTO NTWKS CM|PAYCHEX, INC.|PACCAR INC.|PDD HOLDINGS INC ADS|PEPSICO INC|PAYPAL HOLDINGS|QUALCOMM INC|REGENERON PHARMACEUT|ROPER TECH CMN|ROSS STORES, INC.|STARBUCKS CORP|SUPER MICRO CMPTR CM|SYNOPSYS, INC.|ATLASSIAN CLS A CS|T-MOBILE US CMN|TESLA, INC.|THE TRADE DESK CL A|TAKE-TWO INTERACTI|TEXAS INSTRUMENTS|VERISK ANALYTICS INC|VERTEX PHARMACEUTIC|WRNR BRS DS CM WI|WORKDAY INC CL A|XCEL ENERGY CMN|ZSCALER, INC. CMN"
2024-11-18,2024-12-20,101,AAPL|ABNB|ADBE|ADI|ADP|ADSK|AEP|AMAT|AMD|AMGN|AMZN|ANSS|APP|ARM|ASML|AVGO|AZN|BIIB|BKNG|BKR|CCEP|CDNS|CDW|CEG|CHTR|CMCSA|COST|CPRT|CRWD|CSCO|CSGP|CSX|CTAS|CTSH|DASH|DDOG|DXCM|EA|EXC|FANG|FAST|FTNT|GEHC|GFS|GILD|GOOG|GOOGL|HON|IDXX|ILMN|INTC|INTU|ISRG|KDP|KHC|KLAC|LIN|LRCX|LULU|MAR|MCHP|MDB|MDLZ|MELI|META|MNST|MRNA|MRVL|MSFT|MU|NFLX|NVDA|NXPI|ODFL|ON|ORLY|PANW|PAYX|PCAR|PDD|PEP|PYPL|QCOM|REGN|ROP|ROST|SBUX|SMCI|SNPS|TEAM|TMUS|TSLA|TTD|TTWO|TXN|VRSK|VRTX|WBD|WDAY|XEL|ZS,"APPLE INC.|AIRBNB, INC CL A CMN|ADOBE INC.|ANALOG DEVICES CMN|AUTOMATIC DATA PROCS|AUTODESK INC|AMER ELC PWR CO CMN|APPLIED MATERIALS|ADV MICRO DEVICES|AMGEN|AMAZON.COM INC|ANSYS INC|APPLOVIN CORP CLA CM|ARM HOLDINGS PLC ADS|ASML HLDG NY REG|BROADCOM INC.|ASTRAZENECA PLC ADS|BIOGEN INC CMN|BOOKING HOLDINGS INC|BAKER HUGHES CO|COCA-COLA EUROPACIFI|CADENCE DESIGN SYS|CDW CORPORATION|CONSTELLATION EN CM|CHARTER COMMUNICATIO|COMCAST CORP A|COSTCO WHOLESALE|COPART, INC.|CROWDSTRIKE HLD CM A|CISCO SYSTEMS INC.|COSTAR GROUP INC|CSX CORPORATION|CINTAS CORP|COGNIZANT TECH SOL|DOORDASH, INC. CL A|DATADOG INC.L A CM|DEXCOM|ELECTRONIC ARTS INC|EXELON CORP CMN STK|DIAMONDBACK ENERGY|FASTENAL CO|FORTINET, INC.|GE HEALTHCARE CM|GLOBALFOUNDRIES ORD|GILEAD SCIENCES, INC|ALPHABET CL C CAP|ALPHABET CL A CMN|HONEYWELL INTL INC|IDEXX LABORATORIES|ILLUMINA, INC.|INTEL CORP|INTUIT INC|INTUITIVE SURG, INC.|KEURIG DR PEPPER INC|KRAFT HEINZ CO CMN|KLA CP CMN STK|LINDE PLC|LAM RESEARCH CORP|LULULEMON ATHLETICA|MARRIOTT INT CL A CM|MICROCHIP TECHNOLOGY|MONGODB, INC CL A CM|MONDELEZ INTL CMN A|MERCADOLIBRE, INC.|META PLATFORMS, INC.|MONSTER BEVERAGE CP|MODERNA INC CS|MARVELL TECH INC CMN|MICROSOFT CORP|MICRON TECHNOLOGY|NETFLIX, INC.|NVIDIA CORPORATION|NXP SEMICONDUCTORS|OLD DOMINION FREIG|ON SEMICONDUCTOR|O'REILLY AUTOMOTIVE|PALO ALTO NTWKS CM|PAYCHEX, INC.|PACCAR INC.|PDD HOLDINGS INC ADS|PEPSICO INC|PAYPAL HOLDINGS|QUALCOMM INC|REGENERON PHARMACEUT|ROPER TECH CMN|ROSS STORES, INC.|STARBUCKS CORP|SUPER MICRO CMPTR CM|SYNOPSYS, INC.|ATLASSIAN CLS A CS|T-MOBILE US CMN|TESLA, INC.|THE TRADE DESK CL A|TAKE-TWO INTERACTI|TEXAS INSTRUMENTS|VERISK ANALYTICS INC|VERTEX PHARMACEUTIC|WRNR BRS DS CM WI|WORKDAY INC CL A|XCEL ENERGY CMN|ZSCALER, INC. CMN"
2024-12-23,2025-05-16,101,AAPL|ABNB|ADBE|ADI|ADP|ADSK|AEP|AMAT|AMD|AMGN|AMZN|ANSS|APP|ARM|ASML|AVGO|AXON|AZN|BIIB|BKNG|BKR|CCEP|CDNS|CDW|CEG|CHTR|CMCSA|COST|CPRT|CRWD|CSCO|CSGP|CSX|CTAS|CTSH|DASH|DDOG|DXCM|EA|EXC|FANG|FAST|FTNT|GEHC|GFS|GILD|GOOG|GOOGL|HON|IDXX|INTC|INTU|ISRG|KDP|KHC|KLAC|LIN|LRCX|LULU|MAR|MCHP|MDB|MDLZ|MELI|META|MNST|MRVL|MSFT|MSTR|MU|NFLX|NVDA|NXPI|ODFL|ON|ORLY|PANW|PAYX|PCAR|PDD|PEP|PLTR|PYPL|QCOM|REGN|ROP|ROST|SBUX|SNPS|TEAM|TMUS|TSLA|TTD|TTWO|TXN|VRSK|VRTX|WBD|WDAY|XEL|ZS,"APPLE INC.|AIRBNB, INC CL A CMN|ADOBE INC.|ANALOG DEVICES CMN|AUTOMATIC DATA PROCS|AUTODESK INC|AMER ELC PWR CO CMN|APPLIED MATERIALS|ADV MICRO DEVICES|AMGEN|AMAZON.COM INC|ANSYS INC|APPLOVIN CORP CLA CM|ARM HOLDINGS PLC ADS|ASML HLDG NY REG|BROADCOM INC.|AXON ENTERPRISE, INC|ASTRAZENECA PLC ADS|BIOGEN INC CMN|BOOKING HOLDINGS INC|BAKER HUGHES CO|COCA-COLA EUROPACIFI|CADENCE DESIGN SYS|CDW CORPORATION|CONSTELLATION EN CM|CHARTER COMMUNICATIO|COMCAST CORP A|COSTCO WHOLESALE|COPART, INC.|CROWDSTRIKE HLD CM A|CISCO SYSTEMS INC.|COSTAR GROUP INC|CSX CORPORATION|CINTAS CORP|COGNIZANT TECH SOL|DOORDASH, INC. CL A|DATADOG INC.L A CM|DEXCOM|ELECTRONIC ARTS INC|EXELON CORP CMN STK|DIAMONDBACK ENERGY|FASTENAL CO|FORTINET, INC.|GE HEALTHCARE CM|GLOBALFOUNDRIES ORD|GILEAD SCIENCES, INC|ALPHABET CL C CAP|ALPHABET CL A CMN|HONEYWELL INTL INC|IDEXX LABORATORIES|INTEL CORP|INTUIT INC|INTUITIVE SURG, INC.|KEURIG DR PEPPER INC|KRAFT HEINZ CO CMN|KLA CP CMN STK|LINDE PLC|LAM RESEARCH CORP|LULULEMON ATHLETICA|MARRIOTT INT CL A CM|MICROCHIP TECHNOLOGY|MONGODB, INC CL A CM|MONDELEZ INTL CMN A|MERCADOLIBRE, INC.|META PLATFORMS, INC.|MONSTER BEVERAGE CP|MARVELL TECH INC CMN|MICROSOFT CORP|MICROSTRATEGY CL A|MICRON TECHNOLOGY|NETFLIX, INC.|NVIDIA CORPORATION|NXP SEMICONDUCTORS|OLD DOMINION FREIG|ON SEMICONDUCTOR|O'REILLY AUTOMOTIVE|PALO ALTO NTWKS CM|PAYCHEX, INC.|PACCAR INC.|PDD HOLDINGS INC ADS|PEPSICO INC|PALANTIR TECH CL A|PAYPAL HOLDINGS|QUALCOMM INC|REGENERON PHARMACEUT|ROPER TECH CMN|ROSS STORES, INC.|STARBUCKS CORP|SYNOPSYS, INC.|ATLASSIAN CLS A CS|T-MOBILE US CMN|TESLA, INC.|THE TRADE DESK CL A|TAKE-TWO INTERACTI|TEXAS INSTRUMENTS|VERISK ANALYTICS INC|VERTEX PHARMACEUTIC|WRNR BRS DS CM WI|WORKDAY INC CL A|XCEL ENERGY CMN|ZSCALER, INC. CMN"
2025-05-19,2025-07-17,101,AAPL|ABNB|ADBE|ADI|ADP|ADSK|AEP|AMAT|AMD|AMGN|AMZN|ANSS|APP|ARM|ASML|AVGO|AXON|AZN|BIIB|BKNG|BKR|CCEP|CDNS|CDW|CEG|CHTR|CMCSA|COST|CPRT|CRWD|CSCO|CSGP|CSX|CTAS|CTSH|DASH|DDOG|DXCM|EA|EXC|FANG|FAST|FTNT|GEHC|GFS|GILD|GOOG|GOOGL|HON|IDXX|INTC|INTU|ISRG|KDP|KHC|KLAC|LIN|LRCX|LULU|MAR|MCHP|MDLZ|MELI|META|MNST|MRVL|MSFT|MSTR|MU|NFLX|NVDA|NXPI|ODFL|ON|ORLY|PANW|PAYX|PCAR|PDD|PEP|PLTR|PYPL|QCOM|REGN|ROP|ROST|SBUX|SHOP|SNPS|TEAM|TMUS|TSLA|TTD|TTWO|TXN|VRSK|VRTX|WBD|WDAY|XEL|ZS,"APPLE INC.|AIRBNB, INC CL A CMN|ADOBE INC.|ANALOG DEVICES CMN|AUTOMATIC DATA PROCS|AUTODESK INC|AMER ELC PWR CO CMN|APPLIED MATERIALS|ADV MICRO DEVICES|AMGEN|AMAZON.COM INC|ANSYS INC|APPLOVIN CORP CLA CM|ARM HOLDINGS PLC ADS|ASML HLDG NY REG|BROADCOM INC.|AXON ENTERPRISE, INC|ASTRAZENECA PLC ADS|BIOGEN INC CMN|BOOKING HOLDINGS INC|BAKER HUGHES CO|COCA-COLA EUROPACIFI|CADENCE DESIGN SYS|CDW CORPORATION|CONSTELLATION EN CM|CHARTER COMMUNICATIO|COMCAST CORP A|COSTCO WHOLESALE|COPART, INC.|CROWDSTRIKE HLD CM A|CISCO SYSTEMS INC.|COSTAR GROUP INC|CSX CORPORATION|CINTAS CORP|COGNIZANT TECH SOL|DOORDASH, INC. CL A|DATADOG INC.L A CM|DEXCOM|ELECTRONIC ARTS INC|EXELON CORP CMN STK|DIAMONDBACK ENERGY|FASTENAL CO|FORTINET, INC.|GE HEALTHCARE CM|GLOBALFOUNDRIES ORD|GILEAD SCIENCES, INC|ALPHABET CL C CAP|ALPHABET CL A CMN|HONEYWELL INTL INC|IDEXX LABORATORIES|INTEL CORP|INTUIT INC|INTUITIVE SURG, INC.|KEURIG DR PEPPER INC|KRAFT HEINZ CO CMN|KLA CP CMN STK|LINDE PLC|LAM RESEARCH CORP|LULULEMON ATHLETICA|MARRIOTT INT CL A CM|MICROCHIP TECHNOLOGY|MONDELEZ INTL CMN A|MERCADOLIBRE, INC.|META PLATFORMS, INC.|MONSTER BEVERAGE CP|MARVELL TECH INC CMN|MICROSOFT CORP|MICROSTRATEGY CL A|MICRON TECHNOLOGY|NETFLIX, INC.|NVIDIA CORPORATION|NXP SEMICONDUCTORS|OLD DOMINION FREIG|ON SEMICONDUCTOR|O'REILLY AUTOMOTIVE|PALO ALTO NTWKS CM|PAYCHEX, INC.|PACCAR INC.|PDD HOLDINGS INC ADS|PEPSICO INC|PALANTIR TECH CL A|PAYPAL HOLDINGS|QUALCOMM INC|REGENERON PHARMACEUT|ROPER TECH CMN|ROSS STORES, INC.|STARBUCKS CORP|SHOPIFY INC.|SYNOPSYS, INC.|ATLASSIAN CLS A CS|T-MOBILE US CMN|TESLA, INC.|THE TRADE DESK CL A|TAKE-TWO INTERACTI|TEXAS INSTRUMENTS|VERISK ANALYTICS INC|VERTEX PHARMACEUTIC|WRNR BRS DS CM WI|WORKDAY INC CL A|XCEL ENERGY CMN|ZSCALER, INC. CMN"
2025-07-18,2025-07-25,101,$ANSS$|AAPL|ABNB|ADBE|ADI|ADP|ADSK|AEP|AMAT|AMD|AMGN|AMZN|APP|ARM|ASML|AVGO|AXON|AZN|BIIB|BKNG|BKR|CCEP|CDNS|CDW|CEG|CHTR|CMCSA|COST|CPRT|CRWD|CSCO|CSGP|CSX|CTAS|CTSH|DASH|DDOG|DXCM|EA|EXC|FANG|FAST|FTNT|GEHC|GFS|GILD|GOOG|GOOGL|HON|IDXX|INTC|INTU|ISRG|KDP|KHC|KLAC|LIN|LRCX|LULU|MAR|MCHP|MDLZ|MELI|META|MNST|MRVL|MSFT|MSTR|MU|NFLX|NVDA|NXPI|ODFL|ON|ORLY|PANW|PAYX|PCAR|PDD|PEP|PLTR|PYPL|QCOM|REGN|ROP|ROST|SBUX|SHOP|SNPS|TEAM|TMUS|TSLA|TTD|TTWO|TXN|VRSK|VRTX|WBD|WDAY|XEL|ZS,"ANSYS INC|APPLE INC.|AIRBNB, INC CL A CMN|ADOBE INC.|ANALOG DEVICES CMN|AUTOMATIC DATA PROCS|AUTODESK INC|AMER ELC PWR CO CMN|APPLIED MATERIALS|ADV MICRO DEVICES|AMGEN|AMAZON.COM INC|APPLOVIN CORP CLA CM|ARM HOLDINGS PLC ADS|ASML HLDG NY REG|BROADCOM INC.|AXON ENTERPRISE, INC|ASTRAZENECA PLC ADS|BIOGEN INC CMN|BOOKING HOLDINGS INC|BAKER HUGHES CO|COCA-COLA EUROPACIFI|CADENCE DESIGN SYS|CDW CORPORATION|CONSTELLATION EN CM|CHARTER COMMUNICATIO|COMCAST CORP A|COSTCO WHOLESALE|COPART, INC.|CROWDSTRIKE HLD CM A|CISCO SYSTEMS INC.|COSTAR GROUP INC|CSX CORPORATION|CINTAS CORP|COGNIZANT TECH SOL|DOORDASH, INC. CL A|DATADOG INC.L A CM|DEXCOM|ELECTRONIC ARTS INC|EXELON CORP CMN STK|DIAMONDBACK ENERGY|FASTENAL CO|FORTINET, INC.|GE HEALTHCARE CM|GLOBALFOUNDRIES ORD|GILEAD SCIENCES, INC|ALPHABET CL C CAP|ALPHABET CL A CMN|HONEYWELL INTL INC|IDEXX LABORATORIES|INTEL CORP|INTUIT INC|INTUITIVE SURG, INC.|KEURIG DR PEPPER INC|KRAFT HEINZ CO CMN|KLA CP CMN STK|LINDE PLC|LAM RESEARCH CORP|LULULEMON ATHLETICA|MARRIOTT INT CL A CM|MICROCHIP TECHNOLOGY|MONDELEZ INTL CMN A|MERCADOLIBRE, INC.|META PLATFORMS, INC.|MONSTER BEVERAGE CP|MARVELL TECH INC CMN|MICROSOFT CORP|MICROSTRATEGY CL A|MICRON TECHNOLOGY|NETFLIX, INC.|NVIDIA CORPORATION|NXP SEMICONDUCTORS|OLD DOMINION FREIG|ON SEMICONDUCTOR|O'REILLY AUTOMOTIVE|PALO ALTO NTWKS CM|PAYCHEX, INC.|PACCAR INC.|PDD HOLDINGS INC ADS|PEPSICO INC|PALANTIR TECH CL A|PAYPAL HOLDINGS|QUALCOMM INC|REGENERON PHARMACEUT|ROPER TECH CMN|ROSS STORES, INC.|STARBUCKS CORP|SHOPIFY INC.|SYNOPSYS, INC.|ATLASSIAN CLS A CS|T-MOBILE US CMN|TESLA, INC.|THE TRADE DESK CL A|TAKE-TWO INTERACTI|TEXAS INSTRUMENTS|VERISK ANALYTICS INC|VERTEX PHARMACEUTIC|WRNR BRS DS CM WI|WORKDAY INC CL A|XCEL ENERGY CMN|ZSCALER, INC. CMN"
2025-07-28,2025-10-29,101,AAPL|ABNB|ADBE|ADI|ADP|ADSK|AEP|AMAT|AMD|AMGN|AMZN|APP|ARM|ASML|AVGO|AXON|AZN|BIIB|BKNG|BKR|CCEP|CDNS|CDW|CEG|CHTR|CMCSA|COST|CPRT|CRWD|CSCO|CSGP|CSX|CTAS|CTSH|DASH|DDOG|DXCM|EA|EXC|FANG|FAST|FTNT|GEHC|GFS|GILD|GOOG|GOOGL|HON|IDXX|INTC|INTU|ISRG|KDP|KHC|KLAC|LIN|LRCX|LULU|MAR|MCHP|MDLZ|MELI|META|MNST|MRVL|MSFT|MSTR|MU|NFLX|NVDA|NXPI|ODFL|ON|ORLY|PANW|PAYX|PCAR|PDD|PEP|PLTR|PYPL|QCOM|REGN|ROP|ROST|SBUX|SHOP|SNPS|TEAM|TMUS|TRI|TSLA|TTD|TTWO|TXN|VRSK|VRTX|WBD|WDAY|XEL|ZS,"APPLE INC.|AIRBNB, INC CL A CMN|ADOBE INC.|ANALOG DEVICES CMN|AUTOMATIC DATA PROCS|AUTODESK INC|AMER ELC PWR CO CMN|APPLIED MATERIALS|ADV MICRO DEVICES|AMGEN|AMAZON.COM INC|APPLOVIN CORP CLA CM|ARM HOLDINGS PLC ADS|ASML HLDG NY REG|BROADCOM INC.|AXON ENTERPRISE, INC|ASTRAZENECA PLC ADS|BIOGEN INC CMN|BOOKING HOLDINGS INC|BAKER HUGHES CO|COCA-COLA EUROPACIFI|CADENCE DESIGN SYS|CDW CORPORATION|CONSTELLATION EN CM|CHARTER COMMUNICATIO|COMCAST CORP A|COSTCO WHOLESALE|COPART, INC.|CROWDSTRIKE HLD CM A|CISCO SYSTEMS INC.|COSTAR GROUP INC|CSX CORPORATION|CINTAS CORP|COGNIZANT TECH SOL|DOORDASH, INC. CL A|DATADOG INC.L A CM|DEXCOM|ELECTRONIC ARTS INC|EXELON CORP CMN STK|DIAMONDBACK ENERGY|FASTENAL CO|FORTINET, INC.|GE HEALTHCARE CM|GLOBALFOUNDRIES ORD|GILEAD SCIENCES, INC|ALPHABET CL C CAP|ALPHABET CL A CMN|HONEYWELL INTL INC|IDEXX LABORATORIES|INTEL CORP|INTUIT INC|INTUITIVE SURG, INC.|KEURIG DR PEPPER INC|KRAFT HEINZ CO CMN|KLA CP CMN STK|LINDE PLC|LAM RESEARCH CORP|LULULEMON ATHLETICA|MARRIOTT INT CL A CM|MICROCHIP TECHNOLOGY|MONDELEZ INTL CMN A|MERCADOLIBRE, INC.|META PLATFORMS, INC.|MONSTER BEVERAGE CP|MARVELL TECH INC CMN|MICROSOFT CORP|MICROSTRATEGY CL A|MICRON TECHNOLOGY|NETFLIX, INC.|NVIDIA CORPORATION|NXP SEMICONDUCTORS|OLD DOMINION FREIG|ON SEMICONDUCTOR|O'REILLY AUTOMOTIVE|PALO ALTO NTWKS CM|PAYCHEX, INC.|PACCAR INC.|PDD HOLDINGS INC ADS|PEPSICO INC|PALANTIR TECH CL A|PAYPAL HOLDINGS|QUALCOMM INC|REGENERON PHARMACEUT|ROPER TECH CMN|ROSS STORES, INC.|STARBUCKS CORP|SHOPIFY INC.|SYNOPSYS, INC.|ATLASSIAN CLS A CS|T-MOBILE US CMN|THOMSON REUTERS CMN|TESLA, INC.|THE TRADE DESK CL A|TAKE-TWO INTERACTI|TEXAS INSTRUMENTS|VERISK ANALYTICS INC|VERTEX PHARMACEUTIC|WRNR BRS DS CM WI|WORKDAY INC CL A|XCEL ENERGY CMN|ZSCALER, INC. CMN"
2025-10-30,2025-11-07,102,AAPL|ABNB|ADBE|ADI|ADP|ADSK|AEP|AMAT|AMD|AMGN|AMZN|APP|ARM|ASML|AVGO|AXON|AZN|BIIB|BKNG|BKR|CCEP|CDNS|CDW|CEG|CHTR|CMCSA|COST|CPRT|CRWD|CSCO|CSGP|CSX|CTAS|CTSH|DASH|DDOG|DXCM|EA|EXC|FANG|FAST|FTNT|GEHC|GFS|GILD|GOOG|GOOGL|HON|IDXX|INTC|INTU|ISRG|KDP|KHC|KLAC|LIN|LRCX|LULU|MAR|MCHP|MDLZ|MELI|META|MNST|MRVL|MSFT|MSTR|MU|NFLX|NVDA|NXPI|ODFL|ON|ORLY|PANW|PAYX|PCAR|PDD|PEP|PLTR|PYPL|QCOM|REGN|ROP|ROST|SBUX|SHOP|SNPS|SOLS|TEAM|TMUS|TRI|TSLA|TTD|TTWO|TXN|VRSK|VRTX|WBD|WDAY|XEL|ZS,"APPLE INC.|AIRBNB, INC CL A CMN|ADOBE INC.|ANALOG DEVICES CMN|AUTOMATIC DATA PROCS|AUTODESK INC|AMER ELC PWR CO CMN|APPLIED MATERIALS|ADV MICRO DEVICES|AMGEN|AMAZON.COM INC|APPLOVIN CORP CLA CM|ARM HOLDINGS PLC ADS|ASML HLDG NY REG|BROADCOM INC.|AXON ENTERPRISE, INC|ASTRAZENECA PLC ADS|BIOGEN INC CMN|BOOKING HOLDINGS INC|BAKER HUGHES CO|COCA-COLA EUROPACIFI|CADENCE DESIGN SYS|CDW CORPORATION|CONSTELLATION EN CM|CHARTER COMMUNICATIO|COMCAST CORP A|COSTCO WHOLESALE|COPART, INC.|CROWDSTRIKE HLD CM A|CISCO SYSTEMS INC.|COSTAR GROUP INC|CSX CORPORATION|CINTAS CORP|COGNIZANT TECH SOL|DOORDASH, INC. CL A|DATADOG INC.L A CM|DEXCOM|ELECTRONIC ARTS INC|EXELON CORP CMN STK|DIAMONDBACK ENERGY|FASTENAL CO|FORTINET, INC.|GE HEALTHCARE CM|GLOBALFOUNDRIES ORD|GILEAD SCIENCES, INC|ALPHABET CL C CAP|ALPHABET CL A CMN|HONEYWELL INTL INC|IDEXX LABORATORIES|INTEL CORP|INTUIT INC|INTUITIVE SURG, INC.|KEURIG DR PEPPER INC|KRAFT HEINZ CO CMN|KLA CP CMN STK|LINDE PLC|LAM RESEARCH CORP|LULULEMON ATHLETICA|MARRIOTT INT CL A CM|MICROCHIP TECHNOLOGY|MONDELEZ INTL CMN A|MERCADOLIBRE, INC.|META PLATFORMS, INC.|MONSTER BEVERAGE CP|MARVELL TECH INC CMN|MICROSOFT CORP|STRATEGY INC CL A CS|MICRON TECHNOLOGY|NETFLIX, INC.|NVIDIA CORPORATION|NXP SEMICONDUCTORS|OLD DOMINION FREIG|ON SEMICONDUCTOR|O'REILLY AUTOMOTIVE|PALO ALTO NTWKS CM|PAYCHEX, INC.|PACCAR INC.|PDD HOLDINGS INC ADS|PEPSICO INC|PALANTIR TECH CL A|PAYPAL HOLDINGS|QUALCOMM INC|REGENERON PHARMACEUT|ROPER TECH CMN|ROSS STORES, INC.|STARBUCKS CORP|SHOPIFY INC.|SYNOPSYS, INC.|SOLSTICE ADV CS|ATLASSIAN CLS A CS|T-MOBILE US CMN|THOMSON REUTERS CMN|TESLA, INC.|THE TRADE DESK CL A|TAKE-TWO INTERACTI|TEXAS INSTRUMENTS|VERISK ANALYTICS INC|VERTEX PHARMACEUTIC|WRNR BRS DS CM WI|WORKDAY INC CL A|XCEL ENERGY CMN|ZSCALER, INC. CMN"
2025-11-10,2025-12-19,101,AAPL|ABNB|ADBE|ADI|ADP|ADSK|AEP|AMAT|AMD|AMGN|AMZN|APP|ARM|ASML|AVGO|AXON|AZN|BIIB|BKNG|BKR|CCEP|CDNS|CDW|CEG|CHTR|CMCSA|COST|CPRT|CRWD|CSCO|CSGP|CSX|CTAS|CTSH|DASH|DDOG|DXCM|EA|EXC|FANG|FAST|FTNT|GEHC|GFS|GILD|GOOG|GOOGL|HON|IDXX|INTC|INTU|ISRG|KDP|KHC|KLAC|LIN|LRCX|LULU|MAR|MCHP|MDLZ|MELI|META|MNST|MRVL|MSFT|MSTR|MU|NFLX|NVDA|NXPI|ODFL|ON|ORLY|PANW|PAYX|PCAR|PDD|PEP|PLTR|PYPL|QCOM|REGN|ROP|ROST|SBUX|SHOP|SNPS|TEAM|TMUS|TRI|TSLA|TTD|TTWO|TXN|VRSK|VRTX|WBD|WDAY|XEL|ZS,"APPLE INC.|AIRBNB, INC CL A CMN|ADOBE INC.|ANALOG DEVICES CMN|AUTOMATIC DATA PROCS|AUTODESK INC|AMER ELC PWR CO CMN|APPLIED MATERIALS|ADV MICRO DEVICES|AMGEN|AMAZON.COM INC|APPLOVIN CORP CLA CM|ARM HOLDINGS PLC ADS|ASML HLDG NY REG|BROADCOM INC.|AXON ENTERPRISE, INC|ASTRAZENECA PLC ADS|BIOGEN INC CMN|BOOKING HOLDINGS INC|BAKER HUGHES CO|COCA-COLA EUROPACIFI|CADENCE DESIGN SYS|CDW CORPORATION|CONSTELLATION EN CM|CHARTER COMMUNICATIO|COMCAST CORP A|COSTCO WHOLESALE|COPART, INC.|CROWDSTRIKE HLD CM A|CISCO SYSTEMS INC.|COSTAR GROUP INC|CSX CORPORATION|CINTAS CORP|COGNIZANT TECH SOL|DOORDASH, INC. CL A|DATADOG INC.L A CM|DEXCOM|ELECTRONIC ARTS INC|EXELON CORP CMN STK|DIAMONDBACK ENERGY|FASTENAL CO|FORTINET, INC.|GE HEALTHCARE CM|GLOBALFOUNDRIES ORD|GILEAD SCIENCES, INC|ALPHABET CL C CAP|ALPHABET CL A CMN|HONEYWELL INTL INC|IDEXX LABORATORIES|INTEL CORP|INTUIT INC|INTUITIVE SURG, INC.|KEURIG DR PEPPER INC|KRAFT HEINZ CO CMN|KLA CP CMN STK|LINDE PLC|LAM RESEARCH CORP|LULULEMON ATHLETICA|MARRIOTT INT CL A CM|MICROCHIP TECHNOLOGY|MONDELEZ INTL CMN A|MERCADOLIBRE, INC.|META PLATFORMS, INC.|MONSTER BEVERAGE CP|MARVELL TECH INC CMN|MICROSOFT CORP|STRATEGY INC CL A CS|MICRON TECHNOLOGY|NETFLIX, INC.|NVIDIA CORPORATION|NXP SEMICONDUCTORS|OLD DOMINION FREIG|ON SEMICONDUCTOR|O'REILLY AUTOMOTIVE|PALO ALTO NTWKS CM|PAYCHEX, INC.|PACCAR INC.|PDD HOLDINGS INC ADS|PEPSICO INC|PALANTIR TECH CL A|PAYPAL HOLDINGS|QUALCOMM INC|REGENERON PHARMACEUT|ROPER TECH CMN|ROSS STORES, INC.|STARBUCKS CORP|SHOPIFY INC.|SYNOPSYS, INC.|ATLASSIAN CLS A CS|T-MOBILE US CMN|THOMSON REUTERS CMN|TESLA, INC.|THE TRADE DESK CL A|TAKE-TWO INTERACTI|TEXAS INSTRUMENTS|VERISK ANALYTICS INC|VERTEX PHARMACEUTIC|WRNR BRS DS CM WI|WORKDAY INC CL A|XCEL ENERGY CMN|ZSCALER, INC. CMN"
2025-12-22,2026-01-02,101,AAPL|ABNB|ADBE|ADI|ADP|ADSK|AEP|ALNY|AMAT|AMD|AMGN|AMZN|APP|ARM|ASML|AVGO|AXON|AZN|BKNG|BKR|CCEP|CDNS|CEG|CHTR|CMCSA|COST|CPRT|CRWD|CSCO|CSGP|CSX|CTAS|CTSH|DASH|DDOG|DXCM|EA|EXC|FANG|FAST|FER|FTNT|GEHC|GILD|GOOG|GOOGL|HON|IDXX|INSM|INTC|INTU|ISRG|KDP|KHC|KLAC|LIN|LRCX|MAR|MCHP|MDLZ|MELI|META|MNST|MPWR|MRVL|MSFT|MSTR|MU|NFLX|NVDA|NXPI|ODFL|ORLY|PANW|PAYX|PCAR|PDD|PEP|PLTR|PYPL|QCOM|REGN|ROP|ROST|SBUX|SHOP|SNPS|STX|TEAM|TMUS|TRI|TSLA|TTWO|TXN|VRSK|VRTX|WBD|WDAY|WDC|XEL|ZS,"APPLE INC.|AIRBNB, INC CL A CMN|ADOBE INC.|ANALOG DEVICES CMN|AUTOMATIC DATA PROCS|AUTODESK INC|AMER ELC PWR CO CMN|ALNYLAM PHARMACEUT|APPLIED MATERIALS|ADV MICRO DEVICES|AMGEN|AMAZON.COM INC|APPLOVIN CORP CLA CM|ARM HOLDINGS PLC ADS|ASML HLDG NY REG|BROADCOM INC.|AXON ENTERPRISE, INC|ASTRAZENECA PLC ADS|BOOKING HOLDINGS INC|BAKER HUGHES CO|COCA-COLA EUROPACIFI|CADENCE DESIGN SYS|CONSTELLATION EN CM|CHARTER COMMUNICATIO|COMCAST CORP A|COSTCO WHOLESALE|COPART, INC.|CROWDSTRIKE HLD CM A|CISCO SYSTEMS INC.|COSTAR GROUP INC|CSX CORPORATION|CINTAS CORP|COGNIZANT TECH SOL|DOORDASH, INC. CL A|DATADOG INC.L A CM|DEXCOM|ELECTRONIC ARTS INC|EXELON CORP CMN STK|DIAMONDBACK ENERGY|FASTENAL CO|FERROVIAL SE OS|FORTINET, INC.|GE HEALTHCARE CM|GILEAD SCIENCES, INC|ALPHABET CL C CAP|ALPHABET CL A CMN|HONEYWELL INTL INC|IDEXX LABORATORIES|INSMED INCORPORATED|INTEL CORP|INTUIT INC|INTUITIVE SURG, INC.|KEURIG DR PEPPER INC|KRAFT HEINZ CO CMN|KLA CP CMN STK|LINDE PLC|LAM RESEARCH CORP|MARRIOTT INT CL A CM|MICROCHIP TECHNOLOGY|MONDELEZ INTL CMN A|MERCADOLIBRE, INC.|META PLATFORMS, INC.|MONSTER BEVERAGE CP|MONOLITHIC POWER SYS|MARVELL TECH INC CMN|MICROSOFT CORP|STRATEGY INC CL A CS|MICRON TECHNOLOGY|NETFLIX, INC.|NVIDIA CORPORATION|NXP SEMICONDUCTORS|OLD DOMINION FREIG|O'REILLY AUTOMOTIVE|PALO ALTO NTWKS CM|PAYCHEX, INC.|PACCAR INC.|PDD HOLDINGS INC ADS|PEPSICO INC|PALANTIR TECH CL A|PAYPAL HOLDINGS|QUALCOMM INC|REGENERON PHARMACEUT|ROPER TECH CMN|ROSS STORES, INC.|STARBUCKS CORP|SHOPIFY INC.|SYNOPSYS, INC.|SEAGATE TCH HLDGS OR|ATLASSIAN CLS A CS|T-MOBILE US CMN|THOMSON REUTERS CMN|TESLA, INC.|TAKE-TWO INTERACTI|TEXAS INSTRUMENTS|VERISK ANALYTICS INC|VERTEX PHARMACEUTIC|WRNR BRS DS CM WI|WORKDAY INC CL A|WESTERN DIGITAL CP|XCEL ENERGY CMN|ZSCALER, INC. CMN"
2026-01-05,2026-01-13,102,AAPL|ABNB|ADBE|ADI|ADP|ADSK|AEP|ALNY|AMAT|AMD|AMGN|AMZN|APP|ARM|ASML|AVGO|AXON|AZN|BKNG|BKR|CCEP|CDNS|CEG|CHTR|CMCSA|COST|CPRT|CRWD|CSCO|CSGP|CSX|CTAS|CTSH|DASH|DDOG|DXCM|EA|EXC|FANG|FAST|FER|FTNT|GEHC|GILD|GOOG|GOOGL|HON|IDXX|INSM|INTC|INTU|ISRG|KDP|KHC|KLAC|LIN|LRCX|MAR|MCHP|MDLZ|MELI|META|MNST|MPWR|MRVL|MSFT|MSTR|MU|NFLX|NVDA|NXPI|ODFL|ORLY|PANW|PAYX|PCAR|PDD|PEP|PLTR|PYPL|QCOM|REGN|ROP|ROST|SBUX|SHOP|SNPS|STX|TEAM|TMUS|TRI|TSLA|TTWO|TXN|VRSK|VRTX|VSNT|WBD|WDAY|WDC|XEL|ZS,"APPLE INC.|AIRBNB, INC CL A CMN|ADOBE INC.|ANALOG DEVICES CMN|AUTOMATIC DATA PROCS|AUTODESK INC|AMER ELC PWR CO CMN|ALNYLAM PHARMACEUT|APPLIED MATERIALS|ADV MICRO DEVICES|AMGEN|AMAZON.COM INC|APPLOVIN CORP CLA CM|ARM HOLDINGS PLC ADS|ASML HLDG NY REG|BROADCOM INC.|AXON ENTERPRISE, INC|ASTRAZENECA PLC ADS|BOOKING HOLDINGS INC|BAKER HUGHES CO|COCA-COLA EUROPACIFI|CADENCE DESIGN SYS|CONSTELLATION EN CM|CHARTER COMMUNICATIO|COMCAST CORP A|COSTCO WHOLESALE|COPART, INC.|CROWDSTRIKE HLD CM A|CISCO SYSTEMS INC.|COSTAR GROUP INC|CSX CORPORATION|CINTAS CORP|COGNIZANT TECH SOL|DOORDASH, INC. CL A|DATADOG INC.L A CM|DEXCOM|ELECTRONIC ARTS INC|EXELON CORP CMN STK|DIAMONDBACK ENERGY|FASTENAL CO|FERROVIAL SE OS|FORTINET, INC.|GE HEALTHCARE CM|GILEAD SCIENCES, INC|ALPHABET CL C CAP|ALPHABET CL A CMN|HONEYWELL INTL INC|IDEXX LABORATORIES|INSMED INCORPORATED|INTEL CORP|INTUIT INC|INTUITIVE SURG, INC.|KEURIG DR PEPPER INC|KRAFT HEINZ CO CMN|KLA CP CMN STK|LINDE PLC|LAM RESEARCH CORP|MARRIOTT INT CL A CM|MICROCHIP TECHNOLOGY|MONDELEZ INTL CMN A|MERCADOLIBRE, INC.|META PLATFORMS, INC.|MONSTER BEVERAGE CP|MONOLITHIC POWER SYS|MARVELL TECH INC CMN|MICROSOFT CORP|STRATEGY INC CL A CS|MICRON TECHNOLOGY|NETFLIX, INC.|NVIDIA CORPORATION|NXP SEMICONDUCTORS|OLD DOMINION FREIG|O'REILLY AUTOMOTIVE|PALO ALTO NTWKS CM|PAYCHEX, INC.|PACCAR INC.|PDD HOLDINGS INC ADS|PEPSICO INC|PALANTIR TECH CL A|PAYPAL HOLDINGS|QUALCOMM INC|REGENERON PHARMACEUT|ROPER TECH CMN|ROSS STORES, INC.|STARBUCKS CORP|SHOPIFY INC.|SYNOPSYS, INC.|SEAGATE TCH HLDGS OR|ATLASSIAN CLS A CS|T-MOBILE US CMN|THOMSON REUTERS CMN|TESLA, INC.|TAKE-TWO INTERACTI|TEXAS INSTRUMENTS|VERISK ANALYTICS INC|VERTEX PHARMACEUTIC|VERSANT MD CMN A|WRNR BRS DS CM WI|WORKDAY INC CL A|WESTERN DIGITAL CP|XCEL ENERGY CMN|ZSCALER, INC. CMN"
2026-01-14,2026-01-16,101,AAPL|ABNB|ADBE|ADI|ADP|ADSK|AEP|ALNY|AMAT|AMD|AMGN|AMZN|APP|ARM|ASML|AVGO|AXON|AZN|BKNG|BKR|CCEP|CDNS|CEG|CHTR|CMCSA|COST|CPRT|CRWD|CSCO|CSGP|CSX|CTAS|CTSH|DASH|DDOG|DXCM|EA|EXC|FANG|FAST|FER|FTNT|GEHC|GILD|GOOG|GOOGL|HON|IDXX|INSM|INTC|INTU|ISRG|KDP|KHC|KLAC|LIN|LRCX|MAR|MCHP|MDLZ|MELI|META|MNST|MPWR|MRVL|MSFT|MSTR|MU|NFLX|NVDA|NXPI|ODFL|ORLY|PANW|PAYX|PCAR|PDD|PEP|PLTR|PYPL|QCOM|REGN|ROP|ROST|SBUX|SHOP|SNPS|STX|TEAM|TMUS|TRI|TSLA|TTWO|TXN|VRSK|VRTX|WBD|WDAY|WDC|XEL|ZS,"APPLE INC.|AIRBNB, INC CL A CMN|ADOBE INC.|ANALOG DEVICES CMN|AUTOMATIC DATA PROCS|AUTODESK INC|AMER ELC PWR CO CMN|ALNYLAM PHARMACEUT|APPLIED MATERIALS|ADV MICRO DEVICES|AMGEN|AMAZON.COM INC|APPLOVIN CORP CLA CM|ARM HOLDINGS PLC ADS|ASML HLDG NY REG|BROADCOM INC.|AXON ENTERPRISE, INC|ASTRAZENECA PLC ADS|BOOKING HOLDINGS INC|BAKER HUGHES CO|COCA-COLA EUROPACIFI|CADENCE DESIGN SYS|CONSTELLATION EN CM|CHARTER COMMUNICATIO|COMCAST CORP A|COSTCO WHOLESALE|COPART, INC.|CROWDSTRIKE HLD CM A|CISCO SYSTEMS INC.|COSTAR GROUP INC|CSX CORPORATION|CINTAS CORP|COGNIZANT TECH SOL|DOORDASH, INC. CL A|DATADOG INC.L A CM|DEXCOM|ELECTRONIC ARTS INC|EXELON CORP CMN STK|DIAMONDBACK ENERGY|FASTENAL CO|FERROVIAL SE OS|FORTINET, INC.|GE HEALTHCARE CM|GILEAD SCIENCES, INC|ALPHABET CL C CAP|ALPHABET CL A CMN|HONEYWELL INTL INC|IDEXX LABORATORIES|INSMED INCORPORATED|INTEL CORP|INTUIT INC|INTUITIVE SURG, INC.|KEURIG DR PEPPER INC|KRAFT HEINZ CO CMN|KLA CP CMN STK|LINDE PLC|LAM RESEARCH CORP|MARRIOTT INT CL A CM|MICROCHIP TECHNOLOGY|MONDELEZ INTL CMN A|MERCADOLIBRE, INC.|META PLATFORMS, INC.|MONSTER BEVERAGE CP|MONOLITHIC POWER SYS|MARVELL TECH INC CMN|MICROSOFT CORP|STRATEGY INC CL A CS|MICRON TECHNOLOGY|NETFLIX, INC.|NVIDIA CORPORATION|NXP SEMICONDUCTORS|OLD DOMINION FREIG|O'REILLY AUTOMOTIVE|PALO ALTO NTWKS CM|PAYCHEX, INC.|PACCAR INC.|PDD HOLDINGS INC ADS|PEPSICO INC|PALANTIR TECH CL A|PAYPAL HOLDINGS|QUALCOMM INC|REGENERON PHARMACEUT|ROPER TECH CMN|ROSS STORES, INC.|STARBUCKS CORP|SHOPIFY INC.|SYNOPSYS, INC.|SEAGATE TCH HLDGS OR|ATLASSIAN CLS A CS|T-MOBILE US CMN|THOMSON REUTERS CMN|TESLA, INC.|TAKE-TWO INTERACTI|TEXAS INSTRUMENTS|VERISK ANALYTICS INC|VERTEX PHARMACEUTIC|WRNR BRS DS CM WI|WORKDAY INC CL A|WESTERN DIGITAL CP|XCEL ENERGY CMN|ZSCALER, INC. CMN"
2026-01-20,2026-04-17,101,AAPL|ABNB|ADBE|ADI|ADP|ADSK|AEP|ALNY|AMAT|AMD|AMGN|AMZN|APP|ARM|ASML|AVGO|AXON|BKNG|BKR|CCEP|CDNS|CEG|CHTR|CMCSA|COST|CPRT|CRWD|CSCO|CSGP|CSX|CTAS|CTSH|DASH|DDOG|DXCM|EA|EXC|FANG|FAST|FER|FTNT|GEHC|GILD|GOOG|GOOGL|HON|IDXX|INSM|INTC|INTU|ISRG|KDP|KHC|KLAC|LIN|LRCX|MAR|MCHP|MDLZ|MELI|META|MNST|MPWR|MRVL|MSFT|MSTR|MU|NFLX|NVDA|NXPI|ODFL|ORLY|PANW|PAYX|PCAR|PDD|PEP|PLTR|PYPL|QCOM|REGN|ROP|ROST|SBUX|SHOP|SNPS|STX|TEAM|TMUS|TRI|TSLA|TTWO|TXN|VRSK|VRTX|WBD|WDAY|WDC|WMT|XEL|ZS,"APPLE INC.|AIRBNB, INC CL A CMN|ADOBE INC.|ANALOG DEVICES CMN|AUTOMATIC DATA PROCS|AUTODESK INC|AMER ELC PWR CO CMN|ALNYLAM PHARMACEUT|APPLIED MATERIALS|ADV MICRO DEVICES|AMGEN|AMAZON.COM INC|APPLOVIN CORP CLA CM|ARM HOLDINGS PLC ADS|ASML HLDG NY REG|BROADCOM INC.|AXON ENTERPRISE, INC|BOOKING HOLDINGS INC|BAKER HUGHES CO|COCA-COLA EUROPACIFI|CADENCE DESIGN SYS|CONSTELLATION EN CM|CHARTER COMMUNICATIO|COMCAST CORP A|COSTCO WHOLESALE|COPART, INC.|CROWDSTRIKE HLD CM A|CISCO SYSTEMS INC.|COSTAR GROUP INC|CSX CORPORATION|CINTAS CORP|COGNIZANT TECH SOL|DOORDASH, INC. CL A|DATADOG INC.L A CM|DEXCOM|ELECTRONIC ARTS INC|EXELON CORP CMN STK|DIAMONDBACK ENERGY|FASTENAL CO|FERROVIAL SE OS|FORTINET, INC.|GE HEALTHCARE CM|GILEAD SCIENCES, INC|ALPHABET CL C CAP|ALPHABET CL A CMN|HONEYWELL INTL INC|IDEXX LABORATORIES|INSMED INCORPORATED|INTEL CORP|INTUIT INC|INTUITIVE SURG, INC.|KEURIG DR PEPPER INC|KRAFT HEINZ CO CMN|KLA CP CMN STK|LINDE PLC|LAM RESEARCH CORP|MARRIOTT INT CL A CM|MICROCHIP TECHNOLOGY|MONDELEZ INTL CMN A|MERCADOLIBRE, INC.|META PLATFORMS, INC.|MONSTER BEVERAGE CP|MONOLITHIC POWER SYS|MARVELL TECH INC CMN|MICROSOFT CORP|STRATEGY INC CL A CS|MICRON TECHNOLOGY|NETFLIX, INC.|NVIDIA CORPORATION|NXP SEMICONDUCTORS|OLD DOMINION FREIG|O'REILLY AUTOMOTIVE|PALO ALTO NTWKS CM|PAYCHEX, INC.|PACCAR INC.|PDD HOLDINGS INC ADS|PEPSICO INC|PALANTIR TECH CL A|PAYPAL HOLDINGS|QUALCOMM INC|REGENERON PHARMACEUT|ROPER TECH CMN|ROSS STORES, INC.|STARBUCKS CORP|SHOPIFY INC.|SYNOPSYS, INC.|SEAGATE TCH HLDGS OR|ATLASSIAN CLS A CS|T-MOBILE US CMN|THOMSON REUTERS CMN|TESLA, INC.|TAKE-TWO INTERACTI|TEXAS INSTRUMENTS|VERISK ANALYTICS INC|VERTEX PHARMACEUTIC|WRNR BRS DS CM WI|WORKDAY INC CL A|WESTERN DIGITAL CP|WALMART INC CMN|XCEL ENERGY CMN|ZSCALER, INC. CMN"
2026-04-20,2026-05-15,101,AAPL|ABNB|ADBE|ADI|ADP|ADSK|AEP|ALNY|AMAT|AMD|AMGN|AMZN|APP|ARM|ASML|AVGO|AXON|BKNG|BKR|CCEP|CDNS|CEG|CHTR|CMCSA|COST|CPRT|CRWD|CSCO|CSGP|CSX|CTAS|CTSH|DASH|DDOG|DXCM|EA|EXC|FANG|FAST|FER|FTNT|GEHC|GILD|GOOG|GOOGL|HON|IDXX|INSM|INTC|INTU|ISRG|KDP|KHC|KLAC|LIN|LRCX|MAR|MCHP|MDLZ|MELI|META|MNST|MPWR|MRVL|MSFT|MSTR|MU|NFLX|NVDA|NXPI|ODFL|ORLY|PANW|PAYX|PCAR|PDD|PEP|PLTR|PYPL|QCOM|REGN|ROP|ROST|SBUX|SHOP|SNDK|SNPS|STX|TMUS|TRI|TSLA|TTWO|TXN|VRSK|VRTX|WBD|WDAY|WDC|WMT|XEL|ZS,"APPLE INC.|AIRBNB, INC CL A CMN|ADOBE INC.|ANALOG DEVICES CMN|AUTOMATIC DATA PROCS|AUTODESK INC|AMER ELC PWR CO CMN|ALNYLAM PHARMACEUT|APPLIED MATERIALS|ADV MICRO DEVICES|AMGEN|AMAZON.COM INC|APPLOVIN CORP CLA CM|ARM HOLDINGS PLC ADS|ASML HLDG NY REG|BROADCOM INC.|AXON ENTERPRISE, INC|BOOKING HOLDINGS INC|BAKER HUGHES CO|COCA-COLA EUROPACIFI|CADENCE DESIGN SYS|CONSTELLATION EN CM|CHARTER COMMUNICATIO|COMCAST CORP A|COSTCO WHOLESALE|COPART, INC.|CROWDSTRIKE HLD CM A|CISCO SYSTEMS INC.|COSTAR GROUP INC|CSX CORPORATION|CINTAS CORP|COGNIZANT TECH SOL|DOORDASH, INC. CL A|DATADOG INC.L A CM|DEXCOM|ELECTRONIC ARTS INC|EXELON CORP CMN STK|DIAMONDBACK ENERGY|FASTENAL CO|FERROVIAL SE OS|FORTINET, INC.|GE HEALTHCARE CM|GILEAD SCIENCES, INC|ALPHABET CL C CAP|ALPHABET CL A CMN|HONEYWELL INTL INC|IDEXX LABORATORIES|INSMED INCORPORATED|INTEL CORP|INTUIT INC|INTUITIVE SURG, INC.|KEURIG DR PEPPER INC|KRAFT HEINZ CO CMN|KLA CP CMN STK|LINDE PLC|LAM RESEARCH CORP|MARRIOTT INT CL A CM|MICROCHIP TECHNOLOGY|MONDELEZ INTL CMN A|MERCADOLIBRE, INC.|META PLATFORMS, INC.|MONSTER BEVERAGE CP|MONOLITHIC POWER SYS|MARVELL TECH INC CMN|MICROSOFT CORP|STRATEGY INC CL A CS|MICRON TECHNOLOGY|NETFLIX, INC.|NVIDIA CORPORATION|NXP SEMICONDUCTORS|OLD DOMINION FREIG|O'REILLY AUTOMOTIVE|PALO ALTO NTWKS CM|PAYCHEX, INC.|PACCAR INC.|PDD HOLDINGS INC ADS|PEPSICO INC|PALANTIR TECH CL A|PAYPAL HOLDINGS|QUALCOMM INC|REGENERON PHARMACEUT|ROPER TECH CMN|ROSS STORES, INC.|STARBUCKS CORP|SHOPIFY INC.|SANDISK CP CMN|SYNOPSYS, INC.|SEAGATE TCH HLDGS OR|T-MOBILE US CMN|THOMSON REUTERS CMN|TESLA, INC.|TAKE-TWO INTERACTI|TEXAS INSTRUMENTS|VERISK ANALYTICS INC|VERTEX PHARMACEUTIC|WRNR BRS DS CM WI|WORKDAY INC CL A|WESTERN DIGITAL CP|WALMART INC CMN|XCEL ENERGY CMN|ZSCALER, INC. CMN"
2026-05-18,2026-06-18,101,AAPL|ABNB|ADBE|ADI|ADP|ADSK|AEP|ALNY|AMAT|AMD|AMGN|AMZN|APP|ARM|ASML|AVGO|AXON|BKNG|BKR|CCEP|CDNS|CEG|CHTR|CMCSA|COST|CPRT|CRWD|CSCO|CSX|CTAS|CTSH|DASH|DDOG|DXCM|EA|EXC|FANG|FAST|FER|FTNT|GEHC|GILD|GOOG|GOOGL|HON|IDXX|INSM|INTC|INTU|ISRG|KDP|KHC|KLAC|LIN|LITE|LRCX|MAR|MCHP|MDLZ|MELI|META|MNST|MPWR|MRVL|MSFT|MSTR|MU|NFLX|NVDA|NXPI|ODFL|ORLY|PANW|PAYX|PCAR|PDD|PEP|PLTR|PYPL|QCOM|REGN|ROP|ROST|SBUX|SHOP|SNDK|SNPS|STX|TMUS|TRI|TSLA|TTWO|TXN|VRSK|VRTX|WBD|WDAY|WDC|WMT|XEL|ZS,"APPLE INC.|AIRBNB, INC CL A CMN|ADOBE INC.|ANALOG DEVICES CMN|AUTOMATIC DATA PROCS|AUTODESK INC|AMER ELC PWR CO CMN|ALNYLAM PHARMACEUT|APPLIED MATERIALS|ADV MICRO DEVICES|AMGEN|AMAZON.COM INC|APPLOVIN CORP CLA CM|ARM HOLDINGS PLC ADS|ASML HLDG NY REG|BROADCOM INC.|AXON ENTERPRISE, INC|BOOKING HOLDINGS INC|BAKER HUGHES CO|COCA-COLA EUROPACIFI|CADENCE DESIGN SYS|CONSTELLATION EN CM|CHARTER COMMUNICATIO|COMCAST CORP A|COSTCO WHOLESALE|COPART, INC.|CROWDSTRIKE HLD CM A|CISCO SYSTEMS INC.|CSX CORPORATION|CINTAS CORP|COGNIZANT TECH SOL|DOORDASH, INC. CL A|DATADOG INC.L A CMN|DEXCOM|ELECTRONIC ARTS INC|EXELON CORP CMN STK|DIAMONDBACK ENERGY|FASTENAL CO|FERROVIAL N.V. OS|FORTINET, INC.|GE HEALTHCARE CM|GILEAD SCIENCES, INC|ALPHABET CL C CAP|ALPHABET CL A CMN|HONEYWELL INTL INC|IDEXX LABORATORIES|INSMED INCORPORATED|INTEL CORP|INTUIT INC|INTUITIVE SURG, INC.|KEURIG DR PEPPER INC|KRAFT HEINZ CO CMN|KLA CP CMN STK|LINDE PLC|LUMENTUM HLD CM|LAM RESEARCH CORP|MARRIOTT INT CL A CM|MICROCHIP TECHNOLOGY|MONDELEZ INTL CMN A|MERCADOLIBRE, INC.|META PLATFORMS, INC.|MONSTER BEVERAGE CP|MONOLITHIC POWER SYS|MARVELL TECH INC CMN|MICROSOFT CORP|STRATEGY INC CL A CS|MICRON TECHNOLOGY|NETFLIX, INC.|NVIDIA CORPORATION|NXP SEMICONDUCTORS|OLD DOMINION FREIG|O'REILLY AUTOMOTIVE|PALO ALTO NTWKS CM|PAYCHEX, INC.|PACCAR INC.|PDD HOLDINGS INC ADS|PEPSICO INC|PALANTIR TECH CL A|PAYPAL HOLDINGS|QUALCOMM INC|REGENERON PHARMACEUT|ROPER TECH CMN|ROSS STORES, INC.|STARBUCKS CORP|SHOPIFY INC.|SANDISK CP CMN|SYNOPSYS, INC.|SEAGATE TCH HLDGS OR|T-MOBILE US CMN|THOMSON REUTERS CMN|TESLA, INC.|TAKE-TWO INTERACTI|TEXAS INSTRUMENTS|VERISK ANALYTICS INC|VERTEX PHARMACEUTIC|WRNR BRS DS CM WI|WORKDAY INC CL A|WESTERN DIGITAL CP|WALMART INC CMN|XCEL ENERGY CMN|ZSCALER, INC. CMN"
2026-06-22,2026-06-26,101,AAPL|ABNB|ADBE|ADI|ADP|ADSK|AEP|ALAB|ALNY|AMAT|AMD|AMGN|AMZN|APP|ARM|ASML|AVGO|AXON|BKNG|BKR|CCEP|CDNS|CEG|CMCSA|COST|CPRT|CRWD|CRWV|CSCO|CSX|CTAS|DASH|DDOG|DXCM|EA|EXC|FANG|FAST|FER|FTNT|GEHC|GILD|GOOG|GOOGL|HON|IDXX|INTC|INTU|ISRG|KDP|KHC|KLAC|LIN|LITE|LRCX|MAR|MCHP|MDLZ|MELI|META|MNST|MPWR|MRVL|MSFT|MSTR|MU|NBIS|NFLX|NVDA|NXPI|ODFL|ORLY|PANW|PAYX|PCAR|PDD|PEP|PLTR|PYPL|QCOM|REGN|RKLB|ROP|ROST|SBUX|SHOP|SNDK|SNPS|STX|TER|TMUS|TRI|TSLA|TTWO|TXN|VRTX|WBD|WDAY|WDC|WMT|XEL,"APPLE INC.|AIRBNB, INC CL A CMN|ADOBE INC.|ANALOG DEVICES CMN|AUTOMATIC DATA PROCS|AUTODESK INC|AMER ELC PWR CO CMN|ASTERA LABS, INC.|ALNYLAM PHARMACEUT|APPLIED MATERIALS|ADV MICRO DEVICES|AMGEN|AMAZON.COM INC|APPLOVIN CORP CLA CM|ARM HOLDINGS PLC ADS|ASML HLDG NY REG|BROADCOM INC.|AXON ENTERPRISE, INC|BOOKING HOLDINGS INC|BAKER HUGHES CO|COCA-COLA EUROPACIFI|CADENCE DESIGN SYS|CONSTELLATION EN CM|COMCAST CORP A|COSTCO WHOLESALE|COPART, INC.|CROWDSTRIKE HLD CM A|COREWEAVE CL A CS|CISCO SYSTEMS INC.|CSX CORPORATION|CINTAS CORP|DOORDASH, INC. CL A|DATADOG INC.L A CMN|DEXCOM|ELECTRONIC ARTS INC|EXELON CORP CMN STK|DIAMONDBACK ENERGY|FASTENAL CO|FERROVIAL N.V. OS|FORTINET, INC.|GE HEALTHCARE CM|GILEAD SCIENCES, INC|ALPHABET CL C CAP|ALPHABET CL A CMN|HONEYWELL INTL INC|IDEXX LABORATORIES|INTEL CORP|INTUIT INC|INTUITIVE SURG, INC.|KEURIG DR PEPPER INC|KRAFT HEINZ CO CMN|KLA CP CMN STK|LINDE PLC|LUMENTUM HLD CM|LAM RESEARCH CORP|MARRIOTT INT CL A CM|MICROCHIP TECHNOLOGY|MONDELEZ INTL CMN A|MERCADOLIBRE, INC.|META PLATFORMS, INC.|MONSTER BEVERAGE CP|MONOLITHIC POWER SYS|MARVELL TECH INC CMN|MICROSOFT CORP|STRATEGY INC CL A CS|MICRON TECHNOLOGY|NEBIUS GRP NV ORD A|NETFLIX, INC.|NVIDIA CORPORATION|NXP SEMICONDUCTORS|OLD DOMINION FREIG|O'REILLY AUTOMOTIVE|PALO ALTO NTWKS CM|PAYCHEX, INC.|PACCAR INC.|PDD HOLDINGS INC ADS|PEPSICO INC|PALANTIR TECH CL A|PAYPAL HOLDINGS|QUALCOMM INC|REGENERON PHARMACEUT|ROCKET LAB CORP CMN|ROPER TECH CMN|ROSS STORES, INC.|STARBUCKS CORP|SHOPIFY INC.|SANDISK CP CMN|SYNOPSYS, INC.|SEAGATE TCH HLDGS OR|TERADYNE INC CMN|T-MOBILE US CMN|THOMSON REUTERS CMN|TESLA, INC.|TAKE-TWO INTERACTI|TEXAS INSTRUMENTS|VERTEX PHARMACEUTIC|WRNR BRS DS CM WI|WORKDAY INC CL A|WESTERN DIGITAL CP|WALMART INC CMN|XCEL ENERGY CMN"
2026-06-29,2026-07-06,102,AAPL|ABNB|ADBE|ADI|ADP|ADSK|AEP|ALAB|ALNY|AMAT|AMD|AMGN|AMZN|APP|ARM|ASML|AVGO|AXON|BKNG|BKR|CCEP|CDNS|CEG|CMCSA|COST|CPRT|CRWD|CRWV|CSCO|CSX|CTAS|DASH|DDOG|DXCM|EA|EXC|FANG|FAST|FER|FTNT|GEHC|GILD|GOOG|GOOGL|HON|HONA|IDXX|INTC|INTU|ISRG|KDP|KHC|KLAC|LIN|LITE|LRCX|MAR|MCHP|MDLZ|MELI|META|MNST|MPWR|MRVL|MSFT|MSTR|MU|NBIS|NFLX|NVDA|NXPI|ODFL|ORLY|PANW|PAYX|PCAR|PDD|PEP|PLTR|PYPL|QCOM|REGN|RKLB|ROP|ROST|SBUX|SHOP|SNDK|SNPS|STX|TER|TMUS|TRI|TSLA|TTWO|TXN|VRTX|WBD|WDAY|WDC|WMT|XEL,"APPLE INC.|AIRBNB, INC CL A CMN|ADOBE INC.|ANALOG DEVICES CMN|AUTOMATIC DATA PROCS|AUTODESK INC|AMER ELC PWR CO CMN|ASTERA LABS, INC.|ALNYLAM PHARMACEUT|APPLIED MATERIALS|ADV MICRO DEVICES|AMGEN|AMAZON.COM INC|APPLOVIN CORP CLA CM|ARM HOLDINGS PLC ADS|ASML HLDG NY REG|BROADCOM INC.|AXON ENTERPRISE, INC|BOOKING HOLDINGS INC|BAKER HUGHES CO|COCA-COLA EUROPACIFI|CADENCE DESIGN SYS|CONSTELLATION EN CM|COMCAST CORP A|COSTCO WHOLESALE|COPART, INC.|CROWDSTRIKE HLD CM A|COREWEAVE CL A CS|CISCO SYSTEMS INC.|CSX CORPORATION|CINTAS CORP|DOORDASH, INC. CL A|DATADOG INC.L A CMN|DEXCOM|ELECTRONIC ARTS INC|EXELON CORP CMN STK|DIAMONDBACK ENERGY|FASTENAL CO|FERROVIAL N.V. OS|FORTINET, INC.|GE HEALTHCARE CM|GILEAD SCIENCES, INC|ALPHABET CL C CAP|ALPHABET CL A CMN|HONEYWELL INTL INC|HNYWLL AEROSPACE|IDEXX LABORATORIES|INTEL CORP|INTUIT INC|INTUITIVE SURG, INC.|KEURIG DR PEPPER INC|KRAFT HEINZ CO CMN|KLA CP CMN STK|LINDE PLC|LUMENTUM HLD CM|LAM RESEARCH CORP|MARRIOTT INT CL A CM|MICROCHIP TECHNOLOGY|MONDELEZ INTL CMN A|MERCADOLIBRE, INC.|META PLATFORMS, INC.|MONSTER BEVERAGE CP|MONOLITHIC POWER SYS|MARVELL TECH INC CMN|MICROSOFT CORP|STRATEGY INC CL A CS|MICRON TECHNOLOGY|NEBIUS GRP NV ORD A|NETFLIX, INC.|NVIDIA CORPORATION|NXP SEMICONDUCTORS|OLD DOMINION FREIG|O'REILLY AUTOMOTIVE|PALO ALTO NTWKS CM|PAYCHEX, INC.|PACCAR INC.|PDD HOLDINGS INC ADS|PEPSICO INC|PALANTIR TECH CL A|PAYPAL HOLDINGS|QUALCOMM INC|REGENERON PHARMACEUT|ROCKET LAB CORP CMN|ROPER TECH CMN|ROSS STORES, INC.|STARBUCKS CORP|SHOPIFY INC.|SANDISK CP CMN|SYNOPSYS, INC.|SEAGATE TCH HLDGS OR|TERADYNE INC CMN|T-MOBILE US CMN|THOMSON REUTERS CMN|TESLA, INC.|TAKE-TWO INTERACTI|TEXAS INSTRUMENTS|VERTEX PHARMACEUTIC|WRNR BRS DS CM WI|WORKDAY INC CL A|WESTERN DIGITAL CP|WALMART INC CMN|XCEL ENERGY CMN"
2026-07-07,2026-08-04,103,AAPL|ABNB|ADBE|ADI|ADP|ADSK|AEP|ALAB|ALNY|AMAT|AMD|AMGN|AMZN|APP|ARM|ASML|AVGO|AXON|BKNG|BKR|CCEP|CDNS|CEG|CMCSA|COST|CPRT|CRWD|CRWV|CSCO|CSX|CTAS|DASH|DDOG|DXCM|EA|EXC|FANG|FAST|FER|FTNT|GEHC|GILD|GOOG|GOOGL|HON|HONA|IDXX|INTC|INTU|ISRG|KDP|KHC|KLAC|LIN|LITE|LRCX|MAR|MCHP|MDLZ|MELI|META|MNST|MPWR|MRVL|MSFT|MSTR|MU|NBIS|NFLX|NVDA|NXPI|ODFL|ORLY|PANW|PAYX|PCAR|PDD|PEP|PLTR|PYPL|QCOM|REGN|RKLB|ROP|ROST|SBUX|SHOP|SNDK|SNPS|SPCX|STX|TER|TMUS|TRI|TSLA|TTWO|TXN|VRTX|WBD|WDAY|WDC|WMT|XEL,"APPLE INC.|AIRBNB, INC CL A CMN|ADOBE INC.|ANALOG DEVICES CMN|AUTOMATIC DATA PROCS|AUTODESK INC|AMER ELC PWR CO CMN|ASTERA LABS, INC.|ALNYLAM PHARMACEUT|APPLIED MATERIALS|ADV MICRO DEVICES|AMGEN|AMAZON.COM INC|APPLOVIN CORP CLA CM|ARM HOLDINGS PLC ADS|ASML HLDG NY REG|BROADCOM INC.|AXON ENTERPRISE, INC|BOOKING HOLDINGS INC|BAKER HUGHES CO|COCA-COLA EUROPACIFI|CADENCE DESIGN SYS|CONSTELLATION EN CM|COMCAST CORP A|COSTCO WHOLESALE|COPART, INC.|CROWDSTRIKE HLD CM A|COREWEAVE CL A CS|CISCO SYSTEMS INC.|CSX CORPORATION|CINTAS CORP|DOORDASH, INC. CL A|DATADOG INC.L A CMN|DEXCOM|ELECTRONIC ARTS INC|EXELON CORP CMN STK|DIAMONDBACK ENERGY|FASTENAL CO|FERROVIAL N.V. OS|FORTINET, INC.|GE HEALTHCARE CM|GILEAD SCIENCES, INC|ALPHABET CL C CAP|ALPHABET CL A CMN|HONEYWELL INTL INC|HNYWLL AEROSPACE|IDEXX LABORATORIES|INTEL CORP|INTUIT INC|INTUITIVE SURG, INC.|KEURIG DR PEPPER INC|KRAFT HEINZ CO CMN|KLA CP CMN STK|LINDE PLC|LUMENTUM HLD CM|LAM RESEARCH CORP|MARRIOTT INT CL A CM|MICROCHIP TECHNOLOGY|MONDELEZ INTL CMN A|MERCADOLIBRE, INC.|META PLATFORMS, INC.|MONSTER BEVERAGE CP|MONOLITHIC POWER SYS|MARVELL TECH INC CMN|MICROSOFT CORP|STRATEGY INC CL A CS|MICRON TECHNOLOGY|NEBIUS GRP NV ORD A|NETFLIX, INC.|NVIDIA CORPORATION|NXP SEMICONDUCTORS|OLD DOMINION FREIG|O'REILLY AUTOMOTIVE|PALO ALTO NTWKS CM|PAYCHEX, INC.|PACCAR INC.|PDD HOLDINGS INC ADS|PEPSICO INC|PALANTIR TECH CL A|PAYPAL HOLDINGS|QUALCOMM INC|REGENERON PHARMACEUT|ROCKET LAB CORP CMN|ROPER TECH CMN|ROSS STORES, INC.|STARBUCKS CORP|SHOPIFY INC.|SANDISK CP CMN|SYNOPSYS, INC.|SPACE EXPL TCH CMN A|SEAGATE TCH HLDGS OR|TERADYNE INC CMN|T-MOBILE US CMN|THOMSON REUTERS CMN|TESLA, INC.|TAKE-TWO INTERACTI|TEXAS INSTRUMENTS|VERTEX PHARMACEUTIC|WRNR BRS DS CM WI|WORKDAY INC CL A|WESTERN DIGITAL CP|WALMART INC CMN|XCEL ENERGY CMN"
2026-08-05,2026-08-07,102,AAPL|ABNB|ADBE|ADI|ADP|ADSK|AEP|ALAB|ALNY|AMAT|AMD|AMGN|AMZN|APP|ARM|ASML|AVGO|AXON|BKNG|BKR|CCEP|CDNS|CEG|CMCSA|COST|CPRT|CRWD|CRWV|CSCO|CSX|CTAS|DASH|DDOG|DXCM|EXC|FANG|FAST|FER|FTNT|GEHC|GILD|GOOG|GOOGL|HON|HONA|IDXX|INTC|INTU|ISRG|KDP|KHC|KLAC|LIN|LITE|LRCX|MAR|MCHP|MDLZ|MELI|META|MNST|MPWR|MRVL|MSFT|MSTR|MU|NBIS|NFLX|NVDA|NXPI|ODFL|ORLY|PANW|PAYX|PCAR|PDD|PEP|PLTR|PYPL|QCOM|REGN|RKLB|ROP|ROST|SBUX|SHOP|SNDK|SNPS|SPCX|STX|TER|TMUS|TRI|TSLA|TTWO|TXN|VRTX|WBD|WDAY|WDC|WMT|XEL,"APPLE INC.|AIRBNB, INC CL A CMN|ADOBE INC.|ANALOG DEVICES CMN|AUTOMATIC DATA PROCS|AUTODESK INC|AMER ELC PWR CO CMN|ASTERA LABS, INC.|ALNYLAM PHARMACEUT|APPLIED MATERIALS|ADV MICRO DEVICES|AMGEN|AMAZON.COM INC|APPLOVIN CORP CLA CM|ARM HOLDINGS PLC ADS|ASML HLDG NY REG|BROADCOM INC.|AXON ENTERPRISE, INC|BOOKING HOLDINGS INC|BAKER HUGHES CO|COCA-COLA EUROPACIFI|CADENCE DESIGN SYS|CONSTELLATION EN CM|COMCAST CORP A|COSTCO WHOLESALE|COPART, INC.|CROWDSTRIKE HLD CM A|COREWEAVE CL A CS|CISCO SYSTEMS INC.|CSX CORPORATION|CINTAS CORP|DOORDASH, INC. CL A|DATADOG INC.L A CMN|DEXCOM|EXELON CORP CMN STK|DIAMONDBACK ENERGY|FASTENAL CO|FERROVIAL N.V. OS|FORTINET, INC.|GE HEALTHCARE CM|GILEAD SCIENCES, INC|ALPHABET CL C CAP|ALPHABET CL A CMN|HONEYWELL INTL INC|HNYWLL AEROSPACE|IDEXX LABORATORIES|INTEL CORP|INTUIT INC|INTUITIVE SURG, INC.|KEURIG DR PEPPER INC|KRAFT HEINZ CO CMN|KLA CP CMN STK|LINDE PLC|LUMENTUM HLD CM|LAM RESEARCH CORP|MARRIOTT INT CL A CM|MICROCHIP TECHNOLOGY|MONDELEZ INTL CMN A|MERCADOLIBRE, INC.|META PLATFORMS, INC.|MONSTER BEVERAGE CP|MONOLITHIC POWER SYS|MARVELL TECH INC CMN|MICROSOFT CORP|STRATEGY INC CL A CS|MICRON TECHNOLOGY|NEBIUS GRP NV ORD A|NETFLIX, INC.|NVIDIA CORPORATION|NXP SEMICONDUCTORS|OLD DOMINION FREIG|O'REILLY AUTOMOTIVE|PALO ALTO NTWKS CM|PAYCHEX, INC.|PACCAR INC.|PDD HOLDINGS INC ADS|PEPSICO INC|PALANTIR TECH CL A|PAYPAL HOLDINGS|QUALCOMM INC|REGENERON PHARMACEUT|ROCKET LAB CORP CMN|ROPER TECH CMN|ROSS STORES, INC.|STARBUCKS CORP|SHOPIFY INC.|SANDISK CP CMN|SYNOPSYS, INC.|SPACE EXPL TCH CMN A|SEAGATE TCH HLDGS OR|TERADYNE INC CMN|T-MOBILE US CMN|THOMSON REUTERS CMN|TESLA, INC.|TAKE-TWO INTERACTI|TEXAS INSTRUMENTS|VERTEX PHARMACEUTIC|WRNR BRS DS CM WI|WORKDAY INC CL A|WESTERN DIGITAL CP|WALMART INC CMN|XCEL ENERGY CMN"
