Date,Close
2000-06-30,100.0
2000-07-01,99.97016055351799
2000-07-02,99.94044118097693
2000-07-03,101.14843765389318
2000-07-04,101.11895685468582
2000-07-05,96.68493573882299
2000-07-06,99.30717701701181
2000-07-07,100.53678657323886
2000-07-08,100.5077766907587
2000-07-09,100.4788832536375
2000-07-10,98.21404302633975
2000-07-11,97.09734629300901
2000-07-12,100.45480510953871
2000-07-13,102.22747388688198
2000-07-14,104.28334983267894
2000-07-15,104.25514446655278
2000-07-16,104.22705203392013
2000-07-17,105.51068950497987
2000-07-18,103.05044601840495
2000-07-19,100.29714207740221
2000-07-20,104.47040223176937
2000-07-21,102.66086500198199
2000-07-22,102.63343990975463
2000-07-23,102.60612435195688
2000-07-24,100.35423180973041
2000-07-25,102.26999671356548
2000-07-26,101.53499410851049
2000-07-27,98.6275509798936
2000-07-28,93.95983241191344
2000-07-29,93.93316412932387
2000-07-30,93.90660209112124
2000-07-31,96.28175153612219
2000-08-01,94.30859314650576
2000-08-02,92.61798145588898
2000-08-03,95.84497796250875
2000-08-04,95.67099182263719
2000-08-05,95.67484302086474
2000-08-06,95.67877736263542
2000-08-07,97.78891666184374
2000-08-08,98.10136045377868
2000-08-09,98.76686456466649
2000-08-10,96.47200379842329
2000-08-11,97.36430595538347
2000-08-12,97.36874894471009
2000-08-13,97.37327837196835
2000-08-14,99.48591124527232
2000-08-15,99.53119935438323
2000-08-16,100.01700823324575
2000-08-17,102.13356150744707
2000-08-18,101.90399218753097
2000-08-19,101.90905054471878
2000-08-20,101.91419880779208
2000-08-21,102.73221896600056
2000-08-22,102.78576992110749
2000-08-23,104.62241706340708
2000-08-24,105.72143167718389
2000-08-25,104.84561567004953
2000-08-26,104.8513142116191
2000-08-27,104.85710630893706
2000-08-28,105.47103762103816
2000-08-29,105.9660076752363
2000-08-30,105.8403330785217
2000-08-31,108.66413349395921
2000-09-01,108.57172731184735
2000-09-02,108.53977926393924
2000-09-03,108.50803844294595
2000-09-04,108.47650360582394
2000-09-05,105.3090128093793
2000-09-06,101.49067501806235
2000-09-07,104.38542781671616
2000-09-08,100.9321480330656
2000-09-09,100.90162473295175
2000-09-10,100.87130011579262
2000-09-11,98.27488832968278
2000-09-12,96.88331442168347
2000-09-13,98.13515118007187
2000-09-14,97.77844215924813
2000-09-15,96.45840490904223
2000-09-16,96.42924763051928
2000-09-17,96.40028084858783
2000-09-18,94.27164606026862
2000-09-19,98.96640333229627
2000-09-20,100.69707243410252
2000-09-21,97.8124061980683
2000-09-22,97.13247100055882
2000-09-23,97.10479506224169
2000-09-24,97.07730065135542
2000-09-25,94.0664798131417
2000-09-26,93.29835261152614
2000-09-27,92.65392921919076
2000-09-28,95.54553909732414
2000-09-29,91.12001516558888
2000-09-30,91.07269752170052
2000-10-01,91.02572876370682
2000-10-02,88.7878461437858
2000-10-03,86.30779623900101
2000-10-04,88.512355524946
2000-10-05,88.0371052451324
2000-10-06,85.43118814798666
2000-10-07,85.38625840176756
2000-10-08,85.34165962316443
2000-10-09,84.80524154769316
2000-10-10,81.35910678519559
2000-10-11,79.50048216081376
2000-10-12,77.61608944086093
2000-10-13,84.59134095160975
2000-10-14,84.54867650834504
2000-10-15,84.50632604915103
2000-10-16,83.66078291680645
2000-10-17,81.84105570147574
2000-10-18,81.09595748305071
2000-10-19,87.9846962292005
2000-10-20,89.46800498134401
2000-10-21,89.42748963957169
2000-10-22,89.38727218361615
2000-10-23,88.11597584404339
2000-10-24,85.8861586856037
2000-10-25,79.08680198006445
2000-10-26,81.21231403767212
2000-10-27,80.77417062444945
2000-10-28,80.73569423789075
2000-10-29,80.69750047739109
2000-10-30,77.4580879083711
2000-10-31,82.33965408724254
2000-11-01,80.58332303563267
2000-11-02,82.270356635724
2000-11-03,83.26058004796914
2000-11-04,83.19424270874006
2000-11-05,83.12896296421783
2000-11-06,82.19745589261824
2000-11-07,81.8534997931504
2000-11-08,76.054029942678
2000-11-09,76.71025942059931
2000-11-10,72.41156984436297
2000-11-11,72.35225113498126
2000-11-12,72.2938650406929
2000-11-13,71.67429906086127
2000-11-14,76.5727225329737
2000-11-15,77.0422869141596
2000-11-16,73.76053751467651
2000-11-17,74.51774414285464
2000-11-18,74.46461748698601
2000-11-19,74.41231414445667
2000-11-20,70.7216214158046
2000-11-21,70.91780665179077
2000-11-22,68.15872545775777
2000-11-23,68.1095734977483
2000-11-24,71.68341427525621
2000-11-25,71.63575657024933
2000-11-26,71.58882651943877
2000-11-27,70.14519641284485
2000-11-28,66.68835404441447
2000-11-29,66.06291989513159
2000-11-30,63.29134673972368
2000-12-01,63.855655538384
2000-12-02,63.84349770794917
2000-12-03,63.83147019705495
2000-12-04,64.26313748630427
2000-12-05,71.78525133870788
2000-12-06,68.679670492484
2000-12-07,67.81035952046756
2000-12-08,71.08669830657111
2000-12-09,71.07543731024406
2000-12-10,71.0643015626901
2000-12-11,73.18548753139162
2000-12-12,70.8287207063986
2000-12-13,67.76091324579613
2000-12-14,65.28590907643179
2000-12-15,62.453691565966274
2000-12-16,62.443292893258885
2000-12-17,62.433014723898864
2000-12-18,62.24928648272342
2000-12-19,59.14250560614896
2000-12-20,55.085181159589055
2000-12-21,55.6037217322763
2000-12-22,60.61819215739301
2000-12-23,60.60687608542873
2000-12-24,60.595647533476445
2000-12-25,60.58450582464468
2000-12-26,59.801349728625354
2000-12-27,61.326204416069885
2000-12-28,61.039213910941385
2000-12-29,58.04439447381077
2000-12-30,58.0581807208133
2000-12-31,58.07210412283758
2001-01-01,58.08616604439567
2001-01-02,53.47636439344251
2001-01-03,62.858724344881495
2001-01-04,61.44222958616478
2001-01-05,56.87747796162752
2001-01-06,56.89225342841886
2001-01-07,56.907175891667535
2001-01-08,57.59667199605934
2001-01-09,58.08776136036097
2001-01-10,59.7622942370362
2001-01-11,62.16706287914565
2001-01-12,61.5973070882462
2001-01-13,61.61314275540508
2001-01-14,61.629135966620254
2001-01-15,61.645288289247816
2001-01-16,61.077265632372786
2001-01-17,63.27450257079493
2001-01-18,66.17527644725199
2001-01-19,65.99982179084391
2001-01-20,66.0167937320968
2001-01-21,66.03393452183846
2001-01-22,65.86665439183228
2001-01-23,67.47867244353662
2001-01-24,67.46160439165993
2001-01-25,64.68180564921364
2001-01-26,65.51537734793368
2001-01-27,65.53356709560909
2001-01-28,65.55193780734511
2001-01-29,66.60927328364915
2001-01-30,66.50612242303282
2001-01-31,64.3131651057354
2001-02-01,64.90323419617084
2001-02-02,61.8422545837336
2001-02-03,61.81866645304106
2001-02-04,61.795375377759406
2001-02-05,61.29287051005112
2001-02-06,61.53202546434089
2001-02-07,60.13842598296206
2001-02-08,58.733890843961035
2001-02-09,56.272732869041434
2001-02-10,56.2511471946519
2001-02-11,56.22983335788521
2001-02-12,56.65430192716743
2001-02-13,54.88452957024535
2001-02-14,57.19433574972926
2001-02-15,59.13620194738436
2001-02-16,55.38799355713422
2001-02-17,55.36824034544804
2001-02-18,55.348735894398715
2001-02-19,55.32947707123725
2001-02-20,52.25387324278431
2001-02-21,51.27822007343997
2001-02-22,50.80560040955482
2001-02-23,50.94725297346744
2001-02-24,50.92917666207323
2001-02-25,50.91132799339383
2001-02-26,51.606650771045295
2001-02-27,48.766547191279244
2001-02-28,47.31537276296734
2001-03-01,48.96396268935067
2001-03-02,46.91427041300957
2001-03-03,46.892107280534105
2001-03-04,46.87032148721155
2001-03-05,48.14050034013053
2001-03-06,49.60001854897327
2001-03-07,49.79144166112761
2001-03-08,48.696814047054275
2001-03-09,45.16485865485216
2001-03-10,45.14520574778281
2001-03-11,45.125887441939796
2001-03-12,41.97100688252658
2001-03-13,44.82860303427374
2001-03-14,43.90783879220974
2001-03-15,43.0956433925726
2001-03-16,41.97642449842313
2001-03-17,41.95899750534333
2001-03-18,41.941867216116826
2001-03-19,43.68176742644056
2001-03-20,40.81783670936648
2001-03-21,40.75985799660914
2001-03-22,42.98386177111105
2001-03-23,43.40041448743726
2001-03-24,43.38992673003882
2001-03-25,43.37970548643446
2001-03-26,42.45035006552857
2001-03-27,43.448235055111624
2001-03-28,40.438128332778966
2001-03-29,39.50319838861525
2001-03-30,39.40259771380947
2001-03-31,39.4047850009364
2001-04-01,39.4069849476201
2001-04-02,38.21548978716703
2001-04-03,35.6818495518294
2001-04-04,34.88418342655001
2001-04-05,38.20930103121831
2001-04-06,36.40068174467729
2001-04-07,36.40295864480574
2001-04-08,36.40524853830756
2001-04-09,36.90798585616976
2001-04-10,39.4530582514637
2001-04-11,41.304948611444786
2001-04-12,43.00412668818416
2001-04-13,43.006482279295675
2001-04-14,43.00885115744885
2001-04-15,43.01123337227759
2001-04-16,41.44143490767313
2001-04-17,42.009069046005365
2001-04-18,46.276006949581266
2001-04-19,49.24127368410224
2001-04-20,48.7892342835863
2001-04-21,48.79169757197939
2001-04-22,48.794174550101495
2001-04-23,45.777312395208696
2001-04-24,44.33463972895999
2001-04-25,45.1864147136441
2001-04-26,43.693228765871
2001-04-27,44.65402049925589
2001-04-28,44.65658069917794
2001-04-29,44.65915495190683
2001-04-30,45.654015855047675
2001-05-01,46.997433303854706
2001-05-02,48.05573278509591
2001-05-03,46.10756388201514
2001-05-04,47.27756776846911
2001-05-05,47.276208285739955
2001-05-06,47.274849758531374
2001-05-07,46.94939221404868
2001-05-08,47.7992986503266
2001-05-09,46.43720982144054
2001-05-10,45.546977122173075
2001-05-11,45.199530766503614
2001-05-12,45.19817795829654
2001-05-13,45.19682610090715
2001-05-14,44.57837412001287
2001-05-15,44.55998261315803
2001-05-16,46.67317398244329
2001-05-17,47.006472786682195
2001-05-18,47.132456988179825
2001-05-19,47.13111082164426
2001-05-20,47.1297656012467
2001-05-21,50.07949612984194
2001-05-22,49.96546915554795
2001-05-23,48.21648975971483
2001-05-24,49.141553213149706
2001-05-25,48.23771619597646
2001-05-26,48.236376638423906
2001-05-27,48.23503802235276
2001-05-28,48.233700347099656
2001-05-29,46.44967764553812
2001-05-30,44.231046276326154
2001-05-31,44.58254770168662
2001-06-01,45.644757427153706
2001-06-02,45.63932781851197
2001-06-03,45.63397162457052
2001-06-04,45.72730467603913
2001-06-05,47.62524773233576
2001-06-06,47.04951022760254
2001-06-07,48.51151479632287
2001-06-08,46.9947746088515
2001-06-09,46.989849077466204
2001-06-10,46.98499372265228
2001-06-11,45.851982537709674
2001-06-12,45.79846362838191
2001-06-13,44.33223847549037
2001-06-14,42.67965422594392
2001-06-15,42.2058828839789
2001-06-16,42.20143933759641
2001-06-17,42.197062919288406
2001-06-18,41.6315938592858
2001-06-19,41.81825436273509
2001-06-20,42.39807806789241
2001-06-21,42.95376295364044
2001-06-22,42.6788346984672
2001-06-23,42.6749126841787
2001-06-24,42.67105395563443
2001-06-25,43.19743663108642
2001-06-26,43.40542072526264
2001-06-27,43.39635010463003
2001-06-28,44.530513365920086
2001-06-29,44.68363990358172
2001-06-30,44.68184707214759
2001-07-01,44.68005662053675
2001-07-02,44.88823985076535
2001-07-03,45.27705827981317
2001-07-04,45.2752749465774
2001-07-05,43.629105600323356
2001-07-06,41.79186949222267
2001-07-07,41.79009324583266
2001-07-08,41.78831935474308
2001-07-09,42.484871316977674
2001-07-10,40.94423406427258
2001-07-11,41.45666964922019
2001-07-12,44.047334517906876
2001-07-13,44.20136378594625
2001-07-14,44.19960395372722
2001-07-15,44.19784645254752
2001-07-16,42.84466448064209
2001-07-17,43.731380568431845
2001-07-18,42.7771971757264
2001-07-19,43.848233923516815
2001-07-20,43.3043386518067
2001-07-21,43.3025950647093
2001-07-22,43.30085378464905
2001-07-23,41.97901195400851
2001-07-24,41.46151483643026
2001-07-25,42.09379110336317
2001-07-26,42.92580146097835
2001-07-27,42.97175173655976
2001-07-28,42.970024227338726
2001-07-29,42.96829900140881
2001-07-30,42.848344469122885
2001-07-31,43.09666458064566
2001-08-01,44.180381222720015
2001-08-02,44.92495502449887
2001-08-03,44.3554690190805
2001-08-04,44.3445436081804
2001-08-05,44.33371395851909
2001-08-06,43.77082559124909
2001-08-07,43.54680462043737
2001-08-08,41.94872327462802
2001-08-09,42.046865564314494
2001-08-10,41.90008717730538
2001-08-11,41.889812680859905
2001-08-12,41.87962756118054
2001-08-13,42.69858776269692
2001-08-14,42.12889305514116
2001-08-15,40.76768345563285
2001-08-16,41.19664619009734
2001-08-17,39.4884932018915
2001-08-18,39.47882626781381
2001-08-19,39.46924276638254
2001-08-20,39.92083334300055
2001-08-21,38.53003990675506
2001-08-22,39.398738100494676
2001-08-23,39.07975328466782
2001-08-24,41.167805764669595
2001-08-25,41.15870603008099
2001-08-26,41.149684193707245
2001-08-27,41.08767211330128
2001-08-28,39.82423348930641
2001-08-29,39.21144921878545
2001-08-30,37.79462288022357
2001-08-31,38.15555620472364
2001-09-01,38.15222449259203
2001-09-02,38.14900598785349
2001-09-03,38.14589975611292
2001-09-04,37.08662646313453
2001-09-05,37.068363435376
2001-09-06,35.69195252004114
2001-09-07,35.46316162145365
2001-09-08,35.46060320377701
2001-09-09,35.458151729712746
2001-09-10,35.77431942598825
2001-09-11,35.77207932140368
2001-09-12,35.76994366743414
2001-09-13,35.76791165760564
2001-09-14,35.76598249748673
2001-09-15,35.76415540455889
2001-09-16,35.76242960808865
2001-09-17,33.068910543219665
2001-09-18,32.46097046228277
2001-09-19,31.869204005717073
2001-09-20,30.800756361105343
2001-09-21,29.64425312278817
2001-09-22,29.64311956389924
2001-09-23,29.642082225897855
2001-09-24,31.25798803718005
2001-09-25,31.48312021738966
2001-09-26,30.695918874407802
2001-09-27,30.694694998594223
2001-09-28,31.241195106310776
2001-09-29,31.236917533614765
2001-09-30,31.23265339354692
2001-10-01,30.934935293176352
2001-10-02,31.00362422657678
2001-10-03,33.137446356728695
2001-10-04,33.278368155353526
2001-10-05,33.588419297406176
2001-10-06,33.58423485872329
2001-10-07,33.580063555820175
2001-10-08,33.831651092334425
2001-10-09,32.790172327055096
2001-10-10,34.21270155365062
2001-10-11,36.24653456913792
2001-10-12,36.265678519059804
2001-10-13,36.26158515646354
2001-10-14,36.25750463944047
2001-10-15,35.81962635567919
2001-10-16,36.28924479266744
2001-10-17,34.386726579369395
2001-10-18,34.54729893670843
2001-10-19,34.95500864796378
2001-10-20,34.95100434956807
2001-10-21,34.94701261303071
2001-10-22,35.92173105456564
2001-10-23,35.99283299670662
2001-10-24,36.712480955507274
2001-10-25,37.85297343277384
2001-10-26,37.494738767919785
2001-10-27,37.49082156683848
2001-10-28,37.48691665024565
2001-10-29,35.580768150415814
2001-10-30,34.88390628904264
2001-10-31,35.47725002061599
2001-11-01,37.05311353472587
2001-11-02,37.321460623724604
2001-11-03,37.32802786185976
2001-11-04,37.33464490378043
2001-11-05,38.38792622198259
2001-11-06,39.5124254059358
2001-11-07,39.58919744892537
2001-11-08,39.268457052331726
2001-11-09,39.21182349166464
2001-11-10,39.21874909394948
2001-11-11,39.2257277884581
2001-11-12,39.532521812472
2001-11-13,40.73160602575108
2001-11-14,40.93172833011201
2001-11-15,40.84767657884434
2001-11-16,40.745390538598095
2001-11-17,40.75269820896054
2001-11-18,40.7600624913171
2001-11-19,41.421097728877406
2001-11-20,40.074210645793805
2001-11-21,40.06918420164537
2001-11-22,40.0767802099
2001-11-23,40.669999270113735
2001-11-24,40.677714380822685
2001-11-25,40.68548987118596
2001-11-26,41.583347479609444
2001-11-27,41.22041409609937
2001-11-28,40.15056184522946
2001-11-29,41.19946036994148
2001-11-30,41.326300573116896
2001-12-01,41.3258224120249
2001-12-02,41.32534552427154
2001-12-03,40.83531891152492
2001-12-04,42.13532855786845
2001-12-05,44.1189425315402
2001-12-06,44.044561324791516
2001-12-07,42.97963015814341
2001-12-08,42.97916089490895
2001-12-09,42.978692899853314
2001-12-10,42.26822083580403
2001-12-11,42.45440078075781
2001-12-12,42.70046456380256
2001-12-13,40.9661585277535
2001-12-14,41.20237606248581
2001-12-15,41.20191566116574
2001-12-16,41.20145652292316
2001-12-17,41.829073201743896
2001-12-18,42.02021368652191
2001-12-19,41.382205023085106
2001-12-20,39.761913076680976
2001-12-21,40.12178422144112
2001-12-22,40.12133264650071
2001-12-23,40.120882329594615
2001-12-24,39.99179293920437
2001-12-25,39.99092074282126
2001-12-26,40.310427590966626
2001-12-27,40.6653047007355
2001-12-28,40.910643070340285
2001-12-29,40.90977448446035
2001-12-30,40.90890679886849
2001-12-31,39.816989667266746
2002-01-01,39.807952407544924
2002-01-02,40.74477094661911
2002-01-03,42.33715027727098
2002-01-04,42.46586865751101
2002-01-05,42.45721615529119
2002-01-06,42.448657255171
2002-01-07,41.836561438512256
2002-01-08,42.33634367218194
2002-01-09,42.11581039766437
2002-01-10,42.17369287551894
2002-01-11,41.67755385774868
2002-01-12,41.66953568531041
2002-01-13,41.66160425284126
2002-01-14,41.1737841564925
2002-01-15,41.46645560729888
2002-01-16,40.20479031095713
2002-01-17,41.15308960557942
2002-01-18,39.72370402048463
2002-01-19,39.7162736740234
2002-01-20,39.708923708475346
2002-01-21,39.70165325428597
2002-01-22,38.35412126119746
2002-01-23,39.37624507120139
2002-01-24,39.68142313635731
2002-01-25,39.74386629978532
2002-01-26,39.736980684770295
2002-01-27,39.73016955780581
2002-01-28,39.96021419041972
2002-01-29,38.70250064950716
2002-01-30,39.42037759417694
2002-01-31,39.8870652355348
2002-02-01,39.249621041402555
2002-02-02,39.24354024153841
2002-02-03,39.2375220977616
2002-02-04,38.25347147994154
2002-02-05,37.96768015213067
2002-02-06,37.65031996448914
2002-02-07,36.71242928596444
2002-02-08,37.355931117942234
2002-02-09,37.350275583461666
2002-02-10,37.34467832316709
2002-02-11,38.11479747530561
2002-02-12,37.69256974485451
2002-02-13,38.33137362996652
2002-02-14,38.09933722862441
2002-02-15,37.20840703119478
2002-02-16,37.20314702083832
2002-02-17,37.19794120921815
2002-02-18,37.19278903787472
2002-02-19,36.014622620440676
2002-02-20,36.56795835827476
2002-02-21,34.83283124032361
2002-02-22,35.00364785528782
2002-02-23,34.99875570777372
2002-02-24,34.99391396856588
2002-02-25,36.43723155029561
2002-02-26,36.06927679683922
2002-02-27,35.45194681153639
2002-02-28,35.08175962177084
2002-03-01,36.88104082137163
2002-03-02,36.87930605363327
2002-03-03,36.87757805721111
2002-03-04,37.951757544517214
2002-03-05,38.195994873397055
2002-03-06,38.61611959875713
2002-03-07,38.4837101986563
2002-03-08,39.764127492356
2002-03-09,39.76243957238789
2002-03-10,39.760758240875134
2002-03-11,39.43702518531543
2002-03-12,38.65679093502348
2002-03-13,37.69552477065813
2002-03-14,37.42877471058469
2002-03-15,37.87560491422928
2002-03-16,37.87396257689745
2002-03-17,37.872326650098344
2002-03-18,38.12292788036084
2002-03-19,38.2636781629225
2002-03-20,37.01316382545279
2002-03-21,37.87367741253814
2002-03-22,37.42724939858255
2002-03-23,37.42724939858255
2002-03-24,37.42724939858255
2002-03-25,36.4818301927516
2002-03-26,36.835279955421235
2002-03-27,36.63077401308351
2002-03-28,36.97948328083494
2002-03-29,36.97948328083494
2002-03-30,36.97948328083494
2002-03-31,36.97948328083494
2002-04-01,37.691297874582844
2002-04-02,36.22873570996387
2002-04-03,35.95692574571192
2002-04-04,36.15454262848263
2002-04-05,35.67542534820664
2002-04-06,35.67542534820664
2002-04-07,35.67542534820664
2002-04-08,36.084342981281864
2002-04-09,34.86526387241799
2002-04-10,35.51582293729933
2002-04-11,34.55229601075953
2002-04-12,35.085456662396496
2002-04-13,35.085456662396496
2002-04-14,35.085456662396496
2002-04-15,35.1028497791551
2002-04-16,36.55738177221288
2002-04-17,36.52640694773223
2002-04-18,36.18308194305647
2002-04-19,35.99274142404742
2002-04-20,35.99274142404742
2002-04-21,35.99274142404742
2002-04-22,35.20993220341731
2002-04-23,34.36824596868162
2002-04-24,33.89629980391968
2002-04-25,33.95315221443844
2002-04-26,32.66011276826248
2002-04-27,32.66011276826248
2002-04-28,32.66011276826248
2002-04-29,32.62279407759477
2002-04-30,33.1946864901806
2002-05-01,32.8538270954807
2002-05-02,31.824889352309853
2002-05-03,30.859316937064825
2002-05-04,30.859316937064825
2002-05-05,30.859316937064825
2002-05-06,30.084005376366644
2002-05-07,30.081341998776075
2002-05-08,33.33517083535069
2002-05-09,32.24669576409719
2002-05-10,30.94652652873533
2002-05-11,30.94652652873533
2002-05-12,30.94652652873533
2002-05-13,32.37812348643844
2002-05-14,34.00831418696058
2002-05-15,34.23084769147031
2002-05-16,34.495780683254765
2002-05-17,34.70803651256589
2002-05-18,34.70803651256589
2002-05-19,34.70803651256589
2002-05-20,33.84131557590453
2002-05-21,33.029592990122474
2002-05-22,33.344738646632315
2002-05-23,33.96104295919195
2002-05-24,32.91824036044011
2002-05-25,32.91824036044011
2002-05-26,32.91824036044011
2002-05-27,32.91824036044011
2002-05-28,32.705839210053895
2002-05-29,31.975649305584152
2002-05-30,32.18689689961284
2002-05-31,31.701633287430234
2002-06-01,31.701633287430234
2002-06-02,31.701633287430234
2002-06-03,30.51514748902635
2002-06-04,31.145397279929202
2002-06-05,31.661240948772708
2002-06-06,30.755089062454147
2002-06-07,30.061178187133045
2002-06-08,30.061178187133045
2002-06-09,30.061178187133045
2002-06-10,30.01607537309483
2002-06-11,29.187884337605798
2002-06-12,30.185151857496248
2002-06-13,29.7239937385514
2002-06-14,29.79292422451217
2002-06-15,29.79292422451217
2002-06-16,29.79292422451217
2002-06-17,30.839294657474206
2002-06-18,30.553576927398552
2002-06-19,29.343611649576772
2002-06-20,28.35845231063894
2002-06-21,27.627954302213475
2002-06-22,27.627954302213475
2002-06-23,27.627954302213475
2002-06-24,28.443737712486975
2002-06-25,27.68320831550352
2002-06-26,28.0887925423715
2002-06-27,28.744607423196413
2002-06-28,28.689839393082018
2002-06-29,28.689839393082018
2002-06-30,28.689839393082018
2002-07-01,27.420280627405873
2002-07-02,26.492176268252543
2002-07-03,27.231464495999532
2002-07-04,27.231464495999532
2002-07-05,28.922366919968383
2002-07-06,28.922366919968383
2002-07-07,28.922366919968383
2002-07-08,27.6377039397044
2002-07-09,27.132878119199724
2002-07-10,26.337723040556085
2002-07-11,27.351547944539675
2002-07-12,27.41500809916556
2002-07-13,27.41500809916556
2002-07-14,27.41500809916556
2002-07-15,27.83173786896426
2002-07-16,27.520549098452395
2002-07-17,28.09616656927907
2002-07-18,27.244187065212373
2002-07-19,26.56526262512154
2002-07-20,26.56526262512154
2002-07-21,26.56526262512154
2002-07-22,25.713514925185535
2002-07-23,24.425201654790406
2002-07-24,25.85032519218184
2002-07-25,24.483144826790124
2002-07-26,25.045377673391123
2002-07-27,25.045377673391123
2002-07-28,25.045377673391123
2002-07-29,26.50217975040038
2002-07-30,26.76818331540044
2002-07-31,26.5173790089273
2002-08-01,25.175288035446787
2002-08-02,24.60255445125945
2002-08-03,24.60255445125945
2002-08-04,24.60255445125945
2002-08-05,23.699897572218248
2002-08-06,24.847244297503003
2002-08-07,25.46145937081799
2002-08-08,26.361404462311235
2002-08-09,26.035858310104988
2002-08-10,26.035858310104988
2002-08-11,26.035858310104988
2002-08-12,26.078960081568525
2002-08-13,25.28027797135347
2002-08-14,26.885734994204224
2002-08-15,27.160496143519474
2002-08-16,27.56200749884698
2002-08-17,27.56200749884698
2002-08-18,27.56200749884698
2002-08-19,28.334876467399763
2002-08-20,27.858779251669347
2002-08-21,28.507789644240937
2002-08-22,28.878303304477406
2002-08-23,27.903592234602332
2002-08-24,27.903592234602332
2002-08-25,27.903592234602332
2002-08-26,27.966345866705726
2002-08-27,26.94903576451874
2002-08-28,26.189753602282835
2002-08-29,26.64767947493882
2002-08-30,26.180556922914874
2002-08-31,26.180556922914874
2002-09-01,26.180556922914874
2002-09-02,26.180556922914874
2002-09-03,25.09242930527607
2002-09-04,25.57729427454614
2002-09-05,24.638008975669564
2002-09-06,25.697140749564525
2002-09-07,25.697140749564525
2002-09-08,25.697140749564525
2002-09-09,25.954252082819856
2002-09-10,26.4403486081366
2002-09-11,26.31293733797816
2002-09-12,25.454544427877238
2002-09-13,25.759522544672986
2002-09-14,25.759522544672986
2002-09-15,25.759522544672986
2002-09-16,25.388536799761084
2002-09-17,25.07713298755383
2002-09-18,24.897512985738913
2002-09-19,24.22710041228733
2002-09-20,24.372409019598024
2002-09-21,24.372409019598024
2002-09-22,24.372409019598024
2002-09-23,23.579182593693034
2002-09-24,23.64169593564696
2002-09-25,24.494232724099998
2002-09-26,24.39352207437436
2002-09-27,24.065192884528237
2002-09-28,24.06507573606719
2002-09-29,24.064958617515273
2002-09-30,23.293425171112155
2002-10-01,24.388176276561097
2002-10-02,23.8726739412552
2002-10-03,23.42772818635664
2002-10-04,22.927513896542308
2002-10-05,22.933808329449754
2002-10-06,22.94018481227345
2002-10-07,22.7221940376351
2002-10-08,22.827293935985068
2002-10-09,22.712610349543468
2002-10-10,23.831121403901896
2002-10-11,24.887294675779657
2002-10-12,24.894186412953978
2002-10-13,24.901167986093867
2002-10-14,25.172127634145333
2002-10-15,26.495731553491176
2002-10-16,25.40494042759456
2002-10-17,26.108997506758563
2002-10-18,26.53806973893378
2002-10-19,26.545615460999336
2002-10-20,26.553259543929585
2002-10-21,27.10487189797565
2002-10-22,26.75611846799429
2002-10-23,27.466968161906976
2002-10-24,26.731862103579395
2002-10-25,27.7616860739005
2002-10-26,27.76994784013599
2002-10-27,27.778317301097545
2002-10-28,27.295684523845658
2002-10-29,27.037328197855796
2002-10-30,27.6947622254754
2002-10-31,27.955826886318363
2002-11-01,28.421325344661977
2002-11-02,28.426050667485388
2002-11-03,28.430808364489728
2002-11-04,29.213263252507602
2002-11-05,29.326412913881093
2002-11-06,29.59915045517912
2002-11-07,28.69943712894186
2002-11-08,28.33388792742472
2002-11-09,28.338844580915858
2002-11-10,28.343835193483002
2002-11-11,27.488655887889866
2002-11-12,28.179829259292443
2002-11-13,28.474843500177485
2002-11-14,29.6384336389903
2002-11-15,29.73867089110592
2002-11-16,29.743870200179472
2002-11-17,29.749105130813483
2002-11-18,29.33280240584826
2002-11-19,28.862365265086286
2002-11-20,29.833549433137655
2002-11-21,30.834657757531346
2002-11-22,30.7728962004292
2002-11-23,30.778350044417017
2002-11-24,30.783841253837547
2002-11-25,31.149101511911375
2002-11-26,30.27747561522675
2002-11-27,31.223391447069403
2002-11-28,31.229034695804366
2002-11-29,31.15295907427862
2002-11-30,31.148421849535545
2002-12-01,31.143909278832872
2002-12-02,31.463116384540598
2002-12-03,30.801195817708525
2002-12-04,30.354976612194605
2002-12-05,29.885984231962127
2002-12-06,30.14417379223392
2002-12-07,30.139806357883053
2002-12-08,30.135462654977953
2002-12-09,28.939719597027157
2002-12-10,29.311699767362946
2002-12-11,29.381464637643745
2002-12-12,29.49357747525749
2002-12-13,28.588677380459526
2002-12-14,28.584473382665884
2002-12-15,28.580292228248375
2002-12-16,29.40441983276026
2002-12-17,29.23682915073832
2002-12-18,28.454720948867923
2002-12-19,28.297487110210056
2002-12-20,28.6192551115804
2002-12-21,28.615208434279925
2002-12-22,28.61118374551899
2002-12-23,29.137038942920405
2002-12-24,28.929748592413276
2002-12-25,28.925851055062324
2002-12-26,28.642178668018317
2002-12-27,28.184742056454105
2002-12-28,28.180907708960845
2002-12-29,28.177094196264925
2002-12-30,27.996989481803446
2002-12-31,27.757653271083207
2003-01-01,27.759629370094082
2003-01-02,28.843488438220554
2003-01-03,28.92744121841457
2003-01-04,28.929434333229512
2003-01-05,28.931433152477013
2003-01-06,29.7046420206943
2003-01-07,29.977523714583203
2003-01-08,29.174167575633668
2003-01-09,30.13291313000022
2003-01-10,30.412363160315024
2003-01-11,30.414396550654118
2003-01-12,30.416435760697112
2003-01-13,30.349122976607994
2003-01-14,30.682608437047364
2003-01-15,30.219989516587013
2003-01-16,29.9669968750678
2003-01-17,28.81783241616128
2003-01-18,28.81990689588524
2003-01-19,28.821987312913762
2003-01-20,28.824073684239828
2003-01-21,28.68915780381791
2003-01-22,28.599104306280125
2003-01-23,29.298839638644694
2003-01-24,28.30518195236808
2003-01-25,28.30729835178358
2003-01-26,28.309420808480695
2003-01-27,28.08106043808653
2003-01-28,28.29317775573
2003-01-29,28.698764268331523
2003-01-30,27.939014758589124
2003-01-31,27.803334415670886
2003-02-01,27.806289719812014
2003-02-02,27.809256601016926
2003-02-03,27.906068952986168
2003-02-04,27.472244141806094
2003-02-05,27.38470813433683
2003-02-06,27.410747333795335
2003-02-07,27.08829670740322
2003-02-08,27.09133400962145
2003-02-09,27.094383210121485
2003-02-10,27.45989263519006
2003-02-11,27.516338334178556
2003-02-12,27.18565094413343
2003-02-13,27.17543642843156
2003-02-14,28.1098302858394
2003-02-15,28.11295186125916
2003-02-16,28.116085665091287
2003-02-17,28.119231745239187
2003-02-18,28.96358924964355
2003-02-19,28.754159039867925
2003-02-20,28.61275252828564
2003-02-21,29.053181663001485
2003-02-22,29.05638984987296
2003-02-23,29.0596106044472
2003-02-24,28.567171940880506
2003-02-25,28.512363150718812
2003-02-26,27.77625705182684
2003-02-27,28.322678878134525
2003-02-28,28.752243463616654
2003-03-01,28.750880301802617
2003-03-02,28.749519347716678
2003-03-03,28.308318972363427
2003-03-04,28.134201219988576
2003-03-05,28.472920347811268
2003-03-06,28.22632676737021
2003-03-07,28.276072759854856
2003-03-08,28.27472497725315
2003-03-09,28.27337937747191
2003-03-10,27.666222143599615
2003-03-11,27.538160563431582
2003-03-12,27.893670819386386
2003-03-13,29.473337109326025
2003-03-14,29.481652208408843
2003-03-15,29.480319631510955
2003-03-16,29.478989212806926
2003-03-17,30.65136255990805
2003-03-18,30.74507991155887
2003-03-19,30.524216188213785
2003-03-20,30.59067270400744
2003-03-21,30.927847414328397
2003-03-22,30.92652987158334
2003-03-23,30.92521446268338
2003-03-24,29.74745866288964
2003-03-25,30.163081057849766
2003-03-26,29.988356860068805
2003-03-27,29.819103588098585
2003-03-28,29.429182889009404
2003-03-29,29.427848961952982
2003-03-30,29.42651719527709
2003-03-31,28.657444845698077
2003-04-01,28.893576935185767
2003-04-02,29.911425535752805
2003-04-03,29.87736437591862
2003-04-04,29.557769489157657
2003-04-05,29.56047010180914
2003-04-06,29.5631794978418
2003-04-07,29.668068685613477
2003-04-08,29.44327296419596
2003-04-09,28.84862509061079
2003-04-10,29.163341726004056
2003-04-11,28.904149721604917
2003-04-12,28.90691242108928
2003-04-13,28.909684105883933
2003-04-14,29.572944496062927
2003-04-15,29.683148318529128
2003-04-16,29.882469339888228
2003-04-17,30.5823950199862
2003-04-18,30.58521207159065
2003-04-19,30.588038285278387
2003-04-20,30.590873690847857
2003-04-21,30.469097453681137
2003-04-22,31.01597180558821
2003-04-23,31.270230335996345
2003-04-24,31.068088886874747
2003-04-25,30.33703447295038
2003-04-26,30.339925661027095
2003-04-27,30.342826252306054
2003-04-28,30.875147951426285
2003-04-29,30.960241546014053
2003-04-30,30.59323992512931
2003-05-01,30.774530211527612
2003-05-02,31.27863995754769
2003-05-03,31.279106236428895
2003-05-04,31.27957275569984
2003-05-05,31.271387959935545
2003-05-06,31.79630228221947
2003-05-07,31.304081725663558
2003-05-08,30.874599712765125
2003-05-09,31.626371735094214
2003-05-10,31.62683969930844
2003-05-11,31.62730790478128
2003-05-12,32.01979463664474
2003-05-13,31.881348100468546
2003-05-14,31.687870447027002
2003-05-15,32.204281968332296
2003-05-16,31.85241295711503
2003-05-17,31.85288261275379
2003-05-18,31.85335251052318
2003-05-19,30.853670147328494
2003-05-20,30.911317436099374
2003-05-21,30.81169389732085
2003-05-22,31.23519078726358
2003-05-23,31.147293710635083
2003-05-24,31.147765063811924
2003-05-25,31.14823665999456
2003-05-26,31.14870849930827
2003-05-27,32.16671075264706
2003-05-28,32.173372698957515
2003-05-29,32.453226136516285
2003-05-30,32.726691981769974
2003-05-31,32.73223990181478
2003-06-01,32.73782136604397
2003-06-02,32.3658721958222
2003-06-03,32.73780277195969
2003-06-04,33.33622502053731
2003-06-05,33.375361312454686
2003-06-06,32.832382487416346
2003-06-07,32.83816951908855
2003-06-08,32.84399154067696
2003-06-09,32.527530324582784
2003-06-10,33.04619340216898
2003-06-11,33.4776691155207
2003-06-12,33.56499949736471
2003-06-13,33.02822400000893
2003-06-14,33.03426044885907
2003-06-15,33.040333395667304
2003-06-16,33.94492903663216
2003-06-17,33.80954469862118
2003-06-18,34.08521597282743
2003-06-19,33.60136254292894
2003-06-20,33.447563103401336
2003-06-21,33.45385971914225
2003-06-22,33.46019440587873
2003-06-23,32.907643527228615
2003-06-24,32.76924977012611
2003-06-25,32.60889466297082
2003-06-26,33.35300821072335
2003-06-27,33.11333191428332
2003-06-28,33.11980738867208
2003-06-29,33.12632201548285
2003-06-30,33.14808766505908
2003-07-01,33.5501618208223
2003-07-02,34.30197202394762
2003-07-03,33.93104555564223
2003-07-04,33.93141394896225
2003-07-05,33.93178246660356
2003-07-06,33.932151108608096
2003-07-07,35.379909968751754
2003-07-08,35.65999164322281
2003-07-09,35.4691987637938
2003-07-10,34.847549608774685
2003-07-11,35.159394937746214
2003-07-12,35.159764326812024
2003-07-13,35.16013384053514
2003-07-14,35.661232255617065
2003-07-15,35.53568382914982
2003-07-16,35.58593829514871
2003-07-17,34.69644796264615
2003-07-18,34.78600796964902
2003-07-19,34.78637823219996
2003-07-20,34.78674861970298
2003-07-21,34.242403239984526
2003-07-22,34.81940423636305
2003-07-23,35.15216582406789
2003-07-24,34.70783144551356
2003-07-25,35.46015429911384
2003-07-26,35.46052543721542
2003-07-27,35.46089670056456
2003-07-28,35.58737392632655
2003-07-29,35.417116668550506
2003-07-30,35.20119546806211
2003-07-31,35.3414335602739
2003-08-01,35.049091295856044
2003-08-02,35.05126160237819
2003-08-03,35.053436174777346
2003-08-04,35.12156937142532
2003-08-05,34.1218362823908
2003-08-06,33.74483214434862
2003-08-07,33.787824846441225
2003-08-08,33.434785624580165
2003-08-09,33.436985968901375
2003-08-10,33.439190638140836
2003-08-11,33.85537940212041
2003-08-12,34.28507596332381
2003-08-13,34.29359176312021
2003-08-14,34.59083518625717
2003-08-15,34.59882000730586
2003-08-16,34.60105080515975
2003-08-17,34.60328598779026
2003-08-18,35.354908838294534
2003-08-19,35.71330257958627
2003-08-20,35.65996570785367
2003-08-21,35.91607567233155
2003-08-22,35.77321258617556
2003-08-23,35.775474259049645
2003-08-24,35.777740377387175
2003-08-25,35.879513497600016
2003-08-26,36.00842332363408
2003-08-27,36.240955255125485
2003-08-28,36.5952336615468
2003-08-29,36.78673722045518
2003-08-30,36.78744714425932
2003-08-31,36.788157500090946
2003-09-01,36.78886828821296
2003-09-02,37.33408558040199
2003-09-03,37.37214601690442
2003-09-04,37.77115981853048
2003-09-05,37.507318584976844
2003-09-06,37.508031538500106
2003-09-07,37.508744925894604
2003-09-08,38.12880341390826
2003-09-09,37.702773511894705
2003-09-10,36.747764815018954
2003-09-11,37.212111385300105
2003-09-12,37.457861339351446
2003-09-13,37.45857733552367
2003-09-14,37.45929376741875
2003-09-15,37.28531253491286
2003-09-16,38.181232248832345
2003-09-17,37.97657925245653
2003-09-18,38.59182436383078
2003-09-19,38.392848403876016
2003-09-20,38.393567455682216
2003-09-21,38.39428694507079
2003-09-22,37.664616674352175
2003-09-23,38.32417199996121
2003-09-24,37.07745109612825
2003-09-25,36.74726802516714
2003-09-26,36.41388678543096
2003-09-27,36.41467539879386
2003-09-28,36.41546449207113
2003-09-29,37.035740883763225
2003-09-30,36.14395755142195
2003-10-01,37.041338629623176
2003-10-02,37.098904424753485
2003-10-03,38.06787746013032
2003-10-04,38.07651553420617
2003-10-05,38.08520993879901
2003-10-06,38.24390266510733
2003-10-07,38.448102854552815
2003-10-08,38.18986094531057
2003-10-09,38.51983422630921
2003-10-10,38.71492761549655
2003-10-11,38.72396780176422
2003-10-12,38.73306694079863
2003-10-13,38.93749161804783
2003-10-14,39.08798697999978
2003-10-15,39.02626324220828
2003-10-16,39.28327004668224
2003-10-17,38.47220901299114
2003-10-18,38.48167003023139
2003-10-19,38.491192744556855
2003-10-20,38.87593624772812
2003-10-21,39.25624194946988
2003-10-22,38.31172542691484
2003-10-23,38.092284896225635
2003-10-24,37.68674671630761
2003-10-25,37.69664815468178
2003-10-26,37.70661416221078
2003-10-27,37.87566251335841
2003-10-28,39.0016709785009
2003-10-29,38.908529220210454
2003-10-30,38.961321198108955
2003-10-31,38.94242951218149
2003-11-01,38.9452333721164
2003-11-02,38.948042179493164
2003-11-03,39.64395310281342
2003-11-04,39.30836908041741
2003-11-05,39.31621426632148
2003-11-06,39.55330978471857
2003-11-07,39.49196434324806
2003-11-08,39.494803019142196
2003-11-09,39.49764670391133
2003-11-10,38.92114857552071
2003-11-11,38.828758828601
2003-11-12,39.64883671590071
2003-11-13,39.474947038789104
2003-11-14,38.78590218524241
2003-11-15,38.78877610941089
2003-11-16,38.79165510465033
2003-11-17,38.39614101044499
2003-11-18,37.72316072594501
2003-11-19,38.216709349705816
2003-11-20,37.75831385081337
2003-11-21,38.02798844316683
2003-11-22,38.03089805329287
2003-11-23,38.033812797458154
2003-11-24,39.076401860721305
2003-11-25,38.913164696133094
2003-11-26,39.010615446368675
2003-11-27,39.0135508174416
2003-11-28,39.265729245106776
2003-11-29,39.27091535028554
2003-11-30,39.27611756610198
2003-12-01,39.79113871053438
2003-12-02,39.769653653266204
2003-12-03,39.47363480537039
2003-12-04,39.91617228942427
2003-12-05,39.22902553212447
2003-12-06,39.23432546822721
2003-12-07,39.23964186858345
2003-12-08,39.48743503000452
2003-12-09,38.58073137469613
2003-12-10,38.76699326975263
2003-12-11,39.49576826630003
2003-12-12,39.588506753286865
2003-12-13,39.59392301881273
2003-12-14,39.59935610996946
2003-12-15,39.13272505973258
2003-12-16,39.3129246805473
2003-12-17,39.22099100254167
2003-12-18,40.00534894026813
2003-12-19,39.90568746759399
2003-12-20,39.91122261588217
2003-12-21,39.91677495911058
2003-12-22,40.004821867018954
2003-12-23,40.358300514618605
2003-12-24,40.35777346836524
2003-12-25,40.363671535720286
2003-12-26,40.39133149398787
2003-12-27,40.39726626295819
2003-12-28,40.403219468290544
2003-12-29,41.06410064909571
2003-12-30,40.98368433084546
2003-12-31,40.960000455182325
2004-01-01,40.95579093918991
2004-01-02,40.813211851388154
2004-01-03,40.8090205808773
2004-01-04,40.80483840342998
2004-01-05,41.60869366574512
2004-01-06,41.683300519963545
2004-01-07,42.039522557813356
2004-01-08,42.49960493565119
2004-01-09,42.22200008724432
2004-01-10,42.217872055392746
2004-01-11,42.21375297940687
2004-01-12,42.70802860409283
2004-01-13,42.312546613409296
2004-01-14,42.69791837007642
2004-01-15,42.76668061351078
2004-01-16,43.23465393973683
2004-01-17,43.23058819238802
2004-01-18,43.22653126577717
2004-01-19,43.222483140767466
2004-01-20,43.03293331106086
2004-01-21,42.83924541760026
2004-01-22,42.641905113531124
2004-01-23,42.55504104845549
2004-01-24,42.55103664584942
2004-01-25,42.54704093089241
2004-01-26,43.176559250559805
2004-01-27,42.306242797056456
2004-01-28,41.65440910971422
2004-01-29,41.82436804716994
2004-01-30,41.58955578064618
2004-01-31,41.59004789267289
2004-02-01,41.590540137915916
2004-02-02,41.295269382808186
2004-02-03,41.403986443635254
2004-02-04,40.45143977233836
2004-02-05,40.50131655634138
2004-02-06,41.241905290697446
2004-02-07,41.24239833599599
2004-02-08,41.242891514763485
2004-02-09,41.06525029067032
2004-02-10,41.268694022834296
2004-02-11,41.6151411410865
2004-02-12,41.20993202603594
2004-02-13,40.84287850019921
2004-02-14,40.8433724805395
2004-02-15,40.84386659460186
2004-02-16,40.8443608424225
2004-02-17,41.47295865663677
2004-02-18,41.539675315311676
2004-02-19,40.924452371690506
2004-02-20,40.95224152815446
2004-02-21,40.95273644530977
2004-02-22,40.95323149644075
2004-02-23,40.608519630960785
2004-02-24,40.741090939984474
2004-02-25,41.05638331662157
2004-02-26,41.10122713634421
2004-02-27,40.86625878623775
2004-02-28,40.86228963293166
2004-02-29,40.85832908032607
2004-03-01,41.470532347983934
2004-03-02,41.03221624493885
2004-03-03,40.90252965322894
2004-03-04,41.25069575954224
2004-03-05,41.10062167261855
2004-03-06,41.09671233425496
2004-03-07,41.09281146697974
2004-03-08,40.35377242313385
2004-03-09,40.39909200540896
2004-03-10,39.69314219612747
2004-03-11,39.204536821743034
2004-03-12,39.93650260063871
2004-03-13,39.932652175809416
2004-03-14,39.92881009440961
2004-03-15,39.17777926101292
2004-03-16,39.462051238251675
2004-03-17,40.08447296017365
2004-03-18,39.663063869523945
2004-03-19,39.132808185702885
2004-03-20,39.12901578658386
2004-03-21,39.12523160515926
2004-03-22,38.62039819509934
2004-03-23,38.31514740734792
2004-03-24,38.70269349230108
2004-03-25,39.86199361754182
2004-03-26,39.55289226970011
2004-03-27,39.55289226970011
2004-03-28,39.55289226970011
2004-03-29,40.29498465639796
2004-03-30,40.31702167545067
2004-03-31,40.10866262626024
2004-04-01,40.62595028056771
2004-04-02,41.61861039187676
2004-04-03,41.61861039187676
2004-04-04,41.61861039187676
2004-04-05,42.02789681203547
2004-04-06,41.597649608182664
2004-04-07,41.228724877975324
2004-04-08,41.38588787799704
2004-04-09,41.38588787799704
2004-04-10,41.38588787799704
2004-04-11,41.38588787799704
2004-04-12,41.80231818579791
2004-04-13,41.2338454925046
2004-04-14,41.29275964193126
2004-04-15,40.881499542984336
2004-04-16,40.65242434643442
2004-04-17,40.65242434643442
2004-04-18,40.65242434643442
2004-04-19,41.26718102565165
2004-04-20,40.25812375235361
2004-04-21,40.54421734712774
2004-04-22,41.551588948150254
2004-04-23,41.95929182625232
2004-04-24,41.95929182625232
2004-04-25,41.95929182625232
2004-04-26,41.59370573401013
2004-04-27,41.6844158944258
2004-04-28,40.99778282409059
2004-04-29,40.576650649846925
2004-04-30,39.72827050591357
2004-05-01,39.72827050591357
2004-05-02,39.72827050591357
2004-05-03,40.135215487682025
2004-05-04,40.34608435134423
2004-05-05,40.52789428677352
2004-05-06,40.22000230217023
2004-05-07,40.06235863533998
2004-05-08,40.06235863533998
2004-05-09,40.06235863533998
2004-05-10,39.79683864081195
2004-05-11,40.490215645344065
2004-05-12,40.26391448545108
2004-05-13,40.25993706204615
2004-05-14,39.91384033608702
2004-05-15,39.91384033608702
2004-05-16,39.91384033608702
2004-05-17,39.37520507645034
2004-05-18,39.78388554445427
2004-05-19,39.66894833886586
2004-05-20,39.77447395134231
2004-05-21,40.09785178212965
2004-05-22,40.09785178212965
2004-05-23,40.09785178212965
2004-05-24,40.24065684278668
2004-05-25,41.2186153728135
2004-05-26,41.35784175883008
2004-05-27,41.548489002752646
2004-05-28,41.578045781026276
2004-05-29,41.578045781026276
2004-05-30,41.578045781026276
2004-05-31,41.578045781026276
2004-06-01,41.58294610725579
2004-06-02,41.514474596594425
2004-06-03,41.01411855744527
2004-06-04,41.31221060911109
2004-06-05,41.31221060911109
2004-06-06,41.31221060911109
2004-06-07,42.19988701150268
2004-06-08,42.38204316459863
2004-06-09,41.6791371684556
2004-06-10,42.00034667007348
2004-06-11,42.00034667007348
2004-06-12,42.00034667007348
2004-06-13,42.00034667007348
2004-06-14,41.50794052990278
2004-06-15,42.07647481479787
2004-06-16,42.00674840132024
2004-06-17,41.58710508198778
2004-06-18,41.62534805601975
2004-06-19,41.62534805601975
2004-06-20,41.62534805601975
2004-06-21,41.27144836730159
2004-06-22,41.78389965750176
2004-06-23,42.28171611060195
2004-06-24,42.16239424050558
2004-06-25,42.38060138501773
2004-06-26,42.38853338285047
2004-06-27,42.39649959401903
2004-06-28,42.23873979671857
2004-06-29,42.643267439137716
2004-06-30,42.90913355226387
2004-07-01,42.310453363127735
2004-07-02,42.11612623924263
2004-07-03,42.10648398720115
2004-07-04,42.096891733630784
2004-07-05,42.08734921927186
2004-07-06,41.41245991594586
2004-07-07,41.511993470899654
2004-07-08,40.940192848602756
2004-07-09,41.1201498712648
2004-07-10,41.1108522108771
2004-07-11,41.10160276213149
2004-07-12,40.902870585531076
2004-07-13,40.78703073333263
2004-07-14,40.46329190904571
2004-07-15,40.42551673358439
2004-07-16,39.70223915685608
2004-07-17,39.69327377321821
2004-07-18,39.68435487825051
2004-07-19,39.64944508931079
2004-07-20,40.371054386212776
2004-07-21,39.620669620575136
2004-07-22,40.230123335901716
2004-07-23,39.346987008778214
2004-07-24,39.33834202709222
2004-07-25,39.32974187267948
2004-07-26,39.26702544222757
2004-07-27,39.75478099154424
2004-07-28,39.553266631305064
2004-07-29,39.88452259833802
2004-07-30,39.965461082959976
2004-07-31,39.96629133282762
2004-08-01,39.967122011477315
2004-08-02,40.16655277522473
2004-08-03,39.49396678354327
2004-08-04,39.31696221712133
2004-08-05,38.5920981838521
2004-08-06,37.60774218909663
2004-08-07,37.60857544509297
2004-08-08,37.609409131423874
2004-08-09,37.66363294842913
2004-08-10,38.388236920860365
2004-08-11,37.827376815077116
2004-08-12,37.24679987531337
2004-08-13,37.36713335064631
2004-08-14,37.367969623655796
2004-08-15,37.36880632855798
2004-08-16,37.83639433073641
2004-08-17,38.068788827277956
2004-08-18,38.83437238199346
2004-08-19,38.55419333491987
2004-08-20,38.882659041590045
2004-08-21,38.88349834253653
2004-08-22,38.88433807693948
2004-08-23,39.03121171771907
2004-08-24,39.00843697525748
2004-08-25,39.54614653918249
2004-08-26,39.400635422083596
2004-08-27,39.5370814976654
2004-08-28,39.53792383751228
2004-08-29,39.538766612385075
2004-08-30,38.98479733036454
2004-08-31,38.982082503405834
2004-09-01,39.2505976572741
2004-09-02,39.74767305757682
2004-09-03,39.014045592801274
2004-09-04,39.01555647960015
2004-09-05,39.01706875925692
2004-09-06,39.01858243305563
2004-09-07,39.252639467912616
2004-09-08,39.19941227860362
2004-09-09,39.412867088774476
2004-09-10,39.89006215293094
2004-09-11,39.89158281674153
2004-09-12,39.893104882423245
2004-09-13,40.18412854166468
2004-09-14,40.44793991301657
2004-09-15,40.0559733916662
2004-09-16,40.07572764343071
2004-09-17,40.24849992630568
2004-09-18,40.25003043039544
2004-09-19,40.2515623454279
2004-09-20,40.26582665474784
2004-09-21,40.48744312642106
2004-09-22,39.6453953074211
2004-09-23,39.74502910827378
2004-09-24,39.56667263372468
2004-09-25,39.56820867191553
2004-09-26,39.56974612615086
2004-09-27,39.25452445041809
2004-09-28,39.43597995791191
2004-09-29,40.03006197853519
2004-09-30,40.00350957880816
2004-10-01,41.01966693625043
2004-10-02,41.025789720197594
2004-10-03,41.03193479830735
2004-10-04,41.12828932064075
2004-10-05,41.14457577648979
2004-10-06,41.51682351338828
2004-10-07,41.02700025244657
2004-10-08,40.367539384477695
2004-10-09,40.37381994266455
2004-10-10,40.380123369498484
2004-10-11,40.51737904889044
2004-10-12,40.48054880574887
2004-10-13,40.48132006362779
2004-10-14,40.40828949170086
2004-10-15,40.596358128898075
2004-10-16,40.60280052691158
2004-10-17,40.60926638286022
2004-10-18,41.27220657014561
2004-10-19,40.99403114445129
2004-10-20,41.24272803873424
2004-10-21,41.77836371658131
2004-10-22,40.86739515650801
2004-10-23,40.874003564698754
2004-10-24,40.880636035297684
2004-10-25,40.70442760974224
2004-10-26,40.89112873302369
2004-10-27,42.04962822309628
2004-10-28,42.2251326803685
2004-10-29,42.107559560968625
2004-10-30,42.11173743661866
2004-10-31,42.11592468804159
2004-11-01,42.219703193902845
2004-11-02,42.35727365750121
2004-11-03,42.73015018082474
2004-11-04,42.982785591697585
2004-11-05,43.17791151106856
2004-11-06,43.182155460638285
2004-11-07,43.18640893426057
2004-11-08,43.288382143058854
2004-11-09,43.41036959550594
2004-11-10,42.98707239104833
2004-11-11,43.75360750784847
2004-11-12,44.08971556517104
2004-11-13,44.094026633632396
2004-11-14,44.09834737677106
2004-11-15,44.19910564193967
2004-11-16,43.836328102138054
2004-11-17,44.327149890985055
2004-11-18,44.61089994673057
2004-11-19,43.82351063882264
2004-11-20,43.82788988767401
2004-11-21,43.83227896420961
2004-11-22,44.30161271495368
2004-11-23,44.17549334485146
2004-11-24,44.786340169637576
2004-11-25,44.7907687779534
2004-11-26,44.72425004092528
2004-11-27,44.728698548452854
2004-11-28,44.7331570390914
2004-11-29,44.934135399923775
2004-11-30,44.76244973694162
2004-12-01,45.572232680751334
2004-12-02,45.763595205499385
2004-12-03,45.97274469667215
2004-12-04,45.976186815716005
2004-12-05,45.97963482816201
2004-12-06,46.21505327899189
2004-12-07,45.31821423252494
2004-12-08,45.73492052041582
2004-12-09,45.87611622776477
2004-12-10,45.80080933732053
2004-12-11,45.80429292268259
2004-12-12,45.80778247244311
2004-12-13,46.378991745181935
2004-12-14,46.34370321454061
2004-12-15,46.229863897791795
2004-12-16,45.79433569933111
2004-12-17,45.500700233079655
2004-12-18,45.50422578429395
2004-12-19,45.50775737175826
2004-12-20,45.391441474559
2004-12-21,45.884404383923396
2004-12-22,45.994316883138026
2004-12-23,46.00793897737657
2004-12-24,46.01133181075767
2004-12-25,46.0147304531568
2004-12-26,46.01813491451985
2004-12-27,45.807175950762556
2004-12-28,46.314357317074354
2004-12-29,46.3057750955781
2004-12-30,46.24611674164312
2004-12-31,46.12644549644759
2005-01-01,46.12353257916709
2005-01-02,46.120623885561216
2005-01-03,45.61236296679856
2005-01-04,44.878613581154255
2005-01-05,44.748866832307655
2005-01-06,44.553325799031214
2005-01-07,44.842336898561086
2005-01-08,44.839453418704075
2005-01-09,44.836574119837984
2005-01-10,44.8301920509604
2005-01-11,44.5091304299627
2005-01-12,44.93398772518277
2005-01-13,44.33257920985037
2005-01-14,44.74372581310761
2005-01-15,44.740871473184725
2005-01-16,44.73802127200041
2005-01-17,44.73517520355357
2005-01-18,45.09604067133071
2005-01-19,44.352856907497824
2005-01-20,43.265242544304854
2005-01-21,43.01535575567921
2005-01-22,43.01253026120746
2005-01-23,43.009708863648925
2005-01-24,42.33337869791359
2005-01-25,42.59030688180181
2005-01-26,43.12285191491015
2005-01-27,43.057963274549294
2005-01-28,42.7522064814402
2005-01-29,42.749409540912595
2005-01-30,42.74661665589554
2005-01-31,43.294697254261294
2005-02-01,43.37084550281167
2005-02-02,43.418349376843324
2005-02-03,42.897248370374676
2005-02-04,43.62674471048044
2005-02-05,43.628498629023795
2005-02-06,43.63025414347746
2005-02-07,43.4130543535666
2005-02-08,43.567990873957356
2005-02-09,42.914210955198605
2005-02-10,42.9171450890297
2005-02-11,43.45062205771826
2005-02-12,43.45238717817489
2005-02-13,43.454153904734554
2005-02-14,43.7212870665425
2005-02-15,44.01810332835521
2005-02-16,43.96689215161001
2005-02-17,43.42255725895575
2005-02-18,43.24844033213587
2005-02-19,43.25021672605004
2005-02-20,43.251994736325116
2005-02-21,43.25377436443182
2005-02-22,42.68690173543496
2005-02-23,42.79923067310379
2005-02-24,43.298700717886454
2005-02-25,43.58454739992618
2005-02-26,43.58633513929914
2005-02-27,43.58812450535635
2005-02-28,42.88526055661726
2005-03-01,43.24821959485233
2005-03-02,42.93910329604323
2005-03-03,42.56640617371834
2005-03-04,42.82007408951662
2005-03-05,42.817865987976646
2005-03-06,42.81566037245824
2005-03-07,43.429700035016985
2005-03-08,42.981636724151684
2005-03-09,42.81709903746777
2005-03-10,42.806199908141174
2005-03-11,42.29123515046733
2005-03-12,42.28904439241114
2005-03-13,42.286856100850116
2005-03-14,42.437453833102204
2005-03-15,42.338530609782936
2005-03-16,42.026602410750456
2005-03-17,42.002803086719055
2005-03-18,41.872012902388
2005-03-19,41.86983935159161
2005-03-20,41.86766824791735
2005-03-21,41.90241913547733
2005-03-22,41.27733673508423
2005-03-23,41.40975132475636
2005-03-24,41.352645464835746
2005-03-25,41.350529688446414
2005-03-26,41.34841629413309
2005-03-27,41.34630527921391
2005-03-28,41.47824984625559
2005-03-29,41.17070754458348
2005-03-30,41.94545782078313
2005-03-31,41.54087779316532
2005-04-01,41.15773332780714
2005-04-02,41.156753906410266
2005-04-03,41.155774999777435
2005-04-04,41.453907860694656
2005-04-05,41.627819926446314
2005-04-06,41.49113977291288
2005-04-07,41.92408627843224
2005-04-08,41.535497316013824
2005-04-09,41.53452149228866
2005-04-10,41.53354618143668
2005-04-11,41.25205223587538
2005-04-12,41.52713748673588
2005-04-13,40.7842889283484
2005-04-14,40.27844899587772
2005-04-15,39.396495344069905
2005-04-16,39.395523104801256
2005-04-17,39.39455137652187
2005-04-18,39.37567740950032
2005-04-19,39.60937637106249
2005-04-20,39.38672120638044
2005-04-21,40.44026641557994
2005-04-22,39.70440246847241
2005-04-23,39.70343380049363
2005-04-24,39.70246564162711
2005-04-25,40.17859770762488
2005-04-26,39.700654271264476
2005-04-27,39.78725726164359
2005-04-28,39.50315716066354
2005-04-29,39.89434225803193
2005-04-30,39.89865112202148
2005-05-01,39.90297009685608
2005-05-02,40.015424712496184
2005-05-03,40.11106156676448
2005-05-04,40.73490933026022
2005-05-05,40.75642970726197
2005-05-06,40.90355943200251
2005-05-07,40.90793957209231
2005-05-08,40.91232999027811
2005-05-09,41.10750303338273
2005-05-10,40.777940134326215
2005-05-11,41.017882089921144
2005-05-12,40.96194953862164
2005-05-13,41.523441916281826
2005-05-14,41.52789451150245
2005-05-15,41.532357554836665
2005-05-16,41.867935173604096
2005-05-17,42.09494047759924
2005-05-18,42.56144744456155
2005-05-19,42.964650571101366
2005-05-20,43.106132295320904
2005-05-21,43.11065854420618
2005-05-22,43.11519541403499
2005-05-23,43.38663257357845
2005-05-24,43.59078094886617
2005-05-25,43.414851984937556
2005-05-26,43.873445519064106
2005-05-27,43.88283246105769
2005-05-28,43.88743358196725
2005-05-29,43.89204549950922
2005-05-30,43.896668239018126
2005-05-31,43.58637975061753
2005-06-01,44.06840361927907
2005-06-02,44.237712250880065
2005-06-03,43.48106629543048
2005-06-04,43.485623874608635
2005-06-05,43.49019187652313
2005-06-06,43.476197161556954
2005-06-07,43.09828643590747
2005-06-08,42.97350724166599
2005-06-09,43.30319574067022
2005-06-10,42.74571967448224
2005-06-11,42.75035071527828
2005-06-12,42.75499234681017
2005-06-13,42.87142394432486
2005-06-14,42.695711613798125
2005-06-15,42.84517705784637
2005-06-16,42.97049754078868
2005-06-17,42.93796972334203
2005-06-18,42.94267540985152
2005-06-19,42.94739185780429
2005-06-20,42.94124489035116
2005-06-21,42.97648770098978
2005-06-22,42.91621128489011
2005-06-23,42.429032837841774
2005-06-24,41.944464009854634
2005-06-25,41.949316347329315
2005-06-26,41.95417978162364
2005-06-27,41.72288632149485
2005-06-28,42.047315319595455
2005-06-29,41.88316770046154
2005-06-30,41.591910872860936
2005-07-01,41.593353330152496
2005-07-02,41.598881318729866
2005-07-03,41.604423477203575
2005-07-04,41.60997984189531
2005-07-05,42.06012484877935
2005-07-06,41.78248734558191
2005-07-07,42.08414424424116
2005-07-08,42.90607374601015
2005-07-09,42.911701689884595
2005-07-10,42.91734405987084
2005-07-11,43.40473898862918
2005-07-12,43.58359608678555
2005-07-13,43.63038658014817
2005-07-14,44.18878463113967
2005-07-15,44.27510659363867
2005-07-16,44.280836300169454
2005-07-17,44.28658069366033
2005-07-18,44.076056321511544
2005-07-19,44.769635827216916
2005-07-20,45.23245841601337
2005-07-21,45.5253030676259
2005-07-22,45.33068632176126
2005-07-23,45.33651963098776
2005-07-24,45.34236789273919
2005-07-25,45.15293403648934
2005-07-26,45.26815780946235
2005-07-27,45.56822030877835
2005-07-28,45.74179048673173
2005-07-29,45.321002839402944
2005-07-30,45.31382189503593
2005-07-31,45.30666320758765
2005-08-01,45.46565699046867
2005-08-02,46.077194149627395
2005-08-03,46.14308804503868
2005-08-04,45.620554338044656
2005-08-05,45.45173825019779
2005-08-06,45.44471166305775
2005-08-07,45.43770685441522
2005-08-08,45.076938644841746
2005-08-09,45.362658452451896
2005-08-10,44.879172547122764
2005-08-11,45.347929606207046
2005-08-12,45.20774785682486
2005-08-13,45.20774785682486
2005-08-14,45.20774785682486
2005-08-15,45.44434870960287
2005-08-16,44.643721352912735
2005-08-17,44.91585105868298
2005-08-18,44.666425615653836
2005-08-19,44.566944822307235
2005-08-20,44.566944822307235
2005-08-21,44.566944822307235
2005-08-22,44.56099652766851
2005-08-23,44.383123388772646
2005-08-24,44.09909621246883
2005-08-25,44.255702440468696
2005-08-26,44.094164424304225
2005-08-27,44.094164424304225
2005-08-28,44.094164424304225
2005-08-29,44.426401229826425
2005-08-30,44.314146425292535
2005-08-31,44.64794989007257
2005-09-01,44.394676354235315
2005-09-02,44.37752219080431
2005-09-03,44.37752219080431
2005-09-04,44.37752219080431
2005-09-05,44.37752219080431
2005-09-06,44.99575745324298
2005-09-07,44.9614307373905
2005-09-08,44.96685047831322
2005-09-09,45.23670497714265
2005-09-10,45.23670497714265
2005-09-11,45.23670497714265
2005-09-12,45.32677947351466
2005-09-13,45.237918669372576
2005-09-14,44.68497151539894
2005-09-15,44.7625374713802
2005-09-16,45.05744881812939
2005-09-17,45.05744881812939
2005-09-18,45.05744881812939
2005-09-19,44.69859071162947
2005-09-20,44.49877768759133
2005-09-21,44.07893544841697
2005-09-22,44.27737077519524
2005-09-23,44.37530695867737
2005-09-24,44.37530695867737
2005-09-25,44.37530695867737
2005-09-26,44.28990935448134
2005-09-27,44.11814200297543
2005-09-28,44.0389965826965
2005-09-29,44.64866330472782
2005-09-30,44.83896047417137
2005-10-01,44.83896047417137
2005-10-02,44.83896047417137
2005-10-03,44.92112731228383
2005-10-04,44.57851060492726
2005-10-05,43.92369986911815
2005-10-06,43.32285326589911
2005-10-07,43.397320028134104
2005-10-08,43.397320028134104
2005-10-09,43.397320028134104
2005-10-10,43.05521532933926
2005-10-11,42.91044898863257
2005-10-12,42.42447310036579
2005-10-13,42.86588268688285
2005-10-14,43.0980679314754
2005-10-15,43.0980679314754
2005-10-16,43.0980679314754
2005-10-17,43.29286077827804
2005-10-18,43.09044639171772
2005-10-19,44.00109976426471
2005-10-20,43.490935911635134
2005-10-21,43.660515743097264
2005-10-22,43.660515743097264
2005-10-23,43.660515743097264
2005-10-24,44.37324391549801
2005-10-25,44.1932484461403
2005-10-26,44.05694112440409
2005-10-27,43.116894940126855
2005-10-28,43.38882519351897
2005-10-29,43.38882519351897
2005-10-30,43.38882519351897
2005-10-31,43.93150877179893
2005-11-01,43.74996809990945
2005-11-02,44.24690075015184
2005-11-03,44.954564710227714
2005-11-04,45.310217316013905
2005-11-05,45.310217316013905
2005-11-06,45.310217316013905
2005-11-07,45.35083806139457
2005-11-08,45.401599910675756
2005-11-09,45.34915894509426
2005-11-10,46.05241343293114
2005-11-11,46.156992203307645
2005-11-12,46.156992203307645
2005-11-13,46.156992203307645
2005-11-14,46.09191777544278
2005-11-15,45.922983568904975
2005-11-16,46.1804317593889
2005-11-17,46.78959764332226
2005-11-18,46.9432340974961
2005-11-19,46.9432340974961
2005-11-20,46.9432340974961
2005-11-21,47.28474632330492
2005-11-22,47.438824702925736
2005-11-23,47.53461664824532
2005-11-24,47.53461664824532
2005-11-25,47.68570834689871
2005-11-26,47.68570834689871
2005-11-27,47.68570834689871
2005-11-28,47.2525123266484
2005-11-29,46.902414009006385
2005-11-30,46.75091010290872
2005-12-01,47.690932694545495
2005-12-02,48.00200011450183
2005-12-03,48.00200011450183
2005-12-04,48.00200011450183
2005-12-05,47.6240945562261
2005-12-06,47.76475110852985
2005-12-07,47.6607023080342
2005-12-08,47.372755462877734
2005-12-09,47.490490012769314
2005-12-10,47.490490012769314
2005-12-11,47.490490012769314
2005-12-12,47.626252265217765
2005-12-13,47.793502772690985
2005-12-14,47.60083496252422
2005-12-15,47.69201615694739
2005-12-16,47.337714530808164
2005-12-17,47.337714530808164
2005-12-18,47.337714530808164
2005-12-19,46.56117374139572
2005-12-20,46.57953949876857
2005-12-21,46.63708635909025
2005-12-22,47.100647240509744
2005-12-23,47.04734816296103
2005-12-24,47.04734816296103
2005-12-25,47.04734816296103
2005-12-26,47.04734816296103
2005-12-27,46.582987132670425
2005-12-28,46.45258147362199
2005-12-29,46.03852416969542
2005-12-30,45.75009626875223
2005-12-31,45.75009626875223
2006-01-01,45.75009626875223
2006-01-02,45.75009626875223
2006-01-03,46.95366774473948
2006-01-04,47.4502825139713
2006-01-05,47.761661363347415
2006-01-06,48.59416803703094
2006-01-07,48.59416803703094
2006-01-08,48.59416803703094
2006-01-09,48.7825581538325
2006-01-10,48.90845322084324
2006-01-11,49.37442690306335
2006-01-12,49.10640853634992
2006-01-13,49.124399537878645
2006-01-14,49.124399537878645
2006-01-15,49.124399537878645
2006-01-16,49.124399537878645
2006-01-17,48.79312803154811
2006-01-18,47.926125055450385
2006-01-19,48.061043765374066
2006-01-20,46.53120756169003
2006-01-21,46.53120756169003
2006-01-22,46.53120756169003
2006-01-23,46.513277334555724
2006-01-24,46.7506211920157
2006-01-25,46.47320032427564
2006-01-26,46.69509002437681
2006-01-27,47.227303294550566
2006-01-28,47.227303294550566
2006-01-29,47.227303294550566
2006-01-30,47.36196874078081
2006-01-31,47.22813812474101
2006-02-01,47.2495551849792
2006-02-02,46.548364712452226
2006-02-03,46.020932378884694
2006-02-04,46.020932378884694
2006-02-05,46.020932378884694
2006-02-06,45.655750101407605
2006-02-07,45.52734178762739
2006-02-08,46.12024754732201
2006-02-09,45.546057045652034
2006-02-10,45.87901657393994
2006-02-11,45.87901657393994
2006-02-12,45.87901657393994
2006-02-13,45.255123069846434
2006-02-14,45.84274708345724
2006-02-15,46.15089423443668
2006-02-16,46.70442376401294
2006-02-17,46.435230763037005
2006-02-18,46.435230763037005
2006-02-19,46.435230763037005
2006-02-20,46.435230763037005
2006-02-21,45.850475629181034
2006-02-22,46.420748092099934
2006-02-23,46.26881342535506
2006-02-24,46.35270666152279
2006-02-25,46.35270666152279
2006-02-26,46.35270666152279
2006-02-27,46.86461058000494
2006-02-28,46.058957811114055
2006-03-01,46.59680424578295
2006-03-02,46.55072316553224
2006-03-03,46.202068390063815
2006-03-04,46.202068390063815
2006-03-05,46.202068390063815
2006-03-06,45.911070047186556
2006-03-07,45.73141294879287
2006-03-08,45.759211228772514
2006-03-09,45.16125880795445
2006-03-10,45.250506596365796
2006-03-11,45.250506596365796
2006-03-12,45.250506596365796
2006-03-13,45.44573390228672
2006-03-14,46.36394876179073
2006-03-15,46.65998052383486
2006-03-16,46.15209271899128
2006-03-17,46.287595644325485
2006-03-18,46.287595644325485
2006-03-19,46.287595644325485
2006-03-20,46.45139260945301
2006-03-21,45.95957411997921
2006-03-22,46.0428789871318
2006-03-23,45.797070382032224
2006-03-24,46.02927895015061
2006-03-25,46.02927895015061
2006-03-26,46.02927895015061
2006-03-27,46.12087361897785
2006-03-28,45.78190868691247
2006-03-29,46.62978039823341
2006-03-30,46.772612851696024
2006-03-31,46.61638834177396
2006-04-01,46.61638834177396
2006-04-02,46.61638834177396
2006-04-03,46.77629709247905
2006-04-04,46.97629554465118
2006-04-05,47.45183303528067
2006-04-06,47.539054724436625
2006-04-07,47.07317264153898
2006-04-08,47.07317264153898
2006-04-09,47.07317264153898
2006-04-10,46.99860983459263
2006-04-11,46.59564074829832
2006-04-12,46.52310565895691
2006-04-13,46.68128628973315
2006-04-14,46.68128628973315
2006-04-15,46.68128628973315
2006-04-16,46.68128628973315
2006-04-17,46.17793340325147
2006-04-18,47.00934576320168
2006-04-19,47.245169085702464
2006-04-20,47.06445731870099
2006-04-21,46.6033858108823
2006-04-22,46.6033858108823
2006-04-23,46.6033858108823
2006-04-24,46.479838062800226
2006-04-25,46.301666722135195
2006-04-26,46.30584967074607
2006-04-27,46.950930985293994
2006-04-28,46.19673024809223
2006-04-29,46.19673024809223
2006-04-30,46.19673024809223
2006-05-01,45.66561723155647
2006-05-02,45.76375218476204
2006-05-03,45.49756655151381
2006-05-04,45.79474093667453
2006-05-05,46.05798080360267
2006-05-06,46.05798080360267
2006-05-07,46.05798080360267
2006-05-08,45.986201237425185
2006-05-09,45.86158828967325
2006-05-10,45.37504714934991
2006-05-11,44.20728025676303
2006-05-12,43.8908821114925
2006-05-13,43.8908821114925
2006-05-14,43.8908821114925
2006-05-15,44.01205815356347
2006-05-16,43.56979834519721
2006-05-17,43.0313397948415
2006-05-18,42.73080012090716
2006-05-19,43.1760874830963
2006-05-20,43.1760874830963
2006-05-21,43.1760874830963
2006-05-22,42.77319187222211
2006-05-23,42.36083681835454
2006-05-24,42.759383561033246
2006-05-25,43.32367138153907
2006-05-26,43.460566825232995
2006-05-27,43.460566825232995
2006-05-28,43.460566825232995
2006-05-29,43.460566825232995
2006-05-30,42.41617508578805
2006-05-31,42.47840229438401
2006-06-01,43.49974067377178
2006-06-02,43.463379480734545
2006-06-03,43.463379480734545
2006-06-04,43.463379480734545
2006-06-05,42.56213454225086
2006-06-06,42.56328767247228
2006-06-07,42.26742977606509
2006-06-08,42.35328168625382
2006-06-09,41.99732727249156
2006-06-10,41.99732727249156
2006-06-11,41.99732727249156
2006-06-12,41.20411128292323
2006-06-13,41.288284496730554
2006-06-14,41.63906668027961
2006-06-15,42.60674771122501
2006-06-16,42.28208981943092
2006-06-17,42.28208981943092
2006-06-18,42.28208981943092
2006-06-19,41.96421060034321
2006-06-20,41.978934728452366
2006-06-21,42.531739227992034
2006-06-22,42.01873191242392
2006-06-23,41.776749896256845
2006-06-24,41.776749896256845
2006-06-25,41.776749896256845
2006-06-26,41.929264747250926
2006-06-27,41.12260629001309
2006-06-28,41.43092066395778
2006-06-29,42.629483546494896
2006-06-30,42.27223278742834
2006-07-01,42.27223278742834
2006-07-02,42.27223278742834
2006-07-03,42.61327449208338
2006-07-04,42.61327449208338
2006-07-05,41.80528280896293
2006-07-06,41.74329810817168
2006-07-07,41.35961685325779
2006-07-08,41.35961685325779
2006-07-09,41.35961685325779
2006-07-10,41.1252530228343
2006-07-11,41.46124330897388
2006-07-12,40.53182036996436
2006-07-13,39.88200767536925
2006-07-14,39.46082505694706
2006-07-15,39.46082505694706
2006-07-16,39.46082505694706
2006-07-17,39.716119489773945
2006-07-18,39.84293374622667
2006-07-19,40.12110510778732
2006-07-20,39.69608922452582
2006-07-21,39.45350256215812
2006-07-22,39.45350256215812
2006-07-23,39.45350256215812
2006-07-24,40.126749447753085
2006-07-25,40.2119147044143
2006-07-26,40.34880486587576
2006-07-27,40.11843206891602
2006-07-28,41.033488137188286
2006-07-29,41.033488137188286
2006-07-30,41.033488137188286
2006-07-31,41.041040531427996
2006-08-01,40.46997136996332
2006-08-02,40.8329640714159
2006-08-03,41.0357183856045
2006-08-04,40.84686420031325
2006-08-05,40.84686420031325
2006-08-06,40.84686420031325
2006-08-07,40.578129395852535
2006-08-08,40.340831751703874
2006-08-09,40.40356806732834
2006-08-10,40.5657228374167
2006-08-11,40.22646071863517
2006-08-12,40.22646071863517
2006-08-13,40.22646071863517
2006-08-14,40.51682386584605
2006-08-15,41.51268629928939
2006-08-16,42.43075240448282
2006-08-17,42.42669627870451
2006-08-18,42.55040137379392
2006-08-19,42.55040137379392
2006-08-20,42.55040137379392
2006-08-21,42.19292908942603
2006-08-22,42.251882670519365
2006-08-23,41.98764147163653
2006-08-24,42.14893503588235
2006-08-25,42.253032400513305
2006-08-26,42.253032400513305
2006-08-27,42.253032400513305
2006-08-28,42.5434225977413
2006-08-29,42.65106680296427
2006-08-30,42.84069325019718
2006-08-31,42.70513609488738
2006-09-01,43.02575824871596
2006-09-02,43.02575824871596
2006-09-03,43.02575824871596
2006-09-04,43.02575824871596
2006-09-05,43.5085945600223
2006-09-06,42.72391999280325
2006-09-07,42.57314631223534
2006-09-08,42.74254504345907
2006-09-09,42.74254504345907
2006-09-10,42.74254504345907
2006-09-11,42.93844127426415
2006-09-12,43.66541077075326
2006-09-13,43.87238493564517
2006-09-14,43.96045602976227
2006-09-15,44.19928459273746
2006-09-16,44.19928459273746
2006-09-17,44.19928459273746
2006-09-18,44.1970496022456
2006-09-19,43.93425520945655
2006-09-20,44.614361869081705
2006-09-21,44.41227607941916
2006-09-22,44.07956236788594
2006-09-23,44.07956236788594
2006-09-24,44.07956236788594
2006-09-25,44.77409336307423
2006-09-26,45.10818827848024
2006-09-27,45.017090105823705
2006-09-28,45.197035798177865
2006-09-29,45.04756183845173
2006-09-30,45.04756183845173
2006-10-01,45.04756183845173
2006-10-02,44.32402072204931
2006-10-03,44.61060431272078
2006-10-04,45.699659919981706
2006-10-05,45.94473949619237
2006-10-06,45.933322444606446
2006-10-07,45.933322444606446
2006-10-08,45.933322444606446
2006-10-09,46.09293775435071
2006-10-10,46.178114656460636
2006-10-11,46.079321863209344
2006-10-12,46.843557756963754
2006-10-13,47.10096580662954
2006-10-14,47.10096580662954
2006-10-15,47.10096580662954
2006-10-16,46.993421689167214
2006-10-17,46.63418011464304
2006-10-18,46.48407528552053
2006-10-19,46.71777623761345
2006-10-20,47.05015310172274
2006-10-21,47.05015310172274
2006-10-22,47.05015310172274
2006-10-23,47.5339725053082
2006-10-24,47.21019274112248
2006-10-25,47.51575040093067
2006-10-26,47.962118586646696
2006-10-27,47.17518854052791
2006-10-28,47.17518854052791
2006-10-29,47.17518854052791
2006-10-30,47.40008032314429
2006-10-31,47.60237560132343
2006-11-01,47.04701165917277
2006-11-02,47.07962959884604
2006-11-03,46.949503282910435
2006-11-04,46.949503282910435
2006-11-05,46.949503282910435
2006-11-06,47.508971863707536
2006-11-07,47.639496915195835
2006-11-08,47.87160390968134
2006-11-09,47.67863222145056
2006-11-10,47.956380078576885
2006-11-11,47.956380078576885
2006-11-12,47.956380078576885
2006-11-13,48.412068440295265
2006-11-14,48.89476884532109
2006-11-15,49.036700985483776
2006-11-16,49.28187002372703
2006-11-17,49.272558968627976
2006-11-18,49.272558968627976
2006-11-19,49.272558968627976
2006-11-20,49.291066913914065
2006-11-21,49.510967002251164
2006-11-22,49.76213951607613
2006-11-23,49.76213951607613
2006-11-24,49.725706946896786
2006-11-25,49.725706946896786
2006-11-26,49.725706946896786
2006-11-27,48.590648426012194
2006-11-28,48.77196037262318
2006-11-29,49.10329399943426
2006-11-30,48.976135860592905
2006-12-01,48.51113353852107
2006-12-02,48.51113353852107
2006-12-03,48.51113353852107
2006-12-04,49.17535539987763
2006-12-05,49.37651732949248
2006-12-06,49.0848476983721
2006-12-07,48.42769139403256
2006-12-08,48.76501464008362
2006-12-09,48.76501464008362
2006-12-10,48.76501464008362
2006-12-11,48.92364309705977
2006-12-12,48.598905387042805
2006-12-13,48.71836337261625
2006-12-14,49.165031831282725
2006-12-15,49.32332836456091
2006-12-16,49.32332836456091
2006-12-17,49.32332836456091
2006-12-18,48.76443595080319
2006-12-19,48.628147338148906
2006-12-20,48.38918828755379
2006-12-21,48.03946710964918
2006-12-22,47.55612794850972
2006-12-23,47.55612794850972
2006-12-24,47.55612794850972
2006-12-25,47.55612794850972
2006-12-26,47.68640364040081
2006-12-27,47.910951529099236
2006-12-28,47.79822432260741
2006-12-29,47.787353365014326
2006-12-30,47.787353365014326
2006-12-31,47.787353365014326
2007-01-01,47.787353365014326
2007-01-02,47.787353365014326
2007-01-03,47.746729567266726
2007-01-04,48.847155782165515
2007-01-05,48.667592487627616
2007-01-06,48.667592487627616
2007-01-07,48.667592487627616
2007-01-08,48.65477280829601
2007-01-09,48.97044303495507
2007-01-10,49.45911910381082
2007-01-11,49.97000985303164
2007-01-12,50.166375231279495
2007-01-13,50.166375231279495
2007-01-14,50.166375231279495
2007-01-15,50.166375231279495
2007-01-16,50.045709331524094
2007-01-17,49.62513282784421
2007-01-18,48.53097962319573
2007-01-19,48.624800334353296
2007-01-20,48.624800334353296
2007-01-21,48.624800334353296
2007-01-22,48.15014604715941
2007-01-23,47.88473952672399
2007-01-24,48.693098030493694
2007-01-25,48.10113899535312
2007-01-26,47.923578623938894
2007-01-27,47.923578623938894
2007-01-28,47.923578623938894
2007-01-29,47.943207839242035
2007-01-30,47.96827308944533
2007-01-31,48.33225835776737
2007-02-01,48.27858935603926
2007-02-02,48.43617573061044
2007-02-03,48.43617573061044
2007-02-04,48.43617573061044
2007-02-05,48.316629515037235
2007-02-06,48.22266470500783
2007-02-07,48.67022109734722
2007-02-08,48.62976399443791
2007-02-09,47.99821750245724
2007-02-10,47.99821750245724
2007-02-11,47.99821750245724
2007-02-12,47.80420274014037
2007-02-13,47.94385343486844
2007-02-14,48.74470565084697
2007-02-15,49.054501773065105
2007-02-16,49.045738441757905
2007-02-17,49.045738441757905
2007-02-18,49.045738441757905
2007-02-19,49.045738441757905
2007-02-20,49.22524653926156
2007-02-21,49.4915634963467
2007-02-22,49.60554231301502
2007-02-23,49.4245206240577
2007-02-24,49.4245206240577
2007-02-25,49.4245206240577
2007-02-26,49.230292658433086
2007-02-27,47.057338940778536
2007-02-28,47.35297018756074
2007-03-01,47.148834628246945
2007-03-02,46.471564747392236
2007-03-03,46.471564747392236
2007-03-04,46.471564747392236
2007-03-05,46.25070415217936
2007-03-06,47.02541764866295
2007-03-07,46.781509815856936
2007-03-08,47.0219217652559
2007-03-09,46.90303317912257
2007-03-10,46.90303317912257
2007-03-11,46.90303317912257
2007-03-12,47.23216838317302
2007-03-13,46.37122359343526
2007-03-14,47.128979489687865
2007-03-15,47.12695875849245
2007-03-16,47.12791371294344
2007-03-17,47.12791371294344
2007-03-18,47.12791371294344
2007-03-19,47.52910716139402
2007-03-20,47.735246413830275
2007-03-21,48.849878490567306
2007-03-22,48.6616433517317
2007-03-23,48.404752210611825
2007-03-24,48.404752210611825
2007-03-25,48.404752210611825
2007-03-26,48.74888713797635
2007-03-27,48.402663120714635
2007-03-28,47.86764167774152
2007-03-29,47.910822775676834
2007-03-30,47.90404182492524
2007-03-31,47.90404182492524
2007-04-01,47.90404182492524
2007-04-02,47.94281887101195
2007-04-03,48.600614579975925
2007-04-04,48.77942423874261
2007-04-05,49.01284411912175
2007-04-06,49.01284411912175
2007-04-07,49.01284411912175
2007-04-08,49.01284411912175
2007-04-09,48.837802745048904
2007-04-10,49.02562532138295
2007-04-11,48.514449067429254
2007-04-12,48.79463253225644
2007-04-13,48.814751352244556
2007-04-14,48.814751352244556
2007-04-15,48.814751352244556
2007-04-16,49.25481989363093
2007-04-17,49.322324762144106
2007-04-18,49.12663787528531
2007-04-19,49.13958821880088
2007-04-20,49.569365848982066
2007-04-21,49.569365848982066
2007-04-22,49.569365848982066
2007-04-23,49.63245159825354
2007-04-24,49.82979818079046
2007-04-25,50.395004392259565
2007-04-26,50.7391367009694
2007-04-27,50.89185046858752
2007-04-28,50.89185046858752
2007-04-29,50.89185046858752
2007-04-30,50.28488052235595
2007-05-01,50.4064554128377
2007-05-02,50.868396247212175
2007-05-03,51.09874159490366
2007-05-04,51.060016614265635
2007-05-05,51.060016614265635
2007-05-06,51.060016614265635
2007-05-07,51.16956132749705
2007-05-08,51.39775306251549
2007-05-09,51.486489071940866
2007-05-10,50.71236321272184
2007-05-11,51.38749261861033
2007-05-12,51.38749261861033
2007-05-13,51.38749261861033
2007-05-14,51.08855305533097
2007-05-15,50.621061695140824
2007-05-16,51.26586656030928
2007-05-17,51.17648604489066
2007-05-18,51.445441947482315
2007-05-19,51.445441947482315
2007-05-20,51.445441947482315
2007-05-21,51.77978006567363
2007-05-22,52.01472080429352
2007-05-23,51.59835890990635
2007-05-24,50.69662974989299
2007-05-25,51.23677479508805
2007-05-26,51.23677479508805
2007-05-27,51.23677479508805
2007-05-28,51.23677479508805
2007-05-29,51.48684893335529
2007-05-30,51.95536875142926
2007-05-31,52.20070553407974
2007-06-01,52.109900240552236
2007-06-02,52.109900240552236
2007-06-03,52.109900240552236
2007-06-04,52.29456664191508
2007-06-05,52.38048046592187
2007-06-06,51.92776448766778
2007-06-07,50.972634328159465
2007-06-08,51.630820122342485
2007-06-09,51.630820122342485
2007-06-10,51.630820122342485
2007-06-11,51.41832725650261
2007-06-12,51.12901350956257
2007-06-13,51.72199083884203
2007-06-14,52.0092926249277
2007-06-15,52.520061155210996
2007-06-16,52.520061155210996
2007-06-17,52.520061155210996
2007-06-18,52.69280138252539
2007-06-19,52.486549177053924
2007-06-20,51.955667539698084
2007-06-21,52.39449963682476
2007-06-22,51.8020768958463
2007-06-23,51.8020768958463
2007-06-24,51.8020768958463
2007-06-25,51.60767395221562
2007-06-26,51.44933887615742
2007-06-27,52.08064856167699
2007-06-28,52.06915161481669
2007-06-29,52.26059947385086
2007-06-30,52.26059947385086
2007-07-01,52.26059947385086
2007-07-02,52.730503111057985
2007-07-03,53.21043142766382
2007-07-04,53.21043142766382
2007-07-05,53.6978234811521
2007-07-06,53.81234040149226
2007-07-07,53.81234040149226
2007-07-08,53.81234040149226
2007-07-09,53.81179878687936
2007-07-10,53.30901301177248
2007-07-11,53.60514883375255
2007-07-12,54.55660478795929
2007-07-13,54.99424772770125
2007-07-14,54.99424772770125
2007-07-15,54.99424772770125
2007-07-16,54.89183757551458
2007-07-17,55.2286102654523
2007-07-18,55.112615089111245
2007-07-19,55.4141325996212
2007-07-20,54.935787548504535
2007-07-21,54.935787548504535
2007-07-22,54.935787548504535
2007-07-23,54.9463766535838
2007-07-24,53.97064797927355
2007-07-25,54.36272560442214
2007-07-26,54.006822669068725
2007-07-27,53.17543168249256
2007-07-28,53.17543168249256
2007-07-29,53.17543168249256
2007-07-30,53.41903675550278
2007-07-31,52.15441014825744
2007-08-01,52.52588302847897
2007-08-02,53.08190104783428
2007-08-03,51.93130130424214
2007-08-04,51.93130130424214
2007-08-05,51.93130130424214
2007-08-06,52.94975795350089
2007-08-07,52.98954225745577
2007-08-08,53.54247043150093
2007-08-09,52.12928074208874
2007-08-10,51.877801823445914
2007-08-11,51.877801823445914
2007-08-12,51.877801823445914
2007-08-13,52.281655738117124
2007-08-14,51.4125989071466
2007-08-15,50.403189137650315
2007-08-16,49.960829102059634
2007-08-17,51.1010887430741
2007-08-18,51.1010887430741
2007-08-19,51.1010887430741
2007-08-20,51.15366615600695
2007-08-21,51.6705800844756
2007-08-22,52.346315028472205
2007-08-23,52.2834841627166
2007-08-24,53.10339327549123
2007-08-25,53.10339327549123
2007-08-26,53.10339327549123
2007-08-27,52.728369308355994
2007-08-28,51.46270800292963
2007-08-29,53.08036085752296
2007-08-30,53.3081417302528
2007-08-31,53.931524657378084
2007-09-01,53.931524657378084
2007-09-02,53.931524657378084
2007-09-03,53.931524657378084
2007-09-04,54.85376219166726
2007-09-05,54.049545513266374
2007-09-06,54.17594233065958
2007-09-07,53.11879371832957
2007-09-08,53.11879371832957
2007-09-09,53.11879371832957
2007-09-10,53.19729655707643
2007-09-11,54.00261260298106
2007-09-12,54.13121918862148
2007-09-13,54.455512371432974
2007-09-14,54.53230869525211
2007-09-15,54.53230869525211
2007-09-16,54.53230869525211
2007-09-17,54.080715482377414
2007-09-18,55.23665640509708
2007-09-19,55.46486691966166
2007-09-20,55.349495483065354
2007-09-21,55.98779133877905
2007-09-22,55.98779133877905
2007-09-23,55.98779133877905
2007-09-24,56.296107657267655
2007-09-25,56.90841509537017
2007-09-26,57.246306004737576
2007-09-27,57.37961784610326
2007-09-28,57.09367630282047
2007-09-29,57.09367630282047
2007-09-30,57.09367630282047
2007-10-01,57.74417581196178
2007-10-02,57.63885810746632
2007-10-03,57.18777091412014
2007-10-04,57.346107683026204
2007-10-05,58.627550670763505
2007-10-06,58.627550670763505
2007-10-07,58.627550670763505
2007-10-08,59.28664871247023
2007-10-09,59.52358365299089
2007-10-10,59.70157288806887
2007-10-11,58.667142696112634
2007-10-12,59.71907360530837
2007-10-13,59.71907360530837
2007-10-14,59.71907360530837
2007-10-15,59.24619258653247
2007-10-16,59.14545216397501
2007-10-17,60.11243698713109
2007-10-18,60.2992921908502
2007-10-19,58.848206352505436
2007-10-20,58.848206352505436
2007-10-21,58.848206352505436
2007-10-22,59.56727726589368
2007-10-23,61.16891078845515
2007-10-24,60.79004112135472
2007-10-25,59.8969386259172
2007-10-26,61.083821508816
2007-10-27,61.083821508816
2007-10-28,61.083821508816
2007-10-29,61.24194646694792
2007-10-30,61.447649719718555
2007-10-31,62.3329364798479
2007-11-01,61.2180701612445
2007-11-02,61.670838453996566
2007-11-03,61.670838453996566
2007-11-04,61.670838453996566
2007-11-05,61.47544502666143
2007-11-06,62.3648572164378
2007-11-07,60.730005472610785
2007-11-08,58.44908275885857
2007-11-09,56.25222643847188
2007-11-10,56.25222643847188
2007-11-11,56.25222643847188
2007-11-12,54.69566493974992
2007-11-13,57.2975862924784
2007-11-14,56.479555926040426
2007-11-15,56.03434154424053
2007-11-16,56.89503893672053
2007-11-17,56.89503893672053
2007-11-18,56.89503893672053
2007-11-19,56.18606092858887
2007-11-20,56.772880566025734
2007-11-21,56.11150197398793
2007-11-22,56.11150197398793
2007-11-23,56.78144996050102
2007-11-24,56.78144996050102
2007-11-25,56.78144996050102
2007-11-26,55.625586933432984
2007-11-27,56.77210498023631
2007-11-28,58.57032379192953
2007-11-29,58.785944814650975
2007-11-30,58.19410327911835
2007-12-01,58.19410327911835
2007-12-02,58.19410327911835
2007-12-03,57.357227347398805
2007-12-04,57.13955530579726
2007-12-05,58.31174998017133
2007-12-06,59.119082056329646
2007-12-07,59.062535577760784
2007-12-08,59.062535577760784
2007-12-09,59.062535577760784
2007-12-10,59.10287373739081
2007-12-11,57.76466689355481
2007-12-12,58.36821844914907
2007-12-13,58.219452745434324
2007-12-14,57.61304352094125
2007-12-15,57.61304352094125
2007-12-16,57.61304352094125
2007-12-17,56.08797624038577
2007-12-18,56.25585612811436
2007-12-19,56.2902507275693
2007-12-20,57.427259197838346
2007-12-21,58.68297314401897
2007-12-22,58.68297314401897
2007-12-23,58.68297314401897
2007-12-24,59.21156587683909
2007-12-25,59.21156587683909
2007-12-26,59.44027937034257
2007-12-27,58.70227877492221
2007-12-28,58.72880935928831
2007-12-29,58.72880935928831
2007-12-30,58.72880935928831
2007-12-31,58.03456064653489
2008-01-01,58.03456064653489
2008-01-02,57.17183257053403
2008-01-03,57.250994329962296
2008-01-04,54.615721206451695
2008-01-05,54.615721206451695
2008-01-06,54.615721206451695
2008-01-07,54.43205989518444
2008-01-08,53.12030921444227
2008-01-09,54.46885616616898
2008-01-10,54.51939806523711
2008-01-11,53.4664419681129
2008-01-12,53.4664419681129
2008-01-13,53.4664419681129
2008-01-14,54.509984943904165
2008-01-15,52.911626330741555
2008-01-16,51.86949086202127
2008-01-17,51.26178366104649
2008-01-18,51.11577754238659
2008-01-19,51.11577754238659
2008-01-20,51.11577754238659
2008-01-21,51.11577754238659
2008-01-22,49.60331251006352
2008-01-23,48.94165097315821
2008-01-24,50.05476236934096
2008-01-25,48.937842359387744
2008-01-26,48.937842359387744
2008-01-27,48.937842359387744
2008-01-28,49.04609861876839
2008-01-29,49.141563015382005
2008-01-30,49.17354325415069
2008-01-31,50.16104536607382
2008-02-01,50.03229008836958
2008-02-02,50.03229008836958
2008-02-03,50.03229008836958
2008-02-04,49.36697206155612
2008-02-05,47.94697708213782
2008-02-06,47.08238348744656
2008-02-07,47.35755694198143
2008-02-08,47.96993225447872
2008-02-09,47.96993225447872
2008-02-10,47.96993225447872
2008-02-11,48.49255692188491
2008-02-12,48.14671515557831
2008-02-13,49.36448230144082
2008-02-14,48.52729514020572
2008-02-15,48.355029206588625
2008-02-16,48.355029206588625
2008-02-17,48.355029206588625
2008-02-18,48.355029206588625
2008-02-19,47.94818785194775
2008-02-20,48.48416040257602
2008-02-21,47.94622109340658
2008-02-22,48.10529156702881
2008-02-23,48.10529156702881
2008-02-24,48.10529156702881
2008-02-25,48.29309942308625
2008-02-26,48.351075170787524
2008-02-27,48.73276331463488
2008-02-28,48.82738840830682
2008-02-29,47.60006670165906
2008-03-01,47.60006670165906
2008-03-02,47.60006670165906
2008-03-03,47.12400947665023
2008-03-04,47.49710007721533
2008-03-05,47.64280340835999
2008-03-06,46.55262439706029
2008-03-07,46.635901313565604
2008-03-08,46.635901313565604
2008-03-09,46.635901313565604
2008-03-10,45.81382356255061
2008-03-11,47.65181531992339
2008-03-12,47.55539427951316
2008-03-13,47.99709625978339
2008-03-14,47.020939526575845
2008-03-15,47.020939526575845
2008-03-16,47.020939526575845
2008-03-17,46.4539694911107
2008-03-18,48.504497319549884
2008-03-19,47.37100313896167
2008-03-20,48.36307588262855
2008-03-21,48.36307588262855
2008-03-22,48.36307588262855
2008-03-23,48.36307588262855
2008-03-24,50.00212073581709
2008-03-25,50.36955853068024
2008-03-26,50.34919113206288
2008-03-27,49.19845387145439
2008-03-28,49.066034701318856
2008-03-29,49.066034701318856
2008-03-30,49.066034701318856
2008-03-31,49.45489106919267
2008-04-01,51.44306223821269
2008-04-02,51.16943167821562
2008-04-03,51.32428655778189
2008-04-04,51.64368251232413
2008-04-05,51.64368251232413
2008-04-06,51.64368251232413
2008-04-07,51.53117357671297
2008-04-08,51.11162257538273
2008-04-09,50.63398692275703
2008-04-10,51.45218996036571
2008-04-11,49.89398238920677
2008-04-12,49.89398238920677
2008-04-13,49.89398238920677
2008-04-14,49.69180184756944
2008-04-15,49.78631654053018
2008-04-16,51.08441524493125
2008-04-17,50.95411744096715
2008-04-18,52.76481667394775
2008-04-19,52.76481667394775
2008-04-20,52.76481667394775
2008-04-21,53.20749065917719
2008-04-22,52.357446107535424
2008-04-23,52.87832661189319
2008-04-24,53.44117195280486
2008-04-25,53.05541757283382
2008-04-26,53.05541757283382
2008-04-27,53.05541757283382
2008-04-28,53.255959740674186
2008-04-29,53.55618458451656
2008-04-30,53.14048698606547
2008-05-01,54.93911058724758
2008-05-02,55.05945325480124
2008-05-03,55.05945325480124
2008-05-04,55.05945325480124
2008-05-05,54.94051100382572
2008-05-06,55.27896653833493
2008-05-07,54.20713696929944
2008-05-08,54.602253721010186
2008-05-09,54.35307722946541
2008-05-10,54.35307722946541
2008-05-11,54.35307722946541
2008-05-12,55.50704391390951
2008-05-13,55.62688357178458
2008-05-14,55.38023537395412
2008-05-15,56.23218143011458
2008-05-16,56.28100504753458
2008-05-17,56.28100504753458
2008-05-18,56.28100504753458
2008-05-19,55.9856083573815
2008-05-20,55.53120562056651
2008-05-21,54.29525036205038
2008-05-22,54.56867915316711
2008-05-23,54.54399064955504
2008-05-24,54.54399064955504
2008-05-25,54.54399064955504
2008-05-26,54.54399064955504
2008-05-27,55.579269876517756
2008-05-28,55.618447905301565
2008-05-29,56.18871702152496
2008-05-30,56.37658293003338
2008-05-31,56.37658293003338
2008-06-01,56.37658293003338
2008-06-02,55.71109478235127
2008-06-03,55.39510615829269
2008-06-04,56.03853474549652
2008-06-05,56.891712548462024
2008-06-06,55.15511743103961
2008-06-07,55.15511743103961
2008-06-08,55.15511743103961
2008-06-09,54.84032246741101
2008-06-10,54.7760174553807
2008-06-11,53.526502390976574
2008-06-12,53.53383397537289
2008-06-13,54.57652463237389
2008-06-14,54.57652463237389
2008-06-15,54.57652463237389
2008-06-16,55.11448647085878
2008-06-17,54.90138211604794
2008-06-18,54.44940565887376
2008-06-19,55.23879183248333
2008-06-20,53.74167517030705
2008-06-21,53.74167517030705
2008-06-22,53.74167517030705
2008-06-23,53.29391242658326
2008-06-24,53.05520134472515
2008-06-25,53.91336712333205
2008-06-26,51.56921867035386
2008-06-27,51.534863933783285
2008-06-28,51.534863933783285
2008-06-29,51.534863933783285
2008-06-30,51.023026921038976
2008-07-01,52.033121974607255
2008-07-02,50.767897758008104
2008-07-03,50.917222698576666
2008-07-04,50.917222698576666
2008-07-05,50.917222698576666
2008-07-06,50.917222698576666
2008-07-07,51.34100147712803
2008-07-08,52.67927143622315
2008-07-09,51.227698830521135
2008-07-10,51.86375463224661
2008-07-11,51.00567252343229
2008-07-12,51.00567252343229
2008-07-13,51.00567252343229
2008-07-14,50.53730791683395
2008-07-15,50.41452326582896
2008-07-16,51.509871012319024
2008-07-17,51.596060336828955
2008-07-18,50.21717684926158
2008-07-19,50.21717684926158
2008-07-20,50.21717684926158
2008-07-21,50.17121794735196
2008-07-22,50.25573782768667
2008-07-23,51.162979777877524
2008-07-24,50.773200763478876
2008-07-25,51.66903683553025
2008-07-26,51.66903683553025
2008-07-27,51.66903683553025
2008-07-28,50.37537729348661
2008-07-29,51.450162746774275
2008-07-30,51.781811827864495
2008-07-31,51.8051512493333
2008-08-01,51.20287246923409
2008-08-02,51.20287246923409
2008-08-03,51.20287246923409
2008-08-04,50.61901341541777
2008-08-05,52.52912235395035
2008-08-06,53.33265007029631
2008-08-07,53.02239360370808
2008-08-08,54.49855956619737
2008-08-09,54.49855956619737
2008-08-10,54.49855956619737
2008-08-11,54.83966363809303
2008-08-12,54.90770995781098
2008-08-13,55.00740643850037
2008-08-14,55.507985973827935
2008-08-15,55.313635993297055
2008-08-16,55.313635993297055
2008-08-17,55.313635993297055
2008-08-18,54.608072692641215
2008-08-19,53.891380739073895
2008-08-20,54.0661503290834
2008-08-21,53.85146308750146
2008-08-22,54.55458537053595
2008-08-23,54.55458537053595
2008-08-24,54.55458537053595
2008-08-25,53.40378568163773
2008-08-26,53.320959409908944
2008-08-27,53.71564762494126
2008-08-28,53.99483340239822
2008-08-29,52.741398034603804
2008-08-30,52.741398034603804
2008-08-31,52.741398034603804
2008-09-01,52.741398034603804
2008-09-02,51.997833520828074
2008-09-03,51.62617269910002
2008-09-04,49.961744582341765
2008-09-05,49.48651425937513
2008-09-06,49.48651425937513
2008-09-07,49.48651425937513
2008-09-08,49.21500934620276
2008-09-09,48.227303925525206
2008-09-10,48.54261126245302
2008-09-11,49.59000319367671
2008-09-12,49.19722936458792
2008-09-13,49.19722936458792
2008-09-14,49.19722936458792
2008-09-15,47.50158501341204
2008-09-16,47.941640202114314
2008-09-17,45.07708643808382
2008-09-18,46.918904519392434
2008-09-19,48.31971818059717
2008-09-20,48.31971818059717
2008-09-21,48.31971818059717
2008-09-22,46.21591061089553
2008-09-23,45.67757064107286
2008-09-24,45.98306973104796
2008-09-25,46.72210823107417
2008-09-26,46.14865284279669
2008-09-27,46.14865284279669
2008-09-28,46.14865284279669
2008-09-29,41.094791575095556
2008-09-30,43.89427382274927
2008-10-01,43.076326466461936
2008-10-02,41.210177606616114
2008-10-03,40.86009622579055
2008-10-04,40.86009622579055
2008-10-05,40.86009622579055
2008-10-06,39.34861373780318
2008-10-07,37.05029134278648
2008-10-08,37.19002073085355
2008-10-09,35.78622375329121
2008-10-10,35.562863939824176
2008-10-11,35.562863939824176
2008-10-12,35.562863939824176
2008-10-13,40.11684344486562
2008-10-14,38.29262899264029
2008-10-15,35.12196851891247
2008-10-16,37.07835264326794
2008-10-17,37.10914668828245
2008-10-18,37.10914668828245
2008-10-19,37.10914668828245
2008-10-20,38.12910680519625
2008-10-21,36.16459457249546
2008-10-22,35.26633877647379
2008-10-23,35.44215327796425
2008-10-24,34.399926864226
2008-10-25,34.399926864226
2008-10-26,34.399926864226
2008-10-27,33.4562750186705
2008-10-28,37.053601519616414
2008-10-29,36.95375896737668
2008-10-30,37.958591163472775
2008-10-31,37.73147390863761
2008-11-01,37.73147390863761
2008-11-02,37.73147390863761
2008-11-03,37.781681215926696
2008-11-04,38.90501560559729
2008-11-05,36.78204151767661
2008-11-06,35.17381912104215
2008-11-07,35.938913826061096
2008-11-08,35.938913826061096
2008-11-09,35.938913826061096
2008-11-10,35.42363036961847
2008-11-11,34.825748418269875
2008-11-12,33.022011470879185
2008-11-13,35.09002811638778
2008-11-14,33.29418030138565
2008-11-15,33.29418030138565
2008-11-16,33.29418030138565
2008-11-17,32.58676809610712
2008-11-18,32.912322068265816
2008-11-19,31.07697757029453
2008-11-20,29.595146017471535
2008-11-21,30.95621923070199
2008-11-22,30.95621923070199
2008-11-23,30.95621923070199
2008-11-24,32.87921348448971
2008-11-25,32.49839204255528
2008-11-26,33.852449229589794
2008-11-27,33.852449229589794
2008-11-28,33.56288369826865
2008-11-29,33.56288369826865
2008-11-30,33.56288369826865
2008-12-01,31.143210505610483
2008-12-02,32.119101583115125
2008-12-03,33.03129581155158
2008-12-04,32.07933007212928
2008-12-05,33.45257167195609
2008-12-06,33.45257167195609
2008-12-07,33.45257167195609
2008-12-08,34.94029577209797
2008-12-09,34.585245846177976
2008-12-10,34.57341570313948
2008-12-11,33.477045621362194
2008-12-12,34.17674325816384
2008-12-13,34.17674325816384
2008-12-14,34.17674325816384
2008-12-15,33.438542822542644
2008-12-16,35.01614276299458
2008-12-17,34.36189504833534
2008-12-18,33.8559543276979
2008-12-19,34.31003437889228
2008-12-20,34.31003437889228
2008-12-21,34.31003437889228
2008-12-22,33.508549633784085
2008-12-23,33.418613750716744
2008-12-24,33.390122552002985
2008-12-25,33.390122552002985
2008-12-26,33.42756613683554
2008-12-27,33.42756613683554
2008-12-28,33.42756613683554
2008-12-29,33.111977355122825
2008-12-30,33.793609092668575
2008-12-31,34.02782212112112
2009-01-01,34.02782212112112
2009-01-02,35.440755755902444
2009-01-03,35.440755755902444
2009-01-04,35.440755755902444
2009-01-05,35.47617754287476
2009-01-06,35.64437623884203
2009-01-07,34.7506761563461
2009-01-08,35.12419924493696
2009-01-09,34.45483604988115
2009-01-10,34.45483604988115
2009-01-11,34.45483604988115
2009-01-12,33.91837379325243
2009-01-13,33.86758555681009
2009-01-14,32.73240729488934
2009-01-15,33.15717978896615
2009-01-16,33.54505274689472
2009-01-17,33.54505274689472
2009-01-18,33.54505274689472
2009-01-19,33.54505274689472
2009-01-20,31.99010998984178
2009-01-21,33.40987532035713
2009-01-22,33.04458139605875
2009-01-23,33.252109254406605
2009-01-24,33.252109254406605
2009-01-25,33.252109254406605
2009-01-26,33.52926421174281
2009-01-27,33.71241910977762
2009-01-28,34.76382535931816
2009-01-29,34.025536524860144
2009-01-30,33.462293198936166
2009-01-31,33.462293198936166
2009-02-01,33.462293198936166
2009-02-02,34.03617153898006
2009-02-03,34.50351649438128
2009-02-04,34.42247091650559
2009-02-05,35.211478325744054
2009-02-06,36.175205289705154
2009-02-07,36.175205289705154
2009-02-08,36.175205289705154
2009-02-09,36.359795423516
2009-02-10,34.91933909315192
2009-02-11,34.83455926502316
2009-02-12,35.21858277053758
2009-02-13,35.00678017448118
2009-02-14,35.00678017448118
2009-02-15,35.00678017448118
2009-02-16,35.00678017448118
2009-02-17,33.68887190710254
2009-02-18,33.78453037917761
2009-02-19,33.14929506135832
2009-02-20,33.254721675618626
2009-02-21,33.254721675618626
2009-02-22,33.254721675618626
2009-02-23,32.03829274360733
2009-02-24,33.234895642783464
2009-02-25,32.980260604600154
2009-02-26,32.041253711373464
2009-02-27,31.71533268887098
2009-02-28,31.71533268887098
2009-03-01,31.71533268887098
2009-03-02,30.81527867390331
2009-03-03,30.95183714349131
2009-03-04,31.618251533280805
2009-03-05,30.613405162421422
2009-03-06,30.235999976742683
2009-03-07,30.235999976742683
2009-03-08,30.235999976742683
2009-03-09,29.590253259113577
2009-03-10,31.52885347391928
2009-03-11,32.01584737235349
2009-03-12,33.060830992997204
2009-03-13,33.12756135979729
2009-03-14,33.12756135979729
2009-03-15,33.12756135979729
2009-03-16,32.5561520696516
2009-03-17,33.80301177201669
2009-03-18,34.13430424324182
2009-03-19,34.13927028658519
2009-03-20,33.82324318029427
2009-03-21,33.82324318029427
2009-03-22,33.82324318029427
2009-03-23,35.769855534801366
2009-03-24,35.07762937182335
2009-03-25,35.0373622802765
2009-03-26,36.169722189675326
2009-03-27,35.38216392849265
2009-03-28,35.38216392849265
2009-03-29,35.38216392849265
2009-03-30,34.60938082397582
2009-03-31,35.106321848903285
2009-04-01,35.59971042831755
2009-04-02,36.65269015829557
2009-04-03,37.347400460651926
2009-04-04,37.347400460651926
2009-04-05,37.347400460651926
2009-04-06,37.46202071918509
2009-04-07,36.47859023131696
2009-04-08,36.999745835729506
2009-04-09,38.02732182490262
2009-04-10,38.02732182490262
2009-04-11,38.02732182490262
2009-04-12,38.02732182490262
2009-04-13,37.942045781694986
2009-04-14,37.48957853485376
2009-04-15,37.24186203054686
2009-04-16,38.187568440250615
2009-04-17,38.15742547473697
2009-04-18,38.15742547473697
2009-04-19,38.15742547473697
2009-04-20,37.00796655751417
2009-04-21,37.46473105419912
2009-04-22,37.682159708446264
2009-04-23,38.16299690601903
2009-04-24,38.887033077592335
2009-04-25,38.887033077592335
2009-04-26,38.887033077592335
2009-04-27,38.98820609052832
2009-04-28,38.754586580630956
2009-04-29,39.2031681017789
2009-04-30,39.33863317847475
2009-05-01,39.399939945745416
2009-05-02,39.399939945745416
2009-05-03,39.399939945745416
2009-05-04,40.00007129628612
2009-05-05,40.034498390973205
2009-05-06,40.07433206580388
2009-05-07,39.11563163139214
2009-05-08,39.07783909006986
2009-05-09,39.07783909006986
2009-05-10,39.07783909006986
2009-05-11,39.166784717251915
2009-05-12,38.7024442231166
2009-05-13,37.736462072417815
2009-05-14,38.231595360782876
2009-05-15,38.09798185048758
2009-05-16,38.09798185048758
2009-05-17,38.09798185048758
2009-05-18,39.08480831541943
2009-05-19,39.22346082047821
2009-05-20,39.12275341982918
2009-05-21,38.49335913221985
2009-05-22,38.27390032905864
2009-05-23,38.27390032905864
2009-05-24,38.27390032905864
2009-05-25,38.27390032905864
2009-05-26,39.68825281477132
2009-05-27,39.52261064245873
2009-05-28,40.12260808907209
2009-05-29,40.516948968599166
2009-05-30,40.516948968599166
2009-05-31,40.516948968599166
2009-06-01,41.5022636331295
2009-06-02,41.68897644232062
2009-06-03,41.71379640560946
2009-06-04,42.30410921469329
2009-06-05,42.425739237689854
2009-06-06,42.425739237689854
2009-06-07,42.425739237689854
2009-06-08,42.31569954057724
2009-06-09,42.47223444114793
2009-06-10,42.291608587152695
2009-06-11,42.3399376021505
2009-06-12,42.14664000658904
2009-06-13,42.14664000658904
2009-06-14,42.14664000658904
2009-06-15,41.27046434854961
2009-06-16,41.07369157393035
2009-06-17,41.46574847399354
2009-06-18,41.42224769316484
2009-06-19,41.866826721107
2009-06-20,41.866826721107
2009-06-21,41.866826721107
2009-06-22,40.677008536866246
2009-06-23,40.59111939836046
2009-06-24,41.193790721934796
2009-06-25,41.953310108989655
2009-06-26,42.08043515808053
2009-06-27,42.08043515808053
2009-06-28,42.08043515808053
2009-06-29,42.167998262380195
2009-06-30,41.96713892552954
2009-07-01,42.137821056368935
2009-07-02,41.22563864815196
2009-07-03,41.22563864815196
2009-07-04,41.22563864815196
2009-07-05,41.22563864815196
2009-07-06,41.02057234688941
2009-07-07,40.0244600870436
2009-07-08,40.27593360929446
2009-07-09,40.28788005162481
2009-07-10,40.41342535464703
2009-07-11,40.41342535464703
2009-07-12,40.41342535464703
2009-07-13,41.282991067110444
2009-07-14,41.35114550717704
2009-07-15,42.77482380790519
2009-07-16,43.23199881816335
2009-07-17,43.537673838622425
2009-07-18,43.537673838622425
2009-07-19,43.537673838622425
2009-07-20,43.96494595323506
2009-07-21,44.14778091452597
2009-07-22,44.58963423803232
2009-07-23,45.57203525153237
2009-07-24,45.31366485503113
2009-07-25,45.31366485503113
2009-07-26,45.31366485503113
2009-07-27,45.2935724895123
2009-07-28,45.451340817333204
2009-07-29,45.39986100904326
2009-07-30,45.716701732243024
2009-07-31,45.48922064542376
2009-08-01,45.48922064542376
2009-08-02,45.48922064542376
2009-08-03,46.13782327196641
2009-08-04,46.054450340936526
2009-08-05,45.576443595329984
2009-08-06,44.831761183740994
2009-08-07,45.179106137521345
2009-08-08,45.179106137521345
2009-08-09,45.179106137521345
2009-08-10,44.89820013071865
2009-08-11,44.490550544531104
2009-08-12,45.09121040383393
2009-08-13,45.326122329384084
2009-08-14,44.97738672635995
2009-08-15,44.97738672635995
2009-08-16,44.97738672635995
2009-08-17,43.73417052639456
2009-08-18,44.33750156427534
2009-08-19,44.6361254192818
2009-08-20,45.20533322688779
2009-08-21,45.7878147929556
2009-08-22,45.7878147929556
2009-08-23,45.7878147929556
2009-08-24,45.79472628461705
2009-08-25,45.89176870710885
2009-08-26,45.758641557503566
2009-08-27,45.8043513945667
2009-08-28,45.81896536933866
2009-08-29,45.81896536933866
2009-08-30,45.81896536933866
2009-08-31,45.37493137773903
2009-09-01,44.59899584189296
2009-09-02,44.580615473335016
2009-09-03,44.76082974156233
2009-09-04,45.578907934911996
2009-09-05,45.578907934911996
2009-09-06,45.578907934911996
2009-09-07,45.578907934911996
2009-09-08,46.025363764578465
2009-09-09,46.26804485508571
2009-09-10,46.67963966021186
2009-09-11,46.66385502137534
2009-09-12,46.66385502137534
2009-09-13,46.66385502137534
2009-09-14,46.83005913106264
2009-09-15,47.0252346314757
2009-09-16,47.725767184414934
2009-09-17,47.65488685903837
2009-09-18,47.73915223059388
2009-09-19,47.73915223059388
2009-09-20,47.73915223059388
2009-09-21,47.931426245800786
2009-09-22,47.96075463495217
2009-09-23,47.78508643028232
2009-09-24,47.51017452900297
2009-09-25,46.92977033351625
2009-09-26,46.92977033351625
2009-09-27,46.92977033351625
2009-09-28,47.71563481565592
2009-09-29,47.54335029388578
2009-09-30,47.444627732807675
2009-10-01,46.12816457131915
2009-10-02,46.04106977484232
2009-10-03,46.04106977484232
2009-10-04,46.04106977484232
2009-10-05,46.27927981610429
2009-10-06,47.116806576620434
2009-10-07,47.36152489111517
2009-10-08,47.50822865600132
2009-10-09,47.68031542658357
2009-10-10,47.68031542658357
2009-10-11,47.68031542658357
2009-10-12,47.692490104209725
2009-10-13,47.76417393651842
2009-10-14,48.37020359014009
2009-10-15,48.37665974743206
2009-10-16,48.095668115109454
2009-10-17,48.095668115109454
2009-10-18,48.095668115109454
2009-10-19,48.48664919769724
2009-10-20,48.69779103525984
2009-10-21,48.82057187967756
2009-10-22,48.93198071591823
2009-10-23,48.93170332247381
2009-10-24,48.93170332247381
2009-10-25,48.93170332247381
2009-10-26,48.77430959101423
2009-10-27,48.11222701482096
2009-10-28,47.2238567267542
2009-10-29,47.97207268046755
2009-10-30,46.7460065729824
2009-10-31,46.7460065729824
2009-11-01,46.7460065729824
2009-11-02,46.762161208371744
2009-11-03,46.927937426757055
2009-11-04,47.042855139498656
2009-11-05,48.09066806209484
2009-11-06,48.491361317562834
2009-11-07,48.491361317562834
2009-11-08,48.491361317562834
2009-11-09,49.55754780855907
2009-11-10,49.644671972918715
2009-11-11,49.8908417153913
2009-11-12,49.67806714402451
2009-11-13,50.155505831436095
2009-11-14,50.155505831436095
2009-11-15,50.155505831436095
2009-11-16,50.535655939341225
2009-11-17,50.669382427376746
2009-11-18,50.42703236749061
2009-11-19,49.64978772088912
2009-11-20,49.51139016819994
2009-11-21,49.51139016819994
2009-11-22,49.51139016819994
2009-11-23,50.37372442376402
2009-11-24,50.1787484325882
2009-11-25,50.270309097458664
2009-11-26,50.270309097458664
2009-11-27,49.527797578825044
2009-11-28,49.527797578825044
2009-11-29,49.527797578825044
2009-11-30,49.58221020094369
2009-12-01,50.009841605103645
2009-12-02,49.97459629484463
2009-12-03,49.81938000834138
2009-12-04,49.931645785787794
2009-12-05,49.931645785787794
2009-12-06,49.931645785787794
2009-12-07,49.67782652890106
2009-12-08,49.36016277739955
2009-12-09,49.95397221135818
2009-12-10,50.23277775322322
2009-12-11,49.975334961070146
2009-12-12,49.975334961070146
2009-12-13,49.975334961070146
2009-12-14,50.348552731658486
2009-12-15,49.95795207797895
2009-12-16,49.828677692259845
2009-12-17,49.179655474672415
2009-12-18,50.206262571944976
2009-12-19,50.206262571944976
2009-12-20,50.206262571944976
2009-12-21,50.73786493413989
2009-12-22,51.03060466087933
2009-12-23,51.411220373161605
2009-12-24,51.91591980192571
2009-12-25,51.91591980192571
2009-12-26,51.91591980192571
2009-12-27,51.91591980192571
2009-12-28,52.25568494638597
2009-12-29,52.08441356717058
2009-12-30,52.21685498710988
2009-12-31,51.75763865533198
2010-01-01,51.75763865533198
2010-01-02,51.75763865533198
2010-01-03,51.75763865533198
2010-01-04,52.45109417090684
2010-01-05,52.5034484015528
2010-01-06,52.10657833417426
2010-01-07,51.951770654398175
2010-01-08,52.42046348127951
2010-01-09,52.42046348127951
2010-01-10,52.42046348127951
2010-01-11,52.16950630459878
2010-01-12,51.59778545318928
2010-01-13,52.18107127270753
2010-01-14,52.26784365559466
2010-01-15,51.74309832361716
2010-01-16,51.74309832361716
2010-01-17,51.74309832361716
2010-01-18,51.74309832361716
2010-01-19,52.71896400605378
2010-01-20,51.958539131623795
2010-01-21,51.46889578363532
2010-01-22,49.82455083048889
2010-01-23,49.82455083048889
2010-01-24,49.82455083048889
2010-01-25,50.10691885106844
2010-01-26,50.19080566985468
2010-01-27,50.66243197359239
2010-01-28,49.18012452725312
2010-01-29,48.3374951419752
2010-01-30,48.3374951419752
2010-01-31,48.3374951419752
2010-02-01,48.703995139900414
2010-02-02,49.052062941346875
2010-02-03,49.34748652289345
2010-02-04,48.01291334623053
2010-02-05,48.42206064834925
2010-02-06,48.42206064834925
2010-02-07,48.42206064834925
2010-02-08,48.07513743055142
2010-02-09,48.53789733944005
2010-02-10,48.385503417263486
2010-02-11,49.06598386994117
2010-02-12,49.1937956557062
2010-02-13,49.1937956557062
2010-02-14,49.1937956557062
2010-02-15,49.1937956557062
2010-02-16,49.70707153005078
2010-02-17,49.89605196323751
2010-02-18,50.200863560139524
2010-02-19,50.19564519829886
2010-02-20,50.19564519829886
2010-02-21,50.19564519829886
2010-02-22,50.00409316717621
2010-02-23,49.35229373126488
2010-02-24,49.85614709594272
2010-02-25,49.83663545679839
2010-02-26,49.98062782447988
2010-02-27,49.98062782447988
2010-02-28,49.98062782447988
2010-03-01,50.6039403870933
2010-03-02,50.83852117037512
2010-03-03,50.9518744379924
2010-03-04,51.231493259758466
2010-03-05,52.01127828373566
2010-03-06,52.01127828373566
2010-03-07,52.01127828373566
2010-03-08,52.13578719715877
2010-03-09,52.50320988719105
2010-03-10,52.877999812259176
2010-03-11,53.13059566795782
2010-03-12,53.176155024475705
2010-03-13,53.176155024475705
2010-03-14,53.176155024475705
2010-03-15,52.98983403495548
2010-03-16,53.23013938406411
2010-03-17,53.33881483229338
2010-03-18,53.6473601288712
2010-03-19,53.330219288938906
2010-03-20,53.330219288938906
2010-03-21,53.330219288938906
2010-03-22,53.73613601999707
2010-03-23,54.13525573894898
2010-03-24,53.94712807723181
2010-03-25,54.01377923888868
2010-03-26,54.13224365065551
2010-03-27,54.13224365065551
2010-03-28,54.13224365065551
2010-03-29,54.35691532962933
2010-03-30,54.59855022919827
2010-03-31,54.42600377873703
2010-04-01,54.38152694302676
2010-04-02,54.38152694302676
2010-04-03,54.38152694302676
2010-04-04,54.38152694302676
2010-04-05,54.836246273706315
2010-04-06,55.06336323010653
2010-04-07,54.99716116310325
2010-04-08,55.103891276787984
2010-04-09,55.42189224911718
2010-04-10,55.42189224911718
2010-04-11,55.42189224911718
2010-04-12,55.50371965630854
2010-04-13,55.711213395455786
2010-04-14,56.21026786213455
2010-04-15,56.49726156871412
2010-04-16,55.72406578623938
2010-04-17,55.72406578623938
2010-04-18,55.72406578623938
2010-04-19,55.8344358586342
2010-04-20,55.97498768654384
2010-04-21,56.429318663405084
2010-04-22,56.641726044410646
2010-04-23,56.79069709976467
2010-04-24,56.79069709976467
2010-04-25,56.79069709976467
2010-04-26,56.61373187617933
2010-04-27,55.48092403300528
2010-04-28,55.49828295265739
2010-04-29,56.39290836205618
2010-04-30,55.33820441947221
2010-05-01,55.33820441947221
2010-05-02,55.33820441947221
2010-05-03,56.13238509699521
2010-05-04,54.6764993448462
2010-05-05,54.513175366371556
2010-05-06,52.79268595907347
2010-05-07,51.45774116437329
2010-05-08,51.45774116437329
2010-05-09,51.45774116437329
2010-05-10,53.99937549701651
2010-05-11,54.02556663001165
2010-05-12,55.016838215857376
2010-05-13,54.27842223424935
2010-05-14,53.31026166127727
2010-05-15,53.31026166127727
2010-05-16,53.31026166127727
2010-05-17,53.45509518366277
2010-05-18,52.739582445043226
2010-05-19,52.30828431761923
2010-05-20,50.25291375420289
2010-05-21,50.806359166466294
2010-05-22,50.806359166466294
2010-05-23,50.806359166466294
2010-05-24,50.784648287138126
2010-05-25,50.68347437842621
2010-05-26,50.08057186125722
2010-05-27,51.83741294002316
2010-05-28,51.63994520450666
2010-05-29,51.63994520450666
2010-05-30,51.63994520450666
2010-05-31,51.63994520450666
2010-06-01,51.44493136196104
2010-06-02,52.61488121028039
2010-06-03,53.01446919067369
2010-06-04,51.29194992237808
2010-06-05,51.29194992237808
2010-06-06,51.29194992237808
2010-06-07,50.40734855162725
2010-06-08,50.368117252127746
2010-06-09,49.70480720034562
2010-06-10,51.0523624931846
2010-06-11,51.52964969703778
2010-06-12,51.52964969703778
2010-06-13,51.52964969703778
2010-06-14,51.502529442714696
2010-06-15,52.79979533511259
2010-06-16,53.071602683767225
2010-06-17,53.35692889016989
2010-06-18,53.47576467882921
2010-06-19,53.47576467882921
2010-06-20,53.47576467882921
2010-06-21,52.93410449776445
2010-06-22,52.63753324420415
2010-06-23,52.361297251183075
2010-06-24,51.62637127408247
2010-06-25,51.46454515249664
2010-06-26,51.46454515249664
2010-06-27,51.46454515249664
2010-06-28,51.2919832940312
2010-06-29,49.25161592677641
2010-06-30,48.530135848051316
2010-07-01,48.35808588238505
2010-07-02,48.194911602894535
2010-07-03,48.194911602894535
2010-07-04,48.194911602894535
2010-07-05,48.194911602894535
2010-07-06,48.38100935953385
2010-07-07,49.869238780089766
2010-07-08,50.11865732035304
2010-07-09,50.59394064736032
2010-07-10,50.59394064736032
2010-07-11,50.59394064736032
2010-07-12,50.830964802053366
2010-07-13,51.47190815273069
2010-07-14,51.80723377375702
2010-07-15,51.91673263292886
2010-07-16,50.3859180157346
2010-07-17,50.3859180157346
2010-07-18,50.3859180157346
2010-07-19,50.7377216525896
2010-07-20,51.34582918860259
2010-07-21,50.82806043416157
2010-07-22,52.123804288222985
2010-07-23,52.3252341922491
2010-07-24,52.3252341922491
2010-07-25,52.3252341922491
2010-07-26,52.60567392884386
2010-07-27,52.698830417181945
2010-07-28,52.187812468207056
2010-07-29,51.919814150613036
2010-07-30,51.988004117357505
2010-07-31,51.988004117357505
2010-08-01,51.988004117357505
2010-08-02,52.99148996196657
2010-08-03,52.865989519603446
2010-08-04,53.222657654474915
2010-08-05,53.0538657641694
2010-08-06,52.884012901231046
2010-08-07,52.884012901231046
2010-08-08,52.884012901231046
2010-08-09,53.28766281903392
2010-08-10,52.90941156517127
2010-08-11,51.472289411208365
2010-08-12,51.016644015667794
2010-08-13,50.60140721966094
2010-08-14,50.60140721966094
2010-08-15,50.60140721966094
2010-08-16,50.68360144480759
2010-08-17,51.285034662191855
2010-08-18,51.397408449730804
2010-08-19,50.62416542558669
2010-08-20,50.64793387523242
2010-08-21,50.64793387523242
2010-08-22,50.64793387523242
2010-08-23,50.175528564121876
2010-08-24,49.241215731300315
2010-08-25,49.73512497328399
2010-08-26,49.182792099662905
2010-08-27,49.75819963121813
2010-08-28,49.75819963121813
2010-08-29,49.75819963121813
2010-08-30,49.212640106030236
2010-08-31,49.08520298740129
2010-09-01,50.551543243476374
2010-09-02,50.9636318220783
2010-09-03,51.77971044258368
2010-09-04,51.77971044258368
2010-09-05,51.77971044258368
2010-09-06,51.77971044258368
2010-09-07,51.519280443159914
2010-09-08,52.09429192670322
2010-09-09,52.30660295116817
2010-09-10,52.42768593220063
2010-09-11,52.42768593220063
2010-09-12,52.42768593220063
2010-09-13,53.196740654148556
2010-09-14,53.341308163210705
2010-09-15,53.67521858810778
2010-09-16,53.95682098748159
2010-09-17,54.25030975638403
2010-09-18,54.25030975638403
2010-09-19,54.25030975638403
2010-09-20,55.28223703091563
2010-09-21,55.34440316687556
2010-09-22,55.23125030729217
2010-09-23,55.20900636291334
2010-09-24,56.25547381291469
2010-09-25,56.25547381291469
2010-09-26,56.25547381291469
2010-09-27,56.052325463175094
2010-09-28,55.881705377089546
2010-09-29,55.769779220872906
2010-09-30,55.49789727525185
2010-10-01,55.42938205553289
2010-10-02,55.42938205553289
2010-10-03,55.42938205553289
2010-10-04,54.844646696555756
2010-10-05,56.21339491742759
2010-10-06,55.7878207096754
2010-10-07,55.93851085700116
2010-10-08,56.35054815227787
2010-10-09,56.35054815227787
2010-10-10,56.35054815227787
2010-10-11,56.23013020071342
2010-10-12,56.72801502157821
2010-10-13,57.192229162400395
2010-10-14,57.187923371654065
2010-10-15,58.64702912624971
2010-10-16,58.64702912624971
2010-10-17,58.64702912624971
2010-10-18,59.004750133593795
2010-10-19,57.99171716318814
2010-10-20,58.4062410887004
2010-10-21,58.55132031707557
2010-10-22,58.89920544151988
2010-10-23,58.89920544151988
2010-10-24,58.89920544151988
2010-10-25,59.19142986892012
2010-10-26,59.40341195695191
2010-10-27,59.50817981264093
2010-10-28,59.71533683732356
2010-10-29,59.50724346369714
2010-10-30,59.50724346369714
2010-10-31,59.50724346369714
2010-11-01,59.64277930753761
2010-11-02,60.30570934218231
2010-11-03,60.597089010870235
2010-11-04,61.4422245838224
2010-11-05,61.35266012556031
2010-11-06,61.35266012556031
2010-11-07,61.35266012556031
2010-11-08,61.412416461171965
2010-11-09,61.15379906220252
2010-11-10,61.45983073819525
2010-11-11,60.96556273282632
2010-11-12,59.89675631197754
2010-11-13,59.89675631197754
2010-11-14,59.89675631197754
2010-11-15,59.604767870266
2010-11-16,58.54043132085735
2010-11-17,58.70591814074155
2010-11-18,59.72765945876498
2010-11-19,59.61618312454658
2010-11-20,59.61618312454658
2010-11-21,59.61618312454658
2010-11-22,60.08422129039501
2010-11-23,59.050904535464525
2010-11-24,60.2172394615165
2010-11-25,60.2172394615165
2010-11-26,59.993917584328806
2010-11-27,59.993917584328806
2010-11-28,59.993917584328806
2010-11-29,59.787742419992746
2010-11-30,58.95614506503826
2010-12-01,60.11800723860932
2010-12-02,60.72524937881279
2010-12-03,60.8408545407556
2010-12-04,60.8408545407556
2010-12-05,60.8408545407556
2010-12-06,60.836721131464984
2010-12-07,60.85788450881344
2010-12-08,61.1880917581929
2010-12-09,61.24548843286273
2010-12-10,61.66745792941026
2010-12-11,61.66745792941026
2010-12-12,61.66745792941026
2010-12-13,61.483017672445115
2010-12-14,61.57524919383201
2010-12-15,61.247566049297475
2010-12-16,61.673162275741525
2010-12-17,61.72897370873869
2010-12-18,61.72897370873869
2010-12-19,61.72897370873869
2010-12-20,61.91610730366651
2010-12-21,62.15634855888952
2010-12-22,62.21152711914269
2010-12-23,62.05628205545747
2010-12-24,62.05628205545747
2010-12-25,62.05628205545747
2010-12-26,62.05628205545747
2010-12-27,62.07402912327163
2010-12-28,62.01679224382005
2010-12-29,62.12260996467781
2010-12-30,61.91200777256601
2010-12-31,61.69626419225397
2011-01-01,61.69626419225397
2011-01-02,61.69626419225397
2011-01-03,62.7098142515119
2011-01-04,62.829978841066726
2011-01-05,63.36596404885695
2011-01-06,63.5564256191805
2011-01-07,63.56188156304274
2011-01-08,63.56188156304274
2011-01-09,63.56188156304274
2011-01-10,63.69821996640121
2011-01-11,63.75001456741968
2011-01-12,64.0644498972861
2011-01-13,64.08421362357788
2011-01-14,64.5017942893027
2011-01-15,64.5017942893027
2011-01-16,64.5017942893027
2011-01-17,64.5017942893027
2011-01-18,64.5998252285192
2011-01-19,64.02443647199598
2011-01-20,63.60440967791445
2011-01-21,62.98775446288678
2011-01-22,62.98775446288678
2011-01-23,62.98775446288678
2011-01-24,63.76567533810774
2011-01-25,64.01052428449063
2011-01-26,64.38790382857067
2011-01-27,64.80329438332643
2011-01-28,63.073812803909775
2011-01-29,63.073812803909775
2011-01-30,63.073812803909775
2011-01-31,63.35856527240293
2011-02-01,64.50178035288855
2011-02-02,64.39390894290764
2011-02-03,64.39955206671016
2011-02-04,64.75377399952252
2011-02-05,64.75377399952252
2011-02-06,64.75377399952252
2011-02-07,65.1048132042984
2011-02-08,65.60402485179179
2011-02-09,65.63222948658519
2011-02-10,65.65129784801053
2011-02-11,66.00053860792318
2011-02-12,66.00053860792318
2011-02-13,66.00053860792318
2011-02-14,66.19600112215682
2011-02-15,66.07903338824204
2011-02-16,66.50508011743807
2011-02-17,66.34677373444897
2011-02-18,66.1898110898364
2011-02-19,66.1898110898364
2011-02-20,66.1898110898364
2011-02-21,66.1898110898364
2011-02-22,64.39353542698358
2011-02-23,63.837502692005934
2011-02-24,64.23013245223977
2011-02-25,65.01185378415462
2011-02-26,65.01185378415462
2011-02-27,65.01185378415462
2011-02-28,65.26651174924514
2011-03-01,64.23482455777835
2011-03-02,64.4585421889314
2011-03-03,65.65746019048578
2011-03-04,65.27513995090979
2011-03-05,65.27513995090979
2011-03-06,65.27513995090979
2011-03-07,64.48348543653509
2011-03-08,64.73442426298166
2011-03-09,64.38556684422412
2011-03-10,63.38722449296791
2011-03-11,63.722319273462276
2011-03-12,63.722319273462276
2011-03-13,63.722319273462276
2011-03-14,63.46259832642579
2011-03-15,62.55586781185659
2011-03-16,60.861846432192266
2011-03-17,61.52626554990048
2011-03-18,61.40748629298899
2011-03-19,61.40748629298899
2011-03-20,61.40748629298899
2011-03-21,62.63539205212155
2011-03-22,62.51170706413531
2011-03-23,62.92808137471545
2011-03-24,64.03588224309507
2011-03-25,64.08230298966085
2011-03-26,64.08230298966085
2011-03-27,64.08230298966085
2011-03-28,63.659995646082265
2011-03-29,64.37819665330495
2011-03-30,64.64280505206071
2011-03-31,64.71481154840693
2011-04-01,64.73540966745327
2011-04-02,64.73540966745327
2011-04-03,64.73540966745327
2011-04-04,64.45553337658734
2011-04-05,64.19899355211805
2011-04-06,64.4142475279118
2011-04-07,64.3889617768591
2011-04-08,64.13240156894405
2011-04-09,64.13240156894405
2011-04-10,64.13240156894405
2011-04-11,63.942757968742995
2011-04-12,63.48274560820648
2011-04-13,63.97875961107833
2011-04-14,63.803303699502735
2011-04-15,63.49179737524443
2011-04-16,63.49179737524443
2011-04-17,63.49179737524443
2011-04-18,63.248607825520466
2011-04-19,63.6281429825341
2011-04-20,64.9165699026468
2011-04-21,65.47004154890908
2011-04-22,65.47004154890908
2011-04-23,65.47004154890908
2011-04-24,65.47004154890908
2011-04-25,65.71727164408753
2011-04-26,66.0809375856557
2011-04-27,66.68677517840504
2011-04-28,66.57379083833109
2011-04-29,66.42847416904641
2011-04-30,66.42847416904641
2011-05-01,66.42847416904641
2011-05-02,66.44211626995701
2011-05-03,66.16674418069637
2011-05-04,66.11509879623321
2011-05-05,65.68201646252055
2011-05-06,65.80857588775112
2011-05-07,65.80857588775112
2011-05-08,65.80857588775112
2011-05-09,66.03817981444521
2011-05-10,66.4730134713655
2011-05-11,66.00986570536341
2011-05-12,66.28578230356044
2011-05-13,65.5184951802195
2011-05-14,65.5184951802195
2011-05-15,65.5184951802195
2011-05-16,64.31274285437469
2011-05-17,64.69671423554848
2011-05-18,65.2334529275222
2011-05-19,65.54684784410941
2011-05-20,65.00407013261893
2011-05-21,65.00407013261893
2011-05-22,65.00407013261893
2011-05-23,64.027787608024
2011-05-24,63.67104033900202
2011-05-25,64.09444421406216
2011-05-26,64.39171181207766
2011-05-27,64.63020214874102
2011-05-28,64.63020214874102
2011-05-29,64.63020214874102
2011-05-30,64.63020214874102
2011-05-31,65.7074522063931
2011-06-01,64.48858818836737
2011-06-02,64.70224211527204
2011-06-03,63.81323263752021
2011-06-04,63.81323263752021
2011-06-05,63.81323263752021
2011-06-06,63.25255301771101
2011-06-07,62.99698342152672
2011-06-08,62.653792689693645
2011-06-09,62.75291238023949
2011-06-10,61.72543130953409
2011-06-11,61.72543130953409
2011-06-12,61.72543130953409
2011-06-13,61.63157305080908
2011-06-14,62.44667689105366
2011-06-15,61.27049384369506
2011-06-16,60.933167811153055
2011-06-17,60.467149034297385
2011-06-18,60.467149034297385
2011-06-19,60.467149034297385
2011-06-20,60.545700532054724
2011-06-21,61.81522951771471
2011-06-22,61.30140929118171
2011-06-23,61.800777560627274
2011-06-24,60.74625049971044
2011-06-25,60.74625049971044
2011-06-26,60.74625049971044
2011-06-27,61.815956949919524
2011-06-28,62.70887840653758
2011-06-29,62.8968684658346
2011-06-30,63.73361669352937
2011-07-01,64.69003609243279
2011-07-02,64.69003609243279
2011-07-03,64.69003609243279
2011-07-04,64.69003609243279
2011-07-05,65.05635731959094
2011-07-06,65.35097323263693
2011-07-07,66.30995092799557
2011-07-08,66.18534167138846
2011-07-09,66.18534167138846
2011-07-10,66.18534167138846
2011-07-11,65.05275463340632
2011-07-12,64.67722096833467
2011-07-13,64.95586334535406
2011-07-14,64.28173290806126
2011-07-15,65.38156863010612
2011-07-16,65.38156863010612
2011-07-17,65.38156863010612
2011-07-18,65.18255652187885
2011-07-19,66.65616452325439
2011-07-20,66.44683140246978
2011-07-21,66.86416187593088
2011-07-22,67.5571147584743
2011-07-23,67.5571147584743
2011-07-24,67.5571147584743
2011-07-25,67.52494691148
2011-07-26,67.72717835581939
2011-07-27,66.09468612776317
2011-07-28,66.16228786743831
2011-07-29,65.8469921686634
2011-07-30,65.8469921686634
2011-07-31,65.8469921686634
2011-08-01,65.61878228675418
2011-08-02,64.04736893645664
2011-08-03,64.60853981143939
2011-08-04,61.888301837175284
2011-08-05,61.63109827735441
2011-08-06,61.63109827735441
2011-08-07,61.63109827735441
2011-08-08,57.96106170989357
2011-08-09,60.77075774070168
2011-08-10,58.2570038651874
2011-08-11,60.74374117064285
2011-08-12,61.09605885221549
2011-08-13,61.09605885221549
2011-08-14,61.09605885221549
2011-08-15,61.86601548956031
2011-08-16,61.44041906085498
2011-08-17,61.13932103939646
2011-08-18,58.22593794937943
2011-08-19,57.266663677769536
2011-08-20,57.266663677769536
2011-08-21,57.266663677769536
2011-08-22,57.43730771012373
2011-08-23,59.74158570519231
2011-08-24,60.174524923014005
2011-08-25,59.18759751052966
2011-08-26,60.56237471253142
2011-08-27,60.56237471253142
2011-08-28,60.56237471253142
2011-08-29,62.18640994290991
2011-08-30,62.51762517336749
2011-08-31,62.526482878542765
2011-09-01,61.98593232437892
2011-09-02,60.714629185959694
2011-09-03,60.714629185959694
2011-09-04,60.714629185959694
2011-09-05,60.714629185959694
2011-09-06,60.69082775497518
2011-09-07,62.18661245470477
2011-09-08,62.028672940295806
2011-09-09,60.62832700623588
2011-09-10,60.62832700623588
2011-09-11,60.62832700623588
2011-09-12,61.35788101478423
2011-09-13,62.135800068586654
2011-09-14,62.93703568975253
2011-09-15,63.9710660767783
2011-09-16,64.73859621561087
2011-09-17,64.73859621561087
2011-09-18,64.73859621561087
2011-09-19,64.91123113799425
2011-09-20,64.67749088796958
2011-09-21,63.75845245751664
2011-09-22,61.723927563100276
2011-09-23,62.23593712424889
2011-09-24,62.23593712424889
2011-09-25,62.23593712424889
2011-09-26,62.91972770365594
2011-09-27,63.34491674197466
2011-09-28,62.57670851048927
2011-09-29,61.86859168809153
2011-09-30,60.273055158241505
2011-10-01,60.273055158241505
2011-10-02,60.273055158241505
2011-10-03,58.94897628855624
2011-10-04,60.0106179187091
2011-10-05,61.39957854539055
2011-10-06,62.314026997284714
2011-10-07,61.91815780172796
2011-10-10,64.15878115645313
2011-10-11,64.63769847324939
2011-10-12,64.9809619562094
2011-10-13,65.55712630072219
2011-10-14,66.97054513073772
2011-10-17,66.04271245292529
2011-10-18,66.80360205641571
2011-10-19,65.24511795008962
2011-10-20,64.85106820356478
2011-10-21,65.41532779711847
2011-10-24,66.68418367276654
2011-10-25,65.35733485630253
2011-10-26,65.35992867680044
2011-10-27,67.03470582590438
2011-10-28,67.18988924381426
2011-10-31,66.11889102954146
2011-11-01,64.39718073465451
2011-11-02,64.95433256800658
2011-11-03,66.33460172504131
2011-11-04,65.88754325950481
2011-11-07,66.47397499238801
2011-11-08,67.31627552884831
2011-11-09,65.0949731996572
2011-11-10,64.87406406535186
2011-11-11,65.95984318757701
2011-11-14,65.62083944976362
2011-11-15,66.41128657907507
2011-11-16,65.23473353790888
2011-11-17,63.89290331707489
2011-11-18,63.36683946268418
2011-11-21,62.094168776411266
2011-11-22,62.384808568587474
2011-11-23,61.00373194481891
2011-11-25,60.55878261808579
2011-11-28,62.6066146021149
2011-11-29,62.20834285189288
2011-11-30,64.41235406185046
2011-12-01,64.86550951761191
2011-12-02,64.80457608413232
2011-12-05,65.42462191668676
2011-12-06,65.27432889579217
2011-12-07,65.2677822869927
2011-12-08,64.43621005044722
2011-12-09,65.37389157837298
2011-12-12,64.69176104163199
2011-12-13,64.0780644603065
2011-12-14,63.08256475342378
2011-12-15,62.89114863548639
2011-12-16,63.27332242482919
2011-12-19,62.70232918000304
2011-12-20,64.44526928124665
2011-12-21,63.462761595519666
2011-12-22,63.87312817923841
2011-12-23,64.45203860001976
2011-12-27,64.64691153067483
2011-12-28,64.00248477445912
2011-12-29,64.47256575777705
2011-12-30,64.32352480678631
2012-01-03,65.69913203181332
2012-01-04,66.05254305029518
2012-01-05,66.49953270928216
2012-01-06,66.72065031583818
2012-01-09,66.35078416441695
2012-01-10,66.77046430130622
2012-01-11,66.87140584286718
2012-01-12,67.11621410993698
2012-01-13,66.97634073662435
2012-01-17,67.55200799467234
2012-01-18,68.32467421402072
2012-01-19,68.60128872246487
2012-01-20,68.50902922552797
2012-01-23,68.54918642708769
2012-01-24,68.29296617276296
2012-01-25,69.3060733158233
2012-01-26,69.02122458957558
2012-01-27,69.18762888018115
2012-01-30,69.42788747613463
2012-01-31,69.5164272484769
2012-02-01,69.90476237770433
2012-02-02,70.10942186318667
2012-02-03,71.0508414898837
2012-02-06,71.10442163727707
2012-02-07,71.26354311455802
2012-02-08,71.61411409404558
2012-02-09,72.16966529938026
2012-02-10,71.84561919491446
2012-02-13,72.58500063014199
2012-02-14,72.72571760318664
2012-02-15,72.09313214256042
2012-02-16,73.06060006971538
2012-02-17,72.85323732906578
2012-02-21,73.19217804969428
2012-02-22,72.8286213419012
2012-02-23,73.21897818221686
2012-02-24,73.56371044392105
2012-02-27,73.6459558982046
2012-02-28,74.53961289806759
2012-02-29,74.35959684944237
2012-03-01,74.93445924843246
2012-03-02,74.90555903345847
2012-03-05,74.18900580468019
2012-03-06,73.5417172750121
2012-03-07,74.05857217411817
2012-03-08,74.87937273513559
2012-03-09,75.09709313328064
2012-03-12,75.22260830676126
2012-03-13,76.6588061718248
2012-03-14,77.15993480108368
2012-03-15,77.20730298032703
2012-03-16,77.13280022982642
2012-03-19,77.81770314242618
2012-03-20,78.09434104801849
2012-03-21,77.94879675650225
2012-03-22,77.85182239895924
2012-03-23,77.75411248324178
2012-03-26,79.20801636237879
2012-03-27,79.43368071801386
2012-03-28,79.23500619590226
2012-03-29,78.9311636770091
2012-03-30,78.68911571978832
2012-04-02,79.55810742394156
2012-04-03,79.64691393127195
2012-04-04,78.69012474507753
2012-04-05,79.23918577866944
2012-04-09,78.7261515885863
2012-04-10,77.55920962506944
2012-04-11,77.85149762516184
2012-04-12,78.74652830595872
2012-04-13,77.49229948609512
2012-04-16,76.51655481741477
2012-04-17,78.14875548728358
2012-04-18,77.9538926904703
2012-04-19,77.09867674498776
2012-04-20,76.91199305784926
2012-04-23,76.31186190805616
2012-04-24,75.9901030649456
2012-04-25,78.27035650256474
2012-04-26,78.54522375554893
2012-04-27,79.0366851865529
2012-04-30,78.41630190913813
2012-05-01,78.37312340211317
2012-05-02,78.56673420161151
2012-05-03,78.00083684673076
2012-05-04,76.04332245772949
2012-05-07,75.95750879642499
2012-05-08,75.82088844883141
2012-05-09,75.6242640428813
2012-05-10,75.41480769197203
2012-05-11,75.34075545236315
2012-05-14,74.61304951804505
2012-05-15,74.4015989069917
2012-05-16,73.8969411407295
2012-05-17,72.46549720555686
2012-05-18,71.6875191439993
2012-05-21,73.64065525852669
2012-05-22,73.40243026716301
2012-05-23,73.63982890545985
2012-05-24,73.2033754111539
2012-05-25,72.9570484072503
2012-05-29,73.95407780480693
2012-05-30,73.53107725908731
2012-05-31,73.31712910266131
2012-06-01,71.46437089257887
2012-06-04,72.10110074716451
2012-06-05,72.26496172259749
2012-06-06,73.87673238127803
2012-06-07,73.66861417864853
2012-06-08,74.33149882167599
2012-06-11,73.17399090175107
2012-06-12,73.89009032472141
2012-06-13,73.47525889669443
2012-06-14,73.81953157844673
2012-06-15,74.68232243043255
2012-06-18,75.2622980579948
2012-06-19,76.08549645050806
2012-06-20,76.11238660895077
2012-06-21,74.36363324154925
2012-06-22,75.17269269619884
2012-06-25,73.72080799575042
2012-06-26,74.07988233870509
2012-06-27,74.55092075280234
2012-06-28,73.77691263872183
2012-06-29,75.96870735687395
2012-07-02,76.32497981700757
2012-07-03,76.84867027446133
2012-07-05,76.90445244183923
2012-07-06,76.02618003790933
2012-07-09,76.1780855034896
2012-07-10,75.47580354844942
2012-07-11,75.07431251472235
2012-07-12,74.22743709506796
2012-07-13,75.4594216997671
2012-07-16,75.31113209113539
2012-07-17,75.73247724893989
2012-07-18,76.63558286287304
2012-07-19,77.60288157416069
2012-07-20,76.67150370214489
2012-07-23,75.85251899186227
2012-07-24,75.15079957003829
2012-07-25,74.43580821844512
2012-07-26,75.3175408072442
2012-07-27,77.20656033143527
2012-07-30,77.19111164280474
2012-07-31,77.30443682261341
2012-08-01,77.11111601860878
2012-08-02,76.87279151134626
2012-08-03,78.29691611417414
2012-08-06,78.87458742821293
2012-08-07,79.36972635453324
2012-08-08,79.23685040375659
2012-08-09,79.55278429858362
2012-08-10,79.60948422384311
2012-08-13,79.89818378981136
2012-08-14,79.97909576918447
2012-08-15,80.15298061665536
2012-08-16,81.13363874592287
2012-08-17,81.55100540769894
2012-08-20,81.78158241122227
2012-08-21,81.30552157963541
2012-08-22,81.67631458965396
2012-08-23,81.04624534099267
2012-08-24,81.52021679361081
2012-08-27,81.78349827713123
2012-08-28,81.80373589768993
2012-08-29,81.76508281238216
2012-08-30,80.9229550709623
2012-08-31,81.48966086159413
2012-09-04,81.48974148346522
2012-09-05,81.29069530674178
2012-09-06,83.05755783424871
2012-09-07,82.99485859723595
2012-09-10,81.79983959342808
2012-09-11,81.69047913447592
2012-09-12,81.97598079945708
2012-09-13,83.18510952824627
2012-09-14,83.85817352949479
2012-09-17,84.05397301727757
2012-09-18,84.15053518523189
2012-09-19,84.30666269369028
2012-09-20,84.28850755251987
2012-09-21,84.264528645268
2012-09-24,83.83377022262708
2012-09-25,82.66705335241289
2012-09-26,81.9995010087418
2012-09-27,83.18973455868756
2012-09-28,82.42481736158373
2012-10-01,82.20875281052155
2012-10-02,82.37322871036167
2012-10-03,83.0908858098758
2012-10-04,83.33387205968616
2012-10-05,82.77740165861728
2012-10-08,81.96849798816582
2012-10-09,80.65081735593249
2012-10-10,80.32515456173361
2012-10-11,79.9677364189358
2012-10-12,80.04931366168883
2012-10-15,80.60633290036884
2012-10-16,81.71693407896464
2012-10-17,81.6883793862399
2012-10-18,80.58913275944441
2012-10-19,78.55772750949605
2012-10-22,79.10694931726228
2012-10-23,78.2336227924533
2012-10-24,77.97398894507876
2012-10-25,77.79440903105959
2012-10-26,78.23726526053342
2012-10-31,77.64373147386391
2012-11-01,78.62573466121853
2012-11-02,77.86605608855024
2012-11-05,78.30344985502096
2012-11-06,78.37194406051722
2012-11-07,76.3782556803927
2012-11-08,75.20052583298909
2012-11-09,75.62673001415077
2012-11-12,75.67554103632271
2012-11-13,75.07729891100786
2012-11-14,74.26936304958804
2012-11-15,73.9358304018092
2012-11-16,74.3094568387104
2012-11-19,76.16326975257462
2012-11-20,76.21611604361152
2012-11-21,76.3869030069034
2012-11-23,77.53159975581892
2012-11-26,77.94086408724573
2012-11-27,77.70816712664386
2012-11-28,78.37592154184946
2012-11-29,78.8273781735818
2012-11-30,78.77118935523035
2012-12-03,78.6215730598173
2012-12-04,78.39393285750279
2012-12-05,77.38249128170963
2012-12-06,77.90803343082962
2012-12-07,77.26323616197979
2012-12-10,77.43675989694543
2012-12-11,78.50431151730797
2012-12-12,78.32244047947148
2012-12-13,77.64724801640709
2012-12-14,76.6966065857181
2012-12-17,77.87199408899477
2012-12-18,79.08100157374801
2012-12-19,78.63106013907628
2012-12-20,78.66963214214755
2012-12-21,77.90277274198846
2012-12-24,77.68648635718739
2012-12-26,77.10733153484372
2012-12-27,76.95828700254242
2012-12-28,76.17632005902254
2012-12-31,77.74403985689733
2013-01-02,80.36920972419291
2013-01-03,79.86092718310614
2013-01-04,79.49866432771233
2013-01-07,79.54142510703608
2013-01-08,79.4645204952281
2013-01-09,79.63356511500572
2013-01-10,80.147877784747
2013-01-11,80.32085799074942
2013-01-14,79.68356522165097
2013-01-15,79.10765055476026
2013-01-16,79.61518501734719
2013-01-17,79.86199048437095
2013-01-18,79.62755195405953
2013-01-22,79.66683505900366
2013-01-23,80.27643389744097
2013-01-24,78.55061306906426
2013-01-25,78.76600007313752
2013-01-28,79.01326978624894
2013-01-29,79.05396249056392
2013-01-30,78.99625539459409
2013-01-31,78.7646570966504
2013-02-01,79.58528074655825
2013-02-04,78.07245405081437
2013-02-05,79.28573098361426
2013-02-06,79.0260012006273
2013-02-07,79.27289567635717
2013-02-08,80.09874380712854
2013-02-11,80.11288842275516
2013-02-12,79.62938700062902
2013-02-13,79.9754887540372
2013-02-14,79.89367867423047
2013-02-15,79.62532902381494
2013-02-19,80.24882514869353
2013-02-20,79.09582039237972
2013-02-21,78.3087033346153
2013-02-22,79.00590831812207
2013-02-25,77.99945165120778
2013-02-26,78.38381178898709
2013-02-27,79.0321444160017
2013-02-28,78.98733351785317
2013-03-01,79.13338862512312
2013-03-04,79.41396555713666
2013-03-05,80.62728278507768
2013-03-06,80.3504333040158
2013-03-07,80.67276961398659
2013-03-08,80.70750920451715
2013-03-11,80.92671416165837
2013-03-12,80.47515938953725
2013-03-13,80.28151516537605
2013-03-14,80.53150637743703
2013-03-15,80.45324541459607
2013-03-18,80.43291727462609
2013-03-19,80.36574310276825
2013-03-20,80.7456135692138
2013-03-21,79.75567509275805
2013-03-22,80.52408088138985
2013-03-25,80.23660438410863
2013-03-26,80.71911177301646
2013-03-27,80.83432337677687
2013-03-28,80.97335460933573
2013-04-01,80.41332362165178
2013-04-02,81.18760101116101
2013-04-03,80.55650897843259
2013-04-04,80.52378509724306
2013-04-05,79.82364658759448
2013-04-08,80.16234446957753
2013-04-09,80.78456094309243
2013-04-10,82.4191439361714
2013-04-11,82.2717547386732
2013-04-12,82.21415210192275
2013-04-15,80.63047983151249
2013-04-16,81.79308981637902
2013-04-17,80.12574560666937
2013-04-18,78.93950058442363
2013-04-19,80.02191535790513
2013-04-22,81.09014187321291
2013-04-23,81.76515524753725
2013-04-24,81.58899389140934
2013-04-25,81.93817099400164
2013-04-26,81.72211426560817
2013-04-29,82.60689421634618
2013-04-30,83.29720200086219
2013-05-01,82.87655114862712
2013-05-02,84.03282560395537
2013-05-03,84.9653687685714
2013-05-06,85.31091981435068
2013-05-07,85.06838520622361
2013-05-08,85.53156531672781
2013-05-09,85.36080166950043
2013-05-10,85.83819066552232
2013-05-13,86.03940737900015
2013-05-14,86.36310782728478
2013-05-15,86.49402331771216
2013-05-16,86.60686928528625
2013-05-17,87.45206386397493
2013-05-20,87.36840649023766
2013-05-21,87.41569864471134
2013-05-22,86.6518642544464
2013-05-23,86.37104701744478
2013-05-24,86.41645745068435
2013-05-28,87.03295299800585
2013-05-29,86.54330171846331
2013-05-30,86.98364189984468
2013-05-31,86.23140590261592
2013-06-03,86.5310191333999
2013-06-04,86.00687437036589
2013-06-05,85.00599000591824
2013-06-06,85.1637248833741
2013-06-07,86.27440696416915
2013-06-10,86.43885035680165
2013-06-11,85.57666602568517
2013-06-12,84.68507294173068
2013-06-13,85.66104914103173
2013-06-14,85.06114660353427
2013-06-17,85.85589256365135
2013-06-18,86.49120461856572
2013-06-19,85.34134497693947
2013-06-20,83.45356558729651
2013-06-21,82.90889157242286
2013-06-24,82.03655129385014
2013-06-25,82.46185237148165
2013-06-26,83.178009593839
2013-06-27,83.39460558333745
2013-06-28,83.5883308721639
2013-07-01,84.00083154353342
2013-07-02,84.12416225099969
2013-07-03,84.48267203423842
2013-07-05,85.00855609597355
2013-07-08,85.18597967162088
2013-07-09,85.79933690749445
2013-07-10,86.23365005099485
2013-07-11,87.98476708644317
2013-07-12,88.35113145359597
2013-07-15,88.57941235666215
2013-07-16,88.64061045271376
2013-07-17,88.84946934849395
2013-07-18,88.28223275025826
2013-07-19,86.98814663448009
2013-07-22,87.33482443918653
2013-07-23,86.70669094402754
2013-07-24,87.41661247508195
2013-07-25,88.11060673129833
2013-07-26,88.72342172638832
2013-07-29,88.57773377260247
2013-07-30,89.05340068515889
2013-07-31,89.03539826801332
2013-08-01,89.92221772378467
2013-08-02,90.6051582944526
2013-08-05,90.61534689549411
2013-08-06,90.01755782522474
2013-08-07,90.07225296520363
2013-08-08,90.39626896638111
2013-08-09,89.98160976537847
2013-08-12,90.3190104058071
2013-08-13,90.87168458768244
2013-08-14,90.70166961535739
2013-08-15,89.2338911379774
2013-08-16,89.21573079100777
2013-08-19,89.22447685280667
2013-08-20,89.45070241514426
2013-08-21,89.22445855378969
2013-08-22,90.07750361534244
2013-08-23,90.94116534379104
2013-08-26,90.84538841339915
2013-08-27,89.05747289472806
2013-08-28,89.28702458562746
2013-08-29,89.93307623490963
2013-08-30,89.37116619260004
2013-09-03,89.6441819566312
2013-09-04,90.48545631882607
2013-09-05,90.5472101973998
2013-09-06,90.7297719337011
2013-09-09,91.78166295185505
2013-09-10,92.05765706670405
2013-09-11,91.84065981959617
2013-09-12,91.86600924355204
2013-09-13,91.92561687596552
2013-09-16,91.44329559595286
2013-09-17,92.08886694742122
2013-09-18,93.25390300351658
2013-09-19,93.46113911103768
2013-09-20,93.04788863312996
2013-09-23,93.015616441227
2013-09-24,92.98094551659699
2013-09-25,92.58051221014192
2013-09-26,93.36446420504198
2013-09-27,93.28597775912617
2013-09-30,92.88209441147974
2013-10-01,93.94551052582142
2013-10-02,94.01157516179074
2013-10-03,92.83569091833311
2013-10-04,93.60585998540446
2013-10-07,92.7755826171699
2013-10-08,90.9362955955729
2013-10-09,90.7930227035938
2013-10-10,92.78940829365926
2013-10-11,93.49283841932322
2013-10-14,94.04355394554398
2013-10-15,93.88362863013234
2013-10-16,94.99908205524915
2013-10-17,95.50409603416382
2013-10-18,97.42887622271306
2013-10-21,97.71841152036126
2013-10-22,97.89519495350949
2013-10-23,97.4694811693367
2013-10-24,97.96355712526787
2013-10-25,98.7853339830598
2013-10-28,98.76958181985965
2013-10-29,98.95344666034222
2013-10-30,98.95214210271047
2013-10-31,98.7836985074526
2013-11-01,98.7604812896373
2013-11-04,98.72052211470378
2013-11-05,99.06039041520103
2013-11-06,99.28162247032836
2013-11-07,97.32241119116689
2013-11-08,98.67512323221546
2013-11-11,98.4528689311432
2013-11-12,98.55528336970454
2013-11-13,99.82816345149487
2013-11-14,100.0598553800184
2013-11-15,100.12577093536228
2013-11-18,99.20106944074217
2013-11-19,99.19555577501494
2013-11-20,98.91546561427882
2013-11-21,99.91912245789061
2013-11-22,100.55535381094894
2013-11-25,100.74371229143358
2013-11-26,101.32217970510229
2013-11-27,102.1568063751678
2013-11-29,102.78868181636366
2013-12-02,102.58123303854308
2013-12-03,102.5561924281748
2013-12-04,102.84734752641846
2013-12-05,102.69787800081463
2013-12-06,103.3115183855077
2013-12-09,103.75389771796608
2013-12-10,103.63806366887873
2013-12-11,102.30835015283236
2013-12-12,102.04649570887278
2013-12-13,101.77673572653447
2013-12-16,102.35317522230841
2013-12-17,101.98937475585674
2013-12-18,103.19853435542481
2013-12-19,102.85540246500258
2013-12-20,103.88757990118292
2013-12-23,105.13597160106642
2013-12-24,105.13200581763735
2013-12-26,105.48228324325822
2013-12-27,105.1366093312503
2013-12-30,104.84768163511916
2013-12-31,105.54893892782984
2014-01-02,104.81372961783876
2014-01-03,103.91234072826329
2014-01-06,103.57880475887407
2014-01-07,104.42217380027944
2014-01-08,104.63984385822732
2014-01-09,104.23665287562227
2014-01-10,104.56434373848688
2014-01-13,103.06221598009367
2014-01-14,104.98628882297703
2014-01-15,105.99681314224529
2014-01-16,106.05043422284652
2014-01-17,105.21223136161525
2014-01-21,106.10208003663169
2014-01-22,106.35118369111709
2014-01-23,105.97289071509314
2014-01-24,104.0703067882865
2014-01-27,103.04267848445423
2014-01-28,102.69781092284413
2014-01-29,101.43811707333813
2014-01-30,103.33870605609448
2014-01-31,103.15333720112382
2014-02-03,100.75217316574458
2014-02-04,101.63230914385619
2014-02-05,101.21225794548826
2014-02-06,102.33553281560476
2014-02-07,104.07976233495779
2014-02-10,104.66468123307072
2014-02-11,105.73083519218011
2014-02-12,105.90123381748977
2014-02-13,106.88017853827512
2014-02-14,106.94555208310476
2014-02-18,107.36516811539317
2014-02-19,106.44935077567733
2014-02-20,106.8000236524253
2014-02-21,106.34249629820407
2014-02-24,107.00407905953213
2014-02-25,106.7197781363507
2014-02-26,106.5083294421735
2014-02-27,107.27695863187677
2014-02-28,107.27776986747425
2014-03-03,106.34517118708344
2014-03-04,107.82136908110927
2014-03-05,108.18802421547895
2014-03-06,108.11226435065373
2014-03-07,107.59384015204003
2014-03-10,107.76736012512791
2014-03-11,107.36495276540909
2014-03-12,107.80074206305648
2014-03-13,106.30301211281198
2014-03-14,105.3295276440245
2014-03-17,106.4134619184087
2014-03-18,107.81329229448174
2014-03-19,107.110275298106
2014-03-20,107.4172841711754
2014-03-21,106.3919588914952
2014-03-24,105.60220414912018
2014-03-25,106.10846108924017
2014-03-26,104.6306119080176
2014-03-27,104.16481199705345
2014-03-28,104.25604701705163
2014-03-31,104.90883178869467
2014-04-01,106.71297721646411
2014-04-02,106.84411331966622
2014-04-03,105.97888312212467
2014-04-04,103.23207408723127
2014-04-07,102.4980583176847
2014-04-08,103.28832473434335
2014-04-09,105.3170455175964
2014-04-10,102.10427709326706
2014-04-11,101.0407105228103
2014-04-14,101.87765443975877
2014-04-15,102.34506802627038
2014-04-16,103.7934378749213
2014-04-17,103.70565372282529
2014-04-21,104.4643658269981
2014-04-22,105.14517441900256
2014-04-23,104.1982396452271
2014-04-24,105.52035012505756
2014-04-25,103.98609585941534
2014-04-28,104.60763158472759
2014-04-29,105.42724876954861
2014-04-30,105.4331596195517
2014-05-01,105.78689703402723
2014-05-02,105.49973310500192
2014-05-05,106.13563190038543
2014-05-06,104.57774858413973
2014-05-07,104.29705339377684
2014-05-08,104.23264617157585
2014-05-09,104.60971169936003
2014-05-12,106.24143901481257
2014-05-13,106.31671340035533
2014-05-14,105.91258590865158
2014-05-15,105.10407203223323
2014-05-16,105.75507357699898
2014-05-19,106.50603390548272
2014-05-20,106.24739955075366
2014-05-21,107.3080702180311
2014-05-22,107.60174223252751
2014-05-23,108.30530930610595
2014-05-27,109.68609562746849
2014-05-28,109.41565329036872
2014-05-29,110.1801253160518
2014-05-30,110.26967867614238
2014-06-02,110.05211209897891
2014-06-03,110.01661173537912
2014-06-04,110.40090592251335
2014-06-05,111.40727003832934
2014-06-06,111.79854060572023
2014-06-09,111.8617768161237
2014-06-10,112.14811014409958
2014-06-11,112.00020754166206
2014-06-12,110.8900754409689
2014-06-13,111.24414109381587
2014-06-16,111.34910560907201
2014-06-17,111.20558912440143
2014-06-18,111.93945379732946
2014-06-19,111.84252906812816
2014-06-20,111.82898387528147
2014-06-23,111.89864573111616
2014-06-24,111.67632724291902
2014-06-25,112.59012736586521
2014-06-26,112.64737651365203
2014-06-27,113.1981475305358
2014-06-30,113.23604064531182
2014-07-01,114.54029794633173
2014-07-02,114.75273865485997
2014-07-03,115.35106756399671
2014-07-07,115.19680149151831
2014-07-08,113.85511352374219
2014-07-09,114.75635731558631
2014-07-10,114.42705289388643
2014-07-11,115.33070863736404
2014-07-14,116.14286651365042
2014-07-15,115.71421618853239
2014-07-16,116.3061808442332
2014-07-17,114.73445994215658
2014-07-18,116.65881132152509
2014-07-21,116.57736309150764
2014-07-22,117.53108813470678
2014-07-23,118.53144073510708
2014-07-24,118.34661249328488
2014-07-25,117.8752182240996
2014-07-28,117.96276650918557
2014-07-29,117.70947599263204
2014-07-30,118.12294307325652
2014-07-31,115.50736483693976
2014-08-01,115.03286083640779
2014-08-04,115.97304038226791
2014-08-05,114.93117701544355
2014-08-06,114.86634603931537
2014-08-07,114.60317094805828
2014-08-08,115.41547738191366
2014-08-11,116.10927366496372
2014-08-12,115.99278842011171
2014-08-13,117.42255484580944
2014-08-14,117.93020941357074
2014-08-15,118.41743625724476
2014-08-18,119.50308346090677
2014-08-19,120.2007663626164
2014-08-20,120.12389553667775
2014-08-21,120.37371796008975
2014-08-22,120.44823906498885
2014-08-25,120.89925106132222
2014-08-26,120.9829508162379
2014-08-27,121.03626736409848
2014-08-28,120.76454661556865
2014-08-29,121.25400603626325
2014-09-02,121.61166238671885
2014-09-03,120.60634687669301
2014-09-04,120.47526921475259
2014-09-05,121.22478995868215
2014-09-08,121.49647397192963
2014-09-09,120.47786834063575
2014-09-10,121.58214086228315
2014-09-11,121.49032062342454
2014-09-12,120.83459678575056
2014-09-15,119.77532716561845
2014-09-16,120.8918718556661
2014-09-17,120.9972133460343
2014-09-18,121.79527502599018
2014-09-19,121.97593851664402
2014-09-22,120.82877342874022
2014-09-23,120.7104399331863
2014-09-24,121.94585355449735
2014-09-25,119.20806095418794
2014-09-26,120.68015967069356
2014-09-29,120.56577170301867
2014-09-30,120.77521842164606
2014-10-01,118.9618967877312
2014-10-02,118.96201021498834
2014-10-03,120.11171040639464
2014-10-06,119.7340279174816
2014-10-07,118.04154808293728
2014-10-08,120.60888009179092
2014-10-09,118.60066748319312
2014-10-10,115.85280606033214
2014-10-13,114.00881439916677
2014-10-14,113.8851466512633
2014-10-15,112.97863741157076
2014-10-16,112.2370688882595
2014-10-17,113.79385097934215
2014-10-20,115.53138184444593
2014-10-21,118.48360565552247
2014-10-22,118.00038646012257
2014-10-23,119.88356806243812
2014-10-24,120.66948472282775
2014-10-27,120.85593456835949
2014-10-28,122.62925169942565
2014-10-29,122.19449747904136
2014-10-30,122.2914179965106
2014-10-31,123.88163887710292
2014-11-03,124.18484167471777
2014-11-04,123.87156835147222
2014-11-05,123.63110030159932
2014-11-06,123.8874615775436
2014-11-07,123.79906565843459
2014-11-10,124.30149461528916
2014-11-11,124.78683908326072
2014-11-12,125.0544218347154
2014-11-13,125.7068718001378
2014-11-14,126.0043096401311
2014-11-17,125.6167804443078
2014-11-18,126.5298222265331
2014-11-19,125.90478883283689
2014-11-20,126.60112828985822
2014-11-21,126.76706781942943
2014-11-24,127.71259155148493
2014-11-25,127.83556058224801
2014-11-26,128.74833410932948
2014-11-28,129.28627309886218
2014-12-01,127.80245400440434
2014-12-02,128.38638945274332
2014-12-03,128.3629513528316
2014-12-04,128.44309306786687
2014-12-05,128.3082791207824
2014-12-08,127.44969618368543
2014-12-09,128.03832187117328
2014-12-10,125.9447619386925
2014-12-11,126.52880373572069
2014-12-12,125.19623779541587
2014-12-15,123.75474014415119
2014-12-16,121.44464978386438
2014-12-17,123.7444019436152
2014-12-18,126.8700576582444
2014-12-19,127.32036120148294
2014-12-22,127.51022138962273
2014-12-23,126.96134360764171
2014-12-24,127.04662616674956
2014-12-26,128.21287249410858
2014-12-29,128.1173069944208
2014-12-30,127.14830656477866
2014-12-31,125.60667274621815
2015-01-02,125.45091551081725
2015-01-05,123.41625713530459
2015-01-06,122.1027468282939
2015-01-07,123.57835227024148
2015-01-08,125.93111242340322
2015-01-09,125.18478531078867
2015-01-12,123.96079401858857
2015-01-13,123.94566254496377
2015-01-14,123.48842677842825
2015-01-15,121.71808481544561
2015-01-16,123.09253166552266
2015-01-20,124.11786578441627
2015-01-21,124.61015047533934
2015-01-22,127.08207067522329
2015-01-23,127.40067856101841
2015-01-26,127.21004060684581
2015-01-27,123.38122738657971
2015-01-28,122.90568375167234
2015-01-29,124.22130201528918
2015-01-30,123.82274706993812
2015-02-02,125.0710117382599
2015-02-03,125.95389078948637
2015-02-04,125.64492054543301
2015-02-05,126.80805694017715
2015-02-06,125.94182107609168
2015-02-09,125.68406947921669
2015-02-10,127.6909968872786
2015-02-11,128.24955077579995
2015-02-12,129.73602790543242
2015-02-13,130.76980872337967
2015-02-17,130.89942825232507
2015-02-18,131.0637375363947
2015-02-19,131.6613863001703
2015-02-20,132.49200738818277
2015-02-23,132.94138050565937
2015-02-24,132.94142122683584
2015-02-25,132.55023893884314
2015-02-26,133.2414012460556
2015-02-27,132.3338155094778
2015-03-02,133.5563458632298
2015-03-03,132.91182548678051
2015-03-04,132.6214301637119
2015-03-05,132.68556265475715
2015-03-06,131.20726281478164
2015-03-09,131.64437417707074
2015-03-10,129.0566976924088
2015-03-11,128.07511586487863
2015-03-12,128.75818395753936
2015-03-13,128.1034242821021
2015-03-16,129.69049891434827
2015-03-17,129.9671265552022
2015-03-18,131.4868716442445
2015-03-19,131.53476670917806
2015-03-20,132.4780700043039
2015-03-23,132.22648180496196
2015-03-24,131.83100454074298
2015-03-25,128.61003618909467
2015-03-26,128.36273132026076
2015-03-27,128.6174857183492
2015-03-30,130.05149708480297
2015-03-31,128.59689319095733
2015-04-01,127.89388921540471
2015-04-02,128.0214074589634
2015-04-06,129.1326230139786
2015-04-07,128.93452380257133
2015-04-08,129.7121672963695
2015-04-09,130.56214714093048
2015-04-10,131.0870380551681
2015-04-13,130.8123727978599
2015-04-14,130.50501210400705
2015-04-15,131.3722630876123
2015-04-16,131.03250180986865
2015-04-17,128.83846724983664
2015-04-20,131.0663088039676
2015-04-21,131.30270009167856
2015-04-22,132.10265512440924
2015-04-23,132.56360524386463
2015-04-24,135.0902513813439
2015-04-27,134.9606935999454
2015-04-28,134.62062467987073
2015-04-29,133.8368208172645
2015-04-30,131.34120461199407
2015-05-01,133.30486046872622
2015-05-04,133.45370795048706
2015-05-05,131.24402147795016
2015-05-06,130.19200583624954
2015-05-07,130.98488697812718
2015-05-08,132.95414048870384
2015-05-11,132.1804254083267
2015-05-12,131.6783724549758
2015-05-13,131.86626739532397
2015-05-14,134.16874703897122
2015-05-15,134.0877967165384
2015-05-18,134.6718264671455
2015-05-19,134.57884993124588
2015-05-20,134.8610912797083
2015-05-21,135.6775950730844
2015-05-22,135.5561084631233
2015-05-26,133.8043428091485
2015-05-27,135.91385989091089
2015-05-28,135.48348867675915
2015-05-29,134.51445393682678
2015-06-01,134.86118662799458
2015-06-02,134.55114435894836
2015-06-03,134.89567828716008
2015-06-04,133.80526709552203
2015-06-05,133.31631914212255
2015-06-08,132.1048174471426
2015-06-09,131.94719416798847
2015-06-10,133.87229770441363
2015-06-11,133.95234168201688
2015-06-12,132.83593037512043
2015-06-15,132.24598923109875
2015-06-16,132.99410354067123
2015-06-17,133.35590301349472
2015-06-18,135.3199201616756
2015-06-19,134.66811051147738
2015-06-22,135.62059145895375
2015-06-23,135.92631360756832
2015-06-24,135.3490071966192
2015-06-25,135.0101928067925
2015-06-26,134.22757790960287
2015-06-29,131.24515581047993
2015-06-30,131.75285469735877
2015-07-01,132.74049050158874
2015-07-02,132.78627437184184
2015-07-06,132.42748896753938
2015-07-07,132.65572544780724
2015-07-08,130.46381907441616
2015-07-09,130.39591879399475
2015-07-10,132.51271962641297
2015-07-13,134.96787679769244
2015-07-14,135.92063199050799
2015-07-15,136.2934309129398
2015-07-16,138.6890083652859
2015-07-17,141.44809480162957
2015-07-20,142.20312443079303
2015-07-21,142.09358552941254
2015-07-22,140.2273736159286
2015-07-23,139.37176015514763
2015-07-24,138.0771239690563
2015-07-27,137.16317325983263
2015-07-28,138.2487574811096
2015-07-29,138.77780659892244
2015-07-30,139.27929870964115
2015-07-31,139.0010194753023
2015-08-03,138.6366862078213
2015-08-04,138.07742934349474
2015-08-05,139.15365528143866
2015-08-06,137.28039380918867
2015-08-07,136.92133925396317
2015-08-10,138.70615226113222
2015-08-11,136.71954714176564
2015-08-12,137.46089628463113
2015-08-13,137.18232383548852
2015-08-14,137.6837919872778
2015-08-17,138.75345707396252
2015-08-18,138.12755522952793
2015-08-19,137.15522162477387
2015-08-20,133.46525877189973
2015-08-21,127.18471767737061
2015-08-24,122.24422808985652
2015-08-25,121.56442982833805
2015-08-26,128.18556480736873
2015-08-27,131.29956303534294
2015-08-28,131.4743383222848
2015-08-31,129.7710816033319
2015-09-01,125.62551759075033
2015-09-02,129.40842856798923
2015-09-03,128.49213855628528
2015-09-04,127.05003884745497
2015-09-08,130.58475424615915
2015-09-09,129.0769910445657
2015-09-10,130.66215313325256
2015-09-11,131.5140611198736
2015-09-14,131.10381820094258
2015-09-15,132.7272745343098
2015-09-16,133.29664533274303
2015-09-17,133.27011460442668
2015-09-18,131.53197651670163
2015-09-21,132.0008283012366
2015-09-22,130.35788874016436
2015-09-23,130.5378879993425
2015-09-24,130.1653726642711
2015-09-25,128.94036073317062
2015-09-28,125.40680258699714
2015-09-29,124.74493900229137
2015-09-30,127.69819464343169
2015-10-01,128.3095004077643
2015-10-02,130.4502072009018
2015-10-05,132.44560814670325
2015-10-06,131.85631350493873
2015-10-07,132.66957755371317
2015-10-08,133.13476117117682
2015-10-09,133.79781559308412
2015-10-12,134.16413155442177
2015-10-13,133.49020603349393
2015-10-14,132.98658597834785
2015-10-15,135.3047511485252
2015-10-16,136.04806695230653
2015-10-19,136.94956275380773
2015-10-20,136.18951570197765
2015-10-21,135.57856982225326
2015-10-22,138.22525503222644
2015-10-23,142.66924510707878
2015-10-26,143.0334385655822
2015-10-27,143.45090584396073
2015-10-28,144.67537493524097
2015-10-29,144.74158939169087
2015-10-30,143.88478837476023
2015-11-02,145.7481567531674
2015-11-03,146.17059268934986
2015-11-04,146.2032454294624
2015-11-05,145.8276588027727
2015-11-06,145.83046657699305
2015-11-09,144.25203301285148
2015-11-10,143.78849859208634
2015-11-11,143.76782722841125
2015-11-12,142.30536657869362
2015-11-13,139.36207780776914
2015-11-16,141.3550736208045
2015-11-17,141.34530551660134
2015-11-18,144.2465132006118
2015-11-19,144.37309432458886
2015-11-20,145.35061216715258
2015-11-23,145.09890705163377
2015-11-24,144.81224761600927
2015-11-25,144.6564147081309
2015-11-27,144.8674537725205
2015-11-30,144.16072162278533
2015-12-01,145.62963171024862
2015-12-02,144.77989014029822
2015-12-03,142.29852328737348
2015-12-04,145.90492374174667
2015-12-07,145.05359663230007
2015-12-08,145.14801331283738
2015-12-09,142.7841828073258
2015-12-10,143.39037220917393
2015-12-11,140.12827435648475
2015-12-14,141.36095308902532
2015-12-15,141.83014096448056
2015-12-16,143.98615063362598
2015-12-17,141.97891480340434
2015-12-18,139.1807420367688
2015-12-21,140.57668809189346
2015-12-22,141.36901448272508
2015-12-23,142.5755323271938
2015-12-24,142.42710491760823
2015-12-28,142.47420955708378
2015-12-29,144.74333462989446
2015-12-30,143.5246140451374
2015-12-31,141.50703651178526
2016-01-04,138.6597247335239
2016-01-05,138.04065615352317
2016-01-06,136.9835105919582
2016-01-07,132.5096127852932
2016-01-08,131.55659200693742
2016-01-11,132.24894796855108
2016-01-12,133.7917421904532
2016-01-13,129.22972019834765
2016-01-14,132.1404952952775
2016-01-15,127.98183466646822
2016-01-19,128.1738930560408
2016-01-20,127.90175512398747
2016-01-21,127.97232352431288
2016-01-22,131.74907265041014
2016-01-25,129.82280258760258
2016-01-26,130.752091213985
2016-01-27,127.29228162980228
2016-01-28,129.60111735710163
2016-01-29,132.2337275394117
2016-02-01,132.25765031191082
2016-02-02,129.5179661656387
2016-02-03,128.8893020520613
2016-02-04,128.73456374879652
2016-02-05,124.35420497516645
2016-02-08,123.15973875382636
2016-02-09,122.86280244449102
2016-02-10,123.42127520078725
2016-02-11,123.54966692058551
2016-02-12,125.13770801426514
2016-02-16,127.71297484218395
2016-02-17,130.6849011214361
2016-02-18,129.05877657123818
2016-02-19,129.35045670862957
2016-02-22,131.30927802278296
2016-02-23,129.08181344729704
2016-02-24,130.19424744998605
2016-02-25,131.3265654325345
2016-02-26,131.17993778448601
2016-02-29,130.1771701726081
2016-03-01,134.51365804445794
2016-03-02,134.56033926837893
2016-03-03,134.12290520143483
2016-03-04,134.2068774329303
2016-03-07,133.0740357409424
2016-03-08,132.21707352970745
2016-03-09,133.03636374968062
2016-03-10,132.85415079696142
2016-03-11,134.9850429717028
2016-03-14,135.17848413173814
2016-03-15,135.53474379132263
2016-03-16,136.60128932926483
2016-03-17,136.36518421837627
2016-03-18,136.38990509115672
2016-03-21,136.97042959111124
2016-03-22,137.3654898467754
2016-03-23,136.503693017404
2016-03-24,136.62068755941442
2016-03-28,136.3285832649869
2016-03-29,138.5574311568474
2016-03-30,139.3368628378109
2016-03-31,138.93548197499044
2016-04-01,140.64504578928234
2016-04-04,140.0895465015244
2016-04-05,138.83630432840448
2016-04-06,141.0594338046933
2016-04-07,139.06723982806722
2016-04-08,139.0567418683275
2016-04-11,138.59271254605147
2016-04-12,139.84868491140992
2016-04-13,141.5093942877331
2016-04-14,141.61879665971543
2016-04-15,141.36037713779726
2016-04-18,142.01402708646424
2016-04-19,141.28644500310565
2016-04-20,141.15823245981187
2016-04-21,141.12678445860826
2016-04-22,138.57767413943137
2016-04-25,138.8136568390839
2016-04-26,137.9512808821226
2016-04-27,136.36636175421344
2016-04-28,134.73243171228586
2016-04-29,134.244725423445
2016-05-02,135.53431101214264
2016-05-03,134.40161918091349
2016-05-04,133.687137507756
2016-05-05,133.71322484019842
2016-05-06,134.2497538123181
2016-05-09,134.6321774360207
2016-05-10,136.6136413646078
2016-05-11,135.44862520391376
2016-05-12,134.8682881456583
2016-05-13,134.27581349012314
2016-05-16,135.8367280116621
2016-05-17,133.97108221310432
2016-05-18,134.66530794992315
2016-05-19,134.0396856107087
2016-05-20,135.45141946750198
2016-05-23,135.20741133758986
2016-05-24,137.94094947638672
2016-05-25,139.14165931492914
2016-05-26,139.33128607116467
2016-05-27,139.95625810045385
2016-05-31,140.2081422745153
2016-06-01,140.15020986158677
2016-06-02,140.26111420119042
2016-06-03,139.74190539067433
2016-06-06,140.14591030890315
2016-06-07,139.70563244831612
2016-06-08,140.01776290181812
2016-06-09,139.84488670955378
2016-06-10,138.63006630682503
2016-06-13,137.47528222667788
2016-06-14,137.53365923904954
2016-06-15,136.96989636962343
2016-06-16,137.50085397579517
2016-06-17,135.78447338202395
2016-06-20,136.28781966371758
2016-06-21,136.70716399984417
2016-06-22,136.51799858763064
2016-06-23,138.28532415938673
2016-06-24,132.9494671622168
2016-06-27,130.6774589301749
2016-06-28,133.3158673242468
2016-06-29,135.5170316303878
2016-06-30,137.0777034037322
2016-07-01,137.761182175617
2016-07-05,137.12976506644642
2016-07-06,138.12425459377903
2016-07-07,138.4646286966535
2016-07-08,140.46635407716929
2016-07-11,141.24729789375664
2016-07-12,141.7385180296847
2016-07-13,141.39556102834945
2016-07-14,142.3805127872837
2016-07-15,142.15354195597035
2016-07-18,143.0669650837291
2016-07-19,142.54431613230767
2016-07-20,144.19890243235682
2016-07-21,143.98289954955305
2016-07-22,144.38951563600216
2016-07-25,144.21972105486813
2016-07-26,143.9934485596835
2016-07-27,145.22914175491454
2016-07-28,145.88932921956132
2016-07-29,146.31272434394822
2016-08-01,147.34093601701235
2016-08-02,146.4549640924783
2016-08-03,146.83699016747283
2016-08-04,147.2485438635515
2016-08-05,148.97653847092025
2016-08-08,148.79892111710407
2016-08-09,149.25242959405463
2016-08-10,148.9464243886644
2016-08-11,149.46682087271495
2016-08-12,149.42817249477662
2016-08-15,149.89564618565208
2016-08-16,149.21107512995354
2016-08-17,149.51983596198778
2016-08-18,149.44361313636375
2016-08-19,149.2163089988893
2016-08-22,149.21790669131678
2016-08-23,149.47361026841241
2016-08-24,148.60898596072067
2016-08-25,148.36873312610433
2016-08-26,148.5484769122532
2016-08-29,148.80798931615024
2016-08-30,148.39166880052184
2016-08-31,148.29701299406645
2016-09-01,148.667919390373
2016-09-02,149.20145461575973
2016-09-06,150.21996333675554
2016-09-07,150.3386859548033
2016-09-08,149.33090277559376
2016-09-09,145.6660914602407
2016-09-12,148.2226937525278
2016-09-13,147.14554905728158
2016-09-14,148.03010120576516
2016-09-15,150.40718355654928
2016-09-16,150.47678614438553
2016-09-19,149.57660265635838
2016-09-20,150.01132322198418
2016-09-21,151.452395044348
2016-09-22,152.63936223633493
2016-09-23,151.55328615850004
2016-09-26,150.2315227737392
2016-09-27,151.8004311080532
2016-09-28,152.1627326310209
2016-09-29,150.8393439528902
2016-09-30,152.01534845595575
2016-10-03,151.6234787328482
2016-10-04,151.38750894759173
2016-10-05,151.95291254547146
2016-10-06,151.89474669208897
2016-10-07,151.75655893727833
2016-10-10,152.69473336485208
2016-10-11,150.83032789216634
2016-10-12,150.75125884426097
2016-10-13,150.10363049799682
2016-10-14,150.36004002548168
2016-10-17,150.01654668400448
2016-10-18,151.41369209800393
2016-10-19,151.1861658548549
2016-10-20,151.18745836687054
2016-10-21,152.03029438988457
2016-10-24,153.83638747812122
2016-10-25,153.28002861044524
2016-10-26,152.21302351050025
2016-10-27,151.56540693995015
2016-10-28,150.11104794957248
2016-10-31,149.9042513309349
2016-11-01,148.91659912309217
2016-11-02,147.6548271919977
2016-11-03,146.22248747067914
2016-11-04,145.49987526515275
2016-11-07,149.28333175659577
2016-11-08,150.33200387598401
2016-11-09,151.05720911117947
2016-11-10,148.30976275759485
2016-11-11,148.13784396708175
2016-11-14,146.32060324665935
2016-11-15,148.36605151893434
2016-11-16,149.35535425898803
2016-11-17,150.13457533214927
2016-11-18,149.60187775619454
2016-11-21,151.30275174631993
2016-11-22,151.7529469963389
2016-11-23,150.87958350486946
2016-11-25,151.31268098052638
2016-11-28,150.92247028593601
2016-11-29,151.45966724564218
2016-11-30,149.41302259359634
2016-12-01,147.3420259492666
2016-12-02,147.42128668845615
2016-12-05,148.46506228216433
2016-12-06,148.7529454844261
2016-12-07,150.51389162278673
2016-12-08,150.6645675086072
2016-12-09,152.25384401441295
2016-12-12,151.93674569126478
2016-12-13,154.02595978213208
2016-12-14,153.55687555366364
2016-12-15,153.68294745149046
2016-12-16,153.0201062891224
2016-12-19,153.8655626547091
2016-12-20,154.4210737606665
2016-12-21,154.26203043225655
2016-12-22,153.75452815093877
2016-12-23,153.78403319556512
2016-12-27,154.60839526060283
2016-12-28,153.47158080273869
2016-12-29,153.2842584216512
2016-12-30,151.4526293698006
2017-01-03,152.87940687573877
2017-01-04,153.4056386011211
2017-01-05,154.29719517904465
2017-01-06,155.7843267904442
2017-01-09,156.31157282198353
2017-01-10,156.3236086409538
2017-01-11,156.8660338639953
2017-01-12,156.59689827381777
2017-01-13,157.02583413895837
2017-01-17,156.62075079380438
2017-01-18,156.93062648721124
2017-01-19,156.5948761040853
2017-01-20,157.00258478366277
2017-01-23,157.15938873147581
2017-01-24,158.07355361465733
2017-01-25,159.64605806439386
2017-01-26,160.12166708278747
2017-01-27,160.35219214814785
2017-01-30,159.05138711602518
2017-01-31,158.46203897153225
2017-02-01,159.83733142206376
2017-02-02,159.60332831027443
2017-02-03,160.0043435874898
2017-02-06,160.10782791637996
2017-02-07,160.7844018977131
2017-02-08,160.9509578759177
2017-02-09,161.3518224162497
2017-02-10,161.76341015028248
2017-02-13,162.79462725771043
2017-02-14,163.511506842277
2017-02-15,164.46976225797914
2017-02-16,164.51188916667496
2017-02-17,165.28091607116343
2017-02-21,165.99145544596274
2017-02-22,166.0357776903333
2017-02-23,165.61672668260547
2017-02-24,165.7367307553159
2017-02-27,165.7170269005561
2017-02-28,165.31188255725576
2017-03-01,167.1318095925975
2017-03-02,166.23249465159824
2017-03-03,166.4303452881283
2017-03-06,166.10100082863505
2017-03-07,166.06215936266585
2017-03-08,166.2610850757397
2017-03-09,166.4948253862441
2017-03-10,166.99080765132157
2017-03-13,167.07642236193243
2017-03-14,166.778049581202
2017-03-15,167.79700976860536
2017-03-16,167.725202415137
2017-03-17,167.60515292541714
2017-03-20,167.85471179627524
2017-03-21,165.55352465880887
2017-03-22,166.58024463171188
2017-03-23,166.03989684254955
2017-03-24,166.09494464322393
2017-03-27,166.39162039028344
2017-03-28,167.47415773348257
2017-03-29,168.11587502651014
2017-03-30,168.44180802755017
2017-03-31,168.559823930275
2017-04-03,168.55411269206468
2017-04-04,168.9121473425963
2017-04-05,168.22618724864083
2017-04-06,168.13705214824762
2017-04-07,167.9066130249951
2017-04-10,167.98959912393295
2017-04-11,167.2135167746608
2017-04-12,166.71358819501205
2017-04-13,165.86309233505088
2017-04-14,165.86309233505088
2017-04-17,167.52308764886578
2017-04-18,167.34924161978353
2017-04-19,167.2994769504654
2017-04-20,168.58876279602796
2017-04-21,168.67260748745298
2017-04-24,170.72611381235492
2017-04-25,172.21561276264765
2017-04-26,172.00015456175169
2017-04-27,172.94840011247106
2017-04-28,173.45285122944244
2017-05-01,174.9700211406971
2017-05-02,175.35130269070658
2017-05-03,174.9133549556814
2017-05-04,174.9172143153852
2017-05-05,175.41664989288603
2017-05-08,176.0612088568414
2017-05-09,176.39426117757614
2017-05-10,176.38936645535196
2017-05-11,176.3859103596762
2017-05-12,176.98849113564717
2017-05-15,177.53031276418187
2017-05-16,178.25457537499523
2017-05-17,173.7837907453063
2017-05-18,175.0509787003706
2017-05-19,175.68996177289
2017-05-22,177.09597488906655
2017-05-23,177.41756222769052
2017-05-24,178.23538830128308
2017-05-25,179.6385353881355
2017-05-26,180.01674193727536
2017-05-30,180.21021989538372
2017-05-31,179.88461369489448
2017-06-01,180.5003199341321
2017-06-02,182.77279048302984
2017-06-05,182.82947645461098
2017-06-06,182.20620670101897
2017-06-07,182.8074626472266
2017-06-08,182.77162923772508
2017-06-09,178.27737687965038
2017-06-12,177.065699119896
2017-06-13,178.3823914614058
2017-06-14,177.5418282285458
2017-06-15,176.77875636385403
2017-06-16,176.08289368960982
2017-06-19,178.90859175487577
2017-06-20,177.58482672231185
2017-06-21,179.215890278816
2017-06-22,179.04462008158342
2017-06-23,179.68205739706508
2017-06-26,178.85648740132712
2017-06-27,175.55181265474027
2017-06-28,178.1029632248546
2017-06-29,175.0364552550186
2017-06-30,174.76999248830478
2017-07-03,173.10230489297464
2017-07-05,174.79934591700115
2017-07-06,173.22354729912183
2017-07-07,175.036400577277
2017-07-10,176.35503223536188
2017-07-11,176.7951573153107
2017-07-12,178.90876698437813
2017-07-13,179.54985355938078
2017-07-14,180.95203129473478
2017-07-17,181.1643561048409
2017-07-18,182.57201584818426
2017-07-19,183.56863305995498
2017-07-20,183.6954656547768
2017-07-21,183.7500643960941
2017-07-24,184.49000819698227
2017-07-25,184.22172852106726
2017-07-26,184.58059632074048
2017-07-27,183.29968835786065
2017-07-28,182.8264618372454
2017-07-31,181.88372128157792
2017-08-01,182.50515483472552
2017-08-02,183.76158662872544
2017-08-03,182.95891792652515
2017-08-04,183.47389490316618
2017-08-07,184.45214922063946
2017-08-08,184.47531466552388
2017-08-09,184.30872850357088
2017-08-10,180.43122038559636
2017-08-11,181.7694581236845
2017-08-14,184.3893805791634
2017-08-15,184.49499609388386
2017-08-16,184.7422677941276
2017-08-17,181.1254328855278
2017-08-18,180.75841237101378
2017-08-21,180.58078704075993
2017-08-22,183.16465206813888
2017-08-23,182.62743451935447
2017-08-24,181.92692324890328
2017-08-25,181.43882466446166
2017-08-28,182.02407818276828
2017-08-29,182.86711755644916
2017-08-30,184.9546912535161
2017-08-31,186.74626832850444
2017-09-01,186.57525813142217
2017-09-05,184.7911470766383
2017-09-06,185.31364338525265
2017-09-07,185.502164696443
2017-09-08,183.73414677909642
2017-09-11,185.75962939083354
2017-09-12,186.1252102097503
2017-09-13,186.40122942869777
2017-09-14,185.2648414020573
2017-09-15,185.9310182208482
2017-09-18,185.58971667426232
2017-09-19,185.97133423165735
2017-09-20,185.28159652498147
2017-09-21,184.0333831966991
2017-09-22,183.68946983310735
2017-09-25,181.59549978291244
2017-09-26,182.29595068522326
2017-09-27,183.8958817066557
2017-09-28,183.79990432353026
2017-09-29,185.1440462654204
2017-10-02,185.14814413539045
2017-10-03,185.57336499064337
2017-10-04,185.6224388959325
2017-10-05,187.62405839963608
2017-10-06,187.84529345579926
2017-10-09,187.89355768942
2017-10-10,188.08570958687054
2017-10-11,188.92853128894816
2017-10-12,188.52555816278345
2017-10-13,189.25568033652868
2017-10-16,190.0692628133354
2017-10-17,190.3208510167832
2017-10-18,189.930587044814
2017-10-19,189.1807837985906
2017-10-20,189.4996548294052
2017-10-23,188.27888948076554
2017-10-24,188.75784476107887
2017-10-25,188.18276897100145
2017-10-26,187.23417825937838
2017-10-27,193.7835075002863
2017-10-30,194.54283705240482
2017-10-31,195.26203944094317
2017-11-01,195.5979239013514
2017-11-02,195.21968755657343
2017-11-03,197.58174485769013
2017-11-06,198.15155782432177
2017-11-07,198.4349842784726
2017-11-08,199.29969383455992
2017-11-09,198.38736878643377
2017-11-10,198.27835222212224
2017-11-13,198.46855345295774
2017-11-14,197.67244088841943
2017-11-15,196.49560982642743
2017-11-16,199.06667153148032
2017-11-17,197.8255695191847
2017-11-20,197.73993480716967
2017-11-21,200.20012681702622
2017-11-22,200.52624265726922
2017-11-24,201.35478895604257
2017-11-27,201.47998174032114
2017-11-28,201.8624372709986
2017-11-29,198.19236523609607
2017-11-30,200.01618884445463
2017-12-01,199.19445991254398
2017-12-04,196.52372089058247
2017-12-05,196.5436313698391
2017-12-06,197.5013190749192
2017-12-07,197.88085223468704
2017-12-08,198.7750676309079
2017-12-11,200.685551150195
2017-12-12,200.472516815439
2017-12-13,200.68481677521618
2017-12-14,200.53901891125878
2017-12-15,203.07945688334522
2017-12-18,204.473738751352
2017-12-19,203.13717317685388
2017-12-20,202.90775703786855
2017-12-21,203.02309487042947
2017-12-22,202.83498556254864
2017-12-26,201.54879166468135
2017-12-27,201.41282842013032
2017-12-28,201.68613577384727
2017-12-29,200.3533550390212
2018-01-02,204.17187255995373
2018-01-03,206.1682049057378
2018-01-04,206.29828926453797
2018-01-05,208.39559236328682
2018-01-08,209.108993353916
2018-01-09,209.10886146755874
2018-01-10,208.61376451409075
2018-01-11,209.9762869706933
2018-01-12,211.7409815072819
2018-01-16,211.30716883271668
2018-01-17,213.89797585568536
2018-01-18,213.88225521418866
2018-01-19,214.50712530483247
2018-01-22,216.65696592464457
2018-01-23,218.40601554639503
2018-01-24,216.97899186512657
2018-01-25,216.7220477772052
2018-01-26,220.17845645046367
2018-01-29,219.03706673753027
2018-01-30,216.9082935734392
2018-01-31,217.30646694777317
2018-02-01,215.75885072238594
2018-02-02,210.91285817437392
2018-02-05,202.43428922351268
2018-02-06,207.99687385612958
2018-02-07,205.43982777561536
2018-02-08,196.72460050726772
2018-02-09,200.58028188164786
2018-02-12,204.06962958886243
2018-02-13,205.16156989078274
2018-02-14,208.77117757313982
2018-02-15,213.17638778084014
2018-02-16,212.4139701257942
2018-02-20,212.54590207018973
2018-02-21,211.64981841147997
2018-02-22,211.78630620454254
2018-02-23,216.12452999284028
2018-02-26,219.36267775425333
2018-02-27,216.53384490808867
2018-02-28,214.99194237862724
2018-03-01,211.75368614430505
2018-03-02,213.65081677953373
2018-03-05,215.52212595509445
2018-03-06,216.33850792341838
2018-03-07,216.41847305572435
2018-03-08,217.34296398741077
2018-03-09,221.67782715600157
2018-03-12,222.59670474918497
2018-03-13,219.71536943574384
2018-03-14,219.58544046585715
2018-03-15,219.32767580463138
2018-03-16,218.6843558521824
2018-03-19,213.74129669414663
2018-03-20,214.7272587723409
2018-03-21,213.50090394137862
2018-03-22,208.47218101813812
2018-03-23,202.95580537418175
2018-03-26,211.37065748888799
2018-03-27,204.27870432336306
2018-03-28,201.659078284148
2018-03-29,205.27149811615942
2018-04-02,199.32293736294156
2018-04-03,201.62848341365083
2018-04-04,204.79248605789746
2018-04-05,205.9090360821966
2018-04-06,201.0489946602153
2018-04-09,202.3689120111726
2018-04-10,206.62555864659453
2018-04-11,205.89742310534322
2018-04-12,208.22025141129785
2018-04-13,207.5545144423687
2018-04-16,208.84716879265332
2018-04-17,213.25517582065083
2018-04-18,213.53746771784523
2018-04-19,211.50806726572182
2018-04-20,207.92278738593598
2018-04-23,207.1780490649083
2018-04-24,202.89507303097452
2018-04-25,203.23354946065612
2018-04-26,207.26066216941493
2018-04-27,207.56976634875167
2018-04-30,206.43778104189528
2018-05-01,208.87094289366354
2018-05-02,207.94334121421574
2018-05-03,208.15795674043406
2018-05-04,212.14266471542024
2018-05-07,214.01267222094438
2018-05-08,214.0500829642521
2018-05-09,216.2856182044822
2018-05-10,218.41099687236382
2018-05-11,218.09741073894372
2018-05-14,218.4984584506804
2018-05-15,216.19531097550993
2018-05-16,217.78080542958878
2018-05-17,216.666757954229
2018-05-18,215.41798057571367
2018-05-21,216.62838456349624
2018-05-22,216.58354185004896
2018-05-23,218.68238125567586
2018-05-24,218.5579836278558
2018-05-25,219.16864140423576
2018-05-29,218.45470350907303
2018-05-30,219.81310462798194
2018-05-31,219.44465368661946
2018-06-01,222.83411365497915
2018-06-04,224.77861703727035
2018-06-05,225.56612121825455
2018-06-06,226.76517490725647
2018-06-07,225.14829110251344
2018-06-08,224.86003343353664
2018-06-11,225.0298155609853
2018-06-12,226.0479495159591
2018-06-13,225.8186093629775
2018-06-14,227.95733133850482
2018-06-15,226.8944531187233
2018-06-18,226.35212362207164
2018-06-19,225.7647554462616
2018-06-20,227.13953132248722
2018-06-21,225.13045074178046
2018-06-22,224.235508181437
2018-06-25,218.9660223290253
2018-06-26,220.40537512135796
2018-06-27,217.27962994873292
2018-06-28,219.50615291534564
2018-06-29,219.42574952045487
2018-07-02,221.34619994533045
2018-07-03,218.58757329208242
2018-07-05,221.05631289955227
2018-07-06,223.9821401687479
2018-07-09,226.34504555947734
2018-07-10,226.79675285551124
2018-07-11,225.53659259016626
2018-07-12,228.997933805529
2018-07-13,229.06836580301075
2018-07-16,228.7058102446229
2018-07-17,229.91022551756345
2018-07-18,229.05852444816801
2018-07-19,228.0398231638743
2018-07-20,228.00658358550857
2018-07-23,228.66921285185498
2018-07-24,229.51325314443426
2018-07-25,232.8818469511836
2018-07-26,230.02830922288456
2018-07-27,226.6723227451792
2018-07-30,223.2897145505841
2018-07-31,224.39111465893984
2018-08-01,226.31244070150927
2018-08-02,230.04747282130245
2018-08-03,231.13368802889033
2018-08-06,232.3627806627802
2018-08-07,233.4529207505323
2018-08-08,233.68264322773229
2018-08-09,233.5172905575493
2018-08-10,231.76709896779292
2018-08-13,231.66511100580533
2018-08-14,232.95959334293735
2018-08-15,230.21667456679685
2018-08-16,231.00685120235553
2018-08-17,231.02188352116303
2018-08-20,230.68352232123203
2018-08-21,231.83457907102684
2018-08-22,232.94596798634637
2018-08-23,232.68275706106732
2018-08-24,235.04588363301758
2018-08-27,237.41160838592063
2018-08-28,238.08945578978825
2018-08-29,241.1755737363245
2018-08-30,241.21776707548884
2018-08-31,242.05453517852592
2018-09-04,241.5685721467423
2018-09-05,237.76384380844507
2018-09-06,235.3979317072181
2018-09-07,234.85319228645346
2018-09-10,235.55437935851015
2018-09-11,237.68688214919183
2018-09-12,237.14322247431895
2018-09-13,239.77230722446893
2018-09-14,239.16187045892866
2018-09-17,235.14784079910197
2018-09-18,237.46286898474807
2018-09-19,237.28145275741423
2018-09-20,239.64880880977717
2018-09-21,238.5302793291142
2018-09-24,239.4284574656616
2018-09-25,239.95952045016185
2018-09-26,239.67410704869286
2018-09-27,241.84346092185996
2018-09-28,242.06258699331164
2018-10-01,242.86706102103216
2018-10-02,242.37149862064945
2018-10-03,242.54302478310223
2018-10-04,238.14652208959063
2018-10-05,235.15120139780598
2018-10-08,233.8531233983698
2018-10-09,234.91757863925835
2018-10-10,224.0855577867166
2018-10-11,221.20881593514264
2018-10-12,227.6260155516824
2018-10-15,224.43403210870287
2018-10-16,231.1441424295731
2018-10-17,231.48995330430765
2018-10-18,226.3239820812137
2018-10-19,226.4898756299213
2018-10-22,227.79982911198965
2018-10-23,227.08155697115055
2018-10-24,216.6591258697934
2018-10-25,224.3193982125923
2018-10-26,218.27626711261172
2018-10-29,213.6736005861191
2018-10-30,216.65878234345672
2018-10-31,221.63824985752774
2018-11-01,224.66017628925846
2018-11-02,220.4645364232365
2018-11-05,219.81557620913648
2018-11-06,221.57272308183252
2018-11-07,229.06177618240702
2018-11-08,227.69575123642133
2018-11-09,223.86741503237437
2018-11-12,216.70342307569487
2018-11-13,216.68275206243231
2018-11-14,214.22853847165436
2018-11-15,218.0530057171881
2018-11-16,216.96801772116922
2018-11-19,209.2735893088796
2018-11-20,205.40377624102246
2018-11-21,206.4800408545434
2018-11-23,204.720731260612
2018-11-26,209.78800736719492
2018-11-27,210.57268136323634
2018-11-28,217.98326119950036
2018-11-29,217.34941284459848
2018-11-30,219.38537460984767
2018-12-03,223.53585598470875
2018-12-04,214.63382192790385
2018-12-06,216.21904418545714
2018-12-07,208.70542700503077
2018-12-10,211.3404981894526
2018-12-11,211.8603232600907
2018-12-12,213.6107836707318
2018-12-13,214.20463571357618
2018-12-14,208.08717017403825
2018-12-17,203.28999678957902
2018-12-18,205.1528496429115
2018-12-19,200.12481743921825
2018-12-20,196.83929332074905
2018-12-21,190.0118907376572
2018-12-24,185.1018073108235
2018-12-26,196.9329734235217
2018-12-27,197.47663956761176
2018-12-28,197.50288176906412
2018-12-31,199.22619632511322
2019-01-02,200.3740882194156
2019-01-03,192.7092393291446
2019-01-04,201.2941278604418
2019-01-07,203.17783619462685
2019-01-08,205.22409161968386
2019-01-09,206.54614591267796
2019-01-10,207.08074465116613
2019-01-11,206.57502395741466
2019-01-14,204.9558588721397
2019-01-15,209.3845387461989
2019-01-16,209.2908912324109
2019-01-17,210.76395128887356
2019-01-18,212.52429932280057
2019-01-22,208.07895868317394
2019-01-23,208.80598360620047
2019-01-24,209.53670092326726
2019-01-25,211.82790501834904
2019-01-28,208.61238428685118
2019-01-29,206.23937766655126
2019-01-30,212.26654884693625
2019-01-31,215.47647770904956
2019-02-01,213.624663401572
2019-02-04,216.81104199551862
2019-02-05,219.09618542648533
2019-02-06,218.65284084001092
2019-02-07,215.48228515730477
2019-02-08,215.69401123293488
2019-02-11,215.3672846723827
2019-02-12,218.469605351542
2019-02-13,218.35119379085052
2019-02-14,218.53209257367251
2019-02-15,219.64293463664268
2019-02-19,220.03161296349143
2019-02-20,220.12448119697345
2019-02-21,219.77585253936047
2019-02-22,221.0226114501526
2019-02-25,221.83797843142116
2019-02-26,222.2018330946271
2019-02-27,222.0136218565312
2019-02-28,221.18170699937662
2019-03-01,222.99413583723873
2019-03-04,223.47040402661764
2019-03-05,223.62043897418317
2019-03-06,222.52141615014358
2019-03-07,219.64670558145153
2019-03-08,219.43018720116055
2019-03-11,224.39271004119496
2019-03-12,225.61319394491062
2019-03-13,227.65570963621263
2019-03-14,227.3686223140439
2019-03-15,229.75938753835774
2019-03-18,230.77784907929458
2019-03-19,231.47515890982154
2019-03-20,232.80257443354725
2019-03-21,235.75715655125657
2019-03-22,230.67669090762848
2019-03-25,230.60587476831256
2019-03-26,231.76478339319638
2019-03-27,230.5692693750142
2019-03-28,230.99256966515617
2019-03-29,232.4993573210602
2019-04-01,235.31362130676104
2019-04-02,236.23574250866602
2019-04-03,237.34328965456527
2019-04-04,237.3242102065606
2019-04-05,238.36440106032978
2019-04-08,239.36458301737866
2019-04-09,238.61720999574374
2019-04-10,239.9732615948592
2019-04-11,239.51528259060285
2019-04-12,240.37442741163932
2019-04-15,240.55794916028913
2019-04-16,241.7259111491162
2019-04-17,243.32830199398484
2019-04-18,243.77505958530418
2019-04-22,244.7302244692953
2019-04-23,247.88476152660775
2019-04-24,246.98085772963628
2019-04-25,248.42538420386683
2019-04-26,248.43319857134526
2019-04-29,248.60678893907965
2019-04-30,247.34669391417233
2019-05-01,246.88289282798763
2019-05-02,245.69136268816067
2019-05-03,249.76271849358045
2019-05-06,248.09589989245805
2019-05-07,243.4300982292609
2019-05-08,242.6577659988692
2019-05-09,241.3893731183968
2019-05-10,241.95382015607797
2019-05-13,233.7314343006177
2019-05-14,236.1962671617758
2019-05-15,239.22841431316044
2019-05-16,241.96204336210602
2019-05-17,240.02156228738409
2019-05-20,236.18037323607064
2019-05-21,238.16789733094421
2019-05-22,237.05778980806213
2019-05-23,233.42688584576428
2019-05-24,233.3459215686857
2019-05-28,232.6671139155219
2019-05-29,230.86330270038133
2019-05-30,231.83168465161972
2019-05-31,227.86182072826008
2019-06-03,223.17635665236622
2019-06-04,229.2957241849308
2019-06-05,231.56264078665876
2019-06-06,233.57048791567144
2019-06-07,238.3586498969905
2019-06-10,240.98631480256964
2019-06-11,241.38201611148924
2019-06-12,240.0972767412187
2019-06-13,241.2772117508373
2019-06-14,240.22869029878024
2019-06-17,241.99394184635122
2019-06-18,245.4974851826469
2019-06-19,246.4870023107835
2019-06-20,248.88770942993727
2019-06-21,248.39062150575126
2019-06-24,248.71724638507192
2019-06-25,244.36755329529615
2019-06-26,245.5587210874038
2019-06-27,246.21616204247
2019-06-28,246.28255189552087
2019-07-01,249.35099737120643
2019-07-02,250.56242169536708
2019-07-03,252.45037509008168
2019-07-05,252.0334168346933
2019-07-08,250.21797844457464
2019-07-09,251.37172277365013
2019-07-10,253.98176206554712
2019-07-11,253.93479961017783
2019-07-12,255.54406086177266
2019-07-15,256.4007770590817
2019-07-16,255.05698235509146
2019-07-17,253.63954655399294
2019-07-18,253.92437531326928
2019-07-19,251.6780629656315
2019-07-22,254.08357473749973
2019-07-23,255.27385186722773
2019-07-24,257.00777662337794
2019-07-25,254.93412025060104
2019-07-26,257.32871978811215
2019-07-29,256.4394395825251
2019-07-30,254.99847800619094
2019-07-31,251.85078722229488
2019-08-01,250.3335648055156
2019-08-02,246.95731442838724
2019-08-05,238.11599741302962
2019-08-06,241.6929301177289
2019-08-07,242.7188365245172
2019-08-08,248.02490802053393
2019-08-09,246.0104308153949
2019-08-12,243.7591296213414
2019-08-13,249.16605579756893
2019-08-14,241.82743481430452
2019-08-15,241.62114768870552
2019-08-16,245.47841642631244
2019-08-19,249.2455885837918
2019-08-20,247.51146522829657
2019-08-21,250.00423417900436
2019-08-22,249.01963117286607
2019-08-23,241.27128292058345
2019-08-26,245.06484562997935
2019-08-27,244.98108728925592
2019-08-28,245.53641645981543
2019-08-29,249.2408919238601
2019-08-30,248.9910172969669
2019-09-03,246.45091873472455
2019-09-04,250.08407067358087
2019-09-05,254.49171179246807
2019-09-06,254.09979053931096
2019-09-09,253.03075398691965
2019-09-10,251.99294990660016
2019-09-11,254.23435216464176
2019-09-12,255.45397363513405
2019-09-13,254.24314425530903
2019-09-16,252.91908581724988
2019-09-17,254.35813206862042
2019-09-18,254.41627717618633
2019-09-19,254.94486824955993
2019-09-20,252.03874758695935
2019-09-23,251.95899378367997
2019-09-24,248.75001642986848
2019-09-25,251.63833787219022
2019-09-26,250.59704545552236
2019-09-27,248.06177571072368
2019-09-30,250.43678445680263
2019-10-01,248.49535381240065
2019-10-02,244.07611176899093
2019-10-03,247.20796368282822
2019-10-04,251.09198398291102
2019-10-07,250.25019766538185
2019-10-08,246.45907648752882
2019-10-09,249.23438470216632
2019-10-10,250.81254392886427
2019-10-11,253.84393968212734
2019-10-14,253.61501341195535
2019-10-15,256.6901800926754
2019-10-16,256.21690440110183
2019-10-17,256.8423354873311
2019-10-18,254.46983779655744
2019-10-21,256.8060975251634
2019-10-22,254.02098997133237
2019-10-23,254.39557334598953
2019-10-24,256.40461240314096
2019-10-25,258.6904713794928
2019-10-28,261.23456519338754
2019-10-29,259.06216438140376
2019-10-30,260.4739327518516
2019-10-31,260.8127792535895
2019-11-01,263.02213969245287
2019-11-04,264.2571873395999
2019-11-05,264.29831304173695
2019-11-06,264.1083883523488
2019-11-07,264.98625796617466
2019-11-08,266.2829158124498
2019-11-11,265.87910874684974
2019-11-12,266.55811616234365
2019-11-13,266.4350769913532
2019-11-14,266.31566872060284
2019-11-15,267.6793911283194
2019-11-18,268.55361554672464
2019-11-19,268.88871341710507
2019-11-20,267.31871048267385
2019-11-21,266.8974755392912
2019-11-22,266.99046255465197
2019-11-25,270.03945435818014
2019-11-26,270.86610868395195
2019-11-27,272.72491351232475
2019-11-29,271.4351930676539
2019-12-02,268.31075421634546
2019-12-03,266.49371052217276
2019-12-04,267.551955792299
2019-12-05,267.674976339757
2019-12-06,270.5335930829813
2019-12-09,269.4132896729011
2019-12-10,268.6817220143562
2019-12-11,270.3012509238801
2019-12-12,272.2580419290615
2019-12-13,273.35825556756424
2019-12-16,275.80533719492024
2019-12-17,276.1887647222617
2019-12-18,276.09940695844455
2019-12-19,278.15148069714155
2019-12-20,279.30997810739177
2019-12-23,279.989061352087
2019-12-24,280.0326827673041
2019-12-26,282.5888173192623
2019-12-27,282.35922210967317
2019-12-30,280.3657836230723
2019-12-31,281.1815972315871
2020-01-02,285.628439522881
2020-01-03,283.23024079007075
2020-01-06,285.27729030391424
2020-01-07,284.8905931344568
2020-01-08,287.48142128965867
2020-01-09,290.12548329843105
2020-01-10,289.42231641238124
2020-01-13,293.4401926883358
2020-01-14,292.008413740885
2020-01-15,292.1777840755178
2020-01-16,295.01088628610523
2020-01-17,297.24443133166534
2020-01-21,297.2970329341926
2020-01-22,298.307600486547
2020-01-23,299.3799621844465
2020-01-24,297.43178987509464
2020-01-27,291.01514599828613
2020-01-28,295.64067295566963
2020-01-29,296.3675859869074
2020-01-30,298.13922950348297
2020-01-31,292.4499423304651
2020-02-03,297.5843166977948
2020-02-04,304.2679057784959
2020-02-05,304.6664196756814
2020-02-06,307.77877148328594
2020-02-07,306.65634762737295
2020-02-10,310.44951772139416
2020-02-11,309.86196178481885
2020-02-12,312.8530215280125
2020-02-13,312.37098997566585
2020-02-14,313.7145611438276
2020-02-18,313.98567866663853
2020-02-19,317.1622258082846
2020-02-20,314.09244269640703
2020-02-21,308.2165153397819
2020-02-24,295.895082900053
2020-02-25,287.82821789309514
2020-02-26,289.4674477893428
2020-02-27,274.5606222930991
2020-02-28,275.5011790118348
2020-03-02,290.47247996892827
2020-03-03,280.75947702857167
2020-03-04,292.2947853318743
2020-03-05,283.1138833332444
2020-03-06,278.27725266753123
2020-03-09,258.95916905387685
2020-03-10,273.3649127320928
2020-03-11,261.51594723835535
2020-03-12,237.1012764410618
2020-03-13,262.74814085369525
2020-03-16,229.08783813081618
2020-03-17,243.72280948914596
2020-03-18,234.5902067586834
2020-03-19,238.49280735894894
2020-03-20,228.13127633558022
2020-03-23,228.2703545827685
2020-03-24,245.0478764218837
2020-03-25,241.45296001874686
2020-03-26,255.28792688317557
2020-03-27,245.52851330822972
2020-03-30,255.8294764081329
2020-03-31,253.48459816965294
2020-04-01,243.6130039518937
2020-04-02,249.15636264792124
2020-04-03,245.8917545166372
2020-04-06,262.92008476128353
2020-04-07,261.47285535457667
2020-04-08,266.64333056737814
2020-04-09,266.6837804912831
2020-04-13,271.11364619268227
2020-04-14,283.2062176646034
2020-04-15,280.1863106540065
2020-04-16,286.23513317887625
2020-04-17,287.851291928857
2020-04-20,284.74321352233676
2020-04-21,274.1854573098127
2020-04-22,282.2827497972785
2020-04-23,281.435294869717
2020-04-24,286.37390644588663
2020-04-27,287.2599006699428
2020-04-28,281.58314248043007
2020-04-29,290.77532563851616
2020-04-30,293.0862599335427
2020-05-01,284.12517514092815
2020-05-04,288.15443032837777
2020-05-05,291.0340931356672
2020-05-06,292.66042489673447
2020-05-07,296.4692530782772
2020-05-08,299.90272930959486
2020-05-11,302.83247514259216
2020-05-12,296.96753758224224
2020-05-13,294.20993617548464
2020-05-14,296.75092055616585
2020-05-15,299.0779056098289
2020-05-18,303.98781839002834
2020-05-19,302.7439909507427
2020-05-20,308.76107870262354
2020-05-21,305.1390873147409
2020-05-22,306.18078261705045
2020-05-26,304.00029769394564
2020-05-27,305.2503535663218
2020-05-28,304.6131360756806
2020-05-29,308.9981872574481
2020-06-01,310.14229524470136
2020-06-02,311.8277827046444
2020-06-03,312.59873334737927
2020-06-04,310.4238729102283
2020-06-05,316.11169066773743
2020-06-08,318.55366167790044
2020-06-09,321.7117094412951
2020-06-10,326.5557885191755
2020-06-11,310.7283227481854
2020-06-12,312.82766180128885
2020-06-15,316.0769825579574
2020-06-16,321.61466987295694
2020-06-17,322.61624211340836
2020-06-18,323.74383344961416
2020-06-19,323.9244499126527
2020-06-22,328.1578943281896
2020-06-23,331.125875539224
2020-06-24,324.7979954325771
2020-06-25,328.1610135621487
2020-06-26,319.78695813553725
2020-06-29,323.29445598065456
2020-06-30,329.8146597873498
2020-07-01,334.6630933071351
2020-07-02,336.42764399494195
2020-07-06,345.5324701316732
2020-07-07,343.0180117085925
2020-07-08,347.94237832379247
2020-07-09,350.97815249949616
2020-07-10,354.26619891420006
2020-07-13,346.7917518137683
2020-07-14,349.3597506193108
2020-07-15,349.36421048204306
2020-07-16,346.46064472958034
2020-07-17,346.6960354107169
2020-07-20,357.6107964646805
2020-07-21,353.3276817035173
2020-07-22,354.3332477611403
2020-07-23,344.4125759582871
2020-07-24,341.0801075401117
2020-07-27,346.8727113709448
2020-07-28,342.39309544627224
2020-07-29,346.0570661253653
2020-07-30,347.86765054958744
2020-07-31,355.8684787100702
2020-08-03,361.3198162784441
2020-08-04,362.46274084468666
2020-08-05,363.35473942112924
2020-08-06,369.1853335918182
2020-08-07,364.952595005474
2020-08-10,363.2859817173344
2020-08-11,356.39003042246
2020-08-12,365.91443714555174
2020-08-13,366.2991913031616
2020-08-14,366.16570767111193
2020-08-17,369.61551542793575
2020-08-18,373.43804729104534
2020-08-19,370.97747333255626
2020-08-20,376.79416954695444
2020-08-21,380.203007675888
2020-08-24,382.72700952283856
2020-08-25,385.7995253015398
2020-08-26,394.7366772882218
2020-08-27,393.8355606174091
2020-08-28,396.1152957660826
2020-08-31,399.67549396243294
2020-09-01,405.1954901751806
2020-09-02,409.58139689089677
2020-09-03,388.81526861599895
2020-09-04,384.11344002693215
2020-09-08,366.3427586968872
2020-09-09,377.3923768031542
2020-09-10,368.9104197702553
2020-09-11,366.7734222933772
2020-09-14,372.1169022305978
2020-09-15,377.51477105625315
2020-09-16,371.0566115340691
2020-09-17,365.7513841214712
2020-09-18,360.44417535098955
2020-09-21,362.07108199131926
2020-09-22,369.2221234356687
2020-09-23,356.65368795707536
2020-09-24,358.87240409819356
2020-09-25,367.69502783457784
2020-09-28,374.7420952103604
2020-09-29,373.41157034512446
2020-09-30,377.2507835873953
2020-10-01,382.80722512611817
2020-10-02,371.12536646434893
2020-10-05,379.8515067710735
2020-10-06,372.0762805736506
2020-10-07,379.2443434333668
2020-10-08,379.96170458545805
2020-10-09,385.703947322099
2020-10-12,398.58628072791487
2020-10-13,398.357442636934
2020-10-14,394.9249105243598
2020-10-15,391.6426520790879
2020-10-16,389.72267674391065
2020-10-19,382.3772319288368
2020-10-20,383.37966490508404
2020-10-21,382.6409780143815
2020-10-22,381.4749821818006
2020-10-23,381.939836849661
2020-10-26,376.3258702051617
2020-10-27,380.3373508744712
2020-10-28,364.8199424539316
2020-10-29,371.8325756389681
2020-10-30,360.6821513398613
2020-11-02,361.05136282551877
2020-11-03,366.89378077831793
2020-11-04,383.22035696438536
2020-11-05,393.7971899849143
2020-11-06,394.2829913516596
2020-11-09,383.90131568268487
2020-11-10,376.8864651951343
2020-11-11,386.4044037360869
2020-11-12,384.53248604522423
2020-11-13,387.23043644400093
2020-11-16,389.21938528705454
2020-11-17,388.7947832097463
2020-11-18,386.8439608747991
2020-11-19,389.30889239765816
2020-11-20,386.42306903305416
2020-11-23,385.71742226263973
2020-11-24,391.73218688018005
2020-11-25,394.78504690576364
2020-11-27,397.68805722905483
2020-11-30,398.0315906976146
2020-12-01,404.5298228868148
2020-12-02,404.02969963271676
2020-12-03,404.2007536825065
2020-12-04,405.6218588408375
2020-12-07,408.51275694407525
2020-12-08,409.45943706955006
2020-12-09,400.3439088812339
2020-12-10,401.8280674634681
2020-12-11,400.71725985775026
2020-12-14,403.759945698479
2020-12-15,407.812084209285
2020-12-16,410.56833909685486
2020-12-17,413.34256236843095
2020-12-18,412.8207849723168
2020-12-21,411.44750032378556
2020-12-22,412.717465619117
2020-12-23,410.2008578519334
2020-12-24,412.15056294771114
2020-12-28,418.32339190626436
2020-12-29,418.5270131011295
2020-12-30,417.23790531539976
2020-12-31,418.75628032501186
2021-01-04,412.0713981100962
2021-01-05,414.97201105858403
2021-01-06,407.44648580207667
2021-01-07,417.82064134979805
2021-01-08,423.05347302277204
2021-01-11,415.7480858158768
2021-01-12,414.69454560481705
2021-01-13,418.7148191192184
2021-01-14,415.019841406977
2021-01-15,411.8867762531599
2021-01-19,418.0870430380602
2021-01-20,429.6957968648305
2021-01-21,434.56116847114913
2021-01-22,433.60230478331675
2021-01-25,437.29079822417475
2021-01-26,438.7351934258163
2021-01-27,426.81793855830483
2021-01-28,429.2411828783133
2021-01-29,419.222384218858
2021-02-01,430.3355605267602
2021-02-02,436.7606872609873
2021-02-03,436.119227603613
2021-02-04,440.6065213758203
2021-02-05,441.41330407122524
2021-02-08,444.1987561474616
2021-02-09,443.43467762386115
2021-02-10,442.03776143617506
2021-02-11,443.91881372754335
2021-02-12,445.6314069647844
2021-02-16,444.82033284865076
2021-02-17,442.5095824895079
2021-02-18,440.5478704015926
2021-02-19,437.0524075773896
2021-02-22,425.4850116436182
2021-02-23,425.0207356952857
2021-02-24,428.6941903385282
2021-02-25,413.5207809178449
2021-02-26,416.73354110353955
2021-03-01,429.1109179779478
2021-03-02,421.95571108374736
2021-03-03,409.9612492694884
2021-03-04,404.0056989492026
2021-03-05,410.34180169811316
2021-03-08,397.9266054000009
2021-03-09,413.7296137713417
2021-03-10,412.78337178590584
2021-03-11,422.4348907494602
2021-03-12,418.91744910708485
2021-03-15,422.8179378056152
2021-03-16,425.6964500442774
2021-03-17,427.53354881632447
2021-03-18,413.5829167062127
2021-03-19,416.16330948645054
2021-03-22,423.4395839174956
2021-03-23,422.2867129625072
2021-03-24,415.54433307969464
2021-03-25,414.6999479770923
2021-03-26,420.2564759863516
2021-03-29,420.82133579472077
2021-03-30,418.168116610321
2021-03-31,424.34841041763525
2021-04-01,432.1533927459819
2021-04-05,442.0135289690597
2021-04-06,441.1365541254911
2021-04-07,443.98677999573545
2021-04-08,448.4889954060312
2021-04-09,452.2755043143492
2021-04-12,451.307206699772
2021-04-13,456.95615637072217
2021-04-14,450.107557602896
2021-04-15,457.85006905438627
2021-04-16,458.5723309148477
2021-04-19,454.64500106079055
2021-04-20,451.6179952994529
2021-04-21,454.78523669544575
2021-04-22,448.2584879444621
2021-04-23,453.9874067886398
2021-04-26,456.7233863053183
2021-04-27,454.7435248552524
2021-04-28,452.8925330347116
2021-04-29,456.18157639870617
2021-04-30,453.0314481014019
2021-05-03,450.8345931074887
2021-05-04,442.1521535706505
2021-05-05,441.2731551843915
2021-05-06,445.7963731602558
2021-05-07,449.20030226994453
2021-05-10,437.07276452716553
2021-05-11,436.3682703538482
2021-05-12,425.1230305678988
2021-05-13,429.19689148322635
2021-05-14,438.65960626471497
2021-05-17,436.1832203267004
2021-05-18,432.2175964234242
2021-05-19,432.76570352100214
2021-05-20,440.7462417540968
2021-05-21,437.91382715727934
2021-05-24,446.25244378588286
2021-05-25,446.8538170101693
2021-05-26,448.2458307833766
2021-05-27,446.4494171664213
2021-05-28,447.12268263828435
2021-06-01,445.8166196424813
2021-06-02,446.947713415763
2021-06-03,442.3643607856559
2021-06-04,450.2416425834922
2021-06-07,450.76550272596876
2021-06-08,451.32639134393435
2021-06-09,451.69219962144246
2021-06-10,456.32757902684034
2021-06-11,457.62106048021303
2021-06-14,462.76837826497234
2021-06-15,459.92137861302297
2021-06-16,458.7264521398538
2021-06-17,465.1966283989408
2021-06-18,461.6283140823608
2021-06-21,464.40659305065117
2021-06-22,469.242971712114
2021-06-23,469.6356584698648
2021-06-24,472.1083895828438
2021-06-25,470.5374768208521
2021-06-28,477.31936542660526
2021-06-29,478.8461995761287
2021-06-30,478.5117491152604
2021-07-01,479.1682920712461
2021-07-02,485.5526600926037
2021-07-06,488.6730253671888
2021-07-07,490.0097859797121
2021-07-08,487.60961968629675
2021-07-09,490.6090190388637
2021-07-12,492.4878236357898
2021-07-13,492.4310657804814
2021-07-14,493.6187119498609
2021-07-15,489.43100692645
2021-07-16,484.7109838257055
2021-07-19,480.19150194466874
2021-07-20,485.7712687203589
2021-07-21,489.19253370718815
2021-07-22,492.8428213455054
2021-07-23,498.0090863532501
2021-07-26,499.75163425815276
2021-07-27,494.2060752610447
2021-07-28,494.6093677866228
2021-07-29,495.1666007345607
2021-07-30,491.1900225866269
2021-08-02,491.6427514563984
2021-08-03,494.57371726806673
2021-08-04,495.13259575082
2021-08-05,498.3152623810971
2021-08-06,495.8306237720709
2021-08-09,495.2136763726278
2021-08-10,492.17962932523494
2021-08-11,491.9230310775615
2021-08-12,494.6898654258063
2021-08-13,496.62687520535906
2021-08-16,497.29653590657574
2021-08-17,492.09426939361083
2021-08-18,486.80218119243716
2021-08-19,490.499183761891
2021-08-20,495.85281370953385
2021-08-23,503.05348525603085
2021-08-24,503.6007417137437
2021-08-25,503.31513173049444
2021-08-26,500.59269289384315
2021-08-27,506.3223985252159
2021-08-30,513.5390029521226
2021-08-31,512.4395346358513
2021-09-01,513.131984511385
2021-09-02,512.9248616611367
2021-09-03,514.7254624821788
2021-09-07,516.103346352002
2021-09-08,514.1595421446098
2021-09-09,511.41361898695146
2021-09-10,507.3675434014091
2021-09-13,507.6879063549168
2021-09-14,505.8594579162886
2021-09-15,509.5301676614025
2021-09-16,509.7701363709879
2021-09-17,503.7405890201246
2021-09-20,492.6866798019041
2021-09-21,493.48792175177084
2021-09-22,498.41781950903055
2021-09-23,503.19338860550323
2021-09-24,503.971029892934
2021-09-27,499.70855942658056
2021-09-28,484.92776344175445
2021-09-29,484.56112825674575
2021-09-30,482.408438824162
2021-10-01,486.6300660399835
2021-10-04,475.8406832400875
2021-10-05,483.0036834581581
2021-10-06,486.1229156981857
2021-10-07,489.9602769566006
2021-10-08,487.4541164417043
2021-10-11,484.1081574267646
2021-10-12,481.7714644953487
2021-10-13,485.0583729319191
2021-10-14,494.68496529505205
2021-10-15,498.31855857909613
2021-10-18,503.9985857151295
2021-10-19,507.666130539292
2021-10-20,506.3081351526372
2021-10-21,509.3219244563593
2021-10-22,503.68050957040634
2021-10-25,509.0317369714685
2021-10-26,511.4313300131571
2021-10-27,514.7261224691391
2021-10-28,520.5292358722313
2021-10-29,522.519412681446
2021-11-01,523.0047592454439
2021-11-02,526.1222512894698
2021-11-03,532.3223333962608
2021-11-04,539.5008481475263
2021-11-05,540.7047847502813
2021-11-08,540.1165778137406
2021-11-09,535.6602536811919
2021-11-10,527.5729971347859
2021-11-11,528.542018898694
2021-11-12,534.3526690922686
2021-11-15,534.2551027104269
2021-11-16,538.5231172413014
2021-11-17,539.3592487250869
2021-11-18,546.8325721123704
2021-11-19,550.8447387884765
2021-11-22,544.9738894236186
2021-11-23,542.7707753133594
2021-11-24,545.4025973425975
2021-11-26,533.5884027399417
2021-11-29,547.3550520876116
2021-11-30,539.8487500810713
2021-12-01,531.3935765508129
2021-12-02,534.5385006097529
2021-12-03,525.3832577241362
2021-12-06,529.6250406180991
2021-12-07,545.9426836459929
2021-12-08,547.976615151112
2021-12-09,539.8134338890089
2021-12-10,546.8600801047431
2021-12-13,537.7073195179516
2021-12-14,531.7697416076817
2021-12-15,545.2521403195683
2021-12-16,529.7303078279015
2021-12-17,526.9901903872053
2021-12-20,521.3917599213553
2021-12-21,532.1773228616844
2021-12-22,539.1315296157832
2021-12-23,543.6147543854697
2021-12-27,552.7980975463614
2021-12-28,550.3593076555587
2021-12-29,550.0373554968544
2021-12-30,546.9037567985008
2021-12-31,543.2179549155005
2022-01-03,551.1199926637695
2022-01-04,543.8277875722949
2022-01-05,526.7312322221546
2022-01-06,525.0844274383888
2022-01-07,518.9522679564703
2022-01-10,520.2656019447293
2022-01-11,526.7162697170265
2022-01-12,529.521073820178
2022-01-13,515.7854846789421
2022-01-14,519.9767403885153
2022-01-18,506.1880043502206
2022-01-19,499.6656075388636
2022-01-20,492.1063246062355
2022-01-21,477.614016883116
2022-01-24,479.69285382369696
2022-01-25,468.08611095462425
2022-01-26,470.2525711737868
2022-01-27,465.5631382684907
2022-01-28,481.4598328703403
2022-01-31,497.1142379180686
2022-02-01,500.36620130323513
2022-02-02,504.7546822902291
2022-02-03,482.9177482857282
2022-02-04,490.93844629449165
2022-02-07,486.21305750535396
2022-02-08,491.9962258035722
2022-02-09,501.4830943757385
2022-02-10,488.8419440334055
2022-02-11,473.5820633740034
2022-02-14,474.1236767557275
2022-02-15,485.34597057842745
2022-02-16,484.8287567927217
2022-02-17,470.784400030589
2022-02-18,465.87000573967623
2022-02-22,460.9707147283349
2022-02-23,448.2616265419292
2022-02-24,465.4007400340476
2022-02-25,472.3311031692384
2022-02-28,474.1971942287425
2022-03-01,466.01498936318444
2022-03-02,473.4638550610398
2022-03-03,466.4589779059653
2022-03-04,460.27310678006836
2022-03-07,442.87007627081874
2022-03-08,441.2569614004044
2022-03-09,457.7163054361904
2022-03-10,453.3027990344864
2022-03-11,443.9746311936272
2022-03-14,435.4665184892475
2022-03-15,449.81420100329854
2022-03-16,465.4415781168598
2022-03-17,470.9806924405866
2022-03-18,481.6308575361083
2022-03-21,480.4703265847736
2022-03-22,489.4312229419505
2022-03-23,482.6044399308877
2022-03-24,494.08097715977067
2022-03-25,494.3245104449229
2022-03-28,501.7780708098069
2022-03-29,510.0446870091214
2022-03-30,504.79679902662815
2022-03-31,496.51509522314484
2022-04-01,497.04840122528367
2022-04-04,507.4098573254535
2022-04-05,496.5421724022746
2022-04-06,485.2159280904906
2022-04-07,486.2101597146409
2022-04-08,478.8592437616429
2022-04-11,466.610565240914
2022-04-12,464.89952987355196
2022-04-13,473.10165366163613
2022-04-14,461.7607936611033
2022-04-18,462.88848089726287
2022-04-19,472.72887867498
2022-04-20,464.54709607998694
2022-04-21,456.0314890331558
2022-04-22,443.60049059142443
2022-04-25,448.95351605369166
2022-04-26,431.00912079406703
2022-04-27,430.8820828850877
2022-04-28,446.8605778371605
2022-04-29,427.5762996142871
2022-05-02,435.98767985836014
2022-05-03,436.5348964261775
2022-05-04,452.9095641838044
2022-05-05,430.5735539868982
2022-05-06,426.9970933995122
2022-05-09,411.2359984313832
2022-05-10,417.37530292674313
2022-05-11,404.1180284710465
2022-05-12,402.07751365501963
2022-05-13,415.83375115855034
2022-05-16,411.574192785099
2022-05-17,422.74948359675676
2022-05-18,401.8107127445928
2022-05-19,397.6754597049356
2022-05-20,396.14962126896194
2022-05-23,403.71257017646303
2022-05-24,394.9466097675425
2022-05-25,400.42336175891677
2022-05-26,411.29441409847254
2022-05-27,424.8271944853886
2022-05-31,423.92988960389687
2022-06-01,420.8264107570187
2022-06-02,432.4210511271891
2022-06-03,420.008137445786
2022-06-06,421.1799446652906
2022-06-07,424.8225931640813
2022-06-08,421.2843036695605
2022-06-09,410.5666148304455
2022-06-10,395.55079732139905
2022-06-13,378.14268801618067
2022-06-14,378.8493632393903
2022-06-15,388.1055662137844
2022-06-16,372.3351688485866
2022-06-17,376.32439670959695
2022-06-21,376.32439670959695
2022-06-22,375.595161729967
2022-06-23,380.0575751092733
2022-06-24,393.5031362167151
2022-06-27,390.5440113063991
2022-06-28,378.41344630366507
2022-06-29,379.26849536297755
2022-06-30,374.3312408389794
2022-07-01,376.0554049143915
2022-07-05,382.77561128776017
2022-07-06,385.6424065518733
2022-07-07,393.8639858770855
2022-07-08,394.57415319867266
2022-07-11,385.72908914560526
2022-07-12,382.28895637615346
2022-07-13,381.7275408979905
2022-07-14,383.7773571556727
2022-07-15,390.7342477380894
2022-07-18,387.1106635778368
2022-07-19,399.5260612184303
2022-07-20,405.6718808506449
2022-07-21,411.37858656502897
2022-07-22,403.8551276853039
2022-07-25,401.38681554330697
2022-07-26,393.4241928990291
2022-07-27,412.0449821025014
2022-07-28,414.75213582460253
2022-07-29,421.7127900005903
2022-08-01,421.40406261978046
2022-08-02,419.61056202927534
2022-08-03,431.3210695353927
2022-08-04,433.3487431762553
2022-08-05,429.6842596988024
2022-08-08,427.84091118610246
2022-08-09,423.7682823293605
2022-08-10,436.0042081881129
2022-08-11,433.48684493620704
2022-08-12,442.9145024816716
2022-08-15,445.95414130519276
2022-08-16,445.1195981814526
2022-08-17,440.6395422837111
2022-08-18,442.57109876785205
2022-08-19,434.01191746968414
2022-08-22,421.9237110209525
2022-08-23,421.41904667475455
2022-08-24,422.25334639173184
2022-08-25,429.65791560627974
2022-08-26,411.4500575738141
2022-08-29,407.0178730638083
2022-08-30,402.19596902362355
2022-08-31,399.9924478076365
2022-09-01,400.2397811267539
2022-09-02,393.8189399372101
2022-09-06,390.76148642093074
2022-09-07,398.4679799578456
2022-09-08,399.2252853132143
2022-09-09,407.75173541087844
2022-09-12,412.5458824437218
2022-09-13,388.7816771976101
2022-09-14,392.3747650856244
2022-09-15,384.93063689077417
2022-09-16,383.62529095533694
2022-09-19,387.01936519912806
2022-09-20,384.07116491922494
2022-09-21,377.28500061287906
2022-09-22,373.82284607762267
2022-09-23,367.4991574484829
2022-09-26,365.99411030399574
2022-09-27,366.32573475941166
2022-09-28,372.5394307235182
2022-09-29,361.5049572787141
2022-09-30,354.60389200561616
2022-10-03,363.46966160446203
2022-10-04,374.5586661742349
2022-10-05,374.4636527088444
2022-10-06,371.74121957054217
2022-10-07,356.49561777822464
2022-10-10,353.0567157352221
2022-10-11,349.1601682859826
2022-10-12,349.20425155986396
2022-10-13,358.1394900804493
2022-10-14,347.057858585362
2022-10-17,358.9829807742393
2022-10-18,361.3815125507197
2022-10-19,361.0321705208105
2022-10-20,359.42173694134067
2022-10-21,368.1754557085121
2022-10-24,372.7776727197748
2022-10-25,380.0518829248265
2022-10-26,370.2690655326122
2022-10-27,361.8424532599652
2022-10-28,373.9604582212693
2022-10-31,368.71138398321915
2022-11-01,364.2080333464552
2022-11-02,352.39914076088746
2022-11-03,344.83753864000806
2022-11-04,350.55458600130225
2022-11-07,355.06374512339085
2022-11-08,357.7592384264482
2022-11-09,349.21186407885125
2022-11-10,375.6269530818396
2022-11-11,382.0799127942114
2022-11-14,378.70482597767335
2022-11-15,383.3755591274305
2022-11-16,378.1596480873085
2022-11-17,378.4732049049424
2022-11-18,378.260053281699
2022-11-21,374.3146235737873
2022-11-22,380.367088489711
2022-11-23,384.5282234585344
2022-11-25,381.5733339187359
2022-11-28,375.8152572456182
2022-11-29,372.54854453709686
2022-11-30,391.0296037040482
2022-12-01,390.73604850712616
2022-12-02,389.0641014008306
2022-12-05,382.2357047609463
2022-12-06,373.7976963121574
2022-12-07,371.91048092896557
2022-12-08,376.3861274000494
2022-12-09,374.5440828608105
2022-12-12,379.0516232941459
2022-12-13,383.1296978046311
2022-12-14,379.6296672437436
2022-12-15,366.4523274850206
2022-12-16,363.25054814016823
2022-12-19,357.87398167418417
2022-12-20,357.1481737045648
2022-12-21,362.5915945493838
2022-12-22,353.1591446462138
2022-12-23,354.14241119784083
2022-12-27,348.5422966222601
2022-12-28,343.7277012850607
2022-12-29,352.9339708454037
2022-12-30,352.8169053801671
2023-01-03,349.8372944224607
2023-01-04,350.7595026604479
2023-01-05,344.88907307640915
2023-01-06,354.7173368157683
2023-01-09,357.32287166723665
2023-01-10,360.2706213635871
2023-01-11,366.5919989390943
2023-01-12,368.4620362048479
2023-01-13,370.56475026791264
2023-01-17,371.1932451494937
2023-01-18,366.3615457108372
2023-01-19,363.18867069595836
2023-01-20,374.2605473119143
2023-01-23,383.0705339457637
2023-01-24,382.4856092143541
2023-01-25,380.6608640211394
2023-01-26,388.7041769337005
2023-01-27,392.91311549241493
2023-01-30,384.4144581109276
2023-01-31,390.7468345410647
2023-02-01,399.4718864138824
2023-02-02,415.93155801463115
2023-02-03,409.5719298618842
2023-02-06,406.05968026706455
2023-02-07,415.45476016879195
2023-02-08,407.47106944569794
2023-02-09,403.2445169557386
2023-02-10,400.51495656396077
2023-02-13,406.9377263390252
2023-02-14,409.5254793991329
2023-02-15,412.3236837500489
2023-02-16,404.1817857924087
2023-02-17,401.64459403559783
2023-02-21,391.85966677249706
2023-02-22,391.7360968340892
2023-02-23,395.7503729297238
2023-02-24,388.6887429926785
2023-02-27,391.5015860017132
2023-02-28,390.9652101407577
2023-03-01,387.46826127635836
2023-03-02,390.5882683803224
2023-03-03,399.21571063197837
2023-03-06,400.49968445404977
2023-03-07,395.6880586580163
2023-03-08,397.8748433362367
2023-03-09,391.21901653259823
2023-03-10,386.32061651458105
2023-03-13,389.5311489937913
2023-03-14,399.5793415529258
2023-03-15,402.73300947824316
2023-03-16,414.44811289631116
2023-03-17,413.0024404888927
2023-03-20,414.26555784268425
2023-03-21,420.13269820740663
2023-03-22,415.1052339128664
2023-03-23,420.9822156164422
2023-03-24,422.755760711893
2023-03-27,418.7138940758931
2023-03-28,416.16033635502265
2023-03-29,423.70321768172914
2023-03-30,427.55744005804723
2023-03-31,434.90231464343407
2023-04-03,434.04582364464613
2023-04-04,432.9793410630788
2023-04-05,429.09408044297265
2023-04-06,432.870978569392
2023-04-10,431.22100209056754
2023-04-11,427.6888895258395
2023-04-12,424.09626139305703
2023-04-13,433.2785468601107
2023-04-14,432.23101131717186
2023-04-17,432.1494927717119
2023-04-18,432.10889961844896
2023-04-19,432.0686174301069
2023-04-20,428.44111441934547
2023-04-21,428.57666319907395
2023-04-24,427.4737018911586
2023-04-25,420.0836343753324
2023-04-26,424.06019358402
2023-04-27,437.1134652849529
2023-04-28,440.36518181199415
2023-05-01,439.78375423426985
2023-05-02,436.11305327705315
2023-05-03,432.4418595419361
2023-05-04,430.85442759797166
2023-05-05,440.26665418284733
2023-05-08,441.5267605273831
2023-05-09,438.64643407355766
2023-05-10,443.9979132578044
2023-05-11,445.81190553718466
2023-05-12,444.37506419572003
2023-05-15,446.249161011459
2023-05-16,447.70031113234035
2023-05-17,453.2379199242612
2023-05-18,461.5830476082451
2023-05-19,460.96811871704824
2023-05-22,462.6217164698716
2023-05-23,456.6278427164765
2023-05-24,453.94407508932187
2023-05-25,465.77591844528973
2023-05-26,477.68895275540365
2023-05-30,479.62490865637164
2023-05-31,477.08171561353055
2023-06-01,483.29605488313996
2023-06-02,486.5285404591789
2023-06-05,486.7268839872745
2023-06-06,486.679057909294
2023-06-07,477.8951685535818
2023-06-08,484.09301011925135
2023-06-09,486.3516571198702
2023-06-12,494.8531092794568
2023-06-13,498.22978826792666
2023-06-14,501.76322081361457
2023-06-15,508.33986481489234
2023-06-16,504.82213150357467
2023-06-20,504.8221315035746
2023-06-21,497.588548209404
2023-06-22,503.63444497245075
2023-06-23,499.1409198782886
2023-06-26,492.2287503207454
2023-06-27,500.7486439071704
2023-06-28,501.5926205894903
2023-06-29,501.0870870792937
2023-06-30,508.940298315434
2023-07-03,509.6843384016553
2023-07-05,509.5682125473896
2023-07-06,506.55691306304607
2023-07-07,503.8856348171587
2023-07-10,503.3883668431854
2023-07-11,504.87693340409203
2023-07-12,511.50994837986275
2023-07-13,519.8604724229822
2023-07-14,519.9098943382519
2023-07-17,524.532264101935
2023-07-18,529.3330973469945
2023-07-19,528.7834076698041
2023-07-20,516.8640033383316
2023-07-21,515.6128010627505
2023-07-24,517.353002128228
2023-07-25,521.7147022616934
2023-07-26,519.6545654752864
2023-07-27,517.8222124752772
2023-07-28,528.1196007680036
2023-07-31,527.4794968455491
2023-08-01,526.4570785383438
2023-08-02,514.9401021389571
2023-08-03,514.1266221689046
2023-08-04,512.3012289494362
2023-08-07,516.9317292019466
2023-08-08,513.0690551344298
2023-08-09,506.52885103264754
2023-08-10,507.56204681607244
2023-08-11,504.6883075392316
2023-08-14,510.8764903658799
2023-08-15,505.7944184913082
2023-08-16,500.4711803958645
2023-08-17,495.3587908857754
2023-08-18,493.88871184980775
2023-08-21,501.87519387280054
2023-08-22,501.0939463664612
2023-08-23,509.80258447595685
2023-08-24,498.82240837531464
2023-08-25,503.27851796628704
2023-08-28,506.91323448313415
2023-08-29,518.2268669333714
2023-08-30,521.0491502671117
2023-08-31,522.2779608411208
2023-09-01,521.5066762958469
2023-09-05,523.3356057161224
2023-09-06,517.4437672184617
2023-09-07,513.4551170325398
2023-09-08,514.975903828277
2023-09-11,521.7769569042885
2023-09-12,515.4302606891565
2023-09-13,518.1220602174978
2023-09-14,522.4515241591603
2023-09-15,513.420022591389
2023-09-18,514.6231375577747
2023-09-19,513.7818705527008
2023-09-20,505.29677831282277
2023-09-21,496.0910755732324
2023-09-22,495.7808741622274
2023-09-25,498.52233181020966
2023-09-26,490.64829761016534
2023-09-27,491.2840656698067
2023-09-28,495.3799427778389
2023-09-29,495.689315496177
2023-10-02,501.7018925311845
2023-10-03,492.68249782354695
2023-10-04,500.26528418456155
2023-10-05,498.8405283284223
2023-10-06,506.88577644267184
2023-10-09,509.33372795876414
2023-10-10,511.1499114147091
2023-10-11,515.6120886661483
2023-10-12,514.550196004405
2023-10-13,507.7167676756212
2023-10-16,513.5914863928008
2023-10-17,511.56672462715295
2023-10-18,504.74529449036277
2023-10-19,501.71073460315466
2023-10-20,493.96742461692133
2023-10-23,496.2808350704234
2023-10-24,500.9346812357425
2023-10-25,488.3038867599961
2023-10-26,477.42446070790027
2023-10-27,481.53155337867315
2023-10-30,488.4274670823811
2023-10-31,490.37439034682006
2023-11-01,500.2115088300635
2023-11-02,508.79345734015965
2023-11-03,513.6710663667684
2023-11-06,517.1056137559078
2023-11-07,522.1085621296605
2023-11-08,523.5645770747955
2023-11-09,519.1209380641144
2023-11-10,531.5952203336594
2023-11-13,529.9002106431022
2023-11-14,539.6020192329881
2023-11-15,539.8029506363919
2023-11-16,541.3720424772541
2023-11-17,540.648751098807
2023-11-20,546.8664471838665
2023-11-21,543.566127859073
2023-11-22,546.2331404612248
2023-11-24,544.8587668364123
2023-11-27,544.0820780326624
2023-11-28,545.7862344862838
2023-11-29,543.2773886803182
2023-11-30,541.2134684511775
2023-12-01,541.4358011677955
2023-12-04,535.5713493459065
2023-12-05,538.8041613312874
2023-12-06,535.1206080024353
2023-12-07,544.1985334120585
2023-12-08,546.5326740476478
2023-12-11,549.2010442344242
2023-12-12,554.1602165207796
2023-12-13,560.364181924178
2023-12-14,557.8908508277336
2023-12-15,561.724504227913
2023-12-18,566.7750758269387
2023-12-19,569.6259872256087
2023-12-20,561.4169576018701
2023-12-21,567.5833436108409
2023-12-22,568.1185704755947
2023-12-26,571.3837918713369
2023-12-27,572.4041851072964
2023-12-28,572.258999038255
2023-12-29,569.9206588003716
2024-01-02,559.4127360645989
2024-01-03,554.4086367141283
2024-01-04,551.002447839473
2024-01-05,551.7360478944224
2024-01-08,563.7489130538587
2024-01-09,565.2872033289844
2024-01-10,569.9519827358192
2024-01-11,571.1617848237616
2024-01-12,571.6695326055087
2024-01-16,571.9020852942884
2024-01-17,568.9615985438088
2024-01-18,578.0324332575464
2024-01-19,590.0761218286511
2024-01-22,588.8161129482451
2024-01-23,591.1913697664726
2024-01-24,596.4686277130417
2024-01-25,597.4170749391393
2024-01-26,593.495766715847
2024-01-29,598.8724137787569
2024-01-30,594.43991069944
2024-01-31,581.8369265437668
2024-02-01,588.5919212722456
2024-02-02,601.134095511128
2024-02-05,600.7448902182064
2024-02-06,598.4556156797819
2024-02-07,604.5251524641101
2024-02-08,605.1797264097778
2024-02-09,612.5437329055537
2024-02-12,609.1372716795838
2024-02-13,600.1842589577911
2024-02-14,607.587932457783
2024-02-15,607.6259367933998
2024-02-16,601.7157341593035
2024-02-20,596.2769510119647
2024-02-21,596.1115267789025
2024-02-22,614.8812163850034
2024-02-23,612.1383810501598
2024-02-26,610.9710755237071
2024-02-27,611.4980379110215
2024-02-28,607.705299846883
2024-02-29,614.7240352206813
2024-03-01,624.5524824428405
2024-03-04,622.0252040900879
2024-03-05,610.2401127091964
2024-03-06,613.4630422871403
2024-03-07,623.7122869361458
2024-03-08,613.429001298545
2024-03-11,610.3562702721958
2024-03-12,620.9015278142438
2024-03-13,615.6010277856196
2024-03-14,615.3364956818378
2024-03-15,607.213999746403
2024-03-18,614.2779754811831
2024-03-19,615.6074564054824
2024-03-20,622.7540593319068
2024-03-21,625.1725176522398
2024-03-22,627.2295786014264
2024-03-25,625.5784380343043
2024-03-26,623.0237294553281
2024-03-27,624.8086114060131
2024-03-28,623.3183467374581
2024-04-01,625.4292439043539
2024-04-02,619.6169779287848
2024-04-03,621.4542672118795
2024-04-04,612.0421648199722
2024-04-05,620.1099015777868
2024-04-08,619.2497864480449
2024-04-09,620.9282811458522
2024-04-10,616.9502620232543
2024-04-11,628.6670455506863
2024-04-12,618.5736450066305
2024-04-15,608.0436089555644
2024-04-16,608.282747173165
2024-04-17,600.078653845649
2024-04-18,596.6231836804463
2024-04-19,581.562785585901
2024-04-22,587.0103753388001
2024-04-23,596.0412157666005
2024-04-24,597.6718021608187
2024-04-25,593.4254679834735
2024-04-26,604.0785435486321
2024-04-29,606.9907488163628
2024-04-30,594.7760511429776
2024-05-01,591.7488865104473
2024-05-02,599.9649594040479
2024-05-03,614.3530408845473
2024-05-06,622.4106011815696
2024-05-07,621.9501045152122
2024-05-08,622.151654228313
2024-05-09,622.9920273870282
2024-05-10,624.8248224938416
2024-05-13,625.8692627676278
2024-05-14,631.0360757479997
2024-05-15,641.0896060521698
2024-05-16,639.1663758520293
2024-05-17,638.5060553023659
2024-05-20,643.255452470217
2024-05-21,646.1555904842003
2024-05-22,644.7424730009685
2024-05-23,643.0025080307255
2024-05-24,650.3411877018191
2024-05-28,655.4927609120057
2024-05-29,651.7579374747986
2024-05-30,643.6753672450043
2024-05-31,643.4602889097796
2024-06-03,647.5305127970606
2024-06-04,650.2658123481885
2024-06-05,664.6168574547555
2024-06-06,663.8220963776398
2024-06-07,663.8354403312699
2024-06-10,665.7356032423377
2024-06-11,671.696980600956
2024-06-12,681.7873373455614
2024-06-13,688.0561457369064
2024-06-14,692.3161059585736
2024-06-17,701.1607510879835
2024-06-18,702.0470415801476
2024-06-20,695.3546456842782
2024-06-21,692.0954422677248
2024-06-24,682.9686768919089
2024-06-25,692.7531478414146
2024-06-26,696.6413290071035
2024-06-27,697.9761461206305
2024-06-28,693.6204858427503
2024-07-01,699.8191588039713
2024-07-02,707.5895848102487
2024-07-03,715.0365098787511
2024-07-05,723.1696473553452
2024-07-08,725.8912239552682
2024-07-09,727.7478658226516
2024-07-10,736.3371134291945
2024-07-11,715.3383533580438
2024-07-12,719.3175309643683
2024-07-15,721.8626690288554
2024-07-16,720.2282691841169
2024-07-17,698.4825789922729
2024-07-18,695.1343276208968
2024-07-19,688.1775693603511
2024-07-22,699.7094143474496
2024-07-23,698.3146730879137
2024-07-24,671.7492615607471
2024-07-25,662.559929879164
2024-07-26,669.5439697484662
2024-07-29,670.4178051186316
2024-07-30,659.8022032231431
2024-07-31,680.9198246073619
2024-08-01,664.9308803739659
2024-08-02,648.022746065686
2024-08-05,626.9277014708446
2024-08-06,632.3498431388247
2024-08-07,624.777274059489
2024-08-08,644.450851761279
2024-08-09,648.2827099612921
2024-08-12,650.4372277219143
2024-08-13,666.729659273119
2024-08-14,667.6250169285115
2024-08-15,684.185267831074
2024-08-16,685.2741781409651
2024-08-19,695.1107965923228
2024-08-20,693.9791908729253
2024-08-21,696.7858508351276
2024-08-22,684.3055551687053
2024-08-23,692.1920949403452
2024-08-26,685.834641106778
2024-08-27,688.2916338128424
2024-08-28,680.1560707519532
2024-08-29,677.6686280870032
2024-08-30,686.7316066730507
2024-09-03,663.53798184945
2024-09-04,662.6296371011142
2024-09-05,664.1250052142675
2024-09-06,645.6361473436286
2024-09-09,654.1609617292286
2024-09-10,660.6545909114187
2024-09-11,676.5907791933382
2024-09-12,683.4310202393965
2024-09-13,686.2729167989427
2024-09-16,682.082591094792
2024-09-17,682.7050559888678
2024-09-18,678.91388254501
2024-09-19,697.1226617625571
2024-09-20,695.0224436031834
2024-09-23,697.3778553501253
2024-09-24,700.7359898685415
2024-09-25,702.142306327341
2024-09-26,705.4368041320496
2024-09-27,700.497202178496
2024-09-30,703.4994206750505
2024-10-01,691.644675382308
2024-10-02,692.6349285472688
2024-10-03,692.4254263297235
2024-10-04,701.076990484806
2024-10-07,692.1513765462588
2024-10-08,704.8150523996715
2024-10-09,710.9733271058469
2024-10-10,710.055266460699
2024-10-11,708.7376041701718
2024-10-14,715.1332320471638
2024-10-15,706.7699978941773
2024-10-16,707.289514538966
2024-10-17,708.9134180563644
2024-10-18,714.1947730088262
2024-10-21,716.9570823993349
2024-10-22,717.983662561883
2024-10-23,706.2142584668825
2024-10-24,713.042469298095
2024-10-25,717.4386631774546
2024-10-28,716.7697169205046
2024-10-29,724.2811928481169
2024-10-30,718.3907701155715
2024-10-31,699.3656631144618
2024-11-01,704.2906169718868
2024-11-04,701.538674917932
2024-11-05,711.3284528300164
2024-11-06,731.6948725935085
2024-11-07,743.4608919318719
2024-11-08,745.3456500585842
2024-11-11,744.0948277357431
2024-11-12,743.5830772263994
2024-11-13,742.4024119662015
2024-11-14,737.8817159210912
2024-11-15,720.4515879927187
2024-11-18,725.5209551204605
2024-11-19,730.1884922795633
2024-11-20,728.6187367212157
2024-11-21,729.6096586601391
2024-11-22,729.0013234965232
2024-11-25,729.0858778185889
2024-11-26,734.6881589372049
2024-11-27,728.6623042601801
2024-11-29,735.8911299032316
2024-12-02,744.752136366461
2024-12-03,747.8347727509934
2024-12-04,756.6922384515792
2024-12-05,756.5740676768457
2024-12-06,764.0098637083378
2024-12-09,758.607919342841
2024-12-10,756.6483597783949
2024-12-11,770.9421657482106
2024-12-12,764.9327819986306
2024-12-13,774.5198186790786
2024-12-16,787.78723277053
2024-12-17,784.7577395753631
2024-12-18,757.1110885602593
2024-12-19,754.4568810346286
2024-12-20,760.3395599447307
2024-12-23,770.8420669563739
2024-12-24,782.0099305705438
2024-12-26,780.9204678628051
2024-12-27,769.6902715398253
2024-12-30,760.0401248555646
2024-12-31,752.7043370730296
2025-01-02,749.9708108570264
2025-01-03,761.7379877880157
2025-01-06,769.4108537357779
2025-01-07,754.2372835907665
2025-01-08,754.6724908460001
2025-01-10,742.40127831977
2025-01-13,739.8421663551972
2025-01-14,737.0991806606444
2025-01-15,755.2820760631364
2025-01-16,747.363802318167
2025-01-17,759.9924967356511
2025-01-21,764.0014430056574
2025-01-22,776.4338507904353
2025-01-23,779.1306344901996
2025-01-24,773.9489052530637
2025-01-27,751.0713354683435
2025-01-28,765.4452924859976
2025-01-29,762.9927161261708
2025-01-30,762.8694033671325
2025-01-31,761.6242372673889
2025-02-03,754.5892567497679
2025-02-04,766.6532354980988
2025-02-05,769.4756301393586
2025-02-06,774.4193612055374
2025-02-07,764.2509024059882
2025-02-10,774.4908834393634
2025-02-11,772.6588315480651
2025-02-12,773.642175045075
2025-02-13,784.3133162834697
2025-02-14,786.8530853613208
2025-02-18,786.365655195789
2025-02-19,787.238591144728
2025-02-20,784.4792659205315
2025-02-21,769.4048345762101
2025-02-24,759.8943097561479
2025-02-25,751.7364128348132
2025-02-26,753.463114727848
2025-02-27,732.1936452275585
2025-02-28,745.3544381548618
2025-03-03,727.7443457669103
2025-03-04,725.1227179137846
2025-03-05,735.7312311458807
2025-03-06,715.2779586268423
2025-03-07,720.2354489944535
2025-03-10,692.0097083260023
2025-03-11,689.9380342863301
2025-03-12,698.6348428321664
2025-03-13,683.8876348703429
2025-03-14,701.1340403828474
2025-03-17,702.4629501630792
2025-03-18,690.5801269927952
2025-03-19,699.7988643111901
2025-03-20,698.0758925842191
2025-03-21,702.4178751429354
2025-03-24,717.5773604502036
2025-03-25,722.578486684079
2025-03-26,708.0606853643492
2025-03-27,704.850312309049
2025-03-28,686.039401933238
2025-03-31,686.5533281095677
2025-04-01,692.540817523419
2025-04-02,697.5918092710077
2025-04-03,659.551009292951
2025-04-04,620.1224847186012
2025-04-07,621.3697433486817
2025-04-08,609.0827291971374
2025-04-09,684.664777877169
2025-04-10,656.0206863673304
2025-04-11,668.9511555927397
2025-04-14,672.1303565471538
2025-04-15,672.9092717207277
2025-04-16,650.4469467808209
2025-04-17,649.1003092743994
2025-04-21,632.4817489598855
2025-04-22,649.1097308112246
2025-04-23,665.032171501778
2025-04-24,683.1687211413101
2025-04-25,692.1664010494958
2025-04-28,691.7178589624938
2025-04-29,695.7675141936882
2025-04-30,696.6111048060627
2025-05-01,706.3305614179358
2025-05-02,716.3623227167361
2025-05-05,710.5608140883384
2025-05-06,704.3840152844778
2025-05-07,707.1968853654862
2025-05-08,713.0752669821901
2025-05-09,712.9133386876845
2025-05-12,742.4795279410891
2025-05-13,754.7556602543399
2025-05-14,761.2966224443205
2025-05-15,761.6924286178004
2025-05-16,764.9114368464652
2025-05-19,765.4784707411065
2025-05-20,762.0109311531016
2025-05-21,752.8119828396096
2025-05-22,754.8852393742986
2025-05-23,748.0553431826266
2025-05-27,766.7657042443554
2025-05-28,764.2499872799701
2025-05-29,767.0639574315028
2025-05-30,766.8548500556122
2025-06-02,771.9964270422884
2025-06-03,777.3617175010843
2025-06-04,780.0334280073287
2025-06-05,772.5290152213072
2025-06-06,781.4753846973558
2025-06-09,783.264765975284
2025-06-10,787.7406841222082
2025-06-11,783.4067852593421
2025-06-12,785.659996738242
2025-06-13,776.4215940983893
2025-06-16,787.7596471220327
2025-06-17,779.684053403201
2025-06-18,779.872377705128
2025-06-20,776.8020541740245
2025-06-23,784.2514924219934
2025-06-24,795.1751642961942
2025-06-25,798.8465354883983
2025-06-26,806.7492169619109
2025-06-27,810.5422272704766
2025-06-30,815.776642432913
2025-07-01,806.0838530747562
2025-07-02,812.7518576092946
2025-07-03,820.714936827157
2025-07-07,814.2598409275462
2025-07-08,813.1379094918807
2025-07-09,820.2133948458661
2025-07-10,819.5925015367445
2025-07-11,818.6004129642738
2025-07-14,821.2623115111521
2025-07-15,824.5566300135847
2025-07-16,826.4751732928514
2025-07-17,833.0502434481257
2025-07-18,832.1218951351875
2025-07-21,836.7585157891031
2025-07-22,830.906049909551
2025-07-23,834.4491479016763
2025-07-24,836.296952646671
2025-07-25,838.9578870723635
2025-07-28,842.7046837635094
2025-07-29,840.2343609351037
2025-07-30,841.6278368933959
2025-07-31,840.3192073057182
2025-08-01,823.3515700866828
2025-08-04,837.6253311674668
2025-08-05,833.2436024531321
2025-08-06,847.2740177545477
2025-08-07,850.8968911870213
2025-08-08,861.7432306686748
2025-08-11,858.623946317754
2025-08-12,869.8181030306337
2025-08-13,868.6712190631868
2025-08-14,869.6746093975047
2025-08-15,866.7705602690952
2025-08-18,866.3735434343964
2025-08-19,852.9088728291096
2025-08-20,847.4968041167821
2025-08-21,843.0220103122708
2025-08-22,855.1013533948606
2025-08-25,853.8654842355521
2025-08-26,858.2320946021348
2025-08-27,859.0848389685799
2025-08-28,863.5352217183386
2025-08-29,853.4593605985388
2025-09-02,846.6159324501473
2025-09-03,854.2220524966689
2025-09-04,862.2698051182149
2025-09-05,862.6798101478819
2025-09-08,865.6217645793647
2025-09-09,868.0812151683397
2025-09-10,870.3546108715825
2025-09-11,872.3423101110322
2025-09-12,877.5722532837959
2025-09-15,884.9867270421205
2025-09-16,883.6078500938414
2025-09-17,881.5269893202444
2025-09-18,884.7901238036083
2025-09-19,893.1371973634829
2025-09-22,898.2608068044715
2025-09-23,891.2855300686241
2025-09-24,887.9535807677773
2025-09-25,883.6922647109891
2025-09-26,886.0154908215484
2025-09-29,889.9919917411654
2025-09-30,894.0934948789975
2025-10-01,897.7200666507101
2025-10-02,899.6853393807412
2025-10-03,895.2938392773267
2025-10-06,903.5914488584224
2025-10-07,900.066475934821
2025-10-08,911.7132968498549
2025-10-09,911.0077874289153
2025-10-10,879.5821299476119
2025-10-13,898.0982745711814
2025-10-14,891.3619806532372
2025-10-15,897.854765932763
2025-10-16,895.5360859652612
2025-10-17,902.5991291458774
2025-10-20,914.8473707039864
2025-10-21,912.7808373164202
2025-10-22,904.6239494478741
2025-10-23,912.4547657554547
2025-10-24,922.8867929017376
2025-10-27,941.4413696475166
2025-10-28,949.7785090143987
2025-10-29,956.1932558233882
2025-10-30,941.2644378478374
2025-10-31,945.7944255104977
2025-11-03,951.1208000490199
2025-11-04,931.4850335977362
2025-11-05,937.0148027133472
2025-11-06,919.7021123090921
2025-11-07,916.2489488559925
2025-11-10,939.4040106903693
2025-11-11,937.1815081467173
2025-11-12,936.3355389863691
2025-11-13,917.4568712323737
2025-11-14,919.405321117239
2025-11-17,911.3973765792223
2025-11-18,899.8214823094203
2025-11-19,904.2091868009993
2025-11-20,883.1607482997126
2025-11-21,888.5741102484385
2025-11-24,911.9584875152791
2025-11-25,915.0619507213639
2025-11-26,923.2215840890642
2025-11-28,929.2448132427398
2025-12-01,927.0195977411449
2025-12-02,934.7872910398694
2025-12-03,933.8124790692113
2025-12-04,935.4935060245034
2025-12-05,939.4209907810173
2025-12-08,936.7125216078757
2025-12-09,938.3590502228553
2025-12-10,940.0472569050416
2025-12-11,936.4595536873485
2025-12-12,921.2927737802997
2025-12-15,917.1914293131413
2025-12-16,921.3087699666642
2025-12-17,903.9125757235188
2025-12-18,917.9443007682459
2025-12-19,930.5446716615568
2025-12-22,934.1431463325326
2025-12-23,941.3661258659769
2025-12-24,943.9095025112796
2025-12-26,943.1490998213644
2025-12-29,938.5545512700626
2025-12-30,936.1989839906876
2025-12-31,928.5976395659369
2026-01-02,927.2954000518321
2026-01-05,933.5444207842588
2026-01-06,939.9607250948484
2026-01-07,942.0155756245417
2026-01-08,935.662976177996
2026-01-09,946.4252460551974
2026-01-12,948.3047043683064
2026-01-13,947.6556273374047
2026-01-14,935.2733171252083
2026-01-15,938.7826968235345
2026-01-16,939.0609746627022
2026-01-20,916.5867208180653
2026-01-21,928.3182264430891
2026-01-22,935.7162038831134
2026-01-23,940.5078598113719
2026-01-26,943.7409500192298
2026-01-27,955.6047700110685
2026-01-28,959.6362293209626
2026-01-29,955.6494922919711
2026-01-30,941.3590442124306
2026-02-02,948.6520581310174
2026-02-03,933.1908834599799
2026-02-04,910.4819878965508
2026-02-05,899.1115646564219
2026-02-06,918.2485096833652
2026-02-09,926.9472562717323
2026-02-10,920.2676346811753
2026-02-11,922.7211031809189
2026-02-12,899.4514962003067
2026-02-13,898.4640535152215
2026-02-17,900.0784815187967
2026-02-18,908.6894216111425
2026-02-19,905.3998382137612
2026-02-20,916.1923003482952
2026-02-23,905.1901173109916
2026-02-24,915.0323562446574
2026-02-25,929.8250420774323
2026-02-26,914.8546359817444
2026-02-27,910.2902403512928
2026-03-02,913.246138872524
2026-03-03,902.3286318303092
2026-03-04,917.2359075489006
2026-03-05,916.1463531841382
2026-03-06,899.8351858456904
2026-03-09,914.3740417533588
2026-03-10,915.1709889917897
2026-03-11,917.3959255672246
2026-03-12,901.4169001850955
2026-03-13,894.524893628455
2026-03-16,905.2254323331647
2026-03-17,909.4586084296186
2026-03-18,897.6389423787828
2026-03-19,894.5933765195207
2026-03-20,878.0011619176271
2026-03-23,888.3969122951803
2026-03-24,882.9800578798154
2026-03-25,889.8215799090581
2026-03-26,864.8103614572385
2026-03-27,849.0888076115671
2026-03-30,840.1906003832032
2026-03-31,871.570416826293
2026-04-01,883.6457282029662
2026-04-02,885.3933288835071
2026-04-06,889.9586549892117
2026-04-07,890.9232209903319
2026-04-08,918.6641407910772
2026-04-09,930.1627769435912
2026-04-10,934.3713075746766
2026-04-13,941.7374338443506
2026-04-14,961.4754415309887
2026-04-15,975.6406583812754
2026-04-16,980.6462789346936
2026-04-17,992.5141356720569
2026-04-20,986.3644360475389
2026-04-21,981.6326941832131
2026-04-22,1000.8397812530436
2026-04-23,995.5211917725877
2026-04-24,1019.4072700650536
2026-04-27,1020.0399678709304
2026-04-28,1010.148405508239
2026-04-29,1015.087633488486
2026-04-30,1024.0905496451999
2026-05-01,1033.5688201316261
2026-05-04,1029.5440695554194
2026-05-05,1044.4448618003037
2026-05-06,1071.0646865589897
2026-05-07,1068.7966428469076
2026-05-08,1098.563355480018
2026-05-11,1102.7212905443555
2026-05-12,1093.059231117804
2026-05-13,1108.408096221952
2026-05-14,1116.9436215934152
2026-05-15,1096.027023247842
2026-05-18,1089.8983712799204
2026-05-19,1082.3677710905197
2026-05-20,1100.184960665264
2026-05-21,1100.4403416772473
2026-05-22,1103.9118004629029
2026-05-26,1125.5180021175456
2026-05-27,1125.7787012015833
2026-05-28,1135.2314123845777
2026-05-29,1136.5744101679427
2026-06-01,1137.2744731921791
2026-06-02,1141.9839429470492
2026-06-03,1139.0720494290233
2026-06-04,1131.11145598733
2026-06-05,1074.1698517210152
2026-06-08,1093.6914263986212
2026-06-09,1081.125321510973
2026-06-10,1058.2951578258908
2026-06-11,1094.0220276288242
2026-06-12,1099.881139149868
2026-06-15,1134.5512799495068
2026-06-16,1111.0388007000845
2026-06-17,1099.9913903844638
2026-06-18,1130.7850152863355
2026-06-22,1128.7132225484331
2026-06-23,1093.0010761794529
2026-06-24,1085.5956451954776
2026-06-25,1088.3481896277608
2026-06-26,1078.8058786110055
2026-06-29,1103.8603183366656
2026-06-30,1124.1656239472513
2026-07-01,1112.5284189953068
2026-07-02,1094.7627335338946
2026-07-06,1111.9933546377251
2026-07-07,1094.7676818495797
2026-07-08,1099.2116515820494
2026-07-09,1115.6349443181161
2026-07-10,1121.8850873827148
2026-07-13,1100.9602089595755
2026-07-14,1117.027434003394
2026-07-15,1118.6058556831058
2026-07-16,1097.4976560518262
2026-07-17,1081.4358507365457
2026-07-20,1082.4467350766618
2026-07-21,1100.6215098224932
2026-07-22,1094.95279483776
2026-07-23,1067.3421343308162
2026-07-24,1056.5164677991636
2026-07-27,1050.8036691326542
2026-07-28,1039.3907527854765
2026-07-29,1016.3909585390961
2026-07-30,1055.1222651115108
2026-07-31,1066.146957903997
2026-08-03,1089.954824095295
2026-08-04,1125.6935639172266
2026-08-05,1115.9580489653206
2026-08-06,1114.1728127920305
