Date,Close
2000-06-30,100.00000000000001
2000-07-01,99.95903197471148
2000-07-02,99.91823823504348
2000-07-03,101.01259562958991
2000-07-04,100.97214808664148
2000-07-05,96.74028027609438
2000-07-06,99.05290389623022
2000-07-07,99.86365421093512
2000-07-08,99.82388966870644
2000-07-09,99.7842939415766
2000-07-10,96.79305480980051
2000-07-11,95.66473730174133
2000-07-12,98.43599316649679
2000-07-13,99.78929121821321
2000-07-14,101.74595431343619
2000-07-15,101.7073555045599
2000-07-16,101.66892022038864
2000-07-17,102.97600562921752
2000-07-18,100.64781193248197
2000-07-19,97.94839112115946
2000-07-20,102.49110775218352
2000-07-21,101.37034565980574
2000-07-22,101.33287607697764
2000-07-23,101.29556490246586
2000-07-24,99.64945722983201
2000-07-25,101.27906446411137
2000-07-26,101.56427056248593
2000-07-27,99.6986279395314
2000-07-28,94.8711068067511
2000-07-29,94.83473114285198
2000-07-30,94.798508938975
2000-07-31,97.1714465698694
2000-08-01,95.0754238877737
2000-08-02,93.51657673387626
2000-08-03,96.9177554469363
2000-08-04,96.7010238281152
2000-08-05,96.69077793082208
2000-08-06,96.68055157435077
2000-08-07,98.16485880163378
2000-08-08,98.438232831954
2000-08-09,99.11423294926576
2000-08-10,96.56551951653714
2000-08-11,97.59723336135772
2000-08-12,97.58712337322231
2000-08-13,97.57703263455839
2000-08-14,99.1239725695904
2000-08-15,98.70483825483629
2000-08-16,98.60098581564772
2000-08-17,100.15520271866689
2000-08-18,100.1683604770119
2000-08-19,100.15838437187504
2000-08-20,100.1484272292775
2000-08-21,101.21630574330513
2000-08-22,101.01234428027719
2000-08-23,102.36850790995295
2000-08-24,103.1977678061412
2000-08-25,102.12195275742872
2000-08-26,102.1121085398562
2000-08-27,102.10228300224179
2000-08-28,102.98223604492989
2000-08-29,103.10351120313581
2000-08-30,102.35635648549663
2000-08-31,104.50680987689196
2000-09-01,104.60913559726157
2000-09-02,104.55539979306707
2000-09-03,104.50198961888685
2000-09-04,104.4489030987269
2000-09-05,101.44975297290927
2000-09-06,98.83292726413796
2000-09-07,101.20604804452432
2000-09-08,98.09045192508748
2000-09-09,98.03895445283035
2000-09-10,97.98776902824356
2000-09-11,95.27274193416285
2000-09-12,93.57569807360724
2000-09-13,94.48884741072355
2000-09-14,93.92474769550827
2000-09-15,92.21315922772668
2000-09-16,92.16380672672433
2000-09-17,92.11475325834031
2000-09-18,90.34097649440017
2000-09-19,94.82320235277213
2000-09-20,96.03000263056191
2000-09-21,93.19354422641157
2000-09-22,91.384194119151
2000-09-23,91.3578072871584
2000-09-24,91.33157508392463
2000-09-25,88.20521677970028
2000-09-26,87.26628766949767
2000-09-27,87.12723820912697
2000-09-28,89.09522873266013
2000-09-29,85.22493636885142
2000-09-30,85.19857858398564
2000-10-01,85.17238156762318
2000-10-02,83.62137820099558
2000-10-03,81.44936864907959
2000-10-04,83.47963930122498
2000-10-05,83.38347507690091
2000-10-06,81.41482352247894
2000-10-07,81.38957073255057
2000-10-08,81.36447197124266
2000-10-09,80.46665481722819
2000-10-10,78.13890895686234
2000-10-11,76.27139615035333
2000-10-12,74.88239730411095
2000-10-13,81.10198581797705
2000-10-14,81.07779169838719
2000-10-15,81.0537451500904
2000-10-16,80.06993699437726
2000-10-17,78.9150716797588
2000-10-18,78.42139538854099
2000-10-19,85.42992662466821
2000-10-20,86.97882862758513
2000-10-21,86.95564879579668
2000-10-22,86.93261034868385
2000-10-23,85.30743578062548
2000-10-24,83.51705587825441
2000-10-25,77.76357942579625
2000-10-26,80.2069875654098
2000-10-27,81.24371716800616
2000-10-28,81.22150910212694
2000-10-29,81.19943649366691
2000-10-30,77.88457347226168
2000-10-31,81.71240017729339
2000-11-01,79.68472087007723
2000-11-02,81.195344919658
2000-11-03,82.27586460956523
2000-11-04,82.25102720573582
2000-11-05,82.2263672050756
2000-11-06,81.12257926430682
2000-11-07,81.61932373980756
2000-11-08,76.12482016218652
2000-11-09,77.1546648855199
2000-11-10,72.6655512631135
2000-11-11,72.64192938653568
2000-11-12,72.61847623112519
2000-11-13,72.23591533184825
2000-11-14,77.39732571206542
2000-11-15,77.77198954906585
2000-11-16,74.85693239041728
2000-11-17,76.05154345784752
2000-11-18,76.02907762136599
2000-11-19,76.0067722489417
2000-11-20,72.59234286207821
2000-11-21,73.85613361961443
2000-11-22,70.4939279615201
2000-11-23,70.47225306562068
2000-11-24,74.12443998917558
2000-11-25,74.10307361689976
2000-11-26,74.08185985566901
2000-11-27,73.53933812393683
2000-11-28,70.49555714080365
2000-11-29,69.72912090356459
2000-11-30,66.018293958433
2000-12-01,66.205775209889
2000-12-02,66.18378463173069
2000-12-03,66.16196413164099
2000-12-04,66.77595843095597
2000-12-05,74.45136682065666
2000-12-06,71.44073635246947
2000-12-07,70.26088719531757
2000-12-08,72.47481997151252
2000-12-09,72.45399266963042
2000-12-10,72.43332644888284
2000-12-11,74.3499708247039
2000-12-12,72.05031696182287
2000-12-13,69.24864526917375
2000-12-14,67.47133062833407
2000-12-15,63.73537662082952
2000-12-16,63.715651059247406
2000-12-17,63.69607805779319
2000-12-18,63.49267457219369
2000-12-19,60.313337268729114
2000-12-20,55.991764444119305
2000-12-21,56.85238926238485
2000-12-22,60.961779443503445
2000-12-23,60.961779443503445
2000-12-24,60.961779443503445
2000-12-25,60.961779443503445
2000-12-26,60.46229341940278
2000-12-27,61.31141249520121
2000-12-28,60.16992929967921
2000-12-29,57.42769274396163
2000-12-30,57.42769274396163
2000-12-31,57.42769274396163
2001-01-01,57.42769274396163
2001-01-02,53.32028350976813
2001-01-03,63.07765597924375
2001-01-04,61.59490615012779
2001-01-05,57.06576438139079
2001-01-06,57.06576438139079
2001-01-07,57.06576438139079
2001-01-08,57.757913955883694
2001-01-09,58.603072969556294
2001-01-10,59.60460493546939
2001-01-11,61.6005743468238
2001-01-12,60.780653953205075
2001-01-13,60.780653953205075
2001-01-14,60.780653953205075
2001-01-15,60.780653953205075
2001-01-16,60.43587350947263
2001-01-17,61.84402248756429
2001-01-18,64.90153643915443
2001-01-19,65.11026444396401
2001-01-20,65.11026444396401
2001-01-21,65.11026444396401
2001-01-22,65.38450984694045
2001-01-23,66.97944759974007
2001-01-24,67.06267529583745
2001-01-25,64.40972935407787
2001-01-26,66.0071319465993
2001-01-27,66.0071319465993
2001-01-28,66.0071319465993
2001-01-29,66.91541492752701
2001-01-30,66.84829142976506
2001-01-31,64.77505326119618
2001-02-01,65.77224409900029
2001-02-02,62.80929013344209
2001-02-03,62.80929013344209
2001-02-04,62.80929013344209
2001-02-05,62.19489490197467
2001-02-06,62.70254077555845
2001-02-07,61.6426495634045
2001-02-08,60.03859072180302
2001-02-09,57.11370915165956
2001-02-10,57.11370915165956
2001-02-11,57.11370915165956
2001-02-12,57.76866819191163
2001-02-13,55.945377254383274
2001-02-14,58.20303791405628
2001-02-15,60.14675358300973
2001-02-16,56.32926671496421
2001-02-17,56.32926671496421
2001-02-18,56.32926671496421
2001-02-19,56.32926671496421
2001-02-20,53.43723531553092
2001-02-21,52.03585795012728
2001-02-22,51.60187411448045
2001-02-23,51.62648770147846
2001-02-24,51.62648770147846
2001-02-25,51.62648770147846
2001-02-26,52.59969376794379
2001-02-27,49.971289004561584
2001-02-28,48.59591337643522
2001-03-01,50.51872424236433
2001-03-02,47.88559150387272
2001-03-03,47.88559150387272
2001-03-04,47.88559150387272
2001-03-05,49.24697799738205
2001-03-06,50.43636430721072
2001-03-07,50.75328808911311
2001-03-08,49.46163945238937
2001-03-09,45.712964830546966
2001-03-10,45.712964830546966
2001-03-11,45.712964830546966
2001-03-12,42.11166288897114
2001-03-13,45.2989670124068
2001-03-14,44.327372900922946
2001-03-15,43.730766250011015
2001-03-16,42.835074516067806
2001-03-17,42.835074516067806
2001-03-18,42.835074516067806
2001-03-19,44.42075359894095
2001-03-20,41.4528220266322
2001-03-21,41.72144691798479
2001-03-22,44.19175284855381
2001-03-23,44.42773360577944
2001-03-24,44.42773360577944
2001-03-25,44.42773360577944
2001-03-26,43.314080793494476
2001-03-27,44.85997790119797
2001-03-28,41.450910460793764
2001-03-29,40.625774148448
2001-03-30,40.728166941298255
2001-03-31,40.728166941298255
2001-04-01,40.728166941298255
2001-04-02,39.55533503921657
2001-04-03,36.79344306166978
2001-04-04,35.66705567523087
2001-04-05,39.152505481125885
2001-04-06,37.25296063706926
2001-04-07,37.25296063706926
2001-04-08,37.25296063706926
2001-04-09,37.7101866799978
2001-04-10,40.243541584637896
2001-04-11,42.30811930857677
2001-04-12,43.995729146911245
2001-04-13,43.995729146911245
2001-04-14,43.995729146911245
2001-04-15,43.995729146911245
2001-04-16,42.16523085217661
2001-04-17,42.53946441413611
2001-04-18,47.35049245616905
2001-04-19,50.598519278226235
2001-04-20,50.512819358106796
2001-04-21,50.512819358106796
2001-04-22,50.512819358106796
2001-04-23,47.155694499921296
2001-04-24,45.59890412340396
2001-04-25,46.27120488624277
2001-04-26,44.72175729787604
2001-04-27,45.50290015176534
2001-04-28,45.50290015176534
2001-04-29,45.50290015176534
2001-04-30,46.42794085325262
2001-05-01,47.92609390259822
2001-05-02,49.26826940786195
2001-05-03,47.20905755970864
2001-05-04,48.66051902001909
2001-05-05,48.66051902001909
2001-05-06,48.66051902001909
2001-05-07,48.44958960431315
2001-05-08,49.228345022643
2001-05-09,47.599486932810066
2001-05-10,46.793007419500384
2001-05-11,46.27552046580031
2001-05-12,46.27552046580031
2001-05-13,46.27552046580031
2001-05-14,45.584913269651096
2001-05-15,45.61916945331133
2001-05-16,47.710005948955775
2001-05-17,47.944166920755194
2001-05-18,47.980988618773985
2001-05-19,47.980988618773985
2001-05-20,47.980988618773985
2001-05-21,51.122012990058664
2001-05-22,51.118072671678746
2001-05-23,49.64017288509836
2001-05-24,50.67855588690274
2001-05-25,49.56611149269679
2001-05-26,49.56611149269679
2001-05-27,49.56611149269679
2001-05-28,49.56611149269679
2001-05-29,47.63255411120603
2001-05-30,45.20307327667303
2001-05-31,45.48296640275261
2001-06-01,46.50865373766257
2001-06-02,46.50865373766257
2001-06-03,46.50865373766257
2001-06-04,46.75643118800834
2001-06-05,48.665106750606554
2001-06-06,48.19464898303153
2001-06-07,49.688085548252985
2001-06-08,48.253885901928804
2001-06-09,48.253885901928804
2001-06-10,48.253885901928804
2001-06-11,47.28738787755654
2001-06-12,47.15979418197859
2001-06-13,45.484193241217454
2001-06-14,43.700382634361304
2001-06-15,42.97824165830562
2001-06-16,42.97824165830562
2001-06-17,42.97824165830562
2001-06-18,42.30220516292762
2001-06-19,42.5713279289878
2001-06-20,43.12608709313847
2001-06-21,43.93086882083027
2001-06-22,43.71796335285485
2001-06-23,43.71796335285485
2001-06-24,43.71796335285485
2001-06-25,44.51233574059951
2001-06-26,44.80036853127623
2001-06-27,44.83509202195263
2001-06-28,46.13205250527123
2001-06-29,46.066330381384184
2001-06-30,46.066330381384184
2001-07-01,46.066330381384184
2001-07-02,46.27942098366452
2001-07-03,46.884694664698365
2001-07-04,46.884694664698365
2001-07-05,45.07599904928959
2001-07-06,43.09018384834002
2001-07-07,43.09018384834002
2001-07-08,43.09018384834002
2001-07-09,43.98528372585875
2001-07-10,42.254298244661186
2001-07-11,42.81456305654231
2001-07-12,45.954643747890714
2001-07-13,46.36034750533665
2001-07-14,46.36034750533665
2001-07-15,46.36034750533665
2001-07-16,44.990230680338215
2001-07-17,45.925231670620086
2001-07-18,44.79019830126393
2001-07-19,46.17858911170515
2001-07-20,45.40848067331698
2001-07-21,45.40848067331698
2001-07-22,45.40848067331698
2001-07-23,43.94300935248524
2001-07-24,43.513183677115336
2001-07-25,44.61743521537804
2001-07-26,44.9523586032106
2001-07-27,45.03205794308889
2001-07-28,45.03205794308889
2001-07-29,45.03205794308889
2001-07-30,44.87750899184686
2001-07-31,45.15001438483195
2001-08-01,46.30080101718133
2001-08-02,47.39171684633413
2001-08-03,46.715932941033856
2001-08-04,46.715932941033856
2001-08-05,46.715932941033856
2001-08-06,46.01762803002261
2001-08-07,45.81450393230857
2001-08-08,44.179352809281795
2001-08-09,44.245173101288984
2001-08-10,43.98063012330982
2001-08-11,43.98063012330982
2001-08-12,43.98063012330982
2001-08-13,44.72326305324379
2001-08-14,44.003811018049646
2001-08-15,42.65253236940333
2001-08-16,43.4176189140814
2001-08-17,41.26199252133543
2001-08-18,41.26199252133543
2001-08-19,41.26199252133543
2001-08-20,41.80984902537752
2001-08-21,40.34073704668137
2001-08-22,41.19364973229942
2001-08-23,40.747699630887894
2001-08-24,43.11474171462018
2001-08-25,43.11474171462018
2001-08-26,43.11474171462018
2001-08-27,42.921404241000175
2001-08-28,41.49382487337086
2001-08-29,40.888082737080914
2001-08-30,38.92798405678998
2001-08-31,39.31328027497189
2001-09-01,39.31328027497189
2001-09-02,39.31328027497189
2001-09-03,39.31328027497189
2001-09-04,38.220447328563864
2001-09-05,38.318094842274654
2001-09-06,36.66831109247046
2001-09-07,36.54022182434733
2001-09-08,36.54022182434733
2001-09-09,36.54022182434733
2001-09-10,37.21067788884858
2001-09-11,37.21067788884858
2001-09-12,37.21067788884858
2001-09-13,37.21067788884858
2001-09-14,37.21067788884858
2001-09-15,37.21067788884858
2001-09-16,37.21067788884858
2001-09-17,34.39545347188376
2001-09-18,34.1080385398464
2001-09-19,33.32112400871655
2001-09-20,32.00400186220256
2001-09-21,30.719730384431813
2001-09-22,30.719730384431813
2001-09-23,30.719730384431813
2001-09-24,32.66834005565775
2001-09-25,32.94415575573299
2001-09-26,32.12364919451523
2001-09-27,31.833270059147118
2001-09-28,32.47024410154357
2001-09-29,32.465255199790754
2001-09-30,32.460283161321996
2001-10-01,32.1200826059594
2001-10-02,32.20893554816425
2001-10-03,34.406187654588
2001-10-04,34.564599912346196
2001-10-05,34.91156802937076
2001-10-06,34.90669598031468
2001-10-07,34.90184039956189
2001-10-08,35.302455140531926
2001-10-09,34.110325104362
2001-10-10,35.499815376796086
2001-10-11,37.41056617717817
2001-10-12,37.46380020441686
2001-10-13,37.45904227107182
2001-10-14,37.45430042030076
2001-10-15,37.25705326447378
2001-10-16,37.81961264311755
2001-10-17,35.960069974582815
2001-10-18,36.377649025917336
2001-10-19,36.887692477288795
2001-10-20,36.883045986776224
2001-10-21,36.878415202143074
2001-10-22,37.894867081590945
2001-10-23,37.796568584294874
2001-10-24,38.55334116579563
2001-10-25,39.39825193040126
2001-10-26,39.06877023389387
2001-10-27,39.06423257594079
2001-10-28,39.059710255995704
2001-10-29,37.25917781105211
2001-10-30,36.48970621604941
2001-10-31,36.90663248758497
2001-11-01,38.736422473549396
2001-11-02,38.9312429286123
2001-11-03,38.93469368672151
2001-11-04,38.93815341975303
2001-11-05,39.8055735132449
2001-11-06,41.026800555714864
2001-11-07,41.13813114369175
2001-11-08,41.03513969543695
2001-11-09,40.968482537554195
2001-11-10,40.97199661244191
2001-11-11,40.97551982692971
2001-11-12,41.34015104723012
2001-11-13,42.42135112924368
2001-11-14,42.58330477358558
2001-11-15,42.543422173331635
2001-11-16,42.33994892458409
2001-11-17,42.3435274780282
2001-11-18,42.34711533877178
2001-11-19,43.09948250173962
2001-11-20,41.84782517457462
2001-11-21,41.877386540965645
2001-11-22,41.881011873606916
2001-11-23,42.508967246349314
2001-11-24,42.51261146144475
2001-11-25,42.516265154616114
2001-11-26,43.21141436394839
2001-11-27,42.83979252901662
2001-11-28,41.76187228752272
2001-11-29,42.92980819764685
2001-11-30,43.04334846367115
2001-12-01,43.041869515165814
2001-12-02,43.04039209958859
2001-12-03,42.537421160759386
2001-12-04,43.729418472258395
2001-12-05,45.75590146368552
2001-12-06,45.73118276210694
2001-12-07,44.76300416238477
2001-12-08,44.761535911067355
2001-12-09,44.760069181590424
2001-12-10,44.2114177892023
2001-12-11,44.26154898789243
2001-12-12,44.632464983377304
2001-12-13,42.76794713970703
2001-12-14,43.09893274213286
2001-12-15,43.09747511063094
2001-12-16,43.09601898996208
2001-12-17,43.62863971076534
2001-12-18,43.79218310787472
2001-12-19,43.211557637313334
2001-12-20,41.493617782955766
2001-12-21,41.69979307337834
2001-12-22,41.69834598487912
2001-12-23,41.69690039628516
2001-12-24,41.5241901099585
2001-12-25,41.5241901099585
2001-12-26,41.87293124572136
2001-12-27,42.30908603322575
2001-12-28,42.318468875983825
2001-12-29,42.318468875983825
2001-12-30,42.318468875983825
2001-12-31,41.18738796660831
2002-01-01,41.18738796660831
2002-01-02,42.362237538910016
2002-01-03,44.263402005953935
2002-01-04,44.397131402082735
2002-01-05,44.397131402082735
2002-01-06,44.397131402082735
2002-01-07,43.76846490753456
2002-01-08,44.35465626564044
2002-01-09,44.1068909281563
2002-01-10,44.104058625743335
2002-01-11,43.62753456292363
2002-01-12,43.62753456292363
2002-01-13,43.62753456292363
2002-01-14,43.22837787591856
2002-01-15,43.49743637160901
2002-01-16,42.2889897222883
2002-01-17,43.39959291345524
2002-01-18,41.77720100937992
2002-01-19,41.77720100937992
2002-01-20,41.77720100937992
2002-01-21,41.77720100937992
2002-01-22,40.22106864943672
2002-01-23,41.19556907714322
2002-01-24,41.64239911101391
2002-01-25,41.848987891895014
2002-01-26,41.848987891895014
2002-01-27,41.848987891895014
2002-01-28,42.04592451146153
2002-01-29,40.63395828273947
2002-01-30,41.49723666619986
2002-01-31,42.04384602715146
2002-02-01,41.328123168819246
2002-02-02,41.328123168819246
2002-02-03,41.328123168819246
2002-02-04,40.43026413704983
2002-02-05,40.24674414926265
2002-02-06,39.943982155923116
2002-02-07,38.84769121854286
2002-02-08,39.182054694188395
2002-02-09,39.182054694188395
2002-02-10,39.182054694188395
2002-02-11,40.247977816633906
2002-02-12,39.74425097865907
2002-02-13,40.52168322880532
2002-02-14,40.15969619407768
2002-02-15,39.1067228100763
2002-02-16,39.1067228100763
2002-02-17,39.1067228100763
2002-02-18,39.1067228100763
2002-02-19,38.015718266569
2002-02-20,38.47152381003048
2002-02-21,36.48219692457729
2002-02-22,36.63801872170763
2002-02-23,36.63801872170763
2002-02-24,36.63801872170763
2002-02-25,38.1903831805902
2002-02-26,37.72326838641371
2002-02-27,37.070546016867816
2002-02-28,36.60239817042861
2002-03-01,38.61669055383278
2002-03-02,38.61669055383278
2002-03-03,38.61669055383278
2002-03-04,39.71807831030252
2002-03-05,40.019210044128755
2002-03-06,40.44784863175176
2002-03-07,40.34383616026938
2002-03-08,41.71387583808227
2002-03-09,41.71387583808227
2002-03-10,41.71387583808227
2002-03-11,41.44277682844277
2002-03-12,40.61143359695895
2002-03-13,39.5622988813028
2002-03-14,39.21644381902052
2002-03-15,39.68404015352193
2002-03-16,39.68404015352193
2002-03-17,39.68404015352193
2002-03-18,39.93279764168433
2002-03-19,40.07216562899478
2002-03-20,38.665705114874186
2002-03-21,39.657830343079745
2002-03-22,39.07850186625241
2002-03-23,39.07850186625241
2002-03-24,39.07850186625241
2002-03-25,38.17250991935318
2002-03-26,38.57285642210768
2002-03-27,38.39420749917555
2002-03-28,38.80294854812366
2002-03-29,38.80294854812366
2002-03-30,38.80294854812366
2002-03-31,38.80294854812366
2002-04-01,39.60454408279355
2002-04-02,37.91863499284375
2002-04-03,37.66527358045459
2002-04-04,37.80720283841002
2002-04-05,37.20660090545812
2002-04-06,37.20660090545812
2002-04-07,37.20660090545812
2002-04-08,37.600447147299036
2002-04-09,36.03770109677744
2002-04-10,36.76425357929473
2002-04-11,35.797999791208234
2002-04-12,36.28894650172503
2002-04-13,36.28894650172503
2002-04-14,36.28894650172503
2002-04-15,36.17932860890107
2002-04-16,37.83491010144802
2002-04-17,37.87931874317805
2002-04-18,37.431867408864576
2002-04-19,37.27309764894914
2002-04-20,37.27309764894914
2002-04-21,37.27309764894914
2002-04-22,36.448694154019066
2002-04-23,35.34859231935846
2002-04-24,34.94952939346868
2002-04-25,35.01198298008004
2002-04-26,33.63799375234845
2002-04-27,33.63799375234845
2002-04-28,33.63799375234845
2002-04-29,33.578943131497496
2002-04-30,34.12038334554766
2002-05-01,33.75402927628382
2002-05-02,32.625552958675094
2002-05-03,31.41559840688508
2002-05-04,31.41559840688508
2002-05-05,31.41559840688508
2002-05-06,30.689104729724264
2002-05-07,30.67485183282149
2002-05-08,34.56165670497533
2002-05-09,33.32466378604254
2002-05-10,31.89609261573699
2002-05-11,31.89609261573699
2002-05-12,31.89609261573699
2002-05-13,33.60711717430101
2002-05-14,35.37499164867936
2002-05-15,35.61980331605422
2002-05-16,36.08024060781469
2002-05-17,36.367588040688865
2002-05-18,36.367588040688865
2002-05-19,36.367588040688865
2002-05-20,35.3162468316921
2002-05-21,34.47334627703866
2002-05-22,34.88710064294165
2002-05-23,35.431844752890804
2002-05-24,34.397636251061854
2002-05-25,34.397636251061854
2002-05-26,34.397636251061854
2002-05-27,34.397636251061854
2002-05-28,34.15747249588122
2002-05-29,33.34955811559412
2002-05-30,33.55060781541309
2002-05-31,32.95680905572813
2002-06-01,32.95680905572813
2002-06-02,32.95680905572813
2002-06-03,31.76179766181152
2002-06-04,32.54858232237253
2002-06-05,33.20652479220675
2002-06-06,32.19947129205322
2002-06-07,31.12299035676932
2002-06-08,31.12299035676932
2002-06-09,31.12299035676932
2002-06-10,31.014868368045946
2002-06-11,30.22293096887399
2002-06-12,31.449452337386926
2002-06-13,30.88786127038493
2002-06-14,30.883817754883808
2002-06-15,30.883817754883808
2002-06-16,30.883817754883808
2002-06-17,31.970113723972432
2002-06-18,31.758756627661363
2002-06-19,30.466390507492513
2002-06-20,29.505566874414747
2002-06-21,28.684911905943604
2002-06-22,28.684911905943604
2002-06-23,28.684911905943604
2002-06-24,29.6514615289116
2002-06-25,28.780547511999146
2002-06-26,29.24140089093637
2002-06-27,29.970159843230753
2002-06-28,29.831244030052858
2002-06-29,29.831244030052858
2002-06-30,29.831244030052858
2002-07-01,28.475647502564165
2002-07-02,27.394617832977847
2002-07-03,28.226724337655146
2002-07-04,28.226724337655146
2002-07-05,30.13389043655802
2002-07-06,30.13389043655802
2002-07-07,30.13389043655802
2002-07-08,28.75672737877008
2002-07-09,28.314571963781134
2002-07-10,27.462668122174463
2002-07-11,28.588682500321436
2002-07-12,28.66319331351543
2002-07-13,28.66319331351543
2002-07-14,28.66319331351543
2002-07-15,29.10009181172493
2002-07-16,28.929029230222998
2002-07-17,29.74356420171744
2002-07-18,28.98237584154244
2002-07-19,28.312459229343556
2002-07-20,28.312459229343556
2002-07-21,28.312459229343556
2002-07-22,27.29400683676957
2002-07-23,25.768340856933314
2002-07-24,27.17757018592344
2002-07-25,25.532108884968476
2002-07-26,26.179616256151046
2002-07-27,26.179616256151046
2002-07-28,26.179616256151046
2002-07-29,27.80188224360448
2002-07-30,28.05537059718145
2002-07-31,27.793779816119923
2002-08-01,26.28756082878057
2002-08-02,25.600246676878548
2002-08-03,25.600246676878548
2002-08-04,25.600246676878548
2002-08-05,24.672469201526997
2002-08-06,25.91778787001073
2002-08-07,26.683401408350406
2002-08-08,27.744325841856007
2002-08-09,27.360755604982856
2002-08-10,27.360755604982856
2002-08-11,27.360755604982856
2002-08-12,27.420477295238662
2002-08-13,26.632155824531875
2002-08-14,28.377625948409815
2002-08-15,28.567123681995128
2002-08-16,29.03408546423296
2002-08-17,29.03408546423296
2002-08-18,29.03408546423296
2002-08-19,29.793777962930072
2002-08-20,29.29454387342223
2002-08-21,29.98384842075209
2002-08-22,30.32802238043665
2002-08-23,29.26651783959061
2002-08-24,29.26651783959061
2002-08-25,29.26651783959061
2002-08-26,29.292395087318244
2002-08-27,28.238595599875545
2002-08-28,27.407901033954612
2002-08-29,27.91763665487005
2002-08-30,27.32085108845685
2002-08-31,27.32085108845685
2002-09-01,27.32085108845685
2002-09-02,27.32085108845685
2002-09-03,26.138163314543565
2002-09-04,26.5853660360521
2002-09-05,25.515267763226568
2002-09-06,26.63849966283948
2002-09-07,26.63849966283948
2002-09-08,26.63849966283948
2002-09-09,26.894381976529424
2002-09-10,27.507086955855378
2002-09-11,27.389976935626372
2002-09-12,26.409558398364226
2002-09-13,26.772033641011465
2002-09-14,26.772033641011465
2002-09-15,26.772033641011465
2002-09-16,26.35467881102604
2002-09-17,26.019535495077097
2002-09-18,25.728694626209098
2002-09-19,24.97788078534933
2002-09-20,25.12003460752759
2002-09-21,25.12003460752759
2002-09-22,25.12003460752759
2002-09-23,24.178243938759937
2002-09-24,24.31713798534959
2002-09-25,25.18763589557617
2002-09-26,24.99079184997393
2002-09-27,24.58931206632866
2002-09-28,24.58931206632866
2002-09-29,24.58931206632866
2002-09-30,23.708454981698196
2002-10-01,24.95369316115758
2002-10-02,24.462110223585263
2002-10-03,24.103873726959385
2002-10-04,23.599430159710444
2002-10-05,23.599430159710444
2002-10-06,23.599430159710444
2002-10-07,23.437950384586564
2002-10-08,23.488971135464684
2002-10-09,23.42685846148703
2002-10-10,24.552590732118063
2002-10-11,25.718090082014818
2002-10-12,25.718090082014818
2002-10-13,25.718090082014818
2002-10-14,25.92367504279926
2002-10-15,27.44543300330244
2002-10-16,26.096239367747295
2002-10-17,26.707151305350607
2002-10-18,27.280007940125884
2002-10-19,27.280007940125884
2002-10-20,27.280007940125884
2002-10-21,27.730153509700617
2002-10-22,27.54518639949194
2002-10-23,28.279858758823387
2002-10-24,27.58939077337448
2002-10-25,28.647461736334733
2002-10-26,28.647461736334733
2002-10-27,28.647461736334733
2002-10-28,28.13626416409683
2002-10-29,27.966898088285745
2002-10-30,28.631217618598
2002-10-31,29.02098130032561
2002-11-01,29.403282006842165
2002-11-02,29.403282006842165
2002-11-03,29.403282006842165
2002-11-04,30.357840716347567
2002-11-05,30.54963392555506
2002-11-06,30.756741763395038
2002-11-07,29.992762611795037
2002-11-08,29.574194302661027
2002-11-09,29.574194302661027
2002-11-10,29.574194302661027
2002-11-11,28.655447288623723
2002-11-12,29.438540048322203
2002-11-13,29.93901699526382
2002-11-14,31.138859927256895
2002-11-15,31.244946507516552
2002-11-16,31.244946507516552
2002-11-17,31.244946507516552
2002-11-18,30.7576606967825
2002-11-19,30.245479219166587
2002-11-20,31.32057816209781
2002-11-21,32.34722267640969
2002-11-22,32.29559891917468
2002-11-23,32.29559891917468
2002-11-24,32.29559891917468
2002-11-25,32.83158226466822
2002-11-26,32.05425972811643
2002-11-27,33.007004946110214
2002-11-28,33.007004946110214
2002-11-29,33.061404477454055
2002-11-30,33.061404477454055
2002-12-01,33.061404477454055
2002-12-02,33.559854537634735
2002-12-03,32.8479529812902
2002-12-04,32.360514547206485
2002-12-05,31.791066456919708
2002-12-06,32.05440477268728
2002-12-07,32.05440477268728
2002-12-08,32.05440477268728
2002-12-09,30.722435841698562
2002-12-10,31.054918185649377
2002-12-11,31.210404156885737
2002-12-12,31.387187457043005
2002-12-13,30.46657590079155
2002-12-14,30.46657590079155
2002-12-15,30.46657590079155
2002-12-16,31.320032406063756
2002-12-17,31.1466038455694
2002-12-18,30.239536540197186
2002-12-19,30.070193756037362
2002-12-20,30.44559784072782
2002-12-21,30.44559784072782
2002-12-22,30.44559784072782
2002-12-23,31.037695328307034
2002-12-24,30.765197239758518
2002-12-25,30.765197239758518
2002-12-26,30.46628041860438
2002-12-27,30.05968699910034
2002-12-28,30.05968699910034
2002-12-29,30.05968699910034
2002-12-30,29.87244627224815
2002-12-31,29.544865555558175
2003-01-01,29.544865555558175
2003-01-02,30.76014247101395
2003-01-03,30.742690125592652
2003-01-04,30.742690125592652
2003-01-05,30.742690125592652
2003-01-06,31.712016220134345
2003-01-07,32.15175865611175
2003-01-08,31.324896578282612
2003-01-09,32.36630530751857
2003-01-10,32.54463439459204
2003-01-11,32.54463439459204
2003-01-12,32.54463439459204
2003-01-13,32.56673595213161
2003-01-14,33.012837232923346
2003-01-15,32.410257452744325
2003-01-16,31.924979109042273
2003-01-17,30.482030908422324
2003-01-18,30.482030908422324
2003-01-19,30.482030908422324
2003-01-20,30.482030908422324
2003-01-21,30.397929959203637
2003-01-22,30.335591637542706
2003-01-23,31.29655182678918
2003-01-24,30.016484750177423
2003-01-25,30.016484750177423
2003-01-26,30.016484750177423
2003-01-27,29.708978408101125
2003-01-28,30.04380083548957
2003-01-29,30.60069125130656
2003-01-30,29.65828954786985
2003-01-31,29.50165787444677
2003-02-01,29.50165787444677
2003-02-02,29.50165787444677
2003-02-03,29.700973824632833
2003-02-04,29.199355529767228
2003-02-05,29.058270858273495
2003-02-06,29.17262876685043
2003-02-07,28.664239916813166
2003-02-08,28.664239916813166
2003-02-09,28.664239916813166
2003-02-10,29.158516809093516
2003-02-11,29.182742294933735
2003-02-12,28.743090210936494
2003-02-13,28.75549741325581
2003-02-14,29.77144599541139
2003-02-15,29.77144599541139
2003-02-16,29.77144599541139
2003-02-17,29.77144599541139
2003-02-18,30.77939420056379
2003-02-19,30.611479250423585
2003-02-20,30.413070970476486
2003-02-21,30.87103696954469
2003-02-22,30.87103696954469
2003-02-23,30.87103696954469
2003-02-24,30.204286439853554
2003-02-25,30.35233280186717
2003-02-26,29.572184649195414
2003-02-27,30.131150994277053
2003-02-28,30.598664154063112
2003-03-01,30.598664154063112
2003-03-02,30.598664154063112
2003-03-03,30.010846210662358
2003-03-04,29.81174342094286
2003-03-05,30.280631814372008
2003-03-06,29.916239996434257
2003-03-07,29.95987599731666
2003-03-08,29.95987599731666
2003-03-09,29.95987599731666
2003-03-10,29.342245084150047
2003-03-11,29.217679703997504
2003-03-12,29.577841721438837
2003-03-13,31.34118558008035
2003-03-14,31.36784149571477
2003-03-15,31.36784149571477
2003-03-16,31.36784149571477
2003-03-17,32.69490954391699
2003-03-18,32.81537836071894
2003-03-19,32.712729246284994
2003-03-20,32.66771070493361
2003-03-21,33.115416390588095
2003-03-22,33.115416390588095
2003-03-23,33.115416390588095
2003-03-24,31.760597927963772
2003-03-25,32.20907825026718
2003-03-26,32.046575660128106
2003-03-27,31.837594454749542
2003-03-28,31.44930907092856
2003-03-29,31.44930907092856
2003-03-30,31.44930907092856
2003-03-31,30.566211039085992
2003-04-01,30.74475190705524
2003-04-02,31.88233178124306
2003-04-03,31.95168824111667
2003-04-04,31.599153229028186
2003-04-05,31.599153229028186
2003-04-06,31.599153229028186
2003-04-07,31.653535045754584
2003-04-08,31.413726442954253
2003-04-09,30.62451904422263
2003-04-10,30.89579696564809
2003-04-11,30.581085154739057
2003-04-12,30.581085154739057
2003-04-13,30.581085154739057
2003-04-14,31.28784313021687
2003-04-15,31.328990536449183
2003-04-16,31.717465246286544
2003-04-17,32.39846696205197
2003-04-18,32.39846696205197
2003-04-19,32.39846696205197
2003-04-20,32.39846696205197
2003-04-21,32.279509342877645
2003-04-22,32.9153958852702
2003-04-23,33.249343417745635
2003-04-24,33.01148543842132
2003-04-25,32.35867874154576
2003-04-26,32.35867874154576
2003-04-27,32.35867874154576
2003-04-28,32.86993721049898
2003-04-29,33.04250121342112
2003-04-30,32.67483029154205
2003-05-01,32.90754539627642
2003-05-02,33.223626312236206
2003-05-03,33.223626312236206
2003-05-04,33.223626312236206
2003-05-05,33.0767119011871
2003-05-06,33.64244900804084
2003-05-07,33.14351941873763
2003-05-08,32.714878576616115
2003-05-09,33.613512887484674
2003-05-10,33.613512887484674
2003-05-11,33.613512887484674
2003-05-12,33.94991556545364
2003-05-13,33.79660440382173
2003-05-14,33.52558064694139
2003-05-15,33.92204482025084
2003-05-16,33.56309209356965
2003-05-17,33.56309209356965
2003-05-18,33.56309209356965
2003-05-19,32.50017084489116
2003-05-20,32.58247540847239
2003-05-21,32.36122572504409
2003-05-22,32.60809263687263
2003-05-23,32.39759323001275
2003-05-24,32.39759323001275
2003-05-25,32.39759323001275
2003-05-26,32.39759323001275
2003-05-27,33.38789125857359
2003-05-28,33.425031384234856
2003-05-29,33.80633971056865
2003-05-30,34.00024542198515
2003-05-31,34.00024542198515
2003-06-01,34.00024542198515
2003-06-02,33.781250529518324
2003-06-03,34.29467591740985
2003-06-04,34.79616333371399
2003-06-05,34.68332748654129
2003-06-06,33.960379137082036
2003-06-07,33.960379137082036
2003-06-08,33.960379137082036
2003-06-09,33.80472597895873
2003-06-10,34.42383171310655
2003-06-11,34.77877164164934
2003-06-12,35.01948247063076
2003-06-13,34.47618458571496
2003-06-14,34.47618458571496
2003-06-15,34.47618458571496
2003-06-16,35.44078543329599
2003-06-17,35.34497918487621
2003-06-18,35.753448146306425
2003-06-19,35.38525315009663
2003-06-20,35.1598663883597
2003-06-21,35.1598663883597
2003-06-22,35.1598663883597
2003-06-23,34.52489704235891
2003-06-24,34.32425541503412
2003-06-25,33.94556310616841
2003-06-26,34.69548773784059
2003-06-27,34.390973354614744
2003-06-28,34.390973354614744
2003-06-29,34.390973354614744
2003-06-30,34.380490556340916
2003-07-01,34.94971644948291
2003-07-02,35.91212805269366
2003-07-03,35.49804567465067
2003-07-04,35.49804567465067
2003-07-05,35.49804567465067
2003-07-06,35.49804567465067
2003-07-07,37.029251440479136
2003-07-08,37.41375690086468
2003-07-09,37.28837771011397
2003-07-10,36.59447816188619
2003-07-11,37.08585918597115
2003-07-12,37.08585918597115
2003-07-13,37.08585918597115
2003-07-14,37.348736515700324
2003-07-15,37.290674457396435
2003-07-16,37.418817786434374
2003-07-17,36.45241965419582
2003-07-18,36.51022196796245
2003-07-19,36.51022196796245
2003-07-20,36.51022196796245
2003-07-21,35.77274479070328
2003-07-22,36.379043943955296
2003-07-23,36.697530258035634
2003-07-24,36.099824778133886
2003-07-25,36.96333375344722
2003-07-26,36.96333375344722
2003-07-27,36.96333375344722
2003-07-28,36.8582850553051
2003-07-29,36.771171110594125
2003-07-30,36.57963831109312
2003-07-31,36.8485072299642
2003-08-01,36.45845473998182
2003-08-02,36.45845473998182
2003-08-03,36.45845473998182
2003-08-04,36.54630348932217
2003-08-05,35.581835429299886
2003-08-06,35.181689802724826
2003-08-07,35.198203032545806
2003-08-08,34.870184084728685
2003-08-09,34.870184084728685
2003-08-10,34.870184084728685
2003-08-11,35.26525929375251
2003-08-12,35.856884125049575
2003-08-13,35.68689019788113
2003-08-14,36.01126553688397
2003-08-15,36.02202287712363
2003-08-16,36.02202287712363
2003-08-17,36.02202287712363
2003-08-18,36.801269294070025
2003-08-19,37.13800694235684
2003-08-20,37.01926218262468
2003-08-21,37.14261137667374
2003-08-22,37.14445055190528
2003-08-23,37.14445055190528
2003-08-24,37.14445055190528
2003-08-25,37.285679750327446
2003-08-26,37.47322629531667
2003-08-27,37.641273225813165
2003-08-28,37.883973168690815
2003-08-29,38.05418825180833
2003-08-30,38.05418825180833
2003-08-31,38.05418825180833
2003-09-01,38.05418825180833
2003-09-02,38.694646422743276
2003-09-03,38.85736729650633
2003-09-04,39.31157799008783
2003-09-05,39.04477850629679
2003-09-06,39.04477850629679
2003-09-07,39.04477850629679
2003-09-08,39.664389829102575
2003-09-09,39.19708132501752
2003-09-10,38.265246156013006
2003-09-11,38.735309340625086
2003-09-12,39.091711883262306
2003-09-13,39.091711883262306
2003-09-14,39.091711883262306
2003-09-15,38.951184412876714
2003-09-16,40.05415594181057
2003-09-17,39.76806845691641
2003-09-18,40.46871446657309
2003-09-19,40.30107768839067
2003-09-20,40.30107768839067
2003-09-21,40.30107768839067
2003-09-22,39.519234153009165
2003-09-23,40.10404086030137
2003-09-24,38.68242316408322
2003-09-25,38.404134440653316
2003-09-26,38.11271488531137
2003-09-27,38.11271488531137
2003-09-28,38.11271488531137
2003-09-29,38.98905964421332
2003-09-30,37.86132906585857
2003-10-01,38.94064711206282
2003-10-02,38.89918310768748
2003-10-03,39.889426812951214
2003-10-04,39.889426812951214
2003-10-05,39.889426812951214
2003-10-06,39.99181377084683
2003-10-07,40.17934194112384
2003-10-08,39.8917320072104
2003-10-09,40.17209691441695
2003-10-10,40.40710252068189
2003-10-11,40.40710252068189
2003-10-12,40.40710252068189
2003-10-13,40.55107800962837
2003-10-14,40.63297903437315
2003-10-15,40.72233869400942
2003-10-16,41.01173059467669
2003-10-17,40.143986384734
2003-10-18,40.143986384734
2003-10-19,40.143986384734
2003-10-20,40.69017582231075
2003-10-21,40.95308955889628
2003-10-22,40.04290788056221
2003-10-23,39.786500763307075
2003-10-24,39.041268992774405
2003-10-25,39.041268992774405
2003-10-26,39.041268992774405
2003-10-27,39.27325557515263
2003-10-28,40.400756192716955
2003-10-29,40.298928743880026
2003-10-30,40.283516452832714
2003-10-31,40.250796695267816
2003-11-01,40.250796695267816
2003-11-02,40.250796695267816
2003-11-03,40.99432664818757
2003-11-04,40.515411185682105
2003-11-05,40.5638936552306
2003-11-06,40.966828047260144
2003-11-07,40.83862730211271
2003-11-08,40.83862730211271
2003-11-09,40.83862730211271
2003-11-10,40.288267594732545
2003-11-11,40.13449757019918
2003-11-12,40.916087724768296
2003-11-13,40.66518795805834
2003-11-14,39.9608725138136
2003-11-15,39.9608725138136
2003-11-16,39.9608725138136
2003-11-17,39.55527717946547
2003-11-18,38.90713798171589
2003-11-19,39.52205545389525
2003-11-20,38.92469656784863
2003-11-21,39.17202232760436
2003-11-22,39.17202232760436
2003-11-23,39.17202232760436
2003-11-24,40.1618853903087
2003-11-25,39.81015949895483
2003-11-26,39.828831117385874
2003-11-27,39.828831117385874
2003-11-28,39.954974043410346
2003-11-29,39.954974043410346
2003-11-30,39.954974043410346
2003-12-01,40.54227259733119
2003-12-02,40.28621746825796
2003-12-03,40.21344819677529
2003-12-04,41.12532700467399
2003-12-05,40.478072090137715
2003-12-06,40.478072090137715
2003-12-07,40.478072090137715
2003-12-08,40.60804799345851
2003-12-09,39.779810737198346
2003-12-10,40.1028198917632
2003-12-11,40.66625853795125
2003-12-12,40.782950627853204
2003-12-13,40.782950627853204
2003-12-14,40.782950627853204
2003-12-15,40.41211974911987
2003-12-16,40.555780215048756
2003-12-17,40.49122692819816
2003-12-18,41.35001373991805
2003-12-19,41.142821483275256
2003-12-20,41.142821483275256
2003-12-21,41.142821483275256
2003-12-22,41.227434369803674
2003-12-23,41.57133297622704
2003-12-24,41.564063755823895
2003-12-25,41.572888250064295
2003-12-26,41.625568537925275
2003-12-27,41.63444794391441
2003-12-28,41.643354933781566
2003-12-29,42.352866634042385
2003-12-30,42.23164804976126
2003-12-31,42.20427356959076
2004-01-01,42.197975430320085
2004-01-02,42.094313349048235
2004-01-03,42.08804250806652
2004-01-04,42.08178527182715
2004-01-05,42.889884194366964
2004-01-06,42.9425300787008
2004-01-07,43.55086692735236
2004-01-08,44.06505236536839
2004-01-09,43.67018028637727
2004-01-10,43.66400406099604
2004-01-11,43.657841235086295
2004-01-12,44.02916426713174
2004-01-13,43.741888584773804
2004-01-14,44.150405415870104
2004-01-15,44.096698459499834
2004-01-16,44.56330113459519
2004-01-17,44.5572180972369
2004-01-18,44.55114825717639
2004-01-19,44.54509158578183
2004-01-20,44.3427751943153
2004-01-21,44.18865474436342
2004-01-22,43.87567314417396
2004-01-23,43.891462810428926
2004-01-24,43.88547155505555
2004-01-25,43.87949329785671
2004-01-26,44.55945814145318
2004-01-27,43.7462539500993
2004-01-28,43.102785480165
2004-01-29,43.12823306506397
2004-01-30,42.70722939459522
2004-01-31,42.707965676411604
2004-02-01,42.70870215754185
2004-02-02,42.45640071267147
2004-02-03,42.664332927573554
2004-02-04,41.47740423541596
2004-02-05,41.51121009242798
2004-02-06,42.20753212545119
2004-02-07,42.20826980359817
2004-02-08,42.209007681437015
2004-02-09,42.072670313569716
2004-02-10,42.34200980719988
2004-02-11,42.532376103365976
2004-02-12,42.116021063883714
2004-02-13,41.79032971093933
2004-02-14,41.791068788065004
2004-02-15,41.791808065261236
2004-02-16,41.792547542582184
2004-02-17,42.562368154412674
2004-02-18,42.633938170731284
2004-02-19,41.99382349313606
2004-02-20,42.10937854937865
2004-02-21,42.11011902813611
2004-02-22,42.110859707343565
2004-02-23,41.89683721123946
2004-02-24,42.05389827264048
2004-02-25,42.43112227127425
2004-02-26,42.49912522746466
2004-02-27,42.35133811672783
2004-02-28,42.345399600196835
2004-02-29,42.33947395175084
2004-03-01,42.957623792877655
2004-03-02,42.4912575362125
2004-03-03,42.315520027482144
2004-03-04,42.635472735853355
2004-03-05,42.502310400866264
2004-03-06,42.49646137748341
2004-03-07,42.49062502826416
2004-03-08,41.79129733326726
2004-03-09,41.86244733884624
2004-03-10,41.050887040710485
2004-03-11,40.498253151542954
2004-03-12,41.26572243922577
2004-03-13,41.25996156033378
2004-03-14,41.254213164606384
2004-03-15,40.52390996248816
2004-03-16,40.83513625138768
2004-03-17,41.48271025335368
2004-03-18,41.03367987261565
2004-03-19,40.44463618329044
2004-03-20,40.438962120556226
2004-03-21,40.433300352865935
2004-03-22,39.89439668146436
2004-03-23,39.533922865103165
2004-03-24,39.965280417924845
2004-03-25,41.10881149508222
2004-03-26,40.70942169231117
2004-03-27,40.70942169231117
2004-03-28,40.70942169231117
2004-03-29,41.58093549897404
2004-03-30,41.585975528565264
2004-03-31,41.343883307284244
2004-04-01,41.883992860904975
2004-04-02,42.91237050941935
2004-04-03,42.91237050941935
2004-04-04,42.91237050941935
2004-04-05,43.33582124278082
2004-04-06,42.94219317018882
2004-04-07,42.48787443888999
2004-04-08,42.48211564024447
2004-04-09,42.48211564024447
2004-04-10,42.48211564024447
2004-04-11,42.48211564024447
2004-04-12,42.816260677198315
2004-04-13,42.319172131065606
2004-04-14,42.36459121173697
2004-04-15,41.87774573177249
2004-04-16,41.6454197987735
2004-04-17,41.6454197987735
2004-04-18,41.6454197987735
2004-04-19,42.310700927352315
2004-04-20,41.23858601550815
2004-04-21,41.46556638717355
2004-04-22,42.60682881241307
2004-04-23,43.356034736026984
2004-04-24,43.356034736026984
2004-04-25,43.356034736026984
2004-04-26,42.99082304125868
2004-04-27,43.04091182379484
2004-04-28,42.31151593296137
2004-04-29,41.92399100275834
2004-04-30,41.14108205495374
2004-05-01,41.14108205495374
2004-05-02,41.14108205495374
2004-05-03,41.511685481508884
2004-05-04,41.6963626606223
2004-05-05,41.77830800487471
2004-05-06,41.4599301223203
2004-05-07,41.3083576794518
2004-05-08,41.3083576794518
2004-05-09,41.3083576794518
2004-05-10,41.23372655962612
2004-05-11,41.954646329712446
2004-05-12,41.73612650013877
2004-05-13,41.67999928808721
2004-05-14,41.190989171806976
2004-05-15,41.190989171806976
2004-05-16,41.190989171806976
2004-05-17,40.678138771554785
2004-05-18,41.07862991324824
2004-05-19,40.95352696760371
2004-05-20,41.214981822395416
2004-05-21,41.53031355631554
2004-05-22,41.53031355631554
2004-05-23,41.53031355631554
2004-05-24,41.65659610290681
2004-05-25,42.58888911349139
2004-05-26,42.709123568485424
2004-05-27,42.86934807559952
2004-05-28,42.8745141559644
2004-05-29,42.8745141559644
2004-05-30,42.8745141559644
2004-05-31,42.8745141559644
2004-06-01,42.8576658584569
2004-06-02,42.83499400060313
2004-06-03,42.311135822357365
2004-06-04,42.59869696100737
2004-06-05,42.59869696100737
2004-06-06,42.59869696100737
2004-06-07,43.51515579936101
2004-06-08,43.71314694294624
2004-06-09,43.12018717721986
2004-06-10,43.5086008489604
2004-06-11,43.5086008489604
2004-06-12,43.5086008489604
2004-06-13,43.5086008489604
2004-06-14,43.00592008305156
2004-06-15,43.63465460553502
2004-06-16,43.46822560528055
2004-06-17,43.13428931148836
2004-06-18,43.19416158151513
2004-06-19,43.19416158151513
2004-06-20,43.19416158151513
2004-06-21,42.85287031358328
2004-06-22,43.412905290775825
2004-06-23,43.840442466574814
2004-06-24,43.76714122758415
2004-06-25,43.956368678042104
2004-06-26,43.956368678042104
2004-06-27,43.956368678042104
2004-06-28,43.715974220515605
2004-06-29,44.20648696590605
2004-06-30,44.44681398636948
2004-07-01,43.9863789865053
2004-07-02,43.86109715782464
2004-07-03,43.86109715782464
2004-07-04,43.86109715782464
2004-07-05,43.86109715782464
2004-07-06,43.07337763610613
2004-07-07,43.21098136296746
2004-07-08,42.6434385508001
2004-07-09,42.93630884521717
2004-07-10,42.93630884521717
2004-07-11,42.93630884521717
2004-07-12,42.759572453658066
2004-07-13,42.65865709907657
2004-07-14,42.186802278941464
2004-07-15,41.99409965840397
2004-07-16,41.334992594234066
2004-07-17,41.334992594234066
2004-07-18,41.334992594234066
2004-07-19,41.45353126396799
2004-07-20,42.13685888692624
2004-07-21,41.45250137192784
2004-07-22,42.286835245840244
2004-07-23,41.31026859779298
2004-07-24,41.31026859779298
2004-07-25,41.31026859779298
2004-07-26,41.36386042477514
2004-07-27,41.827718669288245
2004-07-28,41.80652065850124
2004-07-29,42.074912503333906
2004-07-30,41.99186130042914
2004-07-31,41.99186130042914
2004-08-01,41.99186130042914
2004-08-02,42.48835519618569
2004-08-03,41.75027922138195
2004-08-04,41.5171254072761
2004-08-05,40.78320279617338
2004-08-06,39.7508616938934
2004-08-07,39.7508616938934
2004-08-08,39.7508616938934
2004-08-09,39.817406129085924
2004-08-10,40.505144582413635
2004-08-11,39.762588938448374
2004-08-12,39.21589006602752
2004-08-13,39.409160759171925
2004-08-14,39.409160759171925
2004-08-15,39.409160759171925
2004-08-16,39.79544500819331
2004-08-17,40.00694393308116
2004-08-18,40.81551206647259
2004-08-19,40.529324916104684
2004-08-20,40.852945937507705
2004-08-21,40.852945937507705
2004-08-22,40.852945937507705
2004-08-23,41.13549470956829
2004-08-24,41.19178456932261
2004-08-25,41.66725141391846
2004-08-26,41.335634754832796
2004-08-27,41.49501962038557
2004-08-28,41.49501962038557
2004-08-29,41.49501962038557
2004-08-30,40.98010923407689
2004-08-31,40.963568318914916
2004-09-01,41.18192180672932
2004-09-02,41.71271412112337
2004-09-03,40.85660114447711
2004-09-04,40.85660114447711
2004-09-05,40.85660114447711
2004-09-06,40.85660114447711
2004-09-07,41.119671374878195
2004-09-08,41.06723704747863
2004-09-09,41.27116955115808
2004-09-10,41.724249118442444
2004-09-11,41.724249118442444
2004-09-12,41.724249118442444
2004-09-13,41.94672990270672
2004-09-14,42.23303912141009
2004-09-15,41.83504645247398
2004-09-16,41.784297153633474
2004-09-17,41.83381481325701
2004-09-18,41.83381481325701
2004-09-19,41.83381481325701
2004-09-20,41.77078424451835
2004-09-21,41.95993640525859
2004-09-22,41.18405523835874
2004-09-23,41.28140102328967
2004-09-24,41.03101590585649
2004-09-25,41.03337548333639
2004-09-26,41.03573723606602
2004-09-27,40.755703547799875
2004-09-28,40.96772288742017
2004-09-29,41.57675127200107
2004-09-30,41.50600129988973
2004-10-01,42.639434594487504
2004-10-02,42.6488400788056
2004-10-03,42.65827981019142
2004-10-04,42.75251646496308
2004-10-05,43.04250084862373
2004-10-06,43.4548135565525
2004-10-07,42.97466882120666
2004-10-08,42.431030731435584
2004-10-09,42.44067857987266
2004-10-10,42.45036155786901
2004-10-11,42.66390791902745
2004-10-12,42.676907749654795
2004-10-13,42.68654915472997
2004-10-14,42.4867231044993
2004-10-15,42.72843409440488
2004-10-16,42.7383305522923
2004-10-17,42.74826304497091
2004-10-18,43.35519376018779
2004-10-19,42.99505500233658
2004-10-20,43.26941854629214
2004-10-21,43.71002421783021
2004-10-22,42.64069918328994
2004-10-23,42.65085065689114
2004-10-24,42.661039093841836
2004-10-25,42.40893536437669
2004-10-26,42.44838502969678
2004-10-27,43.41364016426138
2004-10-28,43.72718273659402
2004-10-29,43.720659542236234
2004-10-30,43.7270773652802
2004-10-31,43.73350959087138
2004-11-01,43.70917638709752
2004-11-02,43.924180278252265
2004-11-03,44.13255425537294
2004-11-04,44.32413624103191
2004-11-05,44.668427630045244
2004-11-06,44.67494695221457
2004-11-07,44.6814809047102
2004-11-08,44.86336665329499
2004-11-09,45.05298217602521
2004-11-10,44.61107921870601
2004-11-11,45.25837971400644
2004-11-12,45.799818863060366
2004-11-13,45.806441289583546
2004-11-14,45.81307857781451
2004-11-15,45.96970987911132
2004-11-16,45.58934845263925
2004-11-17,45.99845664195959
2004-11-18,46.24049716085406
2004-11-19,45.5003199818187
2004-11-20,45.50704714331124
2004-11-21,45.51378940155237
2004-11-22,45.82148195842798
2004-11-23,45.60254193223717
2004-11-24,46.10941865129651
2004-11-25,46.11622163608658
2004-11-26,45.94661647171591
2004-11-27,45.95345002458183
2004-11-28,45.96029891295435
2004-11-29,46.0564416012241
2004-11-30,45.81708127567774
2004-12-01,46.74775579348734
2004-12-02,47.03953527259007
2004-12-03,47.246964831732015
2004-12-04,47.25225242589951
2004-12-05,47.25754907318763
2004-12-06,47.43979988442643
2004-12-07,46.82963320230557
2004-12-08,47.27059884848347
2004-12-09,47.426601517138266
2004-12-10,47.19023616518855
2004-12-11,47.195587457635966
2004-12-12,47.200947912264596
2004-12-13,47.69355994144702
2004-12-14,47.80575625325302
2004-12-15,47.77416673115431
2004-12-16,47.476258093272264
2004-12-17,47.1120073143772
2004-12-18,47.11742307246123
2004-12-19,47.12284810310091
2004-12-20,47.073401067866776
2004-12-21,47.60765044231465
2004-12-22,47.7150675484882
2004-12-23,47.78279699857195
2004-12-24,47.78815824136498
2004-12-25,47.79352866337566
2004-12-26,47.79890828032012
2004-12-27,47.54185709004613
2004-12-28,47.94801638501558
2004-12-29,47.92532014816655
2004-12-30,47.865814736210126
2004-12-31,47.72766045791916
2005-01-01,47.72305756263296
2005-01-02,47.71846134145733
2005-01-03,47.34811381729551
2005-01-04,46.74935269200299
2005-01-05,46.71271557132123
2005-01-06,46.65442709631685
2005-01-07,46.949607676572136
2005-01-08,46.9450512973263
2005-01-09,46.94050152474367
2005-01-10,47.02895975980036
2005-01-11,46.656676180716204
2005-01-12,47.02173557501773
2005-01-13,46.46259718223453
2005-01-14,46.66778986917677
2005-01-15,46.663279535888485
2005-01-16,46.658775742497625
2005-01-17,46.65427847952147
2005-01-18,46.91713488119258
2005-01-19,46.06628439298781
2005-01-20,44.69726301791536
2005-01-21,44.61286478091618
2005-01-22,44.608400028253186
2005-01-23,44.60394174939658
2005-01-24,44.04772106084867
2005-01-25,44.263616523839474
2005-01-26,44.57494564246865
2005-01-27,44.493879895142584
2005-01-28,44.42038165565231
2005-01-29,44.41596202298493
2005-01-30,44.41154879870079
2005-01-31,44.89937567666413
2005-02-01,44.76696777723613
2005-02-02,44.823772329638274
2005-02-03,44.136360556503966
2005-02-04,44.66469930088847
2005-02-05,44.667470784805886
2005-02-06,44.67024479052782
2005-02-07,44.479315068311315
2005-02-08,44.80771077253541
2005-02-09,44.29164302488118
2005-02-10,44.40041257705364
2005-02-11,44.72512424560624
2005-02-12,44.7279134304155
2005-02-13,44.73070515313552
2005-02-14,45.12674022737714
2005-02-15,45.47331374037257
2005-02-16,45.352924094019556
2005-02-17,44.76037832990568
2005-02-18,44.595069687810614
2005-02-19,44.59787668656364
2005-02-20,44.60068623943653
2005-02-21,44.603498348753334
2005-02-22,44.16083044433188
2005-02-23,44.25065089643827
2005-02-24,44.75860079561667
2005-02-25,45.05627394221268
2005-02-26,45.059098868683414
2005-02-27,45.061926365586665
2005-02-28,44.91671369018232
2005-03-01,45.23945995865694
2005-03-02,45.12703840841809
2005-03-03,44.74500803159062
2005-03-04,45.11300497010831
2005-03-05,45.10951580128162
2005-03-06,45.10603056078378
2005-03-07,45.73072893889103
2005-03-08,45.1507807539502
2005-03-09,45.024847795214214
2005-03-10,45.07781370572045
2005-03-11,44.637919180571366
2005-03-12,44.63445741734261
2005-03-13,44.63099955158773
2005-03-14,44.63257934091036
2005-03-15,44.500088932187055
2005-03-16,44.065897962137825
2005-03-17,43.94622517128121
2005-03-18,43.66656026731381
2005-03-19,43.66312569442634
2005-03-20,43.65969498840012
2005-03-21,43.80184446706524
2005-03-22,43.36845132122937
2005-03-23,43.516481627841884
2005-03-24,43.38186061623308
2005-03-25,43.37847610107479
2005-03-26,43.37509539641957
2005-03-27,43.3717184979773
2005-03-28,43.516216241313415
2005-03-29,43.26262782451038
2005-03-30,43.94636381474194
2005-03-31,43.55958800078771
2005-04-01,43.10655924096691
2005-04-02,43.10499250329994
2005-04-03,43.10342658907854
2005-04-04,43.35710496472971
2005-04-05,43.54981028348267
2005-04-06,43.381630972946596
2005-04-07,43.734319148942575
2005-04-08,43.363928762797435
2005-04-09,43.362367780168896
2005-04-10,43.3608076179612
2005-04-11,43.02358710799722
2005-04-12,43.37046739991365
2005-04-13,42.55597575469133
2005-04-14,42.01832543179016
2005-04-15,41.18096737565007
2005-04-16,41.1794121269202
2005-04-17,41.17785769559754
2005-04-18,41.179860964139536
2005-04-19,41.377245458417306
2005-04-20,41.21247939282231
2005-04-21,42.40819160062567
2005-04-22,41.68151688940442
2005-04-23,41.6799673535111
2005-04-24,41.67841863202244
2005-04-25,42.11882153713603
2005-04-26,41.59911938854765
2005-04-27,41.8365928170704
2005-04-28,41.51018303156221
2005-04-29,42.00536209424354
2005-04-30,42.01225479593031
2005-05-01,42.01916367149468
2005-05-02,42.101324840321894
2005-05-03,42.22859193895688
2005-05-04,42.92249448748244
2005-05-05,42.92417993880317
2005-05-06,43.090111151764404
2005-05-07,43.09711787071827
2005-05-08,43.10414103109379
2005-05-09,43.26140747659896
2005-05-10,42.927256837924844
2005-05-11,43.16659419885224
2005-05-12,43.14881501402512
2005-05-13,43.756728772578725
2005-05-14,43.76385139484348
2005-05-15,43.77099073049957
2005-05-16,44.05732769156384
2005-05-17,44.21941753776949
2005-05-18,44.537016784933634
2005-05-19,44.928916536582264
2005-05-20,45.105178486220254
2005-05-21,45.112418929038114
2005-05-22,45.11967636171586
2005-05-23,45.463997695905405
2005-05-24,45.65290295958499
2005-05-25,45.57733129046558
2005-05-26,46.02547227565143
2005-05-27,46.05165522261239
2005-05-28,46.05901543494011
2005-05-29,46.06639291816953
2005-05-30,46.0737877128272
2005-05-31,45.68330811071053
2005-06-01,46.075231643276624
2005-06-02,46.29503900259709
2005-06-03,45.48654445964987
2005-06-04,45.49383502017001
2005-06-05,45.50114225348663
2005-06-06,45.56486995304303
2005-06-07,45.227893678278264
2005-06-08,45.15594952883218
2005-06-09,45.37141207431827
2005-06-10,44.78888748856065
2005-06-11,44.79629556242508
2005-06-12,44.80372057782748
2005-06-13,44.872123013506766
2005-06-14,44.673113034221196
2005-06-15,44.84970199353115
2005-06-16,44.93732386427516
2005-06-17,44.97691116097519
2005-06-18,44.98443864232992
2005-06-19,44.991983338295825
2005-06-20,44.97703967505172
2005-06-21,45.06965157417627
2005-06-22,45.01685828220019
2005-06-23,44.59387183071271
2005-06-24,44.0896663615235
2005-06-25,44.09758022316774
2005-06-26,44.105512183036964
2005-06-27,43.865842939953126
2005-06-28,44.15101858108472
2005-06-29,44.062337191740156
2005-06-30,43.735316854590764
2005-07-01,43.764608198361984
2005-07-02,43.773624005073806
2005-07-03,43.782662922008214
2005-07-04,43.791725008403645
2005-07-05,44.30216222944756
2005-07-06,44.07724552387117
2005-07-07,44.36516530720674
2005-07-08,45.337610256649086
2005-07-09,45.34678908425461
2005-07-10,45.355991439954266
2005-07-11,45.72870299521879
2005-07-12,45.90656335324669
2005-07-13,45.89033691487333
2005-07-14,46.48588355550483
2005-07-15,46.65077135750562
2005-07-16,46.66011615369579
2005-07-17,46.66948490340746
2005-07-18,46.3867972524834
2005-07-19,47.05817224860954
2005-07-20,47.641422238885255
2005-07-21,48.50478272612353
2005-07-22,48.22954931717582
2005-07-23,48.23906308294076
2005-07-24,48.24860123534702
2005-07-25,48.04662670722876
2005-07-26,48.20621371758028
2005-07-27,48.54072943904427
2005-07-28,48.64057974698598
2005-07-29,48.158647897454756
2005-07-30,48.146936222310124
2005-07-31,48.135260846820344
2005-08-01,48.40028426297997
2005-08-02,49.11159029216644
2005-08-03,49.307203314702775
2005-08-04,48.847853822810336
2005-08-05,48.72087709042254
2005-08-06,48.70941716234712
2005-08-07,48.697992753651185
2005-08-08,48.406448024573564
2005-08-09,48.63044256611234
2005-08-10,48.11320864804568
2005-08-11,48.52203951532947
2005-08-12,48.225282517145345
2005-08-13,48.225282517145345
2005-08-14,48.225282517145345
2005-08-15,48.58462961831901
2005-08-16,47.82029006806572
2005-08-17,47.99136196221742
2005-08-18,47.712467152405935
2005-08-19,47.64912823797122
2005-08-20,47.64912823797122
2005-08-21,47.64912823797122
2005-08-22,47.68573078911981
2005-08-23,47.46077933862439
2005-08-24,47.16067075934201
2005-08-25,47.35684909105004
2005-08-26,47.166834721597496
2005-08-27,47.166834721597496
2005-08-28,47.166834721597496
2005-08-29,47.48872251855022
2005-08-30,47.48419175785554
2005-08-31,47.66519016669478
2005-09-01,47.457234546658555
2005-09-02,47.404319927510905
2005-09-03,47.404319927510905
2005-09-04,47.404319927510905
2005-09-05,47.404319927510905
2005-09-06,48.18093389523875
2005-09-07,48.05990180711657
2005-09-08,48.18290594046928
2005-09-09,48.501173224559224
2005-09-10,48.501173224559224
2005-09-11,48.501173224559224
2005-09-12,48.39067241986638
2005-09-13,48.19370911298799
2005-09-14,47.59356388293321
2005-09-15,47.74895869270261
2005-09-16,48.16898545164615
2005-09-17,48.16898545164615
2005-09-18,48.16898545164615
2005-09-19,48.09600091160607
2005-09-20,47.98696972376699
2005-09-21,47.71773535483706
2005-09-22,47.973509865531696
2005-09-23,48.05835858738247
2005-09-24,48.05835858738247
2005-09-25,48.05835858738247
2005-09-26,47.91481755512581
2005-09-27,47.68877507998867
2005-09-28,47.56712721656104
2005-09-29,48.318492640196894
2005-09-30,48.41829220907366
2005-10-01,48.41829220907366
2005-10-02,48.41829220907366
2005-10-03,48.44064452840908
2005-10-04,48.049686281041716
2005-10-05,47.38491326400654
2005-10-06,46.93998039341001
2005-10-07,46.87878021597139
2005-10-08,46.87878021597139
2005-10-09,46.87878021597139
2005-10-10,46.71127646613307
2005-10-11,46.67729094216268
2005-10-12,45.97919978501152
2005-10-13,46.562869853198954
2005-10-14,46.69671751052464
2005-10-15,46.69671751052464
2005-10-16,46.69671751052464
2005-10-17,46.774781836664744
2005-10-18,46.57017792772075
2005-10-19,47.765872721986504
2005-10-20,47.047034495895055
2005-10-21,47.22866995160676
2005-10-22,47.22866995160676
2005-10-23,47.22866995160676
2005-10-24,47.88844557181351
2005-10-25,47.63943278292166
2005-10-26,47.57632264860967
2005-10-27,46.60059456658642
2005-10-28,46.84394724902597
2005-10-29,46.84394724902597
2005-10-30,46.84394724902597
2005-10-31,47.31311824454906
2005-11-01,47.041844719301906
2005-11-02,47.87726154752944
2005-11-03,48.943446802795435
2005-11-04,49.41817096664028
2005-11-05,49.41817096664028
2005-11-06,49.41817096664028
2005-11-07,49.50172952905157
2005-11-08,49.507631365574184
2005-11-09,49.411283566782274
2005-11-10,50.057179601205306
2005-11-11,50.19382462699595
2005-11-12,50.19382462699595
2005-11-13,50.19382462699595
2005-11-14,50.24431976458463
2005-11-15,50.16643625974239
2005-11-16,50.36037834304123
2005-11-17,50.90410383258751
2005-11-18,51.08894963375838
2005-11-19,51.08894963375838
2005-11-20,51.08894963375838
2005-11-21,51.47245476822932
2005-11-22,51.71719756946356
2005-11-23,51.95996333129547
2005-11-24,51.95996333129547
2005-11-25,52.233904128194986
2005-11-26,52.233904128194986
2005-11-27,52.233904128194986
2005-11-28,51.93368242008197
2005-11-29,51.55210044381437
2005-11-30,51.40647746366571
2005-12-01,52.28718648924364
2005-12-02,52.452571602692046
2005-12-03,52.452571602692046
2005-12-04,52.452571602692046
2005-12-05,52.04999363403051
2005-12-06,52.17331224581786
2005-12-07,52.06189499471333
2005-12-08,51.67200110254046
2005-12-09,51.797406042530184
2005-12-10,51.797406042530184
2005-12-11,51.797406042530184
2005-12-12,52.086941737856165
2005-12-13,52.298696400554135
2005-12-14,52.032503409020386
2005-12-15,52.194938503796635
2005-12-16,51.66626345222299
2005-12-17,51.66626345222299
2005-12-18,51.66626345222299
2005-12-19,50.93926154160284
2005-12-20,51.01847689845992
2005-12-21,51.13603505200942
2005-12-22,51.49866665370678
2005-12-23,51.430293650761215
2005-12-24,51.430293650761215
2005-12-25,51.430293650761215
2005-12-26,51.430293650761215
2005-12-27,51.006411462110286
2005-12-28,50.93069832381735
2005-12-29,50.39840671962157
2005-12-30,50.08032727730398
2005-12-31,50.08032727730398
2006-01-01,50.08032727730398
2006-01-02,50.08032727730398
2006-01-03,51.53671204980798
2006-01-04,52.131513546597375
2006-01-05,52.40224811769299
2006-01-06,53.32528339626643
2006-01-07,53.32528339626643
2006-01-08,53.32528339626643
2006-01-09,53.47656418464651
2006-01-10,53.66961921276199
2006-01-11,54.20442354470664
2006-01-12,53.98701676742019
2006-01-13,54.11821631274199
2006-01-14,54.11821631274199
2006-01-15,54.11821631274199
2006-01-16,54.11821631274199
2006-01-17,53.78492758234259
2006-01-18,52.45907040780269
2006-01-19,52.50394350231271
2006-01-20,50.744706778745204
2006-01-21,50.744706778745204
2006-01-22,50.744706778745204
2006-01-23,50.83708968873398
2006-01-24,51.14785266365404
2006-01-25,50.777589129573656
2006-01-26,50.78404784351445
2006-01-27,51.30803259054255
2006-01-28,51.30803259054255
2006-01-29,51.30803259054255
2006-01-30,51.5907745863901
2006-01-31,51.57072319049655
2006-02-01,51.48716535528999
2006-02-02,50.65038526429696
2006-02-03,50.070897864455844
2006-02-04,50.070897864455844
2006-02-05,50.070897864455844
2006-02-06,49.458087911224816
2006-02-07,49.23592800797081
2006-02-08,49.93220721447331
2006-02-09,49.20911429108975
2006-02-10,49.72726414514719
2006-02-11,49.72726414514719
2006-02-12,49.72726414514719
2006-02-13,48.90554551679634
2006-02-14,49.71847458171608
2006-02-15,50.10842977893277
2006-02-16,50.749506731224315
2006-02-17,50.44346955171518
2006-02-18,50.44346955171518
2006-02-19,50.44346955171518
2006-02-20,50.44346955171518
2006-02-21,49.82961595309473
2006-02-22,50.41908962271246
2006-02-23,50.36908198202957
2006-02-24,50.4170036030041
2006-02-25,50.4170036030041
2006-02-26,50.4170036030041
2006-02-27,51.01939906936009
2006-02-28,50.12592419952041
2006-03-01,50.678603770088266
2006-03-02,50.64865406659715
2006-03-03,50.33104335448472
2006-03-04,50.33104335448472
2006-03-05,50.33104335448472
2006-03-06,49.8506836874298
2006-03-07,49.844424858328
2006-03-08,49.95713201569009
2006-03-09,49.109861896553554
2006-03-10,49.20679711649673
2006-03-11,49.20679711649673
2006-03-12,49.20679711649673
2006-03-13,49.39414539268259
2006-03-14,50.37389253589674
2006-03-15,50.47349350268681
2006-03-16,50.01819082268484
2006-03-17,50.28661283250681
2006-03-18,50.28661283250681
2006-03-19,50.28661283250681
2006-03-20,50.46347328264643
2006-03-21,49.855313423259815
2006-03-22,49.88595916370608
2006-03-23,49.538329723704095
2006-03-24,49.77240557792963
2006-03-25,49.77240557792963
2006-03-26,49.77240557792963
2006-03-27,49.893580763961914
2006-03-28,49.74945263499309
2006-03-29,50.76012085840391
2006-03-30,50.86300436837869
2006-03-31,50.67686227819124
2006-04-01,50.67686227819124
2006-04-02,50.67686227819124
2006-04-03,50.867345545229675
2006-04-04,51.11181529506787
2006-04-05,51.68137410756432
2006-04-06,51.85933244498132
2006-04-07,51.46770202638182
2006-04-08,51.46770202638182
2006-04-09,51.46770202638182
2006-04-10,51.49637995523838
2006-04-11,51.117604165453514
2006-04-12,50.95710841903688
2006-04-13,51.05337359535428
2006-04-14,51.05337359535428
2006-04-15,51.05337359535428
2006-04-16,51.05337359535428
2006-04-17,50.58850060145888
2006-04-18,51.416279793275734
2006-04-19,51.70915331032455
2006-04-20,51.424397369809675
2006-04-21,51.101817730994554
2006-04-22,51.101817730994554
2006-04-23,51.101817730994554
2006-04-24,50.97940052584922
2006-04-25,50.70149721111053
2006-04-26,50.74979167744469
2006-04-27,51.256893896842996
2006-04-28,50.35028164108114
2006-04-29,50.35028164108114
2006-04-30,50.35028164108114
2006-05-01,49.79383325367796
2006-05-02,49.89496959672149
2006-05-03,49.634816962353995
2006-05-04,50.04727040428971
2006-05-05,50.31405798083488
2006-05-06,50.31405798083488
2006-05-07,50.31405798083488
2006-05-08,50.39306773943787
2006-05-09,50.29478122380064
2006-05-10,49.906045302901205
2006-05-11,48.52598202909776
2006-05-12,48.15224103804201
2006-05-13,48.15224103804201
2006-05-14,48.15224103804201
2006-05-15,48.42993040040943
2006-05-16,47.87604655722417
2006-05-17,47.25127283067353
2006-05-18,46.771657361962426
2006-05-19,47.12839709331669
2006-05-20,47.12839709331669
2006-05-21,47.12839709331669
2006-05-22,46.94399247095186
2006-05-23,46.56752860118128
2006-05-24,47.10385249107864
2006-05-25,47.87322651144825
2006-05-26,47.93651464723304
2006-05-27,47.93651464723304
2006-05-28,47.93651464723304
2006-05-29,47.93651464723304
2006-05-30,46.79984254772184
2006-05-31,46.7837117760824
2006-06-01,47.87037946757881
2006-06-02,47.7340743844707
2006-06-03,47.7340743844707
2006-06-04,47.7340743844707
2006-06-05,46.748181793350156
2006-06-06,46.81844025343538
2006-06-07,46.41556938093216
2006-06-08,46.49407213696229
2006-06-09,45.996071199899106
2006-06-10,45.996071199899106
2006-06-11,45.996071199899106
2006-06-12,44.96052159272292
2006-06-13,45.218223496980116
2006-06-14,45.67505196716019
2006-06-15,46.660330409509456
2006-06-16,46.266251915973555
2006-06-17,46.266251915973555
2006-06-18,46.266251915973555
2006-06-19,46.01860323581524
2006-06-20,45.99251666167604
2006-06-21,46.70649446907824
2006-06-22,46.01615012506288
2006-06-23,45.69472668180046
2006-06-24,45.69472668180046
2006-06-25,45.69472668180046
2006-06-26,45.88564176292534
2006-06-27,45.110607007898146
2006-06-28,45.50405400340162
2006-06-29,46.89443146145427
2006-06-30,46.47645853149719
2006-07-01,46.47645853149719
2006-07-02,46.47645853149719
2006-07-03,46.84651260925764
2006-07-04,46.84651260925764
2006-07-05,46.01878179918223
2006-07-06,46.002781080969484
2006-07-07,45.59685936234746
2006-07-08,45.59685936234746
2006-07-09,45.59685936234746
2006-07-10,45.40546660445128
2006-07-11,45.75837088238238
2006-07-12,44.58963757087889
2006-07-13,43.82240733897968
2006-07-14,43.41678783722884
2006-07-15,43.41678783722884
2006-07-16,43.41678783722884
2006-07-17,43.85486016763495
2006-07-18,44.1131545361319
2006-07-19,44.173057675575095
2006-07-20,43.86439740524102
2006-07-21,43.90392221724539
2006-07-22,43.90392221724539
2006-07-23,43.90392221724539
2006-07-24,44.601456415074715
2006-07-25,44.65792775088788
2006-07-26,44.919164605388715
2006-07-27,44.53107156682024
2006-07-28,45.541884544914325
2006-07-29,45.541884544914325
2006-07-30,45.541884544914325
2006-07-31,45.45384786700371
2006-08-01,44.80260002876311
2006-08-02,44.975399701618514
2006-08-03,45.12755640766503
2006-08-04,44.95083648293665
2006-08-05,44.95083648293665
2006-08-06,44.95083648293665
2006-08-07,44.71587266298316
2006-08-08,44.414628660863784
2006-08-09,44.56879957960419
2006-08-10,44.708695886847764
2006-08-11,44.4081839584486
2006-08-12,44.4081839584486
2006-08-13,44.4081839584486
2006-08-14,44.68510931827793
2006-08-15,45.79122786960583
2006-08-16,46.72890129878363
2006-08-17,46.84961584460491
2006-08-18,47.09536184419795
2006-08-19,47.09536184419795
2006-08-20,47.09536184419795
2006-08-21,46.7868120064939
2006-08-22,46.90261578141994
2006-08-23,46.57145001098881
2006-08-24,46.71873578895409
2006-08-25,46.91031540156027
2006-08-26,46.91031540156027
2006-08-27,46.91031540156027
2006-08-28,47.173948695469136
2006-08-29,47.321078613472224
2006-08-30,47.594550868049936
2006-08-31,47.53257335454192
2006-09-01,47.94661846598427
2006-09-02,47.94661846598427
2006-09-03,47.94661846598427
2006-09-04,47.94661846598427
2006-09-05,48.44769375934669
2006-09-06,47.63311424977046
2006-09-07,47.558999770088576
2006-09-08,47.70107316035029
2006-09-09,47.70107316035029
2006-09-10,47.70107316035029
2006-09-11,47.954080094239124
2006-09-12,48.596697859204724
2006-09-13,48.83230698997873
2006-09-14,48.885432838501885
2006-09-15,49.062015606919125
2006-09-16,49.062015606919125
2006-09-17,49.062015606919125
2006-09-18,48.94173512041337
2006-09-19,48.75143368088108
2006-09-20,49.674569101257504
2006-09-21,49.606385825108376
2006-09-22,49.09238450258292
2006-09-23,49.09238450258292
2006-09-24,49.09238450258292
2006-09-25,49.93202521268792
2006-09-26,50.40758990442164
2006-09-27,50.3796035265294
2006-09-28,50.475776359154594
2006-09-29,50.15209198231135
2006-09-30,50.15209198231135
2006-10-01,50.15209198231135
2006-10-02,49.2878875891042
2006-10-03,49.64586132048751
2006-10-04,50.80306173272656
2006-10-05,51.121612101192554
2006-10-06,51.05116485314431
2006-10-07,51.05116485314431
2006-10-08,51.05116485314431
2006-10-09,51.262312305270065
2006-10-10,51.343170106554446
2006-10-11,51.22997838696148
2006-10-12,52.17754965922054
2006-10-13,52.380009739040204
2006-10-14,52.380009739040204
2006-10-15,52.380009739040204
2006-10-16,52.31416466779745
2006-10-17,51.81082851542628
2006-10-18,51.7532131628529
2006-10-19,52.34223126265014
2006-10-20,52.97877559324066
2006-10-21,52.97877559324066
2006-10-22,52.97877559324066
2006-10-23,53.66146812134758
2006-10-24,53.260290577425295
2006-10-25,53.55856160859069
2006-10-26,54.02934572673513
2006-10-27,53.0921609595445
2006-10-28,53.0921609595445
2006-10-29,53.0921609595445
2006-10-30,53.30990617690972
2006-10-31,53.32557150971613
2006-11-01,52.69991638043108
2006-11-02,52.753773131461855
2006-11-03,52.461115863014456
2006-11-04,52.461115863014456
2006-11-05,52.461115863014456
2006-11-06,53.14661661840792
2006-11-07,53.259380171683475
2006-11-08,53.536705432803295
2006-11-09,53.465509097442805
2006-11-10,53.693602597051665
2006-11-11,53.693602597051665
2006-11-12,53.693602597051665
2006-11-13,54.17395147233225
2006-11-14,54.75809070101712
2006-11-15,54.86223511703604
2006-11-16,55.092689501818384
2006-11-17,55.07892419163066
2006-11-18,55.07892419163066
2006-11-19,55.07892419163066
2006-11-20,55.12151648054487
2006-11-21,55.32742334402242
2006-11-22,55.42820832644796
2006-11-23,55.42820832644796
2006-11-24,55.39035603927117
2006-11-25,55.39035603927117
2006-11-26,55.39035603927117
2006-11-27,54.0763955249936
2006-11-28,54.39564905660599
2006-11-29,54.771136699664
2006-11-30,54.566448452895436
2006-12-01,54.03050619791823
2006-12-02,54.03050619791823
2006-12-03,54.03050619791823
2006-12-04,54.72517683002602
2006-12-05,55.00839706677724
2006-12-06,54.7575775130551
2006-12-07,54.04317161411373
2006-12-08,54.51803021480664
2006-12-09,54.51803021480664
2006-12-10,54.51803021480664
2006-12-11,54.65385520968221
2006-12-12,54.27095912213773
2006-12-13,54.46272950737328
2006-12-14,54.828305667139084
2006-12-15,54.90338158999657
2006-12-16,54.90338158999657
2006-12-17,54.90338158999657
2006-12-18,54.28828487153193
2006-12-19,54.22750575206041
2006-12-20,53.87073099081539
2006-12-21,53.53916593079087
2006-12-22,52.987365584348794
2006-12-23,52.987365584348794
2006-12-24,52.987365584348794
2006-12-25,52.987365584348794
2006-12-26,53.119009582516085
2006-12-27,53.36419934635336
2006-12-28,53.23663845095839
2006-12-29,53.37251588402942
2006-12-30,53.37251588402942
2006-12-31,53.37251588402942
2007-01-01,53.37251588402942
2007-01-02,53.37251588402942
2007-01-03,53.35077533078007
2007-01-04,54.54104840720696
2007-01-05,54.28515859723598
2007-01-06,54.28515859723598
2007-01-07,54.28515859723598
2007-01-08,54.21900825414824
2007-01-09,54.84232421681643
2007-01-10,55.398547031547736
2007-01-11,56.08547988550179
2007-01-12,56.43875628195469
2007-01-13,56.43875628195469
2007-01-14,56.43875628195469
2007-01-15,56.43875628195469
2007-01-16,56.56141616122005
2007-01-17,55.93882494106799
2007-01-18,54.91117022103529
2007-01-19,55.040274150938046
2007-01-20,55.040274150938046
2007-01-21,55.040274150938046
2007-01-22,54.536102259228876
2007-01-23,54.11243573103816
2007-01-24,54.966579572666575
2007-01-25,54.27129769598221
2007-01-26,53.965345744044
2007-01-27,53.965345744044
2007-01-28,53.965345744044
2007-01-29,54.0314052778171
2007-01-30,54.017399272060686
2007-01-31,54.51198932042115
2007-02-01,54.2152197285769
2007-02-02,54.336370574789754
2007-02-03,54.336370574789754
2007-02-04,54.336370574789754
2007-02-05,54.10759866722201
2007-02-06,54.01091141412296
2007-02-07,54.470898553191624
2007-02-08,54.41580154857817
2007-02-09,53.71501820828053
2007-02-10,53.71501820828053
2007-02-11,53.71501820828053
2007-02-12,53.52939461913746
2007-02-13,53.61561393752244
2007-02-14,54.38906947668464
2007-02-15,54.69945571699073
2007-02-16,54.61070457099401
2007-02-17,54.61070457099401
2007-02-18,54.61070457099401
2007-02-19,54.61070457099401
2007-02-20,54.83521676523242
2007-02-21,55.23009119583631
2007-02-22,55.39746908700219
2007-02-23,55.06822236760242
2007-02-24,55.06822236760242
2007-02-25,55.06822236760242
2007-02-26,54.67598047116496
2007-02-27,52.29092424337854
2007-02-28,52.622942617164284
2007-03-01,52.47291420938265
2007-03-02,51.75969910712091
2007-03-03,51.75969910712091
2007-03-04,51.75969910712091
2007-03-05,51.61955383292106
2007-03-06,52.55748907545245
2007-03-07,52.28979047930151
2007-03-08,52.468618741469186
2007-03-09,52.29715895864601
2007-03-10,52.29715895864601
2007-03-11,52.29715895864601
2007-03-12,52.652787707751074
2007-03-13,51.86367355793756
2007-03-14,52.651350132894734
2007-03-15,52.63079203702141
2007-03-16,52.58203742288724
2007-03-17,52.58203742288724
2007-03-18,52.58203742288724
2007-03-19,53.09868957613337
2007-03-20,53.28645385146497
2007-03-21,54.49912994515235
2007-03-22,54.38932809354283
2007-03-23,53.955871053671615
2007-03-24,53.955871053671615
2007-03-25,53.955871053671615
2007-03-26,54.43741558062763
2007-03-27,54.077262043026266
2007-03-28,53.553252342197794
2007-03-29,53.638242492157495
2007-03-30,53.67293428171534
2007-03-31,53.67293428171534
2007-04-01,53.67293428171534
2007-04-02,53.720562501629914
2007-04-03,54.47636500295687
2007-04-04,54.73773704694918
2007-04-05,54.9485069822106
2007-04-06,54.9485069822106
2007-04-07,54.9485069822106
2007-04-08,54.9485069822106
2007-04-09,54.75069764878198
2007-04-10,54.99328172153425
2007-04-11,54.40168671080464
2007-04-12,54.68687466051088
2007-04-13,54.70784175448367
2007-04-14,54.70784175448367
2007-04-15,54.70784175448367
2007-04-16,55.23588588100837
2007-04-17,55.279392779594744
2007-04-18,55.11215428397392
2007-04-19,55.21265650146894
2007-04-20,55.78190368002434
2007-04-21,55.78190368002434
2007-04-22,55.78190368002434
2007-04-23,55.71401271624623
2007-04-24,55.76938345078958
2007-04-25,56.52389697163544
2007-04-26,56.78002068003255
2007-04-27,57.01928545249801
2007-04-28,57.01928545249801
2007-04-29,57.01928545249801
2007-04-30,56.493231142054434
2007-05-01,56.60150602969713
2007-05-02,57.10012991037456
2007-05-03,57.379609375702756
2007-05-04,57.0961810802063
2007-05-05,57.0961810802063
2007-05-06,57.0961810802063
2007-05-07,57.30403284839929
2007-05-08,57.56957836435805
2007-05-09,57.66064577073386
2007-05-10,56.85899590635043
2007-05-11,57.51660947814437
2007-05-12,57.51660947814437
2007-05-13,57.51660947814437
2007-05-14,57.210691308462906
2007-05-15,56.78834011371564
2007-05-16,57.39688741479662
2007-05-17,57.40167378746611
2007-05-18,57.67551599106779
2007-05-19,57.67551599106779
2007-05-20,57.67551599106779
2007-05-21,58.10630759118055
2007-05-22,58.40714444332842
2007-05-23,57.84301433708292
2007-05-24,57.013312874926655
2007-05-25,57.679999023028216
2007-05-26,57.679999023028216
2007-05-27,57.679999023028216
2007-05-28,57.679999023028216
2007-05-29,58.06446976896144
2007-05-30,58.70537604960094
2007-05-31,58.921730285040425
2007-06-01,58.721148993098936
2007-06-02,58.721148993098936
2007-06-03,58.721148993098936
2007-06-04,58.95562513680021
2007-06-05,59.08554762562848
2007-06-06,58.58919970043898
2007-06-07,57.606049240477915
2007-06-08,58.34348741147224
2007-06-09,58.34348741147224
2007-06-10,58.34348741147224
2007-06-11,57.91229714670517
2007-06-12,57.72964772033279
2007-06-13,58.27091563075239
2007-06-14,58.65525403364532
2007-06-15,59.27502365167264
2007-06-16,59.27502365167264
2007-06-17,59.27502365167264
2007-06-18,59.58299447685484
2007-06-19,59.386268300109805
2007-06-20,58.83687849652944
2007-06-21,59.28128144059633
2007-06-22,58.65703741926147
2007-06-23,58.65703741926147
2007-06-24,58.65703741926147
2007-06-25,58.44554060544874
2007-06-26,58.1696619071012
2007-06-27,58.82990339751162
2007-06-28,58.87601626458658
2007-06-29,59.27835611248657
2007-06-30,59.27835611248657
2007-07-01,59.27835611248657
2007-07-02,59.824117036901015
2007-07-03,60.48171813542531
2007-07-04,60.48171813542531
2007-07-05,61.206513404530256
2007-07-06,61.336393128616656
2007-07-07,61.336393128616656
2007-07-08,61.336393128616656
2007-07-09,61.09691608947854
2007-07-10,60.59773507452529
2007-07-11,60.92144086693097
2007-07-12,62.0677563088306
2007-07-13,62.641086295566225
2007-07-14,62.641086295566225
2007-07-15,62.641086295566225
2007-07-16,62.55129379302614
2007-07-17,62.924775554358476
2007-07-18,62.74860859277344
2007-07-19,63.127901404861475
2007-07-20,62.672618742718726
2007-07-21,62.672618742718726
2007-07-22,62.672618742718726
2007-07-23,62.66708033780195
2007-07-24,61.53047660822923
2007-07-25,61.698106134369766
2007-07-26,61.558318458785116
2007-07-27,60.58616391777735
2007-07-28,60.58616391777735
2007-07-29,60.58616391777735
2007-07-30,60.88691079936375
2007-07-31,59.1562456556454
2007-08-01,59.784157195319096
2007-08-02,60.29388769830598
2007-08-03,58.973685406845576
2007-08-04,58.973685406845576
2007-08-05,58.973685406845576
2007-08-06,60.104113222875725
2007-08-07,60.02949502738704
2007-08-08,60.80692859132036
2007-08-09,59.014524212721966
2007-08-10,58.56725001671896
2007-08-11,58.56725001671896
2007-08-12,58.56725001671896
2007-08-13,59.03863149979546
2007-08-14,57.99015202109379
2007-08-15,56.76201337072043
2007-08-16,56.2273192418875
2007-08-17,57.64659973753018
2007-08-18,57.64659973753018
2007-08-19,57.64659973753018
2007-08-20,57.7203349359589
2007-08-21,58.38326916873554
2007-08-22,59.1390264507707
2007-08-23,59.10953593735263
2007-08-24,60.07429083297565
2007-08-25,60.07429083297565
2007-08-26,60.07429083297565
2007-08-27,59.608742587642645
2007-08-28,58.06337791889797
2007-08-29,59.997489817411775
2007-08-30,60.214843170063006
2007-08-31,61.04743021333738
2007-09-01,61.04743021333738
2007-09-02,61.04743021333738
2007-09-03,61.04743021333738
2007-09-04,62.000053660497414
2007-09-05,60.926887970970455
2007-09-06,60.893463693541904
2007-09-07,59.74988808870322
2007-09-08,59.74988808870322
2007-09-09,59.74988808870322
2007-09-10,59.94727927456701
2007-09-11,60.77712421361138
2007-09-12,60.95837256558687
2007-09-13,61.459897968645784
2007-09-14,61.536669508648046
2007-09-15,61.536669508648046
2007-09-16,61.536669508648046
2007-09-17,61.002448349217055
2007-09-18,62.213290837262264
2007-09-19,62.337596977359524
2007-09-20,62.28305323325877
2007-09-21,63.1706811640106
2007-09-22,63.1706811640106
2007-09-23,63.1706811640106
2007-09-24,63.67626063241896
2007-09-25,64.48802948400086
2007-09-26,64.86883337397278
2007-09-27,65.01972779051655
2007-09-28,64.76719960993863
2007-09-29,64.76719960993863
2007-09-30,64.76719960993863
2007-10-01,65.52560909053508
2007-10-02,65.48111683578394
2007-10-03,65.12441798658885
2007-10-04,65.22274529444266
2007-10-05,66.77539075648959
2007-10-06,66.77539075648959
2007-10-07,66.77539075648959
2007-10-08,67.50036230812412
2007-10-09,67.85144534909651
2007-10-10,68.10111274242837
2007-10-11,66.85900649669873
2007-10-12,68.000422441355
2007-10-13,68.000422441355
2007-10-14,68.000422441355
2007-10-15,67.17368486942534
2007-10-16,67.17093538363969
2007-10-17,68.42065599569597
2007-10-18,68.59445431480025
2007-10-19,67.0656373442737
2007-10-20,67.0656373442737
2007-10-21,67.0656373442737
2007-10-22,67.72435915857261
2007-10-23,69.70884665564687
2007-10-24,69.60581548986274
2007-10-25,68.71336772237849
2007-10-26,70.23748153473744
2007-10-27,70.23748153473744
2007-10-28,70.23748153473744
2007-10-29,70.44480536345796
2007-10-30,70.94676552467284
2007-10-31,72.30993805568275
2007-11-01,71.20854423594903
2007-11-02,71.69874467377167
2007-11-03,71.69874467377167
2007-11-04,71.69874467377167
2007-11-05,71.6001020540574
2007-11-06,72.86539294987313
2007-11-07,71.18847196074779
2007-11-08,68.02643714394699
2007-11-09,65.23764701368776
2007-11-10,65.23764701368776
2007-11-11,65.23764701368776
2007-11-12,63.33809986057051
2007-11-13,66.69845106995241
2007-11-14,65.89289471341384
2007-11-15,65.36445048660751
2007-11-16,66.18481995634131
2007-11-17,66.18481995634131
2007-11-18,66.18481995634131
2007-11-19,65.47842749106127
2007-11-20,66.35920024423828
2007-11-21,65.647298199862
2007-11-22,65.647298199862
2007-11-23,66.45983572983828
2007-11-24,66.45983572983828
2007-11-25,66.45983572983828
2007-11-26,65.04293008653471
2007-11-27,66.22648431376584
2007-11-28,68.22318465915743
2007-11-29,68.6577800388462
2007-11-30,68.00742415361127
2007-12-01,68.00742415361127
2007-12-02,68.00742415361127
2007-12-03,66.82180391688617
2007-12-04,66.37984626771507
2007-12-05,67.76786534104842
2007-12-06,68.8413019018547
2007-12-07,68.67392849688252
2007-12-08,68.67392849688252
2007-12-09,68.67392849688252
2007-12-10,68.64665274867991
2007-12-11,67.17332872666309
2007-12-12,68.0416712459076
2007-12-13,68.19255758695293
2007-12-14,67.58803710476217
2007-12-15,67.58803710476217
2007-12-16,67.58803710476217
2007-12-17,65.88048758982872
2007-12-18,66.03604990097898
2007-12-19,65.87126780980715
2007-12-20,67.4161544681916
2007-12-21,69.16800148259591
2007-12-22,69.16800148259591
2007-12-23,69.16800148259591
2007-12-24,69.85581377999127
2007-12-25,69.85581377999127
2007-12-26,70.06643642187888
2007-12-27,69.27200442025828
2007-12-28,69.36072800404156
2007-12-29,69.36072800404156
2007-12-30,69.36072800404156
2007-12-31,68.48826514691166
2008-01-01,68.48826514691166
2008-01-02,67.42217481249409
2008-01-03,67.50149240915351
2008-01-04,63.99063814779487
2008-01-05,63.99063814779487
2008-01-06,63.99063814779487
2008-01-07,63.660783104523176
2008-01-08,61.713742531177004
2008-01-09,63.95753435847657
2008-01-10,63.79513856370876
2008-01-11,62.56388919339251
2008-01-12,62.56388919339251
2008-01-13,62.56388919339251
2008-01-14,64.28629513134726
2008-01-15,62.236996909336284
2008-01-16,60.33152609677316
2008-01-17,59.60725836723425
2008-01-18,59.45825934328013
2008-01-19,59.45825934328013
2008-01-20,59.45825934328013
2008-01-21,59.45825934328013
2008-01-22,57.59994332942026
2008-01-23,55.72936283149019
2008-01-24,57.424283069154455
2008-01-25,55.851024184046665
2008-01-26,55.851024184046665
2008-01-27,55.851024184046665
2008-01-28,55.82228101935182
2008-01-29,55.80947159520689
2008-01-30,56.053310265449205
2008-01-31,57.344520951237676
2008-02-01,56.12031727082076
2008-02-02,56.12031727082076
2008-02-03,56.12031727082076
2008-02-04,55.198306698441954
2008-02-05,53.781570243119404
2008-02-06,52.447732490800924
2008-02-07,52.51805967312139
2008-02-08,53.695224755917394
2008-02-09,53.695224755917394
2008-02-10,53.695224755917394
2008-02-11,54.40298901798145
2008-02-12,53.677880300037714
2008-02-13,55.2047069236911
2008-02-14,54.2011337706255
2008-02-15,53.9527234066302
2008-02-16,53.9527234066302
2008-02-17,53.9527234066302
2008-02-18,53.9527234066302
2008-02-19,53.21628941237219
2008-02-20,54.093673784279225
2008-02-21,53.760731093051604
2008-02-22,53.64456276638156
2008-02-23,53.64456276638156
2008-02-24,53.64456276638156
2008-02-25,53.6643315116153
2008-02-26,53.683518498196754
2008-02-27,54.53451037985864
2008-02-28,55.06421557502223
2008-02-29,53.78117106933262
2008-03-01,53.78117106933262
2008-03-02,53.78117106933262
2008-03-03,52.947594483275054
2008-03-04,53.43896946311217
2008-03-05,53.5890630888525
2008-03-06,52.385071038764096
2008-03-07,52.68057016104886
2008-03-08,52.68057016104886
2008-03-09,52.68057016104886
2008-03-10,51.66259389755895
2008-03-11,54.04090555214325
2008-03-12,53.88964357484461
2008-03-13,54.47051654311643
2008-03-14,53.3620654592536
2008-03-15,53.3620654592536
2008-03-16,53.3620654592536
2008-03-17,52.87415882080681
2008-03-18,55.30243822797091
2008-03-19,53.636267100688016
2008-03-20,54.77583426496197
2008-03-21,54.77583426496197
2008-03-22,54.77583426496197
2008-03-23,54.77583426496197
2008-03-24,56.81007848872943
2008-03-25,57.4006331421122
2008-03-26,57.46852806364581
2008-03-27,55.69043510321099
2008-03-28,55.9808454367825
2008-03-29,55.9808454367825
2008-03-30,55.9808454367825
2008-03-31,56.44585741403277
2008-04-01,58.719097001366634
2008-04-02,58.19768636867203
2008-04-03,58.66366592151243
2008-04-04,58.97119817620362
2008-04-05,58.97119817620362
2008-04-06,58.97119817620362
2008-04-07,59.02585487551062
2008-04-08,58.511640995492684
2008-04-09,58.094522041856465
2008-04-10,59.18050198612555
2008-04-11,57.10658263445662
2008-04-12,57.10658263445662
2008-04-13,57.10658263445662
2008-04-14,56.9218723325941
2008-04-15,57.040200300194755
2008-04-16,58.8001919900693
2008-04-17,58.7282682864006
2008-04-18,61.46497657408114
2008-04-19,61.46497657408114
2008-04-20,61.46497657408114
2008-04-21,62.53211447508688
2008-04-22,61.27863156782827
2008-04-23,62.01231897567493
2008-04-24,63.24438910758165
2008-04-25,62.48328701742277
2008-04-26,62.48328701742277
2008-04-27,62.48328701742277
2008-04-28,62.78493085957131
2008-04-29,63.321881451137294
2008-04-30,62.84231940485772
2008-05-01,65.10654099214929
2008-05-02,65.26450336481722
2008-05-03,65.26450336481722
2008-05-04,65.26450336481722
2008-05-05,65.57972235935829
2008-05-06,66.02033028335376
2008-05-07,64.7582961406639
2008-05-08,65.32949539207978
2008-05-09,65.01496939747796
2008-05-10,65.01496939747796
2008-05-11,65.01496939747796
2008-05-12,66.67200434137499
2008-05-13,66.70199523119341
2008-05-14,66.07938944129351
2008-05-15,67.29697364461617
2008-05-16,67.24761726720091
2008-05-17,67.24761726720091
2008-05-18,67.24761726720091
2008-05-19,66.7382706620806
2008-05-20,66.30893352400983
2008-05-21,64.53145925057298
2008-05-22,64.57549336419262
2008-05-23,64.8299324981721
2008-05-24,64.8299324981721
2008-05-25,64.8299324981721
2008-05-26,64.8299324981721
2008-05-27,66.30818386884886
2008-05-28,66.4052785872426
2008-05-29,67.02879678272659
2008-05-30,67.25636321295102
2008-05-31,67.25636321295102
2008-06-01,67.25636321295102
2008-06-02,66.32013583127677
2008-06-03,65.78138648498714
2008-06-04,66.45029315422181
2008-06-05,67.79584117861664
2008-06-06,65.68986558241214
2008-06-07,65.68986558241214
2008-06-08,65.68986558241214
2008-06-09,65.33098330249581
2008-06-10,65.76378100830824
2008-06-11,64.14409166341589
2008-06-12,64.28198386093752
2008-06-13,65.47919510819709
2008-06-14,65.47919510819709
2008-06-15,65.47919510819709
2008-06-16,66.24803862848817
2008-06-17,66.22868058287756
2008-06-18,65.74735564505048
2008-06-19,66.81284517938087
2008-06-20,64.99707871430294
2008-06-21,64.99707871430294
2008-06-22,64.99707871430294
2008-06-23,64.48927428029256
2008-06-24,64.01773896093508
2008-06-25,65.11182474193174
2008-06-26,61.775071871450564
2008-06-27,61.81065002354578
2008-06-28,61.81065002354578
2008-06-29,61.81065002354578
2008-06-30,60.953485436875816
2008-07-01,62.1867689034187
2008-07-02,60.332512815119046
2008-07-03,60.604426567542134
2008-07-04,60.604426567542134
2008-07-05,60.604426567542134
2008-07-06,60.604426567542134
2008-07-07,61.3388211458698
2008-07-08,62.8906279608309
2008-07-09,61.123502567528575
2008-07-10,62.00612202489338
2008-07-11,60.9266264809076
2008-07-12,60.9266264809076
2008-07-13,60.9266264809076
2008-07-14,60.47871628560975
2008-07-15,60.05645040959949
2008-07-16,61.26760329972225
2008-07-17,61.347650556950754
2008-07-18,59.21460888673916
2008-07-19,59.21460888673916
2008-07-20,59.21460888673916
2008-07-21,59.26469889951848
2008-07-22,58.92954068114089
2008-07-23,60.23580927700363
2008-07-24,59.83633023372611
2008-07-25,61.380772339886086
2008-07-26,61.380772339886086
2008-07-27,61.380772339886086
2008-07-28,59.50785689795226
2008-07-29,60.81641627273697
2008-07-30,61.34475667381914
2008-07-31,61.145077134166975
2008-08-01,60.62899573028016
2008-08-02,60.62899573028016
2008-08-03,60.62899573028016
2008-08-04,59.54091050228935
2008-08-05,62.060127066440614
2008-08-06,63.373516591158165
2008-08-07,63.26232306497246
2008-08-08,65.21264213486305
2008-08-09,65.21264213486305
2008-08-10,65.21264213486305
2008-08-11,65.25872374386037
2008-08-12,65.47891727918275
2008-08-13,65.65662803714524
2008-08-14,66.2278891073527
2008-08-15,65.7680080809516
2008-08-16,65.7680080809516
2008-08-17,65.7680080809516
2008-08-18,65.06693814058174
2008-08-19,64.30278677094407
2008-08-20,64.70910810676241
2008-08-21,64.4575792621491
2008-08-22,65.26059143970882
2008-08-23,65.26059143970882
2008-08-24,65.26059143970882
2008-08-25,63.83413013966898
2008-08-26,63.71986148945311
2008-08-27,64.12264484772945
2008-08-28,64.19232162460717
2008-08-29,62.55193031112377
2008-08-30,62.55193031112377
2008-08-31,62.55193031112377
2008-09-01,62.55193031112377
2008-09-02,61.402650789445765
2008-09-03,60.67716665388643
2008-09-04,58.53974631484901
2008-09-05,57.853699412211455
2008-09-06,57.853699412211455
2008-09-07,57.853699412211455
2008-09-08,57.033406331506185
2008-09-09,55.85763365465418
2008-09-10,56.34565531814641
2008-09-11,57.83298628458128
2008-09-12,57.239797463145656
2008-09-13,57.239797463145656
2008-09-14,57.239797463145656
2008-09-15,55.047176816269044
2008-09-16,55.45358446482764
2008-09-17,51.82561279442734
2008-09-18,53.98845674327844
2008-09-19,55.86046286928715
2008-09-20,55.86046286928715
2008-09-21,55.86046286928715
2008-09-22,53.37598453147105
2008-09-23,52.81639376013129
2008-09-24,53.27545686564106
2008-09-25,54.39610280555018
2008-09-26,53.00649212495508
2008-09-27,53.00649212495508
2008-09-28,53.00649212495508
2008-09-29,46.29836234165566
2008-09-30,49.6650995959889
2008-10-01,48.694378540558205
2008-10-02,46.52458247021403
2008-10-03,46.284868150757575
2008-10-04,46.284868150757575
2008-10-05,46.284868150757575
2008-10-06,44.91741037728672
2008-10-07,41.952092557292296
2008-10-08,42.31149036571226
2008-10-09,41.20024676133245
2008-10-10,41.40250115375446
2008-10-11,41.40250115375446
2008-10-12,41.40250115375446
2008-10-13,47.008648942977146
2008-10-14,44.58573163775509
2008-10-15,41.270098758522465
2008-10-16,43.691177726732505
2008-10-17,43.620864867697755
2008-10-18,43.620864867697755
2008-10-19,43.620864867697755
2008-10-20,44.63938406912111
2008-10-21,42.07385050365636
2008-10-22,41.5446066476218
2008-10-23,41.51739198701027
2008-10-24,40.43533190784099
2008-10-25,40.43533190784099
2008-10-26,40.43533190784099
2008-10-27,39.1622423741254
2008-10-28,43.26798131798364
2008-10-29,43.242274120937445
2008-10-30,44.61052330992784
2008-10-31,43.95599261605298
2008-11-01,43.95599261605298
2008-11-02,43.95599261605298
2008-11-03,43.7273948120169
2008-11-04,45.28715224276456
2008-11-05,42.44843400343867
2008-11-06,40.412799862820194
2008-11-07,41.3943235018183
2008-11-08,41.3943235018183
2008-11-09,41.3943235018183
2008-11-10,40.71296619191976
2008-11-11,40.149888249584535
2008-11-12,38.21736344283202
2008-11-13,40.50453433496021
2008-11-14,38.42464263837733
2008-11-15,38.42464263837733
2008-11-16,38.42464263837733
2008-11-17,37.570743693545765
2008-11-18,38.3759687326495
2008-11-19,36.32957065729042
2008-11-20,34.44735228480249
2008-11-21,36.096027209063145
2008-11-22,36.096027209063145
2008-11-23,36.096027209063145
2008-11-24,38.336565691361045
2008-11-25,37.653907501751476
2008-11-26,39.15011677997419
2008-11-27,39.15011677997419
2008-11-28,38.65724707787392
2008-11-29,38.65724707787392
2008-11-30,38.65724707787392
2008-12-01,35.94034892161522
2008-12-02,36.82410780120091
2008-12-03,37.89434952855134
2008-12-04,36.546667970226224
2008-12-05,38.08281544344755
2008-12-06,38.08281544344755
2008-12-07,38.08281544344755
2008-12-08,40.037836735384055
2008-12-09,39.83290378840077
2008-12-10,39.91778619064459
2008-12-11,38.40690639101061
2008-12-12,39.53714135364184
2008-12-13,39.53714135364184
2008-12-14,39.53714135364184
2008-12-15,38.67239401973542
2008-12-16,40.44691959825773
2008-12-17,39.135287677665744
2008-12-18,38.517343735687604
2008-12-19,39.296736968132656
2008-12-20,39.296736968132656
2008-12-21,39.296736968132656
2008-12-22,38.46640082532301
2008-12-23,38.38874176340403
2008-12-24,38.35855100643848
2008-12-25,38.35855100643848
2008-12-26,38.40678053691353
2008-12-27,38.40678053691353
2008-12-28,38.40678053691353
2008-12-29,38.18932111263766
2008-12-30,38.8920396413106
2008-12-31,39.03971030183459
2009-01-01,39.03971030183459
2009-01-02,40.56575407630787
2009-01-03,40.56575407630787
2009-01-04,40.56575407630787
2009-01-05,40.763334441883316
2009-01-06,40.75354261238535
2009-01-07,39.50510947334615
2009-01-08,39.91864025931896
2009-01-09,39.029618792743065
2009-01-10,39.029618792743065
2009-01-11,39.029618792743065
2009-01-12,38.57838886768472
2009-01-13,38.72414387511412
2009-01-14,37.47105351891078
2009-01-15,37.643666386134555
2009-01-16,38.02357716743294
2009-01-17,38.02357716743294
2009-01-18,38.02357716743294
2009-01-19,38.02357716743294
2009-01-20,36.227271348611524
2009-01-21,37.93585207181461
2009-01-22,37.73712053188243
2009-01-23,38.05678743080486
2009-01-24,38.05678743080486
2009-01-25,38.05678743080486
2009-01-26,38.507808648167426
2009-01-27,38.72965695842829
2009-01-28,39.92600937525468
2009-01-29,39.10698197500688
2009-01-30,38.22850069374382
2009-01-31,38.22850069374382
2009-02-01,38.22850069374382
2009-02-02,38.973155216750065
2009-02-03,39.34723319762499
2009-02-04,39.453091794777215
2009-02-05,40.44157823993953
2009-02-06,41.57873094529993
2009-02-07,41.57873094529993
2009-02-08,41.57873094529993
2009-02-09,41.881860539811996
2009-02-10,40.23917393331817
2009-02-11,40.29270965457088
2009-02-12,40.79999411264734
2009-02-13,40.63699492330883
2009-02-14,40.63699492330883
2009-02-15,40.63699492330883
2009-02-16,40.63699492330883
2009-02-17,39.20633517471322
2009-02-18,39.47793880883398
2009-02-19,38.613911557641316
2009-02-20,38.82800386247939
2009-02-21,38.82800386247939
2009-02-22,38.82800386247939
2009-02-23,37.336466054198354
2009-02-24,38.50017708639784
2009-02-25,38.28970998803101
2009-02-26,37.21057168100958
2009-02-27,36.73744564812262
2009-02-28,36.73744564812262
2009-03-01,36.73744564812262
2009-03-02,35.921023066535135
2009-03-03,36.07720817014742
2009-03-04,36.82709365989599
2009-03-05,35.731895268782424
2009-03-06,35.25956856431836
2009-03-07,35.25956856431836
2009-03-08,35.25956856431836
2009-03-09,34.437400533268374
2009-03-10,36.644763518024334
2009-03-11,37.325960758570616
2009-03-12,38.51317574707751
2009-03-13,38.59940458672134
2009-03-14,38.59940458672134
2009-03-15,38.59940458672134
2009-03-16,37.88658482633602
2009-03-17,39.41935620912544
2009-03-18,39.683722930196495
2009-03-19,39.63285739922417
2009-03-20,39.34172450660337
2009-03-21,39.34172450660337
2009-03-22,39.34172450660337
2009-03-23,41.54483183923023
2009-03-24,40.792399248736686
2009-03-25,40.81852557443766
2009-03-26,42.05752256773745
2009-03-27,41.219029232654556
2009-03-28,41.219029232654556
2009-03-29,41.219029232654556
2009-03-30,40.34403100486369
2009-03-31,41.02556895855021
2009-04-01,41.658857032571255
2009-04-02,42.58058566129013
2009-04-03,43.120245588011585
2009-04-04,43.120245588011585
2009-04-05,43.120245588011585
2009-04-06,43.33301436949495
2009-04-07,42.2741064785863
2009-04-08,42.75477984341893
2009-04-09,43.866962729601184
2009-04-10,43.866962729601184
2009-04-11,43.866962729601184
2009-04-12,43.866962729601184
2009-04-13,43.81164638965454
2009-04-14,43.2547114796904
2009-04-15,42.882459748387554
2009-04-16,43.9082750638118
2009-04-17,43.78338651680704
2009-04-18,43.78338651680704
2009-04-19,43.78338651680704
2009-04-20,42.626626569217876
2009-04-21,43.1924464924999
2009-04-22,43.24652340058678
2009-04-23,43.89718261766113
2009-04-24,44.673115633611246
2009-04-25,44.673115633611246
2009-04-26,44.673115633611246
2009-04-27,44.99285688762164
2009-04-28,44.70441381383055
2009-04-29,45.18439973683047
2009-04-30,45.03481445064343
2009-05-01,45.07891493145826
2009-05-02,45.07891493145826
2009-05-03,45.07891493145826
2009-05-04,45.768564359306055
2009-05-05,45.69062199916347
2009-05-06,45.6784917940945
2009-05-07,44.86721677155083
2009-05-08,44.697002697682024
2009-05-09,44.697002697682024
2009-05-10,44.697002697682024
2009-05-11,44.90803178596225
2009-05-12,44.26807525835598
2009-05-13,43.26577873499266
2009-05-14,43.87206778984866
2009-05-15,43.76576083690677
2009-05-16,43.76576083690677
2009-05-17,43.76576083690677
2009-05-18,44.802973686943716
2009-05-19,44.92414246112043
2009-05-20,44.7720028386769
2009-05-21,44.06722973539421
2009-05-22,43.79690727100272
2009-05-23,43.79690727100272
2009-05-24,43.79690727100272
2009-05-25,43.79690727100272
2009-05-26,45.52645233095617
2009-05-27,45.450854960551865
2009-05-28,46.05178631720404
2009-05-29,46.54878768035791
2009-05-30,46.54878768035791
2009-05-31,46.54878768035791
2009-06-01,47.57300922934226
2009-06-02,47.65250203271452
2009-06-03,47.988689899313435
2009-06-04,48.80616225473538
2009-06-05,48.98644006379419
2009-06-06,48.98644006379419
2009-06-07,48.98644006379419
2009-06-08,48.82918218111213
2009-06-09,48.954283824184934
2009-06-10,48.65531842050246
2009-06-11,48.71003215330734
2009-06-12,48.525264579539126
2009-06-13,48.525264579539126
2009-06-14,48.525264579539126
2009-06-15,47.67938161120615
2009-06-16,47.528907317333065
2009-06-17,48.06807011420707
2009-06-18,48.14384943443994
2009-06-19,48.905205551233394
2009-06-20,48.905205551233394
2009-06-21,48.905205551233394
2009-06-22,47.7443725325453
2009-06-23,47.54190020820869
2009-06-24,48.29523766082903
2009-06-25,49.17923776278475
2009-06-26,49.4119299142409
2009-06-27,49.4119299142409
2009-06-28,49.4119299142409
2009-06-29,49.511525153371
2009-06-30,49.36356144090493
2009-07-01,49.56461228670784
2009-07-02,48.616405407256735
2009-07-03,48.616405407256735
2009-07-04,48.616405407256735
2009-07-05,48.616405407256735
2009-07-06,48.42232488917778
2009-07-07,47.286396574438015
2009-07-08,47.6848946183471
2009-07-09,47.540904700790435
2009-07-10,47.85760824671786
2009-07-11,47.85760824671786
2009-07-12,47.85760824671786
2009-07-13,48.89163301129399
2009-07-14,48.94217259113913
2009-07-15,50.67773409916083
2009-07-16,51.257804419000806
2009-07-17,51.773075566061166
2009-07-18,51.773075566061166
2009-07-19,51.773075566061166
2009-07-20,52.05667303242383
2009-07-21,52.30119624687088
2009-07-22,52.70868404740358
2009-07-23,53.38045273489527
2009-07-24,53.21176877482171
2009-07-25,53.21176877482171
2009-07-26,53.21176877482171
2009-07-27,53.06453246691737
2009-07-28,53.31076935118291
2009-07-29,53.30396994070401
2009-07-30,53.678165513447595
2009-07-31,53.5309989971524
2009-08-01,53.5309989971524
2009-08-02,53.5309989971524
2009-08-03,54.31838026871366
2009-08-04,54.089798777428285
2009-08-05,53.64676594354752
2009-08-06,53.0942148716379
2009-08-07,53.37606167951091
2009-08-08,53.37606167951091
2009-08-09,53.37606167951091
2009-08-10,53.02044717164849
2009-08-11,52.59063711216757
2009-08-12,53.25921314882225
2009-08-13,53.61382017851317
2009-08-14,53.31622366812772
2009-08-15,53.31622366812772
2009-08-16,53.31622366812772
2009-08-17,51.7901308077022
2009-08-18,52.5898461651217
2009-08-19,52.891401534902364
2009-08-20,53.71274732598816
2009-08-21,54.42709282986097
2009-08-22,54.42709282986097
2009-08-23,54.42709282986097
2009-08-24,54.49896959578753
2009-08-25,54.5219581553704
2009-08-26,54.364696360339494
2009-08-27,54.38348783276439
2009-08-28,54.509620635608215
2009-08-29,54.509620635608215
2009-08-30,54.509620635608215
2009-08-31,54.02657219960389
2009-09-01,53.216067411337036
2009-09-02,53.148423278338626
2009-09-03,53.34739049598181
2009-09-04,54.28090223031169
2009-09-05,54.28090223031169
2009-09-06,54.28090223031169
2009-09-07,54.28090223031169
2009-09-08,54.74551858316623
2009-09-09,54.865676753769634
2009-09-10,55.30403714348533
2009-09-11,55.2217539737139
2009-09-12,55.2217539737139
2009-09-13,55.2217539737139
2009-09-14,55.369929544233315
2009-09-15,55.515377678104855
2009-09-16,56.36516571354137
2009-09-17,56.34386512322651
2009-09-18,56.43050838731347
2009-09-19,56.43050838731347
2009-09-20,56.43050838731347
2009-09-21,56.62794337580551
2009-09-22,56.59525165804503
2009-09-23,56.52375273477706
2009-09-24,56.30884391737749
2009-09-25,55.37521311164399
2009-09-26,55.37521311164399
2009-09-27,55.37521311164399
2009-09-28,56.297255373474876
2009-09-29,56.0317888037637
2009-09-30,55.87960357469492
2009-10-01,54.37674885673327
2009-10-02,54.40175438068122
2009-10-03,54.40175438068122
2009-10-04,54.40175438068122
2009-10-05,54.65691337860816
2009-10-06,55.655324175557865
2009-10-07,55.87310093788571
2009-10-08,55.92154526650689
2009-10-09,56.187159853846566
2009-10-10,56.187159853846566
2009-10-11,56.187159853846566
2009-10-12,56.27843656672845
2009-10-13,56.29484984866915
2009-10-14,56.98017450542706
2009-10-15,57.05845571106384
2009-10-16,56.7451037636221
2009-10-17,56.7451037636221
2009-10-18,56.7451037636221
2009-10-19,57.12555572039023
2009-10-20,57.63338646109655
2009-10-21,58.10464591739458
2009-10-22,58.132804263649824
2009-10-23,58.0443518179596
2009-10-24,58.0443518179596
2009-10-25,58.0443518179596
2009-10-26,57.87536060913908
2009-10-27,57.19579844226418
2009-10-28,56.12329781569104
2009-10-29,57.03007077353958
2009-10-30,55.53099199996847
2009-10-31,55.53099199996847
2009-11-01,55.53099199996847
2009-11-02,55.52754123042817
2009-11-03,55.655100862069965
2009-11-04,55.842187744238146
2009-11-05,57.13606118011739
2009-11-06,57.37849555251405
2009-11-07,57.37849555251405
2009-11-08,57.37849555251405
2009-11-09,58.78588832725324
2009-11-10,58.93299081094713
2009-11-11,59.27682247029814
2009-11-12,59.0148246840756
2009-11-13,59.598757519193924
2009-11-14,59.598757519193924
2009-11-15,59.598757519193924
2009-11-16,59.94062345192416
2009-11-17,60.23467700434888
2009-11-18,59.91117374684097
2009-11-19,58.94323290696716
2009-11-20,58.77444987616239
2009-11-21,58.77444987616239
2009-11-22,58.77444987616239
2009-11-23,59.85793820414819
2009-11-24,59.617545042141955
2009-11-25,59.66280952906983
2009-11-26,59.66280952906983
2009-11-27,58.760552524013356
2009-11-28,58.760552524013356
2009-11-29,58.760552524013356
2009-11-30,58.73089063103707
2009-12-01,59.07415148446597
2009-12-02,59.03733232608845
2009-12-03,58.83531586687039
2009-12-04,58.91709787437086
2009-12-05,58.91709787437086
2009-12-06,58.91709787437086
2009-12-07,58.43500474380825
2009-12-08,58.167326332674804
2009-12-09,59.15088274901157
2009-12-10,59.490573961809716
2009-12-11,59.062419535892644
2009-12-12,59.062419535892644
2009-12-13,59.062419535892644
2009-12-14,59.503980734086184
2009-12-15,59.01053347128946
2009-12-16,58.89007322437805
2009-12-17,58.157500321379004
2009-12-18,59.463162786642286
2009-12-19,59.463162786642286
2009-12-20,59.463162786642286
2009-12-21,60.169016295671184
2009-12-22,60.52243240639945
2009-12-23,60.921094461397644
2009-12-24,61.776858110353
2009-12-25,61.776858110353
2009-12-26,61.776858110353
2009-12-27,61.776858110353
2009-12-28,62.2566824667126
2009-12-29,62.045813940357014
2009-12-30,62.32187938019357
2009-12-31,61.85688593799216
2010-01-01,61.85688593799216
2010-01-02,61.85688593799216
2010-01-03,61.85688593799216
2010-01-04,62.74046606247616
2010-01-05,62.84317508746041
2010-01-06,62.21633557208084
2010-01-07,62.112020014031664
2010-01-08,62.69420218843541
2010-01-09,62.69420218843541
2010-01-10,62.69420218843541
2010-01-11,62.35282311461013
2010-01-12,61.62369358869023
2010-01-13,62.28668362637472
2010-01-14,62.5618244130922
2010-01-15,61.85456267266914
2010-01-16,61.85456267266914
2010-01-17,61.85456267266914
2010-01-18,61.85456267266914
2010-01-19,63.130729435056686
2010-01-20,62.28445004655381
2010-01-21,61.56553955358774
2010-01-22,59.20844298003405
2010-01-23,59.20844298003405
2010-01-24,59.20844298003405
2010-01-25,59.74570434243738
2010-01-26,59.94930498436189
2010-01-27,60.60007323336639
2010-01-28,58.29959018774477
2010-01-29,56.94225183695494
2010-01-30,56.94225183695494
2010-01-31,56.94225183695494
2010-02-01,57.494284128841215
2010-02-02,57.86673856803316
2010-02-03,58.43518044894537
2010-02-04,56.83687950988582
2010-02-05,57.46314208658653
2010-02-06,57.46314208658653
2010-02-07,57.46314208658653
2010-02-08,57.02685219604598
2010-02-09,57.564721473599064
2010-02-10,57.288939978311326
2010-02-11,58.12107166361933
2010-02-12,58.51515086287746
2010-02-13,58.51515086287746
2010-02-14,58.51515086287746
2010-02-15,58.51515086287746
2010-02-16,59.10881122106815
2010-02-17,59.29238903903272
2010-02-18,59.70470985601685
2010-02-19,59.49488548096869
2010-02-20,59.49488548096869
2010-02-21,59.49488548096869
2010-02-22,59.31467099870848
2010-02-23,58.45121033311958
2010-02-24,58.9917029010221
2010-02-25,58.968200873223296
2010-02-26,59.15698105878397
2010-02-27,59.15698105878397
2010-02-28,59.15698105878397
2010-03-01,59.67805463111478
2010-03-02,59.97526480677711
2010-03-03,60.146907481229505
2010-03-04,60.55720869792153
2010-03-05,61.533369649695004
2010-03-06,61.533369649695004
2010-03-07,61.533369649695004
2010-03-08,61.705645815374744
2010-03-09,62.23211928593298
2010-03-10,62.68327068880985
2010-03-11,63.021393170127496
2010-03-12,63.05753933310062
2010-03-13,63.05753933310062
2010-03-14,63.05753933310062
2010-03-15,62.64839181765568
2010-03-16,62.842167961841625
2010-03-17,62.88253499000018
2010-03-18,63.30274828535795
2010-03-19,62.86872188869594
2010-03-20,62.86872188869594
2010-03-21,62.86872188869594
2010-03-22,63.374916228533195
2010-03-23,63.969921075324734
2010-03-24,63.8492456134167
2010-03-25,63.95515998932872
2010-03-26,64.172299621101
2010-03-27,64.172299621101
2010-03-28,64.172299621101
2010-03-29,64.35086608412857
2010-03-30,64.79814072468206
2010-03-31,64.42624672619061
2010-04-01,64.3231333138153
2010-04-02,64.3231333138153
2010-04-03,64.3231333138153
2010-04-04,64.3231333138153
2010-04-05,64.7411680886652
2010-04-06,64.91400065264709
2010-04-07,65.03258214506766
2010-04-08,65.03540480889883
2010-04-09,65.42200785977897
2010-04-10,65.42200785977897
2010-04-11,65.42200785977897
2010-04-12,65.58844952394442
2010-04-13,65.96101655059067
2010-04-14,66.60498719025769
2010-04-15,67.14131362295461
2010-04-16,66.23649816801618
2010-04-17,66.23649816801618
2010-04-18,66.23649816801618
2010-04-19,66.32832877253418
2010-04-20,66.31059044654285
2010-04-21,67.32057670886432
2010-04-22,67.40960603938683
2010-04-23,67.68960686754227
2010-04-24,67.68960686754227
2010-04-25,67.68960686754227
2010-04-26,67.37483416714915
2010-04-27,66.13950659867393
2010-04-28,66.19415077675086
2010-04-29,67.08762374244898
2010-04-30,65.83510122199915
2010-05-01,65.83510122199915
2010-05-02,65.83510122199915
2010-05-03,66.75667853604075
2010-05-04,64.71843314650417
2010-05-05,64.56376054734312
2010-05-06,62.44375100788
2010-05-07,60.696137561306536
2010-05-08,60.696137561306536
2010-05-09,60.696137561306536
2010-05-10,63.89848294972752
2010-05-11,63.965266125470436
2010-05-12,65.09965384797017
2010-05-13,64.20154980588318
2010-05-14,63.10452432804029
2010-05-15,63.10452432804029
2010-05-16,63.10452432804029
2010-05-17,63.19773484414242
2010-05-18,62.40365373704198
2010-05-19,61.840423401848994
2010-05-20,59.43260776470086
2010-05-21,59.833793021172426
2010-05-22,59.833793021172426
2010-05-23,59.833793021172426
2010-05-24,60.10183983618823
2010-05-25,59.91009600082166
2010-05-26,59.10852872371538
2010-05-27,61.201099348443876
2010-05-28,61.19666672479057
2010-05-29,61.19666672479057
2010-05-30,61.19666672479057
2010-05-31,61.19666672479057
2010-06-01,61.20553042900694
2010-06-02,62.33379610355713
2010-06-03,62.67685906221289
2010-06-04,60.83414751792299
2010-06-05,60.83414751792299
2010-06-06,60.83414751792299
2010-06-07,59.60427369126886
2010-06-08,59.417509440147526
2010-06-09,58.36059403371477
2010-06-10,59.72624801239939
2010-06-11,60.448809268589336
2010-06-12,60.448809268589336
2010-06-13,60.448809268589336
2010-06-14,60.37022995932403
2010-06-15,61.94068534831181
2010-06-16,62.58740714655305
2010-06-17,63.12027799861984
2010-06-18,63.312924719169864
2010-06-19,63.312924719169864
2010-06-20,63.312924719169864
2010-06-21,62.48489813182235
2010-06-22,62.48301531441962
2010-06-23,62.015308129829506
2010-06-24,61.26956826538044
2010-06-25,60.614963711379986
2010-06-26,60.614963711379986
2010-06-27,60.614963711379986
2010-06-28,60.57822972395818
2010-06-29,58.39793303444077
2010-06-30,57.52442500277054
2010-07-01,57.07693920269346
2010-07-02,57.059931626525206
2010-07-03,57.059931626525206
2010-07-04,57.059931626525206
2010-07-05,57.059931626525206
2010-07-06,57.571862659890115
2010-07-07,59.403536312791616
2010-07-08,59.5470190077794
2010-07-09,60.11382170535159
2010-07-10,60.11382170535159
2010-07-11,60.11382170535159
2010-07-12,60.45539960482232
2010-07-13,60.77568035022234
2010-07-14,61.34789659149895
2010-07-15,61.40342579138344
2010-07-16,59.63801892972594
2010-07-17,59.63801892972594
2010-07-18,59.63801892972594
2010-07-19,59.92784561415703
2010-07-20,60.85683438745788
2010-07-21,60.47013192397533
2010-07-22,62.13764270019749
2010-07-23,62.030178184591804
2010-07-24,62.030178184591804
2010-07-25,62.030178184591804
2010-07-26,62.18272198497358
2010-07-27,62.42755559079528
2010-07-28,61.84652646642101
2010-07-29,61.385926644637344
2010-07-30,61.21312256876913
2010-07-31,61.21312256876913
2010-08-01,61.21312256876913
2010-08-02,62.42354727995723
2010-08-03,62.19630535126115
2010-08-04,62.410971189246155
2010-08-05,62.240609660210836
2010-08-06,62.10248836557885
2010-08-07,62.10248836557885
2010-08-08,62.10248836557885
2010-08-09,62.7199083457384
2010-08-10,62.225224987824646
2010-08-11,60.76544251066695
2010-08-12,59.99531950247798
2010-08-13,59.42092870544416
2010-08-14,59.42092870544416
2010-08-15,59.42092870544416
2010-08-16,59.47082314783367
2010-08-17,60.17571715037634
2010-08-18,60.25267098619354
2010-08-19,59.282846579594036
2010-08-20,59.15539470126807
2010-08-21,59.15539470126807
2010-08-22,59.15539470126807
2010-08-23,58.619123889150195
2010-08-24,57.4871329429024
2010-08-25,58.03509500871077
2010-08-26,57.36118045567966
2010-08-27,57.79040147545829
2010-08-28,57.79040147545829
2010-08-29,57.79040147545829
2010-08-30,57.352936195304764
2010-08-31,57.03351384603144
2010-09-01,58.55312298454927
2010-09-02,58.90566168906137
2010-09-03,60.00458116684558
2010-09-04,60.00458116684558
2010-09-05,60.00458116684558
2010-09-06,60.00458116684558
2010-09-07,59.91701646967609
2010-09-08,60.556642077040905
2010-09-09,60.730405864973264
2010-09-10,60.74025896565187
2010-09-11,60.74025896565187
2010-09-12,60.74025896565187
2010-09-13,61.794564918887176
2010-09-14,62.03921201119234
2010-09-15,62.502383857978074
2010-09-16,63.10565377075703
2010-09-17,63.542743227782836
2010-09-18,63.542743227782836
2010-09-19,63.542743227782836
2010-09-20,64.63491265843295
2010-09-21,64.71946876311296
2010-09-22,64.9481650654136
2010-09-23,64.9460576167949
2010-09-24,66.06556502427247
2010-09-25,66.06556502427247
2010-09-26,66.06556502427247
2010-09-27,65.82225155023372
2010-09-28,65.40946603108063
2010-09-29,65.30196400790544
2010-09-30,65.00538770039806
2010-10-01,64.79763927615286
2010-10-02,64.79763927615286
2010-10-03,64.79763927615286
2010-10-04,64.10058017004405
2010-10-05,65.65211818588801
2010-10-06,65.67897511547105
2010-10-07,65.73668235069889
2010-10-08,66.33013387628506
2010-10-09,66.33013387628506
2010-10-10,66.33013387628506
2010-10-11,66.27246821747632
2010-10-12,66.91904785599229
2010-10-13,67.45607493865089
2010-10-14,67.47952679570588
2010-10-15,69.79134198243351
2010-10-16,69.79134198243351
2010-10-17,69.79134198243351
2010-10-18,70.24222074596719
2010-10-19,68.92092404641748
2010-10-20,69.24456366454206
2010-10-21,69.36831649795062
2010-10-22,69.4061470380465
2010-10-23,69.4061470380465
2010-10-24,69.4061470380465
2010-10-25,69.59561823419564
2010-10-26,69.65265446733363
2010-10-27,69.63417006962447
2010-10-28,69.68414562344284
2010-10-29,69.29807862775019
2010-10-30,69.29807862775019
2010-10-31,69.29807862775019
2010-11-01,69.65557407384297
2010-11-02,70.31431760475553
2010-11-03,70.78452941949824
2010-11-04,71.9254362135404
2010-11-05,71.77915237400768
2010-11-06,71.77915237400768
2010-11-07,71.77915237400768
2010-11-08,71.84525900321516
2010-11-09,71.53015513445958
2010-11-10,71.69167734353209
2010-11-11,70.75607024592199
2010-11-12,69.4386136911674
2010-11-13,69.4386136911674
2010-11-14,69.4386136911674
2010-11-15,68.9347891017647
2010-11-16,67.85132703413527
2010-11-17,68.05764506584507
2010-11-18,69.13116696684804
2010-11-19,68.94322266761223
2010-11-20,68.94322266761223
2010-11-21,68.94322266761223
2010-11-22,69.54624527419213
2010-11-23,68.45731724262498
2010-11-24,69.8340832686044
2010-11-25,69.8340832686044
2010-11-26,69.61552775693471
2010-11-27,69.61552775693471
2010-11-28,69.61552775693471
2010-11-29,69.61691829926006
2010-11-30,68.42375533841474
2010-12-01,69.60088753908737
2010-12-02,70.27837410316226
2010-12-03,70.34104302706291
2010-12-04,70.34104302706291
2010-12-05,70.34104302706291
2010-12-06,70.55858574818086
2010-12-07,70.55657916405177
2010-12-08,71.08628852938888
2010-12-09,71.20809827761771
2010-12-10,71.69242837994226
2010-12-11,71.69242837994226
2010-12-12,71.69242837994226
2010-12-13,71.61055146457994
2010-12-14,71.5966414772552
2010-12-15,71.55360620513429
2010-12-16,71.89254302335482
2010-12-17,71.89325791851147
2010-12-18,71.89325791851147
2010-12-19,71.89325791851147
2010-12-20,72.14729495645948
2010-12-21,72.58335326973737
2010-12-22,72.68545071294389
2010-12-23,72.48760659980609
2010-12-24,72.48760659980609
2010-12-25,72.48760659980609
2010-12-26,72.48760659980609
2010-12-27,72.5430586336906
2010-12-28,72.57123546092282
2010-12-29,72.66195316330993
2010-12-30,72.36996069648387
2010-12-31,72.11776662534619
2011-01-01,72.11776662534619
2011-01-02,72.11776662534619
2011-01-03,73.24966088469895
2011-01-04,73.49160624322495
2011-01-05,73.90201217141077
2011-01-06,74.29331431676115
2011-01-07,74.36375820266872
2011-01-08,74.36375820266872
2011-01-09,74.36375820266872
2011-01-10,74.69277418907441
2011-01-11,74.67227830229581
2011-01-12,75.16681752488688
2011-01-13,75.19069070646015
2011-01-14,75.66272814601464
2011-01-15,75.66272814601464
2011-01-16,75.66272814601464
2011-01-17,75.66272814601464
2011-01-18,75.65879456502935
2011-01-19,75.00545924476398
2011-01-20,74.2742023024986
2011-01-21,73.35488355954612
2011-01-22,73.35488355954612
2011-01-23,73.35488355954612
2011-01-24,74.44880922310963
2011-01-25,75.12492718700845
2011-01-26,75.5001309173933
2011-01-27,76.25497337991284
2011-01-28,74.17973065629741
2011-01-29,74.17973065629741
2011-01-30,74.17973065629741
2011-01-31,74.4624704312075
2011-02-01,75.7545573550644
2011-02-02,75.54431748777651
2011-02-03,75.56277650583884
2011-02-04,75.91326741691816
2011-02-05,75.91326741691816
2011-02-06,75.91326741691816
2011-02-07,76.58539133975087
2011-02-08,77.13747459537893
2011-02-09,77.25177112315586
2011-02-10,76.60851824323511
2011-02-11,76.98245519452578
2011-02-12,76.98245519452578
2011-02-13,76.98245519452578
2011-02-14,77.34296874735477
2011-02-15,77.19147028396532
2011-02-16,77.52184223105537
2011-02-17,77.36757346416807
2011-02-18,76.99190393343835
2011-02-19,76.99190393343835
2011-02-20,76.99190393343835
2011-02-21,76.99190393343835
2011-02-22,74.88819902107332
2011-02-23,74.62433920862617
2011-02-24,74.8202708786534
2011-02-25,75.73343545932903
2011-02-26,75.73343545932903
2011-02-27,75.73343545932903
2011-02-28,76.10339210429947
2011-03-01,74.86539589336934
2011-03-02,75.10331729833388
2011-03-03,76.4296860078731
2011-03-04,76.01195587256859
2011-03-05,76.01195587256859
2011-03-06,76.01195587256859
2011-03-07,75.07326374299751
2011-03-08,75.20783475195502
2011-03-09,74.70173405949168
2011-03-10,73.70316602634323
2011-03-11,74.02652592510967
2011-03-12,74.02652592510967
2011-03-13,74.02652592510967
2011-03-14,73.85953287165013
2011-03-15,72.69484344837832
2011-03-16,70.3068937119443
2011-03-17,71.04772179736877
2011-03-18,70.70976090803396
2011-03-19,70.70976090803396
2011-03-20,70.70976090803396
2011-03-21,72.35721648867258
2011-03-22,72.1785094044251
2011-03-23,72.55481562394945
2011-03-24,73.76870701362776
2011-03-25,73.96067063169508
2011-03-26,73.96067063169508
2011-03-27,73.96067063169508
2011-03-28,73.55708962191473
2011-03-29,74.29790394903142
2011-03-30,74.3675805403962
2011-03-31,74.46048102945765
2011-04-01,74.25672005081736
2011-04-02,74.25672005081736
2011-04-03,74.25672005081736
2011-04-04,73.71374019079502
2011-04-05,73.36735147829022
2011-04-06,73.72149527641737
2011-04-07,73.77912643803697
2011-04-08,73.44214327004171
2011-04-09,73.44214327004171
2011-04-10,73.44214327004171
2011-04-11,72.94555788212217
2011-04-12,72.49884226272488
2011-04-13,73.02408363511823
2011-04-14,72.68606237600223
2011-04-15,71.82546912016738
2011-04-16,71.82546912016738
2011-04-17,71.82546912016738
2011-04-18,71.7700077888331
2011-04-19,72.19687791956335
2011-04-20,73.73327067407423
2011-04-21,74.50144773115522
2011-04-22,74.50144773115522
2011-04-23,74.50144773115522
2011-04-24,74.50144773115522
2011-04-25,74.8324212975914
2011-04-26,75.08906579848791
2011-04-27,75.77117115016233
2011-04-28,75.4997589721805
2011-04-29,75.69498521830818
2011-04-30,75.69498521830818
2011-05-01,75.69498521830818
2011-05-02,75.59812017672357
2011-05-03,75.42157240908004
2011-05-04,75.5969993125398
2011-05-05,75.14238878606442
2011-05-06,75.23636805592653
2011-05-07,75.23636805592653
2011-05-08,75.23636805592653
2011-05-09,75.37239211420703
2011-05-10,75.82968792423124
2011-05-11,75.44854915642
2011-05-12,75.7166071423597
2011-05-13,74.78628918721105
2011-05-14,74.78628918721105
2011-05-15,74.78628918721105
2011-05-16,73.36284242234416
2011-05-17,73.73113641550509
2011-05-18,74.3094582160473
2011-05-19,74.7129130705406
2011-05-20,73.96853356546376
2011-05-21,73.96853356546376
2011-05-22,73.96853356546376
2011-05-23,73.15227141827337
2011-05-24,72.8117928848924
2011-05-25,73.29482300234959
2011-05-26,73.45923905584019
2011-05-27,73.81515677675475
2011-05-28,73.81515677675475
2011-05-29,73.81515677675475
2011-05-30,73.81515677675475
2011-05-31,75.3313482853598
2011-06-01,74.07131732305737
2011-06-02,74.21987598173924
2011-06-03,73.33885639233912
2011-06-04,73.33885639233912
2011-06-05,73.33885639233912
2011-06-06,72.79794502393963
2011-06-07,72.24766136704821
2011-06-08,72.0012906441286
2011-06-09,71.91418354637412
2011-06-10,70.78337190571551
2011-06-11,70.78337190571551
2011-06-12,70.78337190571551
2011-06-13,70.87345308846676
2011-06-14,71.92372945650868
2011-06-15,70.59829425010102
2011-06-16,70.18285377207457
2011-06-17,69.68569989779404
2011-06-18,69.68569989779404
2011-06-19,69.68569989779404
2011-06-20,69.7024013763007
2011-06-21,71.16358067189742
2011-06-22,70.52187086991411
2011-06-23,71.17593449013152
2011-06-24,69.8387140527226
2011-06-25,69.8387140527226
2011-06-26,69.8387140527226
2011-06-27,71.25740774732513
2011-06-28,72.32606534589408
2011-06-29,72.31552302468454
2011-06-30,73.3522572939513
2011-07-01,74.4646910096399
2011-07-02,74.4646910096399
2011-07-03,74.4646910096399
2011-07-04,74.4646910096399
2011-07-05,75.01138600800844
2011-07-06,75.42103933757676
2011-07-07,76.69305378059939
2011-07-08,76.58022832734011
2011-07-09,76.58022832734011
2011-07-10,76.58022832734011
2011-07-11,75.36928189006218
2011-07-12,74.95156526986972
2011-07-13,75.29434285299838
2011-07-14,74.53973657676374
2011-07-15,76.10862964624917
2011-07-16,76.10862964624917
2011-07-17,76.10862964624917
2011-07-18,76.11163345292711
2011-07-19,77.88328782814754
2011-07-20,77.82520188021334
2011-07-21,78.24197633605559
2011-07-22,79.18005866923912
2011-07-23,79.18005866923912
2011-07-24,79.18005866923912
2011-07-25,79.2913470324111
2011-07-26,79.60248743287826
2011-07-27,77.67609489070914
2011-07-28,77.95382972721936
2011-07-29,77.54520950491612
2011-07-30,77.54520950491612
2011-07-31,77.54520950491612
2011-08-01,77.44078417604732
2011-08-02,75.70440049688598
2011-08-03,76.37872896950407
2011-08-04,73.30355202382381
2011-08-05,72.92866431697962
2011-08-06,72.92866431697962
2011-08-07,72.92866431697962
2011-08-08,68.8247575243007
2011-08-09,71.96645451983544
2011-08-10,69.08899585383116
2011-08-11,72.04502594455093
2011-08-12,72.29520542907345
2011-08-13,72.29520542907345
2011-08-14,72.29520542907345
2011-08-15,73.1428183881091
2011-08-16,72.5554421819136
2011-08-17,72.31014301359845
2011-08-18,68.96902372690931
2011-08-19,67.5023730588317
2011-08-20,67.5023730588317
2011-08-21,67.5023730588317
2011-08-22,67.65277788835012
2011-08-23,70.34327928556391
2011-08-24,70.90270173512012
2011-08-25,69.8830125937269
2011-08-26,71.63115205154328
2011-08-27,71.63115205154328
2011-08-28,71.63115205154328
2011-08-29,73.55101250207369
2011-08-30,73.86340747663067
2011-08-31,73.98888377479932
2011-09-01,73.33801984405943
2011-09-02,71.87573968365754
2011-09-03,71.87573968365754
2011-09-04,71.87573968365754
2011-09-05,71.87573968365754
2011-09-06,71.88038033478698
2011-09-07,73.61701306819695
2011-09-08,73.46312193560931
2011-09-09,71.96022120681207
2011-09-10,71.96022120681207
2011-09-11,71.96022120681207
2011-09-12,72.96308858349369
2011-09-13,74.08235045702591
2011-09-14,74.97794979028568
2011-09-15,76.29413224874786
2011-09-16,77.36890198889503
2011-09-17,77.36890198889503
2011-09-18,77.36890198889503
2011-09-19,77.85663337468515
2011-09-20,77.50086445597788
2011-09-21,76.57712162835023
2011-09-22,74.24518989576436
2011-09-23,74.92297944753912
2011-09-24,74.92297944753912
2011-09-25,74.92297944753912
2011-09-26,75.75845855095284
2011-09-27,76.07497767773867
2011-09-28,75.4300149011836
2011-09-29,74.74839946331119
2011-09-30,72.79046338306584
2011-10-01,72.79046338306584
2011-10-02,72.79046338306584
2011-10-03,71.16615711193501
2011-10-04,72.34614725316635
2011-10-05,73.96679244737561
2011-10-06,74.82319732342967
2011-10-07,74.40669821264791
2011-10-10,77.1327579817914
2011-10-11,77.8683229994903
2011-10-12,78.31021656703562
2011-10-13,79.13620845659523
2011-10-14,81.10329464495325
2011-10-17,80.0282444604749
2011-10-18,80.94470653620989
2011-10-19,79.01311759472698
2011-10-20,78.67760271779701
2011-10-21,79.23801132534915
2011-10-24,80.70191204156623
2011-10-25,79.25570482416698
2011-10-26,78.67018489360825
2011-10-27,80.52089355829487
2011-10-28,80.54117887286465
2011-10-31,79.57336989471554
2011-11-01,77.55697998209469
2011-11-02,78.1770459451045
2011-11-03,79.90509548654083
2011-11-04,79.1675594816489
2011-11-07,80.02052996034973
2011-11-08,81.04445451812737
2011-11-09,78.33950690640145
2011-11-10,78.24560885594525
2011-11-11,79.56784364500899
2011-11-14,79.1987620730745
2011-11-15,80.26358283432322
2011-11-16,78.86105570197086
2011-11-17,77.20861636777678
2011-11-18,76.54010942230951
2011-11-21,75.03141597378914
2011-11-22,75.27416429952628
2011-11-23,73.56183895299509
2011-11-25,72.96342507204115
2011-11-28,75.56590061270762
2011-11-29,75.01394059919558
2011-11-30,77.65208442207265
2011-12-01,78.19260796584916
2011-12-02,78.15759481884297
2011-12-05,78.97160946988862
2011-12-06,78.80342563827955
2011-12-07,78.85499089574937
2011-12-08,77.91980148417622
2011-12-09,79.00158455661567
2011-12-12,78.17961965127115
2011-12-13,77.54519347354282
2011-12-14,76.3430946744606
2011-12-15,76.12198090531137
2011-12-16,76.61838240759391
2011-12-19,75.96651142317361
2011-12-20,78.04249380168285
2011-12-21,76.39044494177247
2011-12-22,76.80085571960501
2011-12-23,77.69928779362522
2011-12-27,77.9868808039242
2011-12-28,77.2729875025523
2011-12-29,77.85193799537865
2011-12-30,77.64316471863316
2012-01-03,79.27953927743332
2012-01-04,80.24142791127963
2012-01-05,80.82147886221937
2012-01-06,81.23415056034258
2012-01-09,80.66990801570229
2012-01-10,80.80684340357554
2012-01-11,80.88296222369293
2012-01-12,81.14825010413927
2012-01-13,80.91204709330871
2012-01-17,81.47022610442578
2012-01-18,82.27146446292012
2012-01-19,82.49903130724684
2012-01-20,82.37559034038117
2012-01-23,82.81154665467523
2012-01-24,82.1580710648335
2012-01-25,83.78455058664838
2012-01-26,83.46094863193602
2012-01-27,83.6195895583701
2012-01-30,84.23877746674103
2012-01-31,84.2387002000209
2012-02-01,84.78529264700458
2012-02-02,84.7802756979645
2012-02-03,85.83052135302236
2012-02-06,86.30254977695208
2012-02-07,86.61988954058242
2012-02-08,87.4511215478858
2012-02-09,88.50458739088128
2012-02-10,88.02928298688201
2012-02-13,88.8059917257187
2012-02-14,89.10741092786161
2012-02-15,87.92609592912393
2012-02-16,89.50890502571337
2012-02-17,89.62742552811208
2012-02-21,90.65946789689782
2012-02-22,90.01698051372249
2012-02-23,90.36834637179348
2012-02-24,91.02498471394364
2012-02-27,91.23979131612535
2012-02-28,92.51681805895707
2012-02-29,92.58679391535135
2012-03-01,93.31275025353344
2012-03-02,93.23670326222398
2012-03-05,92.06837474280447
2012-03-06,91.4488510220215
2012-03-07,91.8567251774954
2012-03-08,92.71807852145726
2012-03-09,92.94210694631278
2012-03-12,93.33324016089978
2012-03-13,95.45108975680337
2012-03-14,96.74524467930284
2012-03-15,96.69675526370463
2012-03-16,96.54520008898754
2012-03-19,97.52502418283584
2012-03-20,97.79257552820623
2012-03-21,97.37750638990875
2012-03-22,97.10318070046509
2012-03-23,96.86729552051682
2012-03-26,98.58287380027588
2012-03-27,98.98007443977141
2012-03-28,98.91932153401972
2012-03-29,98.38909604888228
2012-03-30,97.70186004373019
2012-04-02,99.19080782671031
2012-04-03,99.30907989948243
2012-04-04,98.16597562580972
2012-04-05,99.02304231858119
2012-04-09,98.47540432829186
2012-04-10,97.14664840684733
2012-04-11,97.1962417144257
2012-04-12,98.42104143016418
2012-04-13,96.39189816719463
2012-04-16,94.88633277572238
2012-04-17,97.25376723729539
2012-04-18,96.65182989651413
2012-04-19,94.51516772771353
2012-04-20,94.39967930851617
2012-04-23,93.86636784005788
2012-04-24,93.22629875586385
2012-04-25,96.88676858711781
2012-04-26,97.0948531831683
2012-04-27,96.91779933931102
2012-04-30,95.67370442218555
2012-05-01,95.8054042511863
2012-05-02,96.17580354108497
2012-05-03,95.60842238568824
2012-05-04,93.05808887901931
2012-05-07,93.0653734723287
2012-05-08,92.9533047232791
2012-05-09,92.88329078480395
2012-05-10,92.82594859913307
2012-05-11,92.76017007287905
2012-05-14,91.64964364037453
2012-05-15,91.31408233087282
2012-05-16,90.4781594552417
2012-05-17,88.7757954427849
2012-05-18,87.62155403774902
2012-05-21,90.40602539455169
2012-05-22,89.98965083573398
2012-05-23,90.46216614018161
2012-05-24,89.75809274197462
2012-05-25,89.40543263314039
2012-05-29,90.74207696091646
2012-05-30,90.69595519849315
2012-05-31,90.36692117637006
2012-06-01,88.01702491522754
2012-06-04,88.55057874199235
2012-06-05,88.82867260923004
2012-06-06,90.78905047789779
2012-06-07,90.43356556337946
2012-06-08,91.49913229490963
2012-06-11,89.84437329797858
2012-06-12,90.8216828324737
2012-06-13,90.36270089959979
2012-06-14,90.2576395650996
2012-06-15,91.3649787547979
2012-06-18,91.84300858578406
2012-06-19,93.1003478226977
2012-06-20,93.32674975187646
2012-06-21,91.24699073401672
2012-06-22,92.21365760886601
2012-06-25,90.06181297323431
2012-06-26,90.42228671199172
2012-06-27,91.09282210592056
2012-06-28,90.28897113737582
2012-06-29,92.9606488695895
2012-07-02,93.46129437552476
2012-07-03,94.3373658655607
2012-07-05,94.82366617311371
2012-07-06,93.58237749699735
2012-07-09,93.87318387460658
2012-07-10,93.02681486348669
2012-07-11,92.23649111754838
2012-07-12,90.98590886649016
2012-07-13,92.59354458104755
2012-07-16,92.54806806625004
2012-07-17,92.99374656543743
2012-07-18,94.3108383267801
2012-07-19,95.54767432476181
2012-07-20,94.40327900333189
2012-07-23,93.59585735190656
2012-07-24,92.90069906758441
2012-07-25,91.37993103162047
2012-07-26,92.2493273479148
2012-07-27,94.27970435718231
2012-07-30,94.47738870305729
2012-07-31,95.13860407718607
2012-08-01,94.99835795252937
2012-08-02,94.59015715808889
2012-08-03,96.3451562477767
2012-08-06,97.00067791543886
2012-08-07,97.5002953650729
2012-08-08,97.46103542240844
2012-08-09,97.96220621979765
2012-08-10,98.11484213812824
2012-08-13,98.73870613469532
2012-08-14,98.9005055883955
2012-08-15,98.87684206656614
2012-08-16,99.99234750027281
2012-08-17,100.84155809308453
2012-08-20,101.46387593752522
2012-08-21,100.64174245780815
2012-08-22,101.13892465004544
2012-08-23,100.24358947798606
2012-08-24,100.63934677946665
2012-08-27,101.14447351597696
2012-08-28,101.14310328667767
2012-08-29,101.12964404292205
2012-08-30,99.84957453469225
2012-08-31,100.78040730528312
2012-09-04,100.64478501983348
2012-09-05,100.56085274337053
2012-09-06,102.67464005207827
2012-09-07,102.25925794126846
2012-09-10,100.4402730239335
2012-09-11,100.31915639217615
2012-09-12,100.7811014670261
2012-09-13,102.29279908967422
2012-09-14,103.25962513378676
2012-09-17,103.74622408901499
2012-09-18,104.03588078072377
2012-09-19,103.95435743075888
2012-09-20,103.78467223279071
2012-09-21,103.83797804430293
2012-09-24,103.03496395786013
2012-09-25,101.27353084493005
2012-09-26,100.54403532751138
2012-09-27,101.97269785789102
2012-09-28,100.70093597763713
2012-10-01,100.31567612541377
2012-10-02,100.43754918317435
2012-10-03,101.20578530615961
2012-10-04,101.27265256253513
2012-10-05,100.2842775043284
2012-10-08,98.95796837475828
2012-10-09,97.62022163421423
2012-10-10,97.54873877387894
2012-10-11,96.9501980322247
2012-10-12,97.0469753950666
2012-10-15,97.71303202319069
2012-10-16,99.18177204149015
2012-10-17,98.81376900816943
2012-10-18,96.62588120341518
2012-10-19,94.00142129014591
2012-10-22,94.96034929198161
2012-10-23,93.86939122966514
2012-10-24,93.74418658990426
2012-10-25,93.52704591709882
2012-10-26,93.7807770203649
2012-10-31,93.5060135028765
2012-11-01,94.94606137889957
2012-11-02,93.6637909784599
2012-11-05,94.22749784893506
2012-11-06,94.36030741060658
2012-11-07,91.39360654917255
2012-11-08,90.00891853574868
2012-11-09,90.8265934527272
2012-11-12,90.22265608562091
2012-11-13,89.23233784825544
2012-11-14,88.25285708893719
2012-11-15,87.54126828646787
2012-11-16,87.72607523291484
2012-11-19,90.40733776320774
2012-11-20,89.90800657474654
2012-11-21,90.04382436855984
2012-11-23,91.59672162231385
2012-11-26,92.18573989746002
2012-11-27,92.0141650403184
2012-11-28,92.72627814620793
2012-11-29,92.84159601072744
2012-11-30,92.72663412549583
2012-12-03,92.58452334657497
2012-12-04,92.12858973394239
2012-12-05,90.17946050542656
2012-12-06,90.94873475341103
2012-12-07,89.7964936985687
2012-12-10,90.00385928865626
2012-12-11,91.50454344561325
2012-12-12,91.14234164018742
2012-12-13,90.33199920878643
2012-12-14,88.7203899065041
2012-12-17,90.23616796720819
2012-12-18,91.95230913266245
2012-12-19,91.69578252986778
2012-12-20,91.67628508780814
2012-12-21,90.92852881920521
2012-12-24,90.52510989844434
2012-12-26,89.67222756939749
2012-12-27,89.58817329428102
2012-12-28,88.58746632338918
2012-12-31,90.64246360709859
2013-01-02,93.61957373262032
2013-01-03,92.92170139859645
2013-01-04,91.98758136916709
2013-01-07,91.9233388332315
2013-01-08,91.84621896567458
2013-01-09,91.619309036985
2013-01-10,92.08697913055002
2013-01-11,92.15543011374464
2013-01-14,91.04314144126226
2013-01-15,90.20061967788598
2013-01-16,91.20998479771305
2013-01-17,91.08552540621625
2013-01-18,90.96837972643505
2013-01-22,91.0390186022042
2013-01-23,92.33786083602186
2013-01-24,88.73804089488853
2013-01-25,88.56621795924966
2013-01-28,88.97939459596833
2013-01-29,89.15248217815203
2013-01-30,89.14082420677161
2013-01-31,88.9669141772661
2013-02-01,89.79611601167917
2013-02-04,87.93267934473411
2013-02-05,89.60851601989768
2013-02-06,89.3777739996104
2013-02-07,89.97346156101406
2013-02-08,90.96576061541808
2013-02-11,91.35454141410666
2013-02-12,90.40312632260566
2013-02-13,90.73391031668629
2013-02-14,90.7195485117328
2013-02-15,90.21361098264083
2013-02-19,91.0711528261556
2013-02-20,89.63678647526461
2013-02-21,88.89936176414645
2013-02-22,89.61430750731125
2013-02-25,88.33814169398664
2013-02-26,88.7621985706698
2013-02-27,89.22396295524607
2013-02-28,88.9186635905902
2013-03-01,88.58944617465065
2013-03-04,88.6108515539047
2013-03-05,90.22221657342948
2013-03-06,89.72728786061134
2013-03-07,90.16226674529617
2013-03-08,90.07570327633726
2013-03-11,90.4532480133547
2013-03-12,89.6582033171687
2013-03-13,89.62306439958336
2013-03-14,89.89570654957726
2013-03-15,90.29475229692918
2013-03-18,90.67738449119105
2013-03-19,90.51680815368543
2013-03-20,90.72037353735033
2013-03-21,89.03608763703352
2013-03-22,89.71479481683585
2013-03-25,89.48021070196307
2013-03-26,89.70248206186778
2013-03-27,89.37480832993441
2013-03-28,88.99572584785086
2013-04-01,88.02933113405498
2013-04-02,88.70764485553462
2013-04-03,88.32189279394865
2013-04-04,87.87112098547993
2013-04-05,87.00785439965757
2013-04-08,87.26227541281497
2013-04-09,88.34611640882503
2013-04-10,90.10631090677575
2013-04-11,89.45827382005105
2013-04-12,89.04064261616017
2013-04-15,87.5750010359269
2013-04-16,88.72002467010999
2013-04-17,86.22657467256263
2013-04-18,84.82952977816035
2013-04-19,85.94675695962636
2013-04-22,87.28667035602525
2013-04-23,88.08519840283947
2013-04-24,88.67401117867031
2013-04-25,88.66718151360115
2013-04-26,88.34455510503525
2013-04-29,89.81284782870203
2013-04-30,91.21605990778998
2013-05-01,90.52760175604274
2013-05-02,91.83059186693242
2013-05-03,92.75345162657112
2013-05-06,93.79572701527778
2013-05-07,93.19757783913644
2013-05-08,93.84617190422472
2013-05-09,93.53983093905097
2013-05-10,93.82944536267581
2013-05-13,94.10696731056417
2013-05-14,94.13602112891704
2013-05-15,93.93384019363246
2013-05-16,95.2088148915023
2013-05-17,96.26299539239929
2013-05-20,96.69479423663468
2013-05-21,96.42406205572014
2013-05-22,95.31737104398344
2013-05-23,94.91418400760031
2013-05-24,94.99040874300104
2013-05-28,95.7316941068168
2013-05-29,95.64147816366246
2013-05-30,96.28766322832453
2013-05-31,95.83659257371667
2013-06-03,96.4437636398579
2013-06-04,95.82051876067658
2013-06-05,95.41135317861182
2013-06-06,94.94223394130728
2013-06-07,96.05331310784027
2013-06-10,96.10320925798442
2013-06-11,95.05778784850872
2013-06-12,94.44001519634881
2013-06-13,95.24742891013224
2013-06-14,94.29638665762234
2013-06-17,95.46769540616198
2013-06-18,95.91493181557536
2013-06-19,94.83505178177361
2013-06-20,93.00300064329107
2013-06-21,91.4925645966348
2013-06-24,90.48572161646803
2013-06-25,90.57542952165298
2013-06-26,91.1006673002594
2013-06-27,91.21505648611571
2013-06-28,91.38064939467763
2013-07-01,92.1537026422263
2013-07-02,92.40891875681478
2013-07-03,92.95137984402837
2013-07-05,93.19490012934682
2013-07-08,93.52761667947505
2013-07-09,94.0789195832889
2013-07-10,94.36122584083543
2013-07-11,96.2203622689151
2013-07-12,96.35741807310511
2013-07-15,96.84240935217404
2013-07-16,96.98424234503577
2013-07-17,96.81451456536826
2013-07-18,96.28047685592912
2013-07-19,93.15413105862572
2013-07-22,93.90341175722048
2013-07-23,93.03378672688335
2013-07-24,94.36418621686906
2013-07-25,93.94953610077803
2013-07-26,94.62708562323243
2013-07-29,94.64700927818143
2013-07-30,95.4317482194022
2013-07-31,95.24944036800639
2013-08-01,96.06725257123048
2013-08-02,96.88887753211685
2013-08-05,97.0496650885314
2013-08-06,96.40479200158097
2013-08-07,96.39348205829349
2013-08-08,97.09635402554129
2013-08-09,96.46135712669036
2013-08-12,97.41464794267041
2013-08-13,98.46585322305438
2013-08-14,98.7892763280014
2013-08-15,97.28556281944132
2013-08-16,97.38033195346598
2013-08-19,97.57513976349283
2013-08-20,97.41609120026914
2013-08-21,97.38035736765876
2013-08-22,98.24574231379914
2013-08-23,99.6295438095674
2013-08-26,99.08129540835992
2013-08-27,96.85023285047203
2013-08-28,96.85846113749733
2013-08-29,97.5169972030499
2013-08-30,96.8009060293166
2013-09-03,96.5190318182467
2013-09-04,97.22813040269612
2013-09-05,97.27175493160917
2013-09-06,97.41041892387878
2013-09-09,98.84527377235274
2013-09-10,98.91656567314811
2013-09-11,97.5934627391081
2013-09-12,97.80159350329694
2013-09-13,97.45333381107669
2013-09-16,96.31825651461224
2013-09-17,97.10368237316355
2013-09-18,98.75782419422632
2013-09-19,99.20882379981795
2013-09-20,98.49808976946684
2013-09-23,99.16752865518454
2013-09-24,98.87274485737404
2013-09-25,98.30610763261852
2013-09-26,98.73636463818876
2013-09-27,98.3444054419276
2013-09-30,97.85969361100653
2013-10-01,99.3050810429223
2013-10-02,99.6802962379026
2013-10-03,98.6078142782394
2013-10-04,98.78151067937523
2013-10-07,98.15076382589504
2013-10-08,96.84470501019416
2013-10-09,96.99852956925653
2013-10-10,98.44868230339894
2013-10-11,99.34923664827465
2013-10-14,99.8854829992433
2013-10-15,100.05005955700236
2013-10-16,100.77976670700914
2013-10-17,100.89242311474126
2013-10-18,104.31524359155236
2013-10-21,104.95292138271836
2013-10-22,104.79003757225712
2013-10-23,104.53387195702167
2013-10-24,105.06829184758797
2013-10-25,106.9410097145151
2013-10-28,106.99461580188222
2013-10-29,106.82294404559623
2013-10-30,107.1985137719675
2013-10-31,107.05778514920706
2013-11-01,106.7873021866379
2013-11-04,107.4287640479684
2013-11-05,107.82871637631939
2013-11-06,108.7944495645493
2013-11-07,106.70225577795125
2013-11-08,108.01284041559849
2013-11-11,107.8155325161153
2013-11-12,107.85980413222318
2013-11-13,109.30610457437352
2013-11-14,109.11645998739581
2013-11-15,109.01898546143579
2013-11-18,107.92096419102342
2013-11-19,107.77008854607409
2013-11-20,107.33198778647385
2013-11-21,108.56612673973862
2013-11-22,108.79809764841514
2013-11-25,109.35380178904829
2013-11-26,110.34990784022625
2013-11-27,111.67668198835138
2013-11-29,112.8242762454163
2013-12-02,112.44784279970423
2013-12-03,113.20605432940624
2013-12-04,113.59807958828056
2013-12-05,113.02219626644307
2013-12-06,113.25563498606114
2013-12-09,113.91284982386819
2013-12-10,113.70700241609191
2013-12-11,112.60321851508273
2013-12-12,111.93303431695637
2013-12-13,110.97039617062799
2013-12-16,111.91650881605047
2013-12-17,111.5601696120798
2013-12-18,111.91692178704957
2013-12-19,111.22798340624001
2013-12-20,112.44609848307374
2013-12-23,114.284558033026
2013-12-24,114.31837272807988
2013-12-26,114.73516619270437
2013-12-27,114.27270574709179
2013-12-30,113.85111115446193
2013-12-31,114.81762748332284
2014-01-02,113.83777967455998
2014-01-03,112.67174622371502
2014-01-06,112.34408129403496
2014-01-07,112.92998739639758
2014-01-08,112.99400914191186
2014-01-09,112.2522345090477
2014-01-10,112.38295825927821
2014-01-13,111.40184899620994
2014-01-14,113.69065623660528
2014-01-15,115.10739886674297
2014-01-16,115.36895474380388
2014-01-17,114.14080677949443
2014-01-21,115.29995066522623
2014-01-22,115.2716904073545
2014-01-23,115.24299793699502
2014-01-24,113.49626602199486
2014-01-27,112.54062097665818
2014-01-28,110.7543028245358
2014-01-29,109.77093397347308
2014-01-30,111.39432347672164
2014-01-31,111.40046281470478
2014-02-03,108.95078116317048
2014-02-04,109.70366725170466
2014-02-05,109.33157841567854
2014-02-06,110.48494101265445
2014-02-07,112.07764490241055
2014-02-10,112.99084114933672
2014-02-11,114.11913384236432
2014-02-12,114.03086731392786
2014-02-13,114.96759706471403
2014-02-14,114.9728171872664
2014-02-18,115.29302432168546
2014-02-19,114.29025653131924
2014-02-20,114.27206494130827
2014-02-21,113.73806820870197
2014-02-24,114.15479313003934
2014-02-25,113.95689294625576
2014-02-26,113.78145293966493
2014-02-27,114.56733740462363
2014-02-28,114.60607659893131
2014-03-03,113.68055973891408
2014-03-04,115.09213085685582
2014-03-05,115.33839338386692
2014-03-06,115.0567525518116
2014-03-07,114.73402281013443
2014-03-10,114.76291142690079
2014-03-11,114.77883964516484
2014-03-12,115.22194723654786
2014-03-13,113.90095955093052
2014-03-14,112.76642554427521
2014-03-17,113.85614377155851
2014-03-18,115.7260668349941
2014-03-19,115.07111788435986
2014-03-20,115.57209188723805
2014-03-21,114.758658594878
2014-03-24,114.53147873096901
2014-03-25,115.47883047193618
2014-03-26,114.06954107128244
2014-03-27,113.16318751403296
2014-03-28,113.64537587453285
2014-03-31,114.19885932803129
2014-04-01,116.02278191087923
2014-04-02,115.96297146947775
2014-04-03,115.60364019657612
2014-04-04,112.87100234471697
2014-04-07,112.12907851490193
2014-04-08,112.9014411426187
2014-04-09,114.35612561348123
2014-04-10,111.12537322800758
2014-04-11,110.26706722981744
2014-04-14,111.03624748544775
2014-04-15,111.50954706658285
2014-04-16,112.99908483586401
2014-04-17,112.98262612636809
2014-04-21,113.50203906100535
2014-04-22,113.75960993100263
2014-04-23,112.88676071092853
2014-04-24,115.63180470221769
2014-04-25,114.21704451630504
2014-04-28,115.99130822769168
2014-04-29,116.44291604421235
2014-04-30,116.65815008194207
2014-05-01,116.72936673467709
2014-05-02,116.36349302877991
2014-05-05,117.07964192249926
2014-05-06,115.46154819121077
2014-05-07,115.41292585469066
2014-05-08,115.40551748007395
2014-05-09,115.6164647176775
2014-05-12,117.14856262471889
2014-05-13,117.72486523764155
2014-05-14,117.24396271185506
2014-05-15,116.51006775086503
2014-05-16,117.31052194991241
2014-05-19,118.10816775757445
2014-05-20,118.08260944304865
2014-05-21,119.15106733096853
2014-05-22,119.26062483947888
2014-05-23,120.05828883501891
2014-05-27,121.47699172249693
2014-05-28,121.18192491437503
2014-05-29,122.1545947292146
2014-05-30,122.35100716302881
2014-06-02,121.84558121455885
2014-06-03,122.01817505806007
2014-06-04,122.3721249679844
2014-06-05,123.88668353367154
2014-06-06,124.46198816553547
2014-06-09,124.53615068941187
2014-06-10,124.95599120944215
2014-06-11,124.74482774968357
2014-06-12,123.27631811192224
2014-06-13,123.8909427784168
2014-06-16,124.24778739440112
2014-06-17,124.12690503815546
2014-06-18,124.71555969636269
2014-06-19,124.45726102833045
2014-06-20,124.32750337973457
2014-06-23,124.66285089349472
2014-06-24,124.15098358368817
2014-06-25,125.18437743195298
2014-06-26,125.15677139982927
2014-06-27,126.03125022164826
2014-06-30,126.11073558798857
2014-07-01,127.33656352761473
2014-07-02,127.6020065914818
2014-07-03,128.2670719760818
2014-07-07,128.7976848776531
2014-07-08,127.52474808502895
2014-07-09,128.18819771636382
2014-07-10,127.93917589865953
2014-07-11,128.97981452045542
2014-07-14,130.17094609678722
2014-07-15,129.9035639342651
2014-07-16,131.38542697403125
2014-07-17,129.7182938159206
2014-07-18,132.0566741889258
2014-07-21,131.8279724472656
2014-07-22,132.88162601467542
2014-07-23,133.75949025417214
2014-07-24,132.7639923319916
2014-07-25,131.81627313842847
2014-07-28,132.10704879951763
2014-07-29,131.61226042631358
2014-07-30,131.6817939393412
2014-07-31,128.79562471291095
2014-08-01,128.17690899401086
2014-08-04,129.05024119045848
2014-08-05,127.8919664158006
2014-08-06,127.81125486300425
2014-08-07,127.68658958954997
2014-08-08,128.38351751236817
2014-08-11,129.22438732612633
2014-08-12,129.19782486898356
2014-08-13,131.1202597107578
2014-08-14,131.51780640307192
2014-08-15,132.25741124127313
2014-08-18,133.60111385370294
2014-08-19,134.65098636824587
2014-08-20,134.5682162544477
2014-08-21,135.0021737733619
2014-08-22,135.2206492272743
2014-08-25,135.59317072165095
2014-08-26,135.3551990559374
2014-08-27,135.65994145291018
2014-08-28,135.44199821507624
2014-08-29,136.05349666383762
2014-09-02,136.43589131655017
2014-09-03,134.63857392875462
2014-09-04,134.68163640590956
2014-09-05,135.53780671350154
2014-09-08,135.8442058392992
2014-09-09,134.8768111131621
2014-09-10,136.50813191017022
2014-09-11,136.58066440663652
2014-09-12,135.80218060266787
2014-09-15,134.86278401695978
2014-09-16,135.8552823120015
2014-09-17,136.01853139027452
2014-09-18,136.72315569766366
2014-09-19,137.12189348821016
2014-09-22,136.29298965416615
2014-09-23,136.12355334152136
2014-09-24,137.047250232244
2014-09-25,133.63305167955505
2014-09-26,135.40462154353446
2014-09-29,135.24628955794213
2014-09-30,135.44926912917686
2014-10-01,133.58607042419303
2014-10-02,133.61628863097482
2014-10-03,134.59817632276685
2014-10-06,134.4289873529536
2014-10-07,132.5389367762861
2014-10-08,135.4440712739834
2014-10-09,133.53420793251072
2014-10-10,130.3251703774362
2014-10-13,128.61601456612587
2014-10-14,128.4447188253776
2014-10-15,126.82817153191493
2014-10-16,125.66734929403356
2014-10-17,127.00105542414127
2014-10-20,128.70977950375715
2014-10-21,131.84758731909778
2014-10-22,131.60633121079726
2014-10-23,133.55808184532907
2014-10-24,134.00859181102504
2014-10-27,134.14210763691526
2014-10-28,136.04248432678142
2014-10-29,136.13646564510765
2014-10-30,135.85319275970528
2014-10-31,137.75312186559938
2014-11-03,138.3131846946817
2014-11-04,137.9935704899644
2014-11-05,137.28968190931175
2014-11-06,137.12326754224054
2014-11-07,137.0640218894598
2014-11-10,137.42700270177633
2014-11-11,138.22513478289375
2014-11-12,138.61711712062944
2014-11-13,139.81062544273314
2014-11-14,140.73546827186598
2014-11-17,140.0591325630886
2014-11-18,141.09344295027523
2014-11-19,140.21949877215238
2014-11-20,141.57421595343934
2014-11-21,141.39817340947968
2014-11-24,142.48043755328752
2014-11-25,142.28709384733125
2014-11-26,143.10106306547343
2014-11-28,143.57095684538345
2014-12-01,141.62800422897564
2014-12-02,141.90358008668517
2014-12-03,141.80400780760255
2014-12-04,142.21819587477847
2014-12-05,141.39245591056599
2014-12-08,139.66479588057655
2014-12-09,140.73446777792117
2014-12-10,138.39869851016252
2014-12-11,138.71835930143885
2014-12-12,137.08447468639605
2014-12-15,135.81985801803353
2014-12-16,132.9491206708869
2014-12-17,135.4695015324616
2014-12-18,138.91527850381476
2014-12-19,139.0543009803834
2014-12-22,139.3116076460941
2014-12-23,138.95666007765936
2014-12-24,138.80105937799604
2014-12-26,140.15258567721241
2014-12-29,139.9671679911525
2014-12-30,138.6249882287915
2014-12-31,136.7940441473205
2015-01-02,136.61944167499163
2015-01-05,134.34940988257318
2015-01-06,132.8700551267491
2015-01-07,134.45767475821094
2015-01-08,137.5039761054511
2015-01-09,136.96673768650862
2015-01-12,135.21947876911565
2015-01-13,135.23714576240332
2015-01-14,135.07764554761303
2015-01-15,132.76738060291456
2015-01-16,134.09413649328457
2015-01-20,135.47587904874436
2015-01-21,136.2461836291248
2015-01-22,139.56460233376282
2015-01-23,139.892633430592
2015-01-26,139.4209311782557
2015-01-27,133.86671411964136
2015-01-28,134.43753739492695
2015-01-29,137.10627254657436
2015-01-30,136.77313110420994
2015-02-02,138.1580468789959
2015-02-03,138.56760078236928
2015-02-04,137.8936100319598
2015-02-05,139.42695872778006
2015-02-06,138.53924671364712
2015-02-09,138.2839840266802
2015-02-10,140.40761457425776
2015-02-11,141.45998128979863
2015-02-12,143.73633250219314
2015-02-13,144.80964251246664
2015-02-17,144.95470617628945
2015-02-18,145.22131886813477
2015-02-19,145.5537604690209
2015-02-20,146.36357365845362
2015-02-23,147.31400810749813
2015-02-24,147.204062741325
2015-02-25,146.38208122437834
2015-02-26,147.60152295804647
2015-02-27,146.22975933979254
2015-03-02,147.77402588413474
2015-03-03,147.2991649164031
2015-03-04,146.97663419587423
2015-03-05,146.42513987611648
2015-03-06,144.80678732326942
2015-03-09,145.13990966559996
2015-03-10,141.93249086240826
2015-03-11,140.88289938255974
2015-03-12,141.46530608700283
2015-03-13,140.7319713555923
2015-03-16,142.33587635639572
2015-03-17,142.9441086375765
2015-03-18,144.7068929177844
2015-03-19,144.56000358411632
2015-03-20,144.9716101785598
2015-03-23,145.003171624564
2015-03-24,145.2215600395702
2015-03-25,141.676153063569
2015-03-26,141.67400883855714
2015-03-27,141.7505313102029
2015-03-30,143.14161446409202
2015-03-31,141.43868833165135
2015-04-01,140.6796127687348
2015-04-02,140.56048953807107
2015-04-06,142.23633471806085
2015-04-07,141.97805676956347
2015-04-08,142.45177374818184
2015-04-09,143.01349703118333
2015-04-10,143.74492030194796
2015-04-13,143.71454952374165
2015-04-14,143.14768149443069
2015-04-15,144.3540739319277
2015-04-16,144.3058516344597
2015-04-17,141.96719492771618
2015-04-20,145.07370484593756
2015-04-21,145.26663485099635
2015-04-22,146.35994909452432
2015-04-23,146.91914738376812
2015-04-24,151.26685802485298
2015-04-27,151.55334961279038
2015-04-28,151.23511641415814
2015-04-29,150.0139951170932
2015-04-30,147.17841725271114
2015-05-01,149.5081813905204
2015-05-04,149.4404168366002
2015-05-05,146.87843482785382
2015-05-06,145.4987504238694
2015-05-07,146.37104952104667
2015-05-08,148.89981193119561
2015-05-11,148.03160985894988
2015-05-12,147.3241834085502
2015-05-13,147.788757730379
2015-05-14,150.66677721895982
2015-05-15,150.17107813657725
2015-05-18,150.93545220323733
2015-05-19,150.7339748196116
2015-05-20,150.89069475419842
2015-05-21,151.72071457140822
2015-05-22,151.61891412380334
2015-05-26,149.31982471561355
2015-05-27,151.9062055850522
2015-05-28,151.52997782082087
2015-05-29,150.3482482406325
2015-06-01,150.93047374739476
2015-06-02,150.52936015974507
2015-06-03,150.978710575254
2015-06-04,149.8108855643856
2015-06-05,149.0594654982316
2015-06-08,147.69380261187928
2015-06-09,147.53989347174988
2015-06-10,149.88667751994586
2015-06-11,149.94476342779714
2015-06-12,148.55026543876033
2015-06-15,147.7832756937999
2015-06-16,148.63654415046835
2015-06-17,148.8881902388038
2015-06-18,150.91802339414298
2015-06-19,149.7507820330116
2015-06-22,150.8420720888157
2015-06-23,151.2566562495192
2015-06-24,151.10605551682866
2015-06-25,150.46006044113466
2015-06-26,149.3635509906637
2015-06-29,146.0836450225732
2015-06-30,146.58732423672558
2015-07-01,147.42172368406574
2015-07-02,147.44472912151053
2015-07-06,147.15670805148676
2015-07-07,147.1008454363084
2015-07-08,144.66142443706207
2015-07-09,144.02311019075125
2015-07-10,146.48523770264555
2015-07-13,149.5258421409584
2015-07-14,150.79722037837757
2015-07-15,151.24832615015444
2015-07-16,153.96667907094755
2015-07-17,158.60833954963402
2015-07-20,159.6955812740163
2015-07-21,159.26099818010402
2015-07-22,156.14538933372688
2015-07-23,155.44913089776867
2015-07-24,155.10857862048178
2015-07-27,154.14021620751205
2015-07-28,155.21553594445123
2015-07-29,156.23822286286716
2015-07-30,156.49220229645002
2015-07-31,155.86121782472162
2015-08-03,155.1684518694115
2015-08-04,153.68900264113094
2015-08-05,155.1041916576484
2015-08-06,153.62068622572716
2015-08-07,153.30804009584003
2015-08-10,155.74527794647696
2015-08-11,153.1838094187483
2015-08-12,154.34566182884754
2015-08-13,154.07202791299926
2015-08-14,154.9139892279078
2015-08-17,155.8394582388667
2015-08-18,155.41495381147348
2015-08-19,154.16933668889058
2015-08-20,150.1112885128443
2015-08-21,142.36204671494153
2015-08-24,137.22296623597387
2015-08-25,136.57093029628325
2015-08-26,144.65443999873764
2015-08-27,148.05094318040102
2015-08-28,148.27333474514276
2015-08-31,146.68057604889995
2015-09-01,141.47407334323958
2015-09-02,146.21128153062332
2015-09-03,144.7551295628227
2015-09-04,143.1215785041881
2015-09-08,147.2600112171408
2015-09-09,145.59260852177448
2015-09-10,147.7938077689044
2015-09-11,149.08130527796442
2015-09-14,148.82050875289713
2015-09-15,150.61306849571525
2015-09-16,151.0394469433368
2015-09-17,150.7495130535831
2015-09-18,149.00126278980852
2015-09-21,150.1987494304915
2015-09-22,148.07394992110153
2015-09-23,148.3780351393187
2015-09-24,148.35639760823216
2015-09-25,147.25174405340272
2015-09-28,143.57527987524065
2015-09-29,142.13739044251543
2015-09-30,145.3255684026438
2015-10-01,145.70833720846065
2015-10-02,147.88603833687176
2015-10-05,150.49677848265162
2015-10-06,150.51310589908854
2015-10-07,150.93955126233948
2015-10-08,150.78032412281914
2015-10-09,151.87964442665248
2015-10-12,152.1423439816189
2015-10-13,152.1240415421123
2015-10-14,151.43099069231698
2015-10-15,153.95646193048296
2015-10-16,154.67081576388713
2015-10-19,155.59537102894518
2015-10-20,154.99813810891212
2015-10-21,154.15535637907556
2015-10-22,157.2719172058266
2015-10-23,164.2774061652607
2015-10-26,164.360687223529
2015-10-27,163.9712010121322
2015-10-28,166.18944309393055
2015-10-29,166.96345588121963
2015-10-30,165.25959302863816
2015-11-02,167.02151939653464
2015-11-03,167.73828970955148
2015-11-04,168.37077014289756
2015-11-05,169.32644569872826
2015-11-06,169.55475297303104
2015-11-09,168.24484669523721
2015-11-10,167.00715967937475
2015-11-11,167.35769003431722
2015-11-12,166.05507937998675
2015-11-13,161.85193580225697
2015-11-16,164.0221513908807
2015-11-17,163.71503319846715
2015-11-18,167.74406183846025
2015-11-19,168.3223221251011
2015-11-20,169.84494852879976
2015-11-23,169.2309291714679
2015-11-24,168.9187928826219
2015-11-25,168.49137979583253
2015-11-27,168.63229395580538
2015-11-30,168.07870460397328
2015-12-01,170.0315048229176
2015-12-02,168.76527333251536
2015-12-03,166.22859577468964
2015-12-04,170.23576325652917
2015-12-07,169.41877921026327
2015-12-08,169.49514409797428
2015-12-09,166.68904582833096
2015-12-10,167.20877122170714
2015-12-11,163.25992193590687
2015-12-14,164.84953531036797
2015-12-15,164.49725587807097
2015-12-16,167.0123534042004
2015-12-17,164.8433645588879
2015-12-18,161.4297573543459
2015-12-21,162.93820505122386
2015-12-22,163.61291588606315
2015-12-23,164.43797533732103
2015-12-24,164.10166111770067
2015-12-28,164.76868429329568
2015-12-29,167.5419065641336
2015-12-30,166.0725028360098
2015-12-31,163.35850473312362
2016-01-04,160.17165537785286
2016-01-05,159.38977542294674
2016-01-06,157.90511912035652
2016-01-07,152.08668441526362
2016-01-08,151.68695359788705
2016-01-11,152.9124817762298
2016-01-12,154.76093235038883
2016-01-13,149.56943673083157
2016-01-14,152.89093389454325
2016-01-15,147.58052756655766
2016-01-19,147.5058428531919
2016-01-20,147.3635272707171
2016-01-21,147.28405578331382
2016-01-22,152.71915922783987
2016-01-25,150.756236511154
2016-01-26,151.6846277036408
2016-01-27,146.6682306240341
2016-01-28,152.48008880020748
2016-01-29,154.75844904386128
2016-02-01,154.69102076421171
2016-02-02,152.10704171073235
2016-02-03,150.38678299458064
2016-02-04,149.91467733255644
2016-02-05,144.38563949117304
2016-02-08,143.26604390434267
2016-02-09,143.01798794336713
2016-02-10,143.53733025893507
2016-02-11,143.79369832242855
2016-02-12,144.8416152498249
2016-02-16,147.5068845523498
2016-02-17,150.51548911048573
2016-02-18,148.4989224583651
2016-02-19,148.50263533270436
2016-02-22,151.20132948659224
2016-02-23,148.3444613199719
2016-02-24,149.62890956596334
2016-02-25,151.0211127494766
2016-02-26,150.3934456880241
2016-02-29,149.36848822945387
2016-03-01,154.64261270395087
2016-03-02,154.90491906380763
2016-03-03,154.34443050516947
2016-03-04,154.40062651271927
2016-03-07,152.2531555710502
2016-03-08,151.94130906203844
2016-03-09,153.31323119030333
2016-03-10,153.38468395201136
2016-03-11,155.88906743764647
2016-03-14,156.44933689018774
2016-03-15,157.65284919727895
2016-03-16,159.12227147963017
2016-03-17,158.60280189357354
2016-03-18,158.07336948549792
2016-03-21,158.77879296136751
2016-03-22,159.49433706989697
2016-03-23,159.00964289867932
2016-03-24,159.44437734136804
2016-03-28,158.93677089013573
2016-03-29,162.04296760291578
2016-03-30,163.1410420460346
2016-03-31,162.38305583750798
2016-04-01,163.9269053590384
2016-04-04,163.18670615970598
2016-04-05,161.70452766717003
2016-04-06,163.83363279550684
2016-04-07,161.553097062108
2016-04-08,161.2261565045324
2016-04-11,160.95539561525052
2016-04-12,162.68169516592508
2016-04-13,164.48672661574574
2016-04-14,164.8558479622784
2016-04-15,164.2719756595012
2016-04-18,164.7541095222108
2016-04-19,164.04781877237536
2016-04-20,164.01818890231834
2016-04-21,164.18496593681024
2016-04-22,159.15581982709529
2016-04-25,159.33746203196753
2016-04-26,157.39098291016097
2016-04-27,154.24634637387953
2016-04-28,152.47797876117554
2016-04-29,152.943800636201
2016-05-02,154.65020460027742
2016-05-03,153.70813633821803
2016-05-04,153.38217611627545
2016-05-05,153.12380627540347
2016-05-06,154.2934171530498
2016-05-09,154.40774610699032
2016-05-10,156.70785567644725
2016-05-11,155.90229992067097
2016-05-12,155.27198919573073
2016-05-13,154.7094593344117
2016-05-16,156.7475444220609
2016-05-17,154.70757480118317
2016-05-18,155.4596144165477
2016-05-19,154.46162277423605
2016-05-20,155.83069688578803
2016-05-23,155.4266977727927
2016-05-24,158.62782967534062
2016-05-25,160.11376645716973
2016-05-26,160.63641317213222
2016-05-27,161.25470480085605
2016-05-31,161.87172500349024
2016-06-01,161.07689078477983
2016-06-02,160.74889958955129
2016-06-03,159.82186638026235
2016-06-06,160.26374910531806
2016-06-07,160.222516426497
2016-06-08,160.87248788856851
2016-06-09,160.84770389705147
2016-06-10,159.33157840948184
2016-06-13,157.43952993506497
2016-06-14,157.62962659488898
2016-06-15,156.97812612309644
2016-06-16,157.27887263986486
2016-06-17,154.79028445307026
2016-06-20,155.2199341365843
2016-06-21,156.51332232575632
2016-06-22,156.10169389818049
2016-06-23,157.8350173643389
2016-06-24,152.56330859376965
2016-06-27,150.1774512294342
2016-06-28,153.1721249677131
2016-06-29,155.1080409278707
2016-06-30,156.76041545663344
2016-07-01,157.52596301050113
2016-07-05,157.00050525141677
2016-07-06,158.28339045507482
2016-07-07,158.4415546255326
2016-07-08,160.59302157120726
2016-07-11,161.81008447239083
2016-07-12,162.51244450212292
2016-07-13,161.9245332819139
2016-07-14,163.1114350978434
2016-07-15,162.73421032711002
2016-07-18,164.3624976480702
2016-07-19,164.39721363463752
2016-07-20,166.67284898598922
2016-07-21,165.58164145936848
2016-07-22,166.167798651497
2016-07-25,165.5884907567287
2016-07-26,165.20245557632904
2016-07-27,167.8359402220036
2016-07-28,169.31609576933243
2016-07-29,170.5376319087597
2016-08-01,171.86773893566104
2016-08-02,170.5873011623126
2016-08-03,170.99094365980898
2016-08-04,172.0506360660196
2016-08-05,173.86788819046734
2016-08-08,174.21443971249175
2016-08-09,174.5188921785039
2016-08-10,174.05667880931065
2016-08-11,174.39249884195993
2016-08-12,174.2130391191435
2016-08-15,174.57282792917226
2016-08-16,173.9591295560428
2016-08-17,174.32016074189434
2016-08-18,174.02311196698068
2016-08-19,173.63401180180293
2016-08-22,173.43922920093127
2016-08-23,173.6951698109485
2016-08-24,172.9076749817487
2016-08-25,172.89107372537535
2016-08-26,173.16771890998996
2016-08-29,173.72215188902703
2016-08-30,172.9436252098899
2016-08-31,172.77420056476402
2016-09-01,173.3542594110511
2016-09-02,174.12608224508008
2016-09-06,175.76720380059407
2016-09-07,176.07968844799845
2016-09-08,174.48831820010093
2016-09-09,170.47694106525972
2016-09-12,173.16991405604227
2016-09-13,172.51235714404294
2016-09-14,174.07005549390374
2016-09-15,177.28798283201166
2016-09-16,177.65509120319373
2016-09-19,176.496894857168
2016-09-20,176.87631900393552
2016-09-21,178.3782288830373
2016-09-22,179.8612017948889
2016-09-23,178.46362313372111
2016-09-26,176.96987806744414
2016-09-27,178.99733395236098
2016-09-28,179.9822292978665
2016-09-29,178.39404616475332
2016-09-30,179.3639749943522
2016-10-03,178.935327474543
2016-10-04,178.876987409938
2016-10-05,179.60578598939105
2016-10-06,179.93548194732932
2016-10-07,179.90909121817822
2016-10-10,181.6309811183204
2016-10-11,180.1531072446252
2016-10-12,180.74455378602389
2016-10-13,179.73521959349853
2016-10-14,180.23811423571652
2016-10-17,179.71529329260204
2016-10-18,181.0308504832402
2016-10-19,180.60878770751265
2016-10-20,179.84755311227013
2016-10-21,181.56023873404985
2016-10-24,184.2297570934365
2016-10-25,183.79033716686146
2016-10-26,181.27768601402022
2016-10-27,179.81827776660896
2016-10-28,178.42491068110564
2016-10-31,178.3559739817905
2016-11-01,176.854022981446
2016-11-02,175.02282393904056
2016-11-03,172.83088717207312
2016-11-04,171.7441593478862
2016-11-07,175.86054711159443
2016-11-08,177.13204352375936
2016-11-09,176.14311597115818
2016-11-10,172.02970310411513
2016-11-11,171.949376891655
2016-11-14,168.47800424509717
2016-11-15,171.80051677456606
2016-11-16,173.55784806442358
2016-11-17,175.15712906947138
2016-11-18,174.53000268663345
2016-11-21,177.19733211969358
2016-11-22,177.78696385491082
2016-11-23,176.51340514847158
2016-11-25,176.88588408559443
2016-11-28,176.56271236907662
2016-11-29,177.10354281641884
2016-11-30,174.6277589501327
2016-12-01,172.16581645446365
2016-12-02,172.30658741863488
2016-12-05,174.0990380151788
2016-12-06,174.4134859383908
2016-12-07,176.85051843258583
2016-12-08,177.36448857964086
2016-12-09,179.38317932402657
2016-12-12,178.6347650305309
2016-12-13,181.41582739364426
2016-12-14,181.05177673972955
2016-12-15,181.0745799962986
2016-12-16,180.30714215451133
2016-12-19,181.82698669867065
2016-12-20,182.4038733657609
2016-12-21,182.20527265784523
2016-12-22,181.40315739992695
2016-12-23,180.99216425191327
2016-12-27,181.91770929141336
2016-12-28,180.94300595835927
2016-12-29,180.4229157389221
2016-12-30,178.2281331397562
2017-01-03,179.77455680712615
2017-01-04,180.07310208037632
2017-01-05,181.6829625244226
2017-01-06,184.01567191285932
2017-01-09,184.77087404979974
2017-01-10,184.6064907172315
2017-01-11,185.95730787251287
2017-01-12,185.85206943314165
2017-01-13,186.53198690409073
2017-01-17,186.29811222383867
2017-01-18,186.22090293314068
2017-01-19,185.8290311765639
2017-01-20,186.47146542702666
2017-01-23,187.80505945897875
2017-01-24,188.83684260755643
2017-01-25,190.93733894511593
2017-01-26,191.72697273512998
2017-01-27,192.09730064510217
2017-01-30,190.0349732601594
2017-01-31,188.94726260013135
2017-02-01,191.7028705115568
2017-02-02,191.35847848865802
2017-02-03,191.05412274667566
2017-02-06,191.3986068762619
2017-02-07,192.24320228530897
2017-02-08,193.0019252194746
2017-02-09,193.55940233494698
2017-02-10,193.80818813033557
2017-02-13,195.38892279659433
2017-02-14,196.26249480760814
2017-02-15,196.58827944725402
2017-02-16,196.89248736383362
2017-02-17,197.16704611184596
2017-02-21,198.07612455978023
2017-02-22,198.3682153176841
2017-02-23,198.03412593269155
2017-02-24,197.93256035176302
2017-02-27,197.9929748923563
2017-02-28,197.22101072675673
2017-03-01,199.8245822245359
2017-03-02,198.4432087015494
2017-03-03,198.83118236263152
2017-03-06,198.50487948994174
2017-03-07,198.864556701735
2017-03-08,199.20635441650506
2017-03-09,199.4366380065905
2017-03-10,199.98203558846794
2017-03-13,199.92415416957294
2017-03-14,199.63997037377897
2017-03-15,200.60581872512552
2017-03-16,200.7440270279131
2017-03-17,200.67692828189828
2017-03-20,201.27358104098442
2017-03-21,198.52414162612715
2017-03-22,199.95289101590603
2017-03-23,199.17398991183933
2017-03-24,199.05249230676083
2017-03-27,199.42263073152571
2017-03-28,201.2725175797808
2017-03-29,202.73244243487324
2017-03-30,202.97038981075136
2017-03-31,203.2867442026399
2017-04-03,203.8176987097845
2017-04-04,204.65833671521023
2017-04-05,204.0750215704393
2017-04-06,203.58632356814397
2017-04-07,203.0900301745409
2017-04-10,203.1983070015811
2017-04-11,202.0326424327711
2017-04-12,201.7365300257619
2017-04-13,200.67261491247874
2017-04-14,200.67261491247874
2017-04-17,202.90194269580826
2017-04-18,202.80141099786195
2017-04-19,202.60030872356262
2017-04-20,204.23982496826804
2017-04-21,204.6384995925619
2017-04-24,207.32814843910057
2017-04-25,208.68492658055627
2017-04-26,208.503167306917
2017-04-27,209.80724355803602
2017-04-28,211.4274392823649
2017-05-01,214.52951915719632
2017-05-02,215.27532549892535
2017-05-03,214.96582215630653
2017-05-04,214.47634471731237
2017-05-05,215.28457445622647
2017-05-08,217.69052072509942
2017-05-09,217.94144997006003
2017-05-10,217.42413740332813
2017-05-11,217.38709886271764
2017-05-12,218.51260881353437
2017-05-15,218.4943604122544
2017-05-16,219.6175112148805
2017-05-17,213.59076704075264
2017-05-18,216.1615588633699
2017-05-19,216.75370536752456
2017-05-22,218.62057688071667
2017-05-23,219.1111389771088
2017-05-24,220.17463389461633
2017-05-25,222.28302560815598
2017-05-26,222.745261598971
2017-05-30,223.28857560539683
2017-05-31,222.1360080301418
2017-06-01,222.5562634397909
2017-06-02,225.53897183121884
2017-06-05,225.7164001179301
2017-06-06,225.2076852804268
2017-06-07,226.07006571330606
2017-06-08,225.8359521881344
2017-06-09,218.96023583087742
2017-06-12,216.47896257179605
2017-06-13,218.8450218064133
2017-06-14,217.6219691637722
2017-06-15,216.29617008051082
2017-06-16,216.33219570463808
2017-06-19,219.97367914629965
2017-06-20,217.804337443184
2017-06-21,219.20150318413047
2017-06-22,218.7085275811412
2017-06-23,220.0241093324787
2017-06-26,218.2838970923606
2017-06-27,214.36428966793244
2017-06-28,217.3227984073369
2017-06-29,213.3938309964517
2017-06-30,213.2208555968153
2017-07-03,210.97364846399523
2017-07-05,213.59101396129648
2017-07-06,211.75069463751265
2017-07-07,214.4101889304956
2017-07-10,216.40274398241942
2017-07-11,216.97177033162723
2017-07-12,219.52294719538054
2017-07-13,220.6564531232922
2017-07-14,222.31618092340017
2017-07-17,222.89945978832733
2017-07-18,224.6056163813762
2017-07-19,225.86431289742555
2017-07-20,225.9725499440143
2017-07-21,225.78639176488548
2017-07-24,227.20034542943836
2017-07-25,226.47800949171253
2017-07-26,226.90003250678348
2017-07-27,225.4362296611281
2017-07-28,224.89067291869404
2017-07-31,222.62758044503704
2017-08-01,223.7119750308998
2017-08-02,226.00773089756836
2017-08-03,224.57637200879662
2017-08-04,225.47893010072897
2017-08-07,226.8375804921953
2017-08-08,227.30363090830215
2017-08-09,227.3278729876428
2017-08-10,222.56927329902305
2017-08-11,224.78120397405723
2017-08-14,228.0035726492215
2017-08-15,228.40034688317917
2017-08-16,228.17283615176072
2017-08-17,223.9828093524016
2017-08-18,223.90411688281273
2017-08-21,223.3538042289758
2017-08-22,226.55263187748002
2017-08-23,225.8035688115575
2017-08-24,224.76762887718354
2017-08-25,224.31504990195347
2017-08-28,225.0256824121273
2017-08-29,226.38617634987187
2017-08-30,228.47749634708984
2017-08-31,230.3810364863986
2017-09-01,229.9157599781442
2017-09-05,227.77279517907039
2017-09-06,228.31815394375678
2017-09-07,228.6110017754089
2017-09-08,225.9668617966188
2017-09-11,228.4407437328589
2017-09-12,228.501521997483
2017-09-13,229.19172852687984
2017-09-14,227.32542609837907
2017-09-15,227.86423021006132
2017-09-18,226.45879336051306
2017-09-19,227.36076939741463
2017-09-20,226.63979935905502
2017-09-21,224.86888167343565
2017-09-22,224.02890815028266
2017-09-25,220.67360425322835
2017-09-26,222.03106824349373
2017-09-27,224.9582537005658
2017-09-28,225.07248595143872
2017-09-29,226.96423527107777
2017-10-02,226.4839651205752
2017-10-03,227.03163994800332
2017-10-04,226.74866048975605
2017-10-05,229.94908775521233
2017-10-06,230.70988205031873
2017-10-09,231.0886891096129
2017-10-10,230.52145535574033
2017-10-11,231.86207951307472
2017-10-12,231.65027122083234
2017-10-13,232.74930784057636
2017-10-16,234.45116823695116
2017-10-17,234.99583324636302
2017-10-18,234.4386165506435
2017-10-19,232.37424863843063
2017-10-20,233.28489736160537
2017-10-23,231.09961064684188
2017-10-24,232.01918374258634
2017-10-25,231.51731573916769
2017-10-26,231.915013699898
2017-10-27,245.48558158074886
2017-10-30,247.42390828784812
2017-10-31,247.93135648604527
2017-11-01,248.29763514026274
2017-11-02,248.06455389878894
2017-11-03,250.62878554714672
2017-11-06,251.83432164462502
2017-11-07,252.729602497483
2017-11-08,253.83088578773965
2017-11-09,252.85244180730183
2017-11-10,251.9728999277209
2017-11-13,252.0002391453221
2017-11-14,251.13081421766063
2017-11-15,249.31645385023978
2017-11-16,251.38369464072184
2017-11-17,249.04310154599665
2017-11-20,248.72127295772066
2017-11-21,252.5352796486301
2017-11-22,253.28874440701475
2017-11-24,254.7830194995993
2017-11-27,255.60276789744836
2017-11-28,255.54898730892964
2017-11-29,249.96194895381456
2017-11-30,252.5504575648618
2017-12-01,251.2079589949538
2017-12-04,247.49510329113536
2017-12-05,247.91169327919914
2017-12-06,249.50218792549276
2017-12-07,250.58329776245986
2017-12-08,251.71845907756781
2017-12-11,254.19619395871766
2017-12-12,253.71532351862453
2017-12-13,253.74250732703757
2017-12-14,254.22691444173557
2017-12-15,257.7617049210373
2017-12-18,259.9831517563597
2017-12-19,258.5871730319212
2017-12-20,257.5970533266104
2017-12-21,257.28532883331457
2017-12-22,256.8620702034644
2017-12-26,254.80751223651845
2017-12-27,255.17544460926644
2017-12-28,255.46834406952226
2017-12-29,253.6788670309317
2018-01-02,257.81533344830655
2018-01-03,259.4523701061385
2018-01-04,260.2336704781575
2018-01-05,263.5947702219568
2018-01-08,264.49169335174986
2018-01-09,264.1448701861563
2018-01-10,263.4080868304421
2018-01-11,265.1607197675027
2018-01-12,267.05245970715094
2018-01-16,265.7577991434175
2018-01-17,268.2992247903096
2018-01-18,268.5712639340263
2018-01-19,269.0001596625127
2018-01-22,272.50964954553297
2018-01-23,275.3948741049694
2018-01-24,273.1417693653772
2018-01-25,273.45936971914807
2018-01-26,277.845467645522
2018-01-29,276.18413773096825
2018-01-30,275.1220824622367
2018-01-31,277.0693260365352
2018-02-01,275.44706564523614
2018-02-02,268.8052940001792
2018-02-05,258.79305347781883
2018-02-06,267.1951693398269
2018-02-07,261.6593396212056
2018-02-08,250.30687922564525
2018-02-09,255.4804398967197
2018-02-12,261.03823622031217
2018-02-13,262.36946795563483
2018-02-14,267.967807286621
2018-02-15,272.781142964527
2018-02-16,271.3603107656153
2018-02-20,272.6614567407922
2018-02-21,272.8295232927783
2018-02-22,273.5403129039174
2018-02-23,278.9288801062288
2018-02-26,283.39768826654506
2018-02-27,280.5437279536311
2018-02-28,278.7836554918663
2018-03-01,273.806318164319
2018-03-02,275.67912508018003
2018-03-05,278.5744940137882
2018-03-06,279.30579679588993
2018-03-07,280.8463433844628
2018-03-08,282.45307169399854
2018-03-09,288.40859690329245
2018-03-12,289.8196681109781
2018-03-13,285.74393420214943
2018-03-14,285.85955277317356
2018-03-15,285.45741877216756
2018-03-16,284.677106765905
2018-03-19,277.66294619124324
2018-03-20,278.59091422409506
2018-03-21,276.5262239394555
2018-03-22,269.6786706148718
2018-03-23,262.1090426502372
2018-03-26,273.72697442693595
2018-03-27,263.29894758322166
2018-03-28,259.71633941908846
2018-03-29,265.35082408998113
2018-04-02,257.5574665821795
2018-04-03,260.35241039157586
2018-04-04,264.2180948718639
2018-04-05,267.2025619191924
2018-04-06,260.6165612277497
2018-04-09,262.4402771176741
2018-04-10,268.61207537191706
2018-04-11,266.9945855556996
2018-04-12,270.139151672868
2018-04-13,269.14595701299527
2018-04-16,271.2702311663066
2018-04-17,278.28448052781494
2018-04-18,278.67903834454535
2018-04-19,278.1272667084525
2018-04-20,272.490182957806
2018-04-23,271.71156383931435
2018-04-24,264.13823711151315
2018-04-25,263.9636071998359
2018-04-26,271.4613108258491
2018-04-27,272.84881566246554
2018-04-30,271.1408198624878
2018-05-01,275.9894413499893
2018-05-02,276.93201363216394
2018-05-03,277.07854214901914
2018-05-04,282.6224876184609
2018-05-07,285.2255001363519
2018-05-08,285.28669560705066
2018-05-09,289.3360962360737
2018-05-10,292.4500675843451
2018-05-11,291.9499758116651
2018-05-14,292.06145261627216
2018-05-15,288.29742352087277
2018-05-16,289.61928640876135
2018-05-17,288.4147261380976
2018-05-18,286.7619089227988
2018-05-21,289.65771122879806
2018-05-22,288.7473868712972
2018-05-23,291.9261180166918
2018-05-24,291.3294250776488
2018-05-25,291.7197614617097
2018-05-29,290.7007811548565
2018-05-30,292.390840897325
2018-05-31,293.7578497465204
2018-06-01,299.34206835451465
2018-06-04,302.0166594717522
2018-06-05,303.8021669822003
2018-06-06,303.94372117795865
2018-06-07,301.0011892006982
2018-06-08,300.31723467995755
2018-06-11,300.64790854113596
2018-06-12,302.2115096574576
2018-06-13,301.4239235775302
2018-06-14,304.23348298756986
2018-06-15,302.11134892243524
2018-06-18,303.6336035302154
2018-06-19,302.42048333018363
2018-06-20,305.04323783119617
2018-06-21,302.319614143015
2018-06-22,301.25284910556735
2018-06-25,294.04046258366327
2018-06-26,296.09938362084426
2018-06-27,292.34738238313906
2018-06-28,295.71542649820503
2018-06-29,295.4047696174064
2018-07-02,298.8192694452107
2018-07-03,294.00629768623685
2018-07-05,297.7932444463049
2018-07-06,301.7674872917615
2018-07-09,305.25850066502187
2018-07-10,305.33104634889264
2018-07-11,304.39597458333844
2018-07-12,311.0214318451533
2018-07-13,312.6962622988892
2018-07-16,312.190414945578
2018-07-17,314.96500343658766
2018-07-18,313.85608849822347
2018-07-19,312.1847749962718
2018-07-20,313.3669278874327
2018-07-23,315.1416349027615
2018-07-24,319.3260088264434
2018-07-25,324.46949039603686
2018-07-26,314.42516667686243
2018-07-27,309.02748560428347
2018-07-30,304.2307401546692
2018-07-31,304.997411562696
2018-08-01,310.3218768536525
2018-08-02,316.0468460408967
2018-08-03,316.30381964612513
2018-08-06,319.0681692803926
2018-08-07,319.9943439762768
2018-08-08,321.82725127346373
2018-08-09,322.8366566982457
2018-08-10,320.2165510879038
2018-08-13,320.29326378927226
2018-08-14,322.71539003354553
2018-08-15,318.8452999270388
2018-08-16,318.7658819477996
2018-08-17,319.64896493415324
2018-08-20,318.11981129538856
2018-08-21,317.8735176167662
2018-08-22,319.4965246147916
2018-08-23,319.64710465545977
2018-08-24,321.7931915710566
2018-08-27,325.72429689741546
2018-08-28,326.28870661811055
2018-08-29,331.82224691116426
2018-08-30,332.3223629522447
2018-08-31,332.54131173271514
2018-09-04,331.4222242753047
2018-09-05,326.0496872124741
2018-09-06,321.6930781711485
2018-09-07,319.9575892787569
2018-09-10,319.1107052195089
2018-09-11,324.481797522442
2018-09-12,322.29735533423104
2018-09-13,325.6713010451236
2018-09-14,324.2362363634519
2018-09-17,317.8193332436797
2018-09-18,320.27536162990384
2018-09-19,319.8737013752259
2018-09-20,323.9416111543534
2018-09-21,320.6177575750187
2018-09-24,323.6308674584747
2018-09-25,326.0391739017549
2018-09-26,325.37558421385523
2018-09-27,329.67774937874253
2018-09-28,328.8526186965522
2018-10-01,329.9684458271789
2018-10-02,328.80980713533677
2018-10-03,329.9310605778335
2018-10-04,322.9557378891898
2018-10-05,319.62955161008483
2018-10-08,317.04253506598997
2018-10-09,318.80655050030765
2018-10-10,302.606798268678
2018-10-11,300.17634227356376
2018-10-12,309.7799200237599
2018-10-15,304.58832595142303
2018-10-16,313.3189038581688
2018-10-17,313.12189354162194
2018-10-18,305.3038108089969
2018-10-19,306.5389722552606
2018-10-22,309.07107461679095
2018-10-23,308.1377338073089
2018-10-24,293.42490552610957
2018-10-25,306.5999827760377
2018-10-26,296.8624881390009
2018-10-29,286.52866520929234
2018-10-30,288.31347328418957
2018-10-31,298.0608232971379
2018-11-01,300.9365661523717
2018-11-02,294.7244028077335
2018-11-05,291.0709810671769
2018-11-06,293.65139840481396
2018-11-07,305.32449906632695
2018-11-08,303.83030512144524
2018-11-09,297.67693377880687
2018-11-12,286.9857064098727
2018-11-13,285.9427450370864
2018-11-14,282.33550094314944
2018-11-15,287.78760259426565
2018-11-16,287.01206864227606
2018-11-19,275.2937229620892
2018-11-20,269.750881530821
2018-11-21,272.4756139318252
2018-11-23,268.84295832543035
2018-11-26,277.1714768549398
2018-11-27,277.1142889209393
2018-11-28,288.27936320267753
2018-11-29,287.6014015495202
2018-11-30,289.32589876517227
2018-12-03,296.40826043186655
2018-12-04,283.612595685304
2018-12-06,285.9567333951838
2018-12-07,275.8982020794045
2018-12-10,279.504851118697
2018-12-11,280.3976870927445
2018-12-12,282.80436948383255
2018-12-13,283.545474228222
2018-12-14,275.30048432533755
2018-12-17,267.6729741206443
2018-12-18,271.6098348586063
2018-12-19,264.63184673526797
2018-12-20,259.78821894477306
2018-12-21,249.07544946856507
2018-12-24,243.16681739971523
2018-12-26,261.16858986169836
2018-12-27,261.1664015659114
2018-12-28,260.91694870801666
2018-12-31,262.6325612865532
2019-01-02,265.18245981685106
2019-01-03,252.80385190070103
2019-01-04,265.11072958441
2019-01-07,267.0425614979933
2019-01-08,270.8358680174068
2019-01-09,273.0005996740853
2019-01-10,272.68171551561153
2019-01-11,270.4772670975197
2019-01-14,267.814551974564
2019-01-15,275.13810010861255
2019-01-16,276.12144279118354
2019-01-17,277.9414966724977
2019-01-18,280.29339453084384
2019-01-22,273.33074359320017
2019-01-23,273.9954017403887
2019-01-24,274.66276548989316
2019-01-25,278.122208943803
2019-01-28,273.7425881189354
2019-01-29,269.16735359881926
2019-01-30,280.6899077550321
2019-01-31,285.9378924361854
2019-02-01,281.6774460604874
2019-02-04,287.28568263375473
2019-02-05,291.35476346084477
2019-02-06,288.4895028180607
2019-02-07,284.0925200620921
2019-02-08,283.2950728983225
2019-02-11,282.483739698605
2019-02-12,287.2650953287075
2019-02-13,287.0084654643247
2019-02-14,286.7988346943448
2019-02-15,286.48867495557795
2019-02-19,287.52444540460647
2019-02-20,287.186398533641
2019-02-21,286.78138255529683
2019-02-22,290.1801964787838
2019-02-25,291.75679378755524
2019-02-26,292.5791423272022
2019-02-27,292.6464131943706
2019-02-28,291.72835665893183
2019-03-01,295.1809671622293
2019-03-04,297.6863652042929
2019-03-05,298.4543907525863
2019-03-06,297.0155429819209
2019-03-07,292.46348929716686
2019-03-08,292.49153146467717
2019-03-11,300.16325120580177
2019-03-12,302.36524691011334
2019-03-13,304.4091656279485
2019-03-14,303.7714858612542
2019-03-15,305.84545907654797
2019-03-18,307.4739332670255
2019-03-19,308.6921458915529
2019-03-20,312.30575029321244
2019-03-21,317.95755948684746
2019-03-22,310.48780534043453
2019-03-25,310.00507579234034
2019-03-26,309.93437835030136
2019-03-27,308.1616383002194
2019-03-28,308.29947443491466
2019-03-29,310.25402169571845
2019-04-01,314.3231093122816
2019-04-02,316.6488876130124
2019-04-03,318.37997803870354
2019-04-04,319.13578141184564
2019-04-05,320.01938370969543
2019-04-08,321.313518960636
2019-04-09,320.2523153773565
2019-04-10,322.0225019004935
2019-04-11,321.50132742901076
2019-04-12,322.97640346394434
2019-04-15,323.4495536396204
2019-04-16,324.273321906237
2019-04-17,327.3813911851897
2019-04-18,328.3633235648099
2019-04-22,331.0992660777544
2019-04-23,335.6848757065506
2019-04-24,333.787636415423
2019-04-25,337.47879846174965
2019-04-26,337.57288517780916
2019-04-29,338.1086965519634
2019-04-30,331.625119271867
2019-05-01,331.5987938870471
2019-05-02,329.277653305287
2019-05-03,336.17566999979715
2019-05-06,333.9800753579253
2019-05-07,327.61436068030645
2019-05-08,326.59786374750433
2019-05-09,323.8467521092689
2019-05-10,323.2868383504284
2019-05-13,311.20882034812706
2019-05-14,313.11659260976495
2019-05-15,319.4970038931269
2019-05-16,323.07044235185435
2019-05-17,319.393783136038
2019-05-20,313.72100011089145
2019-05-21,316.52631652861027
2019-05-22,315.722558051772
2019-05-23,310.9688501003983
2019-05-24,310.75553047658843
2019-05-28,311.2026183354155
2019-05-29,308.4857742881638
2019-05-30,309.5742107561607
2019-05-31,303.7054999899758
2019-06-03,291.7467890440448
2019-06-04,299.203064594863
2019-06-05,301.62745771506815
2019-06-06,304.6828175977103
2019-06-07,312.67496569094783
2019-06-10,317.61035960791804
2019-06-11,318.7497185343201
2019-06-12,317.0114731198079
2019-06-13,319.21852179958995
2019-06-14,319.09753216431574
2019-06-17,322.09903178645584
2019-06-18,326.53726385324927
2019-06-19,326.57582498116574
2019-06-20,329.0820525640915
2019-06-21,329.55586741305876
2019-06-24,330.02020454390816
2019-06-25,322.6209514703293
2019-06-26,324.7120134099687
2019-06-27,324.89873731194876
2019-06-28,324.3261778160654
2019-07-01,328.47792680870526
2019-07-02,331.24765928357164
2019-07-03,333.79004994083317
2019-07-05,334.0303264150285
2019-07-08,331.8499532639227
2019-07-09,334.4077547566727
2019-07-10,338.70695530908694
2019-07-11,337.86703027364484
2019-07-12,340.0051390128149
2019-07-15,341.1543565587531
2019-07-16,339.4343483285007
2019-07-17,337.03758169694123
2019-07-18,337.39990282943984
2019-07-19,334.5927284951726
2019-07-22,339.2539932420581
2019-07-23,341.0546080874658
2019-07-24,341.89041062151625
2019-07-25,338.8300151947289
2019-07-26,344.0480632909802
2019-07-29,342.4644676360153
2019-07-30,340.581755484202
2019-07-31,337.14359943742653
2019-08-01,335.54345935402097
2019-08-02,329.9613700968955
2019-08-05,317.357001557728
2019-08-06,322.68396109762443
2019-08-07,324.17115277694563
2019-08-08,331.9598123021471
2019-08-09,328.2286217865444
2019-08-12,324.6376127945219
2019-08-13,332.74348462423507
2019-08-14,321.92074098808047
2019-08-15,321.0433631701784
2019-08-16,325.66935916645275
2019-08-19,331.24110766522097
2019-08-20,328.580080419891
2019-08-21,331.7433517450706
2019-08-22,329.85513757463934
2019-08-23,318.6480079496453
2019-08-26,323.40806471247333
2019-08-27,322.53889349497905
2019-08-28,323.25994595760903
2019-08-29,328.65747425148106
2019-08-30,327.6772662204488
2019-09-03,324.3668419197989
2019-09-04,328.6922658888883
2019-09-05,335.5664010059235
2019-09-06,333.9598469268822
2019-09-09,333.3776505240311
2019-09-10,332.81222846867564
2019-09-11,336.7156225577134
2019-09-12,338.6195369054967
2019-09-13,337.10240370037786
2019-09-16,335.1298478364841
2019-09-17,336.61188236078
2019-09-18,337.9209399494445
2019-09-19,339.5480614078413
2019-09-20,336.14718904927986
2019-09-23,335.5675574010516
2019-09-24,330.3720890204468
2019-09-25,335.7474634351436
2019-09-26,333.6499157496875
2019-09-27,330.2936645796474
2019-09-30,333.37257034941933
2019-10-01,331.02614818640996
2019-10-02,324.7450076601194
2019-10-03,328.41020929642514
2019-10-04,333.73174381105537
2019-10-07,332.56224968691663
2019-10-08,328.2144002333465
2019-10-09,332.50048329286574
2019-10-10,334.57245292130665
2019-10-11,338.8759066036506
2019-10-14,338.61240710034787
2019-10-15,343.39530810020347
2019-10-16,342.8596047163244
2019-10-17,343.5415702877541
2019-10-18,340.0842448240413
2019-10-21,344.1348328199597
2019-10-22,340.4545892321735
2019-10-23,343.3226348171041
2019-10-24,346.0224587627332
2019-10-25,348.84848124580117
2019-10-28,353.88703186772693
2019-10-29,349.0526965583249
2019-10-30,350.58010946795616
2019-10-31,352.1376424690046
2019-11-01,356.32189050937353
2019-11-04,359.3430243392076
2019-11-05,359.0194627220441
2019-11-06,358.21782023397316
2019-11-07,359.84316227152897
2019-11-08,361.25111211304176
2019-11-11,360.74498229007986
2019-11-12,362.25150999752447
2019-11-13,361.9240605479956
2019-11-14,362.4051745685896
2019-11-15,365.6046886959078
2019-11-18,366.5994523141839
2019-11-19,366.4433621285988
2019-11-20,363.8868492945809
2019-11-21,363.1103690306493
2019-11-22,363.19620142890574
2019-11-25,367.9237082859989
2019-11-26,368.94667079677606
2019-11-27,371.4978019462543
2019-11-29,369.3973275993146
2019-12-02,365.31692739333766
2019-12-03,362.8074680046285
2019-12-04,364.66369044539715
2019-12-05,365.59199340482917
2019-12-06,369.8955476106662
2019-12-09,368.53735472145223
2019-12-10,368.4168235436747
2019-12-11,370.31792009919747
2019-12-12,371.2869181435384
2019-12-13,372.68192335691583
2019-12-16,376.42755453738994
2019-12-17,376.64607451813856
2019-12-18,376.56309634885463
2019-12-19,378.9127204423948
2019-12-20,379.5728135011878
2019-12-23,381.28795249864925
2019-12-24,380.8094711851304
2019-12-26,387.9085010220472
2019-12-27,387.8194626126348
2019-12-30,385.11951391198454
2019-12-31,386.18506314435234
2020-01-02,394.6867372052134
2020-01-03,390.86216933624087
2020-01-06,395.3450823930008
2020-01-07,393.7747639151312
2020-01-08,397.1884820903449
2020-01-09,402.2692807470984
2020-01-10,401.7088662324095
2020-01-13,406.8060743871865
2020-01-14,402.8851200581847
2020-01-15,403.3711709416407
2020-01-16,407.9713116726135
2020-01-17,410.70200442087446
2020-01-21,411.0944381796645
2020-01-22,411.80885441498106
2020-01-23,412.7944225798677
2020-01-24,411.5022857616515
2020-01-27,402.1587615118568
2020-01-28,409.9517737278784
2020-01-29,414.6918984661749
2020-01-30,415.1674384368649
2020-01-31,410.5318719487895
2020-02-03,415.6667290685461
2020-02-04,423.49642041772387
2020-02-05,424.7468855819686
2020-02-06,430.1574529628807
2020-02-07,429.8922937713519
2020-02-10,436.9623476383849
2020-02-11,433.9232144048625
2020-02-12,438.06897128749
2020-02-13,436.54105183509495
2020-02-14,437.3560114153357
2020-02-18,437.3889682137103
2020-02-19,440.4528834393389
2020-02-20,435.4437809650198
2020-02-21,424.6220925959842
2020-02-24,406.0258988423159
2020-02-25,396.433099576132
2020-02-26,399.67914662407793
2020-02-27,376.13707167481436
2020-02-28,379.78099987130815
2020-03-02,401.31618077370877
2020-03-03,386.4724920640948
2020-03-04,401.3333355188114
2020-03-05,388.3526611077705
2020-03-06,381.2761575498654
2020-03-09,355.3798458290925
2020-03-10,377.07608305279547
2020-03-11,361.27164864241263
2020-03-12,328.0393183109269
2020-03-13,365.11849060663303
2020-03-16,320.73795559407375
2020-03-17,340.00743475195554
2020-03-18,332.49163024844256
2020-03-19,336.48303590068394
2020-03-20,324.08381771526416
2020-03-23,324.28668319991573
2020-03-24,347.6478178766816
2020-03-25,341.48878067714196
2020-03-26,359.77222079909274
2020-03-27,345.3410210923771
2020-03-30,360.869001912886
2020-03-31,359.12757945153896
2020-04-01,344.68981405851946
2020-04-02,349.7834527075363
2020-04-03,345.31409995047227
2020-04-06,370.6672172915729
2020-04-07,369.7118091178694
2020-04-08,376.48120463481973
2020-04-09,376.5352442554146
2020-04-13,384.00396475805985
2020-04-14,401.6709293702556
2020-04-15,399.3280104622124
2020-04-16,407.4488126737789
2020-04-17,407.2379621166647
2020-04-20,402.3999166410413
2020-04-21,387.9177209153414
2020-04-22,401.15667922576455
2020-04-23,401.72008316927185
2020-04-24,407.72615805639475
2020-04-27,405.6350415663568
2020-04-28,396.19634492181285
2020-04-29,414.79320733094636
2020-04-30,422.9860779347485
2020-05-01,408.7584226377275
2020-05-04,414.68895735842307
2020-05-05,419.26988437925223
2020-05-06,422.9225878192408
2020-05-07,426.9187786884233
2020-05-08,431.590227894749
2020-05-11,436.7123497241846
2020-05-12,428.4155185793293
2020-05-13,423.47557146661813
2020-05-14,426.6187964930997
2020-05-15,429.480463510758
2020-05-18,435.2206276526282
2020-05-19,434.98754614058964
2020-05-20,445.53157280798405
2020-05-21,441.1438699719274
2020-05-22,442.5941981511533
2020-05-26,440.18166233091654
2020-05-27,440.3711761657679
2020-05-28,438.2945977432394
2020-05-29,441.98748333796846
2020-06-01,444.903285342728
2020-06-02,447.2715544045111
2020-06-03,447.66495173692925
2020-06-04,443.21067939909585
2020-06-05,452.2580890120474
2020-06-08,455.32573641310637
2020-06-09,463.80389994164614
2020-06-10,473.09361669998464
2020-06-11,450.9074206026921
2020-06-12,453.29465347990777
2020-06-15,457.7878980711379
2020-06-16,466.95996564592303
2020-06-17,468.53363909141706
2020-06-18,469.24528347867147
2020-06-19,468.61459334164454
2020-06-22,477.66371497577165
2020-06-23,483.9957326728775
2020-06-24,474.93750859130455
2020-06-25,479.2201789744514
2020-06-26,462.828913439663
2020-06-29,469.17515964595714
2020-06-30,478.85368463122427
2020-07-01,486.5641537164496
2020-07-02,488.6806060237173
2020-07-06,503.68313023907547
2020-07-07,498.8339864552265
2020-07-08,508.6074184775956
2020-07-09,514.6905381949396
2020-07-10,517.0607719988016
2020-07-13,506.11443715086375
2020-07-14,508.92099659345524
2020-07-15,506.62526286856985
2020-07-16,502.5710923968449
2020-07-17,500.82787946219025
2020-07-20,520.9310762005862
2020-07-21,514.124774680738
2020-07-22,515.2021998991081
2020-07-23,495.69756267888613
2020-07-24,490.46186933857894
2020-07-27,497.575191342293
2020-07-28,490.29910199922256
2020-07-29,496.1794646774905
2020-07-30,499.0575206037025
2020-07-31,517.8029912131826
2020-08-03,525.8494006108331
2020-08-04,525.2710988575718
2020-08-05,528.0388115010896
2020-08-06,540.2413310333975
2020-08-07,532.6166256235258
2020-08-10,531.0188823968473
2020-08-11,518.7800381616516
2020-08-12,532.3672101053291
2020-08-13,535.1938326540068
2020-08-14,534.2663062144377
2020-08-17,536.4645122845125
2020-08-18,545.1611393742497
2020-08-19,542.1026823277226
2020-08-20,552.9683105060856
2020-08-21,559.1722322832696
2020-08-24,563.5447267103482
2020-08-25,568.6809038338488
2020-08-26,583.7283305835523
2020-08-27,580.9376247069151
2020-08-28,583.5325343884807
2020-08-31,587.5081535212406
2020-09-01,597.812693661341
2020-09-02,604.5078155946674
2020-09-03,569.7435399751757
2020-09-04,560.6971018591712
2020-09-08,532.9740644328205
2020-09-09,549.9910587746599
2020-09-10,535.8637611772
2020-09-11,530.5299631865507
2020-09-14,534.3822450958128
2020-09-15,541.5407654395156
2020-09-16,529.8890109463946
2020-09-17,520.9502330801267
2020-09-18,510.8555361052107
2020-09-21,513.688345506167
2020-09-22,525.3252051226727
2020-09-23,503.5544294192261
2020-09-24,508.5109291911168
2020-09-25,522.4044123913629
2020-09-28,532.1057031648526
2020-09-29,529.725870751176
2020-09-30,534.6136997389581
2020-10-01,543.2638782475915
2020-10-02,525.853462998366
2020-10-05,538.3954926079077
2020-10-06,524.3927510854435
2020-10-07,533.7640365118053
2020-10-08,536.1451361056614
2020-10-09,547.3199903913019
2020-10-12,570.9030343982296
2020-10-13,568.1707295316676
2020-10-14,564.5707792360961
2020-10-15,559.976570979763
2020-10-16,555.1379431325822
2020-10-19,542.4276051893413
2020-10-20,546.2189005857781
2020-10-21,548.1640183980945
2020-10-22,547.7409243308155
2020-10-23,550.5542585343186
2020-10-26,543.4246021562765
2020-10-27,552.1861835106383
2020-10-28,526.2373489587809
2020-10-29,539.440349428083
2020-10-30,521.253084580599
2020-11-02,521.1421716820695
2020-11-03,531.150409884902
2020-11-04,557.7644913854144
2020-11-05,573.3135300528169
2020-11-06,571.8859689319621
2020-11-09,556.5859617812494
2020-11-10,544.851814704973
2020-11-11,557.928436022857
2020-11-12,555.0458259590978
2020-11-13,557.7741940428455
2020-11-16,560.029957393639
2020-11-17,559.4527307484849
2020-11-18,557.791353538056
2020-11-19,561.9652796971575
2020-11-20,555.9879788502934
2020-11-23,553.8743822780992
2020-11-24,564.7782553682068
2020-11-25,569.8894826699945
2020-11-27,574.3380519355492
2020-11-30,572.3244570015852
2020-12-01,585.2701858725277
2020-12-02,584.7631252679287
2020-12-03,584.6067893862814
2020-12-04,583.1796437653472
2020-12-07,589.638132191411
2020-12-08,592.3091112849606
2020-12-09,577.0764791410672
2020-12-10,579.6693452900962
2020-12-11,578.7430215450755
2020-12-14,581.8184737418999
2020-12-15,589.7726982402382
2020-12-16,594.0670388022418
2020-12-17,597.2835247166372
2020-12-18,596.3501319045744
2020-12-21,596.1487310142622
2020-12-22,598.6761491912287
2020-12-23,595.5778461226079
2020-12-24,598.674581428945
2020-12-28,612.6405754356227
2020-12-29,610.89987942784
2020-12-30,608.1207361461359
2020-12-31,607.771958120707
2021-01-04,599.1860341953153
2021-01-05,604.4730386386975
2021-01-06,591.2241151631428
2021-01-07,610.5152650991172
2021-01-08,619.1493863840967
2021-01-11,603.5523732076341
2021-01-12,603.164442596887
2021-01-13,609.0130939256735
2021-01-14,600.191439965258
2021-01-15,595.4125404440181
2021-01-19,604.8967534812689
2021-01-20,625.8423318041084
2021-01-21,635.4688557495072
2021-01-22,638.5019753619582
2021-01-25,648.3116054421891
2021-01-26,652.2134383765188
2021-01-27,639.4203553352348
2021-01-28,635.1171167943401
2021-01-29,618.2617845734364
2021-02-01,637.7624940166033
2021-02-02,645.5872601662779
2021-02-03,648.4298932301472
2021-02-04,652.3254138276495
2021-02-05,654.4948968864813
2021-02-08,656.4881138053809
2021-02-09,653.9291907066856
2021-02-10,650.5996364847956
2021-02-11,651.9748294440694
2021-02-12,653.0193674198626
2021-02-16,650.0842906374833
2021-02-17,648.5212418632443
2021-02-18,645.3170408333299
2021-02-19,638.9507105915709
2021-02-22,619.6546168266748
2021-02-23,618.6521795449457
2021-02-24,622.7954947141227
2021-02-25,598.3975948472332
2021-02-26,603.0569807282038
2021-03-01,622.3168657099164
2021-03-02,610.6436632527686
2021-03-03,593.2742546373438
2021-03-04,587.1614606668354
2021-03-05,594.2410643317255
2021-03-08,573.7006345096756
2021-03-09,601.3591144096965
2021-03-10,598.3557327541939
2021-03-11,613.4511560736962
2021-03-12,606.6902208478061
2021-03-15,612.6160896963185
2021-03-16,616.2724207731901
2021-03-17,619.4096731209017
2021-03-18,598.0763710537154
2021-03-19,601.5766469918547
2021-03-22,612.6096727562408
2021-03-23,612.4947169963416
2021-03-24,601.0684452562361
2021-03-25,598.5208598073011
2021-03-26,601.0108001960632
2021-03-29,603.3131438678473
2021-03-30,600.3842398818772
2021-03-31,612.2233952862034
2021-04-01,623.533786019062
2021-04-05,641.4374095183362
2021-04-06,640.0975754725989
2021-04-07,646.536719229407
2021-04-08,654.0605697157598
2021-04-09,661.609446357974
2021-04-12,662.6291132184338
2021-04-13,674.9981086192131
2021-04-14,662.9257789162176
2021-04-15,675.1312047598029
2021-04-16,675.2846551622757
2021-04-19,670.0722406618268
2021-04-20,665.9449798935898
2021-04-21,670.9927304100613
2021-04-22,660.0840651483925
2021-04-23,670.937804491243
2021-04-26,676.1415503157707
2021-04-27,672.4533011019128
2021-04-28,671.5904880294188
2021-04-29,675.1742240990512
2021-04-30,672.3096219501904
2021-05-03,667.0436933271822
2021-05-04,652.02356317202
2021-05-05,649.8739081046374
2021-05-06,656.2624541125895
2021-05-07,660.0645564785027
2021-05-10,639.7998494400047
2021-05-11,637.3601499042372
2021-05-12,619.7426113059632
2021-05-13,624.6547814353687
2021-05-14,639.6445393102126
2021-05-17,637.3300242538518
2021-05-18,630.9615771591566
2021-05-19,630.9299207140397
2021-05-20,642.486604937567
2021-05-21,637.5655606758733
2021-05-24,652.068096181342
2021-05-25,653.4087926025545
2021-05-26,655.7029534809126
2021-05-27,651.6289460000639
2021-05-28,651.7267299481786
2021-06-01,650.9117762841124
2021-06-02,651.7032962853823
2021-06-03,643.7979325475986
2021-06-04,656.5725666114739
2021-06-07,660.0899481463218
2021-06-08,662.0236251491269
2021-06-09,662.7962399225814
2021-06-10,668.7356476514216
2021-06-11,671.0111073580867
2021-06-14,679.8982197220885
2021-06-15,675.3305073815579
2021-06-16,675.6808528369854
2021-06-17,687.0000024405183
2021-06-18,682.8474672709034
2021-06-21,686.3691879147987
2021-06-22,694.8013834823068
2021-06-23,697.4421782914194
2021-06-24,699.2332602384901
2021-06-25,694.722606110024
2021-06-28,706.4957412522863
2021-06-29,708.2292489384413
2021-06-30,707.1606012574533
2021-07-01,709.8170435462455
2021-07-02,722.1305802472658
2021-07-06,729.9276841299852
2021-07-07,732.6250659927331
2021-07-08,728.5540238337785
2021-07-09,732.5405400203445
2021-07-12,736.6590963026629
2021-07-13,736.5057498613148
2021-07-14,739.3640998533205
2021-07-15,731.9746261307774
2021-07-16,724.3060297391992
2021-07-19,715.7253062150166
2021-07-20,725.2473925571076
2021-07-21,729.6257203691043
2021-07-22,737.2096652827657
2021-07-23,748.4386733293022
2021-07-26,752.4205626466098
2021-07-27,741.5173083150374
2021-07-28,742.9966255959918
2021-07-29,743.1474277590389
2021-07-30,731.6013066783055
2021-08-02,733.5530721962912
2021-08-03,738.662760142561
2021-08-04,739.7862972011715
2021-08-05,745.1814451283064
2021-08-06,741.083265398611
2021-08-09,741.9955086963481
2021-08-10,738.2892930521054
2021-08-11,736.3693205151908
2021-08-12,744.7210756174636
2021-08-13,746.8819378944321
2021-08-16,748.094185990936
2021-08-17,738.2211993833429
2021-08-18,730.8776152707944
2021-08-19,734.9043981510868
2021-08-20,746.590564919896
2021-08-23,759.2317582719015
2021-08-24,760.7529109661598
2021-08-25,761.2216281568208
2021-08-26,756.7588654574713
2021-08-27,765.5092857839616
2021-08-30,779.4222382992014
2021-08-31,778.5314455099383
2021-09-01,780.4724882771499
2021-09-02,777.8916733319356
2021-09-03,781.0540243927026
2021-09-07,787.3284849515585
2021-09-08,784.138843980614
2021-09-09,779.4175573584419
2021-09-10,768.9778731327093
2021-09-13,770.4816292635353
2021-09-14,770.3708954792328
2021-09-15,777.3794129834171
2021-09-16,776.8157193488771
2021-09-17,765.3268591511123
2021-09-20,746.6243066265438
2021-09-21,748.9138179075013
2021-09-22,756.7402449004719
2021-09-23,762.5625789485434
2021-09-24,765.6087431541679
2021-09-27,759.7969919514987
2021-09-28,736.2554964426611
2021-09-29,735.3363479863476
2021-09-30,731.229708381281
2021-10-01,739.6535407446728
2021-10-04,721.5735603544701
2021-10-05,733.0846657027001
2021-10-06,740.07035579054
2021-10-07,746.7040267048121
2021-10-08,745.1576803482264
2021-10-11,741.712403493245
2021-10-12,738.355586650445
2021-10-13,743.1420323353623
2021-10-14,757.0453114263728
2021-10-15,765.0491405057589
2021-10-18,776.3467557924816
2021-10-19,780.378176932036
2021-10-20,777.9865749445914
2021-10-21,785.1976070604064
2021-10-22,774.6932700653099
2021-10-25,785.531543964203
2021-10-26,792.012255082846
2021-10-27,805.3778645888995
2021-10-28,817.5461696717648
2021-10-29,823.4683200034144
2021-11-01,825.4451323821722
2021-11-02,828.2772315004079
2021-11-03,838.7245788086041
2021-11-04,855.0410551624317
2021-11-05,857.5498425354275
2021-11-08,853.3326978989992
2021-11-09,843.0733545619462
2021-11-10,830.4727986430614
2021-11-11,833.0724246312689
2021-11-12,841.8522738896543
2021-11-15,840.427032776975
2021-11-16,846.1897969878141
2021-11-17,849.6935357221014
2021-11-18,869.5350808229592
2021-11-19,880.4304553607574
2021-11-22,871.334003588493
2021-11-23,865.1522948463437
2021-11-24,869.7853203497029
2021-11-26,845.7524215209887
2021-11-29,869.1325798330049
2021-11-30,863.1924481976589
2021-12-01,849.2636809253661
2021-12-02,850.2443779101395
2021-12-03,831.3010908118081
2021-12-06,839.0564445505006
2021-12-07,868.6881685933652
2021-12-08,875.1754732271775
2021-12-09,862.2017184128536
2021-12-10,872.3256656069434
2021-12-13,853.4746735072786
2021-12-14,843.6446223523519
2021-12-15,866.5941752709601
2021-12-16,836.9604460709297
2021-12-17,832.5355418881794
2021-12-20,822.0109336651328
2021-12-21,840.6333816555282
2021-12-22,850.3543778118891
2021-12-23,854.2991350706118
2021-12-27,870.1034386257422
2021-12-28,865.8739310590682
2021-12-29,863.520594217819
2021-12-30,858.9210442100557
2021-12-31,851.021477116512
2022-01-03,861.2938237136934
2022-01-04,849.510902201512
2022-01-05,819.6366866052897
2022-01-06,817.4141051106337
2022-01-07,813.8939286356411
2022-01-10,814.148933068733
2022-01-11,825.19193305764
2022-01-12,829.2794125202383
2022-01-13,806.0961775126962
2022-01-14,814.1897147436615
2022-01-18,793.4658938463081
2022-01-19,784.7855957515748
2022-01-20,772.8983322996901
2022-01-21,751.3657668545802
2022-01-24,753.8801690517389
2022-01-25,734.6141968879181
2022-01-26,740.3863946768829
2022-01-27,739.645119975063
2022-01-28,769.8658738764195
2022-01-31,791.2631210210352
2022-02-01,795.2004384330587
2022-02-02,811.3449833137147
2022-02-03,759.4980517564768
2022-02-04,778.9513901620093
2022-02-07,769.7091566695598
2022-02-08,778.5772792360738
2022-02-09,793.7726264603814
2022-02-10,775.624693669126
2022-02-11,750.6934129284339
2022-02-14,754.0521582921333
2022-02-15,771.3848500586989
2022-02-16,772.069553120868
2022-02-17,746.8349243156889
2022-02-18,736.8776592673065
2022-02-22,728.5789817998968
2022-02-23,709.3157032022464
2022-02-24,737.5011331616818
2022-02-25,747.2383676585052
2022-02-28,749.5087452883558
2022-03-01,737.0313675684836
2022-03-02,748.9347399546896
2022-03-03,739.0515714630674
2022-03-04,725.1564484206001
2022-03-07,693.817031654552
2022-03-08,691.1106314234155
2022-03-09,720.3935617967288
2022-03-10,716.149541991948
2022-03-11,701.0073248348915
2022-03-14,685.3807287718198
2022-03-15,710.3121327165344
2022-03-16,736.4408729626864
2022-03-17,744.3143853589901
2022-03-18,764.3316316110984
2022-03-21,764.102562976348
2022-03-22,778.2924462490585
2022-03-23,771.389842899331
2022-03-24,790.3990361722371
2022-03-25,791.3596497489631
2022-03-28,801.8143447491516
2022-03-29,812.965555304546
2022-03-30,804.516242138048
2022-03-31,789.432252283382
2022-04-01,790.2557803470902
2022-04-04,809.2728963849636
2022-04-05,792.5513609686002
2022-04-06,767.6413642533524
2022-04-07,767.0664515891248
2022-04-08,753.8510129273974
2022-04-11,730.1196179945363
2022-04-12,727.4726653247319
2022-04-13,741.8887506263181
2022-04-14,721.2142884295679
2022-04-18,724.5386025255989
2022-04-19,739.5769631302801
2022-04-20,728.3049842348801
2022-04-21,709.7319258409754
2022-04-22,689.0862778969448
2022-04-25,700.8275721966968
2022-04-26,673.4324802200745
2022-04-27,672.8838704036193
2022-04-28,706.4505266862814
2022-04-29,667.1172317525816
2022-05-02,679.3925478042629
2022-05-03,680.80174663978
2022-05-04,704.4886213238166
2022-05-05,664.6049834462797
2022-05-06,660.2108194543889
2022-05-09,633.6939914620327
2022-05-10,643.3913012534541
2022-05-11,619.7884754307556
2022-05-12,611.7537728362818
2022-05-13,634.8059085498738
2022-05-16,628.8983897687087
2022-05-17,645.2022821697399
2022-05-18,610.8429755116312
2022-05-19,604.8467510991956
2022-05-20,603.0829424814563
2022-05-23,618.2704041181771
2022-05-24,600.1880540609836
2022-05-25,606.9387996875273
2022-05-26,622.9106551569394
2022-05-27,645.5059395494756
2022-05-31,648.1694696466119
2022-06-01,647.3038361255836
2022-06-02,664.3239657940954
2022-06-03,644.4120840789531
2022-06-06,649.8856929328181
2022-06-07,654.8908470684911
2022-06-08,650.8629419647573
2022-06-09,629.7928635829678
2022-06-10,602.4228995819376
2022-06-13,573.9333869818809
2022-06-14,575.9375035139071
2022-06-15,594.0136838573987
2022-06-16,571.8956698923205
2022-06-17,579.9607046144675
2022-06-21,579.9607046144677
2022-06-22,578.534047818896
2022-06-23,589.0633095148416
2022-06-24,610.4914815703895
2022-06-27,603.361981880568
2022-06-28,581.4827858159097
2022-06-29,585.8483425297607
2022-06-30,574.362821857877
2022-07-01,579.6690063411121
2022-07-05,594.23126869714
2022-07-06,600.5193212997148
2022-07-07,614.1556566123436
2022-07-08,614.6054921636535
2022-07-11,601.1475918656007
2022-07-12,591.8905075964442
2022-07-13,589.4079605818363
2022-07-14,594.0639023100795
2022-07-15,602.7746223495838
2022-07-18,595.5718854357367
2022-07-19,614.8283576476101
2022-07-20,625.3393756036427
2022-07-21,632.5453977481639
2022-07-22,617.7899641799365
2022-07-25,613.2055220568443
2022-07-26,597.9699372272203
2022-07-27,631.6918404373455
2022-07-28,639.7970176647544
2022-07-29,662.2726390419919
2022-08-01,659.1575142161457
2022-08-02,654.8076537573761
2022-08-03,675.8503682326831
2022-08-04,679.6908186851018
2022-08-05,676.155224597749
2022-08-08,669.2988936196301
2022-08-09,666.6209154337469
2022-08-10,686.4260822141318
2022-08-11,681.1639180043182
2022-08-12,696.256623393406
2022-08-15,699.5490921338481
2022-08-16,699.4039317191751
2022-08-17,695.0245754545717
2022-08-18,695.7693353314852
2022-08-19,681.0681802794402
2022-08-22,661.3244291057922
2022-08-23,660.4898305008817
2022-08-24,660.6337127684715
2022-08-25,673.5618967500965
2022-08-26,642.2243484373689
2022-08-29,634.5201876420648
2022-08-30,627.6327535930898
2022-08-31,621.0870409947779
2022-09-01,620.4552344867445
2022-09-02,612.0536982801609
2022-09-06,605.8747259902123
2022-09-07,617.0080532142326
2022-09-08,615.3134770541355
2022-09-09,629.030576071953
2022-09-12,641.4362586839256
2022-09-13,601.5633861532118
2022-09-14,605.6709542003998
2022-09-15,593.1864003361803
2022-09-16,588.8897769399452
2022-09-19,595.4103916392921
2022-09-20,592.7239787466941
2022-09-21,581.8170049079307
2022-09-22,579.4475851999889
2022-09-23,570.1121760557394
2022-09-26,570.1274970787887
2022-09-27,570.016855909359
2022-09-28,576.8255122615748
2022-09-29,558.2542692587785
2022-09-30,546.2832519293136
2022-10-03,563.1205189917772
2022-10-04,582.0798844271274
2022-10-05,582.473054041388
2022-10-06,578.9763821505993
2022-10-07,553.8895338695478
2022-10-10,548.5557895223519
2022-10-11,542.2176001027301
2022-10-12,542.2245403875371
2022-10-13,555.9278735514899
2022-10-14,537.1706118898619
2022-10-17,558.9915768358853
2022-10-18,564.3948235479327
2022-10-19,561.369356664472
2022-10-20,561.3977074772719
2022-10-21,575.3131410850203
2022-10-24,583.5119761662519
2022-10-25,593.8539345963147
2022-10-26,563.2831789471034
2022-10-27,548.9990700106665
2022-10-28,568.4764597993677
2022-10-31,559.454580728961
2022-11-01,544.8959519877136
2022-11-02,524.3870813868639
2022-11-03,507.4778922878527
2022-11-04,518.1128302930241
2022-11-07,524.7154602987168
2022-11-08,526.818898610705
2022-11-09,511.01124260493873
2022-11-10,558.9801025807734
2022-11-11,572.8025987746114
2022-11-14,564.8578643389103
2022-11-15,571.5476798197191
2022-11-16,566.8401080830939
2022-11-17,566.3057655822106
2022-11-18,564.6116395498876
2022-11-21,557.2705356557927
2022-11-22,565.7006558639141
2022-11-23,571.859008427042
2022-11-25,565.5674134450437
2022-11-28,555.4420954994353
2022-11-29,547.8366007409214
2022-11-30,578.3823463457861
2022-12-01,577.8007592816205
2022-12-02,574.8088099810586
2022-12-05,565.6731904937194
2022-12-06,551.1052769867073
2022-12-07,546.5765346841308
2022-12-08,553.7208285947161
2022-12-09,549.3597419644096
2022-12-12,559.6823059495272
2022-12-13,569.0714257983104
2022-12-14,563.9161587386508
2022-12-15,541.4693521575914
2022-12-16,534.4609665632659
2022-12-19,523.6932169569443
2022-12-20,521.6389621454671
2022-12-21,529.4461708886056
2022-12-22,511.7567865391019
2022-12-23,513.4997134903683
2022-12-27,500.38388245595786
2022-12-28,493.02886659587887
2022-12-29,508.91347293686255
2022-12-30,508.5373924966427
2023-01-03,501.09257966599426
2023-01-04,497.074504484391
2023-01-05,485.87291453389446
2023-01-06,498.23088799160644
2023-01-09,505.5635087757762
2023-01-10,510.21836859980294
2023-01-11,526.0423337573284
2023-01-12,528.8165984134946
2023-01-13,534.6798637797799
2023-01-17,538.570278400562
2023-01-18,532.7491562688667
2023-01-19,528.9876687385217
2023-01-20,549.2385913896602
2023-01-23,562.3010862799665
2023-01-24,560.6496278223397
2023-01-25,557.6264249446158
2023-01-26,573.6717580870718
2023-01-27,586.036934446515
2023-01-30,569.663103646665
2023-01-31,580.8110657989466
2023-02-01,594.0114145669498
2023-02-02,624.3303783028532
2023-02-03,612.0681416144374
2023-02-06,606.6118432467802
2023-02-07,624.1133444027929
2023-02-08,612.1822600909114
2023-02-09,605.1723762835309
2023-02-10,598.7242951021806
2023-02-13,609.151341461466
2023-02-14,615.9748551149338
2023-02-15,621.0368124464779
2023-02-16,605.9893303464011
2023-02-17,600.351319743322
2023-02-21,583.3806238008254
2023-02-22,585.0964399272982
2023-02-23,594.7631254265175
2023-02-24,582.5986569695413
2023-02-27,588.7210253882215
2023-02-28,587.0864445831743
2023-03-01,579.409752478751
2023-03-02,583.1971479037907
2023-03-03,598.339224202971
2023-03-06,600.8786107969912
2023-03-07,593.1433004202122
2023-03-08,595.7926770168924
2023-03-09,584.9534220210917
2023-03-10,576.485930748051
2023-03-13,584.0294784786041
2023-03-14,600.2841534139984
2023-03-15,606.5359783612879
2023-03-16,627.9612561849851
2023-03-17,628.9112357044158
2023-03-20,626.8140462287686
2023-03-21,640.3946328077272
2023-03-22,633.8542406325282
2023-03-23,642.5482231008355
2023-03-24,643.4761287867086
2023-03-27,635.5691457394101
2023-03-28,631.0053572921797
2023-03-29,643.1512641349941
2023-03-30,649.302993530853
2023-03-31,662.5228855959624
2023-04-03,660.4217210520783
2023-04-04,659.4916317345339
2023-04-05,649.8903281504201
2023-04-06,660.2244929387712
2023-04-10,655.5771903829714
2023-04-11,646.9930651469056
2023-04-12,640.729992925215
2023-04-13,658.2517038821252
2023-04-14,657.6107030679104
2023-04-17,657.6807217751128
2023-04-18,658.0142006352091
2023-04-19,660.4706917708718
2023-04-20,651.8697764825903
2023-04-21,653.2473544604918
2023-04-24,650.3651500229614
2023-04-25,637.1276941255005
2023-04-26,651.1845577841309
2023-04-27,672.0549130196066
2023-04-28,673.4285863988746
2023-05-01,671.5348925045832
2023-05-02,667.6650141679921
2023-05-03,665.0532782902965
2023-05-04,662.9507222786905
2023-05-05,681.7889944206942
2023-05-08,684.4119309133013
2023-05-09,679.7093548439129
2023-05-10,692.7672900690802
2023-05-11,698.0650751082833
2023-05-12,694.0601215478678
2023-05-15,694.8444533344293
2023-05-16,701.8215941472745
2023-05-17,711.7933016647748
2023-05-18,725.9361508871573
2023-05-19,723.9361789549769
2023-05-22,728.0712734803966
2023-05-23,717.1161495801056
2023-05-24,715.2587501272187
2023-05-25,744.8732776408579
2023-05-26,761.8254218482322
2023-05-30,768.3289522897239
2023-05-31,759.3799565962763
2023-06-01,773.6510770813707
2023-06-02,778.9071178201621
2023-06-05,780.5711667215306
2023-06-06,780.7833278797075
2023-06-07,761.494229156965
2023-06-08,772.8347078005945
2023-06-09,776.7142390420784
2023-06-12,790.0018743426019
2023-06-13,796.8603059748351
2023-06-14,803.0271816125598
2023-06-15,812.9982471105432
2023-06-16,806.5115708908465
2023-06-20,806.5115708908465
2023-06-21,793.688089939903
2023-06-22,808.8663791562446
2023-06-23,800.0801694494934
2023-06-26,781.2218746738934
2023-06-27,794.7446097587056
2023-06-28,798.113891518071
2023-06-29,795.517857756436
2023-06-30,811.1103121444996
2023-07-03,812.4991732598249
2023-07-05,813.8917286046303
2023-07-06,810.9602599973872
2023-07-07,808.2981287834596
2023-07-10,795.5052770982348
2023-07-11,798.1047720284079
2023-07-12,810.6546370916059
2023-07-13,829.8348964898548
2023-07-14,832.3126158014045
2023-07-17,839.165838722902
2023-07-18,849.2791185292845
2023-07-19,846.9259415705261
2023-07-20,821.4560306595424
2023-07-21,815.3899274376408
2023-07-24,820.5845051837716
2023-07-25,827.98938042624
2023-07-26,826.0588850332974
2023-07-27,819.6120257978109
2023-07-28,838.2741893208174
2023-07-31,838.8976050872405
2023-08-01,833.3510504170094
2023-08-02,811.2843044216163
2023-08-03,811.8665988054788
2023-08-04,810.6910258098969
2023-08-07,815.8073913036801
2023-08-08,809.9352050098774
2023-08-09,795.3113642362234
2023-08-10,796.4997334138836
2023-08-11,790.6448742253265
2023-08-14,804.3525730794531
2023-08-15,795.7806007451841
2023-08-16,788.1880160350617
2023-08-17,781.8259839619986
2023-08-18,778.0077936288642
2023-08-21,797.9106433091805
2023-08-22,797.2938506622911
2023-08-23,813.1600557522697
2023-08-24,796.58739286014
2023-08-25,801.3249367586577
2023-08-28,806.5408175206966
2023-08-29,828.0183848512902
2023-08-30,834.5518107472021
2023-08-31,837.4241269767783
2023-09-01,833.8847221527312
2023-09-05,839.395087267806
2023-09-06,824.2318793388611
2023-09-07,817.5616623550053
2023-09-08,819.9113544911008
2023-09-11,833.0780379769714
2023-09-12,820.6222622846328
2023-09-13,828.0225843359287
2023-09-14,833.9926292262148
2023-09-15,819.0331001410909
2023-09-18,819.7167917562595
2023-09-19,818.1935514878136
2023-09-20,799.5299599550584
2023-09-21,784.6625482145872
2023-09-22,782.3453933679519
2023-09-25,788.6416007762564
2023-09-26,772.0675095198994
2023-09-27,772.5905809580055
2023-09-28,777.7668021658798
2023-09-29,781.1220910065313
2023-10-02,795.853865633596
2023-10-03,779.7406120356968
2023-10-04,794.000565155399
2023-10-05,795.7327973408798
2023-10-06,810.0423134293728
2023-10-09,813.2656753010594
2023-10-10,814.4048459815717
2023-10-11,824.6983119829413
2023-10-12,823.3217031282367
2023-10-13,810.3756955904048
2023-10-16,819.1034366425964
2023-10-17,812.3901770264416
2023-10-18,798.6464720035971
2023-10-19,792.9440508185846
2023-10-20,778.7254894774347
2023-10-23,785.7385205274364
2023-10-24,793.2878221635644
2023-10-25,773.1579333876479
2023-10-26,751.1072196813186
2023-10-27,761.3405016159014
2023-10-30,773.474092976552
2023-10-31,774.6074899998259
2023-11-01,793.0612759240823
2023-11-02,806.3704763852891
2023-11-03,813.2591323955652
2023-11-06,822.0077849453958
2023-11-07,832.0212919348819
2023-11-08,836.4529714288205
2023-11-09,829.2994452802526
2023-11-10,848.5548164392708
2023-11-13,846.4001869962112
2023-11-14,861.6036515424494
2023-11-15,861.0363099830372
2023-11-16,867.7391132686379
2023-11-17,864.117233688437
2023-11-20,875.0747935457198
2023-11-21,870.7778705366445
2023-11-22,873.9595744973763
2023-11-24,868.8132066396404
2023-11-27,870.9811332434879
2023-11-28,876.1230196477721
2023-11-29,869.8372608732993
2023-11-30,864.341759158764
2023-12-01,863.1865419007495
2023-12-04,850.1043245907454
2023-12-05,863.3504857823151
2023-12-06,854.9506313681749
2023-12-07,870.1802110260328
2023-12-08,874.7343355710242
2023-12-11,864.0507522858492
2023-12-12,869.6099532629814
2023-12-13,876.4182580762389
2023-12-14,873.2482013701688
2023-12-15,879.891274735142
2023-12-18,887.7016874317474
2023-12-19,890.9883953068148
2023-12-20,879.3442536980843
2023-12-21,888.9873944001872
2023-12-22,887.9855124756359
2023-12-26,890.614458314459
2023-12-27,891.8387006653466
2023-12-28,890.045176274526
2023-12-29,885.2692168550202
2024-01-02,867.7599950387702
2024-01-03,859.4774224496167
2024-01-04,852.6170493974345
2024-01-05,854.8861648694774
2024-01-08,875.8105743607714
2024-01-09,879.1656365455867
2024-01-10,890.109297377953
2024-01-11,891.2187796969731
2024-01-12,892.9744163245489
2024-01-16,892.3140600851839
2024-01-17,887.2267422820969
2024-01-18,902.5446717601678
2024-01-19,921.1776131496633
2024-01-22,921.2262457681408
2024-01-23,926.1844945344517
2024-01-24,933.7778736976004
2024-01-25,928.74056411902
2024-01-26,925.8860684239869
2024-01-29,937.1937115999137
2024-01-30,930.7349348611531
2024-01-31,904.5806251198587
2024-02-01,918.6899944318109
2024-02-02,952.9618559033831
2024-02-05,953.0990111076694
2024-02-06,951.1544377172203
2024-02-07,966.6248025517391
2024-02-08,967.0971054250456
2024-02-09,980.6732902167889
2024-02-12,971.7598439987546
2024-02-13,957.1111089590609
2024-02-14,968.1007165507651
2024-02-15,967.762419244847
2024-02-16,959.5461850661937
2024-02-20,949.0967011185836
2024-02-21,948.0959461435572
2024-02-22,986.3613098113335
2024-02-23,982.2794186841652
2024-02-26,978.605379544355
2024-02-27,979.7994316821105
2024-02-28,974.9652178550165
2024-02-29,984.6570803350635
2024-03-01,999.3505837456055
2024-03-04,992.0063524583907
2024-03-05,972.3660549481272
2024-03-06,975.4750597338002
2024-03-07,997.416020257516
2024-03-08,976.323804912988
2024-03-11,968.4978827245003
2024-03-12,990.3327882410058
2024-03-13,982.491465715395
2024-03-14,985.5031376436064
2024-03-15,973.2511632534762
2024-03-18,986.3085173594734
2024-03-19,991.4305010584835
2024-03-20,1006.5311870524383
2024-03-21,1007.4545450524406
2024-03-22,1014.5755290062787
2024-03-25,1010.5008104838228
2024-03-26,1003.2672180639421
2024-03-27,1003.4981867341487
2024-03-28,999.7250543513483
2024-04-01,1005.5951678185739
2024-04-02,998.2697681710795
2024-04-03,1003.0743202479023
2024-04-04,990.3070556675684
2024-04-05,1005.9716584690766
2024-04-08,1005.1173669524323
2024-04-09,1006.888549662386
2024-04-10,1004.7284135175746
2024-04-11,1029.6159007828317
2024-04-12,1015.4723472050254
2024-04-15,992.8306723765156
2024-04-16,991.6438178523379
2024-04-17,978.4056932214438
2024-04-18,972.2210840469165
2024-04-19,941.9349380569782
2024-04-22,952.2039504902607
2024-04-23,969.3824527207955
2024-04-24,971.9007275128903
2024-04-25,962.6960704122101
2024-04-26,991.732143621628
2024-04-29,995.2818487549227
2024-04-30,971.8732744889519
2024-05-01,968.3202251619375
2024-05-02,983.7012701942834
2024-05-03,1009.1849150176987
2024-05-06,1024.9952623067359
2024-05-07,1022.6344377726934
2024-05-08,1022.6004655745332
2024-05-09,1023.3284297666021
2024-05-10,1024.4354816547054
2024-05-13,1026.35484956051
2024-05-14,1036.9238398444606
2024-05-15,1053.6705682549298
2024-05-16,1049.2652251066465
2024-05-17,1047.5416167433868
2024-05-20,1054.145343585646
2024-05-21,1060.3461068941936
2024-05-22,1056.292528013278
2024-05-23,1058.4028387832072
2024-05-24,1073.6451267301204
2024-05-28,1087.0444024047208
2024-05-29,1084.3642782985062
2024-05-30,1065.8805271372928
2024-05-31,1060.9590002085556
2024-06-03,1073.1561067961097
2024-06-04,1078.764282578998
2024-06-05,1105.4742784899227
2024-06-06,1105.769846965253
2024-06-07,1105.7748065169876
2024-06-10,1111.3055572802211
2024-06-11,1128.062524565251
2024-06-12,1149.0194662266815
2024-06-13,1166.7866834913066
2024-06-14,1173.5850459991188
2024-06-17,1190.131331558495
2024-06-18,1187.6278883039558
2024-06-20,1172.791456168079
2024-06-21,1162.6696636662027
2024-06-24,1143.7691839785582
2024-06-25,1165.3270486237188
2024-06-26,1178.7210272652947
2024-06-27,1180.7982926640623
2024-06-28,1167.2568367142278
2024-07-01,1187.4544288660925
2024-07-02,1202.1342789188793
2024-07-03,1221.2174079409283
2024-07-05,1237.3570793921733
2024-07-08,1241.0800196203463
2024-07-09,1245.9869926283443
2024-07-10,1261.961333173068
2024-07-11,1217.261781665941
2024-07-12,1220.0764905164806
2024-07-15,1224.631080904585
2024-07-16,1216.7481977359466
2024-07-17,1172.6751199339851
2024-07-18,1172.4869220092255
2024-07-19,1160.9931682754523
2024-07-22,1183.188618386508
2024-07-23,1187.8130479517217
2024-07-24,1128.582566486261
2024-07-25,1112.0011097614802
2024-07-26,1122.8784381148648
2024-07-29,1125.3881375968704
2024-07-30,1104.0874932184618
2024-07-31,1147.0177968182772
2024-08-01,1120.4906864946668
2024-08-02,1095.189678844507
2024-08-05,1052.0972131924582
2024-08-06,1065.1064531855773
2024-08-07,1050.6390754051324
2024-08-08,1084.1270720537148
2024-08-09,1094.9119149303247
2024-08-12,1101.7752985317638
2024-08-13,1133.3404666303868
2024-08-14,1134.293497922024
2024-08-15,1164.4515480177524
2024-08-16,1165.1912196998796
2024-08-19,1181.2981167558714
2024-08-20,1178.211406510019
2024-08-21,1182.1176156795068
2024-08-22,1158.9842040440785
2024-08-23,1176.1738177861255
2024-08-26,1162.869679314578
2024-08-27,1165.0100967614685
2024-08-28,1150.1589758459552
2024-08-29,1142.0101847764201
2024-08-30,1158.3832643379942
2024-09-03,1115.2476922473172
2024-09-04,1112.0653606364049
2024-09-05,1120.2625234092923
2024-09-06,1080.1159619093887
2024-09-09,1095.0065563467415
2024-09-10,1111.0496410068824
2024-09-11,1145.2595177754722
2024-09-12,1163.7576740568697
2024-09-13,1169.0684068663872
2024-09-16,1157.8479199359338
2024-09-17,1159.540828039373
2024-09-18,1157.0613454881884
2024-09-19,1192.2889718537867
2024-09-20,1191.9277196938863
2024-09-23,1195.6202880974802
2024-09-24,1203.081526500046
2024-09-25,1208.8287417073802
2024-09-26,1210.6319163892563
2024-09-27,1201.0720067001894
2024-09-30,1208.581433674085
2024-10-01,1186.9320710887166
2024-10-02,1186.5764739455917
2024-10-03,1189.76557209281
2024-10-04,1206.964641907802
2024-10-07,1190.1132365360309
2024-10-08,1214.1314543094682
2024-10-09,1221.838055659366
2024-10-10,1221.5810782807487
2024-10-11,1214.4162835230493
2024-10-14,1225.584330176202
2024-10-15,1213.569278495945
2024-10-16,1214.5648630412245
2024-10-17,1219.0133468746321
2024-10-18,1224.12519542573
2024-10-21,1233.866081362989
2024-10-22,1239.391173354272
2024-10-23,1213.562598650125
2024-10-24,1228.4068837847517
2024-10-25,1239.8259475789632
2024-10-28,1239.115264553609
2024-10-29,1253.7046019180232
2024-10-30,1249.1055602905028
2024-10-31,1204.5440015092481
2024-11-01,1214.2505867507268
2024-11-04,1207.9325257586818
2024-11-05,1228.3282614356667
2024-11-06,1265.1994893315418
2024-11-07,1292.2783702794072
2024-11-08,1294.5908608700054
2024-11-11,1290.0190512585586
2024-11-12,1291.068665575756
2024-11-13,1288.9080774844697
2024-11-14,1280.155762024648
2024-11-15,1249.5187966508838
2024-11-18,1258.1566981369424
2024-11-19,1275.7766299176594
2024-11-20,1269.552938804397
2024-11-21,1262.2386004225643
2024-11-22,1259.6667156968058
2024-11-25,1258.8789044980767
2024-11-26,1274.284351526892
2024-11-27,1261.3955411918564
2024-11-29,1275.5338672818862
2024-12-02,1296.113324917511
2024-12-03,1308.253812158668
2024-12-04,1327.1998989688122
2024-12-05,1330.9085555718482
2024-12-06,1349.2225343286
2024-12-09,1346.4572161861665
2024-12-10,1345.631617837303
2024-12-11,1380.5882980228907
2024-12-12,1372.260031514285
2024-12-13,1401.8812473055623
2024-12-16,1439.4904732703117
2024-12-17,1433.426262738948
2024-12-18,1377.6256921086988
2024-12-19,1376.8769566095966
2024-12-20,1385.687077009702
2024-12-23,1409.323065716191
2024-12-24,1433.2918033902224
2024-12-26,1431.4618821468605
2024-12-27,1405.4360655445082
2024-12-30,1388.182021882883
2024-12-31,1369.3244790366366
2025-01-02,1364.3262126420295
2025-01-03,1391.2370942002258
2025-01-06,1416.8929088085106
2025-01-07,1379.0618835661014
2025-01-08,1378.9557027092699
2025-01-10,1356.2753442175544
2025-01-13,1348.472535174888
2025-01-14,1338.006398928952
2025-01-15,1379.0093719039594
2025-01-16,1355.0921195712883
2025-01-17,1380.946840562561
2025-01-21,1384.979412729612
2025-01-22,1409.1608444666356
2025-01-23,1410.436905828531
2025-01-24,1404.1194727974057
2025-01-27,1334.2246230303697
2025-01-28,1378.6033195262414
2025-01-29,1364.705349280828
2025-01-30,1362.219728703493
2025-01-31,1361.8552122043363
2025-02-03,1336.4988389017353
2025-02-04,1359.368159309305
2025-02-05,1355.6655158571762
2025-02-06,1366.4057898840665
2025-02-07,1340.4256207632402
2025-02-10,1355.650891033303
2025-02-11,1352.6693376596295
2025-02-12,1352.513542423587
2025-02-13,1373.8978853911963
2025-02-14,1379.977343717706
2025-02-18,1372.8004797311
2025-02-19,1376.608859913087
2025-02-20,1372.967032240876
2025-02-21,1339.2836292276006
2025-02-24,1318.062427264365
2025-02-25,1293.5582418739536
2025-02-26,1299.57233405028
2025-02-27,1252.2459126137605
2025-02-28,1277.3272268197875
2025-03-03,1230.6922322972357
2025-03-04,1228.593231948907
2025-03-05,1249.1423596504774
2025-03-06,1213.2638966347768
2025-03-07,1227.2356019883268
2025-03-10,1167.3739023392477
2025-03-11,1170.0090115666198
2025-03-12,1192.705984002872
2025-03-13,1166.920472688455
2025-03-14,1199.6150987507947
2025-03-17,1189.8427708725817
2025-03-18,1163.2787272273492
2025-03-19,1183.5635526208966
2025-03-20,1180.1466562914484
2025-03-21,1192.8913654313058
2025-03-24,1222.2321344718293
2025-03-25,1231.539459423078
2025-03-26,1194.8067919186897
2025-03-27,1186.292047157899
2025-03-28,1149.4928163208701
2025-03-31,1146.172379784084
2025-04-01,1162.0253683850437
2025-04-02,1171.4697383654814
2025-04-03,1088.8497374864091
2025-04-04,1027.5026047051754
2025-04-07,1033.6755026377027
2025-04-08,1011.6856457712117
2025-04-09,1158.474980356763
2025-04-10,1102.2126147591703
2025-04-11,1131.1589009555507
2025-04-14,1130.7967881345476
2025-04-15,1126.9477187956336
2025-04-16,1082.440505408622
2025-04-17,1072.861398312777
2025-04-21,1040.4799539108378
2025-04-22,1069.7041649710018
2025-04-23,1104.820247456044
2025-04-24,1140.315357903692
2025-04-25,1166.7049209021661
2025-04-28,1161.9050070107014
2025-04-29,1166.135004335606
2025-04-30,1162.0261802305613
2025-05-01,1195.6475346974285
2025-05-02,1208.6433516775855
2025-05-05,1195.3552265108865
2025-05-06,1187.692291717045
2025-05-07,1188.7435390602075
2025-05-08,1202.1468714426578
2025-05-09,1204.7349049120758
2025-05-12,1271.0148103533693
2025-05-13,1301.018714179002
2025-05-14,1319.6131335599296
2025-05-15,1309.9425757980612
2025-05-16,1312.4551794648864
2025-05-19,1312.3683503647662
2025-05-20,1304.1493531543151
2025-05-21,1289.6979843310085
2025-05-22,1297.1223618339159
2025-05-23,1278.229756256272
2025-05-27,1315.5606215081393
2025-05-28,1312.2029311029937
2025-05-29,1321.8317216778555
2025-05-30,1314.022527259417
2025-06-02,1324.8650158708895
2025-06-03,1334.240964016822
2025-06-04,1340.8188169021691
2025-06-05,1325.7292230916314
2025-06-06,1341.2135752892407
2025-06-09,1347.1976787176145
2025-06-10,1358.1677971001934
2025-06-11,1350.5848485434008
2025-06-12,1356.0655482523525
2025-06-13,1339.958936683086
2025-06-16,1359.740643029735
2025-06-17,1348.1267800581918
2025-06-18,1350.1950513270324
2025-06-20,1341.02098337983
2025-06-23,1354.5085459953243
2025-06-24,1372.0283201822053
2025-06-25,1384.760281783049
2025-06-26,1399.6689009422698
2025-06-27,1412.1128102746193
2025-06-30,1416.0462979098502
2025-07-01,1394.9410350714654
2025-07-02,1413.9678666439172
2025-07-03,1429.9183080725522
2025-07-07,1415.0954335677616
2025-07-08,1412.6262526788632
2025-07-09,1431.583064317981
2025-07-10,1435.980870003382
2025-07-11,1440.0996108491233
2025-07-14,1439.499941416881
2025-07-15,1453.5907715967128
2025-07-16,1455.63786328655
2025-07-17,1465.0012559362456
2025-07-18,1469.2096298021381
2025-07-21,1479.1501649424895
2025-07-22,1465.9374031774282
2025-07-23,1476.137104450851
2025-07-24,1482.0251052849108
2025-07-25,1487.1897858660238
2025-07-28,1498.29685175552
2025-07-29,1491.688185388304
2025-07-30,1496.8588769987405
2025-07-31,1508.7282800321607
2025-08-01,1466.2015742890023
2025-08-04,1496.9526184763845
2025-08-05,1485.767114524563
2025-08-06,1514.5606874165915
2025-08-07,1522.9814615095668
2025-08-08,1544.5637357845153
2025-08-11,1541.6542817097566
2025-08-12,1561.578967499483
2025-08-13,1555.6563045639436
2025-08-14,1562.5802156201853
2025-08-15,1554.7089090719587
2025-08-18,1552.7609065395513
2025-08-19,1524.0746693353378
2025-08-20,1507.2267173258888
2025-08-21,1500.468281074115
2025-08-22,1531.0380209825985
2025-08-25,1534.6493313451263
2025-08-26,1542.1734131770627
2025-08-27,1545.8025313457101
2025-08-28,1556.4667074678177
2025-08-29,1532.1656027427664
2025-09-02,1517.7915241929913
2025-09-03,1546.533648495334
2025-09-04,1564.8448309017008
2025-09-05,1569.366511676049
2025-09-08,1577.512414280058
2025-09-09,1581.3596012614312
2025-09-10,1593.4942217010748
2025-09-11,1598.8812489138052
2025-09-12,1617.6445856137038
2025-09-15,1642.1609051057364
2025-09-16,1641.1873094276366
2025-09-17,1625.8433355147604
2025-09-18,1632.2446348635217
2025-09-19,1651.3050542819751
2025-09-22,1664.8364585062768
2025-09-23,1643.039663905868
2025-09-24,1634.5384456861075
2025-09-25,1633.0387644525358
2025-09-26,1635.0920926005533
2025-09-29,1637.702462181751
2025-09-30,1644.4823714760619
2025-10-01,1647.0005657765223
2025-10-02,1655.2398944503966
2025-10-03,1649.2582247872074
2025-10-06,1655.3611835304157
2025-10-07,1650.9782550757045
2025-10-08,1669.4953978690428
2025-10-09,1672.7838228875848
2025-10-10,1611.0162238340495
2025-10-13,1652.9120589284155
2025-10-14,1627.971271549844
2025-10-15,1637.6835277828998
2025-10-16,1636.789687676397
2025-10-17,1645.2153546747415
2025-10-20,1667.2774079326068
2025-10-21,1661.862481248355
2025-10-22,1644.2445946768275
2025-10-23,1654.4150720427542
2025-10-24,1679.5688632444765
2025-10-27,1715.7383720300654
2025-10-28,1745.7448522020813
2025-10-29,1770.5121288601717
2025-10-30,1736.662511557423
2025-10-31,1743.6224867641731
2025-11-03,1751.5848640219015
2025-11-04,1720.7515851140174
2025-11-05,1722.8325382620535
2025-11-06,1694.3786523565177
2025-11-07,1687.4881981173755
2025-11-10,1732.507070971716
2025-11-11,1728.123578513978
2025-11-12,1721.912684467427
2025-11-13,1685.350719706424
2025-11-14,1688.4265486385123
2025-11-17,1678.3142414945564
2025-11-18,1654.4487498393214
2025-11-19,1669.7054172361345
2025-11-20,1637.982007910431
2025-11-21,1642.9227923434155
2025-11-24,1699.7672436169023
2025-11-25,1706.706311783846
2025-11-26,1721.3845301704248
2025-11-28,1730.79555354813
2025-12-01,1724.7271461078485
2025-12-02,1732.5254120414306
2025-12-03,1715.0529991806425
2025-12-04,1719.8528176457162
2025-12-05,1725.313370967635
2025-12-08,1728.6282383078646
2025-12-09,1731.4803510948302
2025-12-10,1727.4441320265846
2025-12-11,1715.8816564159035
2025-12-12,1671.4649370775724
2025-12-15,1652.2157402669143
2025-12-16,1658.3752601079686
2025-12-17,1625.6098887079306
2025-12-18,1648.7186036336352
2025-12-19,1672.277648932717
2025-12-22,1676.885184993493
2025-12-23,1698.5977754983323
2025-12-24,1700.1444020297065
2025-12-26,1699.8695688111907
2025-12-29,1688.7275706168066
2025-12-30,1685.8662024456576
2025-12-31,1675.2526764764095
2026-01-02,1667.193542513281
2026-01-05,1671.4707517128702
2026-01-06,1665.5807054619681
2026-01-07,1676.2062388147533
2026-01-08,1668.476496515852
2026-01-09,1680.46826093638
2026-01-12,1686.6160420421743
2026-01-13,1685.897645984314
2026-01-14,1660.1123275296313
2026-01-15,1663.3818355083727
2026-01-16,1661.7790052284722
2026-01-20,1606.5595717090364
2026-01-21,1619.981969085714
2026-01-22,1637.0350739587739
2026-01-23,1650.1702682047658
2026-01-26,1659.7415077960702
2026-01-27,1680.4699383975026
2026-01-28,1684.769569426394
2026-01-29,1656.1185614096958
2026-01-30,1655.8232174051368
2026-02-02,1658.731224771555
2026-02-03,1630.3303995458
2026-02-04,1607.9154879012917
2026-02-05,1578.9645565617748
2026-02-06,1606.5910777961944
2026-02-09,1624.699128487464
2026-02-10,1615.623815267091
2026-02-11,1608.4894865831436
2026-02-12,1572.1229617463064
2026-02-13,1551.731284397491
2026-02-17,1561.7599339391313
2026-02-18,1574.1346795836498
2026-02-19,1569.5505032522437
2026-02-20,1591.0239189019594
2026-02-23,1576.9533606761038
2026-02-24,1592.3872169229403
2026-02-25,1615.194202844471
2026-02-26,1580.3857244963363
2026-02-27,1553.4416864408124
2026-03-02,1561.5157242870134
2026-03-03,1551.2252213335528
2026-03-04,1568.506093086866
2026-03-05,1574.7606116952716
2026-03-06,1549.52052452382
2026-03-09,1574.9324128175895
2026-03-10,1578.3057127817017
2026-03-11,1582.6927216005895
2026-03-12,1556.3494588123015
2026-03-13,1531.7458555636279
2026-03-16,1551.4482313032915
2026-03-17,1557.6124692451497
2026-03-18,1534.1907808809995
2026-03-19,1523.8095358814167
2026-03-20,1491.6067013465317
2026-03-23,1515.2439964954028
2026-03-24,1496.489822753475
2026-03-25,1508.4081081817312
2026-03-26,1471.8707656892523
2026-03-27,1435.596002807326
2026-03-30,1425.6207695515486
2026-03-31,1487.0877295034734
2026-04-01,1505.8317587189645
2026-04-02,1502.4716513097287
2026-04-06,1508.5685979269156
2026-04-07,1513.6323763908983
2026-04-08,1548.8011727072708
2026-04-09,1567.050379091768
2026-04-10,1584.8670393101966
2026-04-13,1601.11067963312
2026-04-14,1641.1732883529717
2026-04-15,1683.6818954018063
2026-04-16,1683.7059086135926
2026-04-17,1712.2939137451003
2026-04-20,1702.4792782606155
2026-04-21,1689.8052965173188
2026-04-22,1725.8620032654103
2026-04-23,1704.4953221610535
2026-04-24,1736.4860226895003
2026-04-27,1750.3003080214528
2026-04-28,1740.4227552898378
2026-04-29,1733.3763065406974
2026-04-30,1746.4948845749877
2026-05-01,1766.46224204076
2026-05-04,1761.798484270255
2026-05-05,1773.2661637365186
2026-05-06,1812.2626943545388
2026-05-07,1820.0703646010547
2026-05-08,1846.12204384796
2026-05-11,1845.2586468138638
2026-05-12,1835.2625516015005
2026-05-13,1867.9346226347332
2026-05-14,1891.6631967319595
2026-05-15,1862.380420607412
2026-05-18,1849.3545097649217
2026-05-19,1826.2250512157998
2026-05-20,1849.876378489076
2026-05-21,1845.755478532145
2026-05-22,1839.428098503955
2026-05-26,1846.3403874957698
2026-05-27,1850.934783502378
2026-05-28,1869.2156191766535
2026-05-29,1869.9250995836683
2026-06-01,1879.9675102106958
2026-06-02,1870.7665596988058
2026-06-03,1833.7816565916614
2026-06-04,1833.7641037521655
2026-06-05,1765.9288639558524
2026-06-08,1769.2629977977174
2026-06-09,1745.1595961686253
2026-06-10,1703.1891050608274
2026-06-11,1728.3824811654556
2026-06-12,1724.7560677689255
2026-06-15,1769.473890021045
2026-06-16,1754.5938166441501
2026-06-17,1725.1336707740045
2026-06-18,1756.9012418864922
2026-06-22,1714.773924741
2026-06-23,1686.383188205714
2026-06-24,1675.6620797053702
2026-06-25,1633.1136613872943
2026-06-26,1645.280958863632
2026-06-29,1679.8675274720072
2026-06-30,1705.9391244944336
2026-07-01,1719.3001759026374
2026-07-02,1718.145239206217
2026-07-06,1744.0941247685835
2026-07-07,1739.4471630764156
2026-07-08,1748.3656595039151
2026-07-09,1759.7771824472848
2026-07-10,1770.6323558071044
2026-07-13,1750.7126569985508
2026-07-14,1766.8727499226898
2026-07-15,1806.6961771533863
2026-07-16,1780.4021226216305
2026-07-17,1754.298976278154
2026-07-20,1758.1984615442534
2026-07-21,1763.712703906372
2026-07-22,1760.8960932826753
2026-07-23,1692.784564615757
2026-07-24,1695.1902552924153
2026-07-27,1690.8539285914114
2026-07-28,1701.478123850872
2026-07-29,1677.134110762067
2026-07-30,1735.2991873769543
2026-07-31,1779.645062469554
2026-08-03,1828.699906945737
2026-08-04,1856.5628198145218
2026-08-05,1848.1394240842428
2026-08-06,1853.4113816364898
