Date,Close
2000-06-30,100.00000000000001
2000-07-01,99.95903197471148
2000-07-02,99.91823823504348
2000-07-03,101.01259562958991
2000-07-04,100.97214808664148
2000-07-05,96.74028027609438
2000-07-06,99.05290389623022
2000-07-07,99.86365421093512
2000-07-08,99.82388966870644
2000-07-09,99.7842939415766
2000-07-10,96.79305480980051
2000-07-11,95.66473730174133
2000-07-12,98.43599316649679
2000-07-13,99.78929121821321
2000-07-14,101.74595431343619
2000-07-15,101.7073555045599
2000-07-16,101.66892022038864
2000-07-17,102.97600562921752
2000-07-18,100.64781193248197
2000-07-19,97.94839112115946
2000-07-20,102.49110775218352
2000-07-21,101.37034565980574
2000-07-22,101.33287607697764
2000-07-23,101.29556490246586
2000-07-24,99.64945722983201
2000-07-25,101.27906446411137
2000-07-26,101.56427056248593
2000-07-27,99.6986279395314
2000-07-28,94.8711068067511
2000-07-29,94.83473114285198
2000-07-30,94.798508938975
2000-07-31,97.1714465698694
2000-08-01,95.0754238877737
2000-08-02,93.51657673387626
2000-08-03,96.9177554469363
2000-08-04,96.7010238281152
2000-08-05,96.69077793082208
2000-08-06,96.68055157435077
2000-08-07,98.16485880163378
2000-08-08,98.438232831954
2000-08-09,99.11423294926576
2000-08-10,96.56551951653714
2000-08-11,97.59723336135772
2000-08-12,97.58712337322231
2000-08-13,97.57703263455839
2000-08-14,99.1239725695904
2000-08-15,98.70483825483629
2000-08-16,98.60098581564772
2000-08-17,100.15520271866689
2000-08-18,100.1683604770119
2000-08-19,100.15838437187504
2000-08-20,100.1484272292775
2000-08-21,101.21630574330513
2000-08-22,101.01234428027719
2000-08-23,102.36850790995295
2000-08-24,103.1977678061412
2000-08-25,102.12195275742872
2000-08-26,102.1121085398562
2000-08-27,102.10228300224179
2000-08-28,102.98223604492989
2000-08-29,103.10351120313581
2000-08-30,102.35635648549663
2000-08-31,104.50680987689196
2000-09-01,104.60913559726157
2000-09-02,104.55539979306707
2000-09-03,104.50198961888685
2000-09-04,104.4489030987269
2000-09-05,101.44975297290927
2000-09-06,98.83292726413796
2000-09-07,101.20604804452432
2000-09-08,98.09045192508748
2000-09-09,98.03895445283035
2000-09-10,97.98776902824356
2000-09-11,95.27274193416285
2000-09-12,93.57569807360724
2000-09-13,94.48884741072355
2000-09-14,93.92474769550827
2000-09-15,92.21315922772668
2000-09-16,92.16380672672433
2000-09-17,92.11475325834031
2000-09-18,90.34097649440017
2000-09-19,94.82320235277213
2000-09-20,96.03000263056191
2000-09-21,93.19354422641157
2000-09-22,91.384194119151
2000-09-23,91.3578072871584
2000-09-24,91.33157508392463
2000-09-25,88.20521677970028
2000-09-26,87.26628766949767
2000-09-27,87.12723820912697
2000-09-28,89.09522873266013
2000-09-29,85.22493636885142
2000-09-30,85.19857858398564
2000-10-01,85.17238156762318
2000-10-02,83.62137820099558
2000-10-03,81.44936864907959
2000-10-04,83.47963930122498
2000-10-05,83.38347507690091
2000-10-06,81.41482352247894
2000-10-07,81.38957073255057
2000-10-08,81.36447197124266
2000-10-09,80.46665481722819
2000-10-10,78.13890895686234
2000-10-11,76.27139615035333
2000-10-12,74.88239730411095
2000-10-13,81.10198581797705
2000-10-14,81.07779169838719
2000-10-15,81.0537451500904
2000-10-16,80.06993699437726
2000-10-17,78.9150716797588
2000-10-18,78.42139538854099
2000-10-19,85.42992662466821
2000-10-20,86.97882862758513
2000-10-21,86.95564879579668
2000-10-22,86.93261034868385
2000-10-23,85.30743578062548
2000-10-24,83.51705587825441
2000-10-25,77.76357942579625
2000-10-26,80.2069875654098
2000-10-27,81.24371716800616
2000-10-28,81.22150910212694
2000-10-29,81.19943649366691
2000-10-30,77.88457347226168
2000-10-31,81.71240017729339
2000-11-01,79.68472087007723
2000-11-02,81.195344919658
2000-11-03,82.27586460956523
2000-11-04,82.25102720573582
2000-11-05,82.2263672050756
2000-11-06,81.12257926430682
2000-11-07,81.61932373980756
2000-11-08,76.12482016218652
2000-11-09,77.1546648855199
2000-11-10,72.6655512631135
2000-11-11,72.64192938653568
2000-11-12,72.61847623112519
2000-11-13,72.23591533184825
2000-11-14,77.39732571206542
2000-11-15,77.77198954906585
2000-11-16,74.85693239041728
2000-11-17,76.05154345784752
2000-11-18,76.02907762136599
2000-11-19,76.0067722489417
2000-11-20,72.59234286207821
2000-11-21,73.85613361961443
2000-11-22,70.4939279615201
2000-11-23,70.47225306562068
2000-11-24,74.12443998917558
2000-11-25,74.10307361689976
2000-11-26,74.08185985566901
2000-11-27,73.53933812393683
2000-11-28,70.49555714080365
2000-11-29,69.72912090356459
2000-11-30,66.018293958433
2000-12-01,66.205775209889
2000-12-02,66.18378463173069
2000-12-03,66.16196413164099
2000-12-04,66.77595843095597
2000-12-05,74.45136682065666
2000-12-06,71.44073635246947
2000-12-07,70.26088719531757
2000-12-08,72.47481997151252
2000-12-09,72.45399266963042
2000-12-10,72.43332644888284
2000-12-11,74.3499708247039
2000-12-12,72.05031696182287
2000-12-13,69.24864526917375
2000-12-14,67.47133062833407
2000-12-15,63.73537662082952
2000-12-16,63.715651059247406
2000-12-17,63.69607805779319
2000-12-18,63.49267457219369
2000-12-19,60.313337268729114
2000-12-20,55.991764444119305
2000-12-21,56.85238926238485
2000-12-22,60.961779443503445
2000-12-23,60.961779443503445
2000-12-24,60.961779443503445
2000-12-25,60.961779443503445
2000-12-26,60.46229341940278
2000-12-27,61.31141249520121
2000-12-28,60.16992929967921
2000-12-29,57.42769274396163
2000-12-30,57.42769274396163
2000-12-31,57.42769274396163
2001-01-01,57.42769274396163
2001-01-02,53.32028350976813
2001-01-03,63.07765597924375
2001-01-04,61.59490615012779
2001-01-05,57.06576438139079
2001-01-06,57.06576438139079
2001-01-07,57.06576438139079
2001-01-08,57.757913955883694
2001-01-09,58.603072969556294
2001-01-10,59.60460493546939
2001-01-11,61.6005743468238
2001-01-12,60.780653953205075
2001-01-13,60.780653953205075
2001-01-14,60.780653953205075
2001-01-15,60.780653953205075
2001-01-16,60.43587350947263
2001-01-17,61.84402248756429
2001-01-18,64.90153643915443
2001-01-19,65.11026444396401
2001-01-20,65.11026444396401
2001-01-21,65.11026444396401
2001-01-22,65.38450984694045
2001-01-23,66.97944759974007
2001-01-24,67.06267529583745
2001-01-25,64.40972935407787
2001-01-26,66.0071319465993
2001-01-27,66.0071319465993
2001-01-28,66.0071319465993
2001-01-29,66.91541492752701
2001-01-30,66.84829142976506
2001-01-31,64.77505326119618
2001-02-01,65.77224409900029
2001-02-02,62.80929013344209
2001-02-03,62.80929013344209
2001-02-04,62.80929013344209
2001-02-05,62.19489490197467
2001-02-06,62.70254077555845
2001-02-07,61.6426495634045
2001-02-08,60.03859072180302
2001-02-09,57.11370915165956
2001-02-10,57.11370915165956
2001-02-11,57.11370915165956
2001-02-12,57.76866819191163
2001-02-13,55.945377254383274
2001-02-14,58.20303791405628
2001-02-15,60.14675358300973
2001-02-16,56.32926671496421
2001-02-17,56.32926671496421
2001-02-18,56.32926671496421
2001-02-19,56.32926671496421
2001-02-20,53.43723531553092
2001-02-21,52.03585795012728
2001-02-22,51.60187411448045
2001-02-23,51.62648770147846
2001-02-24,51.62648770147846
2001-02-25,51.62648770147846
2001-02-26,52.59969376794379
2001-02-27,49.971289004561584
2001-02-28,48.59591337643522
2001-03-01,50.51872424236433
2001-03-02,47.88559150387272
2001-03-03,47.88559150387272
2001-03-04,47.88559150387272
2001-03-05,49.24697799738205
2001-03-06,50.43636430721072
2001-03-07,50.75328808911311
2001-03-08,49.46163945238937
2001-03-09,45.712964830546966
2001-03-10,45.712964830546966
2001-03-11,45.712964830546966
2001-03-12,42.11166288897114
2001-03-13,45.2989670124068
2001-03-14,44.327372900922946
2001-03-15,43.730766250011015
2001-03-16,42.835074516067806
2001-03-17,42.835074516067806
2001-03-18,42.835074516067806
2001-03-19,44.42075359894095
2001-03-20,41.4528220266322
2001-03-21,41.72144691798479
2001-03-22,44.19175284855381
2001-03-23,44.42773360577944
2001-03-24,44.42773360577944
2001-03-25,44.42773360577944
2001-03-26,43.314080793494476
2001-03-27,44.85997790119797
2001-03-28,41.450910460793764
2001-03-29,40.625774148448
2001-03-30,40.728166941298255
2001-03-31,40.728166941298255
2001-04-01,40.728166941298255
2001-04-02,39.55533503921657
2001-04-03,36.79344306166978
2001-04-04,35.66705567523087
2001-04-05,39.152505481125885
2001-04-06,37.25296063706926
2001-04-07,37.25296063706926
2001-04-08,37.25296063706926
2001-04-09,37.7101866799978
2001-04-10,40.243541584637896
2001-04-11,42.30811930857677
2001-04-12,43.995729146911245
2001-04-13,43.995729146911245
2001-04-14,43.995729146911245
2001-04-15,43.995729146911245
2001-04-16,42.16523085217661
2001-04-17,42.53946441413611
2001-04-18,47.35049245616905
2001-04-19,50.598519278226235
2001-04-20,50.512819358106796
2001-04-21,50.512819358106796
2001-04-22,50.512819358106796
2001-04-23,47.155694499921296
2001-04-24,45.59890412340396
2001-04-25,46.27120488624277
2001-04-26,44.72175729787604
2001-04-27,45.50290015176534
2001-04-28,45.50290015176534
2001-04-29,45.50290015176534
2001-04-30,46.42794085325262
2001-05-01,47.92609390259822
2001-05-02,49.26826940786195
2001-05-03,47.20905755970864
2001-05-04,48.66051902001909
2001-05-05,48.66051902001909
2001-05-06,48.66051902001909
2001-05-07,48.44958960431315
2001-05-08,49.228345022643
2001-05-09,47.599486932810066
2001-05-10,46.793007419500384
2001-05-11,46.27552046580031
2001-05-12,46.27552046580031
2001-05-13,46.27552046580031
2001-05-14,45.584913269651096
2001-05-15,45.61916945331133
2001-05-16,47.710005948955775
2001-05-17,47.944166920755194
2001-05-18,47.980988618773985
2001-05-19,47.980988618773985
2001-05-20,47.980988618773985
2001-05-21,51.122012990058664
2001-05-22,51.118072671678746
2001-05-23,49.64017288509836
2001-05-24,50.67855588690274
2001-05-25,49.56611149269679
2001-05-26,49.56611149269679
2001-05-27,49.56611149269679
2001-05-28,49.56611149269679
2001-05-29,47.63255411120603
2001-05-30,45.20307327667303
2001-05-31,45.48296640275261
2001-06-01,46.50865373766257
2001-06-02,46.50865373766257
2001-06-03,46.50865373766257
2001-06-04,46.75643118800834
2001-06-05,48.665106750606554
2001-06-06,48.19464898303153
2001-06-07,49.688085548252985
2001-06-08,48.253885901928804
2001-06-09,48.253885901928804
2001-06-10,48.253885901928804
2001-06-11,47.28738787755654
2001-06-12,47.15979418197859
2001-06-13,45.484193241217454
2001-06-14,43.700382634361304
2001-06-15,42.97824165830562
2001-06-16,42.97824165830562
2001-06-17,42.97824165830562
2001-06-18,42.30220516292762
2001-06-19,42.5713279289878
2001-06-20,43.12608709313847
2001-06-21,43.93086882083027
2001-06-22,43.71796335285485
2001-06-23,43.71796335285485
2001-06-24,43.71796335285485
2001-06-25,44.51233574059951
2001-06-26,44.80036853127623
2001-06-27,44.83509202195263
2001-06-28,46.13205250527123
2001-06-29,46.066330381384184
2001-06-30,46.066330381384184
2001-07-01,46.066330381384184
2001-07-02,46.27942098366452
2001-07-03,46.884694664698365
2001-07-04,46.884694664698365
2001-07-05,45.07599904928959
2001-07-06,43.09018384834002
2001-07-07,43.09018384834002
2001-07-08,43.09018384834002
2001-07-09,43.98528372585875
2001-07-10,42.254298244661186
2001-07-11,42.81456305654231
2001-07-12,45.954643747890714
2001-07-13,46.36034750533665
2001-07-14,46.36034750533665
2001-07-15,46.36034750533665
2001-07-16,44.990230680338215
2001-07-17,45.925231670620086
2001-07-18,44.79019830126393
2001-07-19,46.17858911170515
2001-07-20,45.40848067331698
2001-07-21,45.40848067331698
2001-07-22,45.40848067331698
2001-07-23,43.94300935248524
2001-07-24,43.513183677115336
2001-07-25,44.61743521537804
2001-07-26,44.9523586032106
2001-07-27,45.03205794308889
2001-07-28,45.03205794308889
2001-07-29,45.03205794308889
2001-07-30,44.87750899184686
2001-07-31,45.15001438483195
2001-08-01,46.30080101718133
2001-08-02,47.39171684633413
2001-08-03,46.715932941033856
2001-08-04,46.715932941033856
2001-08-05,46.715932941033856
2001-08-06,46.01762803002261
2001-08-07,45.81450393230857
2001-08-08,44.179352809281795
2001-08-09,44.245173101288984
2001-08-10,43.98063012330982
2001-08-11,43.98063012330982
2001-08-12,43.98063012330982
2001-08-13,44.72326305324379
2001-08-14,44.003811018049646
2001-08-15,42.65253236940333
2001-08-16,43.4176189140814
2001-08-17,41.26199252133543
2001-08-18,41.26199252133543
2001-08-19,41.26199252133543
2001-08-20,41.80984902537752
2001-08-21,40.34073704668137
2001-08-22,41.19364973229942
2001-08-23,40.747699630887894
2001-08-24,43.11474171462018
2001-08-25,43.11474171462018
2001-08-26,43.11474171462018
2001-08-27,42.921404241000175
2001-08-28,41.49382487337086
2001-08-29,40.888082737080914
2001-08-30,38.92798405678998
2001-08-31,39.31328027497189
2001-09-01,39.31328027497189
2001-09-02,39.31328027497189
2001-09-03,39.31328027497189
2001-09-04,38.220447328563864
2001-09-05,38.318094842274654
2001-09-06,36.66831109247046
2001-09-07,36.54022182434733
2001-09-08,36.54022182434733
2001-09-09,36.54022182434733
2001-09-10,37.21067788884858
2001-09-11,37.21067788884858
2001-09-12,37.21067788884858
2001-09-13,37.21067788884858
2001-09-14,37.21067788884858
2001-09-15,37.21067788884858
2001-09-16,37.21067788884858
2001-09-17,34.39545347188376
2001-09-18,34.1080385398464
2001-09-19,33.32112400871655
2001-09-20,32.00400186220256
2001-09-21,30.719730384431813
2001-09-22,30.719730384431813
2001-09-23,30.719730384431813
2001-09-24,32.66834005565775
2001-09-25,32.94415575573299
2001-09-26,32.12364919451523
2001-09-27,31.833270059147118
2001-09-28,32.47024410154357
2001-09-29,32.465255199790754
2001-09-30,32.460283161321996
2001-10-01,32.1200826059594
2001-10-02,32.20893554816425
2001-10-03,34.406187654588
2001-10-04,34.564599912346196
2001-10-05,34.91156802937076
2001-10-06,34.90669598031468
2001-10-07,34.90184039956189
2001-10-08,35.302455140531926
2001-10-09,34.110325104362
2001-10-10,35.499815376796086
2001-10-11,37.41056617717817
2001-10-12,37.46380020441686
2001-10-13,37.45904227107182
2001-10-14,37.45430042030076
2001-10-15,37.25705326447378
2001-10-16,37.81961264311755
2001-10-17,35.960069974582815
2001-10-18,36.377649025917336
2001-10-19,36.887692477288795
2001-10-20,36.883045986776224
2001-10-21,36.878415202143074
2001-10-22,37.894867081590945
2001-10-23,37.796568584294874
2001-10-24,38.55334116579563
2001-10-25,39.39825193040126
2001-10-26,39.06877023389387
2001-10-27,39.06423257594079
2001-10-28,39.059710255995704
2001-10-29,37.25917781105211
2001-10-30,36.48970621604941
2001-10-31,36.90663248758497
2001-11-01,38.736422473549396
2001-11-02,38.9312429286123
2001-11-03,38.93469368672151
2001-11-04,38.93815341975303
2001-11-05,39.8055735132449
2001-11-06,41.026800555714864
2001-11-07,41.13813114369175
2001-11-08,41.03513969543695
2001-11-09,40.968482537554195
2001-11-10,40.97199661244191
2001-11-11,40.97551982692971
2001-11-12,41.34015104723012
2001-11-13,42.42135112924368
2001-11-14,42.58330477358558
2001-11-15,42.543422173331635
2001-11-16,42.33994892458409
2001-11-17,42.3435274780282
2001-11-18,42.34711533877178
2001-11-19,43.09948250173962
2001-11-20,41.84782517457462
2001-11-21,41.877386540965645
2001-11-22,41.881011873606916
2001-11-23,42.508967246349314
2001-11-24,42.51261146144475
2001-11-25,42.516265154616114
2001-11-26,43.21141436394839
2001-11-27,42.83979252901662
2001-11-28,41.76187228752272
2001-11-29,42.92980819764685
2001-11-30,43.04334846367115
2001-12-01,43.041869515165814
2001-12-02,43.04039209958859
2001-12-03,42.537421160759386
2001-12-04,43.729418472258395
2001-12-05,45.75590146368552
2001-12-06,45.73118276210694
2001-12-07,44.76300416238477
2001-12-08,44.761535911067355
2001-12-09,44.760069181590424
2001-12-10,44.2114177892023
2001-12-11,44.26154898789243
2001-12-12,44.632464983377304
2001-12-13,42.76794713970703
2001-12-14,43.09893274213286
2001-12-15,43.09747511063094
2001-12-16,43.09601898996208
2001-12-17,43.62863971076534
2001-12-18,43.79218310787472
2001-12-19,43.211557637313334
2001-12-20,41.493617782955766
2001-12-21,41.69979307337834
2001-12-22,41.69834598487912
2001-12-23,41.69690039628516
2001-12-24,41.5241901099585
2001-12-25,41.5241901099585
2001-12-26,41.87293124572136
2001-12-27,42.30908603322575
2001-12-28,42.318468875983825
2001-12-29,42.318468875983825
2001-12-30,42.318468875983825
2001-12-31,41.18738796660831
2002-01-01,41.18738796660831
2002-01-02,42.362237538910016
2002-01-03,44.263402005953935
2002-01-04,44.397131402082735
2002-01-05,44.397131402082735
2002-01-06,44.397131402082735
2002-01-07,43.76846490753456
2002-01-08,44.35465626564044
2002-01-09,44.1068909281563
2002-01-10,44.104058625743335
2002-01-11,43.62753456292363
2002-01-12,43.62753456292363
2002-01-13,43.62753456292363
2002-01-14,43.22837787591856
2002-01-15,43.49743637160901
2002-01-16,42.2889897222883
2002-01-17,43.39959291345524
2002-01-18,41.77720100937992
2002-01-19,41.77720100937992
2002-01-20,41.77720100937992
2002-01-21,41.77720100937992
2002-01-22,40.22106864943672
2002-01-23,41.19556907714322
2002-01-24,41.64239911101391
2002-01-25,41.848987891895014
2002-01-26,41.848987891895014
2002-01-27,41.848987891895014
2002-01-28,42.04592451146153
2002-01-29,40.63395828273947
2002-01-30,41.49723666619986
2002-01-31,42.04384602715146
2002-02-01,41.328123168819246
2002-02-02,41.328123168819246
2002-02-03,41.328123168819246
2002-02-04,40.43026413704983
2002-02-05,40.24674414926265
2002-02-06,39.943982155923116
2002-02-07,38.84769121854286
2002-02-08,39.182054694188395
2002-02-09,39.182054694188395
2002-02-10,39.182054694188395
2002-02-11,40.247977816633906
2002-02-12,39.74425097865907
2002-02-13,40.52168322880532
2002-02-14,40.15969619407768
2002-02-15,39.1067228100763
2002-02-16,39.1067228100763
2002-02-17,39.1067228100763
2002-02-18,39.1067228100763
2002-02-19,38.015718266569
2002-02-20,38.47152381003048
2002-02-21,36.48219692457729
2002-02-22,36.63801872170763
2002-02-23,36.63801872170763
2002-02-24,36.63801872170763
2002-02-25,38.1903831805902
2002-02-26,37.72326838641371
2002-02-27,37.070546016867816
2002-02-28,36.60239817042861
2002-03-01,38.61669055383278
2002-03-02,38.61669055383278
2002-03-03,38.61669055383278
2002-03-04,39.71807831030252
2002-03-05,40.019210044128755
2002-03-06,40.44784863175176
2002-03-07,40.34383616026938
2002-03-08,41.71387583808227
2002-03-09,41.71387583808227
2002-03-10,41.71387583808227
2002-03-11,41.44277682844277
2002-03-12,40.61143359695895
2002-03-13,39.5622988813028
2002-03-14,39.21644381902052
2002-03-15,39.68404015352193
2002-03-16,39.68404015352193
2002-03-17,39.68404015352193
2002-03-18,39.93279764168433
2002-03-19,40.07216562899478
2002-03-20,38.665705114874186
2002-03-21,39.657830343079745
2002-03-22,39.07850186625241
2002-03-23,39.07850186625241
2002-03-24,39.07850186625241
2002-03-25,38.17250991935318
2002-03-26,38.57285642210768
2002-03-27,38.39420749917555
2002-03-28,38.80294854812366
2002-03-29,38.80294854812366
2002-03-30,38.80294854812366
2002-03-31,38.80294854812366
2002-04-01,39.60454408279355
2002-04-02,37.91863499284375
2002-04-03,37.66527358045459
2002-04-04,37.80720283841002
2002-04-05,37.20660090545812
2002-04-06,37.20660090545812
2002-04-07,37.20660090545812
2002-04-08,37.600447147299036
2002-04-09,36.03770109677744
2002-04-10,36.76425357929473
2002-04-11,35.797999791208234
2002-04-12,36.28894650172503
2002-04-13,36.28894650172503
2002-04-14,36.28894650172503
2002-04-15,36.17932860890107
2002-04-16,37.83491010144802
2002-04-17,37.87931874317805
2002-04-18,37.431867408864576
2002-04-19,37.27309764894914
2002-04-20,37.27309764894914
2002-04-21,37.27309764894914
2002-04-22,36.448694154019066
2002-04-23,35.34859231935846
2002-04-24,34.94952939346868
2002-04-25,35.01198298008004
2002-04-26,33.63799375234845
2002-04-27,33.63799375234845
2002-04-28,33.63799375234845
2002-04-29,33.578943131497496
2002-04-30,34.12038334554766
2002-05-01,33.75402927628382
2002-05-02,32.625552958675094
2002-05-03,31.41559840688508
2002-05-04,31.41559840688508
2002-05-05,31.41559840688508
2002-05-06,30.689104729724264
2002-05-07,30.67485183282149
2002-05-08,34.56165670497533
2002-05-09,33.32466378604254
2002-05-10,31.89609261573699
2002-05-11,31.89609261573699
2002-05-12,31.89609261573699
2002-05-13,33.60711717430101
2002-05-14,35.37499164867936
2002-05-15,35.61980331605422
2002-05-16,36.08024060781469
2002-05-17,36.367588040688865
2002-05-18,36.367588040688865
2002-05-19,36.367588040688865
2002-05-20,35.3162468316921
2002-05-21,34.47334627703866
2002-05-22,34.88710064294165
2002-05-23,35.431844752890804
2002-05-24,34.397636251061854
2002-05-25,34.397636251061854
2002-05-26,34.397636251061854
2002-05-27,34.397636251061854
2002-05-28,34.15747249588122
2002-05-29,33.34955811559412
2002-05-30,33.55060781541309
2002-05-31,32.95680905572813
2002-06-01,32.95680905572813
2002-06-02,32.95680905572813
2002-06-03,31.76179766181152
2002-06-04,32.54858232237253
2002-06-05,33.20652479220675
2002-06-06,32.19947129205322
2002-06-07,31.12299035676932
2002-06-08,31.12299035676932
2002-06-09,31.12299035676932
2002-06-10,31.014868368045946
2002-06-11,30.22293096887399
2002-06-12,31.449452337386926
2002-06-13,30.88786127038493
2002-06-14,30.883817754883808
2002-06-15,30.883817754883808
2002-06-16,30.883817754883808
2002-06-17,31.970113723972432
2002-06-18,31.758756627661363
2002-06-19,30.466390507492513
2002-06-20,29.505566874414747
2002-06-21,28.684911905943604
2002-06-22,28.684911905943604
2002-06-23,28.684911905943604
2002-06-24,29.6514615289116
2002-06-25,28.780547511999146
2002-06-26,29.24140089093637
2002-06-27,29.970159843230753
2002-06-28,29.831244030052858
2002-06-29,29.831244030052858
2002-06-30,29.831244030052858
2002-07-01,28.475647502564165
2002-07-02,27.394617832977847
2002-07-03,28.226724337655146
2002-07-04,28.226724337655146
2002-07-05,30.13389043655802
2002-07-06,30.13389043655802
2002-07-07,30.13389043655802
2002-07-08,28.75672737877008
2002-07-09,28.314571963781134
2002-07-10,27.462668122174463
2002-07-11,28.588682500321436
2002-07-12,28.66319331351543
2002-07-13,28.66319331351543
2002-07-14,28.66319331351543
2002-07-15,29.10009181172493
2002-07-16,28.929029230222998
2002-07-17,29.74356420171744
2002-07-18,28.98237584154244
2002-07-19,28.312459229343556
2002-07-20,28.312459229343556
2002-07-21,28.312459229343556
2002-07-22,27.29400683676957
2002-07-23,25.768340856933314
2002-07-24,27.17757018592344
2002-07-25,25.532108884968476
2002-07-26,26.179616256151046
2002-07-27,26.179616256151046
2002-07-28,26.179616256151046
2002-07-29,27.80188224360448
2002-07-30,28.05537059718145
2002-07-31,27.793779816119923
2002-08-01,26.28756082878057
2002-08-02,25.600246676878548
2002-08-03,25.600246676878548
2002-08-04,25.600246676878548
2002-08-05,24.672469201526997
2002-08-06,25.91778787001073
2002-08-07,26.683401408350406
2002-08-08,27.744325841856007
2002-08-09,27.360755604982856
2002-08-10,27.360755604982856
2002-08-11,27.360755604982856
2002-08-12,27.420477295238662
2002-08-13,26.632155824531875
2002-08-14,28.377625948409815
2002-08-15,28.567123681995128
2002-08-16,29.03408546423296
2002-08-17,29.03408546423296
2002-08-18,29.03408546423296
2002-08-19,29.793777962930072
2002-08-20,29.29454387342223
2002-08-21,29.98384842075209
2002-08-22,30.32802238043665
2002-08-23,29.26651783959061
2002-08-24,29.26651783959061
2002-08-25,29.26651783959061
2002-08-26,29.292395087318244
2002-08-27,28.238595599875545
2002-08-28,27.407901033954612
2002-08-29,27.91763665487005
2002-08-30,27.32085108845685
2002-08-31,27.32085108845685
2002-09-01,27.32085108845685
2002-09-02,27.32085108845685
2002-09-03,26.138163314543565
2002-09-04,26.5853660360521
2002-09-05,25.515267763226568
2002-09-06,26.63849966283948
2002-09-07,26.63849966283948
2002-09-08,26.63849966283948
2002-09-09,26.894381976529424
2002-09-10,27.507086955855378
2002-09-11,27.389976935626372
2002-09-12,26.409558398364226
2002-09-13,26.772033641011465
2002-09-14,26.772033641011465
2002-09-15,26.772033641011465
2002-09-16,26.35467881102604
2002-09-17,26.019535495077097
2002-09-18,25.728694626209098
2002-09-19,24.97788078534933
2002-09-20,25.12003460752759
2002-09-21,25.12003460752759
2002-09-22,25.12003460752759
2002-09-23,24.178243938759937
2002-09-24,24.31713798534959
2002-09-25,25.18763589557617
2002-09-26,24.99079184997393
2002-09-27,24.58931206632866
2002-09-28,24.58931206632866
2002-09-29,24.58931206632866
2002-09-30,23.708454981698196
2002-10-01,24.95369316115758
2002-10-02,24.462110223585263
2002-10-03,24.103873726959385
2002-10-04,23.599430159710444
2002-10-05,23.599430159710444
2002-10-06,23.599430159710444
2002-10-07,23.437950384586564
2002-10-08,23.488971135464684
2002-10-09,23.42685846148703
2002-10-10,24.552590732118063
2002-10-11,25.718090082014818
2002-10-12,25.718090082014818
2002-10-13,25.718090082014818
2002-10-14,25.92367504279926
2002-10-15,27.44543300330244
2002-10-16,26.096239367747295
2002-10-17,26.707151305350607
2002-10-18,27.280007940125884
2002-10-19,27.280007940125884
2002-10-20,27.280007940125884
2002-10-21,27.730153509700617
2002-10-22,27.54518639949194
2002-10-23,28.279858758823387
2002-10-24,27.58939077337448
2002-10-25,28.647461736334733
2002-10-26,28.647461736334733
2002-10-27,28.647461736334733
2002-10-28,28.13626416409683
2002-10-29,27.966898088285745
2002-10-30,28.631217618598
2002-10-31,29.02098130032561
2002-11-01,29.403282006842165
2002-11-02,29.403282006842165
2002-11-03,29.403282006842165
2002-11-04,30.357840716347567
2002-11-05,30.54963392555506
2002-11-06,30.756741763395038
2002-11-07,29.992762611795037
2002-11-08,29.574194302661027
2002-11-09,29.574194302661027
2002-11-10,29.574194302661027
2002-11-11,28.655447288623723
2002-11-12,29.438540048322203
2002-11-13,29.93901699526382
2002-11-14,31.138859927256895
2002-11-15,31.244946507516552
2002-11-16,31.244946507516552
2002-11-17,31.244946507516552
2002-11-18,30.7576606967825
2002-11-19,30.245479219166587
2002-11-20,31.32057816209781
2002-11-21,32.34722267640969
2002-11-22,32.29559891917468
2002-11-23,32.29559891917468
2002-11-24,32.29559891917468
2002-11-25,32.83158226466822
2002-11-26,32.05425972811643
2002-11-27,33.007004946110214
2002-11-28,33.007004946110214
2002-11-29,33.061404477454055
2002-11-30,33.061404477454055
2002-12-01,33.061404477454055
2002-12-02,33.559854537634735
2002-12-03,32.8479529812902
2002-12-04,32.360514547206485
2002-12-05,31.791066456919708
2002-12-06,32.05440477268728
2002-12-07,32.05440477268728
2002-12-08,32.05440477268728
2002-12-09,30.722435841698562
2002-12-10,31.054918185649377
2002-12-11,31.210404156885737
2002-12-12,31.387187457043005
2002-12-13,30.46657590079155
2002-12-14,30.46657590079155
2002-12-15,30.46657590079155
2002-12-16,31.320032406063756
2002-12-17,31.1466038455694
2002-12-18,30.239536540197186
2002-12-19,30.070193756037362
2002-12-20,30.44559784072782
2002-12-21,30.44559784072782
2002-12-22,30.44559784072782
2002-12-23,31.037695328307034
2002-12-24,30.765197239758518
2002-12-25,30.765197239758518
2002-12-26,30.46628041860438
2002-12-27,30.05968699910034
2002-12-28,30.05968699910034
2002-12-29,30.05968699910034
2002-12-30,29.87244627224815
2002-12-31,29.544865555558175
2003-01-01,29.544865555558175
2003-01-02,30.76014247101395
2003-01-03,30.742690125592652
2003-01-04,30.742690125592652
2003-01-05,30.742690125592652
2003-01-06,31.712016220134345
2003-01-07,32.15175865611175
2003-01-08,31.324896578282612
2003-01-09,32.36630530751857
2003-01-10,32.54463439459204
2003-01-11,32.54463439459204
2003-01-12,32.54463439459204
2003-01-13,32.56673595213161
2003-01-14,33.012837232923346
2003-01-15,32.410257452744325
2003-01-16,31.924979109042273
2003-01-17,30.482030908422324
2003-01-18,30.482030908422324
2003-01-19,30.482030908422324
2003-01-20,30.482030908422324
2003-01-21,30.397929959203637
2003-01-22,30.335591637542706
2003-01-23,31.29655182678918
2003-01-24,30.016484750177423
2003-01-25,30.016484750177423
2003-01-26,30.016484750177423
2003-01-27,29.708978408101125
2003-01-28,30.04380083548957
2003-01-29,30.60069125130656
2003-01-30,29.65828954786985
2003-01-31,29.50165787444677
2003-02-01,29.50165787444677
2003-02-02,29.50165787444677
2003-02-03,29.700973824632833
2003-02-04,29.199355529767228
2003-02-05,29.058270858273495
2003-02-06,29.17262876685043
2003-02-07,28.664239916813166
2003-02-08,28.664239916813166
2003-02-09,28.664239916813166
2003-02-10,29.158516809093516
2003-02-11,29.182742294933735
2003-02-12,28.743090210936494
2003-02-13,28.75549741325581
2003-02-14,29.77144599541139
2003-02-15,29.77144599541139
2003-02-16,29.77144599541139
2003-02-17,29.77144599541139
2003-02-18,30.77939420056379
2003-02-19,30.611479250423585
2003-02-20,30.413070970476486
2003-02-21,30.87103696954469
2003-02-22,30.87103696954469
2003-02-23,30.87103696954469
2003-02-24,30.204286439853554
2003-02-25,30.35233280186717
2003-02-26,29.572184649195414
2003-02-27,30.131150994277053
2003-02-28,30.598664154063112
2003-03-01,30.598664154063112
2003-03-02,30.598664154063112
2003-03-03,30.010846210662358
2003-03-04,29.81174342094286
2003-03-05,30.280631814372008
2003-03-06,29.916239996434257
2003-03-07,29.95987599731666
2003-03-08,29.95987599731666
2003-03-09,29.95987599731666
2003-03-10,29.342245084150047
2003-03-11,29.217679703997504
2003-03-12,29.577841721438837
2003-03-13,31.34118558008035
2003-03-14,31.36784149571477
2003-03-15,31.36784149571477
2003-03-16,31.36784149571477
2003-03-17,32.69490954391699
2003-03-18,32.81537836071894
2003-03-19,32.712729246284994
2003-03-20,32.66771070493361
2003-03-21,33.115416390588095
2003-03-22,33.115416390588095
2003-03-23,33.115416390588095
2003-03-24,31.760597927963772
2003-03-25,32.20907825026718
2003-03-26,32.046575660128106
2003-03-27,31.837594454749542
2003-03-28,31.44930907092856
2003-03-29,31.44930907092856
2003-03-30,31.44930907092856
2003-03-31,30.566211039085992
2003-04-01,30.74475190705524
2003-04-02,31.88233178124306
2003-04-03,31.95168824111667
2003-04-04,31.599153229028186
2003-04-05,31.599153229028186
2003-04-06,31.599153229028186
2003-04-07,31.653535045754584
2003-04-08,31.413726442954253
2003-04-09,30.62451904422263
2003-04-10,30.89579696564809
2003-04-11,30.581085154739057
2003-04-12,30.581085154739057
2003-04-13,30.581085154739057
2003-04-14,31.28784313021687
2003-04-15,31.328990536449183
2003-04-16,31.717465246286544
2003-04-17,32.39846696205197
2003-04-18,32.39846696205197
2003-04-19,32.39846696205197
2003-04-20,32.39846696205197
2003-04-21,32.279509342877645
2003-04-22,32.9153958852702
2003-04-23,33.249343417745635
2003-04-24,33.01148543842132
2003-04-25,32.35867874154576
2003-04-26,32.35867874154576
2003-04-27,32.35867874154576
2003-04-28,32.86993721049898
2003-04-29,33.04250121342112
2003-04-30,32.67483029154205
2003-05-01,32.90754539627642
2003-05-02,33.223626312236206
2003-05-03,33.223626312236206
2003-05-04,33.223626312236206
2003-05-05,33.0767119011871
2003-05-06,33.64244900804084
2003-05-07,33.14351941873763
2003-05-08,32.714878576616115
2003-05-09,33.613512887484674
2003-05-10,33.613512887484674
2003-05-11,33.613512887484674
2003-05-12,33.94991556545364
2003-05-13,33.79660440382173
2003-05-14,33.52558064694139
2003-05-15,33.92204482025084
2003-05-16,33.56309209356965
2003-05-17,33.56309209356965
2003-05-18,33.56309209356965
2003-05-19,32.50017084489116
2003-05-20,32.58247540847239
2003-05-21,32.36122572504409
2003-05-22,32.60809263687263
2003-05-23,32.39759323001275
2003-05-24,32.39759323001275
2003-05-25,32.39759323001275
2003-05-26,32.39759323001275
2003-05-27,33.38789125857359
2003-05-28,33.425031384234856
2003-05-29,33.80633971056865
2003-05-30,34.00024542198515
2003-05-31,34.00024542198515
2003-06-01,34.00024542198515
2003-06-02,33.781250529518324
2003-06-03,34.29467591740985
2003-06-04,34.79616333371399
2003-06-05,34.68332748654129
2003-06-06,33.960379137082036
2003-06-07,33.960379137082036
2003-06-08,33.960379137082036
2003-06-09,33.80472597895873
2003-06-10,34.42383171310655
2003-06-11,34.77877164164934
2003-06-12,35.01948247063076
2003-06-13,34.47618458571496
2003-06-14,34.47618458571496
2003-06-15,34.47618458571496
2003-06-16,35.44078543329599
2003-06-17,35.34497918487621
2003-06-18,35.753448146306425
2003-06-19,35.38525315009663
2003-06-20,35.1598663883597
2003-06-21,35.1598663883597
2003-06-22,35.1598663883597
2003-06-23,34.52489704235891
2003-06-24,34.32425541503412
2003-06-25,33.94556310616841
2003-06-26,34.69548773784059
2003-06-27,34.390973354614744
2003-06-28,34.390973354614744
2003-06-29,34.390973354614744
2003-06-30,34.380490556340916
2003-07-01,34.94971644948291
2003-07-02,35.91212805269366
2003-07-03,35.49804567465067
2003-07-04,35.49804567465067
2003-07-05,35.49804567465067
2003-07-06,35.49804567465067
2003-07-07,37.029251440479136
2003-07-08,37.41375690086468
2003-07-09,37.28837771011397
2003-07-10,36.59447816188619
2003-07-11,37.08585918597115
2003-07-12,37.08585918597115
2003-07-13,37.08585918597115
2003-07-14,37.348736515700324
2003-07-15,37.290674457396435
2003-07-16,37.418817786434374
2003-07-17,36.45241965419582
2003-07-18,36.51022196796245
2003-07-19,36.51022196796245
2003-07-20,36.51022196796245
2003-07-21,35.77274479070328
2003-07-22,36.379043943955296
2003-07-23,36.697530258035634
2003-07-24,36.099824778133886
2003-07-25,36.96333375344722
2003-07-26,36.96333375344722
2003-07-27,36.96333375344722
2003-07-28,36.8582850553051
2003-07-29,36.771171110594125
2003-07-30,36.57963831109312
2003-07-31,36.8485072299642
2003-08-01,36.45845473998182
2003-08-02,36.45845473998182
2003-08-03,36.45845473998182
2003-08-04,36.54630348932217
2003-08-05,35.581835429299886
2003-08-06,35.181689802724826
2003-08-07,35.198203032545806
2003-08-08,34.870184084728685
2003-08-09,34.870184084728685
2003-08-10,34.870184084728685
2003-08-11,35.26525929375251
2003-08-12,35.856884125049575
2003-08-13,35.68689019788113
2003-08-14,36.01126553688397
2003-08-15,36.02202287712363
2003-08-16,36.02202287712363
2003-08-17,36.02202287712363
2003-08-18,36.801269294070025
2003-08-19,37.13800694235684
2003-08-20,37.01926218262468
2003-08-21,37.14261137667374
2003-08-22,37.14445055190528
2003-08-23,37.14445055190528
2003-08-24,37.14445055190528
2003-08-25,37.285679750327446
2003-08-26,37.47322629531667
2003-08-27,37.641273225813165
2003-08-28,37.883973168690815
2003-08-29,38.05418825180833
2003-08-30,38.05418825180833
2003-08-31,38.05418825180833
2003-09-01,38.05418825180833
2003-09-02,38.694646422743276
2003-09-03,38.85736729650633
2003-09-04,39.31157799008783
2003-09-05,39.04477850629679
2003-09-06,39.04477850629679
2003-09-07,39.04477850629679
2003-09-08,39.664389829102575
2003-09-09,39.19708132501752
2003-09-10,38.265246156013006
2003-09-11,38.735309340625086
2003-09-12,39.091711883262306
2003-09-13,39.091711883262306
2003-09-14,39.091711883262306
2003-09-15,38.951184412876714
2003-09-16,40.05415594181057
2003-09-17,39.76806845691641
2003-09-18,40.46871446657309
2003-09-19,40.30107768839067
2003-09-20,40.30107768839067
2003-09-21,40.30107768839067
2003-09-22,39.519234153009165
2003-09-23,40.10404086030137
2003-09-24,38.68242316408322
2003-09-25,38.404134440653316
2003-09-26,38.11271488531137
2003-09-27,38.11271488531137
2003-09-28,38.11271488531137
2003-09-29,38.98905964421332
2003-09-30,37.86132906585857
2003-10-01,38.94064711206282
2003-10-02,38.89918310768748
2003-10-03,39.889426812951214
2003-10-04,39.889426812951214
2003-10-05,39.889426812951214
2003-10-06,39.99181377084683
2003-10-07,40.17934194112384
2003-10-08,39.8917320072104
2003-10-09,40.17209691441695
2003-10-10,40.40710252068189
2003-10-11,40.40710252068189
2003-10-12,40.40710252068189
2003-10-13,40.55107800962837
2003-10-14,40.63297903437315
2003-10-15,40.72233869400942
2003-10-16,41.01173059467669
2003-10-17,40.143986384734
2003-10-18,40.143986384734
2003-10-19,40.143986384734
2003-10-20,40.69017582231075
2003-10-21,40.95308955889628
2003-10-22,40.04290788056221
2003-10-23,39.786500763307075
2003-10-24,39.041268992774405
2003-10-25,39.041268992774405
2003-10-26,39.041268992774405
2003-10-27,39.27325557515263
2003-10-28,40.400756192716955
2003-10-29,40.298928743880026
2003-10-30,40.283516452832714
2003-10-31,40.250796695267816
2003-11-01,40.250796695267816
2003-11-02,40.250796695267816
2003-11-03,40.99432664818757
2003-11-04,40.515411185682105
2003-11-05,40.5638936552306
2003-11-06,40.966828047260144
2003-11-07,40.83862730211271
2003-11-08,40.83862730211271
2003-11-09,40.83862730211271
2003-11-10,40.288267594732545
2003-11-11,40.13449757019918
2003-11-12,40.916087724768296
2003-11-13,40.66518795805834
2003-11-14,39.9608725138136
2003-11-15,39.9608725138136
2003-11-16,39.9608725138136
2003-11-17,39.55527717946547
2003-11-18,38.90713798171589
2003-11-19,39.52205545389525
2003-11-20,38.92469656784863
2003-11-21,39.17202232760436
2003-11-22,39.17202232760436
2003-11-23,39.17202232760436
2003-11-24,40.1618853903087
2003-11-25,39.81015949895483
2003-11-26,39.828831117385874
2003-11-27,39.828831117385874
2003-11-28,39.954974043410346
2003-11-29,39.954974043410346
2003-11-30,39.954974043410346
2003-12-01,40.54227259733119
2003-12-02,40.28621746825796
2003-12-03,40.21344819677529
2003-12-04,41.12532700467399
2003-12-05,40.478072090137715
2003-12-06,40.478072090137715
2003-12-07,40.478072090137715
2003-12-08,40.60804799345851
2003-12-09,39.779810737198346
2003-12-10,40.1028198917632
2003-12-11,40.66625853795125
2003-12-12,40.782950627853204
2003-12-13,40.782950627853204
2003-12-14,40.782950627853204
2003-12-15,40.41211974911987
2003-12-16,40.555780215048756
2003-12-17,40.49122692819816
2003-12-18,41.35001373991805
2003-12-19,41.142821483275256
2003-12-20,41.142821483275256
2003-12-21,41.142821483275256
2003-12-22,41.227434369803674
2003-12-23,41.57133297622704
2003-12-24,41.564063755823895
2003-12-25,41.572888250064295
2003-12-26,41.625568537925275
2003-12-27,41.63444794391441
2003-12-28,41.643354933781566
2003-12-29,42.352866634042385
2003-12-30,42.23164804976126
2003-12-31,42.20427356959076
2004-01-01,42.197975430320085
2004-01-02,42.094313349048235
2004-01-03,42.08804250806652
2004-01-04,42.08178527182715
2004-01-05,42.889884194366964
2004-01-06,42.9425300787008
2004-01-07,43.55086692735236
2004-01-08,44.06505236536839
2004-01-09,43.67018028637727
2004-01-10,43.66400406099604
2004-01-11,43.657841235086295
2004-01-12,44.02916426713174
2004-01-13,43.741888584773804
2004-01-14,44.150405415870104
2004-01-15,44.096698459499834
2004-01-16,44.56330113459519
2004-01-17,44.5572180972369
2004-01-18,44.55114825717639
2004-01-19,44.54509158578183
2004-01-20,44.3427751943153
2004-01-21,44.18865474436342
2004-01-22,43.87567314417396
2004-01-23,43.891462810428926
2004-01-24,43.88547155505555
2004-01-25,43.87949329785671
2004-01-26,44.55945814145318
2004-01-27,43.7462539500993
2004-01-28,43.102785480165
2004-01-29,43.12823306506397
2004-01-30,42.70722939459522
2004-01-31,42.707965676411604
2004-02-01,42.70870215754185
2004-02-02,42.45640071267147
2004-02-03,42.664332927573554
2004-02-04,41.47740423541596
2004-02-05,41.51121009242798
2004-02-06,42.20753212545119
2004-02-07,42.20826980359817
2004-02-08,42.209007681437015
2004-02-09,42.072670313569716
2004-02-10,42.34200980719988
2004-02-11,42.532376103365976
2004-02-12,42.116021063883714
2004-02-13,41.79032971093933
2004-02-14,41.791068788065004
2004-02-15,41.791808065261236
2004-02-16,41.792547542582184
2004-02-17,42.562368154412674
2004-02-18,42.633938170731284
2004-02-19,41.99382349313606
2004-02-20,42.10937854937865
2004-02-21,42.11011902813611
2004-02-22,42.110859707343565
2004-02-23,41.89683721123946
2004-02-24,42.05389827264048
2004-02-25,42.43112227127425
2004-02-26,42.49912522746466
2004-02-27,42.35133811672783
2004-02-28,42.345399600196835
2004-02-29,42.33947395175084
2004-03-01,42.957623792877655
2004-03-02,42.4912575362125
2004-03-03,42.315520027482144
2004-03-04,42.635472735853355
2004-03-05,42.502310400866264
2004-03-06,42.49646137748341
2004-03-07,42.49062502826416
2004-03-08,41.79129733326726
2004-03-09,41.86244733884624
2004-03-10,41.050887040710485
2004-03-11,40.498253151542954
2004-03-12,41.26572243922577
2004-03-13,41.25996156033378
2004-03-14,41.254213164606384
2004-03-15,40.52390996248816
2004-03-16,40.83513625138768
2004-03-17,41.48271025335368
2004-03-18,41.03367987261565
2004-03-19,40.44463618329044
2004-03-20,40.438962120556226
2004-03-21,40.433300352865935
2004-03-22,39.89439668146436
2004-03-23,39.533922865103165
2004-03-24,39.965280417924845
2004-03-25,41.10881149508222
2004-03-26,40.70942169231117
2004-03-27,40.70942169231117
2004-03-28,40.70942169231117
2004-03-29,41.58093549897404
2004-03-30,41.585975528565264
2004-03-31,41.343883307284244
2004-04-01,41.883992860904975
2004-04-02,42.91237050941935
2004-04-03,42.91237050941935
2004-04-04,42.91237050941935
2004-04-05,43.33582124278082
2004-04-06,42.94219317018882
2004-04-07,42.48787443888999
2004-04-08,42.48211564024447
2004-04-09,42.48211564024447
2004-04-10,42.48211564024447
2004-04-11,42.48211564024447
2004-04-12,42.816260677198315
2004-04-13,42.319172131065606
2004-04-14,42.36459121173697
2004-04-15,41.87774573177249
2004-04-16,41.6454197987735
2004-04-17,41.6454197987735
2004-04-18,41.6454197987735
2004-04-19,42.310700927352315
2004-04-20,41.23858601550815
2004-04-21,41.46556638717355
2004-04-22,42.60682881241307
2004-04-23,43.356034736026984
2004-04-24,43.356034736026984
2004-04-25,43.356034736026984
2004-04-26,42.99082304125868
2004-04-27,43.04091182379484
2004-04-28,42.31151593296137
2004-04-29,41.92399100275834
2004-04-30,41.14108205495374
2004-05-01,41.14108205495374
2004-05-02,41.14108205495374
2004-05-03,41.511685481508884
2004-05-04,41.6963626606223
2004-05-05,41.77830800487471
2004-05-06,41.4599301223203
2004-05-07,41.3083576794518
2004-05-08,41.3083576794518
2004-05-09,41.3083576794518
2004-05-10,41.23372655962612
2004-05-11,41.954646329712446
2004-05-12,41.73612650013877
2004-05-13,41.67999928808721
2004-05-14,41.190989171806976
2004-05-15,41.190989171806976
2004-05-16,41.190989171806976
2004-05-17,40.678138771554785
2004-05-18,41.07862991324824
2004-05-19,40.95352696760371
2004-05-20,41.214981822395416
2004-05-21,41.53031355631554
2004-05-22,41.53031355631554
2004-05-23,41.53031355631554
2004-05-24,41.65659610290681
2004-05-25,42.58888911349139
2004-05-26,42.709123568485424
2004-05-27,42.86934807559952
2004-05-28,42.8745141559644
2004-05-29,42.8745141559644
2004-05-30,42.8745141559644
2004-05-31,42.8745141559644
2004-06-01,42.8576658584569
2004-06-02,42.83499400060313
2004-06-03,42.311135822357365
2004-06-04,42.59869696100737
2004-06-05,42.59869696100737
2004-06-06,42.59869696100737
2004-06-07,43.51515579936101
2004-06-08,43.71314694294624
2004-06-09,43.12018717721986
2004-06-10,43.5086008489604
2004-06-11,43.5086008489604
2004-06-12,43.5086008489604
2004-06-13,43.5086008489604
2004-06-14,43.00592008305156
2004-06-15,43.63465460553502
2004-06-16,43.46822560528055
2004-06-17,43.13428931148836
2004-06-18,43.19416158151513
2004-06-19,43.19416158151513
2004-06-20,43.19416158151513
2004-06-21,42.85287031358328
2004-06-22,43.412905290775825
2004-06-23,43.840442466574814
2004-06-24,43.76714122758415
2004-06-25,43.956368678042104
2004-06-26,43.956368678042104
2004-06-27,43.956368678042104
2004-06-28,43.715974220515605
2004-06-29,44.20648696590605
2004-06-30,44.44681398636948
2004-07-01,43.9863789865053
2004-07-02,43.86109715782464
2004-07-03,43.86109715782464
2004-07-04,43.86109715782464
2004-07-05,43.86109715782464
2004-07-06,43.07337763610613
2004-07-07,43.21098136296746
2004-07-08,42.6434385508001
2004-07-09,42.93630884521717
2004-07-10,42.93630884521717
2004-07-11,42.93630884521717
2004-07-12,42.759572453658066
2004-07-13,42.65865709907657
2004-07-14,42.186802278941464
2004-07-15,41.99409965840397
2004-07-16,41.334992594234066
2004-07-17,41.334992594234066
2004-07-18,41.334992594234066
2004-07-19,41.45353126396799
2004-07-20,42.13685888692624
2004-07-21,41.45250137192784
2004-07-22,42.286835245840244
2004-07-23,41.31026859779298
2004-07-24,41.31026859779298
2004-07-25,41.31026859779298
2004-07-26,41.36386042477514
2004-07-27,41.827718669288245
2004-07-28,41.80652065850124
2004-07-29,42.074912503333906
2004-07-30,41.99186130042914
2004-07-31,41.99186130042914
2004-08-01,41.99186130042914
2004-08-02,42.48835519618569
2004-08-03,41.75027922138195
2004-08-04,41.5171254072761
2004-08-05,40.78320279617338
2004-08-06,39.7508616938934
2004-08-07,39.7508616938934
2004-08-08,39.7508616938934
2004-08-09,39.817406129085924
2004-08-10,40.505144582413635
2004-08-11,39.762588938448374
2004-08-12,39.21589006602752
2004-08-13,39.409160759171925
2004-08-14,39.409160759171925
2004-08-15,39.409160759171925
2004-08-16,39.79544500819331
2004-08-17,40.00694393308116
2004-08-18,40.81551206647259
2004-08-19,40.529324916104684
2004-08-20,40.852945937507705
2004-08-21,40.852945937507705
2004-08-22,40.852945937507705
2004-08-23,41.13549470956829
2004-08-24,41.19178456932261
2004-08-25,41.66725141391846
2004-08-26,41.335634754832796
2004-08-27,41.49501962038557
2004-08-28,41.49501962038557
2004-08-29,41.49501962038557
2004-08-30,40.98010923407689
2004-08-31,40.963568318914916
2004-09-01,41.18192180672932
2004-09-02,41.71271412112337
2004-09-03,40.85660114447711
2004-09-04,40.85660114447711
2004-09-05,40.85660114447711
2004-09-06,40.85660114447711
2004-09-07,41.119671374878195
2004-09-08,41.06723704747863
2004-09-09,41.27116955115808
2004-09-10,41.724249118442444
2004-09-11,41.724249118442444
2004-09-12,41.724249118442444
2004-09-13,41.94672990270672
2004-09-14,42.23303912141009
2004-09-15,41.83504645247398
2004-09-16,41.784297153633474
2004-09-17,41.83381481325701
2004-09-18,41.83381481325701
2004-09-19,41.83381481325701
2004-09-20,41.77078424451835
2004-09-21,41.95993640525859
2004-09-22,41.18405523835874
2004-09-23,41.28140102328967
2004-09-24,41.03101590585649
2004-09-25,41.03337548333639
2004-09-26,41.03573723606602
2004-09-27,40.755703547799875
2004-09-28,40.96772288742017
2004-09-29,41.57675127200107
2004-09-30,41.50600129988973
2004-10-01,42.639434594487504
2004-10-02,42.6488400788056
2004-10-03,42.65827981019142
2004-10-04,42.75251646496308
2004-10-05,43.04250084862373
2004-10-06,43.4548135565525
2004-10-07,42.97466882120666
2004-10-08,42.431030731435584
2004-10-09,42.44067857987266
2004-10-10,42.45036155786901
2004-10-11,42.66390791902745
2004-10-12,42.676907749654795
2004-10-13,42.68654915472997
2004-10-14,42.4867231044993
2004-10-15,42.72843409440488
2004-10-16,42.7383305522923
2004-10-17,42.74826304497091
2004-10-18,43.35519376018779
2004-10-19,42.99505500233658
2004-10-20,43.26941854629214
2004-10-21,43.71002421783021
2004-10-22,42.64069918328994
2004-10-23,42.65085065689114
2004-10-24,42.661039093841836
2004-10-25,42.40893536437669
2004-10-26,42.44838502969678
2004-10-27,43.41364016426138
2004-10-28,43.72718273659402
2004-10-29,43.720659542236234
2004-10-30,43.7270773652802
2004-10-31,43.73350959087138
2004-11-01,43.70917638709752
2004-11-02,43.924180278252265
2004-11-03,44.13255425537294
2004-11-04,44.32413624103191
2004-11-05,44.668427630045244
2004-11-06,44.67494695221457
2004-11-07,44.6814809047102
2004-11-08,44.86336665329499
2004-11-09,45.05298217602521
2004-11-10,44.61107921870601
2004-11-11,45.25837971400644
2004-11-12,45.799818863060366
2004-11-13,45.806441289583546
2004-11-14,45.81307857781451
2004-11-15,45.96970987911132
2004-11-16,45.58934845263925
2004-11-17,45.99845664195959
2004-11-18,46.24049716085406
2004-11-19,45.5003199818187
2004-11-20,45.50704714331124
2004-11-21,45.51378940155237
2004-11-22,45.82148195842798
2004-11-23,45.60254193223717
2004-11-24,46.10941865129651
2004-11-25,46.11622163608658
2004-11-26,45.94661647171591
2004-11-27,45.95345002458183
2004-11-28,45.96029891295435
2004-11-29,46.0564416012241
2004-11-30,45.81708127567774
2004-12-01,46.74775579348734
2004-12-02,47.03953527259007
2004-12-03,47.246964831732015
2004-12-04,47.25225242589951
2004-12-05,47.25754907318763
2004-12-06,47.43979988442643
2004-12-07,46.82963320230557
2004-12-08,47.27059884848347
2004-12-09,47.426601517138266
2004-12-10,47.19023616518855
2004-12-11,47.195587457635966
2004-12-12,47.200947912264596
2004-12-13,47.69355994144702
2004-12-14,47.80575625325302
2004-12-15,47.77416673115431
2004-12-16,47.476258093272264
2004-12-17,47.1120073143772
2004-12-18,47.11742307246123
2004-12-19,47.12284810310091
2004-12-20,47.073401067866776
2004-12-21,47.60765044231465
2004-12-22,47.7150675484882
2004-12-23,47.78279699857195
2004-12-24,47.78815824136498
2004-12-25,47.79352866337566
2004-12-26,47.79890828032012
2004-12-27,47.54185709004613
2004-12-28,47.94801638501558
2004-12-29,47.92532014816655
2004-12-30,47.865814736210126
2004-12-31,47.72766045791916
2005-01-01,47.72305756263296
2005-01-02,47.71846134145733
2005-01-03,47.34811381729551
2005-01-04,46.74935269200299
2005-01-05,46.71271557132123
2005-01-06,46.65442709631685
2005-01-07,46.949607676572136
2005-01-08,46.9450512973263
2005-01-09,46.94050152474367
2005-01-10,47.02895975980036
2005-01-11,46.656676180716204
2005-01-12,47.02173557501773
2005-01-13,46.46259718223453
2005-01-14,46.66778986917677
2005-01-15,46.663279535888485
2005-01-16,46.658775742497625
2005-01-17,46.65427847952147
2005-01-18,46.91713488119258
2005-01-19,46.06628439298781
2005-01-20,44.69726301791536
2005-01-21,44.61286478091618
2005-01-22,44.608400028253186
2005-01-23,44.60394174939658
2005-01-24,44.04772106084867
2005-01-25,44.263616523839474
2005-01-26,44.57494564246865
2005-01-27,44.493879895142584
2005-01-28,44.42038165565231
2005-01-29,44.41596202298493
2005-01-30,44.41154879870079
2005-01-31,44.89937567666413
2005-02-01,44.76696777723613
2005-02-02,44.823772329638274
2005-02-03,44.136360556503966
2005-02-04,44.66469930088847
2005-02-05,44.667470784805886
2005-02-06,44.67024479052782
2005-02-07,44.479315068311315
2005-02-08,44.80771077253541
2005-02-09,44.29164302488118
2005-02-10,44.40041257705364
2005-02-11,44.72512424560624
2005-02-12,44.7279134304155
2005-02-13,44.73070515313552
2005-02-14,45.12674022737714
2005-02-15,45.47331374037257
2005-02-16,45.352924094019556
2005-02-17,44.76037832990568
2005-02-18,44.595069687810614
2005-02-19,44.59787668656364
2005-02-20,44.60068623943653
2005-02-21,44.603498348753334
2005-02-22,44.16083044433188
2005-02-23,44.25065089643827
2005-02-24,44.75860079561667
2005-02-25,45.05627394221268
2005-02-26,45.059098868683414
2005-02-27,45.061926365586665
2005-02-28,44.91671369018232
2005-03-01,45.23945995865694
2005-03-02,45.12703840841809
2005-03-03,44.74500803159062
2005-03-04,45.11300497010831
2005-03-05,45.10951580128162
2005-03-06,45.10603056078378
2005-03-07,45.73072893889103
2005-03-08,45.1507807539502
2005-03-09,45.024847795214214
2005-03-10,45.07781370572045
2005-03-11,44.637919180571366
2005-03-12,44.63445741734261
2005-03-13,44.63099955158773
2005-03-14,44.63257934091036
2005-03-15,44.500088932187055
2005-03-16,44.065897962137825
2005-03-17,43.94622517128121
2005-03-18,43.66656026731381
2005-03-19,43.66312569442634
2005-03-20,43.65969498840012
2005-03-21,43.80184446706524
2005-03-22,43.36845132122937
2005-03-23,43.516481627841884
2005-03-24,43.38186061623308
2005-03-25,43.37847610107479
2005-03-26,43.37509539641957
2005-03-27,43.3717184979773
2005-03-28,43.516216241313415
2005-03-29,43.26262782451038
2005-03-30,43.94636381474194
2005-03-31,43.55958800078771
2005-04-01,43.10655924096691
2005-04-02,43.10499250329994
2005-04-03,43.10342658907854
2005-04-04,43.35710496472971
2005-04-05,43.54981028348267
2005-04-06,43.381630972946596
2005-04-07,43.734319148942575
2005-04-08,43.363928762797435
2005-04-09,43.362367780168896
2005-04-10,43.3608076179612
2005-04-11,43.02358710799722
2005-04-12,43.37046739991365
2005-04-13,42.55597575469133
2005-04-14,42.01832543179016
2005-04-15,41.18096737565007
2005-04-16,41.1794121269202
2005-04-17,41.17785769559754
2005-04-18,41.179860964139536
2005-04-19,41.377245458417306
2005-04-20,41.21247939282231
2005-04-21,42.40819160062567
2005-04-22,41.68151688940442
2005-04-23,41.6799673535111
2005-04-24,41.67841863202244
2005-04-25,42.11882153713603
2005-04-26,41.59911938854765
2005-04-27,41.8365928170704
2005-04-28,41.51018303156221
2005-04-29,42.00536209424354
2005-04-30,42.01225479593031
2005-05-01,42.01916367149468
2005-05-02,42.101324840321894
2005-05-03,42.22859193895688
2005-05-04,42.92249448748244
2005-05-05,42.92417993880317
2005-05-06,43.090111151764404
2005-05-07,43.09711787071827
2005-05-08,43.10414103109379
2005-05-09,43.26140747659896
2005-05-10,42.927256837924844
2005-05-11,43.16659419885224
2005-05-12,43.14881501402512
2005-05-13,43.756728772578725
2005-05-14,43.76385139484348
2005-05-15,43.77099073049957
2005-05-16,44.05732769156384
2005-05-17,44.21941753776949
2005-05-18,44.537016784933634
2005-05-19,44.928916536582264
2005-05-20,45.105178486220254
2005-05-21,45.112418929038114
2005-05-22,45.11967636171586
2005-05-23,45.463997695905405
2005-05-24,45.65290295958499
2005-05-25,45.57733129046558
2005-05-26,46.02547227565143
2005-05-27,46.05165522261239
2005-05-28,46.05901543494011
2005-05-29,46.06639291816953
2005-05-30,46.0737877128272
2005-05-31,45.68330811071053
2005-06-01,46.075231643276624
2005-06-02,46.29503900259709
2005-06-03,45.48654445964987
2005-06-04,45.49383502017001
2005-06-05,45.50114225348663
2005-06-06,45.56486995304303
2005-06-07,45.227893678278264
2005-06-08,45.15594952883218
2005-06-09,45.37141207431827
2005-06-10,44.78888748856065
2005-06-11,44.79629556242508
2005-06-12,44.80372057782748
2005-06-13,44.872123013506766
2005-06-14,44.673113034221196
2005-06-15,44.84970199353115
2005-06-16,44.93732386427516
2005-06-17,44.97691116097519
2005-06-18,44.98443864232992
2005-06-19,44.991983338295825
2005-06-20,44.97703967505172
2005-06-21,45.06965157417627
2005-06-22,45.01685828220019
2005-06-23,44.59387183071271
2005-06-24,44.0896663615235
2005-06-25,44.09758022316774
2005-06-26,44.105512183036964
2005-06-27,43.865842939953126
2005-06-28,44.15101858108472
2005-06-29,44.062337191740156
2005-06-30,43.735316854590764
2005-07-01,43.764608198361984
2005-07-02,43.773624005073806
2005-07-03,43.782662922008214
2005-07-04,43.791725008403645
2005-07-05,44.30216222944756
2005-07-06,44.07724552387117
2005-07-07,44.36516530720674
2005-07-08,45.337610256649086
2005-07-09,45.34678908425461
2005-07-10,45.355991439954266
2005-07-11,45.72870299521879
2005-07-12,45.90656335324669
2005-07-13,45.89033691487333
2005-07-14,46.48588355550483
2005-07-15,46.65077135750562
2005-07-16,46.66011615369579
2005-07-17,46.66948490340746
2005-07-18,46.3867972524834
2005-07-19,47.05817224860954
2005-07-20,47.641422238885255
2005-07-21,48.50478272612353
2005-07-22,48.22954931717582
2005-07-23,48.23906308294076
2005-07-24,48.24860123534702
2005-07-25,48.04662670722876
2005-07-26,48.20621371758028
2005-07-27,48.54072943904427
2005-07-28,48.64057974698598
2005-07-29,48.158647897454756
2005-07-30,48.146936222310124
2005-07-31,48.135260846820344
2005-08-01,48.40028426297997
2005-08-02,49.11159029216644
2005-08-03,49.307203314702775
2005-08-04,48.847853822810336
2005-08-05,48.72087709042254
2005-08-06,48.70941716234712
2005-08-07,48.697992753651185
2005-08-08,48.406448024573564
2005-08-09,48.63044256611234
2005-08-10,48.11320864804568
2005-08-11,48.52203951532947
2005-08-12,48.225282517145345
2005-08-13,48.225282517145345
2005-08-14,48.225282517145345
2005-08-15,48.58462961831901
2005-08-16,47.82029006806572
2005-08-17,47.99136196221742
2005-08-18,47.712467152405935
2005-08-19,47.64912823797122
2005-08-20,47.64912823797122
2005-08-21,47.64912823797122
2005-08-22,47.68573078911981
2005-08-23,47.46077933862439
2005-08-24,47.16067075934201
2005-08-25,47.35684909105004
2005-08-26,47.166834721597496
2005-08-27,47.166834721597496
2005-08-28,47.166834721597496
2005-08-29,47.48872251855022
2005-08-30,47.48419175785554
2005-08-31,47.66519016669478
2005-09-01,47.457234546658555
2005-09-02,47.404319927510905
2005-09-03,47.404319927510905
2005-09-04,47.404319927510905
2005-09-05,47.404319927510905
2005-09-06,48.18093389523875
2005-09-07,48.05990180711657
2005-09-08,48.18290594046928
2005-09-09,48.501173224559224
2005-09-10,48.501173224559224
2005-09-11,48.501173224559224
2005-09-12,48.39067241986638
2005-09-13,48.19370911298799
2005-09-14,47.59356388293321
2005-09-15,47.74895869270261
2005-09-16,48.16898545164615
2005-09-17,48.16898545164615
2005-09-18,48.16898545164615
2005-09-19,48.09600091160607
2005-09-20,47.98696972376699
2005-09-21,47.71773535483706
2005-09-22,47.973509865531696
2005-09-23,48.05835858738247
2005-09-24,48.05835858738247
2005-09-25,48.05835858738247
2005-09-26,47.91481755512581
2005-09-27,47.68877507998867
2005-09-28,47.56712721656104
2005-09-29,48.318492640196894
2005-09-30,48.41829220907366
2005-10-01,48.41829220907366
2005-10-02,48.41829220907366
2005-10-03,48.44064452840908
2005-10-04,48.049686281041716
2005-10-05,47.38491326400654
2005-10-06,46.93998039341001
2005-10-07,46.87878021597139
2005-10-08,46.87878021597139
2005-10-09,46.87878021597139
2005-10-10,46.71127646613307
2005-10-11,46.67729094216268
2005-10-12,45.97919978501152
2005-10-13,46.562869853198954
2005-10-14,46.69671751052464
2005-10-15,46.69671751052464
2005-10-16,46.69671751052464
2005-10-17,46.774781836664744
2005-10-18,46.57017792772075
2005-10-19,47.765872721986504
2005-10-20,47.047034495895055
2005-10-21,47.22866995160676
2005-10-22,47.22866995160676
2005-10-23,47.22866995160676
2005-10-24,47.88844557181351
2005-10-25,47.63943278292166
2005-10-26,47.57632264860967
2005-10-27,46.60059456658642
2005-10-28,46.84394724902597
2005-10-29,46.84394724902597
2005-10-30,46.84394724902597
2005-10-31,47.31311824454906
2005-11-01,47.041844719301906
2005-11-02,47.87726154752944
2005-11-03,48.943446802795435
2005-11-04,49.41817096664028
2005-11-05,49.41817096664028
2005-11-06,49.41817096664028
2005-11-07,49.50172952905157
2005-11-08,49.507631365574184
2005-11-09,49.411283566782274
2005-11-10,50.057179601205306
2005-11-11,50.19382462699595
2005-11-12,50.19382462699595
2005-11-13,50.19382462699595
2005-11-14,50.24431976458463
2005-11-15,50.16643625974239
2005-11-16,50.36037834304123
2005-11-17,50.90410383258751
2005-11-18,51.08894963375838
2005-11-19,51.08894963375838
2005-11-20,51.08894963375838
2005-11-21,51.47245476822932
2005-11-22,51.71719756946356
2005-11-23,51.95996333129547
2005-11-24,51.95996333129547
2005-11-25,52.233904128194986
2005-11-26,52.233904128194986
2005-11-27,52.233904128194986
2005-11-28,51.93368242008197
2005-11-29,51.55210044381437
2005-11-30,51.40647746366571
2005-12-01,52.28718648924364
2005-12-02,52.452571602692046
2005-12-03,52.452571602692046
2005-12-04,52.452571602692046
2005-12-05,52.04999363403051
2005-12-06,52.17331224581786
2005-12-07,52.06189499471333
2005-12-08,51.67200110254046
2005-12-09,51.797406042530184
2005-12-10,51.797406042530184
2005-12-11,51.797406042530184
2005-12-12,52.086941737856165
2005-12-13,52.298696400554135
2005-12-14,52.032503409020386
2005-12-15,52.194938503796635
2005-12-16,51.66626345222299
2005-12-17,51.66626345222299
2005-12-18,51.66626345222299
2005-12-19,50.93926154160284
2005-12-20,51.01847689845992
2005-12-21,51.13603505200942
2005-12-22,51.49866665370678
2005-12-23,51.430293650761215
2005-12-24,51.430293650761215
2005-12-25,51.430293650761215
2005-12-26,51.430293650761215
2005-12-27,51.006411462110286
2005-12-28,50.93069832381735
2005-12-29,50.39840671962157
2005-12-30,50.08032727730398
2005-12-31,50.08032727730398
2006-01-01,50.08032727730398
2006-01-02,50.08032727730398
2006-01-03,51.53671204980798
2006-01-04,52.131513546597375
2006-01-05,52.40224811769299
2006-01-06,53.32528339626643
2006-01-07,53.32528339626643
2006-01-08,53.32528339626643
2006-01-09,53.47656418464651
2006-01-10,53.66961921276199
2006-01-11,54.20442354470664
2006-01-12,53.98701676742019
2006-01-13,54.11821631274199
2006-01-14,54.11821631274199
2006-01-15,54.11821631274199
2006-01-16,54.11821631274199
2006-01-17,53.78492758234259
2006-01-18,52.45907040780269
2006-01-19,52.50394350231271
2006-01-20,50.744706778745204
2006-01-21,50.744706778745204
2006-01-22,50.744706778745204
2006-01-23,50.83708968873398
2006-01-24,51.14785266365404
2006-01-25,50.777589129573656
2006-01-26,50.78404784351445
2006-01-27,51.30803259054255
2006-01-28,51.30803259054255
2006-01-29,51.30803259054255
2006-01-30,51.5907745863901
2006-01-31,51.57072319049655
2006-02-01,51.48716535528999
2006-02-02,50.65038526429696
2006-02-03,50.070897864455844
2006-02-04,50.070897864455844
2006-02-05,50.070897864455844
2006-02-06,49.458087911224816
2006-02-07,49.23592800797081
2006-02-08,49.93220721447331
2006-02-09,49.20911429108975
2006-02-10,49.72726414514719
2006-02-11,49.72726414514719
2006-02-12,49.72726414514719
2006-02-13,48.90554551679634
2006-02-14,49.71847458171608
2006-02-15,50.10842977893277
2006-02-16,50.749506731224315
2006-02-17,50.44346955171518
2006-02-18,50.44346955171518
2006-02-19,50.44346955171518
2006-02-20,50.44346955171518
2006-02-21,49.82961595309473
2006-02-22,50.41908962271246
2006-02-23,50.36908198202957
2006-02-24,50.4170036030041
2006-02-25,50.4170036030041
2006-02-26,50.4170036030041
2006-02-27,51.01939906936009
2006-02-28,50.12592419952041
2006-03-01,50.678603770088266
2006-03-02,50.64865406659715
2006-03-03,50.33104335448472
2006-03-04,50.33104335448472
2006-03-05,50.33104335448472
2006-03-06,49.8506836874298
2006-03-07,49.844424858328
2006-03-08,49.95713201569009
2006-03-09,49.109861896553554
2006-03-10,49.20679711649673
2006-03-11,49.20679711649673
2006-03-12,49.20679711649673
2006-03-13,49.39414539268259
2006-03-14,50.37389253589674
2006-03-15,50.47349350268681
2006-03-16,50.01819082268484
2006-03-17,50.28661283250681
2006-03-18,50.28661283250681
2006-03-19,50.28661283250681
2006-03-20,50.46347328264643
2006-03-21,49.855313423259815
2006-03-22,49.88595916370608
2006-03-23,49.538329723704095
2006-03-24,49.77240557792963
2006-03-25,49.77240557792963
2006-03-26,49.77240557792963
2006-03-27,49.893580763961914
2006-03-28,49.74945263499309
2006-03-29,50.76012085840391
2006-03-30,50.86300436837869
2006-03-31,50.67686227819124
2006-04-01,50.67686227819124
2006-04-02,50.67686227819124
2006-04-03,50.867345545229675
2006-04-04,51.11181529506787
2006-04-05,51.68137410756432
2006-04-06,51.85933244498132
2006-04-07,51.46770202638182
2006-04-08,51.46770202638182
2006-04-09,51.46770202638182
2006-04-10,51.49637995523838
2006-04-11,51.117604165453514
2006-04-12,50.95710841903688
2006-04-13,51.05337359535428
2006-04-14,51.05337359535428
2006-04-15,51.05337359535428
2006-04-16,51.05337359535428
2006-04-17,50.58850060145888
2006-04-18,51.416279793275734
2006-04-19,51.70915331032455
2006-04-20,51.424397369809675
2006-04-21,51.101817730994554
2006-04-22,51.101817730994554
2006-04-23,51.101817730994554
2006-04-24,50.97940052584922
2006-04-25,50.70149721111053
2006-04-26,50.74979167744469
2006-04-27,51.256893896842996
2006-04-28,50.35028164108114
2006-04-29,50.35028164108114
2006-04-30,50.35028164108114
2006-05-01,49.79383325367796
2006-05-02,49.89496959672149
2006-05-03,49.634816962353995
2006-05-04,50.04727040428971
2006-05-05,50.31405798083488
2006-05-06,50.31405798083488
2006-05-07,50.31405798083488
2006-05-08,50.39306773943787
2006-05-09,50.29478122380064
2006-05-10,49.906045302901205
2006-05-11,48.52598202909776
2006-05-12,48.15224103804201
2006-05-13,48.15224103804201
2006-05-14,48.15224103804201
2006-05-15,48.42993040040943
2006-05-16,47.87604655722417
2006-05-17,47.25127283067353
2006-05-18,46.771657361962426
2006-05-19,47.12839709331669
2006-05-20,47.12839709331669
2006-05-21,47.12839709331669
2006-05-22,46.94399247095186
2006-05-23,46.56752860118128
2006-05-24,47.10385249107864
2006-05-25,47.87322651144825
2006-05-26,47.93651464723304
2006-05-27,47.93651464723304
2006-05-28,47.93651464723304
2006-05-29,47.93651464723304
2006-05-30,46.79984254772184
2006-05-31,46.7837117760824
2006-06-01,47.87037946757881
2006-06-02,47.7340743844707
2006-06-03,47.7340743844707
2006-06-04,47.7340743844707
2006-06-05,46.748181793350156
2006-06-06,46.81844025343538
2006-06-07,46.41556938093216
2006-06-08,46.49407213696229
2006-06-09,45.996071199899106
2006-06-10,45.996071199899106
2006-06-11,45.996071199899106
2006-06-12,44.96052159272292
2006-06-13,45.218223496980116
2006-06-14,45.67505196716019
2006-06-15,46.660330409509456
2006-06-16,46.266251915973555
2006-06-17,46.266251915973555
2006-06-18,46.266251915973555
2006-06-19,46.01860323581524
2006-06-20,45.99251666167604
2006-06-21,46.70649446907824
2006-06-22,46.01615012506288
2006-06-23,45.69472668180046
2006-06-24,45.69472668180046
2006-06-25,45.69472668180046
2006-06-26,45.88564176292534
2006-06-27,45.110607007898146
2006-06-28,45.50405400340162
2006-06-29,46.89443146145427
2006-06-30,46.47645853149719
2006-07-01,46.47645853149719
2006-07-02,46.47645853149719
2006-07-03,46.84651260925764
2006-07-04,46.84651260925764
2006-07-05,46.01878179918223
2006-07-06,46.002781080969484
2006-07-07,45.59685936234746
2006-07-08,45.59685936234746
2006-07-09,45.59685936234746
2006-07-10,45.40546660445128
2006-07-11,45.75837088238238
2006-07-12,44.58963757087889
2006-07-13,43.82240733897968
2006-07-14,43.41678783722884
2006-07-15,43.41678783722884
2006-07-16,43.41678783722884
2006-07-17,43.85486016763495
2006-07-18,44.1131545361319
2006-07-19,44.173057675575095
2006-07-20,43.86439740524102
2006-07-21,43.90392221724539
2006-07-22,43.90392221724539
2006-07-23,43.90392221724539
2006-07-24,44.601456415074715
2006-07-25,44.65792775088788
2006-07-26,44.919164605388715
2006-07-27,44.53107156682024
2006-07-28,45.541884544914325
2006-07-29,45.541884544914325
2006-07-30,45.541884544914325
2006-07-31,45.45384786700371
2006-08-01,44.80260002876311
2006-08-02,44.975399701618514
2006-08-03,45.12755640766503
2006-08-04,44.95083648293665
2006-08-05,44.95083648293665
2006-08-06,44.95083648293665
2006-08-07,44.71587266298316
2006-08-08,44.414628660863784
2006-08-09,44.56879957960419
2006-08-10,44.708695886847764
2006-08-11,44.4081839584486
2006-08-12,44.4081839584486
2006-08-13,44.4081839584486
2006-08-14,44.68510931827793
2006-08-15,45.79122786960583
2006-08-16,46.72890129878363
2006-08-17,46.84961584460491
2006-08-18,47.09536184419795
2006-08-19,47.09536184419795
2006-08-20,47.09536184419795
2006-08-21,46.7868120064939
2006-08-22,46.90261578141994
2006-08-23,46.57145001098881
2006-08-24,46.71873578895409
2006-08-25,46.91031540156027
2006-08-26,46.91031540156027
2006-08-27,46.91031540156027
2006-08-28,47.173948695469136
2006-08-29,47.321078613472224
2006-08-30,47.594550868049936
2006-08-31,47.53257335454192
2006-09-01,47.94661846598427
2006-09-02,47.94661846598427
2006-09-03,47.94661846598427
2006-09-04,47.94661846598427
2006-09-05,48.44769375934669
2006-09-06,47.63311424977046
2006-09-07,47.558999770088576
2006-09-08,47.70107316035029
2006-09-09,47.70107316035029
2006-09-10,47.70107316035029
2006-09-11,47.954080094239124
2006-09-12,48.596697859204724
2006-09-13,48.83230698997873
2006-09-14,48.885432838501885
2006-09-15,49.062015606919125
2006-09-16,49.062015606919125
2006-09-17,49.062015606919125
2006-09-18,48.94173512041337
2006-09-19,48.75143368088108
2006-09-20,49.674569101257504
2006-09-21,49.606385825108376
2006-09-22,49.09238450258292
2006-09-23,49.09238450258292
2006-09-24,49.09238450258292
2006-09-25,49.93202521268792
2006-09-26,50.40758990442164
2006-09-27,50.3796035265294
2006-09-28,50.475776359154594
2006-09-29,50.15209198231135
2006-09-30,50.15209198231135
2006-10-01,50.15209198231135
2006-10-02,49.2878875891042
2006-10-03,49.64586132048751
2006-10-04,50.80306173272656
2006-10-05,51.121612101192554
2006-10-06,51.05116485314431
2006-10-07,51.05116485314431
2006-10-08,51.05116485314431
2006-10-09,51.262312305270065
2006-10-10,51.343170106554446
2006-10-11,51.22997838696148
2006-10-12,52.17754965922054
2006-10-13,52.380009739040204
2006-10-14,52.380009739040204
2006-10-15,52.380009739040204
2006-10-16,52.31416466779745
2006-10-17,51.81082851542628
2006-10-18,51.7532131628529
2006-10-19,52.34223126265014
2006-10-20,52.97877559324066
2006-10-21,52.97877559324066
2006-10-22,52.97877559324066
2006-10-23,53.66146812134758
2006-10-24,53.260290577425295
2006-10-25,53.55856160859069
2006-10-26,54.02934572673513
2006-10-27,53.0921609595445
2006-10-28,53.0921609595445
2006-10-29,53.0921609595445
2006-10-30,53.30990617690972
2006-10-31,53.32557150971613
2006-11-01,52.69991638043108
2006-11-02,52.753773131461855
2006-11-03,52.461115863014456
2006-11-04,52.461115863014456
2006-11-05,52.461115863014456
2006-11-06,53.14661661840792
2006-11-07,53.259380171683475
2006-11-08,53.536705432803295
2006-11-09,53.465509097442805
2006-11-10,53.693602597051665
2006-11-11,53.693602597051665
2006-11-12,53.693602597051665
2006-11-13,54.17395147233225
2006-11-14,54.75809070101712
2006-11-15,54.86223511703604
2006-11-16,55.092689501818384
2006-11-17,55.07892419163066
2006-11-18,55.07892419163066
2006-11-19,55.07892419163066
2006-11-20,55.12151648054487
2006-11-21,55.32742334402242
2006-11-22,55.42820832644796
2006-11-23,55.42820832644796
2006-11-24,55.39035603927117
2006-11-25,55.39035603927117
2006-11-26,55.39035603927117
2006-11-27,54.0763955249936
2006-11-28,54.39564905660599
2006-11-29,54.771136699664
2006-11-30,54.566448452895436
2006-12-01,54.03050619791823
2006-12-02,54.03050619791823
2006-12-03,54.03050619791823
2006-12-04,54.72517683002602
2006-12-05,55.00839706677724
2006-12-06,54.7575775130551
2006-12-07,54.04317161411373
2006-12-08,54.51803021480664
2006-12-09,54.51803021480664
2006-12-10,54.51803021480664
2006-12-11,54.65385520968221
2006-12-12,54.27095912213773
2006-12-13,54.46272950737328
2006-12-14,54.828305667139084
2006-12-15,54.90338158999657
2006-12-16,54.90338158999657
2006-12-17,54.90338158999657
2006-12-18,54.28828487153193
2006-12-19,54.22750575206041
2006-12-20,53.87073099081539
2006-12-21,53.53916593079087
2006-12-22,52.987365584348794
2006-12-23,52.987365584348794
2006-12-24,52.987365584348794
2006-12-25,52.987365584348794
2006-12-26,53.119009582516085
2006-12-27,53.36419934635336
2006-12-28,53.23663845095839
2006-12-29,53.37251588402942
2006-12-30,53.37251588402942
2006-12-31,53.37251588402942
2007-01-01,53.37251588402942
2007-01-02,53.37251588402942
2007-01-03,53.35077533078007
2007-01-04,54.54104840720696
2007-01-05,54.28515859723598
2007-01-06,54.28515859723598
2007-01-07,54.28515859723598
2007-01-08,54.21900825414824
2007-01-09,54.84232421681643
2007-01-10,55.398547031547736
2007-01-11,56.08547988550179
2007-01-12,56.43875628195469
2007-01-13,56.43875628195469
2007-01-14,56.43875628195469
2007-01-15,56.43875628195469
2007-01-16,56.56141616122005
2007-01-17,55.93882494106799
2007-01-18,54.91117022103529
2007-01-19,55.040274150938046
2007-01-20,55.040274150938046
2007-01-21,55.040274150938046
2007-01-22,54.536102259228876
2007-01-23,54.11243573103816
2007-01-24,54.966579572666575
2007-01-25,54.27129769598221
2007-01-26,53.965345744044
2007-01-27,53.965345744044
2007-01-28,53.965345744044
2007-01-29,54.0314052778171
2007-01-30,54.017399272060686
2007-01-31,54.51198932042115
2007-02-01,54.2152197285769
2007-02-02,54.336370574789754
2007-02-03,54.336370574789754
2007-02-04,54.336370574789754
2007-02-05,54.10759866722201
2007-02-06,54.01091141412296
2007-02-07,54.470898553191624
2007-02-08,54.41580154857817
2007-02-09,53.71501820828053
2007-02-10,53.71501820828053
2007-02-11,53.71501820828053
2007-02-12,53.52939461913746
2007-02-13,53.61561393752244
2007-02-14,54.38906947668464
2007-02-15,54.69945571699073
2007-02-16,54.61070457099401
2007-02-17,54.61070457099401
2007-02-18,54.61070457099401
2007-02-19,54.61070457099401
2007-02-20,54.83521676523242
2007-02-21,55.23009119583631
2007-02-22,55.39746908700219
2007-02-23,55.06822236760242
2007-02-24,55.06822236760242
2007-02-25,55.06822236760242
2007-02-26,54.67598047116496
2007-02-27,52.29092424337854
2007-02-28,52.622942617164284
2007-03-01,52.47291420938265
2007-03-02,51.75969910712091
2007-03-03,51.75969910712091
2007-03-04,51.75969910712091
2007-03-05,51.61955383292106
2007-03-06,52.55748907545245
2007-03-07,52.28979047930151
2007-03-08,52.468618741469186
2007-03-09,52.29715895864601
2007-03-10,52.29715895864601
2007-03-11,52.29715895864601
2007-03-12,52.652787707751074
2007-03-13,51.86367355793756
2007-03-14,52.651350132894734
2007-03-15,52.63079203702141
2007-03-16,52.58203742288724
2007-03-17,52.58203742288724
2007-03-18,52.58203742288724
2007-03-19,53.09868957613337
2007-03-20,53.28645385146497
2007-03-21,54.49912994515235
2007-03-22,54.38932809354283
2007-03-23,53.955871053671615
2007-03-24,53.955871053671615
2007-03-25,53.955871053671615
2007-03-26,54.43741558062763
2007-03-27,54.077262043026266
2007-03-28,53.553252342197794
2007-03-29,53.638242492157495
2007-03-30,53.67293428171534
2007-03-31,53.67293428171534
2007-04-01,53.67293428171534
2007-04-02,53.720562501629914
2007-04-03,54.47636500295687
2007-04-04,54.73773704694918
2007-04-05,54.9485069822106
2007-04-06,54.9485069822106
2007-04-07,54.9485069822106
2007-04-08,54.9485069822106
2007-04-09,54.75069764878198
2007-04-10,54.99328172153425
2007-04-11,54.40168671080464
2007-04-12,54.68687466051088
2007-04-13,54.70784175448367
2007-04-14,54.70784175448367
2007-04-15,54.70784175448367
2007-04-16,55.23588588100837
2007-04-17,55.279392779594744
2007-04-18,55.11215428397392
2007-04-19,55.21265650146894
2007-04-20,55.78190368002434
2007-04-21,55.78190368002434
2007-04-22,55.78190368002434
2007-04-23,55.71401271624623
2007-04-24,55.76938345078958
2007-04-25,56.52389697163544
2007-04-26,56.78002068003255
2007-04-27,57.01928545249801
2007-04-28,57.01928545249801
2007-04-29,57.01928545249801
2007-04-30,56.493231142054434
2007-05-01,56.60150602969713
2007-05-02,57.10012991037456
2007-05-03,57.379609375702756
2007-05-04,57.0961810802063
2007-05-05,57.0961810802063
2007-05-06,57.0961810802063
2007-05-07,57.30403284839929
2007-05-08,57.56957836435805
2007-05-09,57.66064577073386
2007-05-10,56.85899590635043
2007-05-11,57.51660947814437
2007-05-12,57.51660947814437
2007-05-13,57.51660947814437
2007-05-14,57.210691308462906
2007-05-15,56.78834011371564
2007-05-16,57.39688741479662
2007-05-17,57.40167378746611
2007-05-18,57.67551599106779
2007-05-19,57.67551599106779
2007-05-20,57.67551599106779
2007-05-21,58.10630759118055
2007-05-22,58.40714444332842
2007-05-23,57.84301433708292
2007-05-24,57.013312874926655
2007-05-25,57.679999023028216
2007-05-26,57.679999023028216
2007-05-27,57.679999023028216
2007-05-28,57.679999023028216
2007-05-29,58.06446976896144
2007-05-30,58.70537604960094
2007-05-31,58.921730285040425
2007-06-01,58.721148993098936
2007-06-02,58.721148993098936
2007-06-03,58.721148993098936
2007-06-04,58.95562513680021
2007-06-05,59.08554762562848
2007-06-06,58.58919970043898
2007-06-07,57.606049240477915
2007-06-08,58.34348741147224
2007-06-09,58.34348741147224
2007-06-10,58.34348741147224
2007-06-11,57.91229714670517
2007-06-12,57.72964772033279
2007-06-13,58.27091563075239
2007-06-14,58.65525403364532
2007-06-15,59.27502365167264
2007-06-16,59.27502365167264
2007-06-17,59.27502365167264
2007-06-18,59.58299447685484
2007-06-19,59.386268300109805
2007-06-20,58.83687849652944
2007-06-21,59.28128144059633
2007-06-22,58.65703741926147
2007-06-23,58.65703741926147
2007-06-24,58.65703741926147
2007-06-25,58.44554060544874
2007-06-26,58.1696619071012
2007-06-27,58.82990339751162
2007-06-28,58.87601626458658
2007-06-29,59.27835611248657
2007-06-30,59.27835611248657
2007-07-01,59.27835611248657
2007-07-02,59.824117036901015
2007-07-03,60.48171813542531
2007-07-04,60.48171813542531
2007-07-05,61.206513404530256
2007-07-06,61.336393128616656
2007-07-07,61.336393128616656
2007-07-08,61.336393128616656
2007-07-09,61.09691608947854
2007-07-10,60.59773507452529
2007-07-11,60.92144086693097
2007-07-12,62.067756308830596
2007-07-13,62.64108629556622
2007-07-14,62.64108629556622
2007-07-15,62.64108629556622
2007-07-16,62.55129379302613
2007-07-17,62.924775554358476
2007-07-18,62.74860859277342
2007-07-19,63.12790140486146
2007-07-20,62.672618742718704
2007-07-21,62.672618742718704
2007-07-22,62.672618742718704
2007-07-23,62.667080337801934
2007-07-24,61.53047660822922
2007-07-25,61.69810613436975
2007-07-26,61.55831845878511
2007-07-27,60.58616391777734
2007-07-28,60.58616391777734
2007-07-29,60.58616391777734
2007-07-30,60.88691079936374
2007-07-31,59.156245655645385
2007-08-01,59.78415719531909
2007-08-02,60.293887698305966
2007-08-03,58.973685406845576
2007-08-04,58.973685406845576
2007-08-05,58.973685406845576
2007-08-06,60.10411322287572
2007-08-07,60.02949502738704
2007-08-08,60.80692859132036
2007-08-09,59.01452421272196
2007-08-10,58.567250016718944
2007-08-11,58.567250016718944
2007-08-12,58.567250016718944
2007-08-13,59.03863149979545
2007-08-14,57.990152021093785
2007-08-15,56.762013370720425
2007-08-16,56.22731924188749
2007-08-17,57.646599737530174
2007-08-18,57.646599737530174
2007-08-19,57.646599737530174
2007-08-20,57.720334935958896
2007-08-21,58.38326916873553
2007-08-22,59.1390264507707
2007-08-23,59.10953593735263
2007-08-24,60.07429083297565
2007-08-25,60.07429083297565
2007-08-26,60.07429083297565
2007-08-27,59.60874258764264
2007-08-28,58.063377918897956
2007-08-29,59.99748981741176
2007-08-30,60.21484317006299
2007-08-31,61.047430213337364
2007-09-01,61.047430213337364
2007-09-02,61.047430213337364
2007-09-03,61.047430213337364
2007-09-04,62.0000536604974
2007-09-05,60.92688797097044
2007-09-06,60.893463693541904
2007-09-07,59.749888088703216
2007-09-08,59.749888088703216
2007-09-09,59.749888088703216
2007-09-10,59.94727927456701
2007-09-11,60.77712421361137
2007-09-12,60.95837256558686
2007-09-13,61.45989796864577
2007-09-14,61.53666950864804
2007-09-15,61.53666950864804
2007-09-16,61.53666950864804
2007-09-17,61.00244834921705
2007-09-18,62.213290837262264
2007-09-19,62.33759697735951
2007-09-20,62.283053233258755
2007-09-21,63.17068116401059
2007-09-22,63.17068116401059
2007-09-23,63.17068116401059
2007-09-24,63.67626063241896
2007-09-25,64.48802948400086
2007-09-26,64.86883337397278
2007-09-27,65.01972779051655
2007-09-28,64.76719960993863
2007-09-29,64.76719960993863
2007-09-30,64.76719960993863
2007-10-01,65.52560909053508
2007-10-02,65.48111683578394
2007-10-03,65.12441798658885
2007-10-04,65.22274529444266
2007-10-05,66.77539075648959
2007-10-06,66.77539075648959
2007-10-07,66.77539075648959
2007-10-08,67.50036230812412
2007-10-09,67.85144534909651
2007-10-10,68.10111274242837
2007-10-11,66.85900649669873
2007-10-12,68.000422441355
2007-10-13,68.000422441355
2007-10-14,68.000422441355
2007-10-15,67.17368486942534
2007-10-16,67.17093538363969
2007-10-17,68.42065599569597
2007-10-18,68.59445431480025
2007-10-19,67.0656373442737
2007-10-20,67.0656373442737
2007-10-21,67.0656373442737
2007-10-22,67.72435915857261
2007-10-23,69.70884665564687
2007-10-24,69.60581548986274
2007-10-25,68.71336772237849
2007-10-26,70.23748153473744
2007-10-27,70.23748153473744
2007-10-28,70.23748153473744
2007-10-29,70.44480536345796
2007-10-30,70.94676552467284
2007-10-31,72.30993805568275
2007-11-01,71.20854423594903
2007-11-02,71.69874467377167
2007-11-03,71.69874467377167
2007-11-04,71.69874467377167
2007-11-05,71.6001020540574
2007-11-06,72.86539294987313
2007-11-07,71.18847196074779
2007-11-08,68.02643714394699
2007-11-09,65.23764701368776
2007-11-10,65.23764701368776
2007-11-11,65.23764701368776
2007-11-12,63.33809986057051
2007-11-13,66.69845106995241
2007-11-14,65.89289471341384
2007-11-15,65.36445048660751
2007-11-16,66.18481995634131
2007-11-17,66.18481995634131
2007-11-18,66.18481995634131
2007-11-19,65.47842749106127
2007-11-20,66.35920024423828
2007-11-21,65.647298199862
2007-11-22,65.647298199862
2007-11-23,66.45983572983828
2007-11-24,66.45983572983828
2007-11-25,66.45983572983828
2007-11-26,65.04293008653471
2007-11-27,66.22648431376584
2007-11-28,68.22318465915743
2007-11-29,68.6577800388462
2007-11-30,68.00742415361127
2007-12-01,68.00742415361127
2007-12-02,68.00742415361127
2007-12-03,66.82180391688617
2007-12-04,66.37984626771507
2007-12-05,67.76786534104842
2007-12-06,68.8413019018547
2007-12-07,68.67392849688252
2007-12-08,68.67392849688252
2007-12-09,68.67392849688252
2007-12-10,68.64665274867991
2007-12-11,67.17332872666309
2007-12-12,68.0416712459076
2007-12-13,68.19255758695293
2007-12-14,67.58803710476217
2007-12-15,67.58803710476217
2007-12-16,67.58803710476217
2007-12-17,65.88048758982872
2007-12-18,66.03604990097898
2007-12-19,65.87126780980715
2007-12-20,67.4161544681916
2007-12-21,69.16800148259591
2007-12-22,69.16800148259591
2007-12-23,69.16800148259591
2007-12-24,69.85581377999127
2007-12-25,69.85581377999127
2007-12-26,70.06643642187888
2007-12-27,69.27200442025828
2007-12-28,69.36072800404156
2007-12-29,69.36072800404156
2007-12-30,69.36072800404156
2007-12-31,68.48826514691166
2008-01-01,68.48826514691166
2008-01-02,67.42217481249409
2008-01-03,67.50149240915351
2008-01-04,63.99063814779487
2008-01-05,63.99063814779487
2008-01-06,63.99063814779487
2008-01-07,63.660783104523176
2008-01-08,61.713742531177004
2008-01-09,63.95753435847657
2008-01-10,63.79513856370876
2008-01-11,62.56388919339251
2008-01-12,62.56388919339251
2008-01-13,62.56388919339251
2008-01-14,64.28629513134726
2008-01-15,62.236996909336284
2008-01-16,60.33152609677316
2008-01-17,59.60725836723425
2008-01-18,59.45825934328013
2008-01-19,59.45825934328013
2008-01-20,59.45825934328013
2008-01-21,59.45825934328013
2008-01-22,57.59994332942026
2008-01-23,55.72936283149019
2008-01-24,57.424283069154455
2008-01-25,55.851024184046665
2008-01-26,55.851024184046665
2008-01-27,55.851024184046665
2008-01-28,55.82228101935182
2008-01-29,55.80947159520689
2008-01-30,56.053310265449205
2008-01-31,57.344520951237676
2008-02-01,56.12031727082076
2008-02-02,56.12031727082076
2008-02-03,56.12031727082076
2008-02-04,55.198306698441954
2008-02-05,53.781570243119404
2008-02-06,52.447732490800924
2008-02-07,52.51805967312139
2008-02-08,53.695224755917394
2008-02-09,53.695224755917394
2008-02-10,53.695224755917394
2008-02-11,54.40298901798145
2008-02-12,53.677880300037714
2008-02-13,55.2047069236911
2008-02-14,54.2011337706255
2008-02-15,53.9527234066302
2008-02-16,53.9527234066302
2008-02-17,53.9527234066302
2008-02-18,53.9527234066302
2008-02-19,53.21628941237219
2008-02-20,54.093673784279225
2008-02-21,53.760731093051604
2008-02-22,53.64456276638156
2008-02-23,53.64456276638156
2008-02-24,53.64456276638156
2008-02-25,53.6643315116153
2008-02-26,53.683518498196754
2008-02-27,54.53451037985864
2008-02-28,55.06421557502223
2008-02-29,53.78117106933262
2008-03-01,53.78117106933262
2008-03-02,53.78117106933262
2008-03-03,52.947594483275054
2008-03-04,53.43896946311217
2008-03-05,53.5890630888525
2008-03-06,52.385071038764096
2008-03-07,52.68057016104886
2008-03-08,52.68057016104886
2008-03-09,52.68057016104886
2008-03-10,51.66259389755895
2008-03-11,54.04090555214325
2008-03-12,53.88964357484461
2008-03-13,54.47051654311643
2008-03-14,53.3620654592536
2008-03-15,53.3620654592536
2008-03-16,53.3620654592536
2008-03-17,52.87415882080681
2008-03-18,55.30243822797091
2008-03-19,53.636267100688016
2008-03-20,54.77583426496197
2008-03-21,54.77583426496197
2008-03-22,54.77583426496197
2008-03-23,54.77583426496197
2008-03-24,56.81007848872943
2008-03-25,57.4006331421122
2008-03-26,57.46852806364581
2008-03-27,55.69043510321099
2008-03-28,55.9808454367825
2008-03-29,55.9808454367825
2008-03-30,55.9808454367825
2008-03-31,56.44585741403277
2008-04-01,58.719097001366634
2008-04-02,58.19768636867203
2008-04-03,58.66366592151243
2008-04-04,58.97119817620362
2008-04-05,58.97119817620362
2008-04-06,58.97119817620362
2008-04-07,59.02585487551062
2008-04-08,58.511640995492684
2008-04-09,58.094522041856465
2008-04-10,59.18050198612555
2008-04-11,57.10658263445662
2008-04-12,57.10658263445662
2008-04-13,57.10658263445662
2008-04-14,56.9218723325941
2008-04-15,57.040200300194755
2008-04-16,58.8001919900693
2008-04-17,58.7282682864006
2008-04-18,61.46497657408114
2008-04-19,61.46497657408114
2008-04-20,61.46497657408114
2008-04-21,62.53211447508688
2008-04-22,61.27863156782827
2008-04-23,62.01231897567493
2008-04-24,63.24438910758165
2008-04-25,62.48328701742277
2008-04-26,62.48328701742277
2008-04-27,62.48328701742277
2008-04-28,62.78493085957131
2008-04-29,63.321881451137294
2008-04-30,62.84231940485772
2008-05-01,65.10654099214929
2008-05-02,65.26450336481722
2008-05-03,65.26450336481722
2008-05-04,65.26450336481722
2008-05-05,65.57972235935829
2008-05-06,66.02033028335376
2008-05-07,64.7582961406639
2008-05-08,65.32949539207978
2008-05-09,65.01496939747796
2008-05-10,65.01496939747796
2008-05-11,65.01496939747796
2008-05-12,66.67200434137499
2008-05-13,66.70199523119341
2008-05-14,66.07938944129351
2008-05-15,67.29697364461617
2008-05-16,67.24761726720091
2008-05-17,67.24761726720091
2008-05-18,67.24761726720091
2008-05-19,66.7382706620806
2008-05-20,66.30893352400983
2008-05-21,64.53145925057298
2008-05-22,64.57549336419262
2008-05-23,64.8299324981721
2008-05-24,64.8299324981721
2008-05-25,64.8299324981721
2008-05-26,64.8299324981721
2008-05-27,66.30818386884886
2008-05-28,66.4052785872426
2008-05-29,67.02879678272659
2008-05-30,67.25636321295102
2008-05-31,67.25636321295102
2008-06-01,67.25636321295102
2008-06-02,66.32013583127677
2008-06-03,65.78138648498714
2008-06-04,66.45029315422181
2008-06-05,67.79584117861664
2008-06-06,65.68986558241214
2008-06-07,65.68986558241214
2008-06-08,65.68986558241214
2008-06-09,65.33098330249581
2008-06-10,65.76378100830824
2008-06-11,64.14409166341589
2008-06-12,64.28198386093752
2008-06-13,65.47919510819709
2008-06-14,65.47919510819709
2008-06-15,65.47919510819709
2008-06-16,66.24803862848817
2008-06-17,66.22868058287756
2008-06-18,65.74735564505048
2008-06-19,66.81284517938087
2008-06-20,64.99707871430294
2008-06-21,64.99707871430294
2008-06-22,64.99707871430294
2008-06-23,64.48927428029256
2008-06-24,64.01773896093508
2008-06-25,65.11182474193174
2008-06-26,61.775071871450564
2008-06-27,61.81065002354578
2008-06-28,61.81065002354578
2008-06-29,61.81065002354578
2008-06-30,60.953485436875816
2008-07-01,62.1867689034187
2008-07-02,60.332512815119046
2008-07-03,60.604426567542134
2008-07-04,60.604426567542134
2008-07-05,60.604426567542134
2008-07-06,60.604426567542134
2008-07-07,61.3388211458698
2008-07-08,62.8906279608309
2008-07-09,61.123502567528575
2008-07-10,62.00612202489338
2008-07-11,60.9266264809076
2008-07-12,60.9266264809076
2008-07-13,60.9266264809076
2008-07-14,60.47871628560975
2008-07-15,60.05645040959949
2008-07-16,61.26760329972225
2008-07-17,61.347650556950754
2008-07-18,59.21460888673916
2008-07-19,59.21460888673916
2008-07-20,59.21460888673916
2008-07-21,59.264698899518464
2008-07-22,58.929540681140885
2008-07-23,60.235809277003625
2008-07-24,59.836330233726095
2008-07-25,61.38077233988608
2008-07-26,61.38077233988608
2008-07-27,61.38077233988608
2008-07-28,59.507856897952244
2008-07-29,60.81641627273696
2008-07-30,61.34475667381913
2008-07-31,61.14507713416697
2008-08-01,60.62899573028015
2008-08-02,60.62899573028015
2008-08-03,60.62899573028015
2008-08-04,59.54091050228934
2008-08-05,62.06012706644061
2008-08-06,63.37351659115815
2008-08-07,63.26232306497245
2008-08-08,65.21264213486302
2008-08-09,65.21264213486302
2008-08-10,65.21264213486302
2008-08-11,65.25872374386037
2008-08-12,65.47891727918275
2008-08-13,65.65662803714523
2008-08-14,66.2278891073527
2008-08-15,65.76800808095159
2008-08-16,65.76800808095159
2008-08-17,65.76800808095159
2008-08-18,65.06693814058173
2008-08-19,64.30278677094407
2008-08-20,64.70910810676239
2008-08-21,64.4575792621491
2008-08-22,65.2605914397088
2008-08-23,65.2605914397088
2008-08-24,65.2605914397088
2008-08-25,63.834130139668964
2008-08-26,63.719861489453095
2008-08-27,64.12264484772943
2008-08-28,64.19232162460716
2008-08-29,62.551930311123755
2008-08-30,62.551930311123755
2008-08-31,62.551930311123755
2008-09-01,62.551930311123755
2008-09-02,61.40265078944575
2008-09-03,60.67716665388642
2008-09-04,58.539746314849
2008-09-05,57.85369941221145
2008-09-06,57.85369941221145
2008-09-07,57.85369941221145
2008-09-08,57.03340633150617
2008-09-09,55.85763365465417
2008-09-10,56.3456553181464
2008-09-11,57.83298628458127
2008-09-12,57.239797463145635
2008-09-13,57.239797463145635
2008-09-14,57.239797463145635
2008-09-15,55.04717681626903
2008-09-16,55.453584464827635
2008-09-17,51.82561279442733
2008-09-18,53.98845674327842
2008-09-19,55.86046286928714
2008-09-20,55.86046286928714
2008-09-21,55.86046286928714
2008-09-22,53.37598453147103
2008-09-23,52.81639376013128
2008-09-24,53.27545686564104
2008-09-25,54.39610280555015
2008-09-26,53.00649212495506
2008-09-27,53.00649212495506
2008-09-28,53.00649212495506
2008-09-29,46.29836234165565
2008-09-30,49.66509959598888
2008-10-01,48.69437854055818
2008-10-02,46.524582470214014
2008-10-03,46.28486815075756
2008-10-04,46.28486815075756
2008-10-05,46.28486815075756
2008-10-06,44.9174103772867
2008-10-07,41.952092557292275
2008-10-08,42.31149036571224
2008-10-09,41.20024676133244
2008-10-10,41.402501153754436
2008-10-11,41.402501153754436
2008-10-12,41.402501153754436
2008-10-13,47.00864894297713
2008-10-14,44.585731637755075
2008-10-15,41.27009875852245
2008-10-16,43.69117772673249
2008-10-17,43.62086486769773
2008-10-18,43.62086486769773
2008-10-19,43.62086486769773
2008-10-20,44.63938406912109
2008-10-21,42.07385050365634
2008-10-22,41.544606647621784
2008-10-23,41.51739198701026
2008-10-24,40.435331907840975
2008-10-25,40.435331907840975
2008-10-26,40.435331907840975
2008-10-27,39.162242374125384
2008-10-28,43.26798131798362
2008-10-29,43.24227412093744
2008-10-30,44.61052330992783
2008-10-31,43.95599261605297
2008-11-01,43.95599261605297
2008-11-02,43.95599261605297
2008-11-03,43.72739481201688
2008-11-04,45.28715224276455
2008-11-05,42.44843400343865
2008-11-06,40.41279986282018
2008-11-07,41.39432350181828
2008-11-08,41.39432350181828
2008-11-09,41.39432350181828
2008-11-10,40.71296619191975
2008-11-11,40.14988824958452
2008-11-12,38.21736344283201
2008-11-13,40.5045343349602
2008-11-14,38.42464263837732
2008-11-15,38.42464263837732
2008-11-16,38.42464263837732
2008-11-17,37.57074369354575
2008-11-18,38.37596873264948
2008-11-19,36.329570657290404
2008-11-20,34.44735228480248
2008-11-21,36.09602720906313
2008-11-22,36.09602720906313
2008-11-23,36.09602720906313
2008-11-24,38.33656569136104
2008-11-25,37.65390750175146
2008-11-26,39.150116779974184
2008-11-27,39.150116779974184
2008-11-28,38.65724707787391
2008-11-29,38.65724707787391
2008-11-30,38.65724707787391
2008-12-01,35.94034892161521
2008-12-02,36.824107801200896
2008-12-03,37.89434952855132
2008-12-04,36.54666797022621
2008-12-05,38.08281544344753
2008-12-06,38.08281544344753
2008-12-07,38.08281544344753
2008-12-08,40.03783673538405
2008-12-09,39.832903788400756
2008-12-10,39.91778619064458
2008-12-11,38.406906391010594
2008-12-12,39.537141353641836
2008-12-13,39.537141353641836
2008-12-14,39.537141353641836
2008-12-15,38.67239401973541
2008-12-16,40.446919598257715
2008-12-17,39.13528767766574
2008-12-18,38.51734373568759
2008-12-19,39.29673696813264
2008-12-20,39.29673696813264
2008-12-21,39.29673696813264
2008-12-22,38.46640082532299
2008-12-23,38.38874176340402
2008-12-24,38.358551006438475
2008-12-25,38.358551006438475
2008-12-26,38.406780536913516
2008-12-27,38.406780536913516
2008-12-28,38.406780536913516
2008-12-29,38.18932111263764
2008-12-30,38.892039641310596
2008-12-31,39.039710301834575
2009-01-01,39.039710301834575
2009-01-02,40.565754076307854
2009-01-03,40.565754076307854
2009-01-04,40.565754076307854
2009-01-05,40.7633344418833
2009-01-06,40.753542612385345
2009-01-07,39.50510947334614
2009-01-08,39.91864025931895
2009-01-09,39.029618792743065
2009-01-10,39.029618792743065
2009-01-11,39.029618792743065
2009-01-12,38.5783888676847
2009-01-13,38.72414387511411
2009-01-14,37.47105351891077
2009-01-15,37.64366638613455
2009-01-16,38.023577167432926
2009-01-17,38.023577167432926
2009-01-18,38.023577167432926
2009-01-19,38.023577167432926
2009-01-20,36.22727134861151
2009-01-21,37.9358520718146
2009-01-22,37.73712053188241
2009-01-23,38.05678743080485
2009-01-24,38.05678743080485
2009-01-25,38.05678743080485
2009-01-26,38.50780864816741
2009-01-27,38.72965695842828
2009-01-28,39.926009375254665
2009-01-29,39.10698197500687
2009-01-30,38.2285006937438
2009-01-31,38.2285006937438
2009-02-01,38.2285006937438
2009-02-02,38.97315521675006
2009-02-03,39.347233197624966
2009-02-04,39.453091794777194
2009-02-05,40.44157823993952
2009-02-06,41.57873094529991
2009-02-07,41.57873094529991
2009-02-08,41.57873094529991
2009-02-09,41.88186053981197
2009-02-10,40.239173933318156
2009-02-11,40.29270965457086
2009-02-12,40.79999411264732
2009-02-13,40.63699492330882
2009-02-14,40.63699492330882
2009-02-15,40.63699492330882
2009-02-16,40.63699492330882
2009-02-17,39.2063351747132
2009-02-18,39.47793880883397
2009-02-19,38.61391155764131
2009-02-20,38.82800386247938
2009-02-21,38.82800386247938
2009-02-22,38.82800386247938
2009-02-23,37.33646605419833
2009-02-24,38.50017708639783
2009-02-25,38.289709988030985
2009-02-26,37.21057168100957
2009-02-27,36.73744564812261
2009-02-28,36.73744564812261
2009-03-01,36.73744564812261
2009-03-02,35.92102306653511
2009-03-03,36.07720817014741
2009-03-04,36.82709365989598
2009-03-05,35.7318952687824
2009-03-06,35.25956856431834
2009-03-07,35.25956856431834
2009-03-08,35.25956856431834
2009-03-09,34.43740053326836
2009-03-10,36.64476351802432
2009-03-11,37.32596075857059
2009-03-12,38.5131757470775
2009-03-13,38.599404586721334
2009-03-14,38.599404586721334
2009-03-15,38.599404586721334
2009-03-16,37.886584826336005
2009-03-17,39.419356209125425
2009-03-18,39.683722930196474
2009-03-19,39.63285739922416
2009-03-20,39.341724506603356
2009-03-21,39.341724506603356
2009-03-22,39.341724506603356
2009-03-23,41.5448318392302
2009-03-24,40.79239924873667
2009-03-25,40.81852557443763
2009-03-26,42.05752256773742
2009-03-27,41.21902923265454
2009-03-28,41.21902923265454
2009-03-29,41.21902923265454
2009-03-30,40.344031004863666
2009-03-31,41.02556895855019
2009-04-01,41.658857032571234
2009-04-02,42.580585661290115
2009-04-03,43.12024558801156
2009-04-04,43.12024558801156
2009-04-05,43.12024558801156
2009-04-06,43.333014369494926
2009-04-07,42.274106478586276
2009-04-08,42.754779843418916
2009-04-09,43.86696272960117
2009-04-10,43.86696272960117
2009-04-11,43.86696272960117
2009-04-12,43.86696272960117
2009-04-13,43.81164638965452
2009-04-14,43.25471147969037
2009-04-15,42.88245974838753
2009-04-16,43.908275063811786
2009-04-17,43.78338651680703
2009-04-18,43.78338651680703
2009-04-19,43.78338651680703
2009-04-20,42.62662656921785
2009-04-21,43.19244649249987
2009-04-22,43.24652340058677
2009-04-23,43.8971826176611
2009-04-24,44.673115633611225
2009-04-25,44.673115633611225
2009-04-26,44.673115633611225
2009-04-27,44.99285688762162
2009-04-28,44.70441381383052
2009-04-29,45.18439973683044
2009-04-30,45.03481445064341
2009-05-01,45.07891493145824
2009-05-02,45.07891493145824
2009-05-03,45.07891493145824
2009-05-04,45.76856435930604
2009-05-05,45.690621999163454
2009-05-06,45.678491794094484
2009-05-07,44.86721677155081
2009-05-08,44.69700269768201
2009-05-09,44.69700269768201
2009-05-10,44.69700269768201
2009-05-11,44.90803178596223
2009-05-12,44.26807525835596
2009-05-13,43.26577873499264
2009-05-14,43.87206778984864
2009-05-15,43.76576083690675
2009-05-16,43.76576083690675
2009-05-17,43.76576083690675
2009-05-18,44.802973686943695
2009-05-19,44.92414246112041
2009-05-20,44.772002838676876
2009-05-21,44.06722973539418
2009-05-22,43.796907271002695
2009-05-23,43.796907271002695
2009-05-24,43.796907271002695
2009-05-25,43.796907271002695
2009-05-26,45.52645233095615
2009-05-27,45.45085496055184
2009-05-28,46.05178631720401
2009-05-29,46.548787680357876
2009-05-30,46.548787680357876
2009-05-31,46.548787680357876
2009-06-01,47.57300922934223
2009-06-02,47.652502032714494
2009-06-03,47.988689899313414
2009-06-04,48.806162254735355
2009-06-05,48.98644006379416
2009-06-06,48.98644006379416
2009-06-07,48.98644006379416
2009-06-08,48.8291821811121
2009-06-09,48.95428382418491
2009-06-10,48.65531842050244
2009-06-11,48.71003215330731
2009-06-12,48.5252645795391
2009-06-13,48.5252645795391
2009-06-14,48.5252645795391
2009-06-15,47.679381611206125
2009-06-16,47.52890731733304
2009-06-17,48.06807011420704
2009-06-18,48.143849434439915
2009-06-19,48.90520555123337
2009-06-20,48.90520555123337
2009-06-21,48.90520555123337
2009-06-22,47.74437253254527
2009-06-23,47.54190020820866
2009-06-24,48.295237660829
2009-06-25,49.17923776278472
2009-06-26,49.41192991424087
2009-06-27,49.41192991424087
2009-06-28,49.41192991424087
2009-06-29,49.51152515337097
2009-06-30,49.36356144090489
2009-07-01,49.56461228670781
2009-07-02,48.616405407256714
2009-07-03,48.616405407256714
2009-07-04,48.616405407256714
2009-07-05,48.616405407256714
2009-07-06,48.42232488917776
2009-07-07,47.28639657443799
2009-07-08,47.68489461834707
2009-07-09,47.540904700790406
2009-07-10,47.857608246717824
2009-07-11,47.857608246717824
2009-07-12,47.857608246717824
2009-07-13,48.89163301129396
2009-07-14,48.942172591139105
2009-07-15,50.6777340991608
2009-07-16,51.25780441900078
2009-07-17,51.773075566061124
2009-07-18,51.773075566061124
2009-07-19,51.773075566061124
2009-07-20,52.0566730324238
2009-07-21,52.301196246870845
2009-07-22,52.70868404740354
2009-07-23,53.38045273489523
2009-07-24,53.21176877482168
2009-07-25,53.21176877482168
2009-07-26,53.21176877482168
2009-07-27,53.06453246691733
2009-07-28,53.31076935118287
2009-07-29,53.303969940703965
2009-07-30,53.67816551344756
2009-07-31,53.530998997152366
2009-08-01,53.530998997152366
2009-08-02,53.530998997152366
2009-08-03,54.318380268713625
2009-08-04,54.08979877742826
2009-08-05,53.64676594354748
2009-08-06,53.094214871637874
2009-08-07,53.37606167951087
2009-08-08,53.37606167951087
2009-08-09,53.37606167951087
2009-08-10,53.020447171648456
2009-08-11,52.59063711216754
2009-08-12,53.259213148822205
2009-08-13,53.61382017851312
2009-08-14,53.31622366812769
2009-08-15,53.31622366812769
2009-08-16,53.31622366812769
2009-08-17,51.79013080770216
2009-08-18,52.589846165121656
2009-08-19,52.89140153490233
2009-08-20,53.71274732598812
2009-08-21,54.427092829860925
2009-08-22,54.427092829860925
2009-08-23,54.427092829860925
2009-08-24,54.498969595787486
2009-08-25,54.52195815537036
2009-08-26,54.36469636033945
2009-08-27,54.383487832764345
2009-08-28,54.50962063560817
2009-08-29,54.50962063560817
2009-08-30,54.50962063560817
2009-08-31,54.02657219960385
2009-09-01,53.216067411336994
2009-09-02,53.14842327833858
2009-09-03,53.34739049598178
2009-09-04,54.28090223031165
2009-09-05,54.28090223031165
2009-09-06,54.28090223031165
2009-09-07,54.28090223031165
2009-09-08,54.74551858316619
2009-09-09,54.8656767537696
2009-09-10,55.30403714348529
2009-09-11,55.221753973713874
2009-09-12,55.221753973713874
2009-09-13,55.221753973713874
2009-09-14,55.36992954423328
2009-09-15,55.51537767810481
2009-09-16,56.36516571354133
2009-09-17,56.343865123226465
2009-09-18,56.43050838731344
2009-09-19,56.43050838731344
2009-09-20,56.43050838731344
2009-09-21,56.62794337580547
2009-09-22,56.59464093482836
2009-09-23,56.52179108471523
2009-09-24,56.3079410785644
2009-09-25,55.372601713722204
2009-09-26,55.372601713722204
2009-09-27,55.372601713722204
2009-09-28,56.293798565268354
2009-09-29,56.02823201750404
2009-09-30,55.87554571043869
2009-10-01,54.37226623992938
2009-10-02,54.39300156785224
2009-10-03,54.39300156785224
2009-10-04,54.39300156785224
2009-10-05,54.647846792961545
2009-10-06,55.64545336392952
2009-10-07,55.86373469699129
2009-10-08,55.91340583756233
2009-10-09,56.17865721876527
2009-10-10,56.17865721876527
2009-10-11,56.17865721876527
2009-10-12,56.26988713152767
2009-10-13,56.28721007798357
2009-10-14,56.97356708280786
2009-10-15,57.052910165894595
2009-10-16,56.741167361558155
2009-10-17,56.741167361558155
2009-10-18,56.741167361558155
2009-10-19,57.12100048658354
2009-10-20,57.6210109419945
2009-10-21,58.08727755763375
2009-10-22,58.11523250755815
2009-10-23,58.02782927255136
2009-10-24,58.02782927255136
2009-10-25,58.02782927255136
2009-10-26,57.859820509471334
2009-10-27,57.18338835268999
2009-10-28,56.11248932127346
2009-10-29,57.01818000728885
2009-10-30,55.522150800560524
2009-10-31,55.522150800560524
2009-11-01,55.522150800560524
2009-11-02,55.5178642172294
2009-11-03,55.64641424199649
2009-11-04,55.832020954799304
2009-11-05,57.126881407520116
2009-11-06,57.36979929788445
2009-11-07,57.36979929788445
2009-11-08,57.36979929788445
2009-11-09,58.77458341923852
2009-11-10,58.920623495156164
2009-11-11,59.26531368851437
2009-11-12,59.003734913544704
2009-11-13,59.58708836807281
2009-11-14,59.58708836807281
2009-11-15,59.58708836807281
2009-11-16,59.92786196818455
2009-11-17,60.22250821674937
2009-11-18,59.89899733409915
2009-11-19,58.933413724239955
2009-11-20,58.764674877614866
2009-11-21,58.764674877614866
2009-11-22,58.764674877614866
2009-11-23,59.84566768323139
2009-11-24,59.60594798393945
2009-11-25,59.65161609014916
2009-11-26,59.65161609014916
2009-11-27,58.750049705851524
2009-11-28,58.750049705851524
2009-11-29,58.750049705851524
2009-11-30,58.72098226985345
2009-12-01,59.06836724541966
2009-12-02,59.032179983773155
2009-12-03,58.829243146442906
2009-12-04,58.914511373102584
2009-12-05,58.914511373102584
2009-12-06,58.914511373102584
2009-12-07,58.43527755949002
2009-12-08,58.16578034304331
2009-12-09,59.14450652542907
2009-12-10,59.486711982633935
2009-12-11,59.05893782995309
2009-12-12,59.05893782995309
2009-12-13,59.05893782995309
2009-12-14,59.4996030609221
2009-12-15,59.007389744960946
2009-12-16,58.88565697680998
2009-12-17,58.153896273457136
2009-12-18,59.4602283502218
2009-12-19,59.4602283502218
2009-12-20,59.4602283502218
2009-12-21,60.1655582824453
2009-12-22,60.51114432038217
2009-12-23,60.90633316393496
2009-12-24,61.72872037702963
2009-12-25,61.72872037702963
2009-12-26,61.72872037702963
2009-12-27,61.72872037702963
2009-12-28,62.20051658931463
2009-12-29,62.0043424454459
2009-12-30,62.267205152375396
2009-12-31,61.79720789852345
2010-01-01,61.79720789852345
2010-01-02,61.79720789852345
2010-01-03,61.79720789852345
2010-01-04,62.67775320134602
2010-01-05,62.78020049838281
2010-01-06,62.16427393380788
2010-01-07,62.06033881156825
2010-01-08,62.646677976430844
2010-01-09,62.646677976430844
2010-01-10,62.646677976430844
2010-01-11,62.311345242653466
2010-01-12,61.58215993393833
2010-01-13,62.23908045040211
2010-01-14,62.5314039610815
2010-01-15,61.83364426576294
2010-01-16,61.83364426576294
2010-01-17,61.83364426576294
2010-01-18,61.83364426576294
2010-01-19,63.070062473145896
2010-01-20,62.228052375036484
2010-01-21,61.51962868104533
2010-01-22,59.18332715775155
2010-01-23,59.18332715775155
2010-01-24,59.18332715775155
2010-01-25,59.6918462520768
2010-01-26,59.87764864296199
2010-01-27,60.53002977171038
2010-01-28,58.23785453779082
2010-01-29,56.9029015238671
2010-01-30,56.9029015238671
2010-01-31,56.9029015238671
2010-02-01,57.44801701297445
2010-02-02,57.82123544508994
2010-02-03,58.377535311742676
2010-02-04,56.794808323773665
2010-02-05,57.410143254117514
2010-02-06,57.410143254117514
2010-02-07,57.410143254117514
2010-02-08,56.973090329494646
2010-02-09,57.50851921823581
2010-02-10,57.234059295923075
2010-02-11,58.059604080229704
2010-02-12,58.45033067449994
2010-02-13,58.45033067449994
2010-02-14,58.45033067449994
2010-02-15,58.45033067449994
2010-02-16,59.03535054271626
2010-02-17,59.23068403585557
2010-02-18,59.650894463585004
2010-02-19,59.44568200531783
2010-02-20,59.44568200531783
2010-02-21,59.44568200531783
2010-02-22,59.27078554811676
2010-02-23,58.4115423934088
2010-02-24,58.937289411353674
2010-02-25,58.90232439908104
2010-02-26,59.07493373893233
2010-02-27,59.07493373893233
2010-02-28,59.07493373893233
2010-03-01,59.57451837777451
2010-03-02,59.88076346663825
2010-03-03,60.053087664109185
2010-03-04,60.4631370501004
2010-03-05,61.39860859405398
2010-03-06,61.39860859405398
2010-03-07,61.39860859405398
2010-03-08,61.57441336629515
2010-03-09,62.083019467834305
2010-03-10,62.53144627235362
2010-03-11,62.87322153496485
2010-03-12,62.90143209503378
2010-03-13,62.90143209503378
2010-03-14,62.90143209503378
2010-03-15,62.503727782844564
2010-03-16,62.697723080048505
2010-03-17,62.741831821530326
2010-03-18,63.16893165025477
2010-03-19,62.74277570142195
2010-03-20,62.74277570142195
2010-03-21,62.74277570142195
2010-03-22,63.24220909843264
2010-03-23,63.80350311458722
2010-03-24,63.651954922449896
2010-03-25,63.82465356493241
2010-03-26,63.96601377081649
2010-03-27,63.96601377081649
2010-03-28,63.96601377081649
2010-03-29,64.12566085497663
2010-03-30,64.53144182183311
2010-03-31,64.15017663188544
2010-04-01,64.01836894695815
2010-04-02,64.01836894695815
2010-04-03,64.01836894695815
2010-04-04,64.01836894695815
2010-04-05,64.41307184626719
2010-04-06,64.57608054722581
2010-04-07,64.68057290131767
2010-04-08,64.6976770085978
2010-04-09,65.07332011681754
2010-04-10,65.07332011681754
2010-04-11,65.07332011681754
2010-04-12,65.24136442856133
2010-04-13,65.6387199731731
2010-04-14,66.26021157865836
2010-04-15,66.7666706300119
2010-04-16,65.82719519092558
2010-04-17,65.82719519092558
2010-04-18,65.82719519092558
2010-04-19,65.93302517150205
2010-04-20,65.96764092133795
2010-04-21,66.73637087383375
2010-04-22,66.6751202776338
2010-04-23,66.881655692748
2010-04-24,66.881655692748
2010-04-25,66.881655692748
2010-04-26,66.57216634398276
2010-04-27,65.40607462222619
2010-04-28,65.4743191785017
2010-04-29,66.2821254402457
2010-04-30,65.09950116586484
2010-05-01,65.09950116586484
2010-05-02,65.09950116586484
2010-05-03,65.97603759518556
2010-05-04,63.95161970837197
2010-05-05,63.8436222238938
2010-05-06,61.7761412273006
2010-05-07,60.122933765068545
2010-05-08,60.122933765068545
2010-05-09,60.122933765068545
2010-05-10,63.171962967752556
2010-05-11,63.18896979925762
2010-05-12,64.28749448767853
2010-05-13,63.40306776647209
2010-05-14,62.32239955690633
2010-05-15,62.32239955690633
2010-05-16,62.32239955690633
2010-05-17,62.41391167177788
2010-05-18,61.60079867590265
2010-05-19,61.082524410852926
2010-05-20,58.72393172321179
2010-05-21,59.05636966430138
2010-05-22,59.05636966430138
2010-05-23,59.05636966430138
2010-05-24,59.2483273179415
2010-05-25,59.07559845563088
2010-05-26,58.2382071393472
2010-05-27,60.2870211485842
2010-05-28,60.20585247740476
2010-05-29,60.20585247740476
2010-05-30,60.20585247740476
2010-05-31,60.20585247740476
2010-06-01,60.12987820236965
2010-06-02,61.27485512123397
2010-06-03,61.661500657219136
2010-06-04,59.83617533790924
2010-06-05,59.83617533790924
2010-06-06,59.83617533790924
2010-06-07,58.62312970355544
2010-06-08,58.45727067475474
2010-06-09,57.45412116787217
2010-06-10,58.76351976709314
2010-06-11,59.47509777592694
2010-06-12,59.47509777592694
2010-06-13,59.47509777592694
2010-06-14,59.37398557326212
2010-06-15,60.9446012500365
2010-06-16,61.475973315043035
2010-06-17,61.94863109088976
2010-06-18,62.108042014813826
2010-06-19,62.108042014813826
2010-06-20,62.108042014813826
2010-06-21,61.30260552805298
2010-06-22,61.23638647063805
2010-06-23,60.792497871076705
2010-06-24,60.038972989648464
2010-06-25,59.38749884466833
2010-06-26,59.38749884466833
2010-06-27,59.38749884466833
2010-06-28,59.32076262688742
2010-06-29,57.2288962853492
2010-06-30,56.38698087908624
2010-07-01,55.96742752301194
2010-07-02,55.97633736022469
2010-07-03,55.97633736022469
2010-07-04,55.97633736022469
2010-07-05,55.97633736022469
2010-07-06,56.487718100730184
2010-07-07,58.24772791936867
2010-07-08,58.40944690759457
2010-07-09,58.98159291403681
2010-07-10,58.98159291403681
2010-07-11,58.98159291403681
2010-07-12,59.38315605069819
2010-07-13,59.817370309147876
2010-07-14,60.405711938147874
2010-07-15,60.48672260308924
2010-07-16,58.64854077963702
2010-07-17,58.64854077963702
2010-07-18,58.64854077963702
2010-07-19,59.03015717854748
2010-07-20,59.901543306058755
2010-07-21,59.45195616770773
2010-07-22,61.13032732212503
2010-07-23,61.000731001051804
2010-07-24,61.000731001051804
2010-07-25,61.000731001051804
2010-07-26,61.17341998404863
2010-07-27,61.34831674500754
2010-07-28,60.78888892759532
2010-07-29,60.35198829029286
2010-07-30,60.18442276213405
2010-07-31,60.18442276213405
2010-08-01,60.18442276213405
2010-08-02,61.38300520735961
2010-08-03,61.141515393627145
2010-08-04,61.34999464942087
2010-08-05,61.19234295911487
2010-08-06,61.07450967747103
2010-08-07,61.07450967747103
2010-08-08,61.07450967747103
2010-08-09,61.69786956712331
2010-08-10,61.21605630629128
2010-08-11,59.834655716545704
2010-08-12,58.993057509187395
2010-08-13,58.43313923325397
2010-08-14,58.43313923325397
2010-08-15,58.43313923325397
2010-08-16,58.5113370804059
2010-08-17,59.180515697622596
2010-08-18,59.24262117619497
2010-08-19,58.27363559913308
2010-08-20,58.14316438812991
2010-08-21,58.14316438812991
2010-08-22,58.14316438812991
2010-08-23,57.643593620834494
2010-08-24,56.55004919979805
2010-08-25,57.07733289342797
2010-08-26,56.41086608406714
2010-08-27,56.84096750423012
2010-08-28,56.84096750423012
2010-08-29,56.84096750423012
2010-08-30,56.36340569969788
2010-08-31,56.015449392541136
2010-09-01,57.49479210987186
2010-09-02,57.83515125789643
2010-09-03,58.881012277547796
2010-09-04,58.881012277547796
2010-09-05,58.881012277547796
2010-09-06,58.881012277547796
2010-09-07,58.80525459918443
2010-09-08,59.39185565864868
2010-09-09,59.57283033288648
2010-09-10,59.57730448949677
2010-09-11,59.57730448949677
2010-09-12,59.57730448949677
2010-09-13,60.627869421226634
2010-09-14,60.868547947649134
2010-09-15,61.320207011168335
2010-09-16,61.84675850454111
2010-09-17,62.32950624429274
2010-09-18,62.32950624429274
2010-09-19,62.32950624429274
2010-09-20,63.34624323317911
2010-09-21,63.42619962147751
2010-09-22,63.599105060399395
2010-09-23,63.57675100862066
2010-09-24,64.69984477115673
2010-09-25,64.69984477115673
2010-09-26,64.69984477115673
2010-09-27,64.46299513766157
2010-09-28,64.1012957967218
2010-09-29,63.97905820880851
2010-09-30,63.72831746317597
2010-10-01,63.530211920028094
2010-10-02,63.530211920028094
2010-10-03,63.530211920028094
2010-10-04,62.86124949353551
2010-10-05,64.32161856900281
2010-10-06,64.3456649875211
2010-10-07,64.40605643576589
2010-10-08,64.94897504292388
2010-10-09,64.94897504292388
2010-10-10,64.94897504292388
2010-10-11,64.86591841845103
2010-10-12,65.49364047562673
2010-10-13,66.03291986683001
2010-10-14,66.02033565707526
2010-10-15,68.24649796730702
2010-10-16,68.24649796730702
2010-10-17,68.24649796730702
2010-10-18,68.66629148639089
2010-10-19,67.41813760763003
2010-10-20,67.74182898043665
2010-10-21,67.88982135207203
2010-10-22,67.96501987125836
2010-10-23,67.96501987125836
2010-10-24,67.96501987125836
2010-10-25,68.14142856228406
2010-10-26,68.21521747249633
2010-10-27,68.19949155552443
2010-10-28,68.29679924267018
2010-10-29,67.96261544809511
2010-10-30,67.96261544809511
2010-10-31,67.96261544809511
2010-11-01,68.2848799857044
2010-11-02,68.89103457421864
2010-11-03,69.3281370293163
2010-11-04,70.43820240074741
2010-11-05,70.3034197590172
2010-11-06,70.3034197590172
2010-11-07,70.3034197590172
2010-11-08,70.34755625143454
2010-11-09,70.058678626779
2010-11-10,70.19560941622547
2010-11-11,69.2318623886651
2010-11-12,67.98965415595242
2010-11-13,67.98965415595242
2010-11-14,67.98965415595242
2010-11-15,67.47492080545561
2010-11-16,66.42514356175855
2010-11-17,66.66165632060658
2010-11-18,67.65827495103639
2010-11-19,67.48915659780158
2010-11-20,67.48915659780158
2010-11-21,67.48915659780158
2010-11-22,68.01155297750668
2010-11-23,66.94189825990085
2010-11-24,68.29057782482981
2010-11-25,68.29057782482981
2010-11-26,68.05646046912788
2010-11-27,68.05646046912788
2010-11-28,68.05646046912788
2010-11-29,68.02575681673802
2010-11-30,66.86483954997767
2010-12-01,68.01692530319966
2010-12-02,68.70187029356033
2010-12-03,68.78023072077997
2010-12-04,68.78023072077997
2010-12-05,68.78023072077997
2010-12-06,68.96321100385794
2010-12-07,68.99447025425074
2010-12-08,69.50538010468868
2010-12-09,69.6554509619579
2010-12-10,70.15287599309167
2010-12-11,70.15287599309167
2010-12-12,70.15287599309167
2010-12-13,70.0473633665485
2010-12-14,70.05642041939126
2010-12-15,70.009793514147
2010-12-16,70.3522145929355
2010-12-17,70.36397863599893
2010-12-18,70.36397863599893
2010-12-19,70.36397863599893
2010-12-20,70.60457788384322
2010-12-21,71.03059363669499
2010-12-22,71.12201257464416
2010-12-23,70.93979923878611
2010-12-24,70.93979923878611
2010-12-25,70.93979923878611
2010-12-26,70.93979923878611
2010-12-27,70.98003864450286
2010-12-28,70.9964156756991
2010-12-29,71.09505555389487
2010-12-30,70.81480269143259
2010-12-31,70.5675555318523
2011-01-01,70.5675555318523
2011-01-02,70.5675555318523
2011-01-03,71.64229623301719
2011-01-04,71.86829090892311
2011-01-05,72.2551352483184
2011-01-06,72.67207452109932
2011-01-07,72.70603117962752
2011-01-08,72.70603117962752
2011-01-09,72.70603117962752
2011-01-10,72.94608261073549
2011-01-11,72.93813556804128
2011-01-12,73.4124699794386
2011-01-13,73.41639190762075
2011-01-14,73.86667080643679
2011-01-15,73.86667080643679
2011-01-16,73.86667080643679
2011-01-17,73.86667080643679
2011-01-18,73.99451009002259
2011-01-19,73.33646882543484
2011-01-20,72.6696353677712
2011-01-21,71.80122947670176
2011-01-22,71.80122947670176
2011-01-23,71.80122947670176
2011-01-24,72.77324730984301
2011-01-25,73.41922741111316
2011-01-26,73.77335522023873
2011-01-27,74.57966936662291
2011-01-28,72.51242263169715
2011-01-29,72.51242263169715
2011-01-30,72.51242263169715
2011-01-31,72.7561246250282
2011-02-01,74.02160345973525
2011-02-02,73.81200158287317
2011-02-03,73.84628816097505
2011-02-04,74.16409059396007
2011-02-05,74.16409059396007
2011-02-06,74.16409059396007
2011-02-07,74.78175220771078
2011-02-08,75.30762951125791
2011-02-09,75.37819231392085
2011-02-10,74.7612902010265
2011-02-11,75.11644409730101
2011-02-12,75.11644409730101
2011-02-13,75.11644409730101
2011-02-14,75.45711175932388
2011-02-15,75.285312285094
2011-02-16,75.57904498910196
2011-02-17,75.49787579780094
2011-02-18,75.23242353720094
2011-02-19,75.23242353720094
2011-02-20,75.23242353720094
2011-02-21,75.23242353720094
2011-02-22,73.21676749009521
2011-02-23,72.87109393026438
2011-02-24,73.07320411620174
2011-02-25,73.94658457919607
2011-02-26,73.94658457919607
2011-02-27,73.94658457919607
2011-02-28,74.25135885334441
2011-03-01,73.01237587722898
2011-03-02,73.21575665534323
2011-03-03,74.48820050610277
2011-03-04,74.04054298815458
2011-03-05,74.04054298815458
2011-03-06,74.04054298815458
2011-03-07,73.12947051788139
2011-03-08,73.26455238517545
2011-03-09,72.78663112203208
2011-03-10,71.8320096250963
2011-03-11,72.08312267667412
2011-03-12,72.08312267667412
2011-03-13,72.08312267667412
2011-03-14,71.88066397974916
2011-03-15,70.79024220776527
2011-03-16,68.53351068014659
2011-03-17,69.23622484120486
2011-03-18,68.94696360312987
2011-03-19,68.94696360312987
2011-03-20,68.94696360312987
2011-03-21,70.53774610714336
2011-03-22,70.31974758140551
2011-03-23,70.74695234386957
2011-03-24,71.92891524537646
2011-03-25,72.0253827765325
2011-03-26,72.0253827765325
2011-03-27,72.0253827765325
2011-03-28,71.6192771283123
2011-03-29,72.38870057354232
2011-03-30,72.49911187888847
2011-03-31,72.59856042184725
2011-04-01,72.44781115165833
2011-04-02,72.44781115165833
2011-04-03,72.44781115165833
2011-04-04,71.931656496936
2011-04-05,71.60494286764623
2011-04-06,71.99089187606214
2011-04-07,72.05080890982676
2011-04-08,71.74565260025946
2011-04-09,71.74565260025946
2011-04-10,71.74565260025946
2011-04-11,71.29288436560321
2011-04-12,70.79748829005132
2011-04-13,71.28896622127445
2011-04-14,70.9939095940934
2011-04-15,70.16996383881057
2011-04-16,70.16996383881057
2011-04-17,70.16996383881057
2011-04-18,70.04048454047341
2011-04-19,70.39161090298049
2011-04-20,71.93239786564206
2011-04-21,72.6052234760172
2011-04-22,72.6052234760172
2011-04-23,72.6052234760172
2011-04-24,72.6052234760172
2011-04-25,72.91557839069833
2011-04-26,73.2272853964653
2011-04-27,73.94848009503747
2011-04-28,73.7183946266554
2011-04-29,73.86874221015643
2011-04-30,73.86874221015643
2011-05-01,73.86874221015643
2011-05-02,73.82938383116512
2011-05-03,73.61271512280557
2011-05-04,73.77485012146724
2011-05-05,73.3428387036319
2011-05-06,73.44305937423448
2011-05-07,73.44305937423448
2011-05-08,73.44305937423448
2011-05-09,73.570761675704
2011-05-10,74.02132644530644
2011-05-11,73.65679400781926
2011-05-12,73.94919675765826
2011-05-13,73.06997716465918
2011-05-14,73.06997716465918
2011-05-15,73.06997716465918
2011-05-16,71.69086061223166
2011-05-17,72.03183652764555
2011-05-18,72.57909809304144
2011-05-19,72.99237990897932
2011-05-20,72.29623403206793
2011-05-21,72.29623403206793
2011-05-22,72.29623403206793
2011-05-23,71.4517353116083
2011-05-24,71.12976791911439
2011-05-25,71.5629401619622
2011-05-26,71.76459068267478
2011-05-27,72.09953837645611
2011-05-28,72.09953837645611
2011-05-29,72.09953837645611
2011-05-30,72.09953837645611
2011-05-31,73.52313196495176
2011-06-01,72.23585032359162
2011-06-02,72.38241900478863
2011-06-03,71.49940423190311
2011-06-04,71.49940423190311
2011-06-05,71.49940423190311
2011-06-06,71.01918292887285
2011-06-07,70.53896813088852
2011-06-08,70.27652704237292
2011-06-09,70.19722549360642
2011-06-10,69.09961784479405
2011-06-11,69.09961784479405
2011-06-12,69.09961784479405
2011-06-13,69.18286628711539
2011-06-14,70.19165292697583
2011-06-15,68.89096479347336
2011-06-16,68.48010094203066
2011-06-17,68.03769011675782
2011-06-18,68.03769011675782
2011-06-19,68.03769011675782
2011-06-20,68.13645896870165
2011-06-21,69.56481123712425
2011-06-22,68.93751816358152
2011-06-23,69.57688751301424
2011-06-24,68.26970922838484
2011-06-25,68.26970922838484
2011-06-26,68.26970922838484
2011-06-27,69.65653038235885
2011-06-28,70.70117939270474
2011-06-29,70.69087391653254
2011-06-30,71.7043167908746
2011-07-01,72.79175843890637
2011-07-02,72.79175843890637
2011-07-03,72.79175843890637
2011-07-04,72.79175843890637
2011-07-05,73.32617132266961
2011-07-06,73.72662133200049
2011-07-07,74.97005854783902
2011-07-08,74.85976784458013
2011-07-09,74.85976784458013
2011-07-10,74.85976784458013
2011-07-11,73.67602667343395
2011-07-12,73.26769452432143
2011-07-13,73.60277122565554
2011-07-14,72.86511802342788
2011-07-15,74.39876415533317
2011-07-16,74.39876415533317
2011-07-17,74.39876415533317
2011-07-18,74.4017004781344
2011-07-19,76.13355265625708
2011-07-20,76.07677167411114
2011-07-21,76.48418282564938
2011-07-22,77.40119008999241
2011-07-23,77.40119008999241
2011-07-24,77.40119008999241
2011-07-25,77.50997823561204
2011-07-26,77.81412851897866
2011-07-27,75.9310145398992
2011-07-28,76.2025097526666
2011-07-29,75.80306964069061
2011-07-30,75.80306964069061
2011-07-31,75.80306964069061
2011-08-01,75.70099034363238
2011-08-02,74.0036164659323
2011-08-03,74.6627953951907
2011-08-04,71.65670573911635
2011-08-05,71.29024030391048
2011-08-06,71.29024030391048
2011-08-07,71.29024030391048
2011-08-08,67.27853236746314
2011-08-09,70.34964762607072
2011-08-10,67.53683428737564
2011-08-11,70.42645385584949
2011-08-12,70.67101277843167
2011-08-13,70.67101277843167
2011-08-14,70.67101277843167
2011-08-15,71.4995831643052
2011-08-16,70.92540302154988
2011-08-17,70.68561477341294
2011-08-18,67.41955746847142
2011-08-19,65.98585674807032
2011-08-20,65.98585674807032
2011-08-21,65.98585674807032
2011-08-22,66.13288256486895
2011-08-23,68.7629388389247
2011-08-24,69.3097932374493
2011-08-25,68.3130125531185
2011-08-26,70.02187810275755
2011-08-27,70.02187810275755
2011-08-28,70.02187810275755
2011-08-29,71.89860674094297
2011-08-30,72.20398341298926
2011-08-31,72.32664074577693
2011-09-01,71.69039920121884
2011-09-02,70.2609708001502
2011-09-03,70.2609708001502
2011-09-04,70.2609708001502
2011-09-05,70.2609708001502
2011-09-06,70.26550719386154
2011-09-07,71.96312453052802
2011-09-08,71.81269073435797
2011-09-09,70.34355435139625
2011-09-10,70.34355435139625
2011-09-11,70.34355435139625
2011-09-12,71.32389119077449
2011-09-13,72.41800759444676
2011-09-14,73.2934862869757
2011-09-15,74.58009923438595
2011-09-16,75.63072307021321
2011-09-17,75.63072307021321
2011-09-18,75.63072307021321
2011-09-19,76.10749702490415
2011-09-20,75.75972085287574
2011-09-21,74.85673094105783
2011-09-22,72.57718866306143
2011-09-23,73.23975091446212
2011-09-24,73.23975091446212
2011-09-25,73.23975091446212
2011-09-26,74.05646004535171
2011-09-27,74.36586821593428
2011-09-28,73.73539524953192
2011-09-29,73.06909306484394
2011-09-30,71.15514420855193
2011-10-01,71.15514420855193
2011-10-02,71.15514420855193
2011-10-03,69.5673297945547
2011-10-04,70.72081013746893
2011-10-05,72.3050457247325
2011-10-06,73.14221050737504
2011-10-07,72.73506851496253
2011-10-10,75.39988430235128
2011-10-11,76.11892402921347
2011-10-12,76.55088996351516
2011-10-13,77.35832502142114
2011-10-14,79.28121841841283
2011-10-17,78.23032043875
2011-10-18,79.12619316890991
2011-10-19,77.23799953343931
2011-10-20,76.91002237348596
2011-10-21,77.45784077486411
2011-10-24,78.888853324149
2011-10-25,77.47513676944119
2011-10-26,76.90277119901427
2011-10-27,78.71190162356972
2011-10-28,78.73173120585899
2011-10-31,77.78566513887813
2011-11-01,75.81457568093431
2011-11-02,76.42071116855428
2011-11-03,78.10993814425493
2011-11-04,77.3889717106315
2011-11-07,78.22277925349866
2011-11-08,79.22370020084759
2011-11-09,76.5795222626465
2011-11-10,76.48773373691681
2011-11-11,77.78026304255224
2011-11-14,77.41947330094129
2011-11-15,78.46037167280876
2011-11-16,77.089353881182
2011-11-17,75.47403844484948
2011-11-18,74.8205502556232
2011-11-21,73.34575129286596
2011-11-22,73.58304600595648
2011-11-23,71.90918996353525
2011-11-25,71.32422011973037
2011-11-28,73.86822813656123
2011-11-29,73.32866852210847
2011-11-30,75.90754349329583
2011-12-01,76.43592357109712
2011-12-02,76.40169703359989
2011-12-05,77.19742393505142
2011-12-06,77.03301854132954
2011-12-07,77.08342532761563
2011-12-08,76.1692459921633
2011-12-09,77.22672559792862
2011-12-12,76.42322705353327
2011-12-13,75.80305396948003
2011-12-14,74.62796166444161
2011-12-15,74.41181546342744
2011-12-16,74.8970647507465
2011-12-19,74.25983877709527
2011-12-20,76.2669935288728
2011-12-21,74.60646206511488
2011-12-22,75.01494432184931
2011-12-23,75.88298577432086
2011-12-27,76.15298674722885
2011-12-28,75.45645461713681
2011-12-29,76.02490741807014
2011-12-30,75.81304354729465
2012-01-03,77.41980335038289
2012-01-04,78.36642000004886
2012-01-05,78.92111882311137
2012-01-06,79.31481586608307
2012-01-09,78.74597960378077
2012-01-10,78.87967642777038
2012-01-11,78.9618934681109
2012-01-12,79.23836123173967
2012-01-13,79.01693341799935
2012-01-17,79.55323391112127
2012-01-18,80.34386124689807
2012-01-19,80.58845375606916
2012-01-20,80.50774926983843
2012-01-23,80.8865529246556
2012-01-24,80.2830633698302
2012-01-25,81.74976617204948
2012-01-26,81.43648126605494
2012-01-27,81.58211476170918
2012-01-30,82.16434338957313
2012-01-31,82.14476955074497
2012-02-01,82.6836492093207
2012-02-02,82.69318500428736
2012-02-03,83.72254466814725
2012-02-06,84.16038051192137
2012-02-07,84.45082000939426
2012-02-08,85.22891795342176
2012-02-09,86.17427302895226
2012-02-10,85.69952041481909
2012-02-13,86.43124739384292
2012-02-14,86.68716635140036
2012-02-15,85.57106564679714
2012-02-16,87.12558503564222
2012-02-17,87.24476783596498
2012-02-21,88.19232602015379
2012-02-22,87.55856788615552
2012-02-23,87.89312941784517
2012-02-24,88.51305102421159
2012-02-27,88.70395031972366
2012-02-28,89.92664229138445
2012-02-29,89.9445675609712
2012-03-01,90.65816791775498
2012-03-02,90.5763672816036
2012-03-05,89.48222792374601
2012-03-06,88.87696994106227
2012-03-07,89.29288407807897
2012-03-08,90.09419270302777
2012-03-09,90.29723527851061
2012-03-12,90.64346298171263
2012-03-13,92.66872199459682
2012-03-14,93.82194299792408
2012-03-15,93.8023412120468
2012-03-16,93.64896594002677
2012-03-19,94.54007563459393
2012-03-20,94.7768354589781
2012-03-21,94.38407153804636
2012-03-22,94.13460047995929
2012-03-23,93.93589836398024
2012-03-26,95.60046637452038
2012-03-27,95.93162210508487
2012-03-28,95.82856144663666
2012-03-29,95.3736574628713
2012-03-30,94.7837815887114
2012-04-02,96.0949990215143
2012-04-03,96.09377641289154
2012-04-04,94.95660890599619
2012-04-05,95.732415444845
2012-04-09,95.12718223674018
2012-04-10,93.82888782120651
2012-04-11,93.91668901596134
2012-04-12,95.22178749445459
2012-04-13,93.31780663035101
2012-04-16,92.04710906591494
2012-04-17,94.16606315637034
2012-04-18,93.56525269595392
2012-04-19,91.59928192225473
2012-04-20,91.64743966419249
2012-04-23,91.10563803562677
2012-04-24,90.5772236917999
2012-04-25,93.79646397452628
2012-04-26,94.04397551274094
2012-04-27,93.97456561704684
2012-04-30,92.91815360058898
2012-05-01,93.06729132151725
2012-05-02,93.40534236388507
2012-05-03,92.86388491237079
2012-05-04,90.40199878032033
2012-05-07,90.36184340379825
2012-05-08,90.25830283445394
2012-05-09,90.16955845553431
2012-05-10,90.07287593450431
2012-05-11,90.04857503477496
2012-05-14,88.99560783855611
2012-05-15,88.70932184829731
2012-05-16,87.93200678674746
2012-05-17,86.34666054533017
2012-05-18,85.13973475796422
2012-05-21,87.66707706362803
2012-05-22,87.28182466274069
2012-05-23,87.61389198515116
2012-05-24,86.943506439775
2012-05-25,86.60975614418325
2012-05-29,87.8811917195515
2012-05-30,87.74440282917506
2012-05-31,87.4258767442151
2012-06-01,85.1733802436343
2012-06-04,85.70111835423421
2012-06-05,85.99976719154688
2012-06-06,87.94232309248127
2012-06-07,87.57038472196895
2012-06-08,88.57276696009207
2012-06-11,86.96074337163455
2012-06-12,87.91925927541756
2012-06-13,87.48739820108426
2012-06-14,87.39730431589503
2012-06-15,88.5186756097908
2012-06-18,88.89314925292155
2012-06-19,90.17124010505331
2012-06-20,90.42520572018658
2012-06-21,88.3578415776593
2012-06-22,89.30994424336996
2012-06-25,87.21122260623447
2012-06-26,87.57558716222366
2012-06-27,88.24054234904538
2012-06-28,87.46374006714214
2012-06-29,90.07818441516766
2012-07-02,90.50396235981368
2012-07-03,91.328574337013
2012-07-05,91.70142979713899
2012-07-06,90.46366511111336
2012-07-09,90.67254773737918
2012-07-10,89.85382381916645
2012-07-11,89.08445512873301
2012-07-12,87.84261169417981
2012-07-13,89.44559361983944
2012-07-16,89.3721748908822
2012-07-17,89.83645819639801
2012-07-18,91.20653202805822
2012-07-19,92.40094786321335
2012-07-20,91.32927448530785
2012-07-23,90.48898220533242
2012-07-24,89.78522897791584
2012-07-25,88.49991793317007
2012-07-26,89.39875041443986
2012-07-27,91.40777798668897
2012-07-30,91.50581575063373
2012-07-31,92.01683065544901
2012-08-01,91.92381044197458
2012-08-02,91.49363356557598
2012-08-03,93.23170365038533
2012-08-06,93.83927622130102
2012-08-07,94.3777428043336
2012-08-08,94.34578791770235
2012-08-09,94.83233653920959
2012-08-10,94.9755202187411
2012-08-13,95.52053137169563
2012-08-14,95.66437595857283
2012-08-15,95.65673838511174
2012-08-16,96.7786333274688
2012-08-17,97.52254462028787
2012-08-20,97.97326574930958
2012-08-21,97.23165377797154
2012-08-22,97.60931448488358
2012-08-23,96.75319579129068
2012-08-24,97.16038582753319
2012-08-27,97.54541018385284
2012-08-28,97.55358257871751
2012-08-29,97.55506340603091
2012-08-30,96.33477511431488
2012-08-31,97.28049248752691
2012-09-04,97.03452334871199
2012-09-05,96.9970561945133
2012-09-06,99.13290854036433
2012-09-07,98.66704536120179
2012-09-10,96.9775667734362
2012-09-11,96.87341769508049
2012-09-12,97.2522326076427
2012-09-13,98.67942998376664
2012-09-14,99.58661680772101
2012-09-17,99.98163232765357
2012-09-18,100.25289230128034
2012-09-19,100.17749654212443
2012-09-20,100.04408825532873
2012-09-21,100.07802961319037
2012-09-24,99.35079165337785
2012-09-25,97.71461407437215
2012-09-26,97.04198921589247
2012-09-27,98.35724012441605
2012-09-28,97.20367191248539
2012-10-01,96.88279710872581
2012-10-02,96.989625926538
2012-10-03,97.68291641740336
2012-10-04,97.80732465543853
2012-10-05,96.93895409085853
2012-10-08,95.72814289123265
2012-10-09,94.36229288471137
2012-10-10,94.21914996887276
2012-10-11,93.73613251378646
2012-10-12,93.82480674085875
2012-10-15,94.46539791322908
2012-10-16,95.82133212262977
2012-10-17,95.50418796287394
2012-10-18,93.38420774201019
2012-10-19,90.91292645490296
2012-10-22,91.6408903449953
2012-10-23,90.72889045526463
2012-10-24,90.54620010395739
2012-10-25,90.38796741587068
2012-10-26,90.73714773517449
2012-10-31,90.53550393766979
2012-11-01,92.00254896280873
2012-11-02,90.89121282209265
2012-11-05,91.38948262659582
2012-11-06,91.54687903562413
2012-11-07,88.7223440766293
2012-11-08,87.49797392001093
2012-11-09,88.23644439976394
2012-11-12,87.66335994312395
2012-11-13,86.64840837448513
2012-11-14,85.71118880663067
2012-11-15,85.09873828517601
2012-11-16,85.27634693694225
2012-11-19,87.64399687573766
2012-11-20,87.19373136660391
2012-11-21,87.33195306026187
2012-11-23,88.83280542563696
2012-11-26,89.25556477309075
2012-11-27,89.1263623854425
2012-11-28,89.8801662410909
2012-11-29,89.9422952444388
2012-11-30,89.86912436376909
2012-12-03,89.71307294301033
2012-12-04,89.35966181993037
2012-12-05,87.74731487286803
2012-12-06,88.4538277601782
2012-12-07,87.41537239832289
2012-12-10,87.66598463392879
2012-12-11,89.08745720896667
2012-12-12,88.74209758037041
2012-12-13,88.00994965857625
2012-12-14,86.57482643004113
2012-12-17,88.05217312061592
2012-12-18,89.6642112350412
2012-12-19,89.48366938694349
2012-12-20,89.52176854547838
2012-12-21,88.76079087464635
2012-12-24,88.33500488052405
2012-12-26,87.53815572319124
2012-12-27,87.41939903726572
2012-12-28,86.43986367797997
2012-12-31,88.31230965691623
2013-01-02,91.22137954843996
2013-01-03,90.57628651875508
2013-01-04,89.78845398879051
2013-01-07,89.7594786566944
2013-01-08,89.66212683070574
2013-01-09,89.53760979039532
2013-01-10,89.95261535058938
2013-01-11,90.06632401347738
2013-01-14,89.14497279229928
2013-01-15,88.46531054761182
2013-01-16,89.25790722442615
2013-01-17,89.19295103468164
2013-01-18,89.08059384536271
2013-01-22,89.08520727827538
2013-01-23,90.31804107508611
2013-01-24,87.3893958086588
2013-01-25,87.35105953184275
2013-01-28,87.65130884853727
2013-01-29,87.72104845127089
2013-01-30,87.72858267565127
2013-01-31,87.54758290718388
2013-02-01,88.44757041110685
2013-02-04,86.6460183561145
2013-02-05,88.20548001570518
2013-02-06,87.96199607366175
2013-02-07,88.40014448658147
2013-02-08,89.35003528684338
2013-02-11,89.68932892212308
2013-02-12,88.86338091458435
2013-02-13,89.23373997559699
2013-02-14,89.22625149409774
2013-02-15,88.79165155713852
2013-02-19,89.68843560222956
2013-02-20,88.32802913173069
2013-02-21,87.57721037376419
2013-02-22,88.2608816184127
2013-02-25,87.02765085669466
2013-02-26,87.39862785818194
2013-02-27,87.94936029631538
2013-02-28,87.66795104514702
2013-03-01,87.4741541979873
2013-03-04,87.64179562419636
2013-03-05,89.18546872346727
2013-03-06,88.74575540435362
2013-03-07,89.13443309344952
2013-03-08,89.02732816396735
2013-03-11,89.34354637491234
2013-03-12,88.63382846625078
2013-03-13,88.59723420597516
2013-03-14,88.8329496951959
2013-03-15,89.09161156799034
2013-03-18,89.32570136149059
2013-03-19,89.16435356816893
2013-03-20,89.37660994739136
2013-03-21,87.7154086418125
2013-03-22,88.38661917734947
2013-03-25,88.15669962038567
2013-03-26,88.38733954821853
2013-03-27,88.07966424807884
2013-03-28,87.72035237549726
2013-04-01,86.7737989701553
2013-04-02,87.4487436297123
2013-04-03,87.05439047283167
2013-04-04,86.62203973144983
2013-04-05,85.76990362120306
2013-04-08,86.02019662801925
2013-04-09,87.09192901127551
2013-04-10,88.82317731288127
2013-04-11,88.18233611913735
2013-04-12,87.77647349816564
2013-04-15,86.33399145235663
2013-04-16,87.46425613404827
2013-04-17,85.03504408931889
2013-04-18,83.675882751906
2013-04-19,84.78323238518168
2013-04-22,86.09678873384776
2013-04-23,86.8873306903009
2013-04-24,87.46857690524405
2013-04-25,87.45392349831141
2013-04-26,87.1359928620781
2013-04-29,88.57120490191323
2013-04-30,89.93586195932672
2013-05-01,89.27154332179381
2013-05-02,90.54789803653101
2013-05-03,91.4544606188226
2013-05-06,92.46696308383481
2013-05-07,91.89074200457912
2013-05-08,92.52600512629692
2013-05-09,92.22857019607721
2013-05-10,92.52067947042383
2013-05-13,92.78325406416107
2013-05-14,92.81932459664168
2013-05-15,92.64854054250868
2013-05-16,93.87752709244701
2013-05-17,94.91190241956238
2013-05-20,95.31372949394782
2013-05-21,95.06103672932943
2013-05-22,93.9676710867117
2013-05-23,93.57162085844813
2013-05-24,93.6419592369788
2013-05-28,94.37441544836207
2013-05-29,94.27496546301379
2013-05-30,94.90217954699368
2013-05-31,94.45468011464283
2013-06-03,95.0724865551685
2013-06-04,94.47058995333855
2013-06-05,94.0516497787955
2013-06-06,93.59835675752508
2013-06-07,94.69451854074882
2013-06-10,94.74874307780517
2013-06-11,93.71288602088899
2013-06-12,93.10058616393042
2013-06-13,93.90130300402222
2013-06-14,92.9733319169691
2013-06-17,94.12771110722935
2013-06-18,94.57737641371081
2013-06-19,93.51659462411625
2013-06-20,91.69549477425738
2013-06-21,90.22750057756436
2013-06-24,89.240158861302
2013-06-25,89.33779833592584
2013-06-26,89.8533106742745
2013-06-27,89.96698761075038
2013-06-28,90.14833826969593
2013-07-01,90.88660625930396
2013-07-02,91.13358975671623
2013-07-03,91.66849825916341
2013-07-05,91.91813977821406
2013-07-08,92.23453340763669
2013-07-09,92.77479405492326
2013-07-10,93.05521642451819
2013-07-11,94.90189618099134
2013-07-12,95.03649004288181
2013-07-15,95.50480615886539
2013-07-16,95.64337875664302
2013-07-17,95.47884238961956
2013-07-18,94.95133043948329
2013-07-19,91.9083764847173
2013-07-22,92.6367707201626
2013-07-23,91.78572391240587
2013-07-24,93.08991925736467
2013-07-25,92.68652880103052
2013-07-26,93.3565679456424
2013-07-29,93.37065881721153
2013-07-30,94.13268364387942
2013-07-31,93.96899139843953
2013-08-01,94.77422719399038
2013-08-02,95.5748603998693
2013-08-05,95.72619488024276
2013-08-06,95.08532887231135
2013-08-07,95.07547700684582
2013-08-08,95.75223431333411
2013-08-09,95.13015520697351
2013-08-12,96.06252999200808
2013-08-13,97.08825096925375
2013-08-14,97.39402903933956
2013-08-15,95.90561658384831
2013-08-16,95.99336733327024
2013-08-19,96.18837478621363
2013-08-20,96.04312829577023
2013-08-21,96.00097964761783
2013-08-22,96.85503473202978
2013-08-23,98.20542470030385
2013-08-26,97.6688514273946
2013-08-27,95.4839206361176
2013-08-28,95.50348187878498
2013-08-29,96.14950292229764
2013-08-30,95.44320293055392
2013-09-03,95.17789864481465
2013-09-04,95.8817183689275
2013-09-05,95.91950432042587
2013-09-06,96.0556622693897
2013-09-09,97.46645432262167
2013-09-10,97.5422759623933
2013-09-11,96.2562334488031
2013-09-12,96.45577408168481
2013-09-13,96.1331452117998
2013-09-16,95.02531020655542
2013-09-17,95.79540405104349
2013-09-18,97.41932675988149
2013-09-19,97.86093220779082
2013-09-20,97.16268041416586
2013-09-23,97.80343798734121
2013-09-24,97.51633929162949
2013-09-25,96.99200337323627
2013-09-26,97.39985514464114
2013-09-27,97.03184705234378
2013-09-30,96.58684733985908
2013-10-01,97.96825574929917
2013-10-02,98.33417563841685
2013-10-03,97.28277482153527
2013-10-04,97.47662853989652
2013-10-07,96.78881988470945
2013-10-08,95.49548462856421
2013-10-09,95.60412553372947
2013-10-10,97.08707778368901
2013-10-11,97.98370090160134
2013-10-14,98.51450122589907
2013-10-15,98.6580912614908
2013-10-16,99.39919248585517
2013-10-17,99.50253057562252
2013-10-18,102.94372782607567
2013-10-21,103.49077766975307
2013-10-22,103.34388994041475
2013-10-23,103.04109123187439
2013-10-24,103.53984958596405
2013-10-25,105.4964863288325
2013-10-28,105.517270870792
2013-10-29,105.44902091891636
2013-10-30,105.77572721921595
2013-10-31,105.64621170454683
2013-11-01,105.39749298745
2013-11-04,105.9825698176424
2013-11-05,106.39787970348604
2013-11-06,107.38313691711917
2013-11-07,105.30961362157944
2013-11-08,106.59226456330897
2013-11-11,106.39973217183308
2013-11-12,106.4384953828644
2013-11-13,107.91314463143435
2013-11-14,107.66111817854619
2013-11-15,107.59448954908356
2013-11-18,106.5240927737702
2013-11-19,106.36893910097146
2013-11-20,105.96133768527446
2013-11-21,107.18262829777814
2013-11-22,107.43865046189973
2013-11-25,107.97429134294238
2013-11-26,108.90462659446126
2013-11-27,110.15602500750232
2013-11-29,111.24097901160269
2013-12-02,110.88853163465049
2013-12-03,111.52119576729743
2013-12-04,111.934034613182
2013-12-05,111.33812649718553
2013-12-06,111.65273135834545
2013-12-09,112.2754220186651
2013-12-10,112.06141970261658
2013-12-11,110.9512264646676
2013-12-12,110.27594679599383
2013-12-13,109.35304955581861
2013-12-16,110.29366734608462
2013-12-17,109.9466212439569
2013-12-18,110.37755407909602
2013-12-19,109.73146336874075
2013-12-20,110.93863765392726
2013-12-23,112.64194776571443
2013-12-24,112.68134953015623
2013-12-26,113.09312511473473
2013-12-27,112.64805541687981
2013-12-30,112.24277343660083
2013-12-31,113.18808978038422
2014-01-02,112.22045223840578
2014-01-03,111.07424427425667
2014-01-06,110.75340967329811
2014-01-07,111.3652554756753
2014-01-08,111.42595236646187
2014-01-09,110.70503290688052
2014-01-10,110.84722460325763
2014-01-13,109.85928625822102
2014-01-14,112.10705040130043
2014-01-15,113.51740668024094
2014-01-16,113.76087261633333
2014-01-17,112.56248176272129
2014-01-21,113.6884399430424
2014-01-22,113.67039979431276
2014-01-23,113.62776723586782
2014-01-24,111.90827869650079
2014-01-27,110.97778403974428
2014-01-28,109.25381683700527
2014-01-29,108.28784395491391
2014-01-30,109.89695694762722
2014-01-31,109.90871319754416
2014-02-03,107.48113177722706
2014-02-04,108.23240746902549
2014-02-05,107.8662293769865
2014-02-06,109.00606034371789
2014-02-07,110.57370110749241
2014-02-10,111.45834035223078
2014-02-11,112.57370871791642
2014-02-12,112.49290264367569
2014-02-13,113.35660031478962
2014-02-14,113.37788085544523
2014-02-18,113.68655976660551
2014-02-19,112.6646261566901
2014-02-20,112.6510890197643
2014-02-21,112.11428684095823
2014-02-24,112.52313232483588
2014-02-25,112.32160035735527
2014-02-26,112.14841555519376
2014-02-27,112.92412873530375
2014-02-28,112.97545560010457
2014-03-03,112.05706301002687
2014-03-04,113.44241572704232
2014-03-05,113.6944640110093
2014-03-06,113.42452498475012
2014-03-07,113.09897122274285
2014-03-10,113.12471986093522
2014-03-11,113.13361088108763
2014-03-12,113.56065987251864
2014-03-13,112.26014838549877
2014-03-14,111.1570946900537
2014-03-17,112.22351405873354
2014-03-18,114.03571310151386
2014-03-19,113.38909351284676
2014-03-20,113.89411655305497
2014-03-21,113.08686499593958
2014-03-24,112.87184275546767
2014-03-25,113.81004153086042
2014-03-26,112.35582305673158
2014-03-27,111.48174841016711
2014-03-28,111.9352932055157
2014-03-31,112.47935167728653
2014-04-01,114.30077826937331
2014-04-02,114.2441848833634
2014-04-03,113.83672567306324
2014-04-04,111.12033166751004
2014-04-07,110.40088048307726
2014-04-08,111.17756050411293
2014-04-09,112.67643828187556
2014-04-10,109.46468918040891
2014-04-11,108.61589807527488
2014-04-14,109.37263663215947
2014-04-15,109.83786851460592
2014-04-16,111.30202750292975
2014-04-17,111.27105673605016
2014-04-21,111.82142777586242
2014-04-22,112.10677788805346
2014-04-23,111.22390838092838
2014-04-24,113.89058907946108
2014-04-25,112.45091596425519
2014-04-28,114.15054725315682
2014-04-29,114.6292678608736
2014-04-30,114.87028352268288
2014-05-01,114.96592595383486
2014-05-02,114.5960435529449
2014-05-05,115.30873754268528
2014-05-06,113.67983443730006
2014-05-07,113.61061984771285
2014-05-08,113.5913421878883
2014-05-09,113.80617305260547
2014-05-12,115.34932814785853
2014-05-13,115.91114746701655
2014-05-14,115.43084937585594
2014-05-15,114.69033081953333
2014-05-16,115.47258178880394
2014-05-19,116.2729528971352
2014-05-20,116.23559888708306
2014-05-21,117.3141364199837
2014-05-22,117.42151452063203
2014-05-23,118.21501455241992
2014-05-27,119.63882184695098
2014-05-28,119.35174470266531
2014-05-29,120.30609316377098
2014-05-30,120.48742775917367
2014-06-02,119.99049405176967
2014-06-03,120.15473185577005
2014-06-04,120.508780299807
2014-06-05,121.98240558893454
2014-06-06,122.5300484664443
2014-06-09,122.6096186803733
2014-06-10,123.07420941790335
2014-06-11,122.86854395379174
2014-06-12,121.40842847295171
2014-06-13,122.01162512529912
2014-06-16,122.35356983950811
2014-06-17,122.23974394048807
2014-06-18,122.83656700725611
2014-06-19,122.5606492530863
2014-06-20,122.43721434579511
2014-06-23,122.78078201382564
2014-06-24,122.27664250365953
2014-06-25,123.29443492464807
2014-06-26,123.2672456682806
2014-06-27,124.12852224608959
2014-06-30,124.20680760029072
2014-07-01,125.41412888295801
2014-07-02,125.67556448087797
2014-07-03,126.33058919294135
2014-07-07,126.85319128758789
2014-07-08,125.59947236705646
2014-07-09,126.25290571932007
2014-07-10,126.00764345155471
2014-07-11,127.03257126976295
2014-07-14,128.2057200095453
2014-07-15,127.94237458806879
2014-07-16,129.40186553950963
2014-07-17,127.75990154296278
2014-07-18,130.06297875309855
2014-07-21,129.8377297836766
2014-07-22,130.875476057334
2014-07-23,131.74008694225165
2014-07-24,130.75961832227046
2014-07-25,129.82620710247886
2014-07-28,130.11259284452817
2014-07-29,129.62527442562526
2014-07-30,129.69375817234302
2014-07-31,126.85116222571176
2014-08-01,126.24178742587102
2014-08-04,127.10193468922297
2014-08-05,125.96114670306594
2014-08-06,125.88165367447837
2014-08-07,125.7588705064778
2014-08-08,126.44527671937595
2014-08-11,127.27345169343661
2014-08-12,127.24729025691545
2014-08-13,129.14070157834692
2014-08-14,129.53224640039687
2014-08-15,130.26068522370875
2014-08-18,131.5841015932662
2014-08-19,132.6181238976376
2014-08-20,132.5366033867021
2014-08-21,132.9640093312251
2014-08-22,133.17918640193966
2014-08-25,133.54608383825456
2014-08-26,133.3117048953375
2014-08-27,133.61184651366975
2014-08-28,133.3971936240231
2014-08-29,133.99946011481038
2014-09-02,134.37608165171127
2014-09-03,132.60589885211272
2014-09-04,132.64831120336765
2014-09-05,133.49155567555584
2014-09-08,133.79332901062847
2014-09-09,132.84053930511595
2014-09-10,134.44723160949133
2014-09-11,134.51866906318116
2014-09-12,133.75193824039553
2014-09-15,132.82672397979042
2014-09-16,133.80423825881743
2014-09-17,133.96502272146802
2014-09-18,134.65900912453125
2014-09-19,135.05172706248047
2014-09-22,134.235337414492
2014-09-23,134.0684591278255
2014-09-24,134.97821071599958
2014-09-25,131.61555724509702
2014-09-26,133.3603812382315
2014-09-29,133.20443963357948
2014-09-30,133.404354767161
2014-10-01,131.5692852784927
2014-10-02,131.59904727280883
2014-10-03,132.56611113974196
2014-10-06,132.39947646170523
2014-10-07,130.53796049134468
2014-10-08,133.39923538539762
2014-10-09,131.51820576891708
2014-10-10,128.3576159243899
2014-10-13,126.67426370203907
2014-10-14,126.50555405955961
2014-10-15,124.91341221913875
2014-10-16,123.77011522950161
2014-10-17,125.08368603634256
2014-10-20,126.76661304496945
2014-10-21,129.85704852446742
2014-10-22,129.61943472508415
2014-10-23,131.54171925079686
2014-10-24,131.98542774532208
2014-10-27,132.11692784656736
2014-10-28,133.98861403399428
2014-10-29,134.0811764908616
2014-10-30,133.80218025305908
2014-10-31,135.67342561381062
2014-11-03,136.22503302242302
2014-11-04,135.91024412006237
2014-11-05,135.21698233626947
2014-11-06,135.0530803720444
2014-11-07,134.99472916695643
2014-11-10,135.35222995947652
2014-11-11,136.1383124240404
2014-11-12,136.5243768980826
2014-11-13,137.6998665012611
2014-11-14,138.61074672730234
2014-11-17,137.94462184220322
2014-11-18,138.96331696487687
2014-11-19,138.10256695910306
2014-11-20,139.43683160758349
2014-11-21,139.26344682566852
2014-11-24,140.3293717340903
2014-11-25,140.138946990515
2014-11-26,140.94062749454952
2014-11-28,141.403427160587
2014-12-01,139.4898078269318
2014-12-02,139.76122324115667
2014-12-03,139.6631542317843
2014-12-04,140.07108918934514
2014-12-05,139.25781564538698
2014-12-08,137.55623856756645
2014-12-09,138.60976133808603
2014-12-10,136.30925581263256
2014-12-11,136.62409059822238
2014-12-12,135.0148731824687
2014-12-15,133.76934877502572
2014-12-16,130.94195172841006
2014-12-17,133.42428171636456
2014-12-18,136.8180368579779
2014-12-19,136.9549604745024
2014-12-22,137.2083825116763
2014-12-23,136.85879368297577
2014-12-24,136.70554212928806
2014-12-26,138.0366640693102
2014-12-29,137.85404568435865
2014-12-30,136.53212917398935
2014-12-31,134.72882735203237
2015-01-02,134.55686090059606
2015-01-05,132.32110039398367
2015-01-06,130.86407985824175
2015-01-07,132.42773076542278
2015-01-08,135.4280412747939
2015-01-09,134.89891369000938
2015-01-12,133.17803361450535
2015-01-13,133.19543388440252
2015-01-14,133.0383416876257
2015-01-15,130.76295543954808
2015-01-16,132.06968093630616
2015-01-20,133.43056294955386
2015-01-21,134.1892380327087
2015-01-22,137.45755766991041
2015-01-23,137.78063639227938
2015-01-26,137.3160555568145
2015-01-27,131.84569201993514
2015-01-28,132.40789742137534
2015-01-29,135.03634195443834
2015-01-30,134.70823003880707
2015-02-02,136.0722373644279
2015-02-03,136.47560812141438
2015-02-04,135.8117927922105
2015-02-05,137.32199210678846
2015-02-06,136.44768212175987
2015-02-09,136.19627320482823
2015-02-10,138.2878427259102
2015-02-11,139.32432157565046
2015-02-12,141.5663060962411
2015-02-13,142.6234120541117
2015-02-17,142.76628565244755
2015-02-18,143.02887322015485
2015-02-19,143.35629586000442
2015-02-20,144.1538830800224
2015-02-23,145.08996856234677
2015-02-24,144.98168307119377
2015-02-25,144.17211123220346
2015-02-26,145.37314272319662
2015-02-27,144.0220889924326
2015-03-02,145.5430413258115
2015-03-03,145.0753494629345
2015-03-04,144.75768807619266
2015-03-05,144.21451981579497
2015-03-06,142.62059997048038
2015-03-09,142.94869307443614
2015-03-10,139.78969754305547
2015-03-11,138.75595203052146
2015-03-12,139.3295659829467
2015-03-13,138.60730260492232
2015-03-16,140.18699301680593
2015-03-17,140.78604265023066
2015-03-18,142.52221369793529
2015-03-19,142.37754199238714
2015-03-20,142.78293445040973
2015-03-23,142.81401940470136
2015-03-24,143.03820288721465
2015-03-25,139.5488729869788
2015-03-26,139.53574841129569
2015-03-27,139.62462305652122
2015-03-30,140.9704331163431
2015-03-31,139.29891576109858
2015-04-01,138.5450913506952
2015-04-02,138.4127604239073
2015-04-06,140.05615228258972
2015-04-07,139.81599959202754
2015-04-08,140.29311283658924
2015-04-09,140.84038658446258
2015-04-10,141.56206640619467
2015-04-13,141.53500777167181
2015-04-14,140.97737091628707
2015-04-15,142.17293993796642
2015-04-16,142.13269868759042
2015-04-17,139.8212784742521
2015-04-20,142.87929504616474
2015-04-21,143.08029133272862
2015-04-22,144.14750609517415
2015-04-23,144.69111482234985
2015-04-24,149.01412605501721
2015-04-27,149.26922275669716
2015-04-28,148.97892998685788
2015-04-29,147.7870882144244
2015-04-30,145.00712747143365
2015-05-01,147.2792806683663
2015-05-04,147.21497387862684
2015-05-05,144.70000643316376
2015-05-06,143.33578021263324
2015-05-07,144.1948084896329
2015-05-08,146.68345864495643
2015-05-11,145.8353118051224
2015-05-12,145.1364096736655
2015-05-13,145.59738159429267
2015-05-14,148.42648948160053
2015-05-15,147.93502753677606
2015-05-18,148.67821016549112
2015-05-19,148.47905602020094
2015-05-20,148.63529513358367
2015-05-21,149.4450230388497
2015-05-22,149.3288644980766
2015-05-26,147.07617846264634
2015-05-27,149.6214534000614
2015-05-28,149.25002476936507
2015-05-29,148.0921351307078
2015-06-01,148.6687607264142
2015-06-02,148.27664801318053
2015-06-03,148.72219853254862
2015-06-04,147.568665441545
2015-06-05,146.82927708589432
2015-06-08,145.47982929154222
2015-06-09,145.33139420578203
2015-06-10,147.65032075585196
2015-06-11,147.71190227811678
2015-06-12,146.34104511860707
2015-06-15,145.58024482364462
2015-06-16,146.42147123988087
2015-06-17,146.6759878853814
2015-06-18,148.6904866515646
2015-06-19,147.5442066091542
2015-06-22,148.61829490817365
2015-06-23,149.02676709505403
2015-06-24,148.8783865816174
2015-06-25,148.2419150366482
2015-06-26,147.16157078903177
2015-06-29,143.9300185722886
2015-06-30,144.42627233591986
2015-07-01,145.2483707161582
2015-07-02,145.27103699778195
2015-07-06,144.98726205534177
2015-07-07,144.93222299029875
2015-07-08,142.52876495998402
2015-07-09,141.89986101038528
2015-07-10,144.3256908044018
2015-07-13,147.32146937502637
2015-07-14,148.57410442048862
2015-07-15,149.01855980151282
2015-07-16,151.69683762183507
2015-07-17,156.27006879224
2015-07-20,157.3412819424782
2015-07-21,156.913105655062
2015-07-22,153.84342842285878
2015-07-23,153.1574345211931
2015-07-24,152.82190280861045
2015-07-27,151.8678164010465
2015-07-28,152.92728332278773
2015-07-29,153.93489336112228
2015-07-30,154.1851285232235
2015-07-31,153.5634462895918
2015-08-03,152.88089338095767
2015-08-04,151.42325481457146
2015-08-05,152.81758052022582
2015-08-06,151.35594554845656
2015-08-07,151.0479085791281
2015-08-10,153.44921564572718
2015-08-11,150.92550936285514
2015-08-12,152.07023325674484
2015-08-13,151.80063336701068
2015-08-14,152.63018213458972
2015-08-17,153.54200749269063
2015-08-18,153.1237612878586
2015-08-19,151.89650757605796
2015-08-20,147.89828485060963
2015-08-21,140.26328562998532
2015-08-24,135.19996763386052
2015-08-25,134.55754428184895
2015-08-26,142.5218834891829
2015-08-27,145.8683139944055
2015-08-28,146.08742696929505
2015-08-31,144.51814939071335
2015-09-01,139.3884031346792
2015-09-02,144.05577340932962
2015-09-03,142.62108864542444
2015-09-04,141.0116200825903
2015-09-08,145.08904228234036
2015-09-09,143.44622113782086
2015-09-10,145.61496938114243
2015-09-11,146.8834860611729
2015-09-14,146.6265343080131
2015-09-15,148.39266738222466
2015-09-16,148.81275997969175
2015-09-17,148.52710041711353
2015-09-18,146.80462359299537
2015-09-21,147.9844563826751
2015-09-22,145.89098156007174
2015-09-23,146.19058382628566
2015-09-24,146.16926528477018
2015-09-25,145.08089699660226
2015-09-28,141.45863279747545
2015-09-29,140.04194133468326
2015-09-30,143.18311783628366
2015-10-01,143.56024370360166
2015-10-02,145.70584024733984
2015-10-05,148.27809176537562
2015-10-06,148.29417847618186
2015-10-07,148.71433700278004
2015-10-08,148.55745725662615
2015-10-09,149.64057091882415
2015-10-12,149.89939764661702
2015-10-13,149.88136502936064
2015-10-14,149.19853142627548
2015-10-15,151.6867711067465
2015-10-16,152.39059363590889
2015-10-19,153.30151871893477
2015-10-20,152.7130904574476
2015-10-21,151.88273336984196
2015-10-22,154.95334854792458
2015-10-23,161.85555964680225
2015-10-26,161.9376129407314
2015-10-27,161.55386869864788
2015-10-28,163.73940852401114
2015-10-29,164.50201048970342
2015-10-30,162.82326669891978
2015-11-02,164.55921800828884
2015-11-03,165.26542139230656
2015-11-04,165.88857753346144
2015-11-05,166.83016411886288
2015-11-06,167.05510559143846
2015-11-09,165.76451050215456
2015-11-10,164.54506998811047
2015-11-11,164.8904326773371
2015-11-12,163.60702565637126
2015-11-13,159.46584658659134
2015-11-16,161.60406794551358
2015-11-17,161.30147741848276
2015-11-18,165.27110842606663
2015-11-19,165.84084375669158
2015-11-20,167.34102296244146
2015-11-23,166.73605573636445
2015-11-24,166.42852109178637
2015-11-25,166.00740910823663
2015-11-27,166.14624585247898
2015-11-30,165.60081774738
2015-12-01,167.52482896531748
2015-12-02,166.27726479136595
2015-12-03,163.77798399950632
2015-12-04,167.72607613531187
2015-12-07,166.92113641099058
2015-12-08,166.99637549545363
2015-12-09,164.23164590506707
2015-12-10,164.74370928840864
2015-12-11,160.85307559730256
2015-12-14,162.41925422375724
2015-12-15,162.07216824280908
2015-12-16,164.55018714486334
2015-12-17,162.41317444408725
2015-12-18,159.04989207067499
2015-12-21,160.53610159805513
2015-12-22,161.2092834121712
2015-12-23,162.0447839185864
2015-12-24,161.7155352557967
2015-12-28,162.36193533519724
2015-12-29,165.09467044344365
2015-12-30,163.64694361446004
2015-12-31,160.97739933376988
2016-01-04,157.8361368778938
2016-01-05,157.0661992862075
2016-01-06,155.6010528335066
2016-01-07,149.88928439673106
2016-01-08,149.46112501429423
2016-01-11,150.6862684835137
2016-01-12,152.49411554710093
2016-01-13,147.38475650921106
2016-01-14,150.62820576709623
2016-01-15,145.38524882628636
2016-01-19,145.3263688005043
2016-01-20,145.12985846083163
2016-01-21,145.0523415743274
2016-01-22,150.3823127492788
2016-01-25,148.4555218077302
2016-01-26,149.39448099445883
2016-01-27,144.48385037709772
2016-01-28,150.13333197147767
2016-01-29,152.39695302813172
2016-02-01,152.31235684077717
2016-02-02,149.75138823431553
2016-02-03,148.09203521107366
2016-02-04,147.66037955083164
2016-02-05,142.22863652427847
2016-02-08,141.13987546534648
2016-02-09,140.87991294895107
2016-02-10,141.37707368314423
2016-02-11,141.767741065163
2016-02-12,142.8171197647523
2016-02-16,145.4625170872231
2016-02-17,148.4346568617148
2016-02-18,146.46423607038992
2016-02-19,146.47461619824838
2016-02-22,149.11379846230682
2016-02-23,146.2959881291273
2016-02-24,147.5612268172534
2016-02-25,148.9361677558867
2016-02-26,148.312694371401
2016-02-29,147.29910181195407
2016-03-01,152.48471039944008
2016-03-02,152.74473516806506
2016-03-03,152.19585287401264
2016-03-04,152.2467754645152
2016-03-07,150.16938359989925
2016-03-08,149.85986864137655
2016-03-09,151.23077179163434
2016-03-10,151.2875817878449
2016-03-11,153.7595802588271
2016-03-14,154.29755262526288
2016-03-15,155.47026488789558
2016-03-16,156.9172154839897
2016-03-17,156.42751517490422
2016-03-18,155.9185200240987
2016-03-21,156.59933190282658
2016-03-22,157.29878212052358
2016-03-23,156.80929552281688
2016-03-24,157.25366430873194
2016-03-28,156.7601256100487
2016-03-29,159.81032146496705
2016-03-30,160.88380186157826
2016-03-31,160.15102354827738
2016-04-01,161.67912896590843
2016-04-04,160.95205321116924
2016-04-05,159.4969521197404
2016-04-06,161.6039597402907
2016-04-07,159.35619129679407
2016-04-08,159.04221974466915
2016-04-11,158.7736402391189
2016-04-12,160.4665781498623
2016-04-13,162.23507602952168
2016-04-14,162.59259892541795
2016-04-15,162.02591649680352
2016-04-18,162.5100836298088
2016-04-19,161.81517703340612
2016-04-20,161.7649151564283
2016-04-21,161.91425092733436
2016-04-22,157.00737192529994
2016-04-25,157.18214691468052
2016-04-26,155.28268013782332
2016-04-27,152.218395778545
2016-04-28,150.48765555406698
2016-04-29,150.93239365161529
2016-05-02,152.61094912709103
2016-05-03,151.68372152338776
2016-05-04,151.36385578349746
2016-05-05,151.1157149467834
2016-05-06,152.26748244823335
2016-05-09,152.37912647241492
2016-05-10,154.65695168050888
2016-05-11,153.85548773580325
2016-05-12,153.24492182000887
2016-05-13,152.68467830184488
2016-05-16,154.6790618715487
2016-05-17,152.64616374176504
2016-05-18,153.3792420800804
2016-05-19,152.4013060898502
2016-05-20,153.77750401479443
2016-05-23,153.38429270861258
2016-05-24,156.5266342502411
2016-05-25,157.98183671684953
2016-05-26,158.4841466841944
2016-05-27,159.10326381158242
2016-05-31,159.716718006253
2016-06-01,158.95173355330525
2016-06-02,158.62962469099145
2016-06-03,157.72176109078816
2016-06-06,158.14910487335578
2016-06-07,158.1049391138526
2016-06-08,158.73886625881238
2016-06-09,158.70712107147574
2016-06-10,157.2232199104542
2016-06-13,155.3649403719637
2016-06-14,155.55707550007935
2016-06-15,154.91333193701342
2016-06-16,155.2265233330854
2016-06-17,152.777390467808
2016-06-20,153.19929137637635
2016-06-21,154.46148133918064
2016-06-22,154.0566146224384
2016-06-23,155.77686311671226
2016-06-24,150.54761652985468
2016-06-27,148.19296067512178
2016-06-28,151.14462604076363
2016-06-29,153.06123480402192
2016-06-30,154.69866335936945
2016-07-01,155.45254042862754
2016-07-05,154.9278370031136
2016-07-06,156.2022943321565
2016-07-07,156.35791246378903
2016-07-08,158.48804999540937
2016-07-11,159.6863825470363
2016-07-12,160.38232899183424
2016-07-13,159.81538887009532
2016-07-14,160.97566181665357
2016-07-15,160.61029144731975
2016-07-18,162.2061425468064
2016-07-19,162.24060222577606
2016-07-20,164.50242920818988
2016-07-21,163.433595145881
2016-07-22,164.01332789643362
2016-07-25,163.45167510605455
2016-07-26,163.07939544113657
2016-07-27,165.64583312310174
2016-07-28,167.0789469239005
2016-07-29,168.2729443194749
2016-08-01,169.58332065287993
2016-08-02,168.3263522826606
2016-08-03,168.72613911003566
2016-08-04,169.76580946484032
2016-08-05,171.55430149646492
2016-08-08,171.8912598677956
2016-08-09,172.1849170287938
2016-08-10,171.7284482255969
2016-08-11,172.06197171216917
2016-08-12,171.88229869800477
2016-08-15,172.2511703879585
2016-08-16,171.64778386619528
2016-08-17,171.97882310809013
2016-08-18,171.67558723731872
2016-08-19,171.29760135149408
2016-08-22,171.11326175747752
2016-08-23,171.38229975418704
2016-08-24,170.61724659175366
2016-08-25,170.61350012675584
2016-08-26,170.88703985060795
2016-08-29,171.44120050733417
2016-08-30,170.67840145930094
2016-08-31,170.50744835021368
2016-09-01,171.08176525675944
2016-09-02,171.8494031039686
2016-09-06,173.45496714905147
2016-09-07,173.75592967318744
2016-09-08,172.1837883856369
2016-09-09,168.23100261294476
2016-09-12,170.89406505593138
2016-09-13,170.2310164442003
2016-09-14,171.749652070061
2016-09-15,174.9104164725097
2016-09-16,175.24359646064448
2016-09-19,174.12178739135646
2016-09-20,174.49685330092746
2016-09-21,175.97832906602173
2016-09-22,177.4435552228988
2016-09-23,176.06060908470516
2016-09-26,174.58654610354733
2016-09-27,176.58973095549004
2016-09-28,177.55277884633728
2016-09-29,175.99546126114592
2016-09-30,176.96129211572526
2016-10-03,176.54490596051517
2016-10-04,176.47943716620063
2016-10-05,177.20482129548498
2016-10-06,177.520602751016
2016-10-07,177.49426158774145
2016-10-10,179.17599293985987
2016-10-11,177.70825036536695
2016-10-12,178.24628568089616
2016-10-13,177.25086990362882
2016-10-14,177.74260206902824
2016-10-17,177.23423797319134
2016-10-18,178.53156468948822
2016-10-19,178.11425134077126
2016-10-20,177.35988797702987
2016-10-21,179.03144100310539
2016-10-24,181.65595460223324
2016-10-25,181.21989550451025
2016-10-26,178.77905238767562
2016-10-27,177.3442170985619
2016-10-28,175.99616030058405
2016-10-31,175.9341375496209
2016-11-01,174.45600584890093
2016-11-02,172.66287580940661
2016-11-03,170.51872260924705
2016-11-04,169.45009220733198
2016-11-07,173.51304497746435
2016-11-08,174.75796136942168
2016-11-09,173.81357294113928
2016-11-10,169.7764122437588
2016-11-11,169.71911519693927
2016-11-14,166.33050993056457
2016-11-15,169.59373257903547
2016-11-16,171.30183158031684
2016-11-17,172.774048160488
2016-11-18,172.16939748222927
2016-11-21,174.76595204872712
2016-11-22,175.33223491334394
2016-11-23,174.0782624340876
2016-11-25,174.46422448221858
2016-11-28,174.13872664792214
2016-11-29,174.6614719730586
2016-11-30,172.24371179683072
2016-12-01,169.81833881379396
2016-12-02,169.94404006375117
2016-12-05,171.71048913655864
2016-12-06,172.00575532053918
2016-12-07,174.42148007922336
2016-12-08,174.92328264943626
2016-12-09,176.90063883996396
2016-12-12,176.1763977660822
2016-12-13,178.91627093783467
2016-12-14,178.55320881298107
2016-12-15,178.58544961876586
2016-12-16,177.83383238426921
2016-12-19,179.32708638436634
2016-12-20,179.87927151248437
2016-12-21,179.67719525379022
2016-12-22,178.89635155801744
2016-12-23,178.49914510005345
2016-12-27,179.41158488443335
2016-12-28,178.44473230957598
2016-12-29,177.93925467504056
2016-12-30,175.78229752142835
2017-01-03,177.31087024095103
2017-01-04,177.59177930438614
2017-01-05,179.1677459043545
2017-01-06,181.44890615123575
2017-01-09,182.18333617130077
2017-01-10,182.03459784446989
2017-01-11,183.3399917284726
2017-01-12,183.2307684329521
2017-01-13,183.89639645047214
2017-01-17,183.66333846332864
2017-01-18,183.59030554810715
2017-01-19,183.20474513287525
2017-01-20,183.83906898696767
2017-01-23,185.15117470244277
2017-01-24,186.1780054254097
2017-01-25,188.23478839149664
2017-01-26,189.00813111817945
2017-01-27,189.38383098359878
2017-01-30,187.36137508594507
2017-01-31,186.29287671728753
2017-02-01,188.97048150744783
2017-02-02,188.67421707917933
2017-02-03,188.38528182119572
2017-02-06,188.72045629366363
2017-02-07,189.55393244806072
2017-02-08,190.2837123425074
2017-02-09,190.84175605038922
2017-02-10,191.08521157920774
2017-02-13,192.65597179081658
2017-02-14,193.52920240628958
2017-02-15,193.8779556680519
2017-02-16,194.22192030966926
2017-02-17,194.49836937799614
2017-02-21,195.40927309978838
2017-02-22,195.69198734823593
2017-02-23,195.36285174379577
2017-02-24,195.2805843391825
2017-02-27,195.3359412590206
2017-02-28,194.57756680013316
2017-03-01,197.13471589539438
2017-03-02,195.7832731422326
2017-03-03,196.15596678793378
2017-03-06,195.83141853261952
2017-03-07,196.1831209799845
2017-03-08,196.50591799407212
2017-03-09,196.73372346856428
2017-03-10,197.27756483592927
2017-03-13,197.21142117692608
2017-03-14,196.93522017576697
2017-03-15,197.88526607145144
2017-03-16,198.01957582499114
2017-03-17,197.95407731732968
2017-03-20,198.53951426842133
2017-03-21,195.83137703411433
2017-03-22,197.23936687396784
2017-03-23,196.47062066185663
2017-03-24,196.358922354245
2017-03-27,196.71516888532148
2017-03-28,198.52341698235307
2017-03-29,199.93289299564776
2017-03-30,200.16526098265388
2017-03-31,200.47767227092154
2017-04-03,200.98343534706265
2017-04-04,201.81137243407835
2017-04-05,201.2177818799163
2017-04-06,200.7452175094688
2017-04-07,200.2535506973677
2017-04-10,200.3622089499372
2017-04-11,199.21861896390408
2017-04-12,198.9119236134821
2017-04-13,197.86127046792677
2017-04-14,197.86127046792677
2017-04-17,200.04942554539187
2017-04-18,199.9547561466651
2017-04-19,199.75720102205173
2017-04-20,201.36879045735014
2017-04-21,201.75753237479597
2017-04-24,204.41098792107886
2017-04-25,205.74389791070126
2017-04-26,205.56525961287696
2017-04-27,206.85962787835945
2017-04-28,208.46070797023827
2017-05-01,211.48241423920996
2017-05-02,212.22695736010968
2017-05-03,211.92547490046314
2017-05-04,211.44341019759452
2017-05-05,212.2451982379676
2017-05-08,214.58742906861391
2017-05-09,214.80839959206403
2017-05-10,214.2936388501683
2017-05-11,214.25072980585915
2017-05-12,215.33825081904135
2017-05-15,215.36834805486262
2017-05-16,216.4689219847947
2017-05-17,210.55691279947524
2017-05-18,212.91631823490786
2017-05-19,213.48385278869455
2017-05-22,215.3293908484563
2017-05-23,215.81865615986547
2017-05-24,216.84011836994114
2017-05-25,218.89498540878787
2017-05-26,219.34984547253532
2017-05-30,219.89121450877306
2017-05-31,218.75701458014612
2017-06-01,219.18502534709268
2017-06-02,222.1061860879144
2017-06-05,222.26585633882195
2017-06-06,221.7570300860017
2017-06-07,222.6018454760869
2017-06-08,222.37333418346677
2017-06-09,215.64740934779823
2017-06-12,213.2181411977616
2017-06-13,215.55522188008246
2017-06-14,214.3552939757301
2017-06-15,213.0599919248154
2017-06-16,213.09822696294742
2017-06-19,216.67468314146822
2017-06-20,214.54976004815177
2017-06-21,215.91153382637287
2017-06-22,215.43148354015239
2017-06-23,216.73063319901672
2017-06-26,215.04382044004575
2017-06-27,211.18909319435738
2017-06-28,214.09576537231968
2017-06-29,210.2190410883079
2017-06-30,210.042913657881
2017-07-03,207.85357535517733
2017-07-05,210.41069209828362
2017-07-06,208.5894369247498
2017-07-07,211.19515600783888
2017-07-10,213.14367030539884
2017-07-11,213.70607840875044
2017-07-12,216.1986509549066
2017-07-13,217.31151269755608
2017-07-14,218.94025502104898
2017-07-17,219.5145099505989
2017-07-18,221.1789574201457
2017-07-19,222.4330410096723
2017-07-20,222.53585461346563
2017-07-21,222.35295442180055
2017-07-24,223.73314274726073
2017-07-25,223.04652941539464
2017-07-26,223.42661814310634
2017-07-27,221.993034327428
2017-07-28,221.4576151047095
2017-07-31,219.24596867190206
2017-08-01,220.31709164273104
2017-08-02,222.5469172553893
2017-08-03,221.15385775965598
2017-08-04,222.0503971017519
2017-08-07,223.37802399122685
2017-08-08,223.82087174310615
2017-08-09,223.84109340362937
2017-08-10,219.15834580784897
2017-08-11,221.34744724621325
2017-08-14,224.51504443989177
2017-08-15,224.9190509479158
2017-08-16,224.71428442986314
2017-08-17,220.53949392309542
2017-08-18,220.41695227404546
2017-08-21,219.901507175059
2017-08-22,223.0611875749528
2017-08-23,222.30680865996874
2017-08-24,221.3184856212617
2017-08-25,220.8908247796293
2017-08-28,221.59063717632722
2017-08-29,222.91322447943264
2017-08-30,224.9874473199469
2017-08-31,226.8587296864555
2017-09-01,226.41116682027058
2017-09-05,224.27496049842034
2017-09-06,224.82386063583016
2017-09-07,225.10191150290035
2017-09-08,222.50432874321473
2017-09-11,224.9652801858531
2017-09-12,225.03958910545654
2017-09-13,225.69692206288468
2017-09-14,223.87767513678097
2017-09-15,224.4201829779037
2017-09-18,223.05513666508276
2017-09-19,223.9326140780297
2017-09-20,223.2371259349555
2017-09-21,221.51712752508308
2017-09-22,220.74400715811032
2017-09-25,217.49618830824338
2017-09-26,218.82262268492693
2017-09-27,221.6577760639343
2017-09-28,221.7602489327449
2017-09-29,223.62413843880228
2017-10-02,223.16404827788094
2017-10-03,223.70495532687062
2017-10-04,223.420715011153
2017-10-05,226.55189414946173
2017-10-06,227.3048298481702
2017-10-09,227.67490319918124
2017-10-10,227.10725408718775
2017-10-11,228.41729140492083
2017-10-12,228.18792226683402
2017-10-13,229.2741445533444
2017-10-16,230.93850533017098
2017-10-17,231.47377009176887
2017-10-18,230.9269578115406
2017-10-19,228.92778763289743
2017-10-20,229.85037120031
2017-10-23,227.72637057706862
2017-10-24,228.63870881721755
2017-10-25,228.1305487956485
2017-10-26,228.51653330445623
2017-10-27,241.76590111315792
2017-10-30,243.6309797702208
2017-10-31,244.13331327411868
2017-11-01,244.52179466418318
2017-11-02,244.2672318677574
2017-11-03,246.7860033319917
2017-11-06,247.95808536603639
2017-11-07,248.8308131289723
2017-11-08,249.91179978993486
2017-11-09,248.9274458811605
2017-11-10,248.06543132493732
2017-11-13,248.08945051432877
2017-11-14,247.247249952559
2017-11-15,245.48189207663847
2017-11-16,247.61593193936432
2017-11-17,245.33389324760856
2017-11-20,245.0597113247445
2017-11-21,248.7904086587069
2017-11-22,249.51219084808258
2017-11-24,250.97258188305207
2017-11-27,251.79747961979683
2017-11-28,251.8020285410879
2017-11-29,246.33502157852615
2017-11-30,248.84830751806112
2017-12-01,247.55852123621588
2017-12-04,243.94440309535605
2017-12-05,244.3236259196374
2017-12-06,245.88186214267859
2017-12-07,246.93587380945365
2017-12-08,248.0572033229463
2017-12-11,250.4975593915762
2017-12-12,250.02513156886695
2017-12-13,250.06756274840626
2017-12-14,250.5235511431273
2017-12-15,253.9911398224598
2017-12-18,256.17749727101125
2017-12-19,254.79675835098453
2017-12-20,253.85330979529024
2017-12-21,253.58855397271117
2017-12-22,253.17535568666744
2017-12-26,251.17008307083205
2017-12-27,251.5183855193698
2017-12-28,251.80122264282096
2017-12-29,250.03814450618012
2018-01-02,254.13025444113993
2018-01-03,255.71605135146515
2018-01-04,256.49036145533296
2018-01-05,259.79928502657793
2018-01-08,260.6697773012587
2018-01-09,260.3272926215408
2018-01-10,259.6315432498966
2018-01-11,261.3967327054843
2018-01-12,263.26275918003284
2018-01-16,261.96857621557194
2018-01-17,264.46533714172296
2018-01-18,264.73959653353097
2018-01-19,265.1787921706757
2018-01-22,268.6274211578469
2018-01-23,271.4421022872051
2018-01-24,269.2644150456457
2018-01-25,269.5375375153972
2018-01-26,273.859810752049
2018-01-29,272.2222259026697
2018-01-30,271.1777695935888
2018-01-31,273.0596914760861
2018-02-01,271.4617137781599
2018-02-02,264.9314197099592
2018-02-05,255.03017591492915
2018-02-06,263.2884107254967
2018-02-07,257.9094744533056
2018-02-08,246.7186591302791
2018-02-09,251.80335641723602
2018-02-12,257.25993937847676
2018-02-13,258.593354787006
2018-02-14,264.0987069387668
2018-02-15,268.88203088166676
2018-02-16,267.49494992128103
2018-02-20,268.74476659365286
2018-02-21,268.86860505829316
2018-02-22,269.5427480105217
2018-02-23,274.85765387101037
2018-02-26,279.2652235787758
2018-02-27,276.37546292486945
2018-02-28,274.63514277259407
2018-03-01,269.7575772614029
2018-03-02,271.5916088959951
2018-03-05,274.4409231786442
2018-03-06,275.14952894706636
2018-03-07,276.624934793998
2018-03-08,278.2217238489125
2018-03-09,284.07406055262345
2018-03-12,285.45107933860527
2018-03-13,281.4448510916594
2018-03-14,281.5483274329428
2018-03-15,281.16194749744034
2018-03-16,280.37960713459455
2018-03-19,273.495182908438
2018-03-20,274.37489080931107
2018-03-21,272.35657633863207
2018-03-22,265.59214033401804
2018-03-23,258.18829085151145
2018-03-26,269.58239282337865
2018-03-27,259.34967271657626
2018-03-28,255.83585611739008
2018-03-29,261.4027383408837
2018-04-02,253.71987207103206
2018-04-03,256.46221637570557
2018-04-04,260.26919648543617
2018-04-05,263.2100735409521
2018-04-06,256.7351600452521
2018-04-09,258.5206158585428
2018-04-10,264.5772010517504
2018-04-11,262.985743141292
2018-04-12,266.0637183997552
2018-04-13,265.08034194333226
2018-04-16,267.1810175919416
2018-04-17,274.05093050125004
2018-04-18,274.4369248122441
2018-04-19,273.90487173724
2018-04-20,268.382773281425
2018-04-23,267.6542056118117
2018-04-24,260.2330132988019
2018-04-25,260.0972433023249
2018-04-26,267.3878899700435
2018-04-27,268.6972520292243
2018-04-30,267.0022763854845
2018-05-01,271.7732783279054
2018-05-02,272.63260543750096
2018-05-03,272.7822521808954
2018-05-04,278.2521646270712
2018-05-07,280.8206082373719
2018-05-08,280.80953291977056
2018-05-09,284.7739948963949
2018-05-10,287.8509852168565
2018-05-11,287.36505098313967
2018-05-14,287.47594494138184
2018-05-15,283.79357460824303
2018-05-16,285.09364973696677
2018-05-17,283.86064652038164
2018-05-18,282.25321210887
2018-05-21,285.0790337615174
2018-05-22,284.19484941936156
2018-05-23,287.2709470630596
2018-05-24,286.6759227475659
2018-05-25,287.0515775850006
2018-05-29,286.0395495570935
2018-05-30,287.68268883430113
2018-05-31,288.9996664163363
2018-06-01,294.47775883291035
2018-06-04,297.0845367534018
2018-06-05,298.82027742573644
2018-06-06,299.0230455717631
2018-06-07,296.12415265856475
2018-06-08,295.4550245549456
2018-06-11,295.78089994693624
2018-06-12,297.3282183981556
2018-06-13,296.56005381831295
2018-06-14,299.3793807144986
2018-06-15,297.2986398999992
2018-06-18,298.73115830986444
2018-06-19,297.5921669469461
2018-06-20,300.189137945108
2018-06-21,297.5116401118438
2018-06-22,296.45730265604203
2018-06-25,289.29977301913414
2018-06-26,291.37102226303284
2018-06-27,287.67464864078784
2018-06-28,290.9950299781383
2018-06-29,290.6802205510508
2018-07-02,294.02438908927274
2018-07-03,289.30244201950705
2018-07-05,293.0285890066948
2018-07-06,296.94239406481756
2018-07-09,300.3823475240064
2018-07-10,300.4466991218711
2018-07-11,299.5376047539237
2018-07-12,306.0055886501809
2018-07-13,307.50789204048726
2018-07-16,307.0576099654088
2018-07-17,309.6743085262665
2018-07-18,308.57313915116225
2018-07-19,306.910020024647
2018-07-20,308.03601003298877
2018-07-23,309.77246438244447
2018-07-24,313.83376296676806
2018-07-25,318.89111311395584
2018-07-26,309.1312147664526
2018-07-27,303.8095465200536
2018-07-30,299.0404604667991
2018-07-31,299.80158770626736
2018-08-01,304.9711374228084
2018-08-02,310.593104191764
2018-08-03,310.84819950090707
2018-08-06,313.58902800901893
2018-08-07,314.50451680802354
2018-08-08,316.2797311569802
2018-08-09,317.2672816287703
2018-08-10,314.7026650845427
2018-08-13,314.75673678426807
2018-08-14,317.10667989224055
2018-08-15,313.28804817421087
2018-08-16,313.24172300400085
2018-08-17,314.1030534901356
2018-08-20,312.67463818248234
2018-08-21,312.4627052831605
2018-08-22,314.07725922137763
2018-08-23,314.2023911828694
2018-08-24,316.3857888923902
2018-08-27,320.24581999880166
2018-08-28,320.8250224265299
2018-08-29,326.2274884384657
2018-08-30,326.7145717674639
2018-08-31,326.9363755616539
2018-09-04,325.828457096074
2018-09-05,320.4875713901305
2018-09-06,316.27092959105204
2018-09-07,314.5830796500395
2018-09-10,313.758532112084
2018-09-11,319.01596289738507
2018-09-12,316.94493188100284
2018-09-13,320.23343088031424
2018-09-14,318.827482303644
2018-09-17,312.511613571096
2018-09-18,314.98843043010083
2018-09-19,314.58798606534106
2018-09-20,318.55634186855065
2018-09-21,315.3345450369659
2018-09-24,318.29824289701526
2018-09-25,320.5989799181131
2018-09-26,319.9443866719841
2018-09-27,324.1327571146731
2018-09-28,323.3856608896157
2018-10-01,324.4485422714353
2018-10-02,323.39298474739957
2018-10-03,324.48422449319577
2018-10-04,317.67196561074513
2018-10-05,314.36679093033865
2018-10-08,311.87568862040064
2018-10-09,313.58867948711696
2018-10-10,297.7037226400114
2018-10-11,295.2904868224034
2018-10-12,304.7060831175561
2018-10-15,299.66032548499584
2018-10-16,308.2498803282191
2018-10-17,308.0743205322184
2018-10-18,300.4100827443888
2018-10-19,301.5816317996975
2018-10-22,304.071044905923
2018-10-23,303.14046952268166
2018-10-24,288.67550015334206
2018-10-25,301.64526702710714
2018-10-26,292.183866652203
2018-10-29,282.14579652640714
2018-10-30,284.0409490361495
2018-10-31,293.52127400272377
2018-11-01,296.3582778171223
2018-11-02,290.25889207083657
2018-11-05,286.7469446952228
2018-11-06,289.2400398588695
2018-11-07,300.6904393347149
2018-11-08,299.24128299487893
2018-11-09,293.2149844699562
2018-11-12,282.7311734012523
2018-11-13,281.72567809222323
2018-11-14,278.22002996029573
2018-11-15,283.5756459622966
2018-11-16,282.84469919803223
2018-11-19,271.37545512535314
2018-11-20,265.89843544911537
2018-11-21,268.57400455415143
2018-11-23,265.0107466556237
2018-11-26,273.1778536225281
2018-11-27,273.16053790240574
2018-11-28,284.1038468012024
2018-11-29,283.422220826212
2018-11-30,285.13611424578687
2018-12-03,292.0760120614343
2018-12-04,279.4694392347924
2018-12-06,281.78138355224024
2018-12-07,271.8882543832273
2018-12-10,275.43330450410906
2018-12-11,276.29131222110567
2018-12-12,278.657712405568
2018-12-13,279.3861480059045
2018-12-14,271.312704434406
2018-12-17,263.8422773146988
2018-12-18,267.6830508232667
2018-12-19,260.7954777224144
2018-12-20,256.04743124874653
2018-12-21,245.54203331237986
2018-12-24,239.7162422464283
2018-12-26,257.389049683912
2018-12-27,257.41196771180506
2018-12-28,257.15999854545066
2018-12-31,258.8470078497192
2019-01-02,261.3359411869628
2019-01-03,249.21837789147838
2019-01-04,261.32741342092123
2019-01-07,263.20763520873425
2019-01-08,266.9307830946107
2019-01-09,269.0486513482103
2019-01-10,268.72628999456947
2019-01-11,266.5754273049937
2019-01-14,263.9734521061769
2019-01-15,271.14735708689864
2019-01-16,272.10780387445413
2019-01-17,273.8919497325331
2019-01-18,276.2228115751325
2019-01-22,269.3749110490719
2019-01-23,270.1139518864371
2019-01-24,270.74607463236055
2019-01-25,274.12115285810125
2019-01-28,269.8205168488271
2019-01-29,265.38748205212903
2019-01-30,276.6317395406572
2019-01-31,281.8124593229079
2019-02-01,277.6639863790342
2019-02-04,283.1369258007126
2019-02-05,287.11930295147585
2019-02-06,284.33027280309216
2019-02-07,280.0342266015777
2019-02-08,279.26773434091467
2019-02-11,278.46574062906507
2019-02-12,283.15015539567406
2019-02-13,282.8803486044002
2019-02-14,282.7111293527187
2019-02-15,282.4579021865116
2019-02-19,283.4673432530345
2019-02-20,283.145572533466
2019-02-21,282.76848238156714
2019-02-22,286.1116537907411
2019-02-25,287.6692706656321
2019-02-26,288.49192002937696
2019-02-27,288.5600269738983
2019-02-28,287.6745479539097
2019-03-01,291.0490058988499
2019-03-04,293.4731714371866
2019-03-05,294.22656102220446
2019-03-06,292.8294016268187
2019-03-07,288.3670400123071
2019-03-08,288.3808858319632
2019-03-11,295.9293187551504
2019-03-12,298.09692010748876
2019-03-13,300.1074308164481
2019-03-14,299.50088288298923
2019-03-15,301.5606410234491
2019-03-18,303.1392047297401
2019-03-19,304.3172519642285
2019-03-20,307.830734469578
2019-03-21,313.38832073432985
2019-03-22,306.0412517228341
2019-03-25,305.5591267248236
2019-03-26,305.52161163925206
2019-03-27,303.8110886405184
2019-03-28,303.95992388776494
2019-03-29,305.8686536562557
2019-04-01,309.88083789554685
2019-04-02,312.1564978663532
2019-04-03,313.8653071233933
2019-04-04,314.60430920878713
2019-04-05,315.4690731568362
2019-04-08,316.7513021746157
2019-04-09,315.71938437276344
2019-04-10,317.4669529989517
2019-04-11,316.9504453773979
2019-04-12,318.4198904922338
2019-04-15,318.90788273261626
2019-04-16,319.7303624469913
2019-04-17,322.7684307866534
2019-04-18,323.72396839584906
2019-04-22,326.3759070710422
2019-04-23,330.86099054300195
2019-04-24,329.0094169203261
2019-04-25,332.6376073005532
2019-04-26,332.72227531778736
2019-04-29,333.2666180796553
2019-04-30,326.9367508616548
2019-05-01,326.89620057359315
2019-05-02,324.5828494117822
2019-05-03,331.33971066349153
2019-05-06,329.1872084996932
2019-05-07,322.92095951532826
2019-05-08,321.9213896624985
2019-05-09,319.2348176136121
2019-05-10,318.70984004144645
2019-05-13,306.8294442158732
2019-05-14,308.7362749592038
2019-05-15,314.9592752615348
2019-05-16,318.5740014110594
2019-05-17,315.01121566681087
2019-05-20,309.4357641428039
2019-05-21,312.20792638053337
2019-05-22,311.4000260752324
2019-05-23,306.6955524110615
2019-05-24,306.490221526811
2019-05-28,306.9062378971104
2019-05-29,304.21199193389805
2019-05-30,305.27855269897
2019-05-31,299.4781841654508
2019-06-03,287.7981301754736
2019-06-04,295.13379261392197
2019-06-05,297.5397399266586
2019-06-06,300.5259629413207
2019-06-07,308.36258411560493
2019-06-10,313.18614543146265
2019-06-11,314.31525289694014
2019-06-12,312.59171825277434
2019-06-13,314.7638621932942
2019-06-14,314.6288327035181
2019-06-17,317.5864863299902
2019-06-18,321.96326637304105
2019-06-19,321.99896882951253
2019-06-20,324.50249905425704
2019-06-21,324.94939910097315
2019-06-24,325.40842438818106
2019-06-25,318.12716429179966
2019-06-26,320.1902777026577
2019-06-27,320.343509423415
2019-06-28,319.80905079133623
2019-07-01,323.8840403888023
2019-07-02,326.60477443138757
2019-07-03,329.11635904751785
2019-07-05,329.3343771598038
2019-07-08,327.1727145940556
2019-07-09,329.68028657341074
2019-07-10,333.9231078624294
2019-07-11,333.1274006303887
2019-07-12,335.28064016235385
2019-07-15,336.4122994340954
2019-07-16,334.71470982634565
2019-07-17,332.3578333121977
2019-07-18,332.7351818271013
2019-07-19,329.98743718512793
2019-07-22,334.56661947600605
2019-07-23,336.3556087196156
2019-07-24,337.2320829955361
2019-07-25,334.20891882131946
2019-07-26,339.2838750769612
2019-07-29,337.7544510589605
2019-07-30,335.8833177938632
2019-07-31,332.45369700850813
2019-08-01,330.84495255542583
2019-08-02,325.3592729756441
2019-08-05,312.9579073832736
2019-08-06,318.18564100333106
2019-08-07,319.6167259994687
2019-08-08,327.2697559142932
2019-08-09,323.59669688827444
2019-08-12,320.0605826454338
2019-08-13,328.053402582397
2019-08-14,317.41437684750525
2019-08-15,316.5513148591592
2019-08-16,321.12569123348896
2019-08-19,326.6204966809373
2019-08-20,323.9989775291473
2019-08-21,327.11214407351264
2019-08-22,325.2434591995069
2019-08-23,314.19060251255195
2019-08-26,318.8923418278621
2019-08-27,318.06117280289817
2019-08-28,318.7714144344954
2019-08-29,324.0924376465514
2019-08-30,323.1575387829831
2019-09-03,319.89697780716153
2019-09-04,324.2475284231678
2019-09-05,331.0317794904154
2019-09-06,329.48946763271965
2019-09-09,328.94681369457237
2019-09-10,328.40390361735973
2019-09-11,332.24574617166877
2019-09-12,334.1332233670973
2019-09-13,332.63271144979956
2019-09-16,330.6726012432014
2019-09-17,332.12571623479937
2019-09-18,333.4064759491632
2019-09-19,334.9792189269913
2019-09-20,331.6181715697228
2019-09-23,331.05329531554344
2019-09-24,325.95066265984383
2019-09-25,331.221403477608
2019-09-26,329.1133350545355
2019-09-27,325.8324578210238
2019-09-30,328.86832995831764
2019-10-01,326.5080941147171
2019-10-02,320.3169835278486
2019-10-03,323.925765422827
2019-10-04,329.16212276943
2019-10-07,328.02401882642465
2019-10-08,323.713710651987
2019-10-09,327.9247514115931
2019-10-10,329.9294377340539
2019-10-11,334.1841596074323
2019-10-14,333.89807895296974
2019-10-15,338.5957457176127
2019-10-16,338.0845271504486
2019-10-17,338.770562505349
2019-10-18,335.3701031961301
2019-10-21,339.36753787650974
2019-10-22,335.7673561162265
2019-10-23,338.5498522071132
2019-10-24,341.133459964267
2019-10-25,343.939265039694
2019-10-28,348.86188211517936
2019-10-29,344.1393980135722
2019-10-30,345.61824738213977
2019-10-31,347.14245142454035
2019-11-01,351.2104133368591
2019-11-04,354.1453431998781
2019-11-05,353.8528083480334
2019-11-06,353.0849105500937
2019-11-07,354.69468486562425
2019-11-08,356.10127201302487
2019-11-11,355.5844674041681
2019-11-12,357.0642570401666
2019-11-13,356.74640172704346
2019-11-14,357.1054885915024
2019-11-15,360.20444824747585
2019-11-18,361.1798395509529
2019-11-19,361.0453843458958
2019-11-20,358.51409389446326
2019-11-21,357.75265866105576
2019-11-22,357.85451994442593
2019-11-25,362.4311602258622
2019-11-26,363.431430150156
2019-11-27,365.95207361953726
2019-11-29,363.89519172167087
2019-12-02,359.86989694412335
2019-12-03,357.4062401419713
2019-12-04,359.19558392581075
2019-12-05,360.1076540669817
2019-12-06,364.3261393702445
2019-12-09,362.98964852390714
2019-12-10,362.8348985045595
2019-12-11,364.668167588627
2019-12-12,365.70667520099914
2019-12-13,367.07557853733067
2019-12-16,370.754149383948
2019-12-17,370.97999625274366
2019-12-18,370.89897448585833
2019-12-19,373.2583921305929
2019-12-20,373.9032337876195
2019-12-23,375.60250059208425
2019-12-24,375.14168535248564
2019-12-26,382.08639949477595
2019-12-27,382.0019783509015
2019-12-30,379.36526480795203
2019-12-31,380.40993265825523
2020-01-02,388.749979505518
2020-01-03,384.9737138704551
2020-01-06,389.3378287676952
2020-01-07,387.81431021007313
2020-01-08,391.1643601147681
2020-01-09,396.1166151810647
2020-01-10,395.53992809681387
2020-01-13,400.5790424563713
2020-01-14,396.75793999140967
2020-01-15,397.2513043068855
2020-01-16,401.80368407846174
2020-01-17,404.4925349627094
2020-01-21,404.8580416126774
2020-01-22,405.5713766528283
2020-01-23,406.4531987754258
2020-01-24,405.14180538248695
2020-01-27,395.95012475078585
2020-01-28,403.56367696939185
2020-01-29,408.1273020357106
2020-01-30,408.6336242273343
2020-01-31,404.0222466012432
2020-02-03,409.0293015840839
2020-02-04,416.777298872012
2020-02-05,418.04270900589927
2020-02-06,423.3291666251212
2020-02-07,423.0482456540762
2020-02-10,429.9752047395484
2020-02-11,427.02711506516505
2020-02-12,431.1543059272369
2020-02-13,429.56370708029215
2020-02-14,430.3455767022493
2020-02-18,430.3653392123809
2020-02-19,433.3338842208338
2020-02-20,428.4729818327405
2020-02-21,417.8890714315532
2020-02-24,399.61069719156785
2020-02-25,390.1446941218345
2020-02-26,393.24690335785715
2020-02-27,370.15433639036337
2020-02-28,373.677180083229
2020-03-02,394.8172992879047
2020-03-03,380.25051788222527
2020-03-04,394.84182626687925
2020-03-05,382.03697723414524
2020-03-06,375.12291449599365
2020-03-09,349.6936611685695
2020-03-10,370.98823624793783
2020-03-11,355.4050627641775
2020-03-12,322.7171345125349
2020-03-13,359.24061182497144
2020-03-16,315.66369217999284
2020-03-17,334.6196960268519
2020-03-18,327.2450370918592
2020-03-19,331.1719367510702
2020-03-20,318.88679925704423
2020-03-23,319.0795401704137
2020-03-24,341.8445800478743
2020-03-25,335.72896821448813
2020-03-26,353.77815934263464
2020-03-27,339.5933681844046
2020-03-30,354.82346876061763
2020-03-31,353.10589290868063
2020-04-01,338.8993367524316
2020-04-02,343.97927611180944
2020-04-03,339.5690831447689
2020-04-06,364.4533833342344
2020-04-07,363.5220733868649
2020-04-08,370.1458032091735
2020-04-09,370.21171024001876
2020-04-13,377.5640869216142
2020-04-14,394.91056822144947
2020-04-15,392.6228651872241
2020-04-16,400.6198517049314
2020-04-17,400.35442661649057
2020-04-20,395.66512930597287
2020-04-21,381.471412944436
2020-04-22,394.30356834416835
2020-04-23,394.8950192553692
2020-04-24,400.7906737591454
2020-04-27,398.7946169924378
2020-04-28,389.5204254280634
2020-04-29,407.7085451416668
2020-04-30,415.6468948512904
2020-05-01,401.747340693325
2020-05-04,407.5384807611309
2020-05-05,411.9683456277602
2020-05-06,415.51894019551946
2020-05-07,419.4420624345312
2020-05-08,424.03416935545476
2020-05-11,429.02125238700154
2020-05-12,420.86210787596116
2020-05-13,416.06735613165347
2020-05-14,419.1870027132662
2020-05-15,422.040320686986
2020-05-18,427.73635839554686
2020-05-19,427.5086160938651
2020-05-20,437.80242086119915
2020-05-21,433.4652859365558
2020-05-22,434.8302966317933
2020-05-26,432.45438344891517
2020-05-27,432.6867337320333
2020-05-28,430.6136783577066
2020-05-29,434.2400970363723
2020-06-01,437.1393278892364
2020-06-02,439.48325082442193
2020-06-03,439.8682418988761
2020-06-04,435.4966551709002
2020-06-05,444.36844917913817
2020-06-08,447.4090669152116
2020-06-09,455.675315448849
2020-06-10,464.67106074316735
2020-06-11,442.92714214103063
2020-06-12,445.22401979138135
2020-06-15,449.65236127951135
2020-06-16,458.6233558804858
2020-06-17,460.18260753878303
2020-06-18,460.8974564625107
2020-06-19,460.2841870278312
2020-06-22,469.12180960889646
2020-06-23,475.26972296370343
2020-06-24,466.36220181541427
2020-06-25,470.617068133805
2020-06-26,454.5437876944534
2020-06-29,460.7107530996781
2020-06-30,470.2538660450386
2020-07-01,477.78272923506233
2020-07-02,479.8775896158217
2020-07-06,494.571925870362
2020-07-07,489.8478512342002
2020-07-08,499.479771313662
2020-07-09,505.483403561094
2020-07-10,507.8093104587077
2020-07-13,496.93420290412826
2020-07-14,499.6964981128537
2020-07-15,497.4233779306524
2020-07-16,493.42281373592016
2020-07-17,491.77710900073805
2020-07-20,511.521699535557
2020-07-21,504.79908533360873
2020-07-22,505.8776222897959
2020-07-23,486.76685084086876
2020-07-24,481.68486138570324
2020-07-27,488.6932313492681
2020-07-28,481.5426973933326
2020-07-29,487.34263248627354
2020-07-30,490.1910719550503
2020-07-31,508.44462466153504
2020-08-03,516.3834260775396
2020-08-04,515.868275797905
2020-08-05,518.5877258486599
2020-08-06,530.5438963131618
2020-08-07,523.0170073169954
2020-08-10,521.4201388714665
2020-08-11,509.4006079681295
2020-08-12,522.8094769728235
2020-08-13,525.5841361260038
2020-08-14,524.6983191301422
2020-08-17,527.0456899896533
2020-08-18,535.5483036001356
2020-08-19,532.5369488582094
2020-08-20,543.1927560554891
2020-08-21,549.3261577504197
2020-08-24,553.6029829416707
2020-08-25,558.6518164439099
2020-08-26,573.5470243368698
2020-08-27,570.6958722270689
2020-08-28,573.3681254779481
2020-08-31,577.2661722787859
2020-09-01,587.4703734842165
2020-09-02,594.1299983034141
2020-09-03,559.8797037540403
2020-09-04,550.9040109782275
2020-09-08,523.6147086095914
2020-09-09,540.4396170752549
2020-09-10,526.5939530952775
2020-09-11,521.3460617425584
2020-09-14,525.3312130234451
2020-09-15,532.3873161096269
2020-09-16,520.8259209533226
2020-09-17,512.1116663709226
2020-09-18,502.19529653224885
2020-09-21,505.0687142293068
2020-09-22,516.4793494020687
2020-09-23,495.0972201888311
2020-09-24,499.9526179423901
2020-09-25,513.6467326052516
2020-09-28,523.1687346756373
2020-09-29,520.8950719178733
2020-09-30,525.7201488958129
2020-10-01,534.2052840116025
2020-10-02,517.0378320363766
2020-10-05,529.4028714488634
2020-10-06,515.7519688738531
2020-10-07,524.9949968457231
2020-10-08,527.2751964768248
2020-10-09,538.1974334473623
2020-10-12,561.2926943538257
2020-10-13,558.655748810757
2020-10-14,555.0782584427409
2020-10-15,550.5536462037303
2020-10-16,545.8206738934172
2020-10-19,533.344828050065
2020-10-20,537.0612134595539
2020-10-21,538.9382106840692
2020-10-22,538.4274485738988
2020-10-23,541.2376921362924
2020-10-26,534.1371918520458
2020-10-27,542.7344873358443
2020-10-28,517.2069579227796
2020-10-29,530.1597876959349
2020-10-30,512.2836363053816
2020-11-02,512.1732758241262
2020-11-03,522.0511019538535
2020-11-04,548.2897623463889
2020-11-05,563.5475695098571
2020-11-06,562.2274626558232
2020-11-09,547.0236048238568
2020-11-10,535.3281909728618
2020-11-11,548.2701119239906
2020-11-12,545.4439281386617
2020-11-13,548.104625410094
2020-11-16,550.2983746391792
2020-11-17,549.7558118282656
2020-11-18,548.0942074623968
2020-11-19,552.1968476169543
2020-11-20,546.2899692418758
2020-11-23,544.2304293561338
2020-11-24,554.8197564881856
2020-11-25,559.8896101455522
2020-11-27,564.2626110479857
2020-11-30,562.3379953543779
2020-12-01,574.9410521232287
2020-12-02,574.4893547540289
2020-12-03,574.324880146622
2020-12-04,572.9769913263383
2020-12-07,579.3070725548968
2020-12-08,581.8726415388649
2020-12-09,566.8998512346166
2020-12-10,569.3950113664378
2020-12-11,568.4962395778318
2020-12-14,571.6049509516905
2020-12-15,579.3376459204767
2020-12-16,583.5336312309641
2020-12-17,586.7135496027253
2020-12-18,585.8321519455487
2020-12-21,585.6234545157438
2020-12-22,588.2235664300352
2020-12-23,585.1106291004434
2020-12-24,588.1025613844084
2020-12-28,601.613097482648
2020-12-29,599.804449154233
2020-12-30,597.1134984062318
2020-12-31,596.8405725259928
2021-01-04,588.434412945061
2021-01-05,593.6497949404775
2021-01-06,580.5658865230655
2021-01-07,599.5291900181505
2021-01-08,608.1088473465131
2021-01-11,592.8182327361255
2021-01-12,592.4444108336436
2021-01-13,598.3111985291716
2021-01-14,589.6619901696224
2021-01-15,584.9584878450125
2021-01-19,594.3658627660219
2021-01-20,614.6622210323774
2021-01-21,624.1321196368294
2021-01-22,627.1646663628364
2021-01-25,636.6000396331519
2021-01-26,640.2283680919982
2021-01-27,627.5143619511381
2021-01-28,623.522755962643
2021-01-29,607.044860298591
2021-02-01,626.1954601801601
2021-02-02,633.9838140264452
2021-02-03,636.8173122190617
2021-02-04,641.0622752115985
2021-02-05,643.1477551981397
2021-02-08,645.3998043414582
2021-02-09,642.9612060208453
2021-02-10,639.6980161069312
2021-02-11,641.0809955739439
2021-02-12,642.42546189217
2021-02-16,639.7291943294852
2021-02-17,638.0221172027142
2021-02-18,634.7485461465578
2021-02-19,628.4613262761011
2021-02-22,609.3734872297041
2021-02-23,608.1805758738485
2021-02-24,612.2363969781379
2021-02-25,588.210101551253
2021-02-26,592.8870466036815
2021-03-01,611.9571607891883
2021-03-02,600.495346196366
2021-03-03,583.2551362663273
2021-03-04,576.9164017467408
2021-03-05,583.8009727916331
2021-03-08,563.5057016381375
2021-03-09,590.7901873195506
2021-03-10,587.8769730029392
2021-03-11,602.847298034215
2021-03-12,596.1864160658697
2021-03-15,601.9403336523723
2021-03-16,605.4796869816377
2021-03-17,608.5839429631753
2021-03-18,587.5151238245641
2021-03-19,590.9899179900341
2021-03-22,601.7962600171129
2021-03-23,601.6693189216317
2021-03-24,590.3230455463745
2021-03-25,587.844716021648
2021-03-26,590.433448206177
2021-03-29,592.5405456225694
2021-03-30,589.7135366855466
2021-03-31,601.3825498668341
2021-04-01,612.4979263452317
2021-04-05,629.9953450830817
2021-04-06,628.7457585003635
2021-04-07,635.0673337786545
2021-04-08,642.6036291014173
2021-04-09,650.0010001003506
2021-04-12,651.0483042020037
2021-04-13,663.2350613216113
2021-04-14,651.2920014555978
2021-04-15,663.3292877071735
2021-04-16,663.3768210311418
2021-04-19,658.2593527543577
2021-04-20,654.1597921195456
2021-04-21,659.080185400913
2021-04-22,648.4067163273157
2021-04-23,659.0548396307292
2021-04-26,664.2557297378182
2021-04-27,660.5974026473227
2021-04-28,659.8141933128773
2021-04-29,663.219681722034
2021-04-30,660.2968694040056
2021-05-03,655.0968219702686
2021-05-04,640.2694676673518
2021-05-05,638.1109090499349
2021-05-06,644.4376982146713
2021-05-07,648.1683356030296
2021-05-10,628.2207984436386
2021-05-11,625.9705151210012
2021-05-12,608.6230252310743
2021-05-13,613.4221509433479
2021-05-14,628.1352573733608
2021-05-17,625.836807024566
2021-05-18,619.6150136765309
2021-05-19,619.6191947298444
2021-05-20,631.0285181469552
2021-05-21,626.2217482779046
2021-05-24,640.4853983121261
2021-05-25,641.8257028344422
2021-05-26,644.123812718653
2021-05-27,640.1149496974793
2021-05-28,640.2235917706413
2021-06-01,639.4125593960977
2021-06-02,640.2537453104997
2021-06-03,632.4577233122224
2021-06-04,645.0106564273638
2021-06-07,648.3713138407478
2021-06-08,650.3146561417818
2021-06-09,651.0771253998946
2021-06-10,656.9978972252189
2021-06-11,659.259596638514
2021-06-14,667.9882310164896
2021-06-15,663.4711565500958
2021-06-16,663.7362777958251
2021-06-17,674.9731999794838
2021-06-18,671.0645288317949
2021-06-21,674.4825958538481
2021-06-22,682.772861016554
2021-06-23,685.3746113086289
2021-06-24,687.238343170525
2021-06-25,682.7641230120573
2021-06-28,694.3141677739545
2021-06-29,695.9794155167717
2021-06-30,694.909281708613
2021-07-01,697.4345278891038
2021-07-02,709.4433582234228
2021-07-06,717.085990316729
2021-07-07,719.8171257403701
2021-07-08,715.8070352549441
2021-07-09,719.8082749567494
2021-07-12,723.8807907805177
2021-07-13,723.6891980524078
2021-07-14,726.459475582194
2021-07-15,719.1695710986583
2021-07-16,711.6643470734336
2021-07-19,703.3217877984322
2021-07-20,712.662114256141
2021-07-21,717.0097444694711
2021-07-22,724.4336470343578
2021-07-23,735.4731443619801
2021-07-26,739.3059472379067
2021-07-27,728.5482049674035
2021-07-28,730.0230461835461
2021-07-29,729.7228305432598
2021-07-30,718.3082910163912
2021-08-02,720.0992575812146
2021-08-03,725.1300180222331
2021-08-04,726.2706076687293
2021-08-05,731.6422885714712
2021-08-06,727.6283947244793
2021-08-09,728.4828727017723
2021-08-10,724.7873496954761
2021-08-11,722.9679140509381
2021-08-12,731.0499416339619
2021-08-13,733.1598088457346
2021-08-16,734.419254727469
2021-08-17,724.6434071905644
2021-08-18,717.4452691844888
2021-08-19,721.4041961208621
2021-08-20,732.8300050581903
2021-08-23,745.2239093440242
2021-08-24,746.7639242386047
2021-08-25,747.1766862981137
2021-08-26,742.7382420190004
2021-08-27,751.3685108477854
2021-08-30,765.1623936994918
2021-08-31,764.302004836268
2021-09-01,766.1361875668213
2021-09-02,763.5954017348815
2021-09-03,766.7658464562787
2021-09-07,772.9745860116477
2021-09-08,769.6573712137437
2021-09-09,765.1146848742646
2021-09-10,754.9013895551082
2021-09-13,756.2585613303623
2021-09-14,756.1984689656028
2021-09-15,763.0135103773212
2021-09-16,762.4804504828668
2021-09-17,751.137236584959
2021-09-20,732.7902081793782
2021-09-21,735.0034240980467
2021-09-22,742.6853981016852
2021-09-23,748.526236752513
2021-09-24,751.4591836639514
2021-09-27,745.6840137714681
2021-09-28,722.505694307551
2021-09-29,721.5259914662638
2021-09-30,717.5685979678117
2021-10-01,725.8742133579494
2021-10-04,708.0449635436194
2021-10-05,719.3693512072159
2021-10-06,726.2631963156155
2021-10-07,732.6947284747044
2021-10-08,731.0977298638588
2021-10-11,727.6140863354826
2021-10-12,724.3741329524937
2021-10-13,729.0387597140839
2021-10-14,742.8219089528476
2021-10-15,750.6504643049861
2021-10-18,761.6816193702118
2021-10-19,765.6359722629986
2021-10-20,762.9499816782152
2021-10-21,769.5453141381955
2021-10-22,759.2624176756462
2021-10-25,769.9694248985727
2021-10-26,776.1611094709324
2021-10-27,788.9290653577245
2021-10-28,800.8037898136263
2021-10-29,806.4429711568769
2021-11-01,808.3281882837798
2021-11-02,811.0306038008869
2021-11-03,821.2068132516017
2021-11-04,837.0021797351214
2021-11-05,839.3736144389072
2021-11-08,835.3748227532622
2021-11-09,824.7546792071118
2021-11-10,812.4900915818528
2021-11-11,814.9451749994504
2021-11-12,823.6463986391
2021-11-15,822.3766672044442
2021-11-16,828.0610724598096
2021-11-17,831.2102980853269
2021-11-18,850.3328106683265
2021-11-19,860.7323118050217
2021-11-22,851.7815587180951
2021-11-23,845.7362383460998
2021-11-24,850.2558658188443
2021-11-26,826.8791670829953
2021-11-29,849.5817165343859
2021-11-30,843.7461479816525
2021-12-01,830.0609495331369
2021-12-02,831.2264301242187
2021-12-03,812.7326423124427
2021-12-06,820.2934309335956
2021-12-07,849.2525267297217
2021-12-08,855.7278134501885
2021-12-09,842.9697445945868
2021-12-10,852.7187781689347
2021-12-13,834.344262725456
2021-12-14,824.8042331929549
2021-12-15,847.2081106093353
2021-12-16,818.3624517656069
2021-12-17,813.993733677491
2021-12-20,803.6718644686445
2021-12-21,821.9023763619953
2021-12-22,831.6817098629269
2021-12-23,835.8196379608182
2021-12-27,851.2965570837977
2021-12-28,847.145234259581
2021-12-29,844.8798600153598
2021-12-30,840.3099134373008
2021-12-31,832.6053415931119
2022-01-03,843.1734920326219
2022-01-04,831.5921906800149
2022-01-05,802.2270282398031
2022-01-06,799.9337587285422
2022-01-07,796.2459202213541
2022-01-10,796.6444774682195
2022-01-11,807.3667627473143
2022-01-12,811.5095063182428
2022-01-13,788.5812337750376
2022-01-14,796.4905296282357
2022-01-18,776.2298986272795
2022-01-19,767.5858245712909
2022-01-20,755.9808740283141
2022-01-21,734.8145368028206
2022-01-24,737.2385447673914
2022-01-25,718.4896520177144
2022-01-26,724.3097413732944
2022-01-27,723.0619737028437
2022-01-28,752.5095374733079
2022-01-31,773.758862217471
2022-02-01,777.5956349744223
2022-02-02,793.1973805022627
2022-02-03,742.8050083194029
2022-02-04,761.8351550356088
2022-02-07,752.8033930853121
2022-02-08,761.5334076456129
2022-02-09,776.3571960204671
2022-02-10,758.5410812255741
2022-02-11,734.098183195651
2022-02-14,737.4518955213819
2022-02-15,754.5908107542011
2022-02-16,755.2211660745277
2022-02-17,730.471993503056
2022-02-18,720.7564744686345
2022-02-22,712.5526788463867
2022-02-23,693.5765016685637
2022-02-24,721.1169539568255
2022-02-25,730.6336553901283
2022-02-28,733.0910040128189
2022-03-01,720.8769759707927
2022-03-02,732.566022797251
2022-03-03,722.7765389609835
2022-03-04,709.4259107652114
2022-03-07,678.7801335728235
2022-03-08,676.278079276751
2022-03-09,704.9104119970664
2022-03-10,700.6542954551177
2022-03-11,685.7460282270974
2022-03-14,670.4283097222707
2022-03-15,694.8755132732249
2022-03-16,720.428835776405
2022-03-17,728.1607419573122
2022-03-18,747.7361986868242
2022-03-21,747.5516183971177
2022-03-22,761.6169664254022
2022-03-23,754.9158920915784
2022-03-24,773.4149703678056
2022-03-25,774.3159231866154
2022-03-28,784.8352812651458
2022-03-29,795.6993121400069
2022-03-30,787.5367034690814
2022-03-31,772.8563388358755
2022-04-01,773.6804521937206
2022-04-04,792.3435823697437
2022-04-05,775.9292337958113
2022-04-06,751.681598812843
2022-04-07,751.3279275661667
2022-04-08,738.3452295430322
2022-04-11,715.0555344756624
2022-04-12,712.5142569305582
2022-04-13,726.6862314283208
2022-04-14,706.5055127652114
2022-04-18,709.7479252669273
2022-04-19,724.4921860706631
2022-04-20,713.4300085543368
2022-04-21,695.4897759855089
2022-04-22,675.3433405426022
2022-04-25,686.6634339223065
2022-04-26,659.539119333858
2022-04-27,659.0305668208531
2022-04-28,691.5849613687519
2022-04-29,653.2570099522969
2022-05-02,665.2582483995684
2022-05-03,666.6428775583638
2022-05-04,689.871108706543
2022-05-05,650.7369373671696
2022-05-06,646.3559035273553
2022-05-09,620.3236549859649
2022-05-10,629.786231241857
2022-05-11,606.574173807417
2022-05-12,598.7482246799276
2022-05-13,621.3190051148383
2022-05-16,615.3952892099476
2022-05-17,631.3102678817663
2022-05-18,597.4096050724901
2022-05-19,591.5567407994049
2022-05-20,589.6198839583184
2022-05-23,604.4623716172626
2022-05-24,586.8144116266367
2022-05-25,593.4933875143797
2022-05-26,609.3292370990073
2022-05-27,631.4635128821598
2022-05-31,634.0071361493506
2022-06-01,633.0339265618576
2022-06-02,649.8657473589071
2022-06-03,630.2134968673126
2022-06-06,635.5353302936528
2022-06-07,640.3858376357426
2022-06-08,636.4953195365241
2022-06-09,616.0888366258107
2022-06-10,589.4295805157732
2022-06-13,561.5605839994878
2022-06-14,563.5815994457762
2022-06-15,581.2636966520138
2022-06-16,559.5515424218468
2022-06-17,567.3733653815815
2022-06-21,567.3733653815814
2022-06-22,565.9892543158917
2022-06-23,576.2280961064135
2022-06-24,597.2639043352423
2022-06-27,590.3100600782556
2022-06-28,568.8682419526699
2022-06-29,573.1172811909111
2022-06-30,561.9241245870846
2022-07-01,567.0814685101814
2022-07-05,581.342657076053
2022-07-06,587.4635075958431
2022-07-07,600.7926032004782
2022-07-08,601.2670381300929
2022-07-11,587.9671256287374
2022-07-12,578.9145273117506
2022-07-13,576.546837435482
2022-07-14,580.9692493225807
2022-07-15,589.5089778283807
2022-07-18,582.5650256447207
2022-07-19,601.3919816852911
2022-07-20,611.6639842803687
2022-07-21,618.8263533791227
2022-07-22,604.336597898764
2022-07-25,599.8388441354692
2022-07-26,584.8903183156233
2022-07-27,617.8607017644015
2022-07-28,625.7204522099929
2022-07-29,647.602288217039
2022-08-01,644.6256703131737
2022-08-02,640.4358070052999
2022-08-03,660.9633238895804
2022-08-04,664.7298097047637
2022-08-05,661.0717957408372
2022-08-08,654.4539182964045
2022-08-09,651.7755915718884
2022-08-10,671.1871569825701
2022-08-11,665.9975125094834
2022-08-12,680.7833506939514
2022-08-15,684.0668102527832
2022-08-16,683.9021662512139
2022-08-17,679.5268529135747
2022-08-18,680.2517668014916
2022-08-19,665.8626292083422
2022-08-22,646.5924226729201
2022-08-23,645.8151973161496
2022-08-24,645.9901264448522
2022-08-25,658.5813026020064
2022-08-26,628.0122473262797
2022-08-29,620.4963979688528
2022-08-30,613.7462487014216
2022-08-31,607.4544996042343
2022-09-01,606.8849789825379
2022-09-02,598.6099887065443
2022-09-06,592.6204238046964
2022-09-07,603.5699363341944
2022-09-08,602.0108458289488
2022-09-09,615.477721074454
2022-09-12,627.4661901706156
2022-09-13,588.4890262618114
2022-09-14,592.5346180856756
2022-09-15,580.3963933447421
2022-09-16,576.220296680766
2022-09-19,582.5728093986683
2022-09-20,579.294677148987
2022-09-21,568.6952469683663
2022-09-22,566.4106551102623
2022-09-23,557.2286142069256
2022-09-26,557.1237731410023
2022-09-27,556.7935670360815
2022-09-28,564.3141565773424
2022-09-29,546.6405173468984
2022-09-30,535.2230915714333
2022-10-03,551.4751002226475
2022-10-04,570.1926271491345
2022-10-05,570.4480916449844
2022-10-06,567.0216477304158
2022-10-07,542.2951166101409
2022-10-10,536.7769812836709
2022-10-11,530.4941888548994
2022-10-12,530.7041527760138
2022-10-13,543.8742587207382
2022-10-14,525.4490952324912
2022-10-17,547.1416086645538
2022-10-18,552.4042367933306
2022-10-19,549.2844766341643
2022-10-20,549.2746858118846
2022-10-21,562.7411092063321
2022-10-24,570.701250246127
2022-10-25,580.8550486541521
2022-10-26,550.1332584692518
2022-10-27,536.055471031578
2022-10-28,553.7701612233839
2022-10-31,544.9505791764957
2022-11-01,530.6404170411364
2022-11-02,510.66598858421855
2022-11-03,494.63022249714845
2022-11-04,505.5511510838619
2022-11-07,512.2204817011935
2022-11-08,514.2167856246807
2022-11-09,498.97119487426494
2022-11-10,545.7804976274808
2022-11-11,559.3326826191676
2022-11-14,551.4726161104531
2022-11-15,558.0116772242981
2022-11-16,553.3735566023125
2022-11-17,552.3961209905492
2022-11-18,550.5482748586085
2022-11-21,543.6595360021355
2022-11-22,551.8638310282508
2022-11-23,558.1223053874893
2022-11-25,552.2809653916651
2022-11-28,542.7009702303917
2022-11-29,535.5407586996643
2022-11-30,565.6180650502794
2022-12-01,565.0218143247
2022-12-02,562.1221843413659
2022-12-05,552.8685937261371
2022-12-06,538.5881054682444
2022-12-07,534.3100351191058
2022-12-08,541.2806706872927
2022-12-09,536.9960157695393
2022-12-12,546.9171778237782
2022-12-13,556.3077276040085
2022-12-14,551.4836983023863
2022-12-15,529.8452238525874
2022-12-16,523.0772090829041
2022-12-19,512.4554508869172
2022-12-20,510.52224197857333
2022-12-21,518.1632252750351
2022-12-22,500.94751968850096
2022-12-23,502.6731130533592
2022-12-27,489.95255686088444
2022-12-28,482.7804892032035
2022-12-29,498.2758970050252
2022-12-30,497.8947064239668
2023-01-03,490.7633176007514
2023-01-04,486.92343134839587
2023-01-05,476.03577746656003
2023-01-06,488.13309255570874
2023-01-09,495.19929269067484
2023-01-10,499.7665884947303
2023-01-11,515.0967352849829
2023-01-12,517.8377456259125
2023-01-13,523.5162311405236
2023-01-17,527.2604213774734
2023-01-18,521.506065013301
2023-01-19,517.9040387284543
2023-01-20,537.5978416146662
2023-01-23,550.3287616968385
2023-01-24,548.7481748632956
2023-01-25,545.8002448377065
2023-01-26,561.4499092308782
2023-01-27,573.5196441646669
2023-01-30,557.5506733478535
2023-01-31,568.4148374014865
2023-02-01,581.303266953427
2023-02-02,611.4503909646078
2023-02-03,599.5091302299593
2023-02-06,594.2509402976921
2023-02-07,611.3263915716723
2023-02-08,599.5791238122401
2023-02-09,592.6878238316913
2023-02-10,586.4051512080389
2023-02-13,596.6467732742127
2023-02-14,603.2299522575505
2023-02-15,608.0852192000443
2023-02-16,593.3951746902133
2023-02-17,587.9540461028923
2023-02-21,571.4942661093869
2023-02-22,573.1341383960225
2023-02-23,582.5220739068009
2023-02-24,570.6957977067271
2023-02-27,576.607146833084
2023-02-28,575.1108703539505
2023-03-01,567.6089237102714
2023-03-02,571.3474960147427
2023-03-03,586.2539870600731
2023-03-06,588.7111782479628
2023-03-07,581.1965874851247
2023-03-08,583.7801685490413
2023-03-09,573.1875289749977
2023-03-10,564.9390759989234
2023-03-13,572.3019410471584
2023-03-14,588.3398443264548
2023-03-15,594.5239182684796
2023-03-16,615.4387776864786
2023-03-17,616.1308470558273
2023-03-20,614.1834151074652
2023-03-21,627.4134688919908
2023-03-22,621.0044585416704
2023-03-23,629.5473892849395
2023-03-24,630.4596593054016
2023-03-27,622.6954389426162
2023-03-28,618.2245158823052
2023-03-29,630.0830084852743
2023-03-30,636.1287977375077
2023-03-31,649.0538480579792
2023-04-03,647.0376234491134
2023-04-04,646.1222763201217
2023-04-05,636.7322758196578
2023-04-06,646.7980581709305
2023-04-10,642.291803351965
2023-04-11,633.9228268630384
2023-04-12,627.8262555264986
2023-04-13,644.9580196331592
2023-04-14,644.331330780487
2023-04-17,644.3959981182824
2023-04-18,644.7282629283563
2023-04-19,647.0876606466711
2023-04-20,638.6963937354046
2023-04-21,640.0293434264271
2023-04-24,637.2397851816711
2023-04-25,624.2572713245107
2023-04-26,637.8938531002757
2023-04-27,658.6025253460489
2023-04-28,660.0012550289277
2023-05-01,658.263691789487
2023-05-02,654.3254903572516
2023-05-03,651.7617969014855
2023-05-04,649.6531111106665
2023-05-05,668.0116150607398
2023-05-08,670.5585109163997
2023-05-09,665.9476322746775
2023-05-10,678.6472798600498
2023-05-11,683.8352000434387
2023-05-12,679.9361739998234
2023-05-15,680.8169779416954
2023-05-16,687.5924192065405
2023-05-17,697.3994829841472
2023-05-18,711.2846216281101
2023-05-19,709.3466629607603
2023-05-22,713.380878703886
2023-05-23,702.7683853689957
2023-05-24,700.9714685482791
2023-05-25,729.9898360784368
2023-05-26,746.9827192286606
2023-05-30,753.2538070876964
2023-05-31,744.6291790523355
2023-06-01,758.5088438493265
2023-06-02,763.7134209231187
2023-06-05,765.2620867264199
2023-06-06,765.4045996814037
2023-06-07,746.5890828681515
2023-06-08,757.6647702255698
2023-06-09,761.4375477091994
2023-06-12,774.66017033145
2023-06-13,781.3009697173724
2023-06-14,787.480540968047
2023-06-15,797.2658163319511
2023-06-16,790.8857990108686
2023-06-20,790.8857990108686
2023-06-21,778.3268799097082
2023-06-22,793.0833628116883
2023-06-23,784.5142071098824
2023-06-26,766.0611359848747
2023-06-27,779.4312010760831
2023-06-28,782.6755789694936
2023-06-29,780.1700108379328
2023-06-30,795.4055209300984
2023-07-03,796.781767118347
2023-07-05,798.1830430646862
2023-07-06,795.2405381176536
2023-07-07,792.6300608828462
2023-07-10,780.4020501986913
2023-07-11,783.0037492774513
2023-07-12,795.3772633689196
2023-07-13,814.0563108141013
2023-07-14,816.3904342754689
2023-07-17,823.1677169325898
2023-07-18,832.9766512652
2023-07-19,830.7345773627051
2023-07-20,805.762417483031
2023-07-21,799.8000404547545
2023-07-24,804.8313990593764
2023-07-25,812.1345129114894
2023-07-26,810.201508612387
2023-07-27,804.1168937533815
2023-07-28,822.4509703812886
2023-07-31,822.9600699122204
2023-08-01,817.7246506271732
2023-08-02,796.0585121153973
2023-08-03,796.5760590988896
2023-08-04,795.3867774534989
2023-08-07,800.502336187817
2023-08-08,794.6849160004508
2023-08-09,780.2382462979951
2023-08-10,781.3639243378218
2023-08-11,775.5643825952711
2023-08-14,789.0466245035673
2023-08-15,780.6136197849933
2023-08-16,773.0956757535032
2023-08-17,766.7688054097428
2023-08-18,763.030782948183
2023-08-21,782.6247627938902
2023-08-22,781.9530284455552
2023-08-23,797.5430963488876
2023-08-24,781.2496939390967
2023-08-25,785.8219477680134
2023-08-28,790.9921648840484
2023-08-29,812.0824569660163
2023-08-30,818.3995701273261
2023-08-31,821.3378124253093
2023-09-01,817.6793654018236
2023-09-05,823.0789971927152
2023-09-06,808.3410731576841
2023-09-07,801.787923677015
2023-09-08,804.0617858602577
2023-09-11,816.9836186879729
2023-09-12,804.7432107622242
2023-09-13,812.0129320900992
2023-09-14,817.9834386242019
2023-09-15,803.2144163252692
2023-09-18,803.9004531990663
2023-09-19,802.4512382683902
2023-09-20,784.192346026716
2023-09-21,769.5996607510642
2023-09-22,767.4929604968054
2023-09-25,773.6520539131494
2023-09-26,757.4513015696598
2023-09-27,757.9458913333883
2023-09-28,763.1263305925039
2023-09-29,766.3274021735411
2023-10-02,780.7390485588653
2023-10-03,764.9209420783195
2023-10-04,778.8702423019939
2023-10-05,780.5418053327087
2023-10-06,794.6779918681742
2023-10-09,797.8969678051313
2023-10-10,799.0612484797332
2023-10-11,809.2113889602228
2023-10-12,807.973799274826
2023-10-13,795.1721344896844
2023-10-16,803.8238968307801
2023-10-17,797.2574785359302
2023-10-18,783.832850443423
2023-10-19,778.1498248878388
2023-10-20,764.2222688745591
2023-10-23,771.1432600012923
2023-10-24,778.5432789547999
2023-10-25,758.676558305971
2023-10-26,737.0102470451579
2023-10-27,747.1122530545001
2023-10-30,758.9852580974049
2023-10-31,760.067774723249
2023-11-01,778.1800889633416
2023-11-02,791.176241377229
2023-11-03,797.9680848571502
2023-11-06,806.469281375369
2023-11-07,816.3122788120345
2023-11-08,820.6910249819823
2023-11-09,813.7570983870278
2023-11-10,832.7806841006632
2023-11-13,830.6439862589941
2023-11-14,845.6233547105905
2023-11-15,845.0362989026235
2023-11-16,851.4883394894446
2023-11-17,848.0695949551734
2023-11-20,858.8592514989086
2023-11-21,854.578666853583
2023-11-22,857.6839506684016
2023-11-24,852.6767065674169
2023-11-27,854.5985214592381
2023-11-28,859.6292667490633
2023-11-29,853.4099830356733
2023-11-30,847.9355256257145
2023-12-01,846.8032740491673
2023-12-04,834.0093345903581
2023-12-05,846.7954363889975
2023-12-06,838.583800557964
2023-12-07,853.5801285941664
2023-12-08,858.1883490985645
2023-12-11,848.1202901639394
2023-12-12,853.8411168688151
2023-12-13,860.5409715466826
2023-12-14,857.522189468405
2023-12-15,864.0930095922641
2023-12-18,871.8777820751546
2023-12-19,875.1059020765182
2023-12-20,863.6693254610553
2023-12-21,873.1405704148782
2023-12-22,872.1565477385149
2023-12-26,874.7386307733913
2023-12-27,875.941050145492
2023-12-28,874.1794965852071
2023-12-29,869.4886719929875
2024-01-02,852.2915643394235
2024-01-03,844.1566344174132
2024-01-04,837.4185523278659
2024-01-05,839.6472192246938
2024-01-08,860.1986364370264
2024-01-09,863.493892284612
2024-01-10,874.2424746849804
2024-01-11,875.3321797032929
2024-01-12,877.0565208762937
2024-01-16,876.4079359501764
2024-01-17,871.4113031560001
2024-01-18,886.4561797946412
2024-01-19,904.756975931698
2024-01-22,904.8047416396323
2024-01-23,909.6746061431629
2024-01-24,917.1326279954991
2024-01-25,912.1851119941438
2024-01-26,909.3814996874817
2024-01-29,920.4875761907801
2024-01-30,914.143931678623
2024-01-31,888.4558408573473
2024-02-01,902.3137007627108
2024-02-02,935.9746422597034
2024-02-05,936.1093525762503
2024-02-06,934.1994425707255
2024-02-07,949.3940372986426
2024-02-08,949.8579210418825
2024-02-09,963.1921008151724
2024-02-12,954.4375430293132
2024-02-13,940.0499319687036
2024-02-14,950.8436420951903
2024-02-15,950.5113751760871
2024-02-16,942.4416011358692
2024-02-20,932.1783865705902
2024-02-21,931.1954707550855
2024-02-22,968.7787274699436
2024-02-23,964.7695989158183
2024-02-26,961.1610521012428
2024-02-27,962.3338194219407
2024-02-28,957.5857788478174
2024-02-29,967.1048770797113
2024-03-01,981.536458483551
2024-03-04,974.3231432714672
2024-03-05,955.0329478432183
2024-03-06,958.086532437426
2024-03-07,979.6363799468536
2024-03-08,958.920148138347
2024-03-11,951.2337285032418
2024-03-12,972.6794115103671
2024-03-13,964.9778660599522
2024-03-14,967.9358528231676
2024-03-15,955.902278472066
2024-03-18,968.7268760805753
2024-03-19,973.7575568267594
2024-03-20,988.5890624987985
2024-03-21,989.4959609946574
2024-03-22,996.4900084137037
2024-03-25,992.4879246075798
2024-03-26,985.3832760474
2024-03-27,985.6101275390213
2024-03-28,981.904253888032
2024-04-01,987.6697284644536
2024-04-02,980.4749092049007
2024-04-03,985.193816770261
2024-04-04,972.6541376381043
2024-04-05,988.0395079049795
2024-04-08,987.2004447339581
2024-04-09,988.9400548695116
2024-04-10,986.8184246669518
2024-04-11,1011.2622750115805
2024-04-12,997.3708401988838
2024-04-15,975.1327691087399
2024-04-16,973.9670710991081
2024-04-17,960.9649253271302
2024-04-18,954.8905611500281
2024-04-19,925.1442869599816
2024-04-22,935.2302470422878
2024-04-23,952.1025304187722
2024-04-24,954.575915195971
2024-04-25,945.5353375657518
2024-04-26,974.0538223995945
2024-04-29,977.5402515485488
2024-04-30,954.5489515414442
2024-05-01,951.0592378113697
2024-05-02,966.1661049252514
2024-05-03,991.1954859013223
2024-05-06,1006.7240026579872
2024-05-07,1004.4052614775297
2024-05-08,1004.3718948576354
2024-05-09,1005.0868825772684
2024-05-10,1006.1742004888002
2024-05-13,1008.0593543151274
2024-05-14,1018.4399449324608
2024-05-15,1034.8881511601382
2024-05-16,1030.5613363440964
2024-05-17,1028.8684525091305
2024-05-20,1035.3544632875003
2024-05-21,1041.4446936398504
2024-05-22,1037.4633726463255
2024-05-23,1039.5360656462663
2024-05-24,1054.5066491171096
2024-05-28,1067.6670733023823
2024-05-29,1065.0347242886353
2024-05-30,1046.8804589593751
2024-05-31,1042.046661700901
2024-06-03,1054.0263463065007
2024-06-04,1059.5345524215736
2024-06-05,1085.7684239166574
2024-06-06,1086.058723676555
2024-06-07,1086.0635948208007
2024-06-10,1091.495756071513
2024-06-11,1107.9540186586291
2024-06-12,1128.5373881323424
2024-06-13,1145.9878922844139
2024-06-14,1152.6650692110488
2024-06-17,1168.9164056220775
2024-06-18,1166.4575879998722
2024-06-20,1151.8856256755003
2024-06-21,1141.9442612260389
2024-06-24,1123.3806958486925
2024-06-25,1144.5542764323661
2024-06-26,1157.7094980079441
2024-06-27,1159.7497346936473
2024-06-28,1146.449664696295
2024-07-01,1166.2872205981816
2024-07-02,1180.7053920249468
2024-07-03,1199.4483508841718
2024-07-05,1215.300321368812
2024-07-08,1218.9568975755428
2024-07-09,1223.7764003471257
2024-07-10,1239.4659870646428
2024-07-11,1195.5632364226549
2024-07-12,1198.3277711132398
2024-07-15,1202.8011727323467
2024-07-16,1195.058807486524
2024-07-17,1151.7713632163966
2024-07-18,1151.586520051678
2024-07-19,1140.297650541795
2024-07-22,1162.097451183128
2024-07-23,1166.6394470470157
2024-07-24,1108.4647904675553
2024-07-25,1092.1789098418203
2024-07-26,1102.8623421861812
2024-07-29,1105.3273045142091
2024-07-30,1084.406359065577
2024-07-31,1126.571399885439
2024-08-01,1100.51715391377
2024-08-02,1075.6671544752096
2024-08-05,1033.3428422554625
2024-08-06,1046.1201834189103
2024-08-07,1031.9106967971702
2024-08-08,1064.8017464115724
2024-08-09,1075.3943418976664
2024-08-12,1082.135380871318
2024-08-13,1113.1378777036482
2024-08-14,1114.073920543901
2024-08-15,1143.6943822389192
2024-08-16,1144.420868754387
2024-08-19,1160.240649070362
2024-08-20,1157.208961600162
2024-08-21,1161.0455398507538
2024-08-22,1138.3244975072594
2024-08-23,1155.2076943247675
2024-08-26,1142.1407114551585
2024-08-27,1144.242974459422
2024-08-28,1129.6565851932155
2024-08-29,1121.6530520413803
2024-08-30,1137.7342699730325
2024-09-03,1095.3676197171671
2024-09-04,1092.2420153998232
2024-09-05,1100.2930579954627
2024-09-06,1060.8621371196127
2024-09-09,1075.4872962644386
2024-09-10,1091.2444016852878
2024-09-11,1124.8444634001146
2024-09-12,1143.0128770681852
2024-09-13,1148.2289423395625
2024-09-16,1137.2084684605163
2024-09-17,1138.871199289331
2024-09-18,1136.435915254133
2024-09-19,1171.0355844653868
2024-09-20,1170.6807718786772
2024-09-23,1174.3075176599104
2024-09-24,1181.635754253426
2024-09-25,1187.2805213176596
2024-09-26,1189.0515531457918
2024-09-27,1179.6620555538052
2024-09-30,1187.0376217235598
2024-10-01,1165.774174214654
2024-10-02,1165.4249158400794
2024-10-03,1168.557166075472
2024-10-04,1185.449650404791
2024-10-07,1168.898633156084
2024-10-08,1192.4887093474315
2024-10-09,1200.0579351216059
2024-10-10,1199.8055385450477
2024-10-11,1192.768461280455
2024-10-14,1203.7374296669336
2024-10-15,1191.9365547121856
2024-10-16,1192.9143922644812
2024-10-17,1197.2835787526692
2024-10-18,1202.3043050170631
2024-10-21,1211.871552828651
2024-10-22,1217.2981561789927
2024-10-23,1191.929993939304
2024-10-24,1206.5096692772136
2024-10-25,1217.7251802481076
2024-10-28,1217.0271656462687
2024-10-29,1231.356437836832
2024-10-30,1226.8393773528367
2024-10-31,1183.0721596195717
2024-11-01,1192.605718169346
2024-11-04,1186.4002810469979
2024-11-05,1206.4324484266594
2024-11-06,1242.6464208178236
2024-11-07,1269.2426017152686
2024-11-08,1271.513870538733
2024-11-11,1267.0235566410201
2024-11-12,1268.0544608466435
2024-11-13,1265.9323867538715
2024-11-14,1257.3360874574169
2024-11-15,1227.245247485183
2024-11-18,1235.7291723172254
2024-11-19,1253.0350164524693
2024-11-20,1246.9222669996084
2024-11-21,1239.7383118308971
2024-11-22,1237.2122727547128
2024-11-25,1236.4385048432996
2024-11-26,1251.569338970944
2024-11-27,1238.9102807224351
2024-11-29,1252.7965812309922
2024-12-02,1273.0091955964886
2024-12-03,1284.9332701352625
2024-12-04,1303.5416296561539
2024-12-05,1307.1841768533868
2024-12-06,1325.1716960904007
2024-12-09,1322.4556716838995
2024-12-10,1321.644790204813
2024-12-11,1355.9783430418001
2024-12-12,1347.798533726509
2024-12-13,1376.8917305651757
2024-12-16,1413.8305456918847
2024-12-17,1407.874433967665
2024-12-18,1353.0685476564818
2024-12-19,1352.3331588929357
2024-12-20,1360.98623271606
2024-12-23,1384.200893341735
2024-12-24,1407.742371451162
2024-12-26,1405.9450698377668
2024-12-27,1380.3831816750858
2024-12-30,1363.4367034465172
2024-12-31,1344.9153095312479
2025-01-02,1340.0061407417204
2025-01-03,1366.4373169564792
2025-01-06,1391.635798670217
2025-01-07,1354.4791379935782
2025-01-08,1354.3748498850123
2025-01-10,1332.0987846950984
2025-01-13,1324.4350661977746
2025-01-14,1314.1554961730699
2025-01-15,1354.4275623886542
2025-01-16,1330.9366518582578
2025-01-17,1356.3304943091612
2025-01-21,1360.2911830482335
2025-01-22,1384.0415637997617
2025-01-23,1385.2948784726445
2025-01-24,1379.0900581173723
2025-01-27,1310.4411330830321
2025-01-28,1354.0287481794403
2025-01-29,1340.3785190039446
2025-01-30,1337.9372063572187
2025-01-31,1337.5791876203903
2025-02-03,1312.6748094609861
2025-02-04,1335.1364681880355
2025-02-05,1331.499826953076
2025-02-06,1342.0486480604652
2025-02-07,1316.531593680927
2025-02-10,1331.485462826949
2025-02-11,1328.5570577339072
2025-02-12,1328.404039657247
2025-02-13,1349.4071917090077
2025-02-14,1355.3782794257281
2025-02-18,1348.329348074701
2025-02-19,1352.0698412081279
2025-02-20,1348.4929316691437
2025-02-21,1315.4099589455889
2025-02-24,1294.567039795345
2025-02-25,1270.4996587007327
2025-02-26,1276.4065454647553
2025-02-27,1229.9237506927793
2025-02-28,1254.5579728769767
2025-03-03,1208.754279849148
2025-03-04,1206.692695654608
2025-03-05,1226.8755207384027
2025-03-06,1191.6366164969372
2025-03-07,1205.3592664005373
2025-03-10,1146.5646435444203
2025-03-11,1149.1527801011207
2025-03-12,1171.4451630803546
2025-03-13,1146.1192965952623
2025-03-14,1178.2311180107206
2025-03-17,1168.6329887328347
2025-03-18,1142.5424678019122
2025-03-19,1162.4657019517492
2025-03-20,1159.1097141965392
2025-03-21,1171.6272399547702
2025-03-24,1200.444989202766
2025-03-25,1209.5864045570893
2025-03-26,1173.508522621225
2025-03-27,1165.14555915942
2025-03-28,1129.0023004290179
2025-03-31,1125.7410530029933
2025-04-01,1141.3114509602801
2025-04-02,1150.5874684200016
2025-04-03,1069.440227019685
2025-04-04,1009.1866499191178
2025-04-07,1015.2495116153248
2025-04-08,993.6516393747355
2025-04-09,1137.8243510894222
2025-04-10,1082.5649016301668
2025-04-11,1110.9951999674709
2025-04-14,1110.6395420615468
2025-04-15,1106.8590850839614
2025-04-16,1063.1452440001603
2025-04-17,1053.7368912086401
2025-04-21,1021.9326687707689
2025-04-22,1050.6359377661781
2025-04-23,1085.1260514448013
2025-04-24,1119.9884366466856
2025-04-25,1145.9075871707869
2025-04-28,1141.1932351118767
2025-04-29,1145.3478297668578
2025-04-30,1141.3122483340817
2025-05-01,1174.3342785700993
2025-05-02,1187.0984359952085
2025-05-05,1174.047180982055
2025-05-06,1166.5208433769403
2025-05-07,1167.5533514986955
2025-05-08,1180.7177600781547
2025-05-09,1183.2596600353131
2025-05-12,1248.3580796626266
2025-05-13,1277.827142852957
2025-05-14,1296.090103663274
2025-05-15,1286.5919303780106
2025-05-16,1289.0597451217263
2025-05-19,1288.9744638112315
2025-05-20,1280.9019759921962
2025-05-21,1266.708212956702
2025-05-22,1274.0002457219562
2025-05-23,1255.4444140930752
2025-05-27,1292.109830481897
2025-05-28,1288.8119932638524
2025-05-29,1298.26914389152
2025-05-30,1290.5991538422272
2025-06-02,1301.248367487518
2025-06-03,1310.4571827799366
2025-06-04,1316.917780822828
2025-06-05,1302.0971696082547
2025-06-06,1317.305502364702
2025-06-09,1323.1829349512436
2025-06-10,1333.9575032774305
2025-06-11,1326.5097260985744
2025-06-12,1331.892728490161
2025-06-13,1316.0732285719096
2025-06-16,1335.5023121248287
2025-06-17,1324.0954744086025
2025-06-18,1326.1268772910548
2025-06-20,1317.1163435411922
2025-06-23,1330.3634808906986
2025-06-24,1347.5709528114835
2025-06-25,1360.075958264527
2025-06-26,1374.718820827908
2025-06-27,1386.9409087462295
2025-06-30,1390.8042792047754
2025-07-01,1370.0752324831435
2025-07-02,1388.762897434307
2025-07-03,1404.4290110542465
2025-07-07,1389.8703646866752
2025-07-08,1387.445198679406
2025-07-09,1406.0640918516701
2025-07-10,1410.3835035653938
2025-07-11,1414.4288249660062
2025-07-14,1413.8398450620991
2025-07-15,1427.679496308379
2025-07-16,1429.690097152682
2025-07-17,1438.8865807593927
2025-07-18,1443.0199374086887
2025-07-21,1452.7832755362579
2025-07-22,1439.8060405192357
2025-07-23,1449.8239249617327
2025-07-24,1455.6069680501255
2025-07-25,1460.6795845765346
2025-07-28,1471.5886592242505
2025-07-29,1465.097796971422
2025-07-30,1470.1763173763395
2025-07-31,1481.8341399735623
2025-08-01,1440.0655025954131
2025-08-04,1470.2683878463793
2025-08-05,1459.2822733498278
2025-08-06,1487.562580604568
2025-08-07,1495.8332484916375
2025-08-08,1517.030803586323
2025-08-11,1514.1732125716103
2025-08-12,1533.7427268587246
2025-08-13,1527.925639545129
2025-08-14,1534.7261270292374
2025-08-15,1526.9951320424457
2025-08-18,1525.0818540218233
2025-08-19,1496.9069691209604
2025-08-20,1480.3593436759693
2025-08-21,1473.7213812918485
2025-08-22,1503.746194139883
2025-08-25,1507.2931303616394
2025-08-26,1514.6830901563087
2025-08-27,1518.2475167475468
2025-08-28,1528.7215964486932
2025-08-29,1504.853675964107
2025-09-02,1490.735825448795
2025-09-03,1518.9656012210546
2025-09-04,1536.9503739545912
2025-09-05,1541.3914525968953
2025-09-08,1549.3921487721286
2025-09-09,1553.1707569465175
2025-09-10,1565.0890692636308
2025-09-11,1570.3800689369587
2025-09-12,1588.8089359965297
2025-09-15,1612.8882348938896
2025-09-16,1611.93199424179
2025-09-17,1596.8615374286655
2025-09-18,1603.1487291256246
2025-09-19,1621.8693831958708
2025-09-22,1635.1595806467499
2025-09-23,1613.7513292019046
2025-09-24,1605.4016511610462
2025-09-25,1603.9287027975831
2025-09-26,1605.9454289308246
2025-09-29,1608.5092668429
2025-09-30,1615.1683194975103
2025-10-01,1617.641625217895
2025-10-02,1625.734082077754
2025-10-03,1619.8590398728256
2025-10-06,1625.85320909483
2025-10-07,1621.5484094147216
2025-10-08,1639.7354711468377
2025-10-09,1642.9652776823891
2025-10-10,1582.2987294158074
2025-10-13,1623.447741857074
2025-10-14,1598.951541511044
2025-10-15,1608.490669962992
2025-10-16,1607.612763183472
2025-10-17,1615.88823675644
2025-10-20,1637.5570184370772
2025-10-21,1632.2386166198808
2025-10-22,1614.9347812365377
2025-10-23,1624.9239627081924
2025-10-24,1649.6293699347898
2025-10-27,1685.1541318511086
2025-10-28,1714.6257254626398
2025-10-29,1738.95150803851
2025-10-30,1705.7052839118005
2025-10-31,1712.5411926776342
2025-11-03,1720.3616349746385
2025-11-04,1690.0779808947568
2025-11-05,1692.1218395930107
2025-11-06,1664.1751641659173
2025-11-07,1657.4075371076713
2025-11-10,1701.6239169698347
2025-11-11,1697.3185633404491
2025-11-12,1691.218382837608
2025-11-13,1655.3081607489694
2025-11-14,1658.3291608724571
2025-11-17,1648.397112697757
2025-11-18,1624.9570401744077
2025-11-19,1639.9417467713688
2025-11-20,1608.783829472847
2025-11-21,1613.6365409570449
2025-11-24,1669.4677000066522
2025-11-25,1676.2830744153314
2025-11-26,1690.6996432614828
2025-11-28,1699.9429085450606
2025-12-01,1693.9826747247685
2025-12-02,1701.6419310971141
2025-12-03,1684.4809762535576
2025-12-04,1689.195234587119
2025-12-05,1694.558449715156
2025-12-08,1697.81422721946
2025-12-09,1700.6154990950627
2025-12-10,1696.6512284633682
2025-12-11,1685.2948620922452
2025-12-12,1641.66990193722
2025-12-15,1622.7638355642243
2025-12-16,1628.8135576428244
2025-12-17,1596.6322519749447
2025-12-18,1619.3290378448933
2025-12-19,1642.4681266333787
2025-12-22,1646.9935301313972
2025-12-23,1667.2738022100257
2025-12-24,1669.2007444950552
2025-12-26,1668.084081715474
2025-12-29,1657.0989662834004
2025-12-30,1655.999480822018
2025-12-31,1645.2339124889425
2026-01-02,1635.992599546617
2026-01-05,1641.5585316896559
2026-01-06,1636.6205923134924
2026-01-07,1643.7687422397626
2026-01-08,1636.2622813405394
2026-01-09,1648.5031306658348
2026-01-12,1651.7849294484624
2026-01-13,1648.918179938019
2026-01-14,1622.4915473795302
2026-01-15,1626.516572960535
2026-01-16,1624.9590984561846
2026-01-20,1571.8769250148218
2026-01-21,1585.7830849423053
2026-01-22,1608.2311119387
2026-01-23,1622.3453434508397
2026-01-26,1633.7496207583263
2026-01-27,1652.5652701350873
2026-01-28,1655.5775972215865
2026-01-29,1643.9331663441535
2026-01-30,1639.2187210871452
2026-02-02,1639.7830762917997
2026-02-03,1611.1733948629317
2026-02-04,1586.3297373376804
2026-02-05,1560.4729146164882
2026-02-06,1583.5997654902003
2026-02-09,1603.142382674478
2026-02-10,1593.6333258001655
2026-02-11,1586.7861445137469
2026-02-12,1550.1431588446508
2026-02-13,1529.70792911543
2026-02-17,1538.653049278254
2026-02-18,1550.6131339615563
2026-02-19,1546.7976553190815
2026-02-20,1568.3796267715427
2026-02-23,1551.9372250641086
2026-02-24,1566.2723363875864
2026-02-25,1589.7726951338504
2026-02-26,1559.0622944391007
2026-02-27,1532.9654421029345
2026-03-02,1541.3431985372151
2026-03-03,1532.3740539457153
2026-03-04,1550.5365125186463
2026-03-05,1554.716071857802
2026-03-06,1528.752528516585
2026-03-09,1552.182950070297
2026-03-10,1556.5870859531324
2026-03-11,1560.7040564429071
2026-03-12,1533.5479416236374
2026-03-13,1506.3717402089449
2026-03-16,1527.0496013920797
2026-03-17,1531.6302644106258
2026-03-18,1509.0856766297247
2026-03-19,1497.891669788897
2026-03-20,1466.191945041014
2026-03-23,1489.6290596606746
2026-03-24,1470.4486860246584
2026-03-25,1481.6012536772196
2026-03-26,1439.0305503589843
2026-03-27,1401.876092082583
2026-03-30,1395.0388817096991
2026-03-31,1457.7482219103872
2026-04-01,1476.0998395625945
2026-04-02,1472.1005894953353
2026-04-06,1477.309236090089
2026-04-07,1482.2896953530067
2026-04-08,1521.600990820959
2026-04-09,1541.3056535851003
2026-04-10,1557.678391488089
2026-04-13,1573.2811464211663
2026-04-14,1615.0986875691046
2026-04-15,1655.2948886695324
2026-04-16,1656.389734828043
2026-04-17,1684.5519274165108
2026-04-20,1672.118310052333
2026-04-21,1660.263662500437
2026-04-22,1693.987590541045
2026-04-23,1671.551449847197
2026-04-24,1703.6356818443203
2026-04-27,1716.8275036775217
2026-04-28,1706.4388777750619
2026-04-29,1699.6310584427315
2026-04-30,1699.860559154759
2026-05-01,1717.23441893787
2026-05-04,1713.3634527661884
2026-05-05,1722.6041587911723
2026-05-06,1759.3943187894124
2026-05-07,1767.235829710867
2026-05-08,1789.2835298624334
2026-05-11,1786.319625080031
2026-05-12,1778.1408496865288
2026-05-13,1810.3833626934638
2026-05-14,1832.1569057073727
2026-05-15,1804.8853645762379
2026-05-18,1792.5204635743444
2026-05-19,1769.9079225631745
2026-05-20,1791.7436422793728
2026-05-21,1788.4963432168036
2026-05-22,1783.3719423643633
2026-05-26,1790.0303135702507
2026-05-27,1798.8253046397017
2026-05-28,1815.3246957187087
2026-05-29,1815.4008216183788
2026-06-01,1817.9612370434168
2026-06-02,1809.0838126899419
2026-06-03,1780.8581448487516
2026-06-04,1781.7734933141733
2026-06-05,1713.5579564103546
2026-06-08,1715.0222143306876
2026-06-09,1693.113369238822
2026-06-10,1652.485697330352
2026-06-11,1674.6983105710485
2026-06-12,1671.132323991888
2026-06-15,1716.9653062680968
2026-06-16,1704.9068253736746
2026-06-17,1671.7014599215636
2026-06-18,1702.3202601184908
2026-06-22,1661.5972761499918
2026-06-23,1613.1107549108892
2026-06-24,1603.3705161604362
2026-06-25,1591.468059731912
2026-06-26,1589.7564480962283
2026-06-29,1621.5444191769866
2026-06-30,1645.3934204082743
2026-07-01,1638.5821842959863
2026-07-02,1629.0601488885668
2026-07-06,1652.8530881346026
2026-07-07,1641.8727575777393
2026-07-08,1651.1341420517322
2026-07-09,1667.4203024747792
2026-07-10,1674.9310970356125
2026-07-13,1651.3852241743832
2026-07-14,1672.2615603055117
2026-07-15,1694.7692237983151
2026-07-16,1664.403602110102
2026-07-17,1641.2427613340626
2026-07-20,1647.0892450139436
2026-07-21,1667.685970902677
2026-07-22,1663.5510124563905
2026-07-23,1609.403754272173
2026-07-24,1601.0673797028153
2026-07-27,1594.2065794940422
2026-07-28,1591.3962175680726
2026-07-29,1558.1354811529732
2026-07-30,1628.7146837199984
2026-07-31,1659.2148836980818
2026-08-03,1702.5123005970343
2026-08-04,1736.0490537140433
2026-08-05,1728.8594804286395
2026-08-06,1731.646253061992
