Date,Close
2000-06-30,100.00000000000001
2000-07-03,101.32764422561652
2000-07-05,97.99431560281958
2000-07-06,101.73583203476284
2000-07-07,103.18725341921193
2000-07-10,100.58323756462768
2000-07-11,100.20920733479869
2000-07-12,102.18790207696533
2000-07-13,103.2042170092023
2000-07-14,105.12353499196888
2000-07-17,105.37477228339216
2000-07-18,103.50860316842864
2000-07-19,99.70884092313068
2000-07-20,102.91957457344452
2000-07-21,100.01279962456155
2000-07-24,98.18833693243285
2000-07-25,99.243676954956
2000-07-26,98.46419715530972
2000-07-27,98.36583949334377
2000-07-28,93.9659216672555
2000-07-31,96.41496484841542
2000-08-01,93.74394297552058
2000-08-02,92.27711073844564
2000-08-03,95.23127830905045
2000-08-04,94.05611072846223
2000-08-07,94.96584719291612
2000-08-08,95.73847693557227
2000-08-09,97.90774983637566
2000-08-10,94.22998390678035
2000-08-11,95.52501388699899
2000-08-14,97.08920214483038
2000-08-15,96.67398276880019
2000-08-16,96.43414608548618
2000-08-17,97.87636479455254
2000-08-18,97.9139782066164
2000-08-21,99.4898336995664
2000-08-22,99.4577738659386
2000-08-23,101.66894880463819
2000-08-24,101.3060873401843
2000-08-25,99.93268696121861
2000-08-28,100.98378724735225
2000-08-29,101.15980711809286
2000-08-30,100.46495948560215
2000-08-31,102.09022963229302
2000-09-01,101.74915833940304
2000-09-05,98.09281203035658
2000-09-06,95.13874510052061
2000-09-07,97.27072200284172
2000-09-08,94.73409869496827
2000-09-11,92.8495218783781
2000-09-12,91.5412883817052
2000-09-13,90.9249437684125
2000-09-14,89.00544759136723
2000-09-15,87.96247313675819
2000-09-18,85.26308896289314
2000-09-19,89.34116592582538
2000-09-20,90.82235891018955
2000-09-21,89.08361839295837
2000-09-22,81.67040631636456
2000-09-25,78.0055090059073
2000-09-26,76.7417905070075
2000-09-27,77.03902032138583
2000-09-28,78.63888066158616
2000-09-29,74.79537203574579
2000-10-02,73.65168933504246
2000-10-03,72.88223061635928
2000-10-04,74.25881374754361
2000-10-05,73.2720827963857
2000-10-06,72.19678854596846
2000-10-09,69.94273600950179
2000-10-10,68.18432161980766
2000-10-11,67.7126887441173
2000-10-12,67.26470448552887
2000-10-13,71.49208408898495
2000-10-16,66.8785133878
2000-10-17,67.18065202417174
2000-10-18,67.68575166337173
2000-10-19,77.13060191121501
2000-10-20,78.80516428154087
2000-10-23,76.79910393214234
2000-10-24,75.39398794215211
2000-10-25,72.93987460792212
2000-10-26,77.47401162726742
2000-10-27,78.48004077808281
2000-10-30,77.22665259045836
2000-10-31,79.8750853970961
2000-11-01,79.34545527817016
2000-11-02,82.2594538776139
2000-11-03,81.38875453457176
2000-11-06,81.51948281507
2000-11-07,82.57609345526654
2000-11-08,78.19307435973755
2000-11-09,78.76564577837674
2000-11-10,73.47955020895579
2000-11-13,73.75999948589214
2000-11-14,77.51709428419515
2000-11-15,78.58871672196042
2000-11-16,76.14920937074011
2000-11-17,77.73240675658238
2000-11-20,75.95553740094734
2000-11-21,78.09916481932734
2000-11-22,76.16545346676295
2000-11-24,79.30256283529783
2000-11-27,78.98087176985752
2000-11-28,76.1896104328401
2000-11-29,75.9450657324575
2000-11-30,68.22915345094444
2000-12-01,66.25380101720506
2000-12-04,64.32201180066265
2000-12-05,70.41200200196576
2000-12-06,66.51201897624075
2000-12-07,64.39162181904841
2000-12-08,66.98167483960111
2000-12-11,71.51797387202355
2000-12-12,71.00415695185102
2000-12-13,68.4545568599728
2000-12-14,67.35498635924071
2000-12-15,61.75579087208126
2000-12-18,59.03451880144254
2000-12-19,57.07646585158984
2000-12-20,52.465518843779016
2000-12-21,54.2713714028196
2000-12-22,57.7953445970844
2000-12-26,57.547240503915646
2000-12-27,58.184614859800966
2000-12-28,56.36143001311981
2000-12-29,54.019738579360485
2001-01-02,51.032059513995165
2001-01-03,58.68434949010844
2001-01-04,58.151697125760116
2001-01-05,55.30864258536028
2001-01-08,55.901214371111784
2001-01-09,56.752793822613604
2001-01-10,57.067740355068516
2001-01-11,58.7621501829604
2001-01-12,57.538585419101146
2001-01-16,56.87968408150209
2001-01-17,57.235676999656654
2001-01-18,59.855008354500406
2001-01-19,61.859423635141404
2001-01-22,62.52777458147549
2001-01-23,64.09567360011633
2001-01-24,64.89876788494496
2001-01-25,62.73969550170107
2001-01-26,64.95432241923629
2001-01-29,66.10492932428846
2001-01-30,65.6498913928773
2001-01-31,64.19255780436885
2001-02-01,65.48500050096708
2001-02-02,63.456449604624595
2001-02-05,63.27095845649133
2001-02-06,63.634134121755366
2001-02-07,63.489342933643925
2001-02-08,61.67584477925897
2001-02-09,58.4725148285958
2001-02-12,59.67151200176514
2001-02-13,58.01784972374378
2001-02-14,59.378286019024046
2001-02-15,60.93263913624773
2001-02-16,58.20608562212645
2001-02-20,55.11639216861101
2001-02-21,54.100635298204466
2001-02-22,53.134963666481575
2001-02-23,53.197849605912026
2001-02-26,54.19784060855243
2001-02-27,52.14647825030099
2001-02-28,51.611098924517535
2001-03-01,53.19744866453935
2001-03-02,51.229206829885555
2001-03-05,52.57151803454048
2001-03-06,53.526684378934796
2001-03-07,54.33350026012839
2001-03-08,53.36144333861372
2001-03-09,49.45262311782706
2001-03-12,45.61188203068516
2001-03-13,48.69487429249134
2001-03-14,47.919154249123245
2001-03-15,47.75001979688111
2001-03-16,47.52473423502579
2001-03-19,48.63906028478702
2001-03-20,46.09437493448371
2001-03-21,46.55734054865866
2001-03-22,49.0582149830604
2001-03-23,49.161384926654755
2001-03-26,48.72679800545738
2001-03-27,51.12777083806233
2001-03-28,48.03117218314821
2001-03-29,46.58236636293333
2001-03-30,46.72141792207
2001-04-02,46.330762750822934
2001-04-03,44.433007026963715
2001-04-04,42.92633545504215
2001-04-05,46.52768785791772
2001-04-06,43.72304745171498
2001-04-09,42.36720155392448
2001-04-10,45.55717007558953
2001-04-11,47.37752411376769
2001-04-12,48.61607372894779
2001-04-16,46.88399459059249
2001-04-17,47.43383526241503
2001-04-18,52.602433451692875
2001-04-19,56.03509346514764
2001-04-20,55.63223624049656
2001-04-23,52.51831438631883
2001-04-24,51.953711022891305
2001-04-25,52.90888438482032
2001-04-26,52.98470383692302
2001-04-27,52.94063289678739
2001-04-30,53.659684924321894
2001-05-01,53.37737467987447
2001-05-02,53.87127901676387
2001-05-03,54.22419313853946
2001-05-04,55.717171093991894
2001-05-07,55.73522632859052
2001-05-08,56.355904708307094
2001-05-09,54.88327975196086
2001-05-10,53.98584075777635
2001-05-11,53.060100875538666
2001-05-14,52.57732792418152
2001-05-15,52.696454586365626
2001-05-16,52.06977010116198
2001-05-17,52.00393931231295
2001-05-18,54.311347641776955
2001-05-21,56.57471806538286
2001-05-22,56.424165537218286
2001-05-23,55.34549112987073
2001-05-24,56.550493045216506
2001-05-25,55.5538482372249
2001-05-29,54.340089570409155
2001-05-30,52.36512921895573
2001-05-31,52.74536073209985
2001-06-01,54.15141608506139
2001-06-04,54.31623188793812
2001-06-05,55.160733354398054
2001-06-06,53.682985845856216
2001-06-07,55.02888629748365
2001-06-08,54.00517722013849
2001-06-11,52.97995095852196
2001-06-12,52.599293554081186
2001-06-13,50.94027097344066
2001-06-14,49.16483570230528
2001-06-15,48.7152037328974
2001-06-18,48.38307181362885
2001-06-19,49.063989039476986
2001-06-20,50.09394242776256
2001-06-21,50.75220176925285
2001-06-22,50.72346617547359
2001-06-25,50.976783330316394
2001-06-26,51.64376984764841
2001-06-27,51.810655663245385
2001-06-28,53.68409982373812
2001-06-29,53.41367168412889
2001-07-02,53.30947920240447
2001-07-03,54.467114575949566
2001-07-05,52.91812067402641
2001-07-06,50.82688186177307
2001-07-09,51.449096548352045
2001-07-10,49.71483186929177
2001-07-11,50.24386063187038
2001-07-12,54.0273560442225
2001-07-13,53.96557860085455
2001-07-16,53.185349303794254
2001-07-17,53.71777186585809
2001-07-18,52.36216932701388
2001-07-19,53.91137615146672
2001-07-20,52.88538294834231
2001-07-23,51.03291490994349
2001-07-24,50.40022952752755
2001-07-25,51.63856415473843
2001-07-26,51.468869741031114
2001-07-27,51.4725493502343
2001-07-30,51.423695627152725
2001-07-31,51.30674122250826
2001-08-01,52.06788594743889
2001-08-02,53.35661815978825
2001-08-03,52.754542030918444
2001-08-06,51.673619985889495
2001-08-07,51.88193791271694
2001-08-08,50.36527769377386
2001-08-09,50.22252779070741
2001-08-10,50.23610582178467
2001-08-13,50.95961953771156
2001-08-14,50.72858487834132
2001-08-15,49.59526269832754
2001-08-16,50.30254596340058
2001-08-17,47.97163163163354
2001-08-20,48.709278417966736
2001-08-21,47.01693122206938
2001-08-22,47.773473506495236
2001-08-23,46.87528545580034
2001-08-24,49.50016069187825
2001-08-27,49.202251615055964
2001-08-28,47.863217622078594
2001-08-29,47.614896421975516
2001-08-30,45.636356145217974
2001-08-31,46.580452583971116
2001-09-04,44.901784485917254
2001-09-05,45.412609486028586
2001-09-06,42.87988638200264
2001-09-07,43.29857757694798
2001-09-10,44.159373135213485
2001-09-17,46.06274843310084
2001-09-18,45.56894509964146
2001-09-19,45.28384998895214
2001-09-20,45.609599808249286
2001-09-21,44.80554750119129
2001-09-24,48.12531313785687
2001-09-25,46.2434218013305
2001-09-26,45.08589785365528
2001-09-27,44.299639842416035
2001-09-28,46.54599565814123
2001-10-01,46.55551127282822
2001-10-02,46.712646031730735
2001-10-03,48.11899963469662
2001-10-04,47.48003594793258
2001-10-05,49.86709754903709
2001-10-08,54.18506236053631
2001-10-09,51.62225535439665
2001-10-10,52.97343070967058
2001-10-11,53.53109886035282
2001-10-12,55.58609037281011
2001-10-15,55.38303164311462
2001-10-16,61.64106349314557
2001-10-17,58.36177899760759
2001-10-18,60.51319965534877
2001-10-19,61.094437843201995
2001-10-22,65.09076790493768
2001-10-23,63.182091343935845
2001-10-24,63.52985467289984
2001-10-25,65.63079583643427
2001-10-26,64.24547734328735
2001-10-29,64.16575573595416
2001-10-30,62.53922025410713
2001-10-31,63.12190097863712
2001-11-01,67.09056247421239
2001-11-02,65.88609650286205
2001-11-05,66.51714880584412
2001-11-06,65.67673336910079
2001-11-07,64.97365375314371
2001-11-08,64.79151411557888
2001-11-09,64.56134121630147
2001-11-12,64.90979169422629
2001-11-13,65.10401422420327
2001-11-14,65.90601235386168
2001-11-15,66.664123620454
2001-11-16,67.93869367164771
2001-11-19,69.02800041878987
2001-11-20,70.90729812484949
2001-11-21,71.15441774027109
2001-11-23,72.31898365029309
2001-11-26,74.81037901679986
2001-11-27,73.41463250218571
2001-11-28,69.83716606148361
2001-11-29,71.32578869695652
2001-11-30,74.01142651667628
2001-12-03,74.40552470262114
2001-12-04,75.24120298304524
2001-12-05,77.97229951003453
2001-12-06,77.20940027812817
2001-12-07,81.26821336404036
2001-12-10,78.5109580671692
2001-12-11,74.99902367205543
2001-12-12,78.28434576304308
2001-12-13,75.53609270945215
2001-12-14,77.77307592259655
2001-12-17,78.90694950153943
2001-12-18,72.63270824906303
2001-12-19,71.12672298754522
2001-12-20,69.67086583875135
2001-12-21,67.3130643632387
2001-12-24,69.81142355878744
2001-12-26,71.59333961189915
2001-12-27,71.62993740830376
2001-12-28,71.2549779636782
2001-12-31,70.23157259776349
2002-01-02,72.33088697861922
2002-01-03,77.93650297205558
2002-01-04,78.14074599569194
2002-01-07,75.34602444416245
2002-01-08,76.47960898050711
2002-01-09,75.36506878938656
2002-01-10,75.19758404734792
2002-01-11,73.7019768162041
2002-01-14,73.85119954502743
2002-01-15,74.07590946843527
2002-01-16,70.724367393386
2002-01-17,74.31459290023422
2002-01-18,71.26778547061136
2002-01-22,67.40756755501705
2002-01-23,69.70906007861235
2002-01-24,72.5589297065161
2002-01-25,71.18330419477915
2002-01-28,71.71569294556055
2002-01-29,69.06748878860479
2002-01-30,70.91527713616263
2002-01-31,73.58696643346009
2002-02-01,72.69914748268535
2002-02-04,70.71824732623178
2002-02-05,68.78633153906233
2002-02-06,68.50300530848584
2002-02-07,67.11760008096937
2002-02-08,67.52188364369717
2002-02-11,69.54667007265925
2002-02-12,69.07340736511554
2002-02-13,71.18513725255642
2002-02-14,69.93699734155288
2002-02-15,68.49850190840553
2002-02-19,65.86713691243594
2002-02-20,66.89030805553774
2002-02-21,63.09781709748866
2002-02-22,63.519567033407775
2002-02-25,66.69719233098354
2002-02-26,66.14014022892857
2002-02-27,64.53207448349059
2002-02-28,63.00127563903869
2002-03-01,66.01075301953256
2002-03-04,67.7456032365931
2002-03-05,70.44890227220954
2002-03-06,71.04220042769597
2002-03-07,70.10351721870703
2002-03-08,72.29688951328063
2002-03-11,73.6677641615733
2002-03-12,72.43192949574909
2002-03-13,70.41691857833268
2002-03-14,69.1870575116788
2002-03-15,68.9556475511884
2002-03-18,68.58452660117784
2002-03-19,68.90381954339102
2002-03-20,66.914369197247
2002-03-21,68.17971006634093
2002-03-22,66.53687783655432
2002-03-25,65.32267053262332
2002-03-26,65.90498594690627
2002-03-27,65.5895945330738
2002-03-28,65.83019293517948
2002-04-01,67.02377798315474
2002-04-02,64.46455685819069
2002-04-03,63.569323167120146
2002-04-04,63.54044466343111
2002-04-05,61.96916115465483
2002-04-08,62.48791774717736
2002-04-09,60.885653567140984
2002-04-10,61.793171171238804
2002-04-11,60.33592804516585
2002-04-12,61.14919678743143
2002-04-15,61.2361187112135
2002-04-16,63.62075572158822
2002-04-17,62.862475928067155
2002-04-18,62.41225137481619
2002-04-19,62.50400869817077
2002-04-22,60.870251827534126
2002-04-23,59.26741223378059
2002-04-24,58.01716143708782
2002-04-25,58.05144177191215
2002-04-26,55.815411022651496
2002-04-29,55.17156629615494
2002-04-30,56.18323905293196
2002-05-01,55.450847560120785
2002-05-02,53.1151773559767
2002-05-03,51.65733253475461
2002-05-06,50.473800388530925
2002-05-07,50.014210028218194
2002-05-08,55.98465545834331
2002-05-09,53.61789834325123
2002-05-10,51.37155353713218
2002-05-13,54.2844692364216
2002-05-14,56.940312080196925
2002-05-15,56.466244075743106
2002-05-16,56.7233374680805
2002-05-17,57.05052880211561
2002-05-20,55.784035236067226
2002-05-21,55.08906649542564
2002-05-22,55.45820268610115
2002-05-23,56.63579601822978
2002-05-24,55.05042426009224
2002-05-28,54.78051217653679
2002-05-29,53.91231372678617
2002-05-30,54.23853731137721
2002-05-31,53.035950163694366
2002-06-03,51.25062790477414
2002-06-04,52.324065526335175
2002-06-05,53.49931532857491
2002-06-06,51.82145735356415
2002-06-07,50.22444315904262
2002-06-10,50.60155900524679
2002-06-11,49.8885122048697
2002-06-12,51.64912316394851
2002-06-13,50.74359759234709
2002-06-14,50.96527684127578
2002-06-17,51.528954670198665
2002-06-18,51.65252353337757
2002-06-19,49.974237505468174
2002-06-20,48.625088650838464
2002-06-21,47.54571896700467
2002-06-24,49.0115654936398
2002-06-25,47.630596700956275
2002-06-26,48.648082847628714
2002-06-27,49.603793806346204
2002-06-28,49.50307457637689
2002-07-01,46.76773703541783
2002-07-02,44.914675010351885
2002-07-03,46.136191786045075
2002-07-05,49.052199341259104
2002-07-08,46.81079734839231
2002-07-09,46.45562311923577
2002-07-10,44.67309495782454
2002-07-11,46.12393808689241
2002-07-12,45.81787368168255
2002-07-15,46.43932112311107
2002-07-16,46.74201538635247
2002-07-17,48.26146153274723
2002-07-18,46.71555566301121
2002-07-19,45.88380652641818
2002-07-22,44.31646933225294
2002-07-23,41.913748057144716
2002-07-24,44.22195992803432
2002-07-25,42.2099934309241
2002-07-26,43.615837766195334
2002-07-29,45.608626184945415
2002-07-30,45.93180882195783
2002-07-31,45.78567133444377
2002-08-01,43.561540285155516
2002-08-02,42.47599001877339
2002-08-05,40.98775104112265
2002-08-06,43.029080068249584
2002-08-07,43.8840161840931
2002-08-08,45.54727625532365
2002-08-09,45.011801549151954
2002-08-12,45.0115558125817
2002-08-13,44.36106947322832
2002-08-14,47.22014020793214
2002-08-15,47.679758520592216
2002-08-16,47.98316834184287
2002-08-19,49.250357130372294
2002-08-20,49.023776804992366
2002-08-21,50.440409517803346
2002-08-22,50.87191737610663
2002-08-23,49.273740766144314
2002-08-26,49.565795065213514
2002-08-27,47.8107389842331
2002-08-28,46.566650042681246
2002-08-29,47.512638480713996
2002-08-30,46.52545080259111
2002-09-03,44.58770361978018
2002-09-04,45.58985350491711
2002-09-05,44.149828033584825
2002-09-06,46.25660353802195
2002-09-09,46.89404020962039
2002-09-10,47.67527811083516
2002-09-11,47.29717724591813
2002-09-12,46.06779288059369
2002-09-13,46.92969790915654
2002-09-16,46.40014858474996
2002-09-17,45.58923576273472
2002-09-18,44.90501966117636
2002-09-19,43.380422978232254
2002-09-20,43.86454010818702
2002-09-23,42.11430032040453
2002-09-24,42.67663286057315
2002-09-25,44.50169659663151
2002-09-26,44.44939125713844
2002-09-27,43.82196840158036
2002-09-30,42.214673573372444
2002-10-01,44.903610585605335
2002-10-02,43.8839305731986
2002-10-03,43.5608184198724
2002-10-04,42.719331344432106
2002-10-07,42.813530407867844
2002-10-08,43.119894446866574
2002-10-09,42.716127817583796
2002-10-10,45.08691509927471
2002-10-11,46.7665112574373
2002-10-14,47.581371192935386
2002-10-15,49.953211434823686
2002-10-16,47.81818096294709
2002-10-17,49.15052319255629
2002-10-18,49.82624120304905
2002-10-21,50.276292209179026
2002-10-22,49.543695009180766
2002-10-23,50.51364081915024
2002-10-24,49.3737317260562
2002-10-25,50.48673825814528
2002-10-28,50.05180919298884
2002-10-29,49.07338845112891
2002-10-30,49.47176475301862
2002-10-31,49.550004598019235
2002-11-01,50.42107877345526
2002-11-04,51.839504241577444
2002-11-05,52.018739039496865
2002-11-06,52.264200050606654
2002-11-07,50.841357522566966
2002-11-08,49.87032169253208
2002-11-11,48.58086815227696
2002-11-12,49.90027660296974
2002-11-13,50.58313425827244
2002-11-14,53.080590851697394
2002-11-15,53.51370370931243
2002-11-18,52.12028920886606
2002-11-19,51.15628884954692
2002-11-20,53.1501933857113
2002-11-21,55.50313868778525
2002-11-22,55.76286238278713
2002-11-25,56.40177745421017
2002-11-26,55.12690476502852
2002-11-27,56.65941042721651
2002-11-29,56.241546277604456
2002-12-02,56.818334977079864
2002-12-03,54.988371661296625
2002-12-04,54.15411089255596
2002-12-05,53.35609840188621
2002-12-06,54.33855242888532
2002-12-09,51.95499696468495
2002-12-10,52.4276023963062
2002-12-11,53.00508767019553
2002-12-12,53.38877456151225
2002-12-13,52.19344976808762
2002-12-16,53.876817058957464
2002-12-17,53.59989928283885
2002-12-18,52.43793372435914
2002-12-19,51.97141933638137
2002-12-20,51.97918065932029
2002-12-23,53.06207630317682
2002-12-24,52.63987187209045
2002-12-26,52.06024426798564
2002-12-27,51.35081241731729
2002-12-30,51.02124034428789
2002-12-31,50.47321189614925
2003-01-02,52.003922677150086
2003-01-03,51.88785291800139
2003-01-06,53.254547764043224
2003-01-07,53.9828461240788
2003-01-08,52.58580265503756
2003-01-09,54.352759945928135
2003-01-10,54.69974889942459
2003-01-13,54.99845765164645
2003-01-14,55.4571501962837
2003-01-15,54.42935710738881
2003-01-16,53.96411975225996
2003-01-17,51.86078871611089
2003-01-21,51.759490951477964
2003-01-22,51.90740253506767
2003-01-23,53.505549469925626
2003-01-24,51.483536533688905
2003-01-27,50.842799915377306
2003-01-28,51.4268917117918
2003-01-29,52.35288662428315
2003-01-30,51.0719302935994
2003-01-31,50.78877744260118
2003-02-03,51.39184867515684
2003-02-04,50.4934892023034
2003-02-05,50.143881305356864
2003-02-06,50.33394378776037
2003-02-07,49.92757307881671
2003-02-10,51.01653265149993
2003-02-11,51.041216697496544
2003-02-12,50.163939854865
2003-02-13,49.78773448003685
2003-02-14,50.90684797909373
2003-02-18,52.520237821707966
2003-02-19,52.34304799169558
2003-02-20,52.02995485231077
2003-02-21,52.76002612159235
2003-02-24,51.69032510445539
2003-02-25,51.917202223281734
2003-02-26,50.712523126424166
2003-02-27,51.35242652273292
2003-02-28,51.86387260858563
2003-03-03,51.028202458378786
2003-03-04,50.854575081816435
2003-03-05,51.550785977966676
2003-03-06,51.21668636068527
2003-03-07,51.196909576678806
2003-03-10,50.208525222813094
2003-03-11,50.06630259178435
2003-03-12,50.69071884856915
2003-03-13,53.42502133099499
2003-03-14,53.759124455161015
2003-03-17,55.80430823903858
2003-03-18,55.979842283317836
2003-03-19,55.45831391209829
2003-03-20,55.379266339125266
2003-03-21,55.992520247009125
2003-03-24,54.10498286154403
2003-03-25,54.96051274900257
2003-03-26,54.624983937602444
2003-03-27,54.13239621879323
2003-03-28,53.57203580992821
2003-03-31,51.89881761632101
2003-04-01,52.198766342440535
2003-04-02,53.42056719287818
2003-04-03,53.519297922348535
2003-04-04,52.9771831876406
2003-04-07,53.04868091124384
2003-04-08,52.34019395180426
2003-04-09,51.29975287663952
2003-04-10,51.72347879509431
2003-04-11,51.547077536192326
2003-04-14,52.80433402393252
2003-04-15,52.76293440027728
2003-04-16,53.364879099830176
2003-04-17,54.495533601346146
2003-04-21,54.37429246359285
2003-04-22,55.37404291365446
2003-04-23,56.17641198619667
2003-04-24,55.86583311919283
2003-04-25,54.61199515631175
2003-04-28,55.53282755609603
2003-04-29,55.846424077496835
2003-04-30,55.09408190684343
2003-05-01,55.53818660046577
2003-05-02,56.42126454432821
2003-05-05,56.391884007813665
2003-05-06,57.20474496059078
2003-05-07,55.99442377766305
2003-05-08,55.22763098872806
2003-05-09,56.772690945176656
2003-05-12,57.93120029405236
2003-05-13,57.59773049191317
2003-05-14,57.44711190954609
2003-05-15,58.197152934606486
2003-05-16,57.49131390292384
2003-05-19,55.69274600530402
2003-05-20,55.704080997049076
2003-05-21,55.58171336054016
2003-05-22,56.17543824908386
2003-05-23,55.80700746007701
2003-05-27,57.77704670876799
2003-05-28,58.042603811210135
2003-05-29,59.14291370558401
2003-05-30,59.50352004431335
2003-06-02,58.95278148097629
2003-06-03,60.26182050506922
2003-06-04,61.02938861367195
2003-06-05,61.47309957135894
2003-06-06,60.66928802364916
2003-06-09,60.19529187343983
2003-06-10,60.98222099580553
2003-06-11,61.58757163135415
2003-06-12,61.929964626063686
2003-06-13,60.98989789192165
2003-06-16,62.57529643230475
2003-06-17,61.949219849563974
2003-06-18,63.097223062001426
2003-06-19,62.197153486599035
2003-06-20,61.23470204375318
2003-06-23,60.08093507279115
2003-06-24,59.81642203800289
2003-06-25,59.20017814332567
2003-06-26,60.6081724883983
2003-06-27,59.97984451961395
2003-06-30,59.97959814281004
2003-07-01,61.028943141192016
2003-07-02,62.97729712704767
2003-07-03,61.909950156215466
2003-07-07,64.81876253120521
2003-07-08,65.62121490368926
2003-07-09,65.79933679262196
2003-07-10,64.55654387018693
2003-07-11,65.44340177671504
2003-07-14,65.97561811136634
2003-07-15,66.0013617075955
2003-07-16,66.4766217439318
2003-07-17,65.03099620289552
2003-07-18,64.864581432492
2003-07-21,63.71973298139154
2003-07-22,65.142818260276
2003-07-23,65.80345628213475
2003-07-24,64.61904851755334
2003-07-25,66.28768822547516
2003-07-28,66.47390405380888
2003-07-29,66.4276602148348
2003-07-30,66.01854879719478
2003-07-31,66.57675473968037
2003-08-01,65.81689177757723
2003-08-04,66.24082239369137
2003-08-05,64.33462882194688
2003-08-06,63.24398683855853
2003-08-07,63.155920841020055
2003-08-08,62.479160400134965
2003-08-11,63.345496924833256
2003-08-12,64.63976966336058
2003-08-13,64.67045254323958
2003-08-14,65.5724349788156
2003-08-15,65.48522390492784
2003-08-18,67.22308589190823
2003-08-19,67.31538006240989
2003-08-20,67.26906594438171
2003-08-21,67.57640196193692
2003-08-22,68.0466630875831
2003-08-25,68.09400137196242
2003-08-26,68.65571358602722
2003-08-27,69.26145884679198
2003-08-28,69.91855181728398
2003-08-29,70.18262656620665
2003-09-02,71.32529168738193
2003-09-03,71.11648510099185
2003-09-04,72.04500030622064
2003-09-05,71.68439158436341
2003-09-08,73.17777966454501
2003-09-09,72.39533509685204
2003-09-10,70.5085381169262
2003-09-11,71.43388559985158
2003-09-12,71.94515322644702
2003-09-15,71.55028689842305
2003-09-16,73.71959741820886
2003-09-17,73.21799978358202
2003-09-18,74.19573675402786
2003-09-19,73.34376246775132
2003-09-22,72.3318007385529
2003-09-23,73.0755253376726
2003-09-24,70.34017436164845
2003-09-25,69.57530480752489
2003-09-26,68.87887042457086
2003-09-29,70.6080047824563
2003-09-30,68.57664770429098
2003-10-01,70.75500920988887
2003-10-02,70.55889860489181
2003-10-03,72.37146337920719
2003-10-06,72.46019052025568
2003-10-07,73.14622930635434
2003-10-08,72.65935627417052
2003-10-09,73.06794590983209
2003-10-10,73.5654847290819
2003-10-13,74.38244178209851
2003-10-14,74.603011255603
2003-10-15,74.52624338658397
2003-10-16,75.01180212510121
2003-10-17,73.22663692710071
2003-10-20,74.22323369391572
2003-10-21,74.81921049913628
2003-10-22,72.7875289176942
2003-10-23,72.03418862854946
2003-10-24,72.03956078642146
2003-10-27,72.29335892607477
2003-10-28,75.01638395442006
2003-10-29,75.01322483261507
2003-10-30,75.613069725082
2003-10-31,75.57215514325661
2003-11-03,77.31074789324617
2003-11-04,76.65807757383165
2003-11-05,76.7958378929454
2003-11-06,78.1951694568212
2003-11-07,77.5486641086351
2003-11-10,76.58070049471871
2003-11-11,76.59924519631686
2003-11-12,78.42550795172274
2003-11-13,77.73671692783064
2003-11-14,76.00942877872097
2003-11-17,75.3974099075087
2003-11-18,74.09561865058704
2003-11-19,75.44297180673412
2003-11-20,74.25794683619965
2003-11-21,74.68636662335561
2003-11-24,76.61413264835876
2003-11-25,75.9097238845534
2003-11-26,75.93773068873494
2003-11-28,75.91744022986056
2003-12-01,77.59244971013311
2003-12-02,77.06102275849283
2003-12-03,76.95940436091256
2003-12-04,79.13231578366806
2003-12-05,77.47550976161693
2003-12-08,77.43754397944143
2003-12-09,75.11245649362421
2003-12-10,75.9320781296764
2003-12-11,76.96323382163479
2003-12-12,77.41814851104672
2003-12-15,76.55133165531551
2003-12-16,76.68952375519827
2003-12-17,76.67702399245502
2003-12-18,78.35004455399337
2003-12-19,77.56193310613241
2003-12-22,77.85568930512305
2003-12-23,79.05920383193133
2003-12-24,79.21115974192995
2003-12-26,79.35578765196176
2003-12-29,80.8074410390409
2003-12-30,80.38034770310068
2003-12-31,80.56784823175
2004-01-02,81.09593567999785
2004-01-05,83.98928157563148
2004-01-06,84.03978326539546
2004-01-07,85.39388446531699
2004-01-08,87.11377257403602
2004-01-09,86.90212864324393
2004-01-12,88.12616026710036
2004-01-13,87.66824538817572
2004-01-14,87.95507182214425
2004-01-15,87.57872396681286
2004-01-16,88.73513419073589
2004-01-20,87.88034641630458
2004-01-21,86.97314229821974
2004-01-22,85.77552255287159
2004-01-23,85.21831099604218
2004-01-26,86.59503257978159
2004-01-27,85.3579160477508
2004-01-28,84.27989706883328
2004-01-29,83.95944124861548
2004-01-30,83.42547601703895
2004-02-02,82.87035708561773
2004-02-03,82.86938286869872
2004-02-04,79.68791211323509
2004-02-05,79.88644352751416
2004-02-06,81.9647015875193
2004-02-09,81.81508026640239
2004-02-10,82.31092780723634
2004-02-11,83.16877403272404
2004-02-12,82.20702000337776
2004-02-13,81.3265915282331
2004-02-17,83.15941319500718
2004-02-18,83.5471245956612
2004-02-19,81.97986042620623
2004-02-20,82.07709002911032
2004-02-23,80.93161108963216
2004-02-24,81.33194182122106
2004-02-25,82.47865380364357
2004-02-26,83.12301329708524
2004-02-27,83.49621198950254
2004-03-01,84.815236876905
2004-03-02,84.11451965953108
2004-03-03,83.79700309074622
2004-03-04,84.92287486651277
2004-03-05,84.86603115261535
2004-03-08,83.04561838066887
2004-03-09,82.80068640916963
2004-03-10,80.77120435239756
2004-03-11,78.92535562808847
2004-03-12,80.78831476873884
2004-03-15,79.08908938389933
2004-03-16,79.76843674789312
2004-03-17,81.42643661508005
2004-03-18,80.34693132830067
2004-03-19,79.18570971754777
2004-03-22,77.46598964579252
2004-03-23,76.62616136544908
2004-03-24,77.17719625753614
2004-03-25,79.33974941462935
2004-03-26,78.85207054073362
2004-03-29,80.36987242627717
2004-03-30,80.34478865348999
2004-03-31,79.75581631078303
2004-04-01,80.50715616871877
2004-04-02,82.44400167455166
2004-04-05,83.390891147999
2004-04-06,82.61880700561971
2004-04-07,81.87733941205916
2004-04-08,81.69593564089182
2004-04-12,84.47542095759287
2004-04-13,82.48251381454708
2004-04-14,82.48742090491642
2004-04-15,81.53338994919571
2004-04-16,80.93380774917682
2004-04-19,82.30311240135352
2004-04-20,80.49027453440064
2004-04-21,80.80967289875628
2004-04-22,82.61960293221175
2004-04-23,84.4380533816812
2004-04-26,84.07061244467957
2004-04-27,84.60732282046969
2004-04-28,83.26889429235682
2004-04-29,82.4060184998142
2004-04-30,80.59778932407113
2004-05-03,81.6620503510867
2004-05-04,81.97141732092715
2004-05-05,82.21006070241482
2004-05-06,81.52980593947039
2004-05-07,80.8870997317824
2004-05-10,80.18631630386726
2004-05-11,81.48253995040163
2004-05-12,81.09043204774942
2004-05-13,81.04485171449232
2004-05-14,80.37701232488575
2004-05-17,79.20821389457463
2004-05-18,79.9645573848948
2004-05-19,79.67385231529174
2004-05-20,79.90671436306731
2004-05-21,80.46141272539359
2004-05-24,80.78687301293509
2004-05-25,82.54279254282653
2004-05-26,82.86074111788707
2004-05-27,83.21064149815405
2004-05-28,83.3320937216222
2004-06-01,82.44274219464528
2004-06-02,82.45378139351403
2004-06-03,81.5726407727931
2004-06-04,82.30012349690854
2004-06-07,83.90648776760881
2004-06-08,84.45232862794242
2004-06-09,83.36422929777213
2004-06-10,84.10403467594378
2004-06-14,83.14748946944552
2004-06-15,84.38831360162627
2004-06-16,84.09955570101536
2004-06-17,83.34217807118685
2004-06-18,83.53046700486044
2004-06-21,82.94251717868578
2004-06-22,83.79898204631957
2004-06-23,84.78196407374145
2004-06-24,84.78827205626943
2004-06-25,85.01851878952766
2004-06-28,84.7186391519327
2004-06-29,85.55070938382117
2004-06-30,85.79435409226649
2004-07-01,85.0392432987543
2004-07-02,84.80368659627666
2004-07-06,83.35586889391696
2004-07-07,83.5459213744278
2004-07-08,82.41253033438137
2004-07-09,82.9344413649933
2004-07-12,82.5425329965233
2004-07-13,82.12386632003964
2004-07-14,81.3800309971468
2004-07-15,81.24047226111072
2004-07-16,79.91616133750698
2004-07-19,79.75243171134765
2004-07-20,81.13381479308845
2004-07-21,80.3747651768637
2004-07-22,82.1131632187841
2004-07-23,81.1464882126124
2004-07-26,81.63813665808867
2004-07-27,82.21812924386926
2004-07-28,81.98602933954749
2004-07-29,81.93998899665212
2004-07-30,81.81764354694934
2004-08-02,82.65901094110326
2004-08-03,81.40942467782828
2004-08-04,81.22453204433934
2004-08-05,79.656317018967
2004-08-06,77.57410262610257
2004-08-09,76.99931368186256
2004-08-10,78.30325529009865
2004-08-11,76.9435573278311
2004-08-12,75.74491467681024
2004-08-13,75.93036175373213
2004-08-16,76.76422411896286
2004-08-17,77.27980259264118
2004-08-18,78.95069206553372
2004-08-19,79.53415520235595
2004-08-20,80.24848446558651
2004-08-23,80.49025208604706
2004-08-24,80.4783247730577
2004-08-25,81.54468133883957
2004-08-26,80.95398002326344
2004-08-27,81.3440836326774
2004-08-30,80.3177258981739
2004-08-31,81.42427276517164
2004-09-01,81.8635135880567
2004-09-02,82.87043140054081
2004-09-03,81.18579501632962
2004-09-07,81.85775601255337
2004-09-08,81.66846708870007
2004-09-09,81.83942240000299
2004-09-10,82.52011681504821
2004-09-13,83.10913539709823
2004-09-14,83.80300423606391
2004-09-15,83.35647228066487
2004-09-16,83.19936947274006
2004-09-17,83.1596672816377
2004-09-20,82.97504363542598
2004-09-21,83.53394199648146
2004-09-22,81.98313333472582
2004-09-23,82.57273957735553
2004-09-24,82.17525065903479
2004-09-27,81.55070167102366
2004-09-28,81.89548630796914
2004-09-29,83.05463730191724
2004-09-30,82.89167421439645
2004-10-01,85.19290644979667
2004-10-04,85.54942732537188
2004-10-05,86.10433159985537
2004-10-06,86.90022496754914
2004-10-07,86.20860882589615
2004-10-08,84.98415757457246
2004-10-11,85.15850433923794
2004-10-12,85.1418177460969
2004-10-13,84.43573662317065
2004-10-14,84.72191512959975
2004-10-15,85.10461139143406
2004-10-18,86.42790715607819
2004-10-19,86.49287630959431
2004-10-20,86.86038233476349
2004-10-21,87.89199782872889
2004-10-22,86.77255952922236
2004-10-25,86.40240442529597
2004-10-26,86.79178119161799
2004-10-27,89.18252522919033
2004-10-28,89.60895104902599
2004-10-29,89.35691063057988
2004-11-01,89.6598702087656
2004-11-02,89.93237488103814
2004-11-03,90.94892271455261
2004-11-04,91.48180287506693
2004-11-05,91.86378720204327
2004-11-08,92.33956447127409
2004-11-09,92.9510813390169
2004-11-10,91.65131950936298
2004-11-11,93.3374576320075
2004-11-12,93.83502386837615
2004-11-15,91.56286698637092
2004-11-16,90.87058840274396
2004-11-17,91.80343839959765
2004-11-18,92.34059704116311
2004-11-19,90.70566282723489
2004-11-22,91.7464849610744
2004-11-23,91.7280877128248
2004-11-24,93.11568267300534
2004-11-26,93.30019262751702
2004-11-29,94.23474592581826
2004-11-30,94.02915087534687
2004-12-01,95.41662162915736
2004-12-02,95.51330073524835
2004-12-03,96.07447381703345
2004-12-06,97.32256633277733
2004-12-07,94.65579643248928
2004-12-08,95.66874419428248
2004-12-09,95.72398067776429
2004-12-10,95.56073480386597
2004-12-13,97.1571525744545
2004-12-14,97.26280879973653
2004-12-15,97.25548430284819
2004-12-16,96.49490099600915
2004-12-17,95.76888564997145
2004-12-20,95.51745924263413
2004-12-21,96.21086113327792
2004-12-22,96.1682691680917
2004-12-23,96.32059813983314
2004-12-27,95.85583822428073
2004-12-28,96.77780052360227
2004-12-29,96.25400190643937
2004-12-30,96.13665679964535
2004-12-31,97.96388787070008
2005-01-03,96.98727415496526
2005-01-04,95.85464708596294
2005-01-05,94.42863096181257
2005-01-06,93.82320638967784
2005-01-07,94.73875941646516
2005-01-10,94.20557496708913
2005-01-11,93.17550541841662
2005-01-12,93.98122321800577
2005-01-13,93.00383153052732
2005-01-14,93.62828325454744
2005-01-18,94.97421820882718
2005-01-19,93.47279561580126
2005-01-20,90.1489806087154
2005-01-21,90.41880210279773
2005-01-24,88.7733078554055
2005-01-25,89.32434068177066
2005-01-26,90.71763328247714
2005-01-27,90.97252492139272
2005-01-28,88.91372050995518
2005-01-31,89.61084078603648
2005-02-01,89.98757554326517
2005-02-02,90.42283490967618
2005-02-03,89.56133746155068
2005-02-04,91.25535002032497
2005-02-07,90.90584841149021
2005-02-08,91.65174437514132
2005-02-09,90.80363991174477
2005-02-10,90.43428738783432
2005-02-11,91.45380677977171
2005-02-14,92.33440475131106
2005-02-15,93.1887095105308
2005-02-16,93.19818480584554
2005-02-17,92.00129833249349
2005-02-18,91.50513609135366
2005-02-22,90.18169123674934
2005-02-23,90.41983588956822
2005-02-24,91.20022244175723
2005-02-25,92.00655063406559
2005-02-28,91.57091526124921
2005-03-01,91.87597215627459
2005-03-02,91.79540258360433
2005-03-03,90.99623845368382
2005-03-04,91.4490253124274
2005-03-07,92.91158630010621
2005-03-08,91.7696411886517
2005-03-09,90.84487733606818
2005-03-10,91.01110830723404
2005-03-11,90.39129625459059
2005-03-14,89.90212672273127
2005-03-15,89.70603811346037
2005-03-16,89.04002354335914
2005-03-17,88.92269952607518
2005-03-18,88.48407194988714
2005-03-21,88.70190486728504
2005-03-22,87.87847926315334
2005-03-23,88.21234390839837
2005-03-24,87.90641340330629
2005-03-28,88.25533842365961
2005-03-29,87.74516222156437
2005-03-30,89.23482174209317
2005-03-31,88.50268592723158
2005-04-01,87.58828365248043
2005-04-04,88.12210489768145
2005-04-05,88.39296754425392
2005-04-06,88.08276646385158
2005-04-07,88.63844625894473
2005-04-08,87.83260821629898
2005-04-11,87.74497294123579
2005-04-12,88.47127313265727
2005-04-13,86.82049445301145
2005-04-14,86.1484258550543
2005-04-15,84.53923790085776
2005-04-18,84.58636614476512
2005-04-19,84.8440488017634
2005-04-20,84.63789610713937
2005-04-21,87.01866200779325
2005-04-22,85.56290707267765
2005-04-25,86.3297623646863
2005-04-26,85.45595338649719
2005-04-27,86.1725121475485
2005-04-28,84.93780237004576
2005-04-29,85.99534253524978
2005-05-02,86.11075302678168
2005-05-03,86.26022417064465
2005-05-04,87.61732748953555
2005-05-05,87.54596538338457
2005-05-06,87.83657615093419
2005-05-09,91.36758292617819
2005-05-10,90.6897009055839
2005-05-11,91.29604694067352
2005-05-12,91.35542179255619
2005-05-13,92.21214438347731
2005-05-16,92.72720585834851
2005-05-17,93.04978421806815
2005-05-18,93.74377927360892
2005-05-19,94.36791546673362
2005-05-20,94.78769659943292
2005-05-23,95.34927955146385
2005-05-24,95.65803127414242
2005-05-25,95.47351410180896
2005-05-26,96.37213621807159
2005-05-27,96.46003295920788
2005-05-31,95.72424935854112
2005-06-01,96.58325975922715
2005-06-02,96.97955026501515
2005-06-03,95.3300527734817
2005-06-06,95.44235196410428
2005-06-07,94.77984975503128
2005-06-08,94.51156932979613
2005-06-09,94.88032525246675
2005-06-10,93.82695551786873
2005-06-13,93.91644257241215
2005-06-14,93.39751715756792
2005-06-15,93.56482010814047
2005-06-16,93.67254992035167
2005-06-17,93.74662618766517
2005-06-20,93.76842010410158
2005-06-21,93.92855643183785
2005-06-22,93.70075419159501
2005-06-23,92.79839173415475
2005-06-24,91.76228579547636
2005-06-27,91.30695305866006
2005-06-28,91.78122311470307
2005-06-29,91.68745373140165
2005-06-30,90.90361552498635
2005-07-01,90.99080400474375
2005-07-05,86.63097156089016
2005-07-06,86.1678314272581
2005-07-07,86.61962554878875
2005-07-08,88.6265302342771
2005-07-11,89.50075427770733
2005-07-12,89.9120294248661
2005-07-13,89.75944900619842
2005-07-14,90.74649788234558
2005-07-15,90.93888483216318
2005-07-18,90.29792766254387
2005-07-19,91.63111804017808
2005-07-20,92.3448698394898
2005-07-21,94.66291180539034
2005-07-22,93.83177285726174
2005-07-25,93.39178413452483
2005-07-26,93.65531861822168
2005-07-27,94.4665881434365
2005-07-28,94.71133989616474
2005-07-29,93.86197070143534
2005-08-01,94.45979820937835
2005-08-02,96.1120522976253
2005-08-03,96.61579974417852
2005-08-04,95.84375686440754
2005-08-05,95.66987364313651
2005-08-08,95.02803737720973
2005-08-09,95.40743901800226
2005-08-10,94.26901132259027
2005-08-11,95.18726997923606
2005-08-12,94.82535664950142
2005-08-15,95.456785691644
2005-08-16,93.83419386086383
2005-08-17,94.14206082871742
2005-08-18,93.57877579733974
2005-08-19,93.55266156251797
2005-08-22,93.68661660646002
2005-08-23,93.30711271189536
2005-08-24,92.64965510843305
2005-08-25,93.05036779884588
2005-08-26,92.718734274247
2005-08-29,93.42368458473766
2005-08-30,93.32176926997286
2005-08-31,93.71253375595737
2005-09-01,93.38405450009405
2005-09-02,93.23446133918296
2005-09-06,98.68538304707128
2005-09-07,98.54120269371892
2005-09-08,98.74321540250983
2005-09-09,98.19192834945822
2005-09-12,97.96148611191752
2005-09-13,97.57242131632822
2005-09-14,97.3937324182075
2005-09-15,95.59389718656622
2005-09-16,96.30143028589556
2005-09-19,95.99331617724671
2005-09-20,95.80241633482288
2005-09-21,95.43675799169323
2005-09-22,95.88156232617348
2005-09-23,93.92854819882834
2005-09-26,93.60064122818979
2005-09-27,93.18363309308312
2005-09-28,93.24131128754945
2005-09-29,94.60908333634842
2005-09-30,94.67557010810505
2005-10-03,94.6756596854433
2005-10-04,94.00018636829581
2005-10-05,92.87449058206892
2005-10-06,92.19714973505909
2005-10-07,92.04880955014183
2005-10-10,91.68152994732647
2005-10-11,91.50548010081475
2005-10-12,90.28941977508838
2005-10-13,90.89532780209083
2005-10-14,91.16491578352392
2005-10-17,91.36736898941761
2005-10-18,91.24182611411267
2005-10-19,93.43633353210363
2005-10-20,91.82251202734811
2005-10-21,92.28102084339454
2005-10-24,93.52422737089591
2005-10-25,93.02191246187789
2005-10-26,92.83844900947761
2005-10-27,91.09491503881516
2005-10-28,91.65179013524552
2005-10-31,92.13508979729036
2005-11-01,92.04882309699853
2005-11-02,93.53793593696672
2005-11-03,95.52843700290067
2005-11-04,96.56731551738338
2005-11-07,96.89073263940855
2005-11-08,97.07287712802152
2005-11-09,96.82987750813031
2005-11-10,97.99599621543031
2005-11-11,98.23698430752444
2005-11-14,98.33284184317698
2005-11-15,107.29787007202876
2005-11-16,113.13101848009093
2005-11-17,109.6313542474427
2005-11-18,110.02422479509606
2005-11-21,110.7633936461206
2005-11-22,107.99187484078404
2005-11-23,108.35557736880529
2005-11-25,108.66547536512071
2005-11-28,108.02408427575686
2005-11-29,107.34845632604875
2005-11-30,107.1564588237073
2005-12-01,108.4054691745301
2005-12-02,108.61818157128322
2005-12-05,105.69701973036275
2005-12-06,105.6341792320326
2005-12-07,105.42901783074836
2005-12-08,104.60915023419113
2005-12-09,104.7509012500518
2005-12-12,105.25699386154024
2005-12-13,105.60600620961213
2005-12-14,105.41214162568383
2005-12-15,105.69049332999495
2005-12-16,104.77812899072451
2005-12-19,103.34910082950974
2005-12-20,103.48900257493456
2005-12-21,103.82561167975473
2005-12-22,103.37557381651023
2005-12-23,103.28179965757413
2005-12-27,102.35708232268932
2005-12-28,102.29610122337888
2005-12-29,101.44910800292568
2005-12-30,100.85157218239802
2006-01-03,103.33217996624849
2006-01-04,104.494963569643
2006-01-05,105.05267877877428
2006-01-06,106.54322969090808
2006-01-09,106.87577427536917
2006-01-10,106.85321382803151
2006-01-11,107.82377380385505
2006-01-12,107.49675216941411
2006-01-13,107.63261324088698
2006-01-17,106.8994620501256
2006-01-18,104.5758847884162
2006-01-19,105.20078242239585
2006-01-20,102.2862801614727
2006-01-23,101.66809742730396
2006-01-24,102.37361774555929
2006-01-25,101.88936168017926
2006-01-26,102.03372914258979
2006-01-27,103.4059923503856
2006-01-30,103.83258882537324
2006-01-31,103.68408181133753
2006-02-01,101.99748830162483
2006-02-02,100.71232571077017
2006-02-03,99.61769508730941
2006-02-06,98.53166863556994
2006-02-07,98.23573251591381
2006-02-08,99.41223026333556
2006-02-09,98.34305355393867
2006-02-10,99.16837752386812
2006-02-13,98.0228430722926
2006-02-14,99.66985290390167
2006-02-15,100.44178710641918
2006-02-16,101.28077557945609
2006-02-17,100.83336127778178
2006-02-21,99.60309171025074
2006-02-22,100.7082878266857
2006-02-23,100.36362422610917
2006-02-24,100.53115426934389
2006-02-27,101.66761193266798
2006-02-28,100.45210661757606
2006-03-01,101.41633299906262
2006-03-02,100.99671754011723
2006-03-03,100.51600122163728
2006-03-06,99.84007142092966
2006-03-07,100.85416665758497
2006-03-08,101.53074155105698
2006-03-09,99.95742801413725
2006-03-10,100.36932536752667
2006-03-13,100.57010131130184
2006-03-14,102.28202536384484
2006-03-15,102.64695269316763
2006-03-16,101.78226443024828
2006-03-17,102.47481813702278
2006-03-20,102.6386305635999
2006-03-21,101.26788123663393
2006-03-22,101.71989503349236
2006-03-23,101.09478675156207
2006-03-24,101.02338657211648
2006-03-27,101.27982514081489
2006-03-28,101.06899404432188
2006-03-29,103.05211233487623
2006-03-30,103.38594374029502
2006-03-31,102.9362269488597
2006-04-03,103.0677140871719
2006-04-04,103.33283723476849
2006-04-05,104.41405038902592
2006-04-06,104.76369465957724
2006-04-07,103.96624511459692
2006-04-10,103.74502157621328
2006-04-11,102.96108639048947
2006-04-12,102.56225799338871
2006-04-13,103.19875057408055
2006-04-17,101.92508731884627
2006-04-18,103.87851883622133
2006-04-19,104.65997949047214
2006-04-20,103.67871642291848
2006-04-21,102.0255127243947
2006-04-24,101.72500193845697
2006-04-25,101.08086165526068
2006-04-26,101.24934160846963
2006-04-27,102.60064577140261
2006-04-28,102.44590214497788
2006-05-01,101.39718567371082
2006-05-02,102.08874284519818
2006-05-03,102.09349154763848
2006-05-04,103.00407653225106
2006-05-05,103.27447567754032
2006-05-08,103.57824605469762
2006-05-09,103.20017541429388
2006-05-10,101.8129112696253
2006-05-11,98.93415972323491
2006-05-12,98.28456627138554
2006-05-15,98.97176502827499
2006-05-16,97.62021569008672
2006-05-17,96.06251477874696
2006-05-18,94.77104275317731
2006-05-19,95.92486583519357
2006-05-22,95.2474412764399
2006-05-23,94.18256221962288
2006-05-24,94.84090259363298
2006-05-25,96.59276098009227
2006-05-26,96.72866093181574
2006-05-30,94.06746488840979
2006-05-31,94.33066082786932
2006-06-01,96.76366932733733
2006-06-02,96.51841394884329
2006-06-05,94.32688772128692
2006-06-06,94.3029404243053
2006-06-07,93.430235570242
2006-06-08,93.31648743731282
2006-06-09,92.28842780734168
2006-06-12,89.72955003338441
2006-06-13,90.5234880274302
2006-06-14,91.81967485024703
2006-06-15,94.15529198780739
2006-06-16,92.90844944283043
2006-06-19,91.91729246851929
2006-06-20,91.93409130858257
2006-06-21,93.02373065002006
2006-06-22,91.22435149432965
2006-06-23,90.22238626418533
2006-06-26,90.6772579946701
2006-06-27,88.6337628789656
2006-06-28,89.41335683017302
2006-06-29,92.5130388452634
2006-06-30,91.51737277226115
2006-07-03,92.05376177022869
2006-07-05,90.0980829251923
2006-07-06,90.04188181678064
2006-07-07,88.99111039972293
2006-07-10,88.50154354457158
2006-07-11,89.66995029080195
2006-07-12,87.20318956923175
2006-07-13,85.73705458307077
2006-07-14,84.705084084752
2006-07-17,85.46031789482994
2006-07-18,86.06883938681673
2006-07-19,85.12921077029317
2006-07-20,84.42869997996769
2006-07-21,84.13688822417062
2006-07-24,85.94264915702665
2006-07-25,85.96093131926713
2006-07-26,86.60065836013962
2006-07-27,85.6206518841965
2006-07-28,87.85754989030004
2006-07-31,87.78955323985062
2006-08-01,86.37691669468252
2006-08-02,86.54057040596093
2006-08-03,86.75843047731207
2006-08-04,86.24992891809653
2006-08-07,85.61318347932779
2006-08-08,84.75379130555326
2006-08-09,85.4852939433482
2006-08-10,86.01666462841867
2006-08-11,85.1831031831631
2006-08-14,85.7934838175481
2006-08-15,88.1422483274714
2006-08-16,90.8286416938363
2006-08-17,91.01048316750698
2006-08-18,91.07849428606194
2006-08-21,90.19780061895075
2006-08-22,90.92159085947183
2006-08-23,90.12535494117961
2006-08-24,90.41564315322782
2006-08-25,90.79474828398051
2006-08-28,91.3333754426431
2006-08-29,92.1071600227941
2006-08-30,92.75936924922374
2006-08-31,92.67150870047439
2006-09-01,93.87359032229999
2006-09-05,95.10256507683722
2006-09-06,93.01971245721637
2006-09-07,92.59276485771235
2006-09-08,93.01047501275899
2006-09-11,93.30068366257377
2006-09-12,94.89532966066841
2006-09-13,95.12966900925207
2006-09-14,95.10672929495148
2006-09-15,95.07139146617975
2006-09-18,94.73904720538344
2006-09-19,93.95318901238547
2006-09-20,95.57276970119351
2006-09-21,95.16892113165937
2006-09-22,94.28225259888441
2006-09-25,95.92989834718509
2006-09-26,96.97500185718114
2006-09-27,96.88518654179347
2006-09-28,97.20850310019901
2006-09-29,96.42328027695044
2006-10-02,94.09282882642377
2006-10-03,94.81973265598745
2006-10-04,97.10581565403128
2006-10-05,98.28838845093699
2006-10-06,97.83428170066523
2006-10-09,97.89400693099773
2006-10-10,98.10003027986308
2006-10-11,98.04259822980863
2006-10-12,99.9300087867553
2006-10-13,100.34953995634804
2006-10-16,100.30248992568555
2006-10-17,98.85755838854918
2006-10-18,98.26735813898358
2006-10-19,99.85422905759518
2006-10-20,100.49422824699977
2006-10-23,101.36419098541124
2006-10-24,100.76561698757949
2006-10-25,101.7450035515321
2006-10-26,102.67211762779564
2006-10-27,100.66206976478959
2006-10-30,101.08229891544676
2006-10-31,101.08992635800783
2006-11-01,99.65819439708001
2006-11-02,100.02059747125335
2006-11-03,99.29654875505243
2006-11-06,100.65925877179163
2006-11-07,100.99162650294278
2006-11-08,101.46666153610252
2006-11-09,101.1888097838404
2006-11-10,101.77689175058883
2006-11-13,102.697979178618
2006-11-14,104.21026827627435
2006-11-15,104.74967891916391
2006-11-16,105.1543254412967
2006-11-17,104.68583211734787
2006-11-20,104.49292260760862
2006-11-21,104.5724152766534
2006-11-22,105.08200598359696
2006-11-24,105.06125260389605
2006-11-27,102.39077787345028
2006-11-28,103.13842522654508
2006-11-29,104.04030768711348
2006-11-30,103.60463783774168
2006-12-01,102.33845169875157
2006-12-04,103.86083881664979
2006-12-05,104.74230604438321
2006-12-06,104.5130098145999
2006-12-07,103.0668323118535
2006-12-08,103.68135567999805
2006-12-11,103.65408178283559
2006-12-12,102.93779131828155
2006-12-13,103.46664644837884
2006-12-14,104.03489020676699
2006-12-15,104.3447152853386
2006-12-18,103.26532153796981
2006-12-19,102.76785171644771
2006-12-20,102.17184269953631
2006-12-21,101.53191413420178
2006-12-22,100.24970634381715
2006-12-26,100.29489866325521
2006-12-27,100.59531251181606
2006-12-28,100.62227102201214
2006-12-29,100.72529092558116
2007-01-03,100.93329679429652
2007-01-04,103.91207860654548
2007-01-05,103.34981714399439
2007-01-08,103.1104238878762
2007-01-09,103.79608658965336
2007-01-10,105.08572707422947
2007-01-11,105.7703203278639
2007-01-12,105.94289599294
2007-01-16,105.07167757387464
2007-01-17,103.77120045418042
2007-01-18,101.55460389521026
2007-01-19,101.81367149439336
2007-01-22,101.10616609336051
2007-01-23,100.26944910272677
2007-01-24,101.61297043335833
2007-01-25,100.95308364307638
2007-01-26,99.8767707720777
2007-01-29,100.02764593442492
2007-01-30,100.00588385957029
2007-01-31,100.89324012512029
2007-02-01,100.69042180705432
2007-02-02,101.32398057544104
2007-02-05,101.44986575252241
2007-02-06,101.24120572544447
2007-02-07,102.33147446785259
2007-02-08,102.23268979401368
2007-02-09,100.87040743356124
2007-02-12,100.3608347780641
2007-02-13,100.46796695264402
2007-02-14,102.12756603268565
2007-02-15,102.73984460457571
2007-02-16,102.80781600124618
2007-02-20,103.16393827974818
2007-02-21,103.38645894626211
2007-02-22,103.68562144777701
2007-02-23,103.31601225086352
2007-02-26,102.6841867139403
2007-02-27,98.0468438054415
2007-02-28,98.67525880067309
2007-03-01,98.39087490930369
2007-03-02,96.93545429591413
2007-03-05,96.5106090807522
2007-03-06,98.15178206058644
2007-03-07,97.61954122105232
2007-03-08,98.28140047434127
2007-03-09,97.90617293954391
2007-03-12,98.76240491300423
2007-03-13,97.50680875683102
2007-03-14,98.9728364807603
2007-03-15,99.01590486097844
2007-03-16,99.13859910116975
2007-03-19,99.63686548527798
2007-03-20,100.11463083607612
2007-03-21,102.40182318554703
2007-03-22,102.10845019628655
2007-03-23,101.13341644179857
2007-03-26,102.00749237191098
2007-03-27,101.3836132894348
2007-03-28,100.40120724034803
2007-03-29,100.56295929405371
2007-03-30,100.6548624740557
2007-04-02,100.71183754312011
2007-04-03,102.0573564347376
2007-04-04,102.54293192631826
2007-04-05,102.87408170082989
2007-04-09,102.39727866452915
2007-04-10,102.77366807564361
2007-04-11,101.66671461433202
2007-04-12,102.58366738822055
2007-04-13,102.6916725101041
2007-04-16,103.73661972530454
2007-04-17,103.78411497554845
2007-04-18,103.42440503898365
2007-04-19,103.79325163391918
2007-04-20,104.9005374931273
2007-04-23,104.77678025610898
2007-04-24,104.9634544869906
2007-04-25,106.35103881443474
2007-04-26,106.8920562116732
2007-04-27,107.28347753107886
2007-04-30,106.33953566398549
2007-05-01,106.6104797850065
2007-05-02,107.61545951673455
2007-05-03,108.04094904993171
2007-05-04,107.61129893330788
2007-05-07,107.99200650705362
2007-05-08,108.33388000392125
2007-05-09,108.33219762520795
2007-05-10,106.76361778844235
2007-05-11,108.02336894721796
2007-05-14,107.52821917907984
2007-05-15,106.61875634375453
2007-05-16,107.69060491008031
2007-05-17,107.69201074347353
2007-05-18,108.24677397266129
2007-05-21,109.11038092168106
2007-05-22,109.54929784945838
2007-05-23,108.46418891996319
2007-05-24,106.64979328242254
2007-05-25,107.76915434687834
2007-05-29,108.55907756819532
2007-05-30,109.67484013254501
2007-05-31,110.16244266292661
2007-06-01,109.80937453369911
2007-06-04,110.19359461969188
2007-06-05,110.4360065535047
2007-06-06,109.51826988305936
2007-06-07,107.5772313620114
2007-06-08,108.98593832301916
2007-06-11,108.12395666119421
2007-06-12,107.85107119956635
2007-06-13,108.8736447358557
2007-06-14,109.650155266624
2007-06-15,110.84165107064923
2007-06-18,111.33433068219063
2007-06-19,111.04463401612578
2007-06-20,109.9926054699367
2007-06-21,110.82677855756225
2007-06-22,109.5767900850577
2007-06-25,109.18949319238449
2007-06-26,108.65808056877529
2007-06-27,110.0177621472785
2007-06-28,110.09905447123847
2007-06-29,110.71687883688803
2007-07-02,111.74328381052678
2007-07-03,113.00749778476309
2007-07-05,114.35653873487205
2007-07-06,114.48592931854769
2007-07-09,114.08921175927635
2007-07-10,113.52478951556309
2007-07-11,114.13099215471144
2007-07-12,116.40583920151671
2007-07-13,117.38660168872379
2007-07-16,117.23115449912001
2007-07-17,117.94329007697276
2007-07-18,117.64597481618613
2007-07-19,118.36044294598844
2007-07-20,117.53677389407075
2007-07-23,117.64527742598355
2007-07-24,115.51947570330049
2007-07-25,115.84374729971805
2007-07-26,115.67056431709783
2007-07-27,113.92891059396145
2007-07-30,114.43929264580319
2007-07-31,111.17392650697235
2007-08-01,112.35320853056785
2007-08-02,113.3902662680017
2007-08-03,110.92543490724114
2007-08-06,113.08834344920153
2007-08-07,112.89157271423615
2007-08-08,114.3677169559208
2007-08-09,111.0347827031451
2007-08-10,110.07366428712874
2007-08-13,110.78206179411464
2007-08-14,108.80329989019907
2007-08-15,106.53629104055597
2007-08-16,105.5486057176696
2007-08-17,108.13282147913442
2007-08-20,108.1880908566046
2007-08-21,109.33626281991211
2007-08-22,110.69589617067264
2007-08-23,110.72669971701467
2007-08-24,112.47238200656145
2007-08-27,111.63090535086774
2007-08-28,108.74343977380602
2007-08-29,112.29616980996973
2007-08-30,112.82432256470453
2007-08-31,114.36868055654281
2007-09-04,116.26062524134015
2007-09-05,114.37455623163807
2007-09-06,114.34100318571132
2007-09-07,112.1961665736402
2007-09-10,112.61531772952729
2007-09-11,114.26466030048944
2007-09-12,114.66729171871596
2007-09-13,115.54817877572437
2007-09-14,115.59467711550413
2007-09-17,114.64382646470114
2007-09-18,116.88100670223962
2007-09-19,117.13812981491101
2007-09-20,117.11791843862225
2007-09-21,118.89196508369005
2007-09-24,119.8948098096018
2007-09-25,121.56050762610845
2007-09-26,122.20373536601537
2007-09-27,122.4857003418932
2007-09-28,122.00413201774009
2007-10-01,123.37908839115117
2007-10-02,123.32163034199485
2007-10-03,122.63230247593108
2007-10-04,122.78488530233834
2007-10-05,125.63019670545577
2007-10-08,126.93554808894066
2007-10-09,127.5561040971653
2007-10-10,127.9453992832624
2007-10-11,125.73645113740446
2007-10-12,127.77300005392505
2007-10-15,126.28381749632557
2007-10-16,126.25356567902564
2007-10-17,128.62319241611974
2007-10-18,128.97398850859804
2007-10-19,126.01317549752811
2007-10-22,127.33724982628503
2007-10-23,130.91805309323988
2007-10-24,130.78079989068638
2007-10-25,129.55770242286047
2007-10-26,132.42047673370564
2007-10-29,132.833484265542
2007-10-30,133.82305077782567
2007-10-31,136.44117124738523
2007-11-01,134.3827563828482
2007-11-02,135.26264435097983
2007-11-05,135.03115020099784
2007-11-06,137.33253652772294
2007-11-07,134.11112587242226
2007-11-08,128.09805632310324
2007-11-09,122.85301690324081
2007-11-12,119.44716829663786
2007-11-13,125.70232698767887
2007-11-14,124.221565425462
2007-11-15,123.28225651240598
2007-11-16,124.82759622860955
2007-11-19,123.50134337622617
2007-11-20,125.08825693044702
2007-11-21,123.68719692712155
2007-11-23,125.20071881524227
2007-11-26,122.49260609894158
2007-11-27,124.7152853894577
2007-11-28,128.48584789831915
2007-11-29,129.358069322393
2007-11-30,128.22808567995554
2007-12-03,126.0885562862478
2007-12-04,125.29414806442607
2007-12-05,128.03197189424174
2007-12-06,130.06091164650508
2007-12-07,129.8272744453599
2007-12-10,130.38567528919722
2007-12-11,127.44217232820135
2007-12-12,129.17267827045765
2007-12-13,129.43653256878397
2007-12-14,128.1280294091715
2007-12-17,124.89789226603352
2007-12-18,125.23342920475933
2007-12-19,125.03088986518912
2007-12-20,127.9041414906459
2007-12-21,131.340264001046
2007-12-24,132.66723717052722
2007-12-26,133.0826075214082
2007-12-27,131.49822302507536
2007-12-28,131.671273341242
2007-12-31,130.02674025914794
2008-01-02,127.92606518834077
2008-01-03,128.17687115461786
2008-01-04,121.62505005618564
2008-01-07,121.01713471574296
2008-01-08,117.39737460911117
2008-01-09,121.45634336034605
2008-01-10,121.24087275632125
2008-01-11,118.98353774634028
2008-01-14,122.04753236075524
2008-01-15,118.17598373201669
2008-01-16,114.83155150167165
2008-01-17,113.52317869863562
2008-01-18,113.22755646261251
2008-01-22,109.56006393529661
2008-01-23,106.71610189549364
2008-01-24,109.5171521029905
2008-01-25,106.58809776877838
2008-01-28,106.58191060064046
2008-01-29,106.4524382744013
2008-01-30,106.92586627060331
2008-01-31,109.41850394697947
2008-02-01,107.65911848268686
2008-02-04,106.0206611644417
2008-02-05,103.08091156726961
2008-02-06,100.7390725387015
2008-02-07,100.83646195483897
2008-02-08,102.94523465546
2008-02-11,104.18425177786979
2008-02-12,102.85432149961281
2008-02-13,105.58565479544481
2008-02-14,103.6978560732727
2008-02-15,103.26957569151278
2008-02-19,101.96684894741911
2008-02-20,103.5067699335328
2008-02-21,102.71751713929896
2008-02-22,102.56504515908753
2008-02-25,102.74893100374626
2008-02-26,102.85151637749036
2008-02-27,104.26717480373787
2008-02-28,105.19010910696478
2008-02-29,102.75945663127615
2008-03-03,101.27170047348879
2008-03-04,102.22454112803469
2008-03-05,102.63152738236116
2008-03-06,100.40855571451087
2008-03-07,100.89579728785667
2008-03-10,99.10273553651629
2008-03-11,103.43127211124991
2008-03-12,103.19834056532993
2008-03-13,104.24946207430925
2008-03-14,102.13638734850288
2008-03-17,101.23947429752066
2008-03-18,105.92059706487608
2008-03-19,102.84441367180862
2008-03-20,105.12657834529948
2008-03-24,108.92539002598284
2008-03-25,109.91544139397755
2008-03-26,109.84716706140523
2008-03-27,106.93773624591084
2008-03-28,107.20037375596505
2008-03-31,107.95498016553448
2008-04-01,112.4006704299771
2008-04-02,111.6766863684843
2008-04-03,112.45665713177446
2008-04-04,113.18451554362062
2008-04-07,113.31860626474743
2008-04-08,112.22311733175476
2008-04-09,111.3360478920346
2008-04-10,113.26818516759616
2008-04-11,109.37059257925694
2008-04-14,109.16840483430288
2008-04-15,109.37677839163543
2008-04-16,112.6275260666565
2008-04-17,112.39792987522411
2008-04-18,117.32437451237276
2008-04-21,119.01065277415705
2008-04-22,116.79520003977987
2008-04-23,118.00146305884431
2008-04-24,120.2774290687849
2008-04-25,118.98902255607328
2008-04-28,119.61679095317818
2008-04-29,120.66849767126294
2008-04-30,119.98049711525964
2008-05-01,124.504841899911
2008-05-02,124.56370087824023
2008-05-05,124.91963264066655
2008-05-06,125.69465526921095
2008-05-07,123.24216205960823
2008-05-08,124.41884683965274
2008-05-09,123.71417020263705
2008-05-12,126.86806935510506
2008-05-13,126.99405195665189
2008-05-14,125.94774063767187
2008-05-15,128.28972641027875
2008-05-16,127.8931557348234
2008-05-19,126.91858957809852
2008-05-20,126.08812792829713
2008-05-21,122.8371154914838
2008-05-22,123.10928104605914
2008-05-23,123.29438461691787
2008-05-27,125.95713713436675
2008-05-28,125.90899010183144
2008-05-29,127.09056566386322
2008-05-30,127.69584750001104
2008-06-02,125.9691419365053
2008-06-03,124.98178714806654
2008-06-04,126.3323154172112
2008-06-05,128.7319438465707
2008-06-06,124.75592376031938
2008-06-09,124.05031234238749
2008-06-10,124.72382943899919
2008-06-11,121.59642321578991
2008-06-12,121.72275999868526
2008-06-13,123.86866916202946
2008-06-16,125.15342550675109
2008-06-17,125.16736018947415
2008-06-18,124.10826854935338
2008-06-19,125.94675884771745
2008-06-20,122.36714194026523
2008-06-23,121.25965941791942
2008-06-24,120.48911280734993
2008-06-25,122.48470959658523
2008-06-26,116.43292584598423
2008-06-27,116.5049526511871
2008-06-30,115.04608842564447
2008-07-01,117.26664242028161
2008-07-02,113.86831449109813
2008-07-03,114.27924757189255
2008-07-07,115.56966105929455
2008-07-08,118.67004151791953
2008-07-09,115.24773446670703
2008-07-10,116.89543044860268
2008-07-11,114.95575465876489
2008-07-14,114.02534348202356
2008-07-15,113.1065277218218
2008-07-16,115.55156509997515
2008-07-17,115.18234861466443
2008-07-18,111.80283534130456
2008-07-21,111.80797746082919
2008-07-22,111.37600702536179
2008-07-23,113.7214895325789
2008-07-24,112.6673289754129
2008-07-25,115.45261410450163
2008-07-28,111.92859274668406
2008-07-29,114.37883463003472
2008-07-30,115.47525261791822
2008-07-31,115.18851389285054
2008-08-01,114.13194259030985
2008-08-04,112.41545644909195
2008-08-05,117.04758254532366
2008-08-06,119.26219620899941
2008-08-07,119.02808789574439
2008-08-08,122.74329521490156
2008-08-11,123.03109497096216
2008-08-12,123.27487425783065
2008-08-13,123.5368555292855
2008-08-14,124.62394866778864
2008-08-15,123.89098874541233
2008-08-18,122.47485217831792
2008-08-19,121.01842935667227
2008-08-20,121.58531097235497
2008-08-21,121.10652855263506
2008-08-22,122.67192711159058
2008-08-25,119.92988997317012
2008-08-26,119.79018512079034
2008-08-27,120.54361612581727
2008-08-28,120.87222942292101
2008-08-29,117.81494567389575
2008-09-02,115.69796861867616
2008-09-03,114.52238827053571
2008-09-04,110.53271306827638
2008-09-05,109.37850364890613
2008-09-08,108.18669950392508
2008-09-09,105.79012253159677
2008-09-10,106.8139790000106
2008-09-11,109.2791408573636
2008-09-12,108.23312137111043
2008-09-15,104.04976037824237
2008-09-16,104.84206047996408
2008-09-17,98.16670870870846
2008-09-18,102.40531461660112
2008-09-19,105.87378394304585
2008-09-22,100.98156152172442
2008-09-23,99.78381322141821
2008-09-24,100.54672410851681
2008-09-25,102.7911083356312
2008-09-26,100.6891804493504
2008-09-29,87.98130417963485
2008-09-30,94.58702336431661
2008-10-01,92.5191238734259
2008-10-02,88.10219407090543
2008-10-03,87.63059345404011
2008-10-06,85.12000900159212
2008-10-07,79.43556938796213
2008-10-08,80.04409112067911
2008-10-09,77.7185045124575
2008-10-10,78.10022043626203
2008-10-13,88.33983724650354
2008-10-14,84.02716006790553
2008-10-15,77.25262924923734
2008-10-16,81.59685884896635
2008-10-17,81.43067614438927
2008-10-20,83.38085526377043
2008-10-21,78.67593508955136
2008-10-22,77.55040488177345
2008-10-23,77.56603486582009
2008-10-24,75.32092780349004
2008-10-27,73.24483205393496
2008-10-28,81.45529999653797
2008-10-29,80.8019488592121
2008-10-30,83.18297644597405
2008-10-31,82.2252748685657
2008-11-03,82.03069375707632
2008-11-04,85.10694725274861
2008-11-05,79.77418012974375
2008-11-06,76.09409464292256
2008-11-07,77.99285619850505
2008-11-10,76.50595449328446
2008-11-11,75.1810479004252
2008-11-12,71.52713944726148
2008-11-13,76.05605264063928
2008-11-14,71.98089837291288
2008-11-17,70.414254902748
2008-11-18,71.81666854087456
2008-11-19,67.77874768981721
2008-11-20,64.34160348204745
2008-11-21,67.51512181913279
2008-11-24,71.88159596801744
2008-11-25,70.73877171422039
2008-11-26,73.72709305534136
2008-11-28,72.98094887703901
2008-12-01,67.6776276367168
2008-12-02,69.57233646453263
2008-12-03,71.51727776155447
2008-12-04,69.03745061552327
2008-12-05,71.84939950175813
2008-12-08,75.43922497035183
2008-12-09,75.05732083012649
2008-12-10,75.08970178699401
2008-12-11,72.45215278520544
2008-12-12,74.42027503717303
2008-12-15,72.85041609635643
2008-12-16,76.28977197416363
2008-12-17,73.93310488629535
2008-12-18,72.62668300113606
2008-12-19,73.86330907290267
2008-12-22,72.30111404760086
2008-12-23,72.06712130897894
2008-12-24,71.9584592654227
2008-12-26,72.09031052421913
2008-12-29,71.76163005392739
2008-12-30,73.14290627623606
2008-12-31,73.46543286647385
2009-01-02,76.55220893533112
2009-01-05,76.87487173272021
2009-01-06,77.2266041279485
2009-01-07,74.68733484029372
2009-01-08,75.5682936013664
2009-01-09,73.76020241568774
2009-01-12,72.75160168417483
2009-01-13,72.85381553885341
2009-01-14,70.45710499278708
2009-01-15,70.72831493222745
2009-01-16,71.47225634681813
2009-01-20,67.8692420829341
2009-01-21,71.21058890890421
2009-01-22,70.88461949434102
2009-01-23,71.5473810384169
2009-01-26,72.3926877894464
2009-01-27,72.76961486139683
2009-01-28,75.17246256691234
2009-01-29,73.41250630845956
2009-01-30,71.46563760989572
2009-02-02,72.84439757776914
2009-02-03,73.56751134827589
2009-02-04,73.61257735281758
2009-02-05,75.29281333598837
2009-02-06,77.53763712078177
2009-02-09,78.26893569591238
2009-02-10,75.05294911621151
2009-02-11,75.1475256518361
2009-02-12,76.07942102381872
2009-02-13,75.79865235564465
2009-02-17,72.84795734022262
2009-02-18,73.13946115327644
2009-02-19,71.614195521471
2009-02-20,71.91878952723877
2009-02-23,69.14488944666587
2009-02-24,71.66098278733783
2009-02-25,71.40540603148443
2009-02-26,69.38149734051899
2009-02-27,68.74519711358528
2009-03-02,67.268409006566
2009-03-03,67.50604527803762
2009-03-04,69.0332282939851
2009-03-05,66.93773207804075
2009-03-06,65.83268355938458
2009-03-09,64.26723627347057
2009-03-10,68.5547702737088
2009-03-11,69.90218992213701
2009-03-12,72.0018925627118
2009-03-13,72.11640275396987
2009-03-16,70.82545206165317
2009-03-17,73.74234968314812
2009-03-18,74.45273900451284
2009-03-19,74.28627876512813
2009-03-20,73.63266705455047
2009-03-23,77.9692501989691
2009-03-24,76.69728145940591
2009-03-25,76.59974744436536
2009-03-26,79.24275091414715
2009-03-27,77.5770663004104
2009-03-30,75.56745668963302
2009-03-31,77.05361866673273
2009-04-01,79.1278535296505
2009-04-02,81.27562985565555
2009-04-03,82.88523156580509
2009-04-06,83.39019886524702
2009-04-07,81.18130381875532
2009-04-08,82.26298931279089
2009-04-09,84.6806532672219
2009-04-13,84.52321086222909
2009-04-14,83.5424813385139
2009-04-15,82.93569458083543
2009-04-16,85.38685583106805
2009-04-17,85.09497540831498
2009-04-20,82.60068131381232
2009-04-21,83.92867750142864
2009-04-22,83.86156537500491
2009-04-23,84.96964999934991
2009-04-24,86.56704031120267
2009-04-27,86.959414510872
2009-04-28,86.2721726280562
2009-04-29,87.32906431584925
2009-04-30,87.54025706877904
2009-05-01,88.28062934815969
2009-05-04,89.82780416345054
2009-05-05,89.61291582668733
2009-05-06,89.71356287510712
2009-05-07,87.55796327597179
2009-05-08,87.30972220433259
2009-05-11,87.45012625373302
2009-05-12,86.16685731378516
2009-05-13,84.096515470741
2009-05-14,85.40516366393929
2009-05-15,85.27159528510018
2009-05-18,87.62100411495312
2009-05-19,87.73707513654493
2009-05-20,87.37348152157378
2009-05-21,85.75900115269783
2009-05-22,85.11451299007652
2009-05-26,88.73143305058673
2009-05-27,88.51124798938332
2009-05-28,89.80395363404914
2009-05-29,90.4823830070488
2009-06-01,92.81199304231944
2009-06-02,92.95404585780607
2009-06-03,93.1474265754103
2009-06-04,94.89889412318288
2009-06-05,95.31470945615199
2009-06-08,95.03578272558573
2009-06-09,95.30923764621217
2009-06-10,95.02312511103024
2009-06-11,95.36619521591425
2009-06-12,94.79402117850147
2009-06-15,93.06489701813321
2009-06-16,92.51874594796496
2009-06-17,93.11879844035917
2009-06-18,93.04027561457275
2009-06-19,94.19603971952903
2009-06-22,91.66013194733361
2009-06-23,91.27090716554943
2009-06-24,92.75541881710522
2009-06-25,94.43892854204954
2009-06-26,94.80345118646956
2009-06-29,94.98651016543877
2009-06-30,94.56754507527842
2009-07-01,95.04500355910956
2009-07-02,93.09159013520848
2009-07-06,92.58588291683017
2009-07-07,90.30236379801167
2009-07-08,90.53483845001674
2009-07-09,90.44889924825837
2009-07-10,91.04622290070748
2009-07-13,93.08735049696696
2009-07-14,93.26926957879098
2009-07-15,97.00924987480407
2009-07-16,98.243226324887
2009-07-17,99.26177394433583
2009-07-20,100.05970456607874
2009-07-21,100.36734563010312
2009-07-22,101.34431362671569
2009-07-23,102.73651906517013
2009-07-24,102.01162198701067
2009-07-27,101.58416243627813
2009-07-28,101.74003385029815
2009-07-29,101.50546494474841
2009-07-30,102.63938965660968
2009-07-31,102.3234954048292
2009-08-03,103.98213085652958
2009-08-04,103.54133186243708
2009-08-05,102.85811770325472
2009-08-06,101.83496647703157
2009-08-07,102.55965746216117
2009-08-10,101.67385546933892
2009-08-11,100.66557634733131
2009-08-12,102.07817859657769
2009-08-13,102.88875788319368
2009-08-14,102.31096219234095
2009-08-17,99.2329352317594
2009-08-18,100.91073249572281
2009-08-19,101.38566226804075
2009-08-20,103.00258473198184
2009-08-21,104.62360615886178
2009-08-24,104.66990875436451
2009-08-25,104.76821630443706
2009-08-26,104.39906145276024
2009-08-27,104.62756482314835
2009-08-28,105.00221623914172
2009-08-31,104.01660068709202
2009-09-01,102.19352932121933
2009-09-02,102.14635283941753
2009-09-03,102.70645540720383
2009-09-04,104.61739743198149
2009-09-08,105.61986431617049
2009-09-09,105.79977794993142
2009-09-10,106.84492361857272
2009-09-11,106.6641573552241
2009-09-14,107.03691624164829
2009-09-15,107.63218834053035
2009-09-16,109.16893459898934
2009-09-17,109.13144535172184
2009-09-18,109.176533444391
2009-09-21,109.33777573344183
2009-09-22,109.64662873761681
2009-09-23,109.53918785560346
2009-09-24,108.95130805698837
2009-09-25,107.1381078176596
2009-09-28,108.930655051544
2009-09-29,108.4287554987467
2009-09-30,108.26384688822948
2009-10-01,105.23850989704795
2009-10-02,105.28925601016704
2009-10-05,105.89457134066727
2009-10-06,107.82042304575492
2009-10-07,108.26550910789503
2009-10-08,108.50941356167921
2009-10-09,108.91980368081508
2009-10-12,109.1135813102021
2009-10-13,109.23041615595912
2009-10-14,110.56141912142965
2009-10-15,110.73562923046889
2009-10-16,110.0786495781201
2009-10-19,110.93833173058256
2009-10-20,111.89773196306695
2009-10-21,112.82967317212469
2009-10-22,113.18637564806393
2009-10-23,113.1365240259693
2009-10-26,112.98908004557842
2009-10-27,111.47221283270301
2009-10-28,109.12076273809359
2009-10-29,110.89151301975143
2009-10-30,107.79526512757181
2009-11-02,107.86468439402518
2009-11-03,108.0983523388176
2009-11-04,108.71831145254988
2009-11-05,110.964365301003
2009-11-06,111.34698848551366
2009-11-09,114.19602676072695
2009-11-10,114.5505316251016
2009-11-11,115.24342250546405
2009-11-12,114.6530732143199
2009-11-13,115.93545586707208
2009-11-16,116.57449162677581
2009-11-17,117.1479098158551
2009-11-18,116.47906090175375
2009-11-19,114.38446391081776
2009-11-20,114.03946510192975
2009-11-23,116.03451915684275
2009-11-24,115.51015684166929
2009-11-25,115.63594090862107
2009-11-27,113.76646434965744
2009-11-30,113.69600783175936
2009-12-01,114.53599967926911
2009-12-02,114.33574657471975
2009-12-03,114.0559925122349
2009-12-04,114.15434679822269
2009-12-07,113.2153794815232
2009-12-08,112.67693986226489
2009-12-09,114.5664508479516
2009-12-10,115.18779226121174
2009-12-11,114.40780887644812
2009-12-14,115.25276369700487
2009-12-15,114.35353732547595
2009-12-16,114.22563173945439
2009-12-17,112.70444840767806
2009-12-18,115.29289904824012
2009-12-21,116.41396077476033
2009-12-22,117.0378144070752
2009-12-23,118.04035016058441
2009-12-24,119.71009628114892
2009-12-28,120.6243031042694
2009-12-29,120.32236392583117
2009-12-30,120.60050696889789
2009-12-31,119.5634805232296
2010-01-04,121.19677503601214
2010-01-05,121.52079952774733
2010-01-06,119.97131203411189
2010-01-07,119.67112991767566
2010-01-08,120.75427430290117
2010-01-11,119.90438348147515
2010-01-12,118.3375509828242
2010-01-13,119.67941592190526
2010-01-14,120.25580471663409
2010-01-15,118.87309604339148
2010-01-19,121.34102623667482
2010-01-20,119.54199017880528
2010-01-21,118.17492912291766
2010-01-22,113.24282755405633
2010-01-25,114.33021708338428
2010-01-26,114.8059925584705
2010-01-27,115.84154430542281
2010-01-28,111.49481539059629
2010-01-29,108.58227031377642
2010-02-01,109.50130458821013
2010-02-02,110.03563660679572
2010-02-03,111.2388199403061
2010-02-04,108.02449398782942
2010-02-05,109.51825181870156
2010-02-08,108.60719718521915
2010-02-09,109.73259408443599
2010-02-10,109.23327124059661
2010-02-11,110.73889165569022
2010-02-12,111.37185067062586
2010-02-16,112.55040554423819
2010-02-17,112.67794712226846
2010-02-18,113.59540067705572
2010-02-19,113.03657697009214
2010-02-22,112.7039860686368
2010-02-23,111.03072068540583
2010-02-24,112.17208958146165
2010-02-25,112.0026226563661
2010-02-26,112.38135582939432
2010-03-01,113.67413671158391
2010-03-02,114.14702559809015
2010-03-03,114.57088859427155
2010-03-04,115.45594694410238
2010-03-05,117.24736874154608
2010-03-08,117.90857377398017
2010-03-09,118.74165319602513
2010-03-10,119.75978284062192
2010-03-11,120.51926844175452
2010-03-12,120.5215656021552
2010-03-15,119.75811156096442
2010-03-16,120.30075314257633
2010-03-17,120.50083098150886
2010-03-18,121.10917018802103
2010-03-19,119.97888418825268
2010-03-22,120.79773637707223
2010-03-23,121.89480771764114
2010-03-24,121.60326843972766
2010-03-25,122.03580949990368
2010-03-26,122.49772070932556
2010-03-29,122.86293639470175
2010-03-30,123.75108801716854
2010-03-31,123.02231877050632
2010-04-01,122.4962574266976
2010-04-05,123.26428449839379
2010-04-06,123.77095415964945
2010-04-07,124.00030559513948
2010-04-08,124.27324826926217
2010-04-09,124.95545838131407
2010-04-12,125.29906028884051
2010-04-13,126.02789840258941
2010-04-14,127.54613808717164
2010-04-15,128.51678043777258
2010-04-16,126.71393580800915
2010-04-19,126.86444864417963
2010-04-20,126.96307757307946
2010-04-21,128.72284276677092
2010-04-22,129.03678903261425
2010-04-23,129.24502554961302
2010-04-26,128.8683511615968
2010-04-27,126.46321334058105
2010-04-28,126.62416716674294
2010-04-29,128.40110231010775
2010-04-30,125.80909182939834
2010-05-03,127.4291997659845
2010-05-04,123.32177840836152
2010-05-05,122.89774952512873
2010-05-06,118.93926855234513
2010-05-07,115.62708203885579
2010-05-10,121.69956753074969
2010-05-11,121.88512721984337
2010-05-12,124.20660958810515
2010-05-13,122.41458556875223
2010-05-14,120.28299306166241
2010-05-17,120.48551134669337
2010-05-18,118.96597230655668
2010-05-19,117.85004586183811
2010-05-20,113.10784443022074
2010-05-21,113.95551861406847
2010-05-24,114.23457970474007
2010-05-25,113.88973235154079
2010-05-26,112.43832649843992
2010-05-27,116.4471245051637
2010-05-28,116.41637672811017
2010-06-01,116.39046710704109
2010-06-02,118.65905766264113
2010-06-03,119.35386922629658
2010-06-04,115.72645019514084
2010-06-07,113.45077798276212
2010-06-08,113.10444478503035
2010-06-09,111.06063467190839
2010-06-10,113.70173711276999
2010-06-11,115.03936711747144
2010-06-14,114.8707565330914
2010-06-15,118.00187526315344
2010-06-16,119.0818066316677
2010-06-17,120.06332642410153
2010-06-18,120.51168587795804
2010-06-21,118.8542913238377
2010-06-22,118.8554570568452
2010-06-23,118.0159437593887
2010-06-24,116.58686276325741
2010-06-25,115.2201752850809
2010-06-28,115.17905859264229
2010-06-29,111.00268486136045
2010-06-30,109.34060390235601
2010-07-01,108.46162293682026
2010-07-02,108.42479501718779
2010-07-06,109.36505956159468
2010-07-07,112.85665964904831
2010-07-08,113.11376740276684
2010-07-09,114.2352798270803
2010-07-12,114.86173714286704
2010-07-13,115.48667332318405
2010-07-14,116.55028631931897
2010-07-15,116.67198569807961
2010-07-16,113.26644478911065
2010-07-19,113.84910171872417
2010-07-20,115.59990101335498
2010-07-21,114.83563557835022
2010-07-22,118.04103359796791
2010-07-23,117.87758400822474
2010-07-26,118.1528970172445
2010-07-27,118.55895546992386
2010-07-28,117.53996062993504
2010-07-29,116.69154516561866
2010-07-30,116.37493490227416
2010-08-02,118.6350849811404
2010-08-03,118.17982661253545
2010-08-04,118.49377452889411
2010-08-05,118.16685226130929
2010-08-06,117.9399253636137
2010-08-09,119.16708038448046
2010-08-10,118.2343757288908
2010-08-11,115.47601369127757
2010-08-12,113.93756799111684
2010-08-13,112.84747706364156
2010-08-16,112.89976105164597
2010-08-17,114.14756469026402
2010-08-18,114.31190303858746
2010-08-19,112.47698837771009
2010-08-20,112.21755636439187
2010-08-23,111.16615022223013
2010-08-24,109.01372054624157
2010-08-25,110.0155124996654
2010-08-26,108.71206214091606
2010-08-27,109.49654237832958
2010-08-30,108.67789812697637
2010-08-31,108.00874057916631
2010-09-01,110.90364064908248
2010-09-02,111.58295617604871
2010-09-03,113.67667774335084
2010-09-07,113.43490853481029
2010-09-08,114.6569184132884
2010-09-09,114.977305077375
2010-09-10,114.96140388518346
2010-09-13,116.93459253539129
2010-09-14,117.42092327525577
2010-09-15,118.31500960654277
2010-09-16,119.50844301624628
2010-09-17,120.2451399806638
2010-09-20,122.26463414912793
2010-09-21,122.45955626764754
2010-09-22,122.87475728272602
2010-09-23,122.86709832703066
2010-09-24,124.96385174812747
2010-09-27,124.49883642397681
2010-09-28,123.7055573140673
2010-09-29,123.50833596706306
2010-09-30,122.98730408781385
2010-10-01,122.60155957271107
2010-10-04,121.23366364796027
2010-10-05,124.12540332540699
2010-10-06,124.24171458713977
2010-10-07,124.36004201729983
2010-10-08,125.48760841701547
2010-10-11,125.38741303237087
2010-10-12,126.58925129690277
2010-10-13,127.62740590691719
2010-10-14,127.6730957254104
2010-10-15,131.90404623521079
2010-10-18,132.72397786149548
2010-10-19,130.25534438795293
2010-10-20,130.9498080015367
2010-10-21,131.12435313603456
2010-10-22,131.16800456637762
2010-10-25,131.5473548934305
2010-10-26,131.6306884591487
2010-10-27,131.6295648366239
2010-10-28,131.72031909883395
2010-10-29,130.99901840021542
2010-11-01,131.73749764224354
2010-11-02,132.95785371496845
2010-11-03,133.7805916254175
2010-11-04,136.0107554746625
2010-11-05,135.71331253921682
2010-11-08,135.79562777998692
2010-11-09,135.21556620394387
2010-11-10,135.49912302661218
2010-11-11,133.64256985503044
2010-11-12,131.1730936519302
2010-11-15,130.27004749435977
2010-11-16,128.1549203303122
2010-11-17,128.56669624481705
2010-11-18,130.52254763692903
2010-11-19,130.18399109798833
2010-11-22,131.19783980641245
2010-11-23,129.15149618751747
2010-11-24,131.6960076800897
2010-11-26,131.26847942390893
2010-11-29,131.24989646887346
2010-11-30,129.03040993186568
2010-12-01,131.2663152997073
2010-12-02,132.5459413436028
2010-12-03,132.64524100956993
2010-12-06,133.02152846967968
2010-12-07,133.02559122456606
2010-12-08,134.03447502764152
2010-12-09,134.2695403055812
2010-12-10,135.1791363571213
2010-12-13,134.9857152740616
2010-12-14,134.96669998065724
2010-12-15,134.8688433386004
2010-12-16,135.52467054459333
2010-12-17,135.4813648018355
2010-12-20,135.9013526427768
2010-12-21,136.61300088099688
2010-12-22,136.7717872204139
2010-12-23,136.4633240327396
2010-12-27,136.59363801537378
2010-12-28,136.60292346347634
2010-12-29,136.73150576864802
2010-12-30,136.2526750450051
2010-12-31,135.85650093944426
2011-01-03,137.83573564318502
2011-01-04,138.49218869955786
2011-01-05,139.67195984731657
2011-01-06,140.37550903461027
2011-01-07,140.35788385664392
2011-01-10,140.84287745567516
2011-01-11,141.03940462135364
2011-01-12,142.06414831400056
2011-01-13,142.1371957037725
2011-01-14,142.99550015583867
2011-01-18,143.07156705072828
2011-01-19,141.75233832507936
2011-01-20,140.434754060902
2011-01-21,138.87921063712463
2011-01-24,140.90051404695419
2011-01-25,141.8346308473198
2011-01-26,142.86046229403087
2011-01-27,144.0578460974621
2011-01-28,140.36112929702455
2011-01-31,140.8054372442125
2011-02-01,143.21363899683442
2011-02-02,142.95883904372417
2011-02-03,143.03945264739457
2011-02-04,143.73593819068145
2011-02-07,144.8423723753931
2011-02-08,145.7763966228031
2011-02-09,145.85245678522313
2011-02-10,145.01869395349027
2011-02-11,145.6669627405763
2011-02-14,146.11338919859307
2011-02-15,145.98456271760244
2011-02-16,147.11712714121634
2011-02-17,147.02016854989697
2011-02-18,146.44824482208205
2011-02-22,142.57055595689343
2011-02-23,141.81041511545365
2011-02-24,142.35293428639267
2011-02-25,144.01298497077784
2011-02-28,144.7492994029036
2011-03-01,142.56918785416903
2011-03-02,142.90670889320273
2011-03-03,145.67159941636865
2011-03-04,144.78134170846462
2011-03-07,142.96423308651885
2011-03-08,143.18015906846858
2011-03-09,142.1506740177075
2011-03-10,139.44745456153268
2011-03-11,140.30719675449035
2011-03-14,139.92876876738922
2011-03-15,137.55580061316712
2011-03-16,133.21423593023903
2011-03-17,134.8741226172226
2011-03-18,134.22153306762434
2011-03-21,137.23774339673662
2011-03-22,137.15872277054817
2011-03-23,138.10602090547255
2011-03-24,140.33132471713338
2011-03-25,140.8444961871137
2011-03-28,140.04977140558137
2011-03-29,141.40845933982536
2011-03-30,141.56015264394563
2011-03-31,141.74760694252885
2011-04-01,141.39573146215326
2011-04-04,140.66628433970487
2011-04-05,139.90819283364823
2011-04-06,140.3377850902891
2011-04-07,140.48150990949466
2011-04-08,139.92221643167474
2011-04-11,139.12226174628842
2011-04-12,138.2062560420699
2011-04-13,139.35850084453224
2011-04-14,138.83351878645277
2011-04-15,137.26045360584678
2011-04-18,137.02637830657062
2011-04-19,138.02307943247655
2011-04-20,140.67401242547183
2011-04-21,141.7938384560259
2011-04-25,142.5583827132799
2011-04-26,143.0205870867432
2011-04-27,144.13382945982505
2011-04-28,143.45721817627089
2011-04-29,143.8058121483998
2011-05-02,143.77497830426992
2011-05-03,143.33501430591488
2011-05-04,143.55406369122494
2011-05-05,142.7056006318464
2011-05-06,142.9451408003192
2011-05-09,143.2563894045505
2011-05-10,144.02022215994884
2011-05-11,143.21473384476656
2011-05-12,143.62484535676126
2011-05-13,141.67948564646608
2011-05-16,138.95189069283785
2011-05-17,139.7056310145216
2011-05-18,140.71400991369777
2011-05-19,141.4955327329404
2011-05-20,140.20511522693226
2011-05-23,138.5600530388328
2011-05-24,137.93762919043348
2011-05-25,138.7682138952763
2011-05-26,139.07677320958516
2011-05-27,139.91951119703646
2011-05-31,142.77420682656063
2011-06-01,140.44495341477287
2011-06-02,140.96697244515065
2011-06-03,139.18143650532792
2011-06-06,137.9016710119832
2011-06-07,136.7799185356068
2011-06-08,136.21419239348884
2011-06-09,136.16871064485898
2011-06-10,134.0104404782055
2011-06-13,133.98187425894662
2011-06-14,136.08242309459942
2011-06-15,133.51887622756283
2011-06-16,132.70178673261805
2011-06-17,131.82763721721076
2011-06-20,131.84717907612844
2011-06-21,135.0931422688938
2011-06-22,133.89301237517623
2011-06-23,135.80188976031667
2011-06-24,133.60280825589092
2011-06-27,136.05913317031718
2011-06-28,137.88305884255865
2011-06-29,138.0188853566872
2011-06-30,139.66572245212356
2011-07-01,142.2027345542702
2011-07-05,143.54721986005217
2011-07-06,144.4037863571027
2011-07-07,146.56657385402292
2011-07-08,146.64141213158553
2011-07-11,144.14649109024225
2011-07-12,143.3300464744302
2011-07-13,144.27833575948543
2011-07-14,142.97695623047764
2011-07-15,146.0003085598099
2011-07-18,146.76562966982317
2011-07-19,149.63291476335363
2011-07-20,150.56135878625105
2011-07-21,150.9769058192988
2011-07-22,152.86208389906926
2011-07-25,153.09120477885864
2011-07-26,154.03691868195273
2011-07-27,150.74931127520617
2011-07-28,151.0669906991573
2011-07-29,150.21459301946314
2011-08-01,150.25688196651444
2011-08-02,146.78255266279655
2011-08-03,147.8793490619995
2011-08-04,141.87283569636847
2011-08-05,140.99625294383586
2011-08-08,132.82913858370512
2011-08-09,140.05895799535472
2011-08-10,134.72543933989792
2011-08-11,139.9339055171992
2011-08-12,140.8454207886076
2011-08-15,142.21420842073616
2011-08-16,140.9218531453306
2011-08-17,140.53881770232044
2011-08-18,134.09856212995382
2011-08-19,131.1149162731515
2011-08-22,131.44627845344186
2011-08-23,137.17007980934017
2011-08-24,137.71638022494457
2011-08-25,136.0575993017907
2011-08-26,139.65360077031625
2011-08-29,143.14370174882416
2011-08-30,143.8605964874906
2011-08-31,143.3742301782279
2011-09-01,142.05871327832884
2011-09-02,139.27187513970438
2011-09-06,139.79020983680522
2011-09-07,142.84796273282916
2011-09-08,142.51159377921928
2011-09-09,139.53138227755912
2011-09-12,141.11816840131803
2011-09-13,142.91029989605627
2011-09-14,144.72931479868225
2011-09-15,146.6446605657215
2011-09-16,148.81990356699976
2011-09-19,150.07004513571403
2011-09-20,149.39167096020537
2011-09-21,147.6316571018163
2011-09-22,142.7419461115242
2011-09-23,143.76533031198977
2011-09-26,145.05805140500783
2011-09-27,145.58459204553856
2011-09-28,144.20935029583424
2011-09-29,142.0747002958532
2011-09-30,138.52863744784145
2011-10-03,135.54139727824258
2011-10-04,137.32220952068823
2011-10-05,140.1070049998929
2011-10-06,141.61282451967267
2011-10-07,140.5757747648959
2011-10-10,146.15438044310474
2011-10-11,147.9327813247623
2011-10-12,148.85601864339355
2011-10-13,150.59226433548676
2011-10-14,154.76954650483046
2011-10-17,152.8144079871559
2011-10-18,154.34198818348338
2011-10-19,149.3508474502499
2011-10-20,148.62189415361328
2011-10-21,149.13693277526252
2011-10-24,152.54315141574816
2011-10-25,149.47733036578933
2011-10-26,148.51889519458337
2011-10-27,152.22972903339212
2011-10-28,152.9405507378835
2011-10-31,151.0441913540759
2011-11-01,147.39928884193128
2011-11-02,148.995861228757
2011-11-03,152.22115686611136
2011-11-04,151.66740623394674
2011-11-07,152.53910338125132
2011-11-08,154.2928525014679
2011-11-09,149.46842528449292
2011-11-10,148.64185295404016
2011-11-11,150.87322432384462
2011-11-14,150.14217287084426
2011-11-15,152.1463359414277
2011-11-16,149.8041813843243
2011-11-17,146.6258749931586
2011-11-18,145.24435259612127
2011-11-21,141.93476700664453
2011-11-22,143.19675977334919
2011-11-23,139.78355099203972
2011-11-25,138.58673063722208
2011-11-28,143.59663347664878
2011-11-29,142.361192501355
2011-11-30,146.8899715984178
2011-12-01,148.2465514615312
2011-12-02,148.18352650651357
2011-12-05,149.6303727169654
2011-12-06,148.96292465554777
2011-12-07,148.79662255155222
2011-12-08,147.28450635556922
2011-12-09,149.38261628350034
2011-12-12,148.0537382531358
2011-12-13,146.417201441456
2011-12-14,143.90763390757755
2011-12-15,143.26629384070563
2011-12-16,143.7531774710756
2011-12-19,142.88918638345532
2011-12-20,147.24584041461122
2011-12-21,144.68409042693256
2011-12-22,145.8025397543894
2011-12-23,147.16972695001454
2011-12-27,147.7069588655842
2011-12-28,146.3668902852393
2011-12-29,147.25856766373948
2011-12-30,146.94119854876203
2012-01-03,150.12977752392885
2012-01-04,151.37047504999356
2012-01-05,152.2956454782176
2012-01-06,153.08136405619672
2012-01-09,152.05977611360743
2012-01-10,152.63197075561135
2012-01-11,152.63352017106038
2012-01-12,153.04265802802055
2012-01-13,152.8325060163055
2012-01-17,154.20991099418768
2012-01-18,155.80178698409654
2012-01-19,156.3349531833949
2012-01-20,155.0207100146182
2012-01-23,155.62244637568023
2012-01-24,154.75212236530706
2012-01-25,157.998484547199
2012-01-26,157.43047180613857
2012-01-27,158.14979423425
2012-01-30,159.19196515839283
2012-01-31,159.3654600401014
2012-02-01,159.50754605180143
2012-02-02,160.01015534130062
2012-02-03,161.96995960901234
2012-02-06,162.31967734052998
2012-02-07,162.92019042985044
2012-02-08,164.34866094941117
2012-02-09,166.64117074330636
2012-02-10,166.05093564096782
2012-02-13,167.8920374511258
2012-02-14,168.37057311225578
2012-02-15,166.14072602374873
2012-02-16,167.91194651368093
2012-02-17,168.0297815973741
2012-02-21,169.5902147814209
2012-02-22,168.72865246700263
2012-02-23,169.4319154600729
2012-02-24,170.48855364588673
2012-02-27,170.7479126228798
2012-02-28,173.00775494611904
2012-02-29,172.91745696226158
2012-03-01,174.0892937119761
2012-03-02,174.1070627043055
2012-03-05,171.98583616446084
2012-03-06,170.6915774825652
2012-03-07,171.9189214883484
2012-03-08,174.00686753797936
2012-03-09,174.6799291158866
2012-03-12,175.213340797147
2012-03-13,178.87164113502396
2012-03-14,181.0057769469624
2012-03-15,180.9136238239627
2012-03-16,180.8740160263409
2012-03-19,183.38573338101057
2012-03-20,184.38391347724072
2012-03-21,183.58167444571882
2012-03-22,183.09407273531036
2012-03-23,182.89458436385615
2012-03-26,186.37180046965588
2012-03-27,187.20334197564435
2012-03-28,186.8750180557444
2012-03-29,186.1036872315327
2012-03-30,184.99596582599636
2012-04-02,187.08273737484473
2012-04-03,187.23188943772843
2012-04-04,184.79454718435372
2012-04-05,186.13614797986205
2012-04-09,185.04322004764322
2012-04-10,182.22433546868547
2012-04-11,182.69580463107792
2012-04-12,184.77583695391
2012-04-13,181.26562785694455
2012-04-16,178.5674321460338
2012-04-17,182.92007279460762
2012-04-18,182.1457835843262
2012-04-19,179.44587366735783
2012-04-20,179.02553374546997
2012-04-23,177.84151865722473
2012-04-24,176.83527812144632
2012-04-25,183.21481630622273
2012-04-26,183.94334511117233
2012-04-27,185.74426522890005
2012-04-30,184.05788859161316
2012-05-01,183.98092134954769
2012-05-02,184.55974666678003
2012-05-03,183.35538360031
2012-05-04,178.4915960317565
2012-05-07,178.7007451940679
2012-05-08,178.34353815145928
2012-05-09,178.14673424546262
2012-05-10,177.43731808825763
2012-05-11,177.1078276203261
2012-05-14,175.08387624175617
2012-05-15,174.4059991703426
2012-05-16,173.2220062988633
2012-05-17,169.9477966007865
2012-05-18,167.77819162120494
2012-05-21,172.76652273341213
2012-05-22,171.9598971600359
2012-05-23,172.9808229720314
2012-05-24,171.6834591435334
2012-05-25,171.03824306690962
2012-05-29,173.52846514973942
2012-05-30,172.80288355344075
2012-05-31,172.44643321934902
2012-06-01,168.22045701045397
2012-06-04,169.63274306602912
2012-06-05,170.0220975736428
2012-06-06,173.90221364867224
2012-06-07,173.35187136518104
2012-06-08,175.05700782324803
2012-06-11,172.19341951563797
2012-06-12,173.9528996948444
2012-06-13,172.92048131418161
2012-06-14,173.15823535575052
2012-06-15,175.31138196060584
2012-06-18,176.65842231232224
2012-06-19,178.7995010212322
2012-06-20,179.10348830325722
2012-06-21,175.32969454511823
2012-06-22,177.15022536627603
2012-06-25,173.49989363188536
2012-06-26,174.45087703869865
2012-06-27,175.50965134857833
2012-06-28,173.6495581061252
2012-06-29,178.91117096240293
2012-07-02,179.84572112544538
2012-07-03,181.22818825287612
2012-07-05,181.57648586666997
2012-07-06,179.46383396459058
2012-07-09,180.05040758783417
2012-07-10,178.23789673977763
2012-07-11,177.13176997631768
2012-07-12,174.82268427874757
2012-07-13,177.83528787293622
2012-07-16,177.4319702225269
2012-07-17,178.43585311022733
2012-07-18,180.7627369794912
2012-07-19,183.6046410351796
2012-07-20,181.70883137558175
2012-07-23,180.03689348567661
2012-07-24,178.11981535572613
2012-07-25,175.456894065222
2012-07-26,177.06896571038595
2012-07-27,181.98574022378514
2012-07-30,182.45969453686467
2012-07-31,183.30259498740725
2012-08-01,183.06889836120595
2012-08-02,182.3347720305567
2012-08-03,185.64545662130084
2012-08-06,186.93253577714293
2012-08-07,187.97203786683204
2012-08-08,187.621038829658
2012-08-09,188.37462334722468
2012-08-10,188.50839755904747
2012-08-13,189.45404119037732
2012-08-14,189.5539877163612
2012-08-15,189.80839244380724
2012-08-16,192.6836383470761
2012-08-17,194.20598735641428
2012-08-20,195.1424672298228
2012-08-21,193.86020966079593
2012-08-22,195.24891570891782
2012-08-23,193.72864279554653
2012-08-24,194.7298376747417
2012-08-27,195.5873740734554
2012-08-28,195.55494529929365
2012-08-29,195.60877424413715
2012-08-30,193.24026228769173
2012-08-31,194.92925641510695
2012-09-04,194.9056120398699
2012-09-05,194.53404047719752
2012-09-06,198.7464125455034
2012-09-07,198.6185299454584
2012-09-10,195.34331869717383
2012-09-11,194.96672957865897
2012-09-12,195.72299142991417
2012-09-13,198.718624747814
2012-09-14,200.315849669347
2012-09-17,200.8436618624937
2012-09-18,201.12317107314664
2012-09-19,201.3598160472751
2012-09-20,201.0773500486619
2012-09-21,200.82455245018747
2012-09-24,199.4495688795089
2012-09-25,196.22815352751863
2012-09-26,194.55555918911398
2012-09-27,197.81064609240119
2012-09-28,195.7546174212587
2012-10-01,194.89497995311842
2012-10-02,195.1537343513344
2012-10-03,196.91093048455
2012-10-04,197.2892564371768
2012-10-05,195.4080775324205
2012-10-08,193.11397952282428
2012-10-09,190.2829044202734
2012-10-10,189.6522679983641
2012-10-11,188.59166751393863
2012-10-12,188.87955374800825
2012-10-15,190.3358324548909
2012-10-16,193.13019344616526
2012-10-17,192.78414518548536
2012-10-18,189.91967060939436
2012-10-19,184.89810563740866
2012-10-22,186.59763054370575
2012-10-23,184.30117103691495
2012-10-24,183.50536847836017
2012-10-25,182.5922144689799
2012-10-26,184.11336449005628
2012-10-31,182.8610771794147
2012-11-01,185.10536154550843
2012-11-02,182.72489734750167
2012-11-05,183.72278283885686
2012-11-06,184.17538249558567
2012-11-07,178.58007003320395
2012-11-08,175.54023053128543
2012-11-09,176.74766812761345
2012-11-12,175.90006693967658
2012-11-13,174.47628252580463
2012-11-14,172.7532708237331
2012-11-15,171.56525949833804
2012-11-16,172.36521334720734
2012-11-19,177.50766069551338
2012-11-20,177.2877199681027
2012-11-21,177.87748085550942
2012-11-23,180.67261033946167
2012-11-26,182.5056239625931
2012-11-27,181.99911649390316
2012-11-28,183.19539778387508
2012-11-29,184.1508949125676
2012-11-30,184.10406643125032
2012-12-03,183.75154918627905
2012-12-04,183.1177722836448
2012-12-05,179.6867014784823
2012-12-06,180.99484300275626
2012-12-07,178.99707919700086
2012-12-10,179.17245424747665
2012-12-11,181.74305440291522
2012-12-12,181.13844434936152
2012-12-13,179.47665185380225
2012-12-14,176.59922665757412
2012-12-17,179.57151521055522
2012-12-18,182.95942278435976
2012-12-19,182.19218247575287
2012-12-20,182.29635458553295
2012-12-21,180.51141612273824
2012-12-24,180.03832917045216
2012-12-26,178.35022498729967
2012-12-27,178.03322656726994
2012-12-28,176.05739871216986
2012-12-31,179.90884226211904
2013-01-02,185.69683215215812
2013-01-03,184.41256676160643
2013-01-04,182.94966066330448
2013-01-07,182.9630389157939
2013-01-08,182.67065964676712
2013-01-09,182.3687022889249
2013-01-10,183.48642741447244
2013-01-11,183.81283809645225
2013-01-14,182.1236770272725
2013-01-15,180.5230542221361
2013-01-16,182.21212331268953
2013-01-17,182.31993713240874
2013-01-18,181.4448672833502
2013-01-22,181.40504753533483
2013-01-23,183.70196521621972
2013-01-24,177.68464029398262
2013-01-25,177.914662407762
2013-01-28,178.51581426016605
2013-01-29,178.67971632407708
2013-01-30,178.88199868642246
2013-01-31,177.72243667390546
2013-02-01,179.5318698309487
2013-02-04,175.8780056218271
2013-02-05,178.86079404680473
2013-02-06,178.11054671744506
2013-02-07,178.6879812725253
2013-02-08,180.65447887037453
2013-02-11,181.23893626104197
2013-02-12,179.9705612401053
2013-02-13,180.93977642684365
2013-02-14,180.87681989655977
2013-02-15,179.84881804447656
2013-02-19,181.390921303296
2013-02-20,178.4855735066439
2013-02-21,176.77022747346524
2013-02-22,178.2416567593414
2013-02-25,175.59807365003036
2013-02-26,176.45053654546203
2013-02-27,177.68724025618744
2013-02-28,177.06155441573858
2013-03-01,176.62131279839605
2013-03-04,177.10271634629171
2013-03-05,180.0746753869309
2013-03-06,179.5641517805275
2013-03-07,180.4174754819298
2013-03-08,180.04050350446457
2013-03-11,180.7170352774578
2013-03-12,179.1834800479959
2013-03-13,179.22783048865045
2013-03-14,179.66616823609172
2013-03-15,180.37603167288887
2013-03-18,180.84395527587458
2013-03-19,180.44064102403894
2013-03-20,180.57808217225875
2013-03-21,177.67838375219992
2013-03-22,179.2803722806155
2013-03-25,178.85199423994848
2013-03-26,179.39688741667143
2013-03-27,178.57143699792982
2013-03-28,177.57505166512976
2013-04-01,175.35698866762743
2013-04-02,176.59477191953317
2013-04-03,175.718605530582
2013-04-04,174.76352916682745
2013-04-05,173.09701720554918
2013-04-08,173.563632763841
2013-04-09,176.0654567827283
2013-04-10,179.63111666626193
2013-04-11,178.00272809421259
2013-04-12,177.07820002582667
2013-04-15,174.20287171917684
2013-04-16,176.7716879343944
2013-04-17,171.9422298060038
2013-04-18,169.4285082954308
2013-04-19,171.64536785005444
2013-04-22,174.59687891381947
2013-04-23,176.4043721886191
2013-04-24,177.6816374845735
2013-04-25,178.30188012198005
2013-04-26,178.13765603251252
2013-04-29,181.5138793190943
2013-04-30,184.59086672292057
2013-05-01,183.15074400141762
2013-05-02,185.60679569395336
2013-05-03,187.2004684174393
2013-05-06,189.38931190249565
2013-05-07,188.34486993511604
2013-05-08,189.66018140896526
2013-05-09,188.58493918882883
2013-05-10,188.98222529274125
2013-05-13,189.26592306012216
2013-05-14,188.6064940943018
2013-05-15,188.08217572336304
2013-05-16,190.2808347081767
2013-05-17,192.0901696318542
2013-05-20,193.3091593306954
2013-05-21,192.80127030701365
2013-05-22,190.9114669492576
2013-05-23,190.3794906769794
2013-05-24,190.45590219124816
2013-05-28,191.91144107784456
2013-05-29,191.93141140686896
2013-05-30,193.24828146533824
2013-05-31,192.58353449809618
2013-06-03,194.3797124282731
2013-06-04,193.12072031866293
2013-06-05,191.91286104786428
2013-06-06,190.92054602367094
2013-06-07,193.2786615752276
2013-06-10,193.52727266213813
2013-06-11,191.42598008262556
2013-06-12,190.11157552217998
2013-06-13,191.76749334614922
2013-06-14,189.92290487319994
2013-06-17,192.12249733571147
2013-06-18,193.09298513087876
2013-06-19,190.6404811108122
2013-06-20,186.73592403705317
2013-06-21,184.0651603989467
2013-06-24,181.72680492996457
2013-06-25,181.71038192478116
2013-06-26,182.58455765910898
2013-06-27,182.60657074465684
2013-06-28,183.1376627062553
2013-07-01,184.88570274068414
2013-07-02,185.70020341038406
2013-07-03,186.75148993497098
2013-07-05,187.14764830073213
2013-07-08,187.19316491188667
2013-07-09,188.6255914830941
2013-07-10,188.86819976118343
2013-07-11,192.76925125414522
2013-07-12,192.77906977051111
2013-07-15,193.84814022453583
2013-07-16,194.37596049017134
2013-07-17,193.78312136681896
2013-07-18,192.63759064566835
2013-07-19,186.28762167414598
2013-07-22,187.33309186165133
2013-07-23,185.39124071790673
2013-07-24,189.2822155131557
2013-07-25,188.05386867960436
2013-07-26,189.24794199278915
2013-07-29,189.74572756076324
2013-07-30,191.4537734851724
2013-07-31,191.07111391497696
2013-08-01,192.37166444397562
2013-08-02,193.81632705588
2013-08-05,194.34887546783204
2013-08-06,193.07275658799594
2013-08-07,193.12786931016444
2013-08-08,193.44841029557747
2013-08-09,192.05115566330923
2013-08-12,194.45873632769192
2013-08-13,196.90083057805424
2013-08-14,198.07931474454705
2013-08-15,195.1507414345488
2013-08-16,195.49962685119357
2013-08-19,196.45394004566285
2013-08-20,195.92792156558832
2013-08-21,195.72519746286193
2013-08-22,197.24520826291996
2013-08-23,199.94271713213382
2013-08-26,198.9628970822993
2013-08-27,194.50446040712325
2013-08-28,194.57661517169285
2013-08-29,195.5737578079191
2013-08-30,194.0898777072939
2013-09-03,193.40959775051246
2013-09-04,195.34227587417303
2013-09-05,195.0874285647333
2013-09-06,195.4817113924157
2013-09-09,198.27569889286528
2013-09-10,197.7713788341856
2013-09-11,194.43826545785785
2013-09-12,194.7636745301672
2013-09-13,194.50414431020565
2013-09-16,191.8508885093767
2013-09-17,193.4483561588925
2013-09-18,196.80042336348643
2013-09-19,198.06200239893204
2013-09-20,196.45166308439235
2013-09-23,198.73325520142842
2013-09-24,198.155960147406
2013-09-25,197.06673313459993
2013-09-26,197.71107769217056
2013-09-27,197.04213696862092
2013-09-30,195.7131374487274
2013-10-01,198.41822636320427
2013-10-02,199.21714546181354
2013-10-03,196.99040272570556
2013-10-04,197.19525395524013
2013-10-07,196.27719753218173
2013-10-08,193.61974858979485
2013-10-09,194.19042231158426
2013-10-10,197.21783459979392
2013-10-11,198.91072022128338
2013-10-14,200.02105064397963
2013-10-15,199.98684631351108
2013-10-16,201.45677139187106
2013-10-17,201.9094649652071
2013-10-18,207.48523574856554
2013-10-21,209.0832503833145
2013-10-22,208.60425571434396
2013-10-23,208.31227535916665
2013-10-24,209.63973299934614
2013-10-25,212.75229706417497
2013-10-28,212.97950085753914
2013-10-29,212.53379899474754
2013-10-30,213.2957865710188
2013-10-31,212.84017144604914
2013-11-01,212.17258324157925
2013-11-04,213.61362334132522
2013-11-05,214.1359565815323
2013-11-06,215.70791154858273
2013-11-07,212.42433597923218
2013-11-08,214.94600585918667
2013-11-11,214.58195200996104
2013-11-12,214.82695864430607
2013-11-13,217.18928468702617
2013-11-14,216.42204458416393
2013-11-15,216.31506423689171
2013-11-18,214.3795958757805
2013-11-19,213.85192018157875
2013-11-20,213.11282100407618
2013-11-21,215.736886212423
2013-11-22,214.8118597119324
2013-11-25,215.82096454134083
2013-11-26,217.4691359339457
2013-11-27,220.36064675146133
2013-11-29,222.5583147027798
2013-12-02,221.65409238994766
2013-12-03,223.30468697815334
2013-12-04,224.11382486225708
2013-12-05,223.4244140482481
2013-12-06,224.16134887636636
2013-12-09,225.70110657423467
2013-12-10,224.74176471220224
2013-12-11,222.46542446726082
2013-12-12,220.9042734584302
2013-12-13,218.80233355849597
2013-12-16,220.65149972907244
2013-12-17,220.1149529634059
2013-12-18,221.33253745064687
2013-12-19,221.21761981190227
2013-12-20,223.08149427252772
2013-12-23,227.21216361756237
2013-12-24,227.4628935990701
2013-12-26,228.34608817313992
2013-12-27,227.52399697049273
2013-12-30,226.3947934258307
2013-12-31,228.39531402189928
2014-01-02,226.25740688587535
2014-01-03,223.8404055403595
2014-01-06,223.21150485519823
2014-01-07,224.39113026550424
2014-01-08,224.26463116215015
2014-01-09,222.62028673931326
2014-01-10,222.9711401634814
2014-01-13,221.1405677807091
2014-01-14,225.65896593290805
2014-01-15,228.55110503940728
2014-01-16,228.435096050556
2014-01-17,225.58845013680266
2014-01-21,227.16791495309585
2014-01-22,226.90622663898912
2014-01-23,227.22979928481251
2014-01-24,223.8008259495157
2014-01-27,222.0644293415703
2014-01-28,218.05659067924836
2014-01-29,216.2913177570685
2014-01-30,219.06556343102665
2014-01-31,219.19441310222138
2014-02-03,214.3123575122347
2014-02-04,215.1526594260474
2014-02-05,214.85924995410303
2014-02-06,217.18681597055857
2014-02-07,220.12620839478797
2014-02-10,221.61795008101691
2014-02-11,224.17181660891214
2014-02-12,224.07105099716932
2014-02-13,226.49026453698684
2014-02-14,226.31767393918454
2014-02-18,226.25914298020095
2014-02-19,224.43693845584096
2014-02-20,224.5310633203465
2014-02-21,223.48073399572604
2014-02-24,224.12531177016172
2014-02-25,223.78935327173724
2014-02-26,223.47920261650154
2014-02-27,225.49410282946445
2014-02-28,225.93538720173402
2014-03-03,224.1104816367121
2014-03-04,226.9948351801771
2014-03-05,227.44227597732063
2014-03-06,227.45215973506706
2014-03-07,226.57703797342074
2014-03-10,226.57100136802472
2014-03-11,226.8690072570963
2014-03-12,227.43328837700372
2014-03-13,224.7908355425357
2014-03-14,223.13277242505407
2014-03-17,225.45372053097572
2014-03-18,229.14748344178267
2014-03-19,227.95983117179594
2014-03-20,229.0276381170688
2014-03-21,227.81274666454058
2014-03-24,227.97055480268952
2014-03-25,229.27033337737356
2014-03-26,226.1240873177515
2014-03-27,224.49238631552805
2014-03-28,226.069015633791
2014-03-31,226.64036329096928
2014-04-01,229.43453943048675
2014-04-02,229.3573630319829
2014-04-03,228.64857624064612
2014-04-04,223.0388302730112
2014-04-07,221.22993684534822
2014-04-08,223.52676812288254
2014-04-09,226.5972309633603
2014-04-10,221.02943429397214
2014-04-11,219.12782470948767
2014-04-14,220.7338999321031
2014-04-15,221.4018903341475
2014-04-16,224.18779161600838
2014-04-17,223.55141736342907
2014-04-21,224.2840575469269
2014-04-22,224.59818392770998
2014-04-23,222.3313668844227
2014-04-24,228.5711163661196
2014-04-25,225.95519022972056
2014-04-28,230.0334782639992
2014-04-29,230.74046572985634
2014-04-30,230.61252784668284
2014-05-01,230.70315907342663
2014-05-02,230.12779199610083
2014-05-05,231.2092583884283
2014-05-06,228.0875676817928
2014-05-07,227.75175959043122
2014-05-08,227.30274857204057
2014-05-09,227.49452958976508
2014-05-12,230.73190051864117
2014-05-13,231.90987185182072
2014-05-14,230.68990445766144
2014-05-15,228.2573856371641
2014-05-16,229.6585676420539
2014-05-19,231.52264863344138
2014-05-20,231.84920928523863
2014-05-21,233.8682935690713
2014-05-22,234.03314114977664
2014-05-23,236.26872463374025
2014-05-27,239.15638057361912
2014-05-28,238.41210326507596
2014-05-29,240.7367880026181
2014-05-30,241.46507885809143
2014-06-02,239.87322231200432
2014-06-03,240.01104157788194
2014-06-04,240.85215875463055
2014-06-05,244.11655291578703
2014-06-06,245.20166658589602
2014-06-09,246.32788220295888
2014-06-10,246.86211974565305
2014-06-11,246.05725476328854
2014-06-12,243.04816690129715
2014-06-13,244.25361753256703
2014-06-16,245.0145831984205
2014-06-17,244.95893384210038
2014-06-18,246.2641163365258
2014-06-19,245.87800335153517
2014-06-20,245.17495370536554
2014-06-23,246.12653799828735
2014-06-24,245.02590508332463
2014-06-25,246.71849180744803
2014-06-26,246.75787909718207
2014-06-27,248.64216375494777
2014-06-30,248.8066129173541
2014-07-01,250.73267820365996
2014-07-02,250.82865612402722
2014-07-03,252.0102926826203
2014-07-07,253.56112807901437
2014-07-08,251.00262219947138
2014-07-09,251.73238537011926
2014-07-10,251.26904840942277
2014-07-11,253.2890994915132
2014-07-14,255.77698905572828
2014-07-15,255.1197819270321
2014-07-16,259.0031502076159
2014-07-17,255.915963087696
2014-07-18,259.840039547707
2014-07-21,259.5199941279208
2014-07-22,261.7563288203192
2014-07-23,263.8931744787025
2014-07-24,261.34985102782383
2014-07-25,259.64553145293604
2014-07-28,260.0057538621413
2014-07-29,258.7381924895518
2014-07-30,258.6999811808175
2014-07-31,253.04924278223368
2014-08-01,251.95269434120956
2014-08-04,253.54707552318337
2014-08-05,250.88430090840518
2014-08-06,250.54580559630077
2014-08-07,250.14288606369658
2014-08-08,251.41806276160145
2014-08-11,253.207670186694
2014-08-12,253.22347264679237
2014-08-13,257.3192276175582
2014-08-14,258.1747728088079
2014-08-15,259.34688261077645
2014-08-18,261.9302469066058
2014-08-19,263.8347662560255
2014-08-20,263.77969171521335
2014-08-21,264.3568217997099
2014-08-22,264.744835966902
2014-08-25,264.8192701331961
2014-08-26,264.39415845727103
2014-08-27,265.0868604279985
2014-08-28,264.55304281991494
2014-08-29,265.73563183460857
2014-09-02,266.1454415483674
2014-09-03,261.6582709075323
2014-09-04,262.2700163030881
2014-09-05,264.53021044995586
2014-09-08,264.992325950115
2014-09-09,263.22424595002946
2014-09-10,266.4914448020062
2014-09-11,266.94083743350063
2014-09-12,265.84264668681107
2014-09-15,264.4213750186459
2014-09-16,265.5806873409856
2014-09-17,266.1225553627476
2014-09-18,267.1862345826377
2014-09-19,267.9172198902151
2014-09-22,266.54864326072726
2014-09-23,266.50015977341354
2014-09-24,267.5377173342879
2014-09-25,260.3798738306376
2014-09-26,263.95732537990165
2014-09-29,263.7663829969798
2014-09-30,264.2547509693928
2014-10-01,260.3549623452124
2014-10-02,260.5439642316382
2014-10-03,262.10684062354585
2014-10-06,262.21074299258925
2014-10-07,258.5243273811187
2014-10-08,264.2017564956639
2014-10-09,260.98198313343806
2014-10-10,254.79889116953223
2014-10-13,251.90557992350443
2014-10-14,252.2836080373422
2014-10-15,248.90798297392655
2014-10-16,246.27067956891148
2014-10-17,248.5620310606707
2014-10-20,252.30610094024675
2014-10-21,258.12011835593324
2014-10-22,257.67160590145824
2014-10-23,261.58062596613695
2014-10-24,262.10498353782293
2014-10-27,261.9339374431983
2014-10-28,265.82753257715444
2014-10-29,266.6604684712602
2014-10-30,265.06053707032237
2014-10-31,269.58263765552834
2014-11-03,271.40635490413035
2014-11-04,270.5694024668424
2014-11-05,269.6104871427659
2014-11-06,268.5036699786852
2014-11-07,268.4131779332893
2014-11-10,269.0708257137369
2014-11-11,270.6024419925651
2014-11-12,271.9001644288151
2014-11-13,274.948811428831
2014-11-14,277.03338631672625
2014-11-17,275.9071529622727
2014-11-18,277.10886436046286
2014-11-19,275.26800182842373
2014-11-20,278.762823547657
2014-11-21,278.1632428798623
2014-11-24,280.5353066540676
2014-11-25,279.7319536829214
2014-11-26,281.6600754948241
2014-11-28,282.53556765595425
2014-12-01,278.2226002967768
2014-12-02,278.3143072934724
2014-12-03,278.4557164488148
2014-12-04,279.21918010330296
2014-12-05,277.08888429712084
2014-12-08,272.98593780060133
2014-12-09,275.030618699033
2014-12-10,270.34600114295864
2014-12-11,271.14065087235565
2014-12-12,267.5763620286024
2014-12-15,265.03261582961863
2014-12-16,259.4391441030955
2014-12-17,264.5520507444564
2014-12-18,271.3406415994507
2014-12-19,270.73728482999184
2014-12-22,274.499809897453
2014-12-23,273.84154704225654
2014-12-24,273.70365027916495
2014-12-26,276.1624188691383
2014-12-29,275.4717533793046
2014-12-30,272.8272790675
2014-12-31,268.9553313269624
2015-01-02,268.547844075744
2015-01-05,264.30856169431723
2015-01-06,261.643489667205
2015-01-07,264.9423951374405
2015-01-08,271.13178091036707
2015-01-09,270.4064858400693
2015-01-12,267.11553537904507
2015-01-13,266.90851663848565
2015-01-14,266.3048104141051
2015-01-15,261.718768308632
2015-01-16,264.0032951193711
2015-01-20,267.1304830847677
2015-01-21,267.7800732465902
2015-01-22,273.65083106892627
2015-01-23,274.05953249182477
2015-01-26,273.3416067077402
2015-01-27,262.11802057343857
2015-01-28,263.4629161815389
2015-01-29,266.8579977807997
2015-01-30,262.8574070013855
2015-02-02,266.0489071932297
2015-02-03,267.2481222941467
2015-02-04,265.94121937793943
2015-02-05,268.3735877735823
2015-02-06,266.2269083937075
2015-02-09,266.1033967458513
2015-02-10,270.79223002471
2015-02-11,272.611935004931
2015-02-12,277.48019198082505
2015-02-13,279.38943132080743
2015-02-17,279.7827876130473
2015-02-18,280.43226997072236
2015-02-19,280.711826592618
2015-02-20,282.3232344918436
2015-02-23,284.4881691254676
2015-02-24,284.3757652085565
2015-02-25,282.1499911404431
2015-02-26,284.55333784280066
2015-02-27,282.0787283741208
2015-03-02,284.76729377399914
2015-03-03,283.4993068224158
2015-03-04,282.721667891423
2015-03-05,281.2605044948299
2015-03-06,278.6658910578512
2015-03-09,279.7752353751767
2015-03-10,273.8270407020842
2015-03-11,271.5193039776634
2015-03-12,271.8612651648121
2015-03-13,270.588645239645
2015-03-16,273.9188465674287
2015-03-17,275.21333148173886
2015-03-18,278.5103983682618
2015-03-19,278.13037169321495
2015-03-20,278.62126399579375
2015-03-23,278.9772647671408
2015-03-24,279.1792622086349
2015-03-25,272.568803583788
2015-03-26,272.32807251146284
2015-03-27,272.3443458549216
2015-03-30,274.8136315178068
2015-03-31,271.82608180505684
2015-04-01,270.74561364016057
2015-04-02,270.67582013960805
2015-04-06,274.0530947983498
2015-04-07,273.49935707706106
2015-04-08,274.405675239786
2015-04-09,275.4322594125185
2015-04-10,276.72921621581315
2015-04-13,276.4925777599482
2015-04-14,275.39295786799755
2015-04-15,277.80137582438437
2015-04-16,277.55629133257344
2015-04-17,273.0199592527364
2015-04-20,278.80058536243365
2015-04-21,279.0438861705081
2015-04-22,281.0224574156163
2015-04-23,282.29305494959516
2015-04-24,291.6442517726199
2015-04-27,292.2985038819105
2015-04-28,292.00572767682246
2015-04-29,289.71867760922703
2015-04-30,284.4997170286235
2015-05-01,288.7303932957866
2015-05-04,288.5184664002353
2015-05-05,283.5282408131196
2015-05-06,280.6213348310974
2015-05-07,282.2005491381984
2015-05-08,286.83972290485383
2015-05-11,285.1624521377358
2015-05-12,283.85924810964787
2015-05-13,284.49634935687357
2015-05-14,289.76224577210974
2015-05-15,288.7233344865907
2015-05-18,290.03797657318387
2015-05-19,289.3794319818028
2015-05-20,289.7596537778397
2015-05-21,291.3124991184005
2015-05-22,291.0595715952703
2015-05-26,287.3488113507904
2015-05-27,292.3975911309842
2015-05-28,291.886406176131
2015-05-29,289.5774624412723
2015-06-01,290.7372407658376
2015-06-02,290.0456920760023
2015-06-03,290.9066380111229
2015-06-04,288.4522605391331
2015-06-05,286.9991568661097
2015-06-08,284.2302343072072
2015-06-09,284.10290644324436
2015-06-10,288.73079543608407
2015-06-11,288.75144454960866
2015-06-12,286.04869856903815
2015-06-15,284.53406216849174
2015-06-16,286.30426036488933
2015-06-17,287.05038157955056
2015-06-18,290.88672636183946
2015-06-19,288.59928445944155
2015-06-22,290.6050063448296
2015-06-23,291.3460000919157
2015-06-24,290.9583393616862
2015-06-25,289.9941491196211
2015-06-26,287.98252601895274
2015-06-29,281.92504275133757
2015-06-30,282.68395770056463
2015-07-01,284.4845639837992
2015-07-02,284.7251780140098
2015-07-06,284.00458715360344
2015-07-07,283.93158754720463
2015-07-08,279.4893023639503
2015-07-09,278.6440339851941
2015-07-10,283.2235958733014
2015-07-13,289.08988239277795
2015-07-14,291.2301896562802
2015-07-15,292.0397442677978
2015-07-16,297.30454652434264
2015-07-17,306.66373420623506
2015-07-20,308.41480224983303
2015-07-21,307.749049763499
2015-07-22,301.9186227912819
2015-07-23,300.0827472209879
2015-07-24,299.69018788837724
2015-07-27,297.03164166469566
2015-07-28,298.74987488710013
2015-07-29,301.00531575219446
2015-07-30,301.6536170733693
2015-07-31,300.05656323053387
2015-08-03,299.28991730646067
2015-08-04,296.7788086707086
2015-08-05,298.4486609702468
2015-08-06,295.3993599023666
2015-08-07,294.5383185229881
2015-08-10,299.29971399677805
2015-08-11,294.91685442517314
2015-08-12,297.0466675130845
2015-08-13,296.6235456900691
2015-08-14,298.0860196711254
2015-08-17,300.07063733592884
2015-08-18,298.96584418309453
2015-08-19,296.7731193152947
2015-08-20,289.10729827417435
2015-08-21,274.34361111054034
2015-08-24,264.4878544635474
2015-08-25,263.06895286902466
2015-08-26,278.310852581873
2015-08-27,284.93823376130064
2015-08-28,285.2808412493169
2015-08-31,282.39887624841305
2015-09-01,272.510979031812
2015-09-02,281.3262069515877
2015-09-03,279.01765475546796
2015-09-04,275.8808014130811
2015-09-08,283.54031104549523
2015-09-09,280.5533723883386
2015-09-10,284.44786372064004
2015-09-11,286.85142000300016
2015-09-14,286.2578299266265
2015-09-15,289.94336499139166
2015-09-16,291.0167966522717
2015-09-17,290.62657857580035
2015-09-18,287.12623781380745
2015-09-21,289.7905192970087
2015-09-22,285.78068883819316
2015-09-23,286.2591827119591
2015-09-24,286.14417148258786
2015-09-25,283.9584015422879
2015-09-28,276.9055272588674
2015-09-29,274.4723014743408
2015-09-30,280.66746959434636
2015-10-01,281.3893845354023
2015-10-02,285.7450041206805
2015-10-05,290.8499938741452
2015-10-06,290.8958766799044
2015-10-07,291.78193512224806
2015-10-08,291.6112898697428
2015-10-09,293.50087952654053
2015-10-12,294.0268705912353
2015-10-13,293.99397283021904
2015-10-14,292.7563075797818
2015-10-15,297.5926293847835
2015-10-16,299.0771969602277
2015-10-19,300.8506287615484
2015-10-20,299.4636661023225
2015-10-21,297.7159195810372
2015-10-22,303.75290461855906
2015-10-23,317.88732087184485
2015-10-26,318.5411713394061
2015-10-27,317.7778967159243
2015-10-28,321.7478174265524
2015-10-29,323.08462188102004
2015-10-30,319.8179771142682
2015-11-02,323.22666162503344
2015-11-03,324.6651406603049
2015-11-04,325.8530710541365
2015-11-05,327.2883877266375
2015-11-06,327.8517141302998
2015-11-09,325.2224204938197
2015-11-10,323.0233776372042
2015-11-11,323.77302803168163
2015-11-12,321.1869731849471
2015-11-13,313.31979741615913
2015-11-16,317.5377138938169
2015-11-17,316.5369614518756
2015-11-18,324.20893960996494
2015-11-19,325.274172751287
2015-11-20,328.29151377493713
2015-11-23,327.2404071095489
2015-11-24,326.54961477725453
2015-11-25,325.74752827361874
2015-11-27,326.074739982723
2015-11-30,324.99687140124513
2015-12-01,329.0060931047722
2015-12-02,326.6262047571934
2015-12-03,321.6398329829277
2015-12-04,329.3531721570608
2015-12-07,327.79795372567446
2015-12-08,327.94794765166176
2015-12-09,322.6126212144629
2015-12-10,323.56753209004995
2015-12-11,316.0310074750806
2015-12-14,319.2074039779132
2015-12-15,318.6852258508505
2015-12-16,323.6280283085825
2015-12-17,319.53916416639794
2015-12-18,312.9482638893319
2015-12-21,315.8707472238626
2015-12-22,317.31976035982643
2015-12-23,318.96296577148337
2015-12-24,318.1770479564884
2015-12-28,320.15121833991947
2015-12-29,325.4968620450177
2015-12-30,322.7951224387121
2015-12-31,317.41415946414196
2016-01-04,311.3499313984548
2016-01-05,309.73266571454224
2016-01-06,306.43815017587934
2016-01-07,295.39067680315577
2016-01-08,294.44749004110605
2016-01-11,296.8477004072943
2016-01-12,300.50589797325136
2016-01-13,290.7508128686209
2016-01-14,297.5429514474791
2016-01-15,286.60738736458154
2016-01-19,286.86781591804555
2016-01-20,286.478171280809
2016-01-21,286.7155014900923
2016-01-22,297.1274542411005
2016-01-25,293.372346564527
2016-01-26,294.97250069855767
2016-01-27,285.60269548386066
2016-01-28,297.7411473315463
2016-01-29,303.5549296858032
2016-02-01,303.16114011779126
2016-02-02,298.06760508277335
2016-02-03,292.94942983686377
2016-02-04,291.3743308241725
2016-02-05,280.23737091846556
2016-02-08,277.79720558069926
2016-02-09,276.7649663647498
2016-02-10,277.81685624982833
2016-02-11,278.47689761845396
2016-02-12,280.2603697107133
2016-02-16,284.90763372327865
2016-02-17,291.5306483750862
2016-02-18,287.57681047595094
2016-02-19,287.8311570013248
2016-02-22,293.0516079105297
2016-02-23,287.28267867869215
2016-02-24,289.6011023419995
2016-02-25,292.36454365847436
2016-02-26,291.3725033067723
2016-02-29,289.3835846519818
2016-03-01,299.6920039766044
2016-03-02,300.4484255585508
2016-03-03,299.3170644060425
2016-03-04,299.4168398304302
2016-03-07,294.4506038776392
2016-03-08,294.15980208731065
2016-03-09,297.3479719350507
2016-03-10,297.26676775436067
2016-03-11,302.28449443370835
2016-03-14,303.1632360318632
2016-03-15,305.7089526447629
2016-03-16,308.5347138571461
2016-03-17,307.75577160262617
2016-03-18,306.3091110463118
2016-03-21,307.2777859320889
2016-03-22,308.63494442253693
2016-03-23,308.0977739278996
2016-03-24,308.46852944849275
2016-03-28,307.1853965579071
2016-03-29,313.6511507515384
2016-03-30,316.33565976307233
2016-03-31,314.7956118001487
2016-04-01,317.503583616407
2016-04-04,316.5288140764557
2016-04-05,313.1966629568598
2016-04-06,317.0584092620462
2016-04-07,312.42219572706665
2016-04-08,311.82764496094563
2016-04-11,311.5220360730069
2016-04-12,314.8438588613504
2016-04-13,318.64279094293636
2016-04-14,319.09346509469464
2016-04-15,317.25786297846184
2016-04-18,317.2106919663095
2016-04-19,315.7121288597565
2016-04-20,315.6275174734352
2016-04-21,315.2706387600071
2016-04-22,306.0302019718021
2016-04-25,306.06597280870443
2016-04-26,302.5241785008787
2016-04-27,294.8809149229223
2016-04-28,291.0980165922511
2016-04-29,292.67976257234034
2016-05-02,295.5575027529712
2016-05-03,294.66656390585626
2016-05-04,293.77020950439424
2016-05-05,292.60411943395974
2016-05-06,294.67701428936016
2016-05-09,294.68675174651105
2016-05-10,298.9160578110121
2016-05-11,297.52125693904367
2016-05-12,295.8213482783583
2016-05-13,294.91689162213703
2016-05-16,299.6242665511195
2016-05-17,295.6047394295572
2016-05-18,297.28283671721414
2016-05-19,295.44734007921113
2016-05-20,298.20234441002964
2016-05-23,297.7967219948115
2016-05-24,303.64743931637156
2016-05-25,306.8666249460588
2016-05-26,308.2188152119381
2016-05-27,309.2499583892978
2016-05-31,309.99633512545864
2016-06-01,308.20648274865084
2016-06-02,307.32751605808494
2016-06-03,305.8031527901405
2016-06-06,306.60926391709796
2016-06-07,306.73102652593496
2016-06-08,307.85158335141875
2016-06-09,308.2904174338614
2016-06-10,305.59099102246574
2016-06-13,301.80874885564384
2016-06-14,302.13685769863343
2016-06-15,300.89919755174
2016-06-16,301.5295212000676
2016-06-17,296.5512267563827
2016-06-20,297.2104818567126
2016-06-21,299.8597726279358
2016-06-22,298.971319598961
2016-06-23,302.29169753577173
2016-06-24,292.0479614425472
2016-06-27,286.91061688871474
2016-06-28,292.68223267164547
2016-06-29,296.3115909491276
2016-06-30,299.47556003057645
2016-07-01,300.8096443466533
2016-07-05,299.62389097078136
2016-07-06,302.0877326262041
2016-07-07,302.2073341902329
2016-07-08,306.20117647945847
2016-07-11,308.4457824846953
2016-07-12,310.06552621152457
2016-07-13,308.97220351704084
2016-07-14,311.73932410973316
2016-07-15,311.09916897502785
2016-07-18,314.3772719383254
2016-07-19,314.3233445382011
2016-07-20,318.64316133706205
2016-07-21,316.3527724300564
2016-07-22,317.107415404176
2016-07-25,315.6344492366058
2016-07-26,314.8686203350696
2016-07-27,321.4289169387465
2016-07-28,324.51157150877265
2016-07-29,326.88221718006554
2016-08-01,329.7801254023474
2016-08-02,327.12710713804455
2016-08-03,328.17276335231963
2016-08-04,329.64792031532716
2016-08-05,333.45870251287346
2016-08-08,334.4858916636493
2016-08-09,335.2219857973107
2016-08-10,333.96491813180927
2016-08-11,334.4375785494728
2016-08-12,334.21023763039835
2016-08-15,335.36816338888315
2016-08-16,333.97046038666286
2016-08-17,334.39949162248206
2016-08-18,333.9249985678
2016-08-19,333.708381028616
2016-08-22,333.03275933682306
2016-08-23,333.8428197917896
2016-08-24,332.1369618659888
2016-08-25,331.98375991141256
2016-08-26,332.25940658867046
2016-08-29,333.1891825899709
2016-08-30,331.57143907017297
2016-08-31,331.37973905358876
2016-09-01,332.4685033934388
2016-09-02,334.11756521675557
2016-09-06,336.9853383813122
2016-09-07,337.7524757670814
2016-09-08,333.9853969098141
2016-09-09,326.1844190892886
2016-09-12,331.691571536362
2016-09-13,331.60165632386594
2016-09-14,335.5514461882998
2016-09-15,342.44275910953485
2016-09-16,343.09067199174183
2016-09-19,340.5091661415685
2016-09-20,341.0476340552209
2016-09-21,343.51724696262625
2016-09-22,346.4711941015533
2016-09-23,343.3073420144905
2016-09-26,341.00369016275306
2016-09-27,344.67807540568236
2016-09-28,346.5834686091702
2016-09-29,343.2179565722383
2016-09-30,345.27296471330527
2016-10-03,344.25871401331443
2016-10-04,344.4112711694865
2016-10-05,345.7989888065973
2016-10-06,346.81470429201346
2016-10-07,346.8515709568513
2016-10-10,350.47282099793307
2016-10-11,348.0413071092571
2016-10-12,349.33598684412925
2016-10-13,347.43391329052224
2016-10-14,348.6491913133519
2016-10-17,347.73634770844757
2016-10-18,350.1758556764497
2016-10-19,348.9499534988019
2016-10-20,347.72819783624715
2016-10-21,350.80037274383943
2016-10-24,355.70365882681284
2016-10-25,355.2488804290435
2016-10-26,350.4453542351839
2016-10-27,347.7615319377224
2016-10-28,344.95264213754166
2016-10-31,344.77538416998726
2016-11-01,341.46959760505473
2016-11-02,338.28122892520975
2016-11-03,333.3429924101779
2016-11-04,331.0960539256359
2016-11-07,338.91537076768185
2016-11-08,341.08113425386006
2016-11-09,338.99659640429365
2016-11-10,330.04699296060465
2016-11-11,329.76343791072355
2016-11-14,322.3995878839091
2016-11-15,328.54799013920973
2016-11-16,332.5509068589158
2016-11-17,335.13100600496955
2016-11-18,334.06035834538153
2016-11-21,339.3726442798812
2016-11-22,340.27753681375316
2016-11-23,337.75903132055936
2016-11-25,338.60063723416016
2016-11-28,338.2621584457669
2016-11-29,338.6348386690118
2016-11-30,333.9964531031867
2016-12-01,328.9844584724346
2016-12-02,329.77519160040885
2016-12-05,332.77161369314155
2016-12-06,333.6303938734467
2016-12-07,338.3442057641591
2016-12-08,339.6681634673668
2016-12-09,343.887830424307
2016-12-12,342.55456295781556
2016-12-13,347.97422670170073
2016-12-14,347.2714031413488
2016-12-15,347.61293900437363
2016-12-16,346.223099045358
2016-12-19,349.23103583230056
2016-12-20,350.12773969779823
2016-12-21,349.7115948571278
2016-12-22,348.2903186047643
2016-12-23,347.763892688674
2016-12-27,349.52913473680775
2016-12-28,347.58540207327604
2016-12-29,346.8082190603719
2016-12-30,342.78782228107985
2017-01-03,345.57933434809377
2017-01-04,345.62349826392386
2017-01-05,348.2815304962334
2017-01-06,352.3343999942211
2017-01-09,353.80012231621834
2017-01-10,353.73466123443023
2017-01-11,355.9382722769485
2017-01-12,355.4228979853396
2017-01-13,356.4709175014673
2017-01-17,356.34262277766163
2017-01-18,356.24011334198633
2017-01-19,355.5020330244204
2017-01-20,356.77015000692984
2017-01-23,358.9386275199423
2017-01-24,360.9005838167011
2017-01-25,364.7908235895906
2017-01-26,366.1167554609938
2017-01-27,367.0536746136862
2017-01-30,363.5299268010484
2017-01-31,361.59006634015174
2017-02-01,367.7863944834471
2017-02-02,367.6904300879341
2017-02-03,367.4455467313102
2017-02-06,368.27069038129054
2017-02-07,370.0701353979683
2017-02-08,371.2062120559811
2017-02-09,371.97967039440186
2017-02-10,372.25912761588114
2017-02-13,375.52331818953434
2017-02-14,377.3129862840021
2017-02-15,378.3815387252086
2017-02-16,379.4522781138026
2017-02-17,380.09072943782724
2017-02-21,382.0746279329586
2017-02-22,382.5259921322156
2017-02-23,381.8309170776588
2017-02-24,382.01074720031187
2017-02-27,382.0666438270001
2017-02-28,380.76974742497487
2017-03-01,385.8138688479692
2017-03-02,383.3370390576624
2017-03-03,384.08483968099364
2017-03-06,383.34862418994004
2017-03-07,384.0085645893845
2017-03-08,384.2283762207758
2017-03-09,384.55487047675
2017-03-10,385.7015928717147
2017-03-13,385.3709249011283
2017-03-14,384.8845205165548
2017-03-15,386.92400682518945
2017-03-16,387.18686318142494
2017-03-17,386.9077102990504
2017-03-20,388.30421787612875
2017-03-21,383.04333698406754
2017-03-22,385.78872260146994
2017-03-23,384.2817676229127
2017-03-24,384.1232871318165
2017-03-27,384.74540989986025
2017-03-28,388.1856089760302
2017-03-29,390.6648959830067
2017-03-30,391.08051179340345
2017-03-31,391.7192872502376
2017-04-03,392.4623458574124
2017-04-04,393.9139335936936
2017-04-05,392.59669379080475
2017-04-06,391.68796072477795
2017-04-07,390.7014269003757
2017-04-10,390.9752026432025
2017-04-11,388.7820639949765
2017-04-12,388.0321323233933
2017-04-13,385.93289036761746
2017-04-17,390.1241038782442
2017-04-18,389.9794704574823
2017-04-19,389.6086740114176
2017-04-20,392.7023531792812
2017-04-21,393.3513468877057
2017-04-24,398.5246500255685
2017-04-25,401.04694306007826
2017-04-26,400.6918740877847
2017-04-27,403.2891357121079
2017-04-28,406.38775360651874
2017-05-01,411.9666017825967
2017-05-02,413.54351447750497
2017-05-03,412.83740617574944
2017-05-04,411.8996762714864
2017-05-05,413.50888556555657
2017-05-08,417.86306213058685
2017-05-09,418.05146907789117
2017-05-10,416.9539421660122
2017-05-11,416.4243954759052
2017-05-12,418.39718201330777
2017-05-15,418.91522115951693
2017-05-16,420.5757552463327
2017-05-17,409.3633667621732
2017-05-18,412.2533706619527
2017-05-19,413.20592859624895
2017-05-22,416.8260194255948
2017-05-23,417.80632457827204
2017-05-24,419.52382125733874
2017-05-25,423.2710297099819
2017-05-26,424.10819380072235
2017-05-30,425.18176728884487
2017-05-31,422.99667000151385
2017-06-01,423.95901889900523
2017-06-02,429.40073572836064
2017-06-05,429.5186277982231
2017-06-06,428.42712804457426
2017-06-07,430.05278879286885
2017-06-08,429.6935093702545
2017-06-09,417.0610818704831
2017-06-12,412.44381386367667
2017-06-13,417.03197642881355
2017-06-14,414.74053718048924
2017-06-15,412.3014224158017
2017-06-16,412.43444197627235
2017-06-19,419.2649798099438
2017-06-20,415.30477211443093
2017-06-21,417.8207712094334
2017-06-22,416.93698754658993
2017-06-23,419.44110572553836
2017-06-26,416.41696718392666
2017-06-27,409.02565737701605
2017-06-28,414.61221420833346
2017-06-29,407.0880136817203
2017-06-30,406.58325815137584
2017-07-03,402.56553545586127
2017-07-05,407.14964758560785
2017-07-06,403.53952526014245
2017-07-07,408.4592536053727
2017-07-10,412.1139105170042
2017-07-11,413.2283283000501
2017-07-12,417.84104454251775
2017-07-13,419.93567953954704
2017-07-14,423.0166994592848
2017-07-17,424.11653374101564
2017-07-18,427.24096353228884
2017-07-19,429.7639570034929
2017-07-20,429.9091993691307
2017-07-21,429.5640064213594
2017-07-24,432.1941745050766
2017-07-25,431.0823919707139
2017-07-26,431.5988251818278
2017-07-27,428.8994432191545
2017-07-28,427.8072659686596
2017-07-31,423.58484350537447
2017-08-01,425.77070410431986
2017-08-02,429.98781134270297
2017-08-03,427.2383881657351
2017-08-04,429.0120890502461
2017-08-07,431.5650977257023
2017-08-08,432.2731497904067
2017-08-09,432.28281785633953
2017-08-10,422.7584124098489
2017-08-11,427.0442912175889
2017-08-14,433.10886750054306
2017-08-15,433.6650594038843
2017-08-16,433.37727842307754
2017-08-17,424.9291479222581
2017-08-18,424.2923856721638
2017-08-21,423.5093394095567
2017-08-22,429.65194896082573
2017-08-23,428.08775992218034
2017-08-24,426.44436120042616
2017-08-25,425.7517859951387
2017-08-28,427.1257339675439
2017-08-29,429.56854567141085
2017-08-30,433.65171426508834
2017-08-31,437.2387357858593
2017-09-01,436.4936227406616
2017-09-05,432.1349491547872
2017-09-06,433.3186405377555
2017-09-07,433.8099019784079
2017-09-08,428.80405882044903
2017-09-11,433.8197412272298
2017-09-12,434.09419581519836
2017-09-13,435.1753422516877
2017-09-14,431.8315686117072
2017-09-15,433.00424935708764
2017-09-18,430.48228206758506
2017-09-19,432.05404702631444
2017-09-20,430.79304450588586
2017-09-21,427.65088333525523
2017-09-22,426.53101491172595
2017-09-25,420.7581265902506
2017-09-26,423.28478137662046
2017-09-27,428.32364431640207
2017-09-28,428.4618937380505
2017-09-29,432.0311059632899
2017-10-02,431.30162048429435
2017-10-03,432.28501435965717
2017-10-04,431.46452827053287
2017-10-05,437.32221693799437
2017-10-06,438.82401804284933
2017-10-09,439.53040597130035
2017-10-10,438.3565041311876
2017-10-11,440.79045531060575
2017-10-12,440.19461294721697
2017-10-13,442.3379424625091
2017-10-16,445.4810080203787
2017-10-17,446.5281219552524
2017-10-18,445.4770153716616
2017-10-19,441.77406110803645
2017-10-20,443.70931147096246
2017-10-23,439.8757756754175
2017-10-24,441.7302772516596
2017-10-25,440.6070462514681
2017-10-26,441.35769045735486
2017-10-27,466.1157213130186
2017-10-30,469.4439436661941
2017-10-31,470.56201264158034
2017-11-01,471.52967204594887
2017-11-02,470.8382614569353
2017-11-03,475.69597197229547
2017-11-06,477.74064997716164
2017-11-07,479.33691794146677
2017-11-08,481.4194403584954
2017-11-09,479.3459708050431
2017-11-10,477.2407487967655
2017-11-13,477.2532339165968
2017-11-14,475.7335116821929
2017-11-15,472.0891342111043
2017-11-16,477.050399885615
2017-11-17,472.8685137586557
2017-11-20,472.68748383585813
2017-11-21,479.64726746811743
2017-11-22,480.9617820817275
2017-11-24,483.7593794080121
2017-11-27,485.4502507925705
2017-11-28,485.8502840757792
2017-11-29,475.54016319635616
2017-11-30,480.13334915834804
2017-12-01,477.84346263704316
2017-12-04,471.27000830765513
2017-12-05,471.7090835641891
2017-12-06,474.6030153880813
2017-12-07,476.5768221776457
2017-12-08,478.6776195275027
2017-12-11,483.3796420119965
2017-12-12,482.3883329520844
2017-12-13,482.6499216422075
2017-12-14,483.38247947846673
2017-12-15,489.8750719599733
2017-12-18,494.2200759129014
2017-12-19,491.6128595683421
2017-12-20,489.76747470890484
2017-12-21,489.14806448548995
2017-12-22,488.3333052979106
2017-12-26,484.3513702537287
2017-12-27,485.0554533531878
2017-12-28,485.6379467882734
2017-12-29,482.1836059760366
2018-01-02,490.09860553335375
2018-01-03,493.0943219043427
2018-01-04,494.5116776942052
2018-01-05,500.8889184666735
2018-01-08,502.60105639951485
2018-01-09,501.9058893989129
2018-01-10,500.48458400455024
2018-01-11,503.90511530350705
2018-01-12,507.4806562507654
2018-01-16,505.07637945957487
2018-01-17,509.87441046428813
2018-01-18,510.3970392046695
2018-01-19,511.20290025547735
2018-01-22,517.8138445400084
2018-01-23,523.3325189718971
2018-01-24,518.9846221388372
2018-01-25,519.5150610869417
2018-01-26,528.0212561352182
2018-01-29,524.8474248482875
2018-01-30,522.8862203049945
2018-01-31,526.4437442827107
2018-02-01,523.2452924640007
2018-02-02,510.7786190591989
2018-02-05,491.8801351537935
2018-02-06,507.63736081067225
2018-02-07,497.190975872054
2018-02-08,475.6824798699568
2018-02-09,484.82222337737596
2018-02-12,495.53729782691516
2018-02-13,498.10295897267287
2018-02-14,508.3300845751675
2018-02-15,517.4488163351643
2018-02-16,514.735883703543
2018-02-20,517.2157586659931
2018-02-21,517.593176116512
2018-02-22,518.9556104173467
2018-02-23,529.1558119587993
2018-02-26,537.6828827568071
2018-02-27,532.4065386860024
2018-02-28,529.0954188698398
2018-03-01,519.6206792990312
2018-03-02,523.2266297349614
2018-03-05,528.7503709873483
2018-03-06,530.2228150992064
2018-03-07,533.0925652144919
2018-03-08,536.0983649432245
2018-03-09,547.37143544303
2018-03-12,550.0683186095375
2018-03-13,542.5012999725416
2018-03-14,542.7157254564299
2018-03-15,541.8706801265297
2018-03-16,540.3680761749862
2018-03-19,527.1418716818963
2018-03-20,528.1935749106968
2018-03-21,524.0358213764451
2018-03-22,511.1774872982983
2018-03-23,496.9439426727234
2018-03-26,518.7078615182104
2018-03-27,499.05977426496594
2018-03-28,492.9589484347065
2018-03-29,503.70241768648526
2018-04-02,489.72547348943783
2018-04-03,494.91164999522715
2018-04-04,502.19825922021494
2018-04-05,507.64621922244925
2018-04-06,495.32817890201494
2018-04-09,498.91435493254147
2018-04-10,510.72549313789415
2018-04-11,507.77883602966716
2018-04-12,513.4324460007061
2018-04-13,511.886272771981
2018-04-16,515.8504334754243
2018-04-17,528.7070400162742
2018-04-18,529.0306383876493
2018-04-19,527.3198820342643
2018-04-20,516.3041188262382
2018-04-23,514.8853001899023
2018-04-24,500.77741074954423
2018-04-25,500.5365051430691
2018-04-26,514.6084506607666
2018-04-27,516.374076105825
2018-04-30,513.5271959188541
2018-05-01,522.8529251770747
2018-05-02,525.6512011888766
2018-05-03,525.8315879895968
2018-05-04,536.7348635331558
2018-05-07,541.5720347676754
2018-05-08,541.8975759938724
2018-05-09,549.60643995329
2018-05-10,555.8086192765563
2018-05-11,554.3466421162547
2018-05-14,554.5005853634345
2018-05-15,547.4739430869556
2018-05-16,549.4731171088625
2018-05-17,547.1940473509071
2018-05-18,544.0937823937978
2018-05-21,549.5711287387744
2018-05-22,547.8190813471552
2018-05-23,553.7717919339951
2018-05-24,552.5997522690633
2018-05-25,553.2217843652523
2018-05-29,551.2477481214534
2018-05-30,554.3097439316255
2018-05-31,556.9864757522968
2018-06-01,567.6806924928857
2018-06-04,572.5716486423404
2018-06-05,575.710598097971
2018-06-06,575.9471802763414
2018-06-07,570.3704242877549
2018-06-08,569.0287477777257
2018-06-11,569.6978908886867
2018-06-12,572.6579542207104
2018-06-13,570.9582350268948
2018-06-14,576.2136816689045
2018-06-15,572.1280824467073
2018-06-18,575.0784100469024
2018-06-19,572.2211096205776
2018-06-20,577.1645312083286
2018-06-21,572.2174263883281
2018-06-22,570.3486860796492
2018-06-25,557.0653501050093
2018-06-26,560.9867446585746
2018-06-27,554.2786544344773
2018-06-28,560.2146453683584
2018-06-29,559.5207561835782
2018-07-02,566.0756068265612
2018-07-03,556.7618402014282
2018-07-05,564.1151475672128
2018-07-06,571.8813897709092
2018-07-09,578.432180639972
2018-07-10,578.4290132862818
2018-07-11,576.1720836972383
2018-07-12,588.5322651494669
2018-07-13,591.4852116867432
2018-07-16,590.3755748376233
2018-07-17,595.4382332185534
2018-07-18,593.2270571633035
2018-07-19,590.6631407618015
2018-07-20,592.8304119582565
2018-07-23,596.2981905445398
2018-07-24,604.0818010975103
2018-07-25,613.532650250228
2018-07-26,594.0189318601666
2018-07-27,583.4884456611813
2018-07-30,574.7836717791963
2018-07-31,576.3204117099798
2018-08-01,587.5773318778514
2018-08-02,598.7623016512513
2018-08-03,599.5042717759529
2018-08-06,604.5825814509101
2018-08-07,605.7411703379103
2018-08-08,608.9042472097952
2018-08-09,610.7908955588157
2018-08-10,605.3146527307832
2018-08-13,605.5460538141186
2018-08-14,609.9133226101478
2018-08-15,602.8096976246447
2018-08-16,602.8999270751957
2018-08-17,605.1851504544773
2018-08-20,602.0861536199188
2018-08-21,601.474582661585
2018-08-22,604.2591297257703
2018-08-23,604.594365233992
2018-08-24,608.6747314727619
2018-08-27,616.019660165763
2018-08-28,617.2012871794531
2018-08-29,627.1050409774505
2018-08-30,628.358974315823
2018-08-31,628.9386214388256
2018-09-04,626.5003146391479
2018-09-05,616.7763149910473
2018-09-06,608.4259701798438
2018-09-07,605.067848543446
2018-09-10,603.2452281735528
2018-09-11,613.5028306856561
2018-09-12,608.8559350292217
2018-09-13,615.8391460980225
2018-09-14,613.0671152462718
2018-09-17,601.0066463884503
2018-09-18,605.1669167729251
2018-09-19,604.7430321357283
2018-09-20,612.3626134084203
2018-09-21,606.0967221692817
2018-09-24,611.9858761163337
2018-09-25,616.1272950613567
2018-09-26,614.7174137807958
2018-09-27,622.9157033426654
2018-09-28,621.4812848060452
2018-10-01,623.666446161541
2018-10-02,622.1250199122844
2018-10-03,624.9482937591065
2018-10-04,611.669985808701
2018-10-05,605.1775112781352
2018-10-08,600.6335341303787
2018-10-09,604.2810525244379
2018-10-10,574.042823593301
2018-10-11,569.7588436955612
2018-10-12,587.7664168287681
2018-10-15,577.8176656141935
2018-10-16,594.0888836896585
2018-10-17,593.4689647435623
2018-10-18,578.8802510167388
2018-10-19,581.6888178176956
2018-10-22,586.2740386018739
2018-10-23,585.1046118532644
2018-10-24,557.8418660542674
2018-10-25,581.5443268125372
2018-10-26,564.557371408055
2018-10-29,546.0737818567393
2018-10-30,549.7939141295349
2018-10-31,567.963554158191
2018-11-01,572.9417849260948
2018-11-02,559.2537393724363
2018-11-05,552.0501318377221
2018-11-06,556.9969359295512
2018-11-07,578.0657780883067
2018-11-08,574.4933845085023
2018-11-09,562.9715756796645
2018-11-12,542.5725830321547
2018-11-13,540.4491025262103
2018-11-14,533.0271828992528
2018-11-15,543.520566918345
2018-11-16,542.5481242988648
2018-11-19,520.5792166568789
2018-11-20,509.28753860103285
2018-11-21,514.0904886184553
2018-11-23,506.7882669796143
2018-11-26,521.6163258295613
2018-11-27,521.4062848827427
2018-11-28,541.7738846432851
2018-11-29,540.4570934555992
2018-11-30,543.3558031945962
2018-12-03,556.2808534076956
2018-12-04,532.7306234097264
2018-12-06,536.4355492739408
2018-12-07,517.7957056008671
2018-12-10,524.6135096835158
2018-12-11,526.0909048452152
2018-12-12,530.42755208534
2018-12-13,532.1567919397093
2018-12-14,516.9744524370817
2018-12-17,503.4608074919575
2018-12-18,510.7555590205964
2018-12-19,497.4371833557083
2018-12-20,488.36604337922836
2018-12-21,468.4930735315534
2018-12-24,457.4244931313421
2018-12-26,490.7697596365366
2018-12-27,490.92775263214907
2018-12-28,489.89022978490607
2018-12-31,493.17117533287035
2019-01-02,497.257027822419
2019-01-03,472.809792079827
2019-01-04,495.20299865868634
2019-01-07,498.1140291182885
2019-01-08,505.404418667939
2019-01-09,509.4591277547647
2019-01-10,508.57912081622237
2019-01-11,504.40489138779196
2019-01-14,499.6814784071601
2019-01-15,513.4479954704882
2019-01-16,515.6345576544319
2019-01-17,518.9886619807056
2019-01-18,523.5860094521315
2019-01-22,511.34734469805727
2019-01-23,513.1224239004789
2019-01-24,512.9821160690241
2019-01-25,522.1363038019024
2019-01-28,514.1508881767238
2019-01-29,506.15767723678243
2019-01-30,528.1243245616507
2019-01-31,538.6554171991127
2019-02-01,530.9187956213503
2019-02-04,541.6830795725457
2019-02-05,548.8030413687521
2019-02-06,543.7586984914295
2019-02-07,535.2287183193816
2019-02-08,534.1280451769437
2019-02-11,532.7132599199036
2019-02-12,540.541872409833
2019-02-13,539.3416660335383
2019-02-14,539.650548002621
2019-02-15,539.2999009133785
2019-02-19,541.3556182386947
2019-02-20,540.4808487958815
2019-02-21,539.3469499144131
2019-02-22,545.5782926079681
2019-02-25,548.8177725348095
2019-02-26,550.4642992088199
2019-02-27,550.8385911992848
2019-02-28,549.1649806590252
2019-03-01,554.96541369106
2019-03-04,559.0173187249743
2019-03-05,560.8427041388401
2019-03-06,559.0988949957444
2019-03-07,550.7932145938302
2019-03-08,550.9106694132388
2019-03-11,565.4089161833979
2019-03-12,569.7345157066709
2019-03-13,573.2328219304987
2019-03-14,572.9960345987292
2019-03-15,576.4253431541969
2019-03-18,579.485466811237
2019-03-19,581.19337799151
2019-03-20,588.2042934817755
2019-03-21,599.5474478138345
2019-03-22,585.6201592751976
2019-03-25,584.6254366650254
2019-03-26,583.9840656155322
2019-03-27,581.3516407809088
2019-03-28,581.8629895774095
2019-03-29,585.5432609166975
2019-04-01,593.0972142445034
2019-04-02,598.0320943933145
2019-04-03,600.8328604499299
2019-04-04,601.6303725411595
2019-04-05,603.830961264886
2019-04-08,606.9804167362262
2019-04-09,604.9878892963039
2019-04-10,608.460519272467
2019-04-11,606.9854336318474
2019-04-12,609.4880804291012
2019-04-15,610.6430113548483
2019-04-16,612.1273168531332
2019-04-17,616.8188302973331
2019-04-18,618.7482621583908
2019-04-22,623.524551184027
2019-04-23,632.5551905777497
2019-04-24,629.2319481281879
2019-04-25,635.5395460674063
2019-04-26,638.8458100727868
2019-04-29,640.7456380108838
2019-04-30,628.624113795766
2019-05-01,630.7948600794793
2019-05-02,626.1845019453566
2019-05-03,638.2629594694168
2019-05-06,633.5707034882404
2019-05-07,620.9378582036757
2019-05-08,620.0012855446339
2019-05-09,616.0190493908971
2019-05-10,614.2285640060096
2019-05-13,590.1102959749118
2019-05-14,594.3489448083517
2019-05-15,605.4988730013674
2019-05-16,613.7480084843362
2019-05-17,607.599299411859
2019-05-20,597.0978672643588
2019-05-21,602.4339634061528
2019-05-22,599.9852195080241
2019-05-23,589.5871110235487
2019-05-24,589.196508166052
2019-05-28,590.2781354205263
2019-05-29,584.4535922859097
2019-05-30,586.4188796204274
2019-05-31,574.8703536965887
2019-06-03,553.6482042036566
2019-06-04,568.1397507701706
2019-06-05,574.077263004089
2019-06-06,579.8898517110094
2019-06-07,594.9535064587577
2019-06-10,604.1439309827965
2019-06-11,607.025371523399
2019-06-12,603.450556004321
2019-06-13,607.2570489887437
2019-06-14,606.2321302702811
2019-06-17,612.1941487760379
2019-06-18,620.5345317863349
2019-06-19,620.7502252331163
2019-06-20,626.1476340522274
2019-06-21,626.3538315842525
2019-06-24,627.1065960079877
2019-06-25,613.4317125279567
2019-06-26,618.1558303232654
2019-06-27,618.5487315091467
2019-06-28,617.1009651040955
2019-07-01,625.3041856410713
2019-07-02,630.4016676282941
2019-07-03,634.9717454438953
2019-07-05,635.3535930093527
2019-07-08,630.6873003654563
2019-07-09,635.6278315012466
2019-07-10,643.6796141522005
2019-07-11,641.757835157874
2019-07-12,645.8647102920496
2019-07-15,648.354994138386
2019-07-16,645.1553770889695
2019-07-17,640.6421595432716
2019-07-18,641.6935736187572
2019-07-19,636.0559379553231
2019-07-22,645.3301874317302
2019-07-23,648.8752759175668
2019-07-24,650.3567579507134
2019-07-25,644.5195009391601
2019-07-26,653.3996516542836
2019-07-29,650.8934273087792
2019-07-30,647.3707282686762
2019-07-31,642.2661318530614
2019-08-01,638.343655026231
2019-08-02,627.540568769324
2019-08-05,602.9551522931764
2019-08-06,613.1149002368551
2019-08-07,616.2106438189787
2019-08-08,630.9180636222839
2019-08-09,623.3179541505474
2019-08-12,616.8866530313211
2019-08-13,633.0754755333925
2019-08-14,612.1643923773189
2019-08-15,610.6860517685607
2019-08-16,619.8572176772036
2019-08-19,630.4552696121823
2019-08-20,625.798710034157
2019-08-21,631.8964039392611
2019-08-22,628.489745066996
2019-08-23,606.5696817764173
2019-08-26,615.7852188473884
2019-08-27,613.7080860368783
2019-08-28,615.2851946924233
2019-08-29,625.5381124631102
2019-08-30,623.7380515100791
2019-09-03,617.4272214616858
2019-09-04,625.7490630685544
2019-09-05,638.7764548262852
2019-09-06,635.9292959698954
2019-09-09,635.1402536624885
2019-09-10,634.6519280709506
2019-09-11,642.9783670535415
2019-09-12,646.2717262287209
2019-09-13,642.6002508921865
2019-09-16,639.2622342886244
2019-09-17,642.1343206301369
2019-09-18,644.843483767526
2019-09-19,647.2592192386793
2019-09-20,640.442342306299
2019-09-23,639.6085967257354
2019-09-24,630.6097092102196
2019-09-25,640.3715141460531
2019-09-26,635.894710037577
2019-09-27,629.8441245213326
2019-09-30,636.3228883931655
2019-10-01,631.9342509525161
2019-10-02,619.7984053837334
2019-10-03,626.5358779788713
2019-10-04,636.9902803273561
2019-10-07,635.2708465440625
2019-10-08,626.7186381892991
2019-10-09,634.643685551739
2019-10-10,638.130233890486
2019-10-11,646.7166191093461
2019-10-14,646.1956061563752
2019-10-15,654.0633252901251
2019-10-16,653.3535261061185
2019-10-17,655.3221350882588
2019-10-18,649.5422257641317
2019-10-21,657.6192505771921
2019-10-22,651.1461554463166
2019-10-23,656.7340054545718
2019-10-24,660.9252373227737
2019-10-25,663.9721347046504
2019-10-28,673.3269526230167
2019-10-29,663.8418736865806
2019-10-30,666.6121561607315
2019-10-31,670.6110990679985
2019-11-01,679.3427370984245
2019-11-04,684.5962641472418
2019-11-05,684.1286371765091
2019-11-06,682.7856847014472
2019-11-07,685.3866428862439
2019-11-08,688.0750452622842
2019-11-11,687.1236562734343
2019-11-12,689.9826131146338
2019-11-13,690.0969930992416
2019-11-14,688.4729334296067
2019-11-15,694.6346587123326
2019-11-18,696.6247221281523
2019-11-19,696.3001174563516
2019-11-20,690.6618815839299
2019-11-21,688.6267150144199
2019-11-22,689.18934001494
2019-11-25,698.192067154633
2019-11-26,699.5164567116607
2019-11-27,705.0147055868711
2019-11-29,701.4780435680104
2019-12-02,693.4785311061555
2019-12-03,688.7306508324752
2019-12-04,692.0806715258494
2019-12-05,694.0512982620586
2019-12-06,702.4078813629476
2019-12-09,699.4532591484854
2019-12-10,699.605108055923
2019-12-11,703.2719587278444
2019-12-12,705.8324154696202
2019-12-13,708.6230980509566
2019-12-16,716.6545656027939
2019-12-17,717.8682296611063
2019-12-18,717.7629024085568
2019-12-19,722.3148806468688
2019-12-20,722.400871778413
2019-12-23,726.6541260934616
2019-12-24,725.6201976893942
2019-12-26,739.1695858594234
2019-12-27,738.3309919711555
2019-12-30,732.9206566790594
2019-12-31,735.4811892249802
2020-01-02,751.8787125359482
2020-01-03,744.373287103631
2020-01-06,753.1541057653286
2020-01-07,751.5632436509959
2020-01-08,758.1198354848293
2020-01-09,768.2001881392232
2020-01-10,767.7009427262142
2020-01-13,778.6129703845332
2020-01-14,770.1973810195475
2020-01-15,770.9163541712747
2020-01-16,779.7799148086381
2020-01-17,785.0641008674054
2020-01-21,784.7415429361456
2020-01-22,784.9324974239585
2020-01-23,786.9485428327893
2020-01-24,780.0872622821158
2020-01-27,762.1915639258531
2020-01-28,777.5363628382069
2020-01-29,786.9314059153633
2020-01-30,787.7227596514133
2020-01-31,778.7862114377048
2020-02-03,788.340690165529
2020-02-04,804.2012816199942
2020-02-05,805.9836908428274
2020-02-06,816.7647360920009
2020-02-07,815.7676723977244
2020-02-10,830.9610791962314
2020-02-11,825.6799402500206
2020-02-12,834.8067666625582
2020-02-13,831.4484260623101
2020-02-14,836.8534111950536
2020-02-18,838.7054695590098
2020-02-19,847.1900779604932
2020-02-20,837.8160789832709
2020-02-21,815.2406151893026
2020-02-24,777.6582459239833
2020-02-25,758.5023780434668
2020-02-26,765.9897590514431
2020-02-27,721.2151934407483
2020-02-28,731.536641471445
2020-03-02,772.2334410728939
2020-03-03,743.9626608121699
2020-03-04,774.0478065634188
2020-03-05,748.5107517850362
2020-03-06,734.7379419082863
2020-03-09,685.0279619860839
2020-03-10,727.1145017557272
2020-03-11,696.1669948690618
2020-03-12,631.5841273689003
2020-03-13,699.842400687082
2020-03-16,614.6011390615989
2020-03-17,650.9899458377348
2020-03-18,635.9630877852127
2020-03-19,646.570979152487
2020-03-20,621.2804266379369
2020-03-23,620.1325735172884
2020-03-24,663.3623136026845
2020-03-25,651.2072006042112
2020-03-26,685.6081328908335
2020-03-27,658.4983641078361
2020-03-30,688.2409044389356
2020-03-31,684.8639654866652
2020-04-01,658.0346590874593
2020-04-02,667.3739490861601
2020-04-03,658.9897597053919
2020-04-06,706.5190885656124
2020-04-07,705.0396542765923
2020-04-08,717.7427449055851
2020-04-09,717.9004335157439
2020-04-13,732.9704495477877
2020-04-14,766.851475921508
2020-04-15,763.0108199255214
2020-04-16,779.3975920334015
2020-04-17,779.019632029346
2020-04-20,770.4955869296941
2020-04-21,742.9290217658908
2020-04-22,767.6988971687915
2020-04-23,769.304830387542
2020-04-24,780.3182497722854
2020-04-27,775.9025965019439
2020-04-28,757.5249421885738
2020-04-29,792.7671159807835
2020-04-30,809.3101623136081
2020-05-01,780.6069018850791
2020-05-04,792.009504812603
2020-05-05,800.3725082465519
2020-05-06,807.1947624247564
2020-05-07,814.7819198771856
2020-05-08,822.7573099241383
2020-05-11,832.4501789950883
2020-05-12,816.4264732033394
2020-05-13,807.435731577296
2020-05-14,813.3614015281012
2020-05-15,819.385034166224
2020-05-18,829.7739086570041
2020-05-19,829.6522734268962
2020-05-20,848.9510193374748
2020-05-21,840.2698381660031
2020-05-22,842.7274276914588
2020-05-26,838.0547862650596
2020-05-27,838.036754697075
2020-05-28,834.1846661548759
2020-05-29,841.6020258092934
2020-06-01,847.2921872862131
2020-06-02,851.731081610812
2020-06-03,852.4442073302921
2020-06-04,843.7860967354995
2020-06-05,860.4972725829429
2020-06-08,866.7654910801814
2020-06-09,883.0796442573959
2020-06-10,900.7002482062504
2020-06-11,858.9868380548306
2020-06-12,863.2406100126217
2020-06-15,871.714026426442
2020-06-16,889.0315429074045
2020-06-17,892.3737773054173
2020-06-18,893.9993685584119
2020-06-19,893.236407324122
2020-06-22,910.2665205906466
2020-06-23,922.3289176688103
2020-06-24,905.230801831218
2020-06-25,913.3785051256878
2020-06-26,882.4171070187327
2020-06-29,893.7667455823655
2020-06-30,912.72944285907
2020-07-01,928.7299226781845
2020-07-02,932.8868122561103
2020-07-06,962.4898958024426
2020-07-07,952.814655408085
2020-07-08,971.7107580205703
2020-07-09,984.2380185091057
2020-07-10,988.7705714298714
2020-07-13,967.0099482375672
2020-07-14,971.7124135769482
2020-07-15,966.3870182789573
2020-07-16,958.7932541076162
2020-07-17,955.0179593369292
2020-07-20,995.1930266998974
2020-07-21,982.0134359602226
2020-07-22,983.7082597397019
2020-07-23,946.4721126122301
2020-07-24,937.7389752403585
2020-07-27,951.2877468039081
2020-07-28,937.3158008182088
2020-07-29,948.5173446840573
2020-07-30,953.8319985743793
2020-07-31,987.8871212078221
2020-08-03,1002.3325919299097
2020-08-04,1001.0991036452289
2020-08-05,1006.9000472573834
2020-08-06,1029.1055071413616
2020-08-07,1014.2241310357806
2020-08-10,1010.309365310645
2020-08-11,987.2627582794261
2020-08-12,1012.9728139211107
2020-08-13,1017.8427193864513
2020-08-14,1015.9644978502486
2020-08-17,1020.5901501400587
2020-08-18,1038.1621495496615
2020-08-19,1031.2141229014612
2020-08-20,1051.5888500961062
2020-08-21,1061.5463173991607
2020-08-24,1069.688763364746
2020-08-25,1080.0473315537504
2020-08-26,1109.1545755763846
2020-08-27,1104.0640397571303
2020-08-28,1108.977326821215
2020-08-31,1115.8217127111177
2020-09-01,1134.6886805039237
2020-09-02,1148.243980972536
2020-09-03,1083.0642678191107
2020-09-04,1065.1795964153823
2020-09-08,1012.9509313248877
2020-09-09,1045.4910576669279
2020-09-10,1018.6036035191574
2020-09-11,1008.1905358802932
2020-09-14,1014.6436598697753
2020-09-15,1028.6658815105347
2020-09-16,1006.4942614034751
2020-09-17,989.2765602686458
2020-09-18,970.437622226328
2020-09-21,975.2092816539603
2020-09-22,1003.9373363100705
2020-09-23,966.8984829360722
2020-09-24,976.0679562770285
2020-09-25,1001.4975601146305
2020-09-28,1018.756543362186
2020-09-29,1014.9430643608981
2020-09-30,1023.5487173869102
2020-10-01,1037.944031666644
2020-10-02,1007.5541969030486
2020-10-05,1032.1663157836665
2020-10-06,1006.8907191456053
2020-10-07,1024.5947908461421
2020-10-08,1028.6900479518263
2020-10-09,1049.4720054673721
2020-10-12,1095.4617895614685
2020-10-13,1090.3145457531841
2020-10-14,1079.4490348763445
2020-10-15,1072.0315448071622
2020-10-16,1063.4085076302924
2020-10-19,1039.0040642394422
2020-10-20,1048.3439740748058
2020-10-21,1051.4507456482615
2020-10-22,1049.671234294332
2020-10-23,1057.391622344866
2020-10-26,1041.7740391363934
2020-10-27,1059.4838229665822
2020-10-28,1009.249628892524
2020-10-29,1035.1205483163185
2020-10-30,1001.8797525809364
2020-11-02,999.1718526284546
2020-11-03,1016.0471578608414
2020-11-04,1072.4969760059864
2020-11-05,1101.0520288115238
2020-11-06,1100.6225607015422
2020-11-09,1067.9318572193222
2020-11-10,1042.8744762138833
2020-11-11,1069.766864100844
2020-11-12,1065.0267186676801
2020-11-13,1070.6532382562257
2020-11-16,1075.6885148773763
2020-11-17,1068.096836267803
2020-11-18,1055.674310696793
2020-11-19,1061.5272129443947
2020-11-20,1050.5274870019625
2020-11-23,1041.301664718256
2020-11-24,1055.740643889065
2020-11-25,1063.6301854255867
2020-11-27,1070.2311386358522
2020-11-30,1069.284978757658
2020-12-01,1091.0662496077339
2020-12-02,1093.311742140957
2020-12-03,1087.7354767645818
2020-12-04,1084.3502742655435
2020-12-07,1088.7027242517386
2020-12-08,1091.6779743781603
2020-12-09,1068.7369199195273
2020-12-10,1069.2907859175425
2020-12-11,1071.2769346430985
2020-12-14,1073.2464680118003
2020-12-15,1088.873616335243
2020-12-16,1099.80761721781
2020-12-17,1099.9581345572722
2020-12-18,1090.639568676079
2020-12-21,1098.7768159682607
2020-12-22,1105.44014502649
2020-12-23,1099.1047248639234
2020-12-24,1102.574573779574
2020-12-28,1129.7178055500185
2020-12-29,1125.700130063914
2020-12-30,1114.3110340228168
2020-12-31,1114.51864159951
2021-01-04,1091.256586879639
2021-01-05,1099.1915414875243
2021-01-06,1073.4627747736513
2021-01-07,1099.0893603561544
2021-01-08,1108.7703220949873
2021-01-11,1086.6159550589955
2021-01-12,1078.789155690802
2021-01-13,1090.839155689409
2021-01-14,1075.780558274352
2021-01-15,1069.9604175781308
2021-01-19,1086.8963815004213
2021-01-20,1124.9042563140104
2021-01-21,1142.1774052953283
2021-01-22,1148.2831874200722
2021-01-25,1160.4387052195136
2021-01-26,1168.6497380967885
2021-01-27,1143.9912111477574
2021-01-28,1146.736098606625
2021-01-29,1118.9228396326594
2021-02-01,1151.516515002408
2021-02-02,1162.8523144056014
2021-02-03,1172.4619826682567
2021-02-04,1184.7217044628271
2021-02-05,1188.4936983109892
2021-02-08,1189.8068405333875
2021-02-09,1189.4242727773035
2021-02-10,1187.4280020884592
2021-02-11,1187.4252013677235
2021-02-12,1193.5176985297014
2021-02-16,1190.8445951477859
2021-02-17,1188.4447502519129
2021-02-18,1182.7222047310213
2021-02-19,1168.750317249831
2021-02-22,1142.4630187612356
2021-02-23,1143.0402197319609
2021-02-24,1142.8148811576648
2021-02-25,1106.9269000160327
2021-02-26,1117.10004572875
2021-03-01,1151.1100338107026
2021-03-02,1134.9076623749118
2021-03-03,1105.400716213675
2021-03-04,1097.7669654455076
2021-03-05,1116.3966990221354
2021-03-08,1084.22091357877
2021-03-09,1118.9474806462729
2021-03-10,1116.388270995969
2021-03-11,1140.74953657889
2021-03-12,1128.3303914818125
2021-03-15,1135.3419972141282
2021-03-16,1147.1460775050653
2021-03-17,1149.3564310786142
2021-03-18,1113.8965114041023
2021-03-19,1120.3970662392467
2021-03-22,1138.7042007337013
2021-03-23,1139.2600828129548
2021-03-24,1119.3898641298488
2021-03-25,1113.3043274610766
2021-03-26,1119.771280082274
2021-03-29,1124.9739243470979
2021-03-30,1117.570469129737
2021-03-31,1138.138648879328
2021-04-01,1160.6764701435268
2021-04-05,1193.2202847767344
2021-04-06,1190.442322256214
2021-04-07,1204.5375991934775
2021-04-08,1217.8683168758766
2021-04-09,1232.9120604996856
2021-04-12,1233.3792464453002
2021-04-13,1252.4692043490172
2021-04-14,1231.153028680983
2021-04-15,1254.1273311530215
2021-04-16,1254.52569918047
2021-04-19,1245.917360656501
2021-04-20,1237.7313779022088
2021-04-21,1245.7633995907834
2021-04-22,1226.3210314151588
2021-04-23,1246.4204872311914
2021-04-26,1256.1724903940692
2021-04-27,1251.6295569614938
2021-04-28,1250.863714852957
2021-04-29,1259.50378280802
2021-04-30,1251.8780402568013
2021-05-03,1242.822445761077
2021-05-04,1214.9139305574706
2021-05-05,1210.5576613575633
2021-05-06,1223.4885476227332
2021-05-07,1229.4788373976098
2021-05-10,1193.179939169839
2021-05-11,1189.7504677609356
2021-05-12,1157.7785725151195
2021-05-13,1168.3719231011248
2021-05-14,1196.1375714017001
2021-05-17,1192.9999089944256
2021-05-18,1180.5082287296093
2021-05-19,1181.0067623254072
2021-05-20,1201.307342055714
2021-05-21,1192.1744314852456
2021-05-24,1218.4076336104604
2021-05-25,1221.3189097193517
2021-05-26,1224.6764789294512
2021-05-27,1216.229972643863
2021-05-28,1216.668384867716
2021-06-01,1215.1560476725658
2021-06-02,1217.9546091316201
2021-06-03,1204.8842880024717
2021-06-04,1227.4088072605023
2021-06-07,1233.870915546916
2021-06-08,1237.8213148413233
2021-06-09,1239.5944867493838
2021-06-10,1250.8384798639056
2021-06-11,1254.9898584293612
2021-06-14,1271.4257918958137
2021-06-15,1264.048845656591
2021-06-16,1264.2821827982193
2021-06-17,1285.5344738284568
2021-06-18,1277.058155994604
2021-06-21,1283.6668311360581
2021-06-22,1300.4600450880791
2021-06-23,1300.1380886771897
2021-06-24,1299.980787210149
2021-06-25,1292.4645084676642
2021-06-28,1313.626137119579
2021-06-29,1318.245643542675
2021-06-30,1315.6449299264466
2021-07-01,1320.9711072221965
2021-07-02,1345.4088359585355
2021-07-06,1364.4387256654798
2021-07-07,1372.7045461260873
2021-07-08,1363.8577544529833
2021-07-09,1370.4830015823939
2021-07-12,1373.3738694291117
2021-07-13,1376.0078061474906
2021-07-14,1383.7956189343115
2021-07-15,1369.6012022452294
2021-07-16,1355.8233708493256
2021-07-19,1338.8413205512397
2021-07-20,1355.2372676370896
2021-07-21,1365.0221439622749
2021-07-22,1382.0128528433386
2021-07-23,1405.0700064987286
2021-07-26,1410.106841076685
2021-07-27,1390.8166030475968
2021-07-28,1394.0728598672397
2021-07-29,1388.7789467982436
2021-07-30,1363.330758812547
2021-08-02,1363.0057613717481
2021-08-03,1373.046460726858
2021-08-04,1375.5677345837876
2021-08-05,1386.1692201545661
2021-08-06,1380.2444970150445
2021-08-09,1379.289741149887
2021-08-10,1371.976191430498
2021-08-11,1368.8771638354096
2021-08-12,1383.1306190047765
2021-08-13,1388.3739233463668
2021-08-16,1395.6199161156594
2021-08-17,1379.4519873542476
2021-08-18,1360.3911136397137
2021-08-19,1371.5948613538942
2021-08-20,1393.845482692121
2021-08-23,1414.8728791418578
2021-08-24,1417.7148884776802
2021-08-25,1418.263705154875
2021-08-26,1410.9912071189199
2021-08-27,1426.798671990419
2021-08-30,1451.2710980820398
2021-08-31,1449.0397763702033
2021-09-01,1453.2373427295015
2021-09-02,1448.0433859951293
2021-09-03,1454.0592161033264
2021-09-07,1462.5442154637537
2021-09-08,1456.7204074294973
2021-09-09,1447.2073436349942
2021-09-10,1430.5400229117067
2021-09-13,1430.8452467744817
2021-09-14,1430.5906713761376
2021-09-15,1443.7611592521366
2021-09-16,1443.0228787043973
2021-09-17,1419.6292380614636
2021-09-20,1386.7287364681188
2021-09-21,1390.2913334411346
2021-09-22,1403.789112046438
2021-09-23,1414.9020463240695
2021-09-24,1419.3886956474298
2021-09-27,1406.960552012436
2021-09-28,1362.466927684449
2021-09-29,1360.2856688732948
2021-09-30,1352.895570884926
2021-10-01,1369.1117177798174
2021-10-04,1333.4359095370926
2021-10-05,1355.685734461414
2021-10-06,1369.1028230433978
2021-10-07,1380.851229418281
2021-10-08,1378.520077057187
2021-10-11,1371.105894664032
2021-10-12,1363.7135330197714
2021-10-13,1372.7750198919946
2021-10-14,1398.6869598466499
2021-10-15,1412.4679778935065
2021-10-18,1432.3051054219322
2021-10-19,1440.33715441668
2021-10-20,1435.4825153326824
2021-10-21,1447.1916345263544
2021-10-22,1424.9491797693963
2021-10-25,1436.6239775087247
2021-10-26,1449.2405943891206
2021-10-27,1473.575497737834
2021-10-28,1493.7965273567027
2021-10-29,1502.3882461767894
2021-11-01,1498.7619460596547
2021-11-02,1506.8110975158809
2021-11-03,1523.8488435146207
2021-11-04,1554.0907647635931
2021-11-05,1559.3425591328287
2021-11-08,1555.633321142712
2021-11-09,1547.24410727107
2021-11-10,1519.3115047614897
2021-11-11,1524.4961706507272
2021-11-12,1544.1294522032056
2021-11-15,1543.3121646353343
2021-11-16,1550.9059091307297
2021-11-17,1554.1254548085547
2021-11-18,1591.4697464690694
2021-11-19,1608.800191578232
2021-11-22,1589.2235440300797
2021-11-23,1580.9983031644022
2021-11-24,1589.261875295764
2021-11-26,1545.9084287569283
2021-11-29,1586.2580190706587
2021-11-30,1573.048113999884
2021-12-01,1549.7494220098656
2021-12-02,1552.3418017614788
2021-12-03,1521.454265559647
2021-12-06,1537.031558045264
2021-12-07,1590.1967180543834
2021-12-08,1601.1212099344439
2021-12-09,1581.3570081220387
2021-12-10,1599.187699386519
2021-12-13,1567.5743173639128
2021-12-14,1549.193065075553
2021-12-15,1591.6953992410595
2021-12-16,1539.041348722224
2021-12-17,1530.436220930409
2021-12-20,1512.366358370947
2021-12-21,1546.656946160721
2021-12-22,1565.3057257211367
2021-12-23,1572.1429489304196
2021-12-27,1600.3062909610085
2021-12-28,1592.442416287614
2021-12-29,1588.2121362193714
2021-12-30,1579.3415168807405
2021-12-31,1565.2778423425816
2022-01-03,1584.2603861550547
2022-01-04,1562.0644060540205
2022-01-05,1507.14400405878
2022-01-06,1502.2540692876103
2022-01-07,1495.4395532210133
2022-01-10,1496.2925365936399
2022-01-11,1516.3932792092617
2022-01-12,1524.2359295948406
2022-01-13,1480.9370127002924
2022-01-14,1495.6562828613885
2022-01-18,1458.1278568432126
2022-01-19,1441.6391462825386
2022-01-20,1419.2138424263158
2022-01-21,1379.5103228735343
2022-01-24,1383.844093168591
2022-01-25,1348.095098825782
2022-01-26,1359.7103833696572
2022-01-27,1358.3273150859538
2022-01-28,1413.683372788814
2022-01-31,1452.9118593699018
2022-02-01,1459.7738916216279
2022-02-02,1489.5109549631247
2022-02-03,1401.2651363531515
2022-02-04,1439.612503928392
2022-02-07,1423.9115955081631
2022-02-08,1441.2891548295675
2022-02-09,1468.6292744972245
2022-02-10,1434.9587841375544
2022-02-11,1388.4917002818768
2022-02-14,1395.2549304700576
2022-02-15,1427.6595676648137
2022-02-16,1428.994067865593
2022-02-17,1382.2272360991356
2022-02-18,1363.464998963258
2022-02-22,1348.4432736444696
2022-02-23,1312.2337213829992
2022-02-24,1364.8042758690121
2022-02-25,1382.8405499115345
2022-02-28,1387.066343274375
2022-03-01,1364.5019487797276
2022-03-02,1386.155259573633
2022-03-03,1367.805089943919
2022-03-04,1341.8897334390574
2022-03-07,1283.9626354224247
2022-03-08,1278.3718794635017
2022-03-09,1332.52547517864
2022-03-10,1326.188718901042
2022-03-11,1298.9688812690488
2022-03-14,1269.4721343973888
2022-03-15,1316.2707207437197
2022-03-16,1364.1402484321113
2022-03-17,1378.6369128592146
2022-03-18,1415.4410107807014
2022-03-21,1415.8086619071432
2022-03-22,1442.0469679189139
2022-03-23,1428.7187096773666
2022-03-24,1463.3024996382555
2022-03-25,1465.0014150098518
2022-03-28,1485.0281757909847
2022-03-29,1504.553218786301
2022-03-30,1488.296785606472
2022-03-31,1460.4025255599931
2022-04-01,1461.8618751443698
2022-04-04,1496.973617141895
2022-04-05,1465.276247383229
2022-04-06,1418.842357469297
2022-04-07,1417.2916389001452
2022-04-08,1392.0427366614294
2022-04-11,1348.3346287485072
2022-04-12,1343.1058609889749
2022-04-13,1370.6447618270033
2022-04-14,1332.528861946813
2022-04-18,1339.1334956331532
2022-04-19,1367.549432347862
2022-04-20,1346.742264496123
2022-04-21,1311.7051608714685
2022-04-22,1273.2205476621018
2022-04-25,1295.143303092695
2022-04-26,1244.0678413053795
2022-04-27,1242.2390979573947
2022-04-28,1302.3970977881231
2022-04-29,1225.3365869964732
2022-05-02,1247.2210079301742
2022-05-03,1249.6037701399002
2022-05-04,1291.913784726237
2022-05-05,1218.2135555193868
2022-05-06,1209.3865506356437
2022-05-09,1160.119586160951
2022-05-10,1177.5872562582963
2022-05-11,1135.414769168786
2022-05-12,1121.5419099045243
2022-05-13,1164.7661403665195
2022-05-16,1153.0931221488113
2022-05-17,1183.7585066996319
2022-05-18,1119.6312765692717
2022-05-19,1109.2579648775275
2022-05-20,1105.5933793833292
2022-05-23,1132.3288807391052
2022-05-24,1099.1226817067723
2022-05-25,1112.1179376710722
2022-05-26,1141.785679521821
2022-05-27,1183.6389265981059
2022-05-31,1190.4497091753872
2022-06-01,1189.6720490642922
2022-06-02,1221.3517429127876
2022-06-03,1185.1893692216286
2022-06-06,1195.850810852449
2022-06-07,1203.88160693909
2022-06-08,1195.989039855044
2022-06-09,1157.6792638200257
2022-06-10,1106.9791653180964
2022-06-13,1054.359608916014
2022-06-14,1057.5453772060348
2022-06-15,1091.6120583631402
2022-06-16,1051.0991570511326
2022-06-17,1066.246336770877
2022-06-21,1066.2463367708767
2022-06-22,1063.4591758136407
2022-06-23,1082.9073189914727
2022-06-24,1125.151561330225
2022-06-27,1111.6853305371958
2022-06-28,1069.5867713582459
2022-06-29,1078.2403085559583
2022-06-30,1056.9844724611166
2022-07-01,1065.8150075830908
2022-07-05,1095.1120288805296
2022-07-06,1106.5330772085047
2022-07-07,1131.2488134285854
2022-07-08,1131.2468022246683
2022-07-11,1103.9232872893326
2022-07-12,1087.6615380343976
2022-07-13,1083.665662391295
2022-07-14,1088.8110394423659
2022-07-15,1107.0439956196528
2022-07-18,1096.238884362942
2022-07-19,1133.63595952899
2022-07-20,1155.5354726528644
2022-07-21,1167.9621019327828
2022-07-22,1135.9836041813132
2022-07-25,1126.9011877894716
2022-07-26,1096.2139899844913
2022-07-27,1159.3073320986848
2022-07-28,1169.580533730819
2022-07-29,1209.8819120507887
2022-08-01,1205.2141684409614
2022-08-02,1197.994815148401
2022-08-03,1237.9639678476417
2022-08-04,1246.1482479875685
2022-08-05,1237.6852408653126
2022-08-08,1226.8670593899833
2022-08-09,1220.8812987198419
2022-08-10,1259.5592176699822
2022-08-11,1249.7694255579552
2022-08-12,1277.185488244693
2022-08-15,1282.7097171762719
2022-08-16,1282.2923677596227
2022-08-17,1271.0052310522194
2022-08-18,1272.5042938095185
2022-08-19,1243.694978572961
2022-08-22,1207.1717055078727
2022-08-23,1205.152383472355
2022-08-24,1206.3074292398742
2022-08-25,1231.4785774127856
2022-08-26,1173.9106460082246
2022-08-29,1159.7412004394796
2022-08-30,1147.2774421817703
2022-08-31,1138.1780800336335
2022-09-01,1138.2504706597897
2022-09-02,1122.03326849741
2022-09-06,1110.5552909403236
2022-09-07,1131.1124146084608
2022-09-08,1129.181941013753
2022-09-09,1156.0341172025835
2022-09-12,1176.88620020667
2022-09-13,1100.9933990254838
2022-09-14,1107.5811447064154
2022-09-15,1085.400749195495
2022-09-16,1076.3174493103909
2022-09-19,1087.882515820812
2022-09-20,1081.3230585912772
2022-09-21,1060.6404725255436
2022-09-22,1056.5761522053
2022-09-23,1039.0853848996787
2022-09-26,1037.7630004035457
2022-09-27,1036.4511791849955
2022-09-28,1052.3105008700177
2022-09-29,1018.6375399720536
2022-09-30,998.0523340031325
2022-10-03,1028.1653904506868
2022-10-04,1062.1560023397692
2022-10-05,1062.2133168746684
2022-10-06,1056.334837315088
2022-10-07,1010.6107730660938
2022-10-10,1001.354858609686
2022-10-11,988.3921812587768
2022-10-12,988.2900066328644
2022-10-13,1011.8851687775316
2022-10-14,977.5243201037526
2022-10-17,1018.9753552805721
2022-10-18,1028.2397749797071
2022-10-19,1022.8430465125011
2022-10-20,1022.4264008874771
2022-10-21,1046.0026709704148
2022-10-24,1059.6864428493734
2022-10-25,1080.3370100510042
2022-10-26,1023.8075284190049
2022-10-27,986.5096331310481
2022-10-28,1016.8206519743547
2022-10-31,999.0575754672972
2022-11-01,973.6064907371282
2022-11-02,936.2792528026915
2022-11-03,906.8427436044228
2022-11-04,925.9890216142918
2022-11-07,939.3748380300893
2022-11-08,942.6896459580025
2022-11-09,917.2040422323829
2022-11-10,1004.4198083854345
2022-11-11,1029.3495574963172
2022-11-14,1015.9898501836087
2022-11-15,1028.7250508776012
2022-11-16,1018.1238387875037
2022-11-17,1015.5184993306908
2022-11-18,1012.4555275767488
2022-11-21,998.8912314921283
2022-11-22,1013.8603356368661
2022-11-23,1024.882173072668
2022-11-25,1013.9952751098081
2022-11-28,996.5042888630408
2022-11-29,983.9813064986635
2022-11-30,1039.9492304676776
2022-12-01,1039.7509984461424
2022-12-02,1035.7262039580057
2022-12-05,1019.0964220174252
2022-12-06,990.1688613059644
2022-12-07,982.6555800067861
2022-12-08,995.5565103708427
2022-12-09,988.1296449631513
2022-12-12,1004.8687074574594
2022-12-13,1023.8803953029698
2022-12-14,1015.8501104264615
2022-12-15,975.3340771009431
2022-12-16,965.3123510370282
2022-12-19,944.170399046985
2022-12-20,939.8974090400542
2022-12-21,954.3036393048656
2022-12-22,924.7053090776186
2022-12-23,927.7754495739682
2022-12-27,907.1019500172398
2022-12-28,893.7822234795325
2022-12-29,919.9715712817981
2022-12-30,919.4944090691733
2023-01-03,906.2662212589355
2023-01-04,901.8794920202392
2023-01-05,884.9493682781616
2023-01-06,909.4329065103775
2023-01-09,919.9950253768911
2023-01-10,927.2641641075419
2023-01-11,952.3816273866165
2023-01-12,956.6328105353236
2023-01-13,965.9048056002694
2023-01-17,971.5538090911631
2023-01-18,960.9746536580917
2023-01-19,953.6518579273446
2023-01-20,986.0534009988025
2023-01-23,1007.4473868377174
2023-01-24,1006.0062231286171
2023-01-25,1002.4491457405982
2023-01-26,1028.247758578954
2023-01-27,1047.2768607598807
2023-01-30,1020.6560423743247
2023-01-31,1039.4201536909416
2023-02-01,1062.1325073217008
2023-02-02,1108.8565392151631
2023-02-03,1088.3398359125672
2023-02-06,1079.5456057789008
2023-02-07,1107.5158878298487
2023-02-08,1087.8357405653546
2023-02-09,1076.9646809181809
2023-02-10,1066.7426102151494
2023-02-13,1084.6139837103117
2023-02-14,1095.436029214466
2023-02-15,1103.8390664852714
2023-02-16,1079.3492585692793
2023-02-17,1071.1960040930408
2023-02-21,1042.5264315273826
2023-02-22,1045.2703641493538
2023-02-23,1060.6426034566916
2023-02-24,1040.8651348846777
2023-02-27,1051.129886273768
2023-02-28,1048.0815526142783
2023-03-01,1034.9288218849447
2023-03-02,1041.1669344618163
2023-03-03,1068.0909173848152
2023-03-06,1072.5613551160582
2023-03-07,1059.3453285757269
2023-03-08,1064.5344614229775
2023-03-09,1045.4671597810825
2023-03-10,1031.1846922764894
2023-03-13,1043.4661447813671
2023-03-14,1070.9915789163852
2023-03-15,1081.1256322055146
2023-03-16,1114.5187062993807
2023-03-17,1114.9725560672243
2023-03-20,1114.9454665073658
2023-03-21,1139.4092210580977
2023-03-22,1126.3068777555643
2023-03-23,1139.6343260405654
2023-03-24,1143.5840420964778
2023-03-27,1131.1190287256406
2023-03-28,1122.6503118348367
2023-03-29,1143.8636668609427
2023-03-30,1154.1142426457166
2023-03-31,1177.9690503608451
2023-04-03,1173.1907000132046
2023-04-04,1172.6291740141883
2023-04-05,1156.602239634952
2023-04-06,1172.2307874055325
2023-04-10,1163.885667581038
2023-04-11,1152.0029730801257
2023-04-12,1141.3827947229888
2023-04-13,1173.2424286830114
2023-04-14,1171.413989797414
2023-04-17,1171.098584593019
2023-04-18,1170.615733744352
2023-04-19,1172.897248956667
2023-04-20,1158.0379631503436
2023-04-21,1160.3201499150643
2023-04-24,1156.3361684395995
2023-04-25,1135.7438545434654
2023-04-26,1153.1219604669427
2023-04-27,1197.2490623645165
2023-04-28,1200.1538347257147
2023-05-01,1195.5125207573979
2023-05-02,1189.305024696729
2023-05-03,1184.5853589155608
2023-05-04,1180.5265832508062
2023-05-05,1211.0557964312911
2023-05-08,1214.4937529205038
2023-05-09,1207.9930141954248
2023-05-10,1226.898068454056
2023-05-11,1237.3118807255905
2023-05-12,1229.7799986317464
2023-05-15,1230.9940070801467
2023-05-16,1240.1656998468545
2023-05-17,1255.2819144431908
2023-05-18,1276.9041422315731
2023-05-19,1274.4246867192244
2023-05-22,1280.6477292829418
2023-05-23,1263.0567619051947
2023-05-24,1260.8956698089683
2023-05-25,1295.2215576577876
2023-05-26,1326.2516835220297
2023-05-30,1336.1915196480506
2023-05-31,1327.9686544670553
2023-06-01,1350.6599728467465
2023-06-02,1360.814364285327
2023-06-05,1363.7792000142192
2023-06-06,1364.5685808531491
2023-06-07,1334.6343263721292
2023-06-08,1354.5244243679238
2023-06-09,1361.3450695243193
2023-06-12,1383.7936134256822
2023-06-13,1393.3009531013126
2023-06-14,1401.3725027777768
2023-06-15,1419.8786757060968
2023-06-16,1410.4131919576148
2023-06-20,1410.4131919576148
2023-06-21,1388.085645005927
2023-06-22,1413.4552486267783
2023-06-23,1400.3457389257887
2023-06-26,1368.2956855795426
2023-06-27,1393.5933320376016
2023-06-28,1399.340239841389
2023-06-29,1395.8029093162768
2023-06-30,1421.110498369714
2023-07-03,1425.8721501892314
2023-07-05,1430.4165394892334
2023-07-06,1423.6202354347088
2023-07-07,1417.3970258829286
2023-07-10,1401.3880175717916
2023-07-11,1406.537903159694
2023-07-12,1427.811086169881
2023-07-13,1456.6902333238859
2023-07-14,1459.8949177301884
2023-07-17,1472.1473206281612
2023-07-18,1484.961850453568
2023-07-19,1484.4482510575833
2023-07-20,1439.5791602235292
2023-07-21,1429.525048704583
2023-07-24,1437.7335296373687
2023-07-25,1448.598648085047
2023-07-26,1446.4338829031035
2023-07-27,1438.7180605570475
2023-07-28,1472.8175758946697
2023-07-31,1471.1688051304286
2023-08-01,1464.4145956000323
2023-08-02,1429.1873996728302
2023-08-03,1429.098139508309
2023-08-04,1422.9289604778169
2023-08-07,1431.68874422289
2023-08-08,1421.2129917601148
2023-08-09,1396.3520976663044
2023-08-10,1398.426600812059
2023-08-11,1388.998134842034
2023-08-14,1408.1867382887785
2023-08-15,1390.8466654691501
2023-08-16,1374.9085665416264
2023-08-17,1359.7815314951604
2023-08-18,1353.0822485932506
2023-08-21,1384.4604651286793
2023-08-22,1384.1270212591414
2023-08-23,1411.0843034091874
2023-08-24,1380.290604084707
2023-08-25,1390.734760359136
2023-08-28,1400.1062972415318
2023-08-29,1437.3772985189014
2023-08-30,1446.4254764173097
2023-08-31,1452.3442009573093
2023-09-01,1443.0615933480924
2023-09-05,1453.5497223089603
2023-09-06,1430.3033072036635
2023-09-07,1419.7482569819451
2023-09-08,1423.2334713753355
2023-09-11,1451.765527658193
2023-09-12,1429.2267039975154
2023-09-13,1441.3820535150378
2023-09-14,1454.7928444379634
2023-09-15,1429.1914936890987
2023-09-18,1430.0414955544343
2023-09-19,1428.5046843934251
2023-09-20,1398.2173938955973
2023-09-21,1371.6745753344787
2023-09-22,1368.6237890795544
2023-09-25,1378.7881379015705
2023-09-26,1351.7100118133449
2023-09-27,1350.439041372526
2023-09-28,1361.84489599362
2023-09-29,1365.826658143429
2023-10-02,1389.5566980579154
2023-10-03,1361.7825676397188
2023-10-04,1387.4733209770882
2023-10-05,1386.7376885857789
2023-10-06,1412.2697165786167
2023-10-09,1418.901739916016
2023-10-10,1423.4578476520091
2023-10-11,1440.6726550781214
2023-10-12,1437.3193526664177
2023-10-13,1413.3446232602541
2023-10-16,1430.2196883179138
2023-10-17,1421.1888844017853
2023-10-18,1397.5390877960212
2023-10-19,1382.2710419998702
2023-10-20,1357.778671285747
2023-10-23,1369.8777803770129
2023-10-24,1382.724307912074
2023-10-25,1345.7119331690565
2023-10-26,1307.747803288978
2023-10-27,1326.9772076911001
2023-10-30,1345.9197990005875
2023-10-31,1348.1159021094147
2023-11-01,1380.2121645900952
2023-11-02,1402.5808222635724
2023-11-03,1414.1785014547395
2023-11-06,1426.717897238936
2023-11-07,1444.115216730688
2023-11-08,1451.297520564425
2023-11-09,1438.4812524422114
2023-11-10,1472.1790470123506
2023-11-13,1470.2846564733238
2023-11-14,1498.8023376346414
2023-11-15,1496.9182777000644
2023-11-16,1504.1699579028632
2023-11-17,1500.7716212982953
2023-11-20,1519.0552110102299
2023-11-21,1512.2888350423539
2023-11-22,1517.8000215191405
2023-11-24,1510.2514500616464
2023-11-27,1510.1308925689318
2023-11-28,1520.851605253934
2023-11-29,1507.9703659296513
2023-11-30,1497.3537826365325
2023-12-01,1495.2296896471778
2023-12-04,1474.1503578922254
2023-12-05,1491.9539990224932
2023-12-06,1479.1823896734604
2023-12-07,1506.041543551716
2023-12-08,1515.4653998164904
2023-12-11,1502.5414225388477
2023-12-12,1515.7275085900699
2023-12-13,1528.115605299313
2023-12-14,1525.049015681858
2023-12-15,1536.5338106743611
2023-12-18,1552.4496660607094
2023-12-19,1558.288970437923
2023-12-20,1541.1796711806278
2023-12-21,1557.3118406645522
2023-12-22,1555.552146109076
2023-12-26,1558.4343763274223
2023-12-27,1559.0844469137808
2023-12-28,1556.0245544325219
2023-12-29,1548.5940290105043
2024-01-02,1519.6802296842216
2024-01-03,1507.7294392492374
2024-01-04,1490.8003736775615
2024-01-05,1491.7858885052015
2024-01-08,1530.0599869968858
2024-01-09,1536.5830465978363
2024-01-10,1554.2407011093203
2024-01-11,1553.8106304113896
2024-01-12,1552.804026495684
2024-01-16,1552.6584985189222
2024-01-17,1541.9859812049826
2024-01-18,1565.784269547291
2024-01-19,1591.6879135945671
2024-01-22,1591.3404700378728
2024-01-23,1600.9026179297603
2024-01-24,1610.7783495653807
2024-01-25,1604.4350112004665
2024-01-26,1601.1362125641692
2024-01-29,1619.6300113253599
2024-01-30,1605.196814582911
2024-01-31,1554.2678125074485
2024-02-01,1578.649337131319
2024-02-02,1613.0796562710057
2024-02-05,1616.4552244043143
2024-02-06,1618.0982380081307
2024-02-07,1638.0508006145328
2024-02-08,1635.5602965899645
2024-02-09,1665.113547186211
2024-02-12,1647.465547914635
2024-02-13,1621.5572541778918
2024-02-14,1635.7789077095365
2024-02-15,1628.5688935659186
2024-02-16,1618.0018747726565
2024-02-20,1599.5341616515595
2024-02-21,1600.6364671862016
2024-02-22,1659.1755033313877
2024-02-23,1651.9243471239586
2024-02-26,1639.6279268690494
2024-02-27,1642.3353930309565
2024-02-28,1633.220590181508
2024-02-29,1651.1127890633848
2024-03-01,1659.6155168426626
2024-03-04,1640.8852908311364
2024-03-05,1609.8738725942478
2024-03-06,1609.2105087090954
2024-03-07,1638.6336408501245
2024-03-08,1622.3229865502074
2024-03-11,1620.7298621310497
2024-03-12,1656.0656115642769
2024-03-13,1647.548418839179
2024-03-14,1658.0019673411794
2024-03-15,1638.76268711974
2024-03-18,1661.9461908875032
2024-03-19,1673.169244963704
2024-03-20,1694.631592774672
2024-03-21,1681.176622379622
2024-03-22,1695.64165803146
2024-03-25,1690.1216677990822
2024-03-26,1681.9050848350091
2024-03-27,1687.2366083945567
2024-03-28,1680.8394343609527
2024-04-01,1688.9232841762755
2024-04-02,1672.7394691951322
2024-04-03,1676.5310046438758
2024-04-04,1654.648877463203
2024-04-05,1675.5602162603072
2024-04-08,1679.24739336237
2024-04-09,1685.0526874550899
2024-04-10,1678.6529900589717
2024-04-11,1721.7118643819979
2024-04-12,1703.1266840452631
2024-04-15,1665.0189210626463
2024-04-16,1658.2415189944777
2024-04-17,1640.3106613890313
2024-04-18,1626.8869607011786
2024-04-19,1581.373320279395
2024-04-22,1598.315766979461
2024-04-23,1623.8016932470016
2024-04-24,1632.2811766569805
2024-04-25,1629.814309464654
2024-04-26,1683.2691378495535
2024-04-29,1699.6621323910306
2024-04-30,1654.78862275109
2024-05-01,1652.8070489453974
2024-05-02,1684.6654321365365
2024-05-03,1729.30919090694
2024-05-06,1749.1317210620496
2024-05-07,1742.4367736592476
2024-05-08,1737.6545411336601
2024-05-09,1739.6358384976731
2024-05-10,1734.3482099597768
2024-05-13,1744.410702202289
2024-05-14,1759.119601743037
2024-05-15,1779.5323646905392
2024-05-16,1777.0940310307562
2024-05-17,1777.3901108266557
2024-05-20,1789.9796807159385
2024-05-21,1807.7443099385348
2024-05-22,1797.413320607839
2024-05-23,1798.3201100308966
2024-05-24,1821.976088811733
2024-05-28,1846.4000637825286
2024-05-29,1847.161421495333
2024-05-30,1814.8723441018287
2024-05-31,1811.2393758427365
2024-06-03,1831.588113877167
2024-06-04,1840.3097804000183
2024-06-05,1874.5680325742906
2024-06-06,1876.9936992493117
2024-06-07,1876.4093889453807
2024-06-10,1876.3607699517624
2024-06-11,1911.2392516319624
2024-06-12,1951.675417995383
2024-06-13,1962.6711677530443
2024-06-14,1965.4784307747184
2024-06-17,1986.0089102092509
2024-06-18,1984.687965138294
2024-06-20,1963.7430264829761
2024-06-21,1960.3810245780553
2024-06-24,1930.330197977862
2024-06-25,1970.956126457877
2024-06-26,1992.4379516420036
2024-06-27,1998.638195062221
2024-06-28,1966.9493817542195
2024-07-01,1998.6597784342823
2024-07-02,2013.2840576263225
2024-07-03,2031.3377424552668
2024-07-05,2063.4209948636894
2024-07-08,2064.7353568914937
2024-07-09,2069.592360661208
2024-07-10,2101.180462778299
2024-07-11,2034.0352851776158
2024-07-12,2037.931889635846
2024-07-15,2043.5978775605647
2024-07-16,2028.3057471574098
2024-07-17,1964.2343916892942
2024-07-18,1953.9218845592256
2024-07-19,1941.978797760858
2024-07-22,1971.9955955097644
2024-07-23,1979.508260147381
2024-07-24,1894.4081060303702
2024-07-25,1863.745817591773
2024-07-26,1881.3204726456122
2024-07-29,1884.2730250116938
2024-07-30,1858.4592465928258
2024-07-31,1911.2296138124834
2024-08-01,1884.7199079613692
2024-08-02,1841.8766019988448
2024-08-05,1761.5315228443474
2024-08-06,1779.551201762841
2024-08-07,1769.0587455356351
2024-08-08,1814.4208485230167
2024-08-09,1830.545569473255
2024-08-12,1842.5215202274278
2024-08-13,1889.5744999510134
2024-08-14,1891.46367089242
2024-08-15,1930.9384885535724
2024-08-16,1933.9673399947176
2024-08-19,1959.6831145528654
2024-08-20,1957.3494355160258
2024-08-21,1962.769434269868
2024-08-22,1927.4697862426863
2024-08-23,1951.6687552370336
2024-08-26,1937.2747393234285
2024-08-27,1937.9460110041605
2024-08-28,1917.1473554450647
2024-08-29,1905.1748254027548
2024-08-30,1924.830945626201
2024-09-03,1856.2133502018496
2024-09-04,1841.7701559620305
2024-09-05,1856.3698823320174
2024-09-06,1808.9037188345758
2024-09-09,1826.2874863590584
2024-09-10,1843.1804102046015
2024-09-11,1894.4688856196353
2024-09-12,1919.033301039652
2024-09-13,1925.2417370625212
2024-09-16,1908.8128379459652
2024-09-17,1916.175145418581
2024-09-18,1915.0175988428148
2024-09-19,1969.0489849348933
2024-09-20,1964.7939852538273
2024-09-23,1961.8109745748318
2024-09-24,1973.378793371154
2024-09-25,1981.6349611697524
2024-09-26,1983.8384914088317
2024-09-27,1971.6322516529342
2024-09-30,1985.7240877060115
2024-10-01,1950.694578558427
2024-10-02,1947.8851624675979
2024-10-03,1950.5607305866406
2024-10-04,1977.3022625428312
2024-10-07,1947.2693124556604
2024-10-08,1984.8416364038258
2024-10-09,1995.8003707305418
2024-10-10,1995.2806139980044
2024-10-11,1983.198675829977
2024-10-14,2002.1126424825193
2024-10-15,1986.9484537699886
2024-10-16,1987.4621538483864
2024-10-17,1992.4407477923287
2024-10-18,2002.2025422534205
2024-10-21,2017.6764189514565
2024-10-22,2026.7106019568116
2024-10-23,1985.6380122709334
2024-10-24,2014.2555952491296
2024-10-25,2033.3742212706231
2024-10-28,2032.8535378840706
2024-10-29,2053.7149284545503
2024-10-30,2047.34130049025
2024-10-31,1976.1965538400575
2024-11-01,1991.2102190739383
2024-11-04,1979.8820152617823
2024-11-05,2011.3749903002122
2024-11-06,2072.654893975457
2024-11-07,2116.7327307706723
2024-11-08,2121.415163514019
2024-11-11,2118.276660557982
2024-11-12,2119.138937529675
2024-11-13,2117.2127470380665
2024-11-14,2103.1163088641933
2024-11-15,2055.8977972565467
2024-11-18,2072.6208527140193
2024-11-19,2101.4086865265053
2024-11-20,2091.635908096488
2024-11-21,2076.496575978924
2024-11-22,2073.6709622641783
2024-11-25,2073.4153658865166
2024-11-26,2099.308102813648
2024-11-27,2080.3855433742538
2024-11-29,2103.3179144020996
2024-12-02,2136.38998404958
2024-12-03,2155.101170489898
2024-12-04,2185.588392993774
2024-12-05,2192.5930659133624
2024-12-06,2220.064105569518
2024-12-09,2217.9063791932585
2024-12-10,2222.360972788642
2024-12-11,2276.6373797575875
2024-12-12,2263.9855762717425
2024-12-13,2295.1493944783306
2024-12-16,2349.810545540848
2024-12-17,2346.255855607351
2024-12-18,2257.3436452743404
2024-12-19,2258.6656033371496
2024-12-20,2272.971786269028
2024-12-23,2306.049940010148
2024-12-24,2349.692714394124
2024-12-26,2345.2643229908667
2024-12-27,2301.0075024325756
2024-12-30,2270.415872424117
2024-12-31,2239.0324342073945
2025-01-02,2225.2317341441085
2025-01-03,2270.747751890216
2025-01-06,2311.43212409042
2025-01-07,2251.8173085754643
2025-01-08,2251.0643019638455
2025-01-10,2216.7141991622057
2025-01-13,2205.9353026647277
2025-01-14,2187.550806020951
2025-01-15,2258.0802196329873
2025-01-16,2216.6928698461875
2025-01-17,2257.886168795998
2025-01-21,2261.3088845287593
2025-01-22,2295.0608240865736
2025-01-23,2297.4166052454643
2025-01-24,2289.070248841179
2025-01-27,2189.9950182001294
2025-01-28,2257.9791984846092
2025-01-29,2237.238404280689
2025-01-30,2236.995579279532
2025-01-31,2238.6299199465616
2025-02-03,2195.5673108789265
2025-02-04,2233.5793134990067
2025-02-05,2221.738645793505
2025-02-06,2236.912817512434
2025-02-07,2193.1753313818576
2025-02-10,2212.9475535958272
2025-02-11,2205.689476710857
2025-02-12,2208.88315178398
2025-02-13,2245.5447928903905
2025-02-14,2255.159627350401
2025-02-18,2241.925904632747
2025-02-19,2248.108828521123
2025-02-20,2239.982026618858
2025-02-21,2185.9720899959893
2025-02-24,2152.790152595506
2025-02-25,2110.0544341523996
2025-02-26,2114.8688708830236
2025-02-27,2042.1998599963429
2025-02-28,2083.040991046074
2025-03-03,2011.6397002016686
2025-03-04,2004.263912576405
2025-03-05,2037.6948321875745
2025-03-06,1979.871748549976
2025-03-07,2001.3016967897609
2025-03-10,1898.3033216958554
2025-03-11,1902.1269024558437
2025-03-12,1938.4184579016598
2025-03-13,1893.3718204625281
2025-03-14,1945.3438012049085
2025-03-17,1928.6466952688218
2025-03-18,1884.5516940413318
2025-03-19,1917.7871154878476
2025-03-20,1911.7024895624259
2025-03-21,1935.5627951537274
2025-03-24,1987.4630040925174
2025-03-25,2000.6334431933824
2025-03-26,1940.243403886522
2025-03-27,1924.0521767482046
2025-03-28,1865.7401493987757
2025-03-31,1860.85714040952
2025-04-01,1886.156425578319
2025-04-02,1900.3807321823244
2025-04-03,1763.15642074672
2025-04-04,1663.4074444401197
2025-04-07,1675.549926892259
2025-04-08,1642.0846364905665
2025-04-09,1884.1486417672172
2025-04-10,1790.5638054519989
2025-04-11,1838.2340507813053
2025-04-14,1836.074844716931
2025-04-15,1830.305874423904
2025-04-16,1757.778025720896
2025-04-17,1742.0788553658151
2025-04-21,1689.577709435015
2025-04-22,1736.3902699737464
2025-04-23,1793.7134371955988
2025-04-24,1852.5794704394275
2025-04-25,1895.2804374406237
2025-04-28,1888.2586871187002
2025-04-29,1894.9747624127922
2025-04-30,1889.8021423172484
2025-05-01,1945.3366472245777
2025-05-02,1969.282704266676
2025-05-05,1948.3536121121965
2025-05-06,1935.539331567846
2025-05-07,1940.623820628106
2025-05-08,1961.2329169068564
2025-05-09,1964.2422993022467
2025-05-12,2072.8844043152903
2025-05-13,2124.4240926716516
2025-05-14,2153.3928412300393
2025-05-15,2137.655455806191
2025-05-16,2139.393392027964
2025-05-19,2139.8957040106034
2025-05-20,2127.435598723084
2025-05-21,2103.6175041359775
2025-05-22,2114.630910183923
2025-05-23,2083.6551576263128
2025-05-27,2143.993720654334
2025-05-28,2140.4053711897895
2025-05-29,2156.6846076211004
2025-05-30,2144.8941490900447
2025-06-02,2166.63730666833
2025-06-03,2184.394049849378
2025-06-04,2197.911106537694
2025-06-05,2174.7182839503685
2025-06-06,2194.817520898552
2025-06-09,2200.9968366512944
2025-06-10,2218.2558000871977
2025-06-11,2208.4978462245335
2025-06-12,2218.7897179817774
2025-06-13,2189.9558175030347
2025-06-16,2222.891541404382
2025-06-17,2204.0034539944477
2025-06-18,2208.7064563883446
2025-06-20,2193.9729328683275
2025-06-23,2217.5364852993002
2025-06-24,2248.829846748144
2025-06-25,2269.8851449580516
2025-06-26,2295.1437947641953
2025-06-27,2313.480230665386
2025-06-30,2323.793284195591
2025-07-01,2285.7442974382147
2025-07-02,2316.4787956565156
2025-07-03,2343.0503654317654
2025-07-07,2320.3538776481305
2025-07-08,2317.390220383266
2025-07-09,2349.621519993547
2025-07-10,2354.759545668986
2025-07-11,2358.760110011766
2025-07-14,2357.6873263006705
2025-07-15,2381.2737507592924
2025-07-16,2384.030290712363
2025-07-17,2400.299444039023
2025-07-18,2405.0607285447577
2025-07-21,2421.5695020305293
2025-07-22,2396.9690004157405
2025-07-23,2415.667494568274
2025-07-24,2427.056145486937
2025-07-25,2434.8415756113613
2025-07-28,2453.5866708862736
2025-07-29,2442.0893466547946
2025-07-30,2451.5939497375693
2025-07-31,2476.210703793454
2025-08-01,2409.938287257407
2025-08-04,2464.0870529193285
2025-08-05,2443.078069719428
2025-08-06,2489.749404629761
2025-08-07,2502.782233218787
2025-08-08,2537.8860727470046
2025-08-11,2531.8280448443634
2025-08-12,2568.131788496675
2025-08-13,2556.278821282272
2025-08-14,2566.5121081841085
2025-08-15,2552.9495735267965
2025-08-18,2547.608565697725
2025-08-19,2498.437583505373
2025-08-20,2471.718040256899
2025-08-21,2459.470707973053
2025-08-22,2507.3929357578663
2025-08-25,2512.6477522957425
2025-08-26,2525.699631576078
2025-08-27,2531.382073716536
2025-08-28,2549.962252841636
2025-08-29,2507.723292375599
2025-09-02,2485.7644131130296
2025-09-03,2530.029425062618
2025-09-04,2558.4911459715736
2025-09-05,2573.3106093193323
2025-09-08,2588.3878408633755
2025-09-09,2591.954682551502
2025-09-10,2620.8506533332616
2025-09-11,2625.4094925067684
2025-09-12,2654.7841360973566
2025-09-15,2692.7044716929267
2025-09-16,2690.1106332839295
2025-09-17,2661.912657516856
2025-09-18,2673.037424991769
2025-09-19,2702.4389630826277
2025-09-22,2722.3373799416017
2025-09-23,2688.370140487717
2025-09-24,2676.396780556655
2025-09-25,2672.981649433505
2025-09-26,2674.6017840765594
2025-09-29,2676.945884400072
2025-09-30,2688.945259821341
2025-10-01,2692.5855946744878
2025-10-02,2707.9522459291584
2025-10-03,2697.8681818319938
2025-10-06,2705.4691855272335
2025-10-07,2698.161792582261
2025-10-08,2729.876526573209
2025-10-09,2735.914976328171
2025-10-10,2631.589123047292
2025-10-13,2707.108566293734
2025-10-14,2663.1703835831117
2025-10-15,2681.376099061807
2025-10-16,2681.087512656932
2025-10-17,2693.7260813918815
2025-10-20,2728.4418002380635
2025-10-21,2717.2383351479907
2025-10-22,2692.4704252122524
2025-10-23,2709.1517759050457
2025-10-24,2751.694849643216
2025-10-27,2811.486593290111
2025-10-28,2862.7833604411785
2025-10-29,2905.3279774169664
2025-10-30,2841.3922090593087
2025-10-31,2841.258167594481
2025-11-03,2848.4853866004823
2025-11-04,2797.0774232820827
2025-11-05,2801.6310480320667
2025-11-06,2754.807253133508
2025-11-07,2742.687486155134
2025-11-10,2815.236136364694
2025-11-11,2804.8867550687633
2025-11-12,2794.908359212653
2025-11-13,2735.1889747357027
2025-11-14,2743.2971925503966
2025-11-17,2725.3316427073987
2025-11-18,2687.574421505429
2025-11-19,2715.37698053242
2025-11-20,2664.643013959431
2025-11-21,2669.586384475789
2025-11-24,2768.140092039861
2025-11-25,2782.766065306597
2025-11-26,2809.459472522784
2025-11-28,2825.847714227764
2025-12-01,2811.329375030416
2025-12-02,2823.1813991096587
2025-12-03,2795.7194031683275
2025-12-04,2807.5866221100014
2025-12-05,2820.3291635638643
2025-12-08,2830.546912913585
2025-12-09,2834.481071680806
2025-12-10,2828.9879524037397
2025-12-11,2809.8258495598257
2025-12-12,2726.1789552057476
2025-12-15,2691.7535407647188
2025-12-16,2703.235075887631
2025-12-17,2646.9715093699315
2025-12-18,2684.7663469002364
2025-12-19,2724.0834042654496
2025-12-22,2731.2430386622905
2025-12-23,2770.2461428755933
2025-12-24,2773.335678744263
2025-12-26,2775.9622360593416
2025-12-29,2758.8108308242167
2025-12-30,2755.090267314241
2025-12-31,2736.918232912656
2026-01-02,2728.134620842759
2026-01-05,2727.4271367904225
2026-01-06,2718.7665953903156
2026-01-07,2734.191738840755
2026-01-08,2711.3969023926343
2026-01-09,2736.614386268408
2026-01-12,2750.4497528623683
2026-01-13,2751.883348461064
2026-01-14,2703.7883964351904
2026-01-15,2711.4817974365533
2026-01-16,2714.860169873025
2026-01-20,2619.5025233162805
2026-01-21,2635.8407434427195
2026-01-22,2656.77752298642
2026-01-23,2673.103029160861
2026-01-26,2693.434784733141
2026-01-27,2730.6027194076364
2026-01-28,2738.0311697276247
2026-01-29,2693.7190802209243
2026-01-30,2692.2557275003983
2026-02-02,2696.3425732271844
2026-02-03,2645.5033819449627
2026-02-04,2606.8702905140394
2026-02-05,2567.2028929144612
2026-02-06,2630.423403232794
2026-02-09,2665.4928811423956
2026-02-10,2648.788971811825
2026-02-11,2640.990867238602
2026-02-12,2577.5359361872056
2026-02-13,2541.0464398474996
2026-02-17,2563.6884839809163
2026-02-18,2582.876377429938
2026-02-19,2574.812034248313
2026-02-20,2604.9373884583447
2026-02-23,2585.269215950623
2026-02-24,2604.671070539861
2026-02-25,2643.577474187911
2026-02-26,2583.2141669326415
2026-02-27,2537.3437738306825
2026-03-02,2551.329695797011
2026-03-03,2533.342720848205
2026-03-04,2558.9998808929126
2026-03-05,2578.8601379295574
2026-03-06,2540.0345762187167
2026-03-09,2589.3201163758017
2026-03-10,2592.3574280744187
2026-03-11,2597.6437871740986
2026-03-12,2555.2024282509665
2026-03-13,2507.5896691351995
2026-03-16,2538.746418965108
2026-03-17,2543.623044548719
2026-03-18,2505.539230651974
2026-03-19,2493.8341598861834
2026-03-20,2439.8767985058616
2026-03-23,2482.1094546119866
2026-03-24,2449.2055454352408
2026-03-25,2465.3407385743326
2026-03-26,2411.138238832509
2026-03-27,2352.627288421853
2026-03-30,2335.7051969951344
2026-03-31,2434.551654100626
2026-04-01,2467.512784030192
2026-04-02,2462.4021020808027
2026-04-06,2475.7711069221864
2026-04-07,2488.434428034792
2026-04-08,2552.2898542331054
2026-04-09,2581.416278630463
2026-04-10,2609.116442589081
2026-04-13,2634.592948417961
2026-04-14,2692.398744178927
2026-04-15,2762.502618699823
2026-04-16,2759.965285574644
2026-04-17,2809.2602832787998
2026-04-20,2793.3430644580026
2026-04-21,2769.495820022087
2026-04-22,2835.2034763150923
2026-04-23,2807.5829335424387
2026-04-24,2848.983153165256
2026-04-27,2861.5571115963594
2026-04-28,2845.396164567329
2026-04-29,2840.130690878632
2026-04-30,2889.0402745613815
2026-05-01,2926.59158419144
2026-05-04,2914.2955206306538
2026-05-05,2944.4874894265736
2026-05-06,2999.3242779551965
2026-05-07,3002.275741269174
2026-05-08,3048.3743910654266
2026-05-11,3036.161670024528
2026-05-12,3019.1111096543127
2026-05-13,3072.4978188835985
2026-05-14,3105.6407892453185
2026-05-15,3065.505333889489
2026-05-18,3046.031744045785
2026-05-19,3007.634002927502
2026-05-20,3044.167864638999
2026-05-21,3040.995666805313
2026-05-22,3034.9531089017787
2026-05-26,3050.034433400315
2026-05-27,3060.4343764005475
2026-05-28,3088.1418022323583
2026-05-29,3091.248337629588
2026-06-01,3094.1206217585036
2026-06-02,3089.597267491887
2026-06-03,3036.5167206734013
2026-06-04,3020.9844677516207
2026-06-05,2918.718614894813
2026-06-08,2916.7051835093666
2026-06-09,2873.8959959315694
2026-06-10,2809.6337374259306
2026-06-11,2851.4723580752834
2026-06-12,2841.5844023903483
2026-06-15,2913.2238679916077
2026-06-16,2894.582828620021
2026-06-17,2853.265195179421
2026-06-18,2905.160176009347
2026-06-22,2828.9991428493777
2026-06-23,2784.8483459419353
2026-06-24,2770.7504501003414
2026-06-25,2696.096114263527
2026-06-26,2710.9145648706117
2026-06-29,2767.591206716354
2026-06-30,2810.91048751577
2026-07-01,2833.035840033134
2026-07-02,2841.7167250246653
2026-07-06,2889.6659985171805
2026-07-07,2879.763361321102
2026-07-08,2895.657947577374
2026-07-09,2916.8096566483764
2026-07-10,2926.289290138728
